label,recovery_rate,extraction_cost,dynamic_rewire_rate,initial_price_expectation_mean,initial_conservation_norm_mean,coordination_mixer,coordination_peer_rule,alpha,coordination_threshold,seed,epochs,run_dir,domain_final_resource_fraction,domain_final_resource_level,domain_final_market_price,domain_final_market_imbalance,domain_final_mean_harvest_intensity,domain_final_mean_price_expectation,domain_final_mean_conservation_norm,domain_final_mean_payoff,domain_cumulative_rewired_edge_count,final_fragmentation_components
toy10_market_sensitivity_seeds01_05,0.02,0.25,0.0,0.5,0.2,output_average,output_similarity,0.0,0.0,1,25,experiments/runs/20260511_190358_999121_toy10_market_sensitivity_seeds01_05_r0p02_c0p25_rw0_p0p5_n0p2_output_average_output_similarity_a0_t0_seed01,0.31138089715965156,31.138089715965155,0.6937135402597758,0.3111580522836874,0.352538056471728,0.667261605986186,0.6300208100712064,-6.1781149793936e-05,0,1
toy10_market_sensitivity_seeds01_05,0.02,0.25,0.0,0.5,0.2,output_average,output_similarity,0.0,0.0,2,25,experiments/runs/20260511_190359_098026_toy10_market_sensitivity_seeds01_05_r0p02_c0p25_rw0_p0p5_n0p2_output_average_output_similarity_a0_t0_seed02,0.30943966823013386,30.943966823013383,0.6920456389234418,0.3045822961625602,0.35901796336864705,0.6668354547555925,0.6316304234049572,-0.0013050294100438594,0,1
toy10_market_sensitivity_seeds01_05,0.02,0.25,0.0,0.5,0.2,output_average,output_similarity,0.0,0.0,3,25,experiments/runs/20260511_190359_190956_toy10_market_sensitivity_seeds01_05_r0p02_c0p25_rw0_p0p5_n0p2_output_average_output_similarity_a0_t0_seed03,0.3113304001828968,31.133040018289684,0.6919233049163812,0.3039346611607591,0.3598238973440066,0.6669434316635844,0.6296801446389891,-0.0007579810869398694,0,1
toy10_market_sensitivity_seeds01_05,0.02,0.25,0.0,0.5,0.2,output_average,output_similarity,0.0,0.0,4,25,experiments/runs/20260511_190359_285550_toy10_market_sensitivity_seeds01_05_r0p02_c0p25_rw0_p0p5_n0p2_output_average_output_similarity_a0_t0_seed04,0.31089865004967054,31.089865004967052,0.6929442154472689,0.30856051973294607,0.3546558223231835,0.6667054852430085,0.6301222877164835,-0.00045116435317711515,0,1
toy10_market_sensitivity_seeds01_05,0.02,0.25,0.0,0.5,0.2,output_average,output_similarity,0.0,0.0,5,25,experiments/runs/20260511_190359_379931_toy10_market_sensitivity_seeds01_05_r0p02_c0p25_rw0_p0p5_n0p2_output_average_output_similarity_a0_t0_seed05,0.31241529726302575,31.241529726302574,0.6909796418237476,0.3014522870627479,0.3610139931694944,0.66571097353628,0.6280797405150067,-0.000636804465706188,0,1
toy10_market_sensitivity_seeds01_05,0.02,0.25,0.0,0.5,0.2,output_average,output_similarity,0.25,0.0,1,25,experiments/runs/20260511_190359_474390_toy10_market_sensitivity_seeds01_05_r0p02_c0p25_rw0_p0p5_n0p2_output_average_output_similarity_a0p25_t0_seed01,0.3113708159478331,31.13708159478331,0.6937280890221131,0.31119050845645474,0.35253133917554286,0.6672831568197217,0.6300588912780131,-6.321373341270288e-05,0,1
toy10_market_sensitivity_seeds01_05,0.02,0.25,0.0,0.5,0.2,output_average,output_similarity,0.25,0.0,2,25,experiments/runs/20260511_190359_607354_toy10_market_sensitivity_seeds01_05_r0p02_c0p25_rw0_p0p5_n0p2_output_average_output_similarity_a0p25_t0_seed02,0.30953209009348276,30.953209009348274,0.6920113457696612,0.3045062482961492,0.35903288648634607,0.6667779723864868,0.6315364748082521,-0.0012800221232640496,0,1
toy10_market_sensitivity_seeds01_05,0.02,0.25,0.0,0.5,0.2,output_average,output_similarity,0.25,0.0,3,25,experiments/runs/20260511_190359_738475_toy10_market_sensitivity_seeds01_05_r0p02_c0p25_rw0_p0p5_n0p2_output_average_output_similarity_a0p25_t0_seed03,0.31129884515155753,31.12988451515575,0.6919321166726908,0.30397039243099944,0.3597876818287642,0.6669424777009509,0.6297474554840078,-0.0007647698526099528,0,1
toy10_market_sensitivity_seeds01_05,0.02,0.25,0.0,0.5,0.2,output_average,output_similarity,0.25,0.0,4,25,experiments/runs/20260511_190359_868863_toy10_market_sensitivity_seeds01_05_r0p02_c0p25_rw0_p0p5_n0p2_output_average_output_similarity_a0p25_t0_seed04,0.31083376663631135,31.083376663631135,0.6929572395936292,0.3086126704426722,0.3546036174891725,0.6667067668706875,0.6302212683259178,-0.0004670234605315212,0,1
toy10_market_sensitivity_seeds01_05,0.02,0.25,0.0,0.5,0.2,output_average,output_similarity,0.25,0.0,5,25,experiments/runs/20260511_190359_998885_toy10_market_sensitivity_seeds01_05_r0p02_c0p25_rw0_p0p5_n0p2_output_average_output_similarity_a0p25_t0_seed05,0.3125476644844106,31.254766448441064,0.6909393390206156,0.30135229749140086,0.3610527610996606,0.6656519803156385,0.6279390322471553,-0.0006003250754451336,0,1
toy10_market_sensitivity_seeds01_05,0.02,0.25,0.0,0.5,0.5,output_average,output_similarity,0.0,0.0,1,25,experiments/runs/20260511_190400_138227_toy10_market_sensitivity_seeds01_05_r0p02_c0p25_rw0_p0p5_n0p5_output_average_output_similarity_a0_t0_seed01,0.3242488492257016,32.42488492257016,0.6919848485938112,0.3038548115491833,0.3602297712768779,0.6671356674177056,0.6155190305788881,0.0034409822537596574,0,1
toy10_market_sensitivity_seeds01_05,0.02,0.25,0.0,0.5,0.5,output_average,output_similarity,0.0,0.0,2,25,experiments/runs/20260511_190400_230988_toy10_market_sensitivity_seeds01_05_r0p02_c0p25_rw0_p0p5_n0p5_output_average_output_similarity_a0_t0_seed02,0.32237759834122026,32.23775983412202,0.6903014705039628,0.29722667918492424,0.3667525236460029,0.6666991084316348,0.6170342035554155,0.002245039066772789,0,1
toy10_market_sensitivity_seeds01_05,0.02,0.25,0.0,0.5,0.5,output_average,output_similarity,0.0,0.0,3,25,experiments/runs/20260511_190400_328024_toy10_market_sensitivity_seeds01_05_r0p02_c0p25_rw0_p0p5_n0p5_output_average_output_similarity_a0_t0_seed03,0.3242264434710222,32.42264434710222,0.6901896358931622,0.2966061151883402,0.3675463131959685,0.6668230822505012,0.6151269924996489,0.002798118848792166,0,1
toy10_market_sensitivity_seeds01_05,0.02,0.25,0.0,0.5,0.5,output_average,output_similarity,0.0,0.0,4,25,experiments/runs/20260511_190400_431586_toy10_market_sensitivity_seeds01_05_r0p02_c0p25_rw0_p0p5_n0p5_output_average_output_similarity_a0_t0_seed04,0.3237616160950148,32.37616160950148,0.6912176630537396,0.3012564668226938,0.36235771856957066,0.6665881681065438,0.6156036631165911,0.0030583983693154367,0,1
toy10_market_sensitivity_seeds01_05,0.02,0.25,0.0,0.5,0.5,output_average,output_similarity,0.0,0.0,5,25,experiments/runs/20260511_190400_526123_toy10_market_sensitivity_seeds01_05_r0p02_c0p25_rw0_p0p5_n0p5_output_average_output_similarity_a0_t0_seed05,0.32516772625795537,32.51677262579554,0.6892877786340055,0.2942538861251523,0.3686433422857172,0.665632011012435,0.6137129522607092,0.002891705150536639,0,1
toy10_market_sensitivity_seeds01_05,0.02,0.25,0.0,0.5,0.5,output_average,output_similarity,0.25,0.0,1,25,experiments/runs/20260511_190400_620233_toy10_market_sensitivity_seeds01_05_r0p02_c0p25_rw0_p0p5_n0p5_output_average_output_similarity_a0p25_t0_seed01,0.32424464004558445,32.424464004558445,0.6919985446506902,0.30388089106181326,0.3602323964791343,0.6671596654506183,0.61554367122769,0.003440910353420378,0,1
toy10_market_sensitivity_seeds01_05,0.02,0.25,0.0,0.5,0.5,output_average,output_similarity,0.25,0.0,2,25,experiments/runs/20260511_190400_753134_toy10_market_sensitivity_seeds01_05_r0p02_c0p25_rw0_p0p5_n0p5_output_average_output_similarity_a0p25_t0_seed02,0.32246511869247224,32.24651186924722,0.6902691544453592,0.2971542185958721,0.3667681805896923,0.6666459718913231,0.6169423115882263,0.0022691382876671097,0,1
toy10_market_sensitivity_seeds01_05,0.02,0.25,0.0,0.5,0.5,output_average,output_similarity,0.25,0.0,3,25,experiments/runs/20260511_190400_884932_toy10_market_sensitivity_seeds01_05_r0p02_c0p25_rw0_p0p5_n0p5_output_average_output_similarity_a0p25_t0_seed03,0.32419831957667766,32.41983195766777,0.6901984477932653,0.2966375452467312,0.3675187006795991,0.6668259744238728,0.6151830754329997,0.002791466806012539,0,1
toy10_market_sensitivity_seeds01_05,0.02,0.25,0.0,0.5,0.5,output_average,output_similarity,0.25,0.0,4,25,experiments/runs/20260511_190401_014041_toy10_market_sensitivity_seeds01_05_r0p02_c0p25_rw0_p0p5_n0p5_output_average_output_similarity_a0p25_t0_seed04,0.32369724258765203,32.3697242587652,0.6912309566331608,0.301307419190081,0.3623089881524815,0.6665916034111669,0.6156986260085734,0.003041727615324277,0,1
toy10_market_sensitivity_seeds01_05,0.02,0.25,0.0,0.5,0.5,output_average,output_similarity,0.25,0.0,5,25,experiments/runs/20260511_190401_146994_toy10_market_sensitivity_seeds01_05_r0p02_c0p25_rw0_p0p5_n0p5_output_average_output_similarity_a0p25_t0_seed05,0.3252968617053474,32.52968617053474,0.689249071447626,0.29415581391973966,0.36868465795102456,0.6655773693003431,0.6135712569217368,0.0029279081754319813,0,1
toy10_market_sensitivity_seeds01_05,0.02,0.25,0.05,0.5,0.2,output_average,output_similarity,0.0,0.0,1,25,experiments/runs/20260511_190401_279344_toy10_market_sensitivity_seeds01_05_r0p02_c0p25_rw0p05_p0p5_n0p2_output_average_output_similarity_a0_t0_seed01,0.31067157638630594,31.067157638630594,0.6922750703680741,0.305504632946649,0.3580910155789988,0.6668883932420231,0.6304619119286506,-0.0008104462569980154,132,1
toy10_market_sensitivity_seeds01_05,0.02,0.25,0.05,0.5,0.2,output_average,output_similarity,0.0,0.0,2,25,experiments/runs/20260511_190401_381337_toy10_market_sensitivity_seeds01_05_r0p02_c0p25_rw0p05_p0p5_n0p2_output_average_output_similarity_a0_t0_seed02,0.3095848743066204,30.95848743066204,0.6920698976008725,0.3044655017061707,0.35934858699114824,0.6670154634884621,0.6315764160851683,-0.0013142836305493908,136,1
toy10_market_sensitivity_seeds01_05,0.02,0.25,0.05,0.5,0.2,output_average,output_similarity,0.0,0.0,3,25,experiments/runs/20260511_190401_482218_toy10_market_sensitivity_seeds01_05_r0p02_c0p25_rw0p05_p0p5_n0p2_output_average_output_similarity_a0_t0_seed03,0.3114118861533356,31.14118861533356,0.6919341112767223,0.3039369918186741,0.35986246146954065,0.6669776741630907,0.6295622085964974,-0.0007583405696455189,156,2
toy10_market_sensitivity_seeds01_05,0.02,0.25,0.05,0.5,0.2,output_average,output_similarity,0.0,0.0,4,25,experiments/runs/20260511_190401_584467_toy10_market_sensitivity_seeds01_05_r0p02_c0p25_rw0p05_p0p5_n0p2_output_average_output_similarity_a0_t0_seed04,0.31045055337973826,31.045055337973825,0.6923061950808147,0.3060442527055358,0.3571362749121876,0.6665475210460943,0.6305165671673078,-0.000846685433424311,126,1
toy10_market_sensitivity_seeds01_05,0.02,0.25,0.05,0.5,0.2,output_average,output_similarity,0.0,0.0,5,25,experiments/runs/20260511_190401_685066_toy10_market_sensitivity_seeds01_05_r0p02_c0p25_rw0p05_p0p5_n0p2_output_average_output_similarity_a0_t0_seed05,0.3132701324517443,31.32701324517443,0.69197681781395,0.30535972304159453,0.3571878251726115,0.6659783441596053,0.6272655114926894,4.138697688752226e-05,114,1
toy10_market_sensitivity_seeds01_05,0.02,0.25,0.05,0.5,0.2,output_average,output_similarity,0.25,0.0,1,25,experiments/runs/20260511_190401_784662_toy10_market_sensitivity_seeds01_05_r0p02_c0p25_rw0p05_p0p5_n0p2_output_average_output_similarity_a0p25_t0_seed01,0.3104819914636362,31.04819914636362,0.692343422488795,0.3056779550093335,0.35801777993651285,0.6669804097741392,0.6307080207934211,-0.0008595527546650919,132,1
toy10_market_sensitivity_seeds01_05,0.02,0.25,0.05,0.5,0.2,output_average,output_similarity,0.25,0.0,2,25,experiments/runs/20260511_190401_922173_toy10_market_sensitivity_seeds01_05_r0p02_c0p25_rw0p05_p0p5_n0p2_output_average_output_similarity_a0p25_t0_seed02,0.30949998943360785,30.949998943360786,0.6920846815842141,0.30452243145797214,0.35929386342091246,0.6670187238463945,0.631685234712195,-0.0013365560900870654,136,1
toy10_market_sensitivity_seeds01_05,0.02,0.25,0.05,0.5,0.2,output_average,output_similarity,0.25,0.0,3,25,experiments/runs/20260511_190402_060662_toy10_market_sensitivity_seeds01_05_r0p02_c0p25_rw0p05_p0p5_n0p2_output_average_output_similarity_a0p25_t0_seed03,0.31124607758215217,31.12460775821522,0.6918673208368936,0.30353535553840244,0.3603985722707697,0.6670704561154838,0.6298124120189467,-0.0008653014368031306,158,1
toy10_market_sensitivity_seeds01_05,0.02,0.25,0.05,0.5,0.2,output_average,output_similarity,0.25,0.0,4,25,experiments/runs/20260511_190402_199749_toy10_market_sensitivity_seeds01_05_r0p02_c0p25_rw0p05_p0p5_n0p2_output_average_output_similarity_a0p25_t0_seed04,0.31021871670414325,31.021871670414324,0.6923724172264766,0.3062342450375633,0.35702117883077983,0.6666193762770857,0.6308162832398903,-0.000906808297533033,126,1
toy10_market_sensitivity_seeds01_05,0.02,0.25,0.05,0.5,0.2,output_average,output_similarity,0.25,0.0,5,25,experiments/runs/20260511_190402_335349_toy10_market_sensitivity_seeds01_05_r0p02_c0p25_rw0p05_p0p5_n0p2_output_average_output_similarity_a0p25_t0_seed05,0.31327029834973824,31.327029834973825,0.6919674583619084,0.30534962915966757,0.3571705751282981,0.6659528039742881,0.6272711498484745,4.1588722562792974e-05,114,1
toy10_market_sensitivity_seeds01_05,0.02,0.25,0.05,0.5,0.5,output_average,output_similarity,0.0,0.0,1,25,experiments/runs/20260511_190402_473940_toy10_market_sensitivity_seeds01_05_r0p02_c0p25_rw0p05_p0p5_n0p5_output_average_output_similarity_a0_t0_seed01,0.3235400928240537,32.35400928240537,0.6905465640968192,0.29820348173372047,0.36577929291983613,0.6667628409649089,0.6159609832692441,0.002723310835404687,132,1
toy10_market_sensitivity_seeds01_05,0.02,0.25,0.05,0.5,0.5,output_average,output_similarity,0.0,0.0,2,25,experiments/runs/20260511_190402_574851_toy10_market_sensitivity_seeds01_05_r0p02_c0p25_rw0p05_p0p5_n0p5_output_average_output_similarity_a0_t0_seed02,0.3225225931230822,32.25225931230822,0.690324535183778,0.2971081649198982,0.36708181089531555,0.6668765635288613,0.6169835102568435,0.00223966431128918,136,1
toy10_market_sensitivity_seeds01_05,0.02,0.25,0.05,0.5,0.5,output_average,output_similarity,0.0,0.0,3,25,experiments/runs/20260511_190402_675366_toy10_market_sensitivity_seeds01_05_r0p02_c0p25_rw0p05_p0p5_n0p5_output_average_output_similarity_a0_t0_seed03,0.3243073093632244,32.43073093632244,0.690200243360402,0.2966083819979472,0.3675842094457133,0.6668566522819,0.6150104600560332,0.0027983042653269823,156,2
toy10_market_sensitivity_seeds01_05,0.02,0.25,0.05,0.5,0.5,output_average,output_similarity,0.0,0.0,4,25,experiments/runs/20260511_190402_780850_toy10_market_sensitivity_seeds01_05_r0p02_c0p25_rw0p05_p0p5_n0p5_output_average_output_similarity_a0_t0_seed04,0.3233147892247647,32.33147892247647,0.6905794574765587,0.2987415244627314,0.3648347809807724,0.6664290951949455,0.6159999687407417,0.002676197719742871,126,1
toy10_market_sensitivity_seeds01_05,0.02,0.25,0.05,0.5,0.5,output_average,output_similarity,0.0,0.0,5,25,experiments/runs/20260511_190402_881764_toy10_market_sensitivity_seeds01_05_r0p02_c0p25_rw0p05_p0p5_n0p5_output_average_output_similarity_a0_t0_seed05,0.3260207709559188,32.60207709559188,0.690285310790351,0.2981575446392335,0.36482615388293704,0.6659029142020647,0.6128916824652911,0.003550473815924347,114,1
toy10_market_sensitivity_seeds01_05,0.02,0.25,0.05,0.5,0.5,output_average,output_similarity,0.25,0.0,1,25,experiments/runs/20260511_190402_979534_toy10_market_sensitivity_seeds01_05_r0p02_c0p25_rw0p05_p0p5_n0p5_output_average_output_similarity_a0p25_t0_seed01,0.32336239152170365,32.336239152170364,0.6906109044279731,0.29836508674884754,0.3657134442141974,0.6668505751889318,0.6161906407780398,0.002675931884572015,132,1
toy10_market_sensitivity_seeds01_05,0.02,0.25,0.05,0.5,0.5,output_average,output_similarity,0.25,0.0,2,25,experiments/runs/20260511_190403_119692_toy10_market_sensitivity_seeds01_05_r0p02_c0p25_rw0p05_p0p5_n0p5_output_average_output_similarity_a0p25_t0_seed02,0.32240733940504945,32.240733940504946,0.6903444195667964,0.2971820222270142,0.3670136338131571,0.6668839481255345,0.6171227333307815,0.0022077914272848605,136,1
toy10_market_sensitivity_seeds01_05,0.02,0.25,0.05,0.5,0.5,output_average,output_similarity,0.25,0.0,3,25,experiments/runs/20260511_190403_256676_toy10_market_sensitivity_seeds01_05_r0p02_c0p25_rw0p05_p0p5_n0p5_output_average_output_similarity_a0p25_t0_seed03,0.3241371077505275,32.41371077505275,0.6901338065770799,0.29620461068241344,0.36812600494349224,0.6669528060187276,0.6152573143682504,0.0026925312176117955,158,1
toy10_market_sensitivity_seeds01_05,0.02,0.25,0.05,0.5,0.5,output_average,output_similarity,0.25,0.0,4,25,experiments/runs/20260511_190403_394530_toy10_market_sensitivity_seeds01_05_r0p02_c0p25_rw0p05_p0p5_n0p5_output_average_output_similarity_a0p25_t0_seed04,0.32308773172932964,32.308773172932966,0.6906430627624415,0.2989257954701154,0.36472066010953547,0.666496640572977,0.6162941293242832,0.00261539259307067,126,1
toy10_market_sensitivity_seeds01_05,0.02,0.25,0.05,0.5,0.5,output_average,output_similarity,0.25,0.0,5,25,experiments/runs/20260511_190403_529785_toy10_market_sensitivity_seeds01_05_r0p02_c0p25_rw0p05_p0p5_n0p5_output_average_output_similarity_a0p25_t0_seed05,0.32600078971832247,32.60007897183225,0.690280323569693,0.2981615273431689,0.3647982395924344,0.6658812563065102,0.6129208631685625,0.003544895219036751,114,1
toy10_market_sensitivity_seeds01_05,0.02,0.25,0.1,0.5,0.2,output_average,output_similarity,0.0,0.0,1,25,experiments/runs/20260511_190403_667323_toy10_market_sensitivity_seeds01_05_r0p02_c0p25_rw0p1_p0p5_n0p2_output_average_output_similarity_a0_t0_seed01,0.3103163532235813,31.03163532235813,0.6928126908613516,0.30794014618038684,0.35537047108463277,0.6667643360050842,0.630835870802099,-0.000698081020577967,279,2
toy10_market_sensitivity_seeds01_05,0.02,0.25,0.1,0.5,0.2,output_average,output_similarity,0.0,0.0,2,25,experiments/runs/20260511_190403_771299_toy10_market_sensitivity_seeds01_05_r0p02_c0p25_rw0p1_p0p5_n0p2_output_average_output_similarity_a0_t0_seed02,0.30969956209888677,30.96995620988868,0.6925733363790967,0.3064995017697636,0.3572943419768595,0.6671013059012816,0.6316036748438586,-0.0010871652397147103,250,1
toy10_market_sensitivity_seeds01_05,0.02,0.25,0.1,0.5,0.2,output_average,output_similarity,0.0,0.0,3,25,experiments/runs/20260511_190403_873635_toy10_market_sensitivity_seeds01_05_r0p02_c0p25_rw0p1_p0p5_n0p2_output_average_output_similarity_a0_t0_seed03,0.31154381801599007,31.15438180159901,0.6927266415389823,0.3072341094173497,0.3564383473212302,0.66703549276616,0.6295366997318945,-0.0003738766758717379,269,2
toy10_market_sensitivity_seeds01_05,0.02,0.25,0.1,0.5,0.2,output_average,output_similarity,0.0,0.0,4,25,experiments/runs/20260511_190403_976467_toy10_market_sensitivity_seeds01_05_r0p02_c0p25_rw0p1_p0p5_n0p2_output_average_output_similarity_a0_t0_seed04,0.3108373042706589,31.083730427065895,0.6932688392879099,0.3098388571322624,0.3533976428871148,0.6667885150569326,0.6303486689794493,-0.00036778738227802755,251,1
toy10_market_sensitivity_seeds01_05,0.02,0.25,0.1,0.5,0.2,output_average,output_similarity,0.0,0.0,5,25,experiments/runs/20260511_190404_082698_toy10_market_sensitivity_seeds01_05_r0p02_c0p25_rw0p1_p0p5_n0p2_output_average_output_similarity_a0_t0_seed05,0.3127423909461975,31.274239094619748,0.6919428431308388,0.30527986651846145,0.35721163948643225,0.665928586440007,0.627915455240579,-0.00014077146151825773,223,1
toy10_market_sensitivity_seeds01_05,0.02,0.25,0.1,0.5,0.2,output_average,output_similarity,0.25,0.0,1,25,experiments/runs/20260511_190404_186417_toy10_market_sensitivity_seeds01_05_r0p02_c0p25_rw0p1_p0p5_n0p2_output_average_output_similarity_a0p25_t0_seed01,0.3100507946189237,31.00507946189237,0.6928983896883071,0.3081643090918677,0.3552649405694928,0.6668747852971896,0.6311652629065477,-0.0007669657537312354,279,1
toy10_market_sensitivity_seeds01_05,0.02,0.25,0.1,0.5,0.2,output_average,output_similarity,0.25,0.0,2,25,experiments/runs/20260511_190404_327124_toy10_market_sensitivity_seeds01_05_r0p02_c0p25_rw0p1_p0p5_n0p2_output_average_output_similarity_a0p25_t0_seed02,0.3094926460237467,30.949264602374672,0.6926216764930664,0.3066483875531604,0.3571899308659451,0.667145294089278,0.6318536978334162,-0.0011416946984070435,250,1
toy10_market_sensitivity_seeds01_05,0.02,0.25,0.1,0.5,0.2,output_average,output_similarity,0.25,0.0,3,25,experiments/runs/20260511_190404_469944_toy10_market_sensitivity_seeds01_05_r0p02_c0p25_rw0p1_p0p5_n0p2_output_average_output_similarity_a0p25_t0_seed03,0.3112320218264926,31.123202182649262,0.6929348589234224,0.3079408398596289,0.35585775597443187,0.6671770493599597,0.6299525089811954,-0.0004119454249401801,269,1
toy10_market_sensitivity_seeds01_05,0.02,0.25,0.1,0.5,0.2,output_average,output_similarity,0.25,0.0,4,25,experiments/runs/20260511_190404_613524_toy10_market_sensitivity_seeds01_05_r0p02_c0p25_rw0p1_p0p5_n0p2_output_average_output_similarity_a0p25_t0_seed04,0.31051452493521703,31.0514524935217,0.6933557786922953,0.3100903862228602,0.35324234232346075,0.6668817650235661,0.6307497515083886,-0.00045155210827046847,251,1
toy10_market_sensitivity_seeds01_05,0.02,0.25,0.1,0.5,0.2,output_average,output_similarity,0.25,0.0,5,25,experiments/runs/20260511_190404_754134_toy10_market_sensitivity_seeds01_05_r0p02_c0p25_rw0p1_p0p5_n0p2_output_average_output_similarity_a0p25_t0_seed05,0.3125657793384809,31.256577933848092,0.6919850811131019,0.3054083337294121,0.35712365699358295,0.6659677753980298,0.6281303445241265,-0.00018700806135265555,223,1
toy10_market_sensitivity_seeds01_05,0.02,0.25,0.1,0.5,0.5,output_average,output_similarity,0.0,0.0,1,25,experiments/runs/20260511_190404_894589_toy10_market_sensitivity_seeds01_05_r0p02_c0p25_rw0p1_p0p5_n0p5_output_average_output_similarity_a0_t0_seed01,0.32318682339415455,32.31868233941545,0.6910852616710538,0.3006413700515688,0.36305830658107746,0.6666395294494807,0.6163326264001501,0.002815865587867134,279,2
toy10_market_sensitivity_seeds01_05,0.02,0.25,0.1,0.5,0.5,output_average,output_similarity,0.0,0.0,2,25,experiments/runs/20260511_190404_997192_toy10_market_sensitivity_seeds01_05_r0p02_c0p25_rw0p1_p0p5_n0p5_output_average_output_similarity_a0_t0_seed02,0.3226372709562481,32.26372709562481,0.6908280835608585,0.2991427426941138,0.36502684885520664,0.6669617008244285,0.6170120254043527,0.0024543178382812657,250,1
toy10_market_sensitivity_seeds01_05,0.02,0.25,0.1,0.5,0.5,output_average,output_similarity,0.0,0.0,3,25,experiments/runs/20260511_190405_102408_toy10_market_sensitivity_seeds01_05_r0p02_c0p25_rw0p1_p0p5_n0p5_output_average_output_similarity_a0_t0_seed03,0.32443947000319845,32.443947000319845,0.690993483514551,0.29990615012802346,0.3641616338021574,0.6669153659618788,0.614983013023801,0.0031615110810289653,269,2
toy10_market_sensitivity_seeds01_05,0.02,0.25,0.1,0.5,0.5,output_average,output_similarity,0.0,0.0,4,25,experiments/runs/20260511_190405_205649_toy10_market_sensitivity_seeds01_05_r0p02_c0p25_rw0p1_p0p5_n0p5_output_average_output_similarity_a0_t0_seed04,0.3237011693614237,32.37011693614237,0.6915419355954713,0.3025354092539072,0.3610969238740708,0.6666690697592884,0.6158330266063494,0.00313370088740755,251,1
toy10_market_sensitivity_seeds01_05,0.02,0.25,0.1,0.5,0.5,output_average,output_similarity,0.0,0.0,5,25,experiments/runs/20260511_190405_309913_toy10_market_sensitivity_seeds01_05_r0p02_c0p25_rw0p1_p0p5_n0p5_output_average_output_similarity_a0_t0_seed05,0.3254939161762521,32.54939161762521,0.6902508494842672,0.29808181410393414,0.36483976972920024,0.6658476946941634,0.6135517616819692,0.003365764850353681,223,1
toy10_market_sensitivity_seeds01_05,0.02,0.25,0.1,0.5,0.5,output_average,output_similarity,0.25,0.0,1,25,experiments/runs/20260511_190405_414760_toy10_market_sensitivity_seeds01_05_r0p02_c0p25_rw0p1_p0p5_n0p5_output_average_output_similarity_a0p25_t0_seed01,0.3229256058409176,32.29256058409176,0.6911695307028741,0.3008614686415219,0.3629551855284526,0.6667482515504652,0.6166579427382403,0.0027461580434453773,279,1
toy10_market_sensitivity_seeds01_05,0.02,0.25,0.1,0.5,0.5,output_average,output_similarity,0.25,0.0,2,25,experiments/runs/20260511_190405_556323_toy10_market_sensitivity_seeds01_05_r0p02_c0p25_rw0p1_p0p5_n0p5_output_average_output_similarity_a0p25_t0_seed02,0.3224152161898944,32.24152161898944,0.6908780662932829,0.2992978036874471,0.36491665779823756,0.6670064419780434,0.6172752413231045,0.0023934884116221774,250,1
toy10_market_sensitivity_seeds01_05,0.02,0.25,0.1,0.5,0.5,output_average,output_similarity,0.25,0.0,3,25,experiments/runs/20260511_190405_696492_toy10_market_sensitivity_seeds01_05_r0p02_c0p25_rw0p1_p0p5_n0p5_output_average_output_similarity_a0p25_t0_seed03,0.3241485557099656,32.41485557099656,0.6911939766112718,0.3005936055288774,0.3635886953873323,0.6670459095623076,0.6153741881391508,0.003123795681018607,269,1
toy10_market_sensitivity_seeds01_05,0.02,0.25,0.1,0.5,0.5,output_average,output_similarity,0.25,0.0,4,25,experiments/runs/20260511_190405_838294_toy10_market_sensitivity_seeds01_05_r0p02_c0p25_rw0p1_p0p5_n0p5_output_average_output_similarity_a0p25_t0_seed04,0.32338397645241307,32.33839764524131,0.6916318681121972,0.30279032604814815,0.3609468203524925,0.6667696590082367,0.6162341674564809,0.0030492084582126656,251,1
toy10_market_sensitivity_seeds01_05,0.02,0.25,0.1,0.5,0.5,output_average,output_similarity,0.25,0.0,5,25,experiments/runs/20260511_190405_979328_toy10_market_sensitivity_seeds01_05_r0p02_c0p25_rw0p1_p0p5_n0p5_output_average_output_similarity_a0p25_t0_seed05,0.32531919788758357,32.53191978875836,0.690292618458558,0.29820717492959414,0.3647561239750441,0.6658878933382988,0.6137608389201268,0.0033182118443372682,223,1
toy10_market_sensitivity_seeds01_05,0.02,0.45,0.0,0.5,0.2,output_average,output_similarity,0.0,0.0,1,25,experiments/runs/20260511_190406_133724_toy10_market_sensitivity_seeds01_05_r0p02_c0p45_rw0_p0p5_n0p2_output_average_output_similarity_a0_t0_seed01,0.31588088860472263,31.588088860472265,0.6926752554430067,0.30800264144866946,0.35469573887468736,0.6665779862792931,0.624443046633651,-0.024106533232353598,0,1
toy10_market_sensitivity_seeds01_05,0.02,0.45,0.0,0.5,0.2,output_average,output_similarity,0.0,0.0,2,25,experiments/runs/20260511_190406_234047_toy10_market_sensitivity_seeds01_05_r0p02_c0p45_rw0_p0p5_n0p2_output_average_output_similarity_a0_t0_seed02,0.31396419454868996,31.396419454868997,0.6910028455127866,0.301408265671348,0.36119485070845053,0.6661142224502121,0.626055481191509,-0.026248253762745685,0,1
toy10_market_sensitivity_seeds01_05,0.02,0.45,0.0,0.5,0.2,output_average,output_similarity,0.0,0.0,3,25,experiments/runs/20260511_190406_330475_toy10_market_sensitivity_seeds01_05_r0p02_c0p45_rw0_p0p5_n0p2_output_average_output_similarity_a0_t0_seed03,0.31583645950486544,31.58364595048654,0.6908802609807825,0.3007814906926358,0.3619580625378581,0.66619265579685,0.6241696847332738,-0.025812386876017817,0,1
toy10_market_sensitivity_seeds01_05,0.02,0.45,0.0,0.5,0.2,output_average,output_similarity,0.0,0.0,4,25,experiments/runs/20260511_190406_425261_toy10_market_sensitivity_seeds01_05_r0p02_c0p45_rw0_p0p5_n0p2_output_average_output_similarity_a0_t0_seed04,0.3154230194558372,31.54230194558372,0.691889330728571,0.3054049577512159,0.35674740741185185,0.6659587698915366,0.6245924026574748,-0.024779044237352412,0,1
toy10_market_sensitivity_seeds01_05,0.02,0.45,0.0,0.5,0.2,output_average,output_similarity,0.0,0.0,5,25,experiments/runs/20260511_190406_521912_toy10_market_sensitivity_seeds01_05_r0p02_c0p45_rw0_p0p5_n0p2_output_average_output_similarity_a0_t0_seed05,0.3169388193293407,31.69388193293407,0.6899247723384683,0.2983151391303686,0.36306881109313577,0.6648981095926881,0.6226375475288711,-0.025874471420237705,0,1
toy10_market_sensitivity_seeds01_05,0.02,0.45,0.0,0.5,0.2,output_average,output_similarity,0.25,0.0,1,25,experiments/runs/20260511_190406_619692_toy10_market_sensitivity_seeds01_05_r0p02_c0p45_rw0_p0p5_n0p2_output_average_output_similarity_a0p25_t0_seed01,0.31586572396592927,31.586572396592928,0.6926895269355965,0.3080418071498429,0.35467449344270013,0.6665923238302137,0.6244996736251591,-0.024106869178614904,0,1
toy10_market_sensitivity_seeds01_05,0.02,0.45,0.0,0.5,0.2,output_average,output_similarity,0.25,0.0,2,25,experiments/runs/20260511_190406_750420_toy10_market_sensitivity_seeds01_05_r0p02_c0p45_rw0_p0p5_n0p2_output_average_output_similarity_a0p25_t0_seed02,0.3140511528461044,31.405115284610442,0.690968030566535,0.3013403570344908,0.3611914081971581,0.6660469476468355,0.6259842097613022,-0.026224096797813692,0,1
toy10_market_sensitivity_seeds01_05,0.02,0.45,0.0,0.5,0.2,output_average,output_similarity,0.25,0.0,3,25,experiments/runs/20260511_190406_882410_toy10_market_sensitivity_seeds01_05_r0p02_c0p45_rw0_p0p5_n0p2_output_average_output_similarity_a0p25_t0_seed03,0.3157997037172551,31.579970371725505,0.6908882298398772,0.30082519229096594,0.36190253477757695,0.6661812662202891,0.6242603982907575,-0.02581107401899039,0,1
toy10_market_sensitivity_seeds01_05,0.02,0.45,0.0,0.5,0.2,output_average,output_similarity,0.25,0.0,4,25,experiments/runs/20260511_190407_013861_toy10_market_sensitivity_seeds01_05_r0p02_c0p45_rw0_p0p5_n0p2_output_average_output_similarity_a0p25_t0_seed04,0.3153529053902277,31.535290539022768,0.6919031292552664,0.30546260465477315,0.3566873077115196,0.6659575307308827,0.6247037790299608,-0.024787423948246543,0,1
toy10_market_sensitivity_seeds01_05,0.02,0.45,0.0,0.5,0.2,output_average,output_similarity,0.25,0.0,5,25,experiments/runs/20260511_190407_145641_toy10_market_sensitivity_seeds01_05_r0p02_c0p45_rw0_p0p5_n0p2_output_average_output_similarity_a0p25_t0_seed05,0.3170665393740119,31.706653937401192,0.6898836966147841,0.29822355621929403,0.36308767402054815,0.6648282525785564,0.6225206219234402,-0.02583923910272444,0,1
toy10_market_sensitivity_seeds01_05,0.02,0.45,0.0,0.5,0.5,output_average,output_similarity,0.0,0.0,1,25,experiments/runs/20260511_190407_277000_toy10_market_sensitivity_seeds01_05_r0p02_c0p45_rw0_p0p5_n0p5_output_average_output_similarity_a0_t0_seed01,0.3288680129963769,32.88680129963769,0.6908344689342829,0.30081106424746795,0.36171574724219546,0.6659398078006733,0.6105329264697396,-0.021509329065019667,0,1
toy10_market_sensitivity_seeds01_05,0.02,0.45,0.0,0.5,0.5,output_average,output_similarity,0.0,0.0,2,25,experiments/runs/20260511_190407_372850_toy10_market_sensitivity_seeds01_05_r0p02_c0p45_rw0_p0p5_n0p5_output_average_output_similarity_a0_t0_seed02,0.3270241369734721,32.70241369734721,0.6891453032257586,0.29416350530404056,0.3682542022949532,0.6654611525383193,0.6120538584254644,-0.023622937148135303,0,1
toy10_market_sensitivity_seeds01_05,0.02,0.45,0.0,0.5,0.5,output_average,output_similarity,0.0,0.0,3,25,experiments/runs/20260511_190407_468444_toy10_market_sensitivity_seeds01_05_r0p02_c0p45_rw0_p0p5_n0p5_output_average_output_similarity_a0_t0_seed03,0.3288547291535789,32.88547291535789,0.6890339113152242,0.2935637842378483,0.36900807678520037,0.6655579528131375,0.6102073119694542,-0.02318291062147326,0,1
toy10_market_sensitivity_seeds01_05,0.02,0.45,0.0,0.5,0.5,output_average,output_similarity,0.0,0.0,4,25,experiments/runs/20260511_190407_563514_toy10_market_sensitivity_seeds01_05_r0p02_c0p45_rw0_p0p5_n0p5_output_average_output_similarity_a0_t0_seed04,0.3284089244276695,32.84089244276695,0.6900502417239205,0.29821028855529363,0.3637803897850944,0.6653298270377265,0.6106596207894736,-0.02218080584121741,0,1
toy10_market_sensitivity_seeds01_05,0.02,0.45,0.0,0.5,0.5,output_average,output_similarity,0.0,0.0,5,25,experiments/runs/20260511_190407_659083_toy10_market_sensitivity_seeds01_05_r0p02_c0p45_rw0_p0p5_n0p5_output_average_output_similarity_a0_t0_seed05,0.3298098017974891,32.98098017974891,0.6881226788106142,0.29122577408536954,0.37003916707171725,0.6643152388557012,0.6088496425106424,-0.02326673611340698,0,1
toy10_market_sensitivity_seeds01_05,0.02,0.45,0.0,0.5,0.5,output_average,output_similarity,0.25,0.0,1,25,experiments/runs/20260511_190407_754250_toy10_market_sensitivity_seeds01_05_r0p02_c0p45_rw0_p0p5_n0p5_output_average_output_similarity_a0p25_t0_seed01,0.32886003582925705,32.8860035829257,0.6908477590240573,0.30084250767773657,0.36170602074075575,0.665957384701613,0.6105728703992126,-0.02150952889883976,0,1
toy10_market_sensitivity_seeds01_05,0.02,0.45,0.0,0.5,0.5,output_average,output_similarity,0.25,0.0,2,25,experiments/runs/20260511_190407_893098_toy10_market_sensitivity_seeds01_05_r0p02_c0p45_rw0_p0p5_n0p5_output_average_output_similarity_a0p25_t0_seed02,0.32710704540582347,32.71070454058235,0.6891125686773392,0.2940977660832187,0.3682547425429197,0.6653999183831791,0.6119805506786681,-0.02360023047733391,0,1
toy10_market_sensitivity_seeds01_05,0.02,0.45,0.0,0.5,0.5,output_average,output_similarity,0.25,0.0,3,25,experiments/runs/20260511_190408_029612_toy10_market_sensitivity_seeds01_05_r0p02_c0p45_rw0_p0p5_n0p5_output_average_output_similarity_a0p25_t0_seed03,0.3288229333423986,32.88229333423986,0.6890418180441935,0.29360132219250284,0.36896462779176803,0.6655519152117161,0.6102820399145628,-0.023183147885525508,0,1
toy10_market_sensitivity_seeds01_05,0.02,0.45,0.0,0.5,0.5,output_average,output_similarity,0.25,0.0,4,25,experiments/runs/20260511_190408_164964_toy10_market_sensitivity_seeds01_05_r0p02_c0p45_rw0_p0p5_n0p5_output_average_output_similarity_a0p25_t0_seed04,0.3283401391215022,32.83401391215022,0.6900643080411366,0.29826542238229997,0.3637263873999464,0.665331959020195,0.6107636711727221,-0.02219075503553182,0,1
toy10_market_sensitivity_seeds01_05,0.02,0.45,0.0,0.5,0.5,output_average,output_similarity,0.25,0.0,5,25,experiments/runs/20260511_190408_297102_toy10_market_sensitivity_seeds01_05_r0p02_c0p45_rw0_p0p5_n0p5_output_average_output_similarity_a0p25_t0_seed05,0.32993547877910406,32.99354787791041,0.6880832561062485,0.29113455992943754,0.370063904566119,0.6642513265074487,0.6087274036325732,-0.023232996702078172,0,1
toy10_market_sensitivity_seeds01_05,0.02,0.45,0.05,0.5,0.2,output_average,output_similarity,0.0,0.0,1,25,experiments/runs/20260511_190408_428852_toy10_market_sensitivity_seeds01_05_r0p02_c0p45_rw0p05_p0p5_n0p2_output_average_output_similarity_a0_t0_seed01,0.3151762614007164,31.51762614007164,0.6912375143790418,0.30234525957574515,0.360259538364677,0.666173360528603,0.6249084803460039,-0.025624513567736432,132,1
toy10_market_sensitivity_seeds01_05,0.02,0.45,0.05,0.5,0.2,output_average,output_similarity,0.0,0.0,2,25,experiments/runs/20260511_190408_531309_toy10_market_sensitivity_seeds01_05_r0p02_c0p45_rw0p05_p0p5_n0p2_output_average_output_similarity_a0_t0_seed02,0.3140946380597299,31.409463805972994,0.6910317055393425,0.30129391929559257,0.36153898356618475,0.6663010942734556,0.626004650659147,-0.026341948595774708,136,1
toy10_market_sensitivity_seeds01_05,0.02,0.45,0.05,0.5,0.2,output_average,output_similarity,0.0,0.0,3,25,experiments/runs/20260511_190408_635122_toy10_market_sensitivity_seeds01_05_r0p02_c0p45_rw0p05_p0p5_n0p2_output_average_output_similarity_a0_t0_seed03,0.3159535361231936,31.59535361231936,0.6907646185884242,0.3002121962835708,0.36263408178655526,0.6662469958308804,0.6240438260336378,-0.02599042550076491,158,1
toy10_market_sensitivity_seeds01_05,0.02,0.45,0.05,0.5,0.2,output_average,output_similarity,0.0,0.0,4,25,experiments/runs/20260511_190408_736961_toy10_market_sensitivity_seeds01_05_r0p02_c0p45_rw0p05_p0p5_n0p2_output_average_output_similarity_a0_t0_seed04,0.31497752304552373,31.497752304552375,0.6912538159883768,0.3028836357552079,0.3592479924430913,0.6657959968188455,0.6249843344930425,-0.02553509010591307,126,1
toy10_market_sensitivity_seeds01_05,0.02,0.45,0.05,0.5,0.2,output_average,output_similarity,0.0,0.0,5,25,experiments/runs/20260511_190408_838935_toy10_market_sensitivity_seeds01_05_r0p02_c0p45_rw0p05_p0p5_n0p2_output_average_output_similarity_a0_t0_seed05,0.31778854414087493,31.77885441408749,0.6909167110293658,0.30223120274059495,0.35920443863627355,0.6651679633868568,0.6218325194180501,-0.024625395185798205,114,1
toy10_market_sensitivity_seeds01_05,0.02,0.45,0.05,0.5,0.2,output_average,output_similarity,0.25,0.0,1,25,experiments/runs/20260511_190408_939859_toy10_market_sensitivity_seeds01_05_r0p02_c0p45_rw0p05_p0p5_n0p2_output_average_output_similarity_a0p25_t0_seed01,0.3150909485562556,31.509094855625555,0.6912788515845608,0.3024442028950989,0.3602270005480456,0.6662324355236627,0.6250396804249432,-0.025640780307535017,132,1
toy10_market_sensitivity_seeds01_05,0.02,0.45,0.05,0.5,0.2,output_average,output_similarity,0.25,0.0,2,25,experiments/runs/20260511_190409_081074_toy10_market_sensitivity_seeds01_05_r0p02_c0p45_rw0p05_p0p5_n0p2_output_average_output_similarity_a0p25_t0_seed02,0.31407521538624344,31.407521538624344,0.6910266783859602,0.30130124284436005,0.36150422785512054,0.6662757585625421,0.6260427974112188,-0.026340907874011305,136,1
toy10_market_sensitivity_seeds01_05,0.02,0.45,0.05,0.5,0.2,output_average,output_similarity,0.25,0.0,3,25,experiments/runs/20260511_190409_220448_toy10_market_sensitivity_seeds01_05_r0p02_c0p45_rw0p05_p0p5_n0p2_output_average_output_similarity_a0p25_t0_seed03,0.3158172902091894,31.581729020918942,0.6908028407517248,0.300326695400242,0.36255797220641545,0.6662828107662021,0.6242307465977878,-0.02601412407457076,158,1
toy10_market_sensitivity_seeds01_05,0.02,0.45,0.05,0.5,0.2,output_average,output_similarity,0.25,0.0,4,25,experiments/runs/20260511_190409_361607_toy10_market_sensitivity_seeds01_05_r0p02_c0p45_rw0p05_p0p5_n0p2_output_average_output_similarity_a0p25_t0_seed04,0.314832494353107,31.4832494353107,0.6913005960077763,0.30301334246230344,0.35917569910649844,0.6658494674306114,0.6251832958800603,-0.025562362452490404,126,1
toy10_market_sensitivity_seeds01_05,0.02,0.45,0.05,0.5,0.2,output_average,output_similarity,0.25,0.0,5,25,experiments/runs/20260511_190409_498384_toy10_market_sensitivity_seeds01_05_r0p02_c0p45_rw0p05_p0p5_n0p2_output_average_output_similarity_a0p25_t0_seed05,0.3178638122386462,31.786381223864616,0.6908843256247104,0.30216623710689156,0.35920482828505834,0.6651068082486327,0.6217623981706456,-0.02460409241907378,114,1
toy10_market_sensitivity_seeds01_05,0.02,0.45,0.05,0.5,0.5,output_average,output_similarity,0.0,0.0,1,25,experiments/runs/20260511_190409_635829_toy10_market_sensitivity_seeds01_05_r0p02_c0p45_rw0p05_p0p5_n0p5_output_average_output_similarity_a0_t0_seed01,0.3281635600088081,32.81635600088081,0.68939688246785,0.2951557241436652,0.36727608158406944,0.6655348394926901,0.6110003626467126,-0.023008870037726514,132,1
toy10_market_sensitivity_seeds01_05,0.02,0.45,0.05,0.5,0.5,output_average,output_similarity,0.0,0.0,2,25,experiments/runs/20260511_190409_735060_toy10_market_sensitivity_seeds01_05_r0p02_c0p45_rw0p05_p0p5_n0p5_output_average_output_similarity_a0_t0_seed02,0.3271533058375515,32.71533058375515,0.6891730374648387,0.2940479480509301,0.36859625375749466,0.6656451072909444,0.6120077706100858,-0.023713092733951252,136,1
toy10_market_sensitivity_seeds01_05,0.02,0.45,0.05,0.5,0.5,output_average,output_similarity,0.0,0.0,3,25,experiments/runs/20260511_190409_835569_toy10_market_sensitivity_seeds01_05_r0p02_c0p45_rw0p05_p0p5_n0p5_output_average_output_similarity_a0_t0_seed03,0.32892737490787805,32.8927374907878,0.6890432158881896,0.2935709307447412,0.36903100206327627,0.6655812386701387,0.6101095353479458,-0.023206419837469704,156,2
toy10_market_sensitivity_seeds01_05,0.02,0.45,0.05,0.5,0.5,output_average,output_similarity,0.0,0.0,4,25,experiments/runs/20260511_190409_934518_toy10_market_sensitivity_seeds01_05_r0p02_c0p45_rw0p05_p0p5_n0p5_output_average_output_similarity_a0_t0_seed04,0.32796431309261465,32.796431309261465,0.6894144972041064,0.2956901525518099,0.36627768371280595,0.6651655392269937,0.6110543464688737,-0.022929001901550047,126,1
toy10_market_sensitivity_seeds01_05,0.02,0.45,0.05,0.5,0.5,output_average,output_similarity,0.0,0.0,5,25,experiments/runs/20260511_190410_035659_toy10_market_sensitivity_seeds01_05_r0p02_c0p45_rw0p05_p0p5_n0p5_output_average_output_similarity_a0_t0_seed05,0.33065868434017176,33.065868434017176,0.6891150633375424,0.2951380811813197,0.3661840909875297,0.6645895113409849,0.6080354917045274,-0.022029672509714437,114,1
toy10_market_sensitivity_seeds01_05,0.02,0.45,0.05,0.5,0.5,output_average,output_similarity,0.25,0.0,1,25,experiments/runs/20260511_190410_137602_toy10_market_sensitivity_seeds01_05_r0p02_c0p45_rw0p05_p0p5_n0p5_output_average_output_similarity_a0p25_t0_seed01,0.3280417142167085,32.80417142167085,0.6894486894775146,0.2952775531761615,0.3672396515577357,0.6656117596434946,0.611162850641448,-0.023035657268312693,132,1
toy10_market_sensitivity_seeds01_05,0.02,0.45,0.05,0.5,0.5,output_average,output_similarity,0.25,0.0,2,25,experiments/runs/20260511_190410_272940_toy10_market_sensitivity_seeds01_05_r0p02_c0p45_rw0p05_p0p5_n0p5_output_average_output_similarity_a0p25_t0_seed02,0.32709366713484284,32.709366713484286,0.689180481547488,0.29408406741860893,0.36855379135273414,0.6656398675062034,0.6120841920671628,-0.023723042487047864,136,1
toy10_market_sensitivity_seeds01_05,0.02,0.45,0.05,0.5,0.5,output_average,output_similarity,0.25,0.0,3,25,experiments/runs/20260511_190410_409702_toy10_market_sensitivity_seeds01_05_r0p02_c0p45_rw0p05_p0p5_n0p5_output_average_output_similarity_a0p25_t0_seed03,0.3288094655903974,32.88094655903974,0.6889639129726619,0.2931243567622863,0.36960693836607506,0.6656617620895413,0.6102900377242654,-0.023389650576187516,158,1
toy10_market_sensitivity_seeds01_05,0.02,0.45,0.05,0.5,0.5,output_average,output_similarity,0.25,0.0,4,25,experiments/runs/20260511_190410_547639_toy10_market_sensitivity_seeds01_05_r0p02_c0p45_rw0p05_p0p5_n0p5_output_average_output_similarity_a0p25_t0_seed04,0.32776833687465656,32.776833687465654,0.6894760072402555,0.29585383115955183,0.3661963666419183,0.6652425680444708,0.6113009047306928,-0.02297037136529171,126,1
toy10_market_sensitivity_seeds01_05,0.02,0.45,0.05,0.5,0.5,output_average,output_similarity,0.25,0.0,5,25,experiments/runs/20260511_190410_687329_toy10_market_sensitivity_seeds01_05_r0p02_c0p45_rw0p05_p0p5_n0p5_output_average_output_similarity_a0p25_t0_seed05,0.3306908028039021,33.06908028039021,0.6890964898125953,0.29510368482759286,0.36617858959519567,0.6645516458967843,0.6080039670490286,-0.022019716200326216,114,1
toy10_market_sensitivity_seeds01_05,0.02,0.45,0.1,0.5,0.2,output_average,output_similarity,0.0,0.0,1,25,experiments/runs/20260511_190410_829166_toy10_market_sensitivity_seeds01_05_r0p02_c0p45_rw0p1_p0p5_n0p2_output_average_output_similarity_a0_t0_seed01,0.31483020343085655,31.483020343085656,0.6917694671766377,0.30477598141673096,0.35752590587308847,0.6660561103952659,0.6252624514953233,-0.02513991738525351,279,1
toy10_market_sensitivity_seeds01_05,0.02,0.45,0.1,0.5,0.2,output_average,output_similarity,0.0,0.0,2,25,experiments/runs/20260511_190410_948963_toy10_market_sensitivity_seeds01_05_r0p02_c0p45_rw0p1_p0p5_n0p2_output_average_output_similarity_a0_t0_seed02,0.3142157079080774,31.421570790807742,0.6915362843595122,0.30332534980738174,0.35949443782328544,0.666407580946903,0.6260064700792302,-0.02583053723421683,250,1
toy10_market_sensitivity_seeds01_05,0.02,0.45,0.1,0.5,0.2,output_average,output_similarity,0.0,0.0,3,25,experiments/runs/20260511_190411_069857_toy10_market_sensitivity_seeds01_05_r0p02_c0p45_rw0p1_p0p5_n0p2_output_average_output_similarity_a0_t0_seed03,0.31611411407206974,31.611411407206976,0.6917903926504778,0.30450845927081865,0.35814465206027374,0.6663338983418171,0.6239799129470452,-0.024834133178226532,269,1
toy10_market_sensitivity_seeds01_05,0.02,0.45,0.1,0.5,0.2,output_average,output_similarity,0.0,0.0,4,25,experiments/runs/20260511_190411_177446_toy10_market_sensitivity_seeds01_05_r0p02_c0p45_rw0p1_p0p5_n0p2_output_average_output_similarity_a0_t0_seed04,0.31536318956636084,31.536318956636084,0.6922178884333012,0.3066791649181831,0.35551322389683887,0.6660661043503088,0.624789918311139,-0.024538679889219105,251,1
toy10_market_sensitivity_seeds01_05,0.02,0.45,0.1,0.5,0.2,output_average,output_similarity,0.0,0.0,5,25,experiments/runs/20260511_190411_284900_toy10_market_sensitivity_seeds01_05_r0p02_c0p45_rw0p1_p0p5_n0p2_output_average_output_similarity_a0_t0_seed05,0.3172602000949024,31.72602000949024,0.6908873364860942,0.30214662505033496,0.359256095843707,0.6651377384395125,0.6224581162637813,-0.024821790812282904,223,1
toy10_market_sensitivity_seeds01_05,0.02,0.45,0.1,0.5,0.2,output_average,output_similarity,0.25,0.0,1,25,experiments/runs/20260511_190411_394783_toy10_market_sensitivity_seeds01_05_r0p02_c0p45_rw0p1_p0p5_n0p2_output_average_output_similarity_a0p25_t0_seed01,0.3147338821641673,31.47338821641673,0.6918113942291743,0.3048763794904715,0.35749281793575405,0.6661161996641911,0.6253972362564237,-0.025158543289637438,279,1
toy10_market_sensitivity_seeds01_05,0.02,0.45,0.1,0.5,0.2,output_average,output_similarity,0.25,0.0,2,25,experiments/runs/20260511_190411_536970_toy10_market_sensitivity_seeds01_05_r0p02_c0p45_rw0p1_p0p5_n0p2_output_average_output_similarity_a0p25_t0_seed02,0.31417649251031166,31.41764925103117,0.6915386331031677,0.3033471213418069,0.35946028972905636,0.6663958130710327,0.6260607677537499,-0.02583634341904868,250,1
toy10_market_sensitivity_seeds01_05,0.02,0.45,0.1,0.5,0.2,output_average,output_similarity,0.25,0.0,3,25,experiments/runs/20260511_190411_676305_toy10_market_sensitivity_seeds01_05_r0p02_c0p45_rw0p1_p0p5_n0p2_output_average_output_similarity_a0p25_t0_seed03,0.31601540828485664,31.601540828485664,0.6918055306585401,0.3045721450152492,0.35807783260366177,0.6663315783792528,0.6241075233530878,-0.02484874194468634,269,1
toy10_market_sensitivity_seeds01_05,0.02,0.45,0.1,0.5,0.2,output_average,output_similarity,0.25,0.0,4,25,experiments/runs/20260511_190411_818701_toy10_market_sensitivity_seeds01_05_r0p02_c0p45_rw0p1_p0p5_n0p2_output_average_output_similarity_a0p25_t0_seed04,0.315291568204344,31.5291568204344,0.692232986763,0.30673885607585666,0.3554542349002871,0.6660675052223517,0.6249026810642777,-0.02454820064677522,251,1
toy10_market_sensitivity_seeds01_05,0.02,0.45,0.1,0.5,0.2,output_average,output_similarity,0.25,0.0,5,25,experiments/runs/20260511_190411_960600_toy10_market_sensitivity_seeds01_05_r0p02_c0p45_rw0p1_p0p5_n0p2_output_average_output_similarity_a0p25_t0_seed05,0.31723735326944674,31.723735326944674,0.6908876251419316,0.3021585039777108,0.35923349261230475,0.6651267182396857,0.6224921646200735,-0.02482288466352976,223,1
toy10_market_sensitivity_seeds01_05,0.02,0.45,0.1,0.5,0.5,output_average,output_similarity,0.0,0.0,1,25,experiments/runs/20260511_190412_102944_toy10_market_sensitivity_seeds01_05_r0p02_c0p45_rw0p1_p0p5_n0p5_output_average_output_similarity_a0_t0_seed01,0.3278195243234165,32.78195243234165,0.6899298318162257,0.2975883148687118,0.36454269752747875,0.6654189221889204,0.6113508023307532,-0.022537111355486444,279,1
toy10_market_sensitivity_seeds01_05,0.02,0.45,0.1,0.5,0.5,output_average,output_similarity,0.0,0.0,2,25,experiments/runs/20260511_190412_210000_toy10_market_sensitivity_seeds01_05_r0p02_c0p45_rw0p1_p0p5_n0p5_output_average_output_similarity_a0_t0_seed02,0.327274627294221,32.7274627294221,0.6896777187100119,0.29607978039528166,0.36655131404948443,0.6657512647465902,0.6120103399110952,-0.02320924885825854,250,1
toy10_market_sensitivity_seeds01_05,0.02,0.45,0.1,0.5,0.5,output_average,output_similarity,0.0,0.0,3,25,experiments/runs/20260511_190412_321282_toy10_market_sensitivity_seeds01_05_r0p02_c0p45_rw0p1_p0p5_n0p5_output_average_output_similarity_a0_t0_seed03,0.32913214779614686,32.913214779614684,0.6899444624809512,0.2972912097862586,0.3651954303512877,0.6656996426652882,0.6100165063052304,-0.02221806357392079,269,1
toy10_market_sensitivity_seeds01_05,0.02,0.45,0.1,0.5,0.5,output_average,output_similarity,0.0,0.0,4,25,experiments/runs/20260511_190412_426772_toy10_market_sensitivity_seeds01_05_r0p02_c0p45_rw0p1_p0p5_n0p5_output_average_output_similarity_a0_t0_seed04,0.3283497263043006,32.83497263043006,0.69037841967141,0.29948495139609066,0.36254377589345865,0.6654351437459813,0.6108603008543839,-0.021945161317158502,251,1
toy10_market_sensitivity_seeds01_05,0.02,0.45,0.1,0.5,0.5,output_average,output_similarity,0.0,0.0,5,25,experiments/runs/20260511_190412_547889_toy10_market_sensitivity_seeds01_05_r0p02_c0p45_rw0p1_p0p5_n0p5_output_average_output_similarity_a0_t0_seed05,0.33012995431591674,33.012995431591676,0.6890851082567164,0.29505807711162463,0.3662242788036166,0.6645529435892128,0.6086739176439613,-0.02222679364436898,223,1
toy10_market_sensitivity_seeds01_05,0.02,0.45,0.1,0.5,0.5,output_average,output_similarity,0.25,0.0,1,25,experiments/runs/20260511_190412_652818_toy10_market_sensitivity_seeds01_05_r0p02_c0p45_rw0p1_p0p5_n0p5_output_average_output_similarity_a0p25_t0_seed01,0.3276437538461441,32.76437538461441,0.6899943999241585,0.297742040927769,0.36449351784109574,0.6655141261410005,0.6115612774818783,-0.022576559276832428,279,1
toy10_market_sensitivity_seeds01_05,0.02,0.45,0.1,0.5,0.5,output_average,output_similarity,0.25,0.0,2,25,experiments/runs/20260511_190412_795484_toy10_market_sensitivity_seeds01_05_r0p02_c0p45_rw0p1_p0p5_n0p5_output_average_output_similarity_a0p25_t0_seed02,0.32714874737039323,32.714874737039324,0.6897055285076681,0.29616481415017704,0.3664924857303181,0.6657764687139651,0.6121553004511502,-0.023236072718356968,250,1
toy10_market_sensitivity_seeds01_05,0.02,0.45,0.1,0.5,0.5,output_average,output_similarity,0.25,0.0,3,25,experiments/runs/20260511_190413_008110_toy10_market_sensitivity_seeds01_05_r0p02_c0p45_rw0p1_p0p5_n0p5_output_average_output_similarity_a0p25_t0_seed03,0.3288835513805172,32.88835513805172,0.6900046606921617,0.29746286345658945,0.36509291585546777,0.6657655367413912,0.6102953440905692,-0.022270773230618702,269,2
toy10_market_sensitivity_seeds01_05,0.02,0.45,0.1,0.5,0.5,output_average,output_similarity,0.25,0.0,4,25,experiments/runs/20260511_190413_153114_toy10_market_sensitivity_seeds01_05_r0p02_c0p45_rw0p1_p0p5_n0p5_output_average_output_similarity_a0p25_t0_seed04,0.32816313378050926,32.81631337805093,0.6904289133546072,0.29962822779975923,0.3624591978189102,0.6654911039626796,0.6110885508518524,-0.021983394724857663,251,1
toy10_market_sensitivity_seeds01_05,0.02,0.45,0.1,0.5,0.5,output_average,output_similarity,0.25,0.0,5,25,experiments/runs/20260511_190413_292876_toy10_market_sensitivity_seeds01_05_r0p02_c0p45_rw0p1_p0p5_n0p5_output_average_output_similarity_a0p25_t0_seed05,0.3300377058107556,33.00377058107556,0.6891026748445566,0.2951175442871636,0.3661756108038992,0.6645634154579709,0.6087824941031589,-0.022243980858567047,223,1
toy10_market_sensitivity_seeds01_05,0.1,0.25,0.0,0.5,0.2,output_average,output_similarity,0.0,0.0,1,25,experiments/runs/20260511_190413_437633_toy10_market_sensitivity_seeds01_05_r0p1_c0p25_rw0_p0p5_n0p2_output_average_output_similarity_a0_t0_seed01,0.6651072927356063,66.51072927356063,0.6512659669988932,0.1592314126848901,0.48660104262579246,0.6468365336377403,0.3212359351694713,0.11915817436878909,0,1
toy10_market_sensitivity_seeds01_05,0.1,0.25,0.0,0.5,0.2,output_average,output_similarity,0.0,0.0,2,25,experiments/runs/20260511_190413_535244_toy10_market_sensitivity_seeds01_05_r0p1_c0p25_rw0_p0p5_n0p2_output_average_output_similarity_a0_t0_seed02,0.6639159299157459,66.39159299157458,0.6495220663370442,0.1523903646437889,0.49330753606059924,0.6464131077542699,0.32222637011195515,0.11908255849943185,0,1
toy10_market_sensitivity_seeds01_05,0.1,0.25,0.0,0.5,0.2,output_average,output_similarity,0.0,0.0,3,25,experiments/runs/20260511_190413_629169_toy10_market_sensitivity_seeds01_05_r0p1_c0p25_rw0_p0p5_n0p2_output_average_output_similarity_a0_t0_seed03,0.6646052097440469,66.46052097440469,0.649554495314664,0.152270039425893,0.4936779024068704,0.6466309844049962,0.32135624484433556,0.1194689974151121,0,1
toy10_market_sensitivity_seeds01_05,0.1,0.25,0.0,0.5,0.2,output_average,output_similarity,0.0,0.0,4,25,experiments/runs/20260511_190413_724794_toy10_market_sensitivity_seeds01_05_r0p1_c0p25_rw0_p0p5_n0p2_output_average_output_similarity_a0_t0_seed04,0.6643860809478849,66.43860809478849,0.6506136547852646,0.1569892097661631,0.48847619960873173,0.6464005233034037,0.3217490335445221,0.11889781925250059,0,1
toy10_market_sensitivity_seeds01_05,0.1,0.25,0.0,0.5,0.2,output_average,output_similarity,0.0,0.0,5,25,experiments/runs/20260511_190413_819596_toy10_market_sensitivity_seeds01_05_r0p1_c0p25_rw0_p0p5_n0p2_output_average_output_similarity_a0_t0_seed05,0.6647738299842411,66.4773829984241,0.6488876749657123,0.15065444991713045,0.49424180002858814,0.6456526566151706,0.3207609398996973,0.11937098744594031,0,1
toy10_market_sensitivity_seeds01_05,0.1,0.25,0.0,0.5,0.2,output_average,output_similarity,0.25,0.0,1,25,experiments/runs/20260511_190413_913772_toy10_market_sensitivity_seeds01_05_r0p1_c0p25_rw0_p0p5_n0p2_output_average_output_similarity_a0p25_t0_seed01,0.6650988530680563,66.50988530680563,0.651278225683865,0.1592589604664536,0.48659498180255234,0.6468539424741689,0.32127801089177077,0.11915706686450435,0,1
toy10_market_sensitivity_seeds01_05,0.1,0.25,0.0,0.5,0.2,output_average,output_similarity,0.25,0.0,2,25,experiments/runs/20260511_190414_046549_toy10_market_sensitivity_seeds01_05_r0p1_c0p25_rw0_p0p5_n0p2_output_average_output_similarity_a0p25_t0_seed02,0.6639540490490974,66.39540490490974,0.6495002566610422,0.1523555911588536,0.4932898443264611,0.6463650124317769,0.32218329889491854,0.1190902981588966,0,1
toy10_market_sensitivity_seeds01_05,0.1,0.25,0.0,0.5,0.2,output_average,output_similarity,0.25,0.0,3,25,experiments/runs/20260511_190414_182390_toy10_market_sensitivity_seeds01_05_r0p1_c0p25_rw0_p0p5_n0p2_output_average_output_similarity_a0p25_t0_seed03,0.6646031788220099,66.460317882201,0.6495582029287443,0.15228908682023512,0.49365463807450716,0.6466257694521264,0.321393235194178,0.1194657943720097,0,1
toy10_market_sensitivity_seeds01_05,0.1,0.25,0.0,0.5,0.2,output_average,output_similarity,0.25,0.0,4,25,experiments/runs/20260511_190414_315197_toy10_market_sensitivity_seeds01_05_r0p1_c0p25_rw0_p0p5_n0p2_output_average_output_similarity_a0p25_t0_seed04,0.6643840451612227,66.43840451612228,0.6506146702417119,0.15700535251859882,0.48844797592965017,0.646389544020327,0.3217831763920057,0.11889305684152342,0,1
toy10_market_sensitivity_seeds01_05,0.1,0.25,0.0,0.5,0.2,output_average,output_similarity,0.25,0.0,5,25,experiments/runs/20260511_190414_445362_toy10_market_sensitivity_seeds01_05_r0p1_c0p25_rw0_p0p5_n0p2_output_average_output_similarity_a0p25_t0_seed05,0.6648167533773325,66.48167533773325,0.6488654908803098,0.15061618062926357,0.4942296022627117,0.6456057628292884,0.32071042390055565,0.1193820948327831,0,1
toy10_market_sensitivity_seeds01_05,0.1,0.25,0.0,0.5,0.5,output_average,output_similarity,0.0,0.0,1,25,experiments/runs/20260511_190414_577662_toy10_market_sensitivity_seeds01_05_r0p1_c0p25_rw0_p0p5_n0p5_output_average_output_similarity_a0_t0_seed01,0.666293776036909,66.6293776036909,0.65158534549397,0.15869260555088555,0.48895617087410875,0.6482606415381621,0.3195036172223193,0.12017651614274102,0,1
toy10_market_sensitivity_seeds01_05,0.1,0.25,0.0,0.5,0.5,output_average,output_similarity,0.0,0.0,2,25,experiments/runs/20260511_190414_673757_toy10_market_sensitivity_seeds01_05_r0p1_c0p25_rw0_p0p5_n0p5_output_average_output_similarity_a0_t0_seed02,0.6651019378412494,66.51019378412494,0.6498412819243297,0.15184689680124586,0.49567133409482667,0.6478392814869379,0.3204833276509352,0.12009825774248727,0,1
toy10_market_sensitivity_seeds01_05,0.1,0.25,0.0,0.5,0.5,output_average,output_similarity,0.0,0.0,3,25,experiments/runs/20260511_190414_770148_toy10_market_sensitivity_seeds01_05_r0p1_c0p25_rw0_p0p5_n0p5_output_average_output_similarity_a0_t0_seed03,0.6657878709065308,66.57878709065308,0.6498754181632593,0.1517264918270151,0.49604868899900717,0.6480644397968536,0.3196123138137726,0.1204868640823991,0,1
toy10_market_sensitivity_seeds01_05,0.1,0.25,0.0,0.5,0.5,output_average,output_similarity,0.0,0.0,4,25,experiments/runs/20260511_190414_864858_toy10_market_sensitivity_seeds01_05_r0p1_c0p25_rw0_p0p5_n0p5_output_average_output_similarity_a0_t0_seed04,0.6655634855696436,66.55634855696437,0.6509348437461389,0.15644804204488255,0.49084329089479034,0.6478335498544341,0.32000782465718614,0.11991221784808123,0,1
toy10_market_sensitivity_seeds01_05,0.1,0.25,0.0,0.5,0.5,output_average,output_similarity,0.0,0.0,5,25,experiments/runs/20260511_190414_959513_toy10_market_sensitivity_seeds01_05_r0p1_c0p25_rw0_p0p5_n0p5_output_average_output_similarity_a0_t0_seed05,0.6659541278138655,66.59541278138656,0.6492131797271732,0.15012406568340197,0.4966045875418885,0.6470942996356719,0.319033383141236,0.12038721724884749,0,1
toy10_market_sensitivity_seeds01_05,0.1,0.25,0.0,0.5,0.5,output_average,output_similarity,0.25,0.0,1,25,experiments/runs/20260511_190415_056791_toy10_market_sensitivity_seeds01_05_r0p1_c0p25_rw0_p0p5_n0p5_output_average_output_similarity_a0p25_t0_seed01,0.6662829730010208,66.62829730010208,0.6515984467101112,0.1587188926897657,0.48895600146091356,0.6482822154801746,0.3195418753670727,0.12017562522606924,0,1
toy10_market_sensitivity_seeds01_05,0.1,0.25,0.0,0.5,0.5,output_average,output_similarity,0.25,0.0,2,25,experiments/runs/20260511_190415_190845_toy10_market_sensitivity_seeds01_05_r0p1_c0p25_rw0_p0p5_n0p5_output_average_output_similarity_a0p25_t0_seed02,0.6651380848555308,66.51380848555308,0.6498203574678909,0.15181218688009213,0.4956570561113798,0.6477946439979883,0.3204388546792535,0.12010600545911176,0,1
toy10_market_sensitivity_seeds01_05,0.1,0.25,0.0,0.5,0.5,output_average,output_similarity,0.25,0.0,3,25,experiments/runs/20260511_190415_323626_toy10_market_sensitivity_seeds01_05_r0p1_c0p25_rw0_p0p5_n0p5_output_average_output_similarity_a0p25_t0_seed03,0.66578295495001,66.578295495001,0.6498802294900129,0.15174453947773375,0.4960318390045842,0.6480642214702392,0.31964550738106623,0.12048358192639683,0,1
toy10_market_sensitivity_seeds01_05,0.1,0.25,0.0,0.5,0.5,output_average,output_similarity,0.25,0.0,4,25,experiments/runs/20260511_190415_458154_toy10_market_sensitivity_seeds01_05_r0p1_c0p25_rw0_p0p5_n0p5_output_average_output_similarity_a0p25_t0_seed04,0.6655597984828165,66.55597984828165,0.6509365051203346,0.1564639003311592,0.4908182198190205,0.647825288160378,0.320040278446494,0.11990729964291225,0,1
toy10_market_sensitivity_seeds01_05,0.1,0.25,0.0,0.5,0.5,output_average,output_similarity,0.25,0.0,5,25,experiments/runs/20260511_190415_591922_toy10_market_sensitivity_seeds01_05_r0p1_c0p25_rw0_p0p5_n0p5_output_average_output_similarity_a0p25_t0_seed05,0.6659947072777854,66.59947072777854,0.6491919556229865,0.15008558132318683,0.4965966598455722,0.6470513145532526,0.3189809017670183,0.1203981454646609,0,1
toy10_market_sensitivity_seeds01_05,0.1,0.25,0.05,0.5,0.2,output_average,output_similarity,0.0,0.0,1,25,experiments/runs/20260511_190415_725922_toy10_market_sensitivity_seeds01_05_r0p1_c0p25_rw0p05_p0p5_n0p2_output_average_output_similarity_a0_t0_seed01,0.6646005541852904,66.46005541852904,0.6498105060302898,0.15352113249704463,0.4921997591270702,0.6464956003105765,0.3214742770021519,0.1193296651483866,132,1
toy10_market_sensitivity_seeds01_05,0.1,0.25,0.05,0.5,0.2,output_average,output_similarity,0.0,0.0,2,25,experiments/runs/20260511_190415_828092_toy10_market_sensitivity_seeds01_05_r0p1_c0p25_rw0p05_p0p5_n0p2_output_average_output_similarity_a0_t0_seed02,0.664092616838418,66.4092616838418,0.6495033073679062,0.15213076331650432,0.4937517028386159,0.6465661328632721,0.32201198913362183,0.11918908069098766,136,1
toy10_market_sensitivity_seeds01_05,0.1,0.25,0.05,0.5,0.2,output_average,output_similarity,0.0,0.0,3,25,experiments/runs/20260511_190415_927801_toy10_market_sensitivity_seeds01_05_r0p1_c0p25_rw0p05_p0p5_n0p2_output_average_output_similarity_a0_t0_seed03,0.6646596428131075,66.46596428131075,0.6494296394561639,0.1516701305607122,0.4943782967032312,0.6466916034334368,0.3212155997748743,0.11952550957889124,158,1
toy10_market_sensitivity_seeds01_05,0.1,0.25,0.05,0.5,0.2,output_average,output_similarity,0.0,0.0,4,25,experiments/runs/20260511_190416_032265_toy10_market_sensitivity_seeds01_05_r0p1_c0p25_rw0p05_p0p5_n0p2_output_average_output_similarity_a0_t0_seed04,0.6641753207141528,66.41753207141528,0.6499448034887438,0.15436558187923116,0.49104805019651315,0.6462459695353217,0.32189795693633877,0.1189673238121608,126,1
toy10_market_sensitivity_seeds01_05,0.1,0.25,0.05,0.5,0.2,output_average,output_similarity,0.0,0.0,5,25,experiments/runs/20260511_190416_135606_toy10_market_sensitivity_seeds01_05_r0p1_c0p25_rw0p05_p0p5_n0p2_output_average_output_similarity_a0_t0_seed05,0.6651370956880119,66.51370956880119,0.6499493822343885,0.15477242030763216,0.4902526883222894,0.6459364173134939,0.3204202039618628,0.11930594566328445,114,1
toy10_market_sensitivity_seeds01_05,0.1,0.25,0.05,0.5,0.2,output_average,output_similarity,0.25,0.0,1,25,experiments/runs/20260511_190416_235999_toy10_market_sensitivity_seeds01_05_r0p1_c0p25_rw0p05_p0p5_n0p2_output_average_output_similarity_a0p25_t0_seed01,0.6645269264066781,66.4526926406678,0.6498561413446211,0.15361680454345583,0.4921909562915723,0.6465721538388829,0.32161746384729084,0.11930878487130236,132,1
toy10_market_sensitivity_seeds01_05,0.1,0.25,0.05,0.5,0.2,output_average,output_similarity,0.25,0.0,2,25,experiments/runs/20260511_190416_376648_toy10_market_sensitivity_seeds01_05_r0p1_c0p25_rw0p05_p0p5_n0p2_output_average_output_similarity_a0p25_t0_seed02,0.6640763396474437,66.40763396474438,0.649505749087757,0.15215177254952006,0.4937194512519878,0.6465559816482452,0.3220566498400107,0.11917766035650003,136,1
toy10_market_sensitivity_seeds01_05,0.1,0.25,0.05,0.5,0.2,output_average,output_similarity,0.25,0.0,3,25,experiments/runs/20260511_190416_517230_toy10_market_sensitivity_seeds01_05_r0p1_c0p25_rw0p05_p0p5_n0p2_output_average_output_similarity_a0p25_t0_seed03,0.6646005300206226,66.46005300206225,0.6494612631662411,0.15175199447292065,0.494341063719123,0.646731266994721,0.3213496392747569,0.11950282555744036,158,1
toy10_market_sensitivity_seeds01_05,0.1,0.25,0.05,0.5,0.2,output_average,output_similarity,0.25,0.0,4,25,experiments/runs/20260511_190416_656777_toy10_market_sensitivity_seeds01_05_r0p1_c0p25_rw0p05_p0p5_n0p2_output_average_output_similarity_a0p25_t0_seed04,0.6641131898210699,66.41131898210699,0.6499778676222043,0.15445011298624312,0.49101124451633127,0.6462890197199239,0.32203528559258027,0.11894362666635892,126,1
toy10_market_sensitivity_seeds01_05,0.1,0.25,0.05,0.5,0.2,output_average,output_similarity,0.25,0.0,5,25,experiments/runs/20260511_190416_796661_toy10_market_sensitivity_seeds01_05_r0p1_c0p25_rw0p05_p0p5_n0p2_output_average_output_similarity_a0p25_t0_seed05,0.6651319631278625,66.51319631278625,0.6499453982398699,0.1547790327197569,0.49022352751996534,0.6459156492173236,0.3204431958939217,0.11929789760571151,114,1
toy10_market_sensitivity_seeds01_05,0.1,0.25,0.05,0.5,0.5,output_average,output_similarity,0.0,0.0,1,25,experiments/runs/20260511_190416_937731_toy10_market_sensitivity_seeds01_05_r0p1_c0p25_rw0p05_p0p5_n0p5_output_average_output_similarity_a0_t0_seed01,0.665787892906134,66.5787892906134,0.6501297472663748,0.15298341961267503,0.4945521498401494,0.647918114867539,0.31974380145727194,0.12034615271528092,132,1
toy10_market_sensitivity_seeds01_05,0.1,0.25,0.05,0.5,0.5,output_average,output_similarity,0.0,0.0,2,25,experiments/runs/20260511_190417_041777_toy10_market_sensitivity_seeds01_05_r0p1_c0p25_rw0p05_p0p5_n0p5_output_average_output_similarity_a0_t0_seed02,0.6652796789531166,66.52796789531166,0.6498218734839025,0.1515876983381702,0.49611209725926997,0.6479894669549627,0.3202718770272288,0.12020534862962208,136,1
toy10_market_sensitivity_seeds01_05,0.1,0.25,0.05,0.5,0.5,output_average,output_similarity,0.0,0.0,3,25,experiments/runs/20260511_190417_144044_toy10_market_sensitivity_seeds01_05_r0p1_c0p25_rw0p05_p0p5_n0p5_output_average_output_similarity_a0_t0_seed03,0.6658430129868296,66.58430129868296,0.6497501766290599,0.15112635222659854,0.49674800206304215,0.6481238251496165,0.31947238907548825,0.12054353566607916,158,1
toy10_market_sensitivity_seeds01_05,0.1,0.25,0.05,0.5,0.5,output_average,output_similarity,0.0,0.0,4,25,experiments/runs/20260511_190417_247307_toy10_market_sensitivity_seeds01_05_r0p1_c0p25_rw0p05_p0p5_n0p5_output_average_output_similarity_a0_t0_seed04,0.6653541341729984,66.53541341729984,0.6502656765937208,0.15382502550928517,0.4934126553563127,0.6476771991673038,0.32015801285476725,0.1199809455624404,126,1
toy10_market_sensitivity_seeds01_05,0.1,0.25,0.05,0.5,0.5,output_average,output_similarity,0.0,0.0,5,25,experiments/runs/20260511_190417_348654_toy10_market_sensitivity_seeds01_05_r0p1_c0p25_rw0p05_p0p5_n0p5_output_average_output_similarity_a0_t0_seed05,0.6663137866841727,66.63137866841727,0.6502757958019725,0.15424029964060215,0.4926225839266858,0.6473831022741018,0.3186888868428303,0.1203232981327203,114,1
toy10_market_sensitivity_seeds01_05,0.1,0.25,0.05,0.5,0.5,output_average,output_similarity,0.25,0.0,1,25,experiments/runs/20260511_190417_448849_toy10_market_sensitivity_seeds01_05_r0p1_c0p25_rw0p05_p0p5_n0p5_output_average_output_similarity_a0p25_t0_seed01,0.665711237443365,66.5711237443365,0.6501766768682662,0.15307827534816298,0.49455015677673886,0.6479998325505306,0.319883606672007,0.12032528171881576,132,1
toy10_market_sensitivity_seeds01_05,0.1,0.25,0.05,0.5,0.5,output_average,output_similarity,0.25,0.0,2,25,experiments/runs/20260511_190417_588561_toy10_market_sensitivity_seeds01_05_r0p1_c0p25_rw0p05_p0p5_n0p5_output_average_output_similarity_a0p25_t0_seed02,0.6652546705288693,66.52546705288694,0.6498264506628665,0.15161616048338805,0.49607348168468973,0.6479808827473679,0.3203298270955964,0.12018944248897871,136,1
toy10_market_sensitivity_seeds01_05,0.1,0.25,0.05,0.5,0.5,output_average,output_similarity,0.25,0.0,3,25,experiments/runs/20260511_190417_727725_toy10_market_sensitivity_seeds01_05_r0p1_c0p25_rw0p05_p0p5_n0p5_output_average_output_similarity_a0p25_t0_seed03,0.6657762814884158,66.57762814884158,0.6497839804360771,0.15121008762913263,0.49671574648604305,0.6481696503142393,0.3196078439373431,0.12051866417411576,158,1
toy10_market_sensitivity_seeds01_05,0.1,0.25,0.05,0.5,0.5,output_average,output_similarity,0.25,0.0,4,25,experiments/runs/20260511_190417_868534_toy10_market_sensitivity_seeds01_05_r0p1_c0p25_rw0p05_p0p5_n0p5_output_average_output_similarity_a0p25_t0_seed04,0.6652868301281107,66.52868301281107,0.6503013270088456,0.15391419300845188,0.4933769220184787,0.6477254056741627,0.32030159098923605,0.11995581304911739,126,1
toy10_market_sensitivity_seeds01_05,0.1,0.25,0.05,0.5,0.5,output_average,output_similarity,0.25,0.0,5,25,experiments/runs/20260511_190418_007676_toy10_market_sensitivity_seeds01_05_r0p1_c0p25_rw0p05_p0p5_n0p5_output_average_output_similarity_a0p25_t0_seed05,0.6663089368966727,66.63089368966727,0.6502717433163596,0.1542465821782607,0.49259380890891713,0.6473626630266784,0.3187108465036033,0.12031532827997359,114,1
toy10_market_sensitivity_seeds01_05,0.1,0.25,0.1,0.5,0.2,output_average,output_similarity,0.0,0.0,1,25,experiments/runs/20260511_190418_146892_toy10_market_sensitivity_seeds01_05_r0p1_c0p25_rw0p1_p0p5_n0p2_output_average_output_similarity_a0_t0_seed01,0.6644691356703567,66.44691356703566,0.6503492410344046,0.1559269758330576,0.4895430124715029,0.646375043389992,0.3216700461265679,0.11901926739769739,279,1
toy10_market_sensitivity_seeds01_05,0.1,0.25,0.1,0.5,0.2,output_average,output_similarity,0.0,0.0,2,25,experiments/runs/20260511_190418_251829_toy10_market_sensitivity_seeds01_05_r0p1_c0p25_rw0p1_p0p5_n0p2_output_average_output_similarity_a0_t0_seed02,0.6642368157022395,66.42368157022395,0.6500112394934752,0.15419169182337628,0.49166157432714813,0.6466306063974144,0.3220920137149607,0.11909431277958422,250,1
toy10_market_sensitivity_seeds01_05,0.1,0.25,0.1,0.5,0.2,output_average,output_similarity,0.0,0.0,3,25,experiments/runs/20260511_190418_356872_toy10_market_sensitivity_seeds01_05_r0p1_c0p25_rw0p1_p0p5_n0p2_output_average_output_similarity_a0_t0_seed03,0.664736403973123,66.4736403973123,0.6503780656404349,0.15562975762498577,0.4902527473117676,0.6467134225434663,0.32131669603450946,0.11926872279107466,269,3
toy10_market_sensitivity_seeds01_05,0.1,0.25,0.1,0.5,0.2,output_average,output_similarity,0.0,0.0,4,25,experiments/runs/20260511_190418_461310_toy10_market_sensitivity_seeds01_05_r0p1_c0p25_rw0p1_p0p5_n0p2_output_average_output_similarity_a0_t0_seed04,0.6641763272542534,66.41763272542534,0.6499606210854542,0.15443199980262529,0.49097848473656586,0.6462445096183371,0.3219106919019399,0.11894954311418719,244,1
toy10_market_sensitivity_seeds01_05,0.1,0.25,0.1,0.5,0.2,output_average,output_similarity,0.0,0.0,5,25,experiments/runs/20260511_190418_566393_toy10_market_sensitivity_seeds01_05_r0p1_c0p25_rw0p1_p0p5_n0p2_output_average_output_similarity_a0_t0_seed05,0.6650412116980791,66.5041211698079,0.6498513831966557,0.15448706501701487,0.49043140275259284,0.6458363060299578,0.3206559854314118,0.11925210683847377,223,1
toy10_market_sensitivity_seeds01_05,0.1,0.25,0.1,0.5,0.2,output_average,output_similarity,0.25,0.0,1,25,experiments/runs/20260511_190418_669683_toy10_market_sensitivity_seeds01_05_r0p1_c0p25_rw0p1_p0p5_n0p2_output_average_output_similarity_a0p25_t0_seed01,0.6643632120327523,66.43632120327523,0.6504068270154411,0.15605227018140372,0.4895227676989567,0.6464684878182794,0.32186202864701285,0.1189858265339754,279,1
toy10_market_sensitivity_seeds01_05,0.1,0.25,0.1,0.5,0.2,output_average,output_similarity,0.25,0.0,2,25,experiments/runs/20260511_190418_812773_toy10_market_sensitivity_seeds01_05_r0p1_c0p25_rw0p1_p0p5_n0p2_output_average_output_similarity_a0p25_t0_seed02,0.6641760668409874,66.41760668409874,0.6500345052614154,0.15425332828031807,0.49163136448502515,0.6466590207140552,0.32219632863593417,0.11906935273198829,250,1
toy10_market_sensitivity_seeds01_05,0.1,0.25,0.1,0.5,0.2,output_average,output_similarity,0.25,0.0,3,25,experiments/runs/20260511_190418_954336_toy10_market_sensitivity_seeds01_05_r0p1_c0p25_rw0p1_p0p5_n0p2_output_average_output_similarity_a0p25_t0_seed03,0.6646766038624322,66.46766038624322,0.6505346931300179,0.15616860337535954,0.48980156576935263,0.646810418431057,0.32147962215867765,0.11922348762307938,269,1
toy10_market_sensitivity_seeds01_05,0.1,0.25,0.1,0.5,0.2,output_average,output_similarity,0.25,0.0,4,25,experiments/runs/20260511_190419_099477_toy10_market_sensitivity_seeds01_05_r0p1_c0p25_rw0p1_p0p5_n0p2_output_average_output_similarity_a0p25_t0_seed04,0.6644052532791269,66.4405253279127,0.6509624737995392,0.15830551668532294,0.48723886182751114,0.6465270604449904,0.3220244900753116,0.11881213192269857,251,2
toy10_market_sensitivity_seeds01_05,0.1,0.25,0.1,0.5,0.2,output_average,output_similarity,0.25,0.0,5,25,experiments/runs/20260511_190419_238995_toy10_market_sensitivity_seeds01_05_r0p1_c0p25_rw0p1_p0p5_n0p2_output_average_output_similarity_a0p25_t0_seed05,0.6649793493674088,66.49793493674088,0.6498780936330737,0.15455088273987683,0.49041060905254086,0.6458743932354517,0.32076011710304314,0.1192292509148227,223,1
toy10_market_sensitivity_seeds01_05,0.1,0.25,0.1,0.5,0.5,output_average,output_similarity,0.0,0.0,1,25,experiments/runs/20260511_190419_378953_toy10_market_sensitivity_seeds01_05_r0p1_c0p25_rw0p1_p0p5_n0p5_output_average_output_similarity_a0_t0_seed01,0.665655660710811,66.5655660710811,0.6506690169510354,0.15539000308038414,0.49189606164337357,0.647798834043403,0.3199392856312092,0.12003533693262267,279,2
toy10_market_sensitivity_seeds01_05,0.1,0.25,0.1,0.5,0.5,output_average,output_similarity,0.0,0.0,2,25,experiments/runs/20260511_190419_482312_toy10_market_sensitivity_seeds01_05_r0p1_c0p25_rw0p1_p0p5_n0p5_output_average_output_similarity_a0_t0_seed02,0.6654240829460524,66.54240829460524,0.6503298543618617,0.15364866400505472,0.4940220894373376,0.6480541533635676,0.3203514235847079,0.12011119318110407,250,1
toy10_market_sensitivity_seeds01_05,0.1,0.25,0.1,0.5,0.5,output_average,output_similarity,0.0,0.0,3,25,experiments/runs/20260511_190419_587576_toy10_market_sensitivity_seeds01_05_r0p1_c0p25_rw0p1_p0p5_n0p5_output_average_output_similarity_a0_t0_seed03,0.6659186089671673,66.59186089671672,0.6506991326657953,0.1550860128853465,0.49262450489248766,0.6481476428468812,0.319572016365574,0.1202870739991744,269,3
toy10_market_sensitivity_seeds01_05,0.1,0.25,0.1,0.5,0.5,output_average,output_similarity,0.0,0.0,4,25,experiments/runs/20260511_190419_693185_toy10_market_sensitivity_seeds01_05_r0p1_c0p25_rw0p1_p0p5_n0p5_output_average_output_similarity_a0_t0_seed04,0.6653549297677506,66.53549297677506,0.6502815468939577,0.15389139555603532,0.4933433964637603,0.6476759951110392,0.3201705287358417,0.11996315116303798,244,1
toy10_market_sensitivity_seeds01_05,0.1,0.25,0.1,0.5,0.5,output_average,output_similarity,0.0,0.0,5,25,experiments/runs/20260511_190419_799786_toy10_market_sensitivity_seeds01_05_r0p1_c0p25_rw0p1_p0p5_n0p5_output_average_output_similarity_a0_t0_seed05,0.6662221611935684,66.62221611935684,0.6501765510577283,0.15395686755944887,0.4927924691120152,0.6472765724510405,0.31892953293466175,0.12026931391907514,223,1
toy10_market_sensitivity_seeds01_05,0.1,0.25,0.1,0.5,0.5,output_average,output_similarity,0.25,0.0,1,25,experiments/runs/20260511_190419_903015_toy10_market_sensitivity_seeds01_05_r0p1_c0p25_rw0p1_p0p5_n0p5_output_average_output_similarity_a0p25_t0_seed01,0.6655531548108715,66.55531548108715,0.650723181199253,0.15551321999149603,0.4918662848140197,0.6478821125049642,0.3201316335459717,0.12000079397152874,279,1
toy10_market_sensitivity_seeds01_05,0.1,0.25,0.1,0.5,0.5,output_average,output_similarity,0.25,0.0,2,25,experiments/runs/20260511_190420_046339_toy10_market_sensitivity_seeds01_05_r0p1_c0p25_rw0p1_p0p5_n0p5_output_average_output_similarity_a0p25_t0_seed02,0.6653613049449899,66.53613049449899,0.6503532230975715,0.15371202534809303,0.49398884169409996,0.6480816597915589,0.32045922246592534,0.12008469321262845,250,1
toy10_market_sensitivity_seeds01_05,0.1,0.25,0.1,0.5,0.5,output_average,output_similarity,0.25,0.0,3,25,experiments/runs/20260511_190420_187673_toy10_market_sensitivity_seeds01_05_r0p1_c0p25_rw0p1_p0p5_n0p5_output_average_output_similarity_a0p25_t0_seed03,0.6658642409014849,66.58642409014848,0.6508529680575814,0.15561841936410276,0.49217503350211994,0.6482403407385603,0.3197247130365011,0.12024376084921834,269,2
toy10_market_sensitivity_seeds01_05,0.1,0.25,0.1,0.5,0.5,output_average,output_similarity,0.25,0.0,4,25,experiments/runs/20260511_190420_327332_toy10_market_sensitivity_seeds01_05_r0p1_c0p25_rw0p1_p0p5_n0p5_output_average_output_similarity_a0p25_t0_seed04,0.6655810698301355,66.55810698301356,0.651285580350252,0.15776609433620692,0.4896101327285939,0.6479650673390107,0.32028379214675823,0.11982726194120782,251,2
toy10_market_sensitivity_seeds01_05,0.1,0.25,0.1,0.5,0.5,output_average,output_similarity,0.25,0.0,5,25,experiments/runs/20260511_190420_467555_toy10_market_sensitivity_seeds01_05_r0p1_c0p25_rw0p1_p0p5_n0p5_output_average_output_similarity_a0p25_t0_seed05,0.6661594736803795,66.61594736803795,0.6502036323026602,0.1540209861338867,0.4927725569428677,0.6473158056442796,0.3190336050844726,0.1202461270820277,223,1
toy10_market_sensitivity_seeds01_05,0.1,0.45,0.0,0.5,0.2,output_average,output_similarity,0.0,0.0,1,25,experiments/runs/20260511_190420_608728_toy10_market_sensitivity_seeds01_05_r0p1_c0p45_rw0_p0p5_n0p2_output_average_output_similarity_a0_t0_seed01,0.6681437974116224,66.81437974116224,0.6499931099480603,0.15757169140981975,0.48482905697260137,0.6437261753576826,0.31932617455971424,0.0727741753309728,0,1
toy10_market_sensitivity_seeds01_05,0.1,0.45,0.0,0.5,0.2,output_average,output_similarity,0.0,0.0,2,25,experiments/runs/20260511_190420_703169_toy10_market_sensitivity_seeds01_05_r0p1_c0p45_rw0_p0p5_n0p2_output_average_output_similarity_a0_t0_seed02,0.6669670202782402,66.69670202782402,0.6482441068692869,0.15071413337245476,0.4915481607322384,0.6432456959540032,0.32034423861048894,0.07142705213518853,0,1
toy10_market_sensitivity_seeds01_05,0.1,0.45,0.0,0.5,0.2,output_average,output_similarity,0.0,0.0,3,25,experiments/runs/20260511_190420_798487_toy10_market_sensitivity_seeds01_05_r0p1_c0p45_rw0_p0p5_n0p2_output_average_output_similarity_a0_t0_seed03,0.667654307080398,66.7654307080398,0.6482768080856098,0.15061082695444672,0.4918855784335461,0.6434371223420082,0.31951993446520177,0.07173754774659619,0,1
toy10_market_sensitivity_seeds01_05,0.1,0.45,0.0,0.5,0.2,output_average,output_similarity,0.0,0.0,4,25,experiments/runs/20260511_190420_893962_toy10_market_sensitivity_seeds01_05_r0p1_c0p45_rw0_p0p5_n0p2_output_average_output_similarity_a0_t0_seed04,0.667456439848995,66.7456439848995,0.6493228179291674,0.15533446395499656,0.4866223438066762,0.6432157337813871,0.3198820557750686,0.07216335643906514,0,1
toy10_market_sensitivity_seeds01_05,0.1,0.45,0.0,0.5,0.2,output_average,output_similarity,0.0,0.0,5,25,experiments/runs/20260511_190420_988065_toy10_market_sensitivity_seeds01_05_r0p1_c0p45_rw0_p0p5_n0p2_output_average_output_similarity_a0_t0_seed05,0.6678530898293857,66.78530898293857,0.6475979516555453,0.1490085935643341,0.4923746194935132,0.6423965317232729,0.3189711570046753,0.07150780093327289,0,1
toy10_market_sensitivity_seeds01_05,0.1,0.45,0.0,0.5,0.2,output_average,output_similarity,0.25,0.0,1,25,experiments/runs/20260511_190421_084702_toy10_market_sensitivity_seeds01_05_r0p1_c0p45_rw0_p0p5_n0p2_output_average_output_similarity_a0p25_t0_seed01,0.6681396709821894,66.81396709821894,0.6500036501756735,0.15760137076366,0.4848118591753737,0.643735124542225,0.3193755757683785,0.07277462973275255,0,1
toy10_market_sensitivity_seeds01_05,0.1,0.45,0.0,0.5,0.2,output_average,output_similarity,0.25,0.0,2,25,experiments/runs/20260511_190421_217585_toy10_market_sensitivity_seeds01_05_r0p1_c0p45_rw0_p0p5_n0p2_output_average_output_similarity_a0p25_t0_seed02,0.6670095859128063,66.70095859128064,0.6482204036737862,0.15068318222921906,0.4915152502367065,0.6431864943464595,0.32031242992647946,0.07143916615587446,0,1
toy10_market_sensitivity_seeds01_05,0.1,0.45,0.0,0.5,0.2,output_average,output_similarity,0.25,0.0,3,25,experiments/runs/20260511_190421_350713_toy10_market_sensitivity_seeds01_05_r0p1_c0p45_rw0_p0p5_n0p2_output_average_output_similarity_a0p25_t0_seed03,0.6676589070481538,66.76589070481538,0.6482777998659476,0.15063273580313052,0.491845727857529,0.6434191270636866,0.31956717362443376,0.07174266507428644,0,1
toy10_market_sensitivity_seeds01_05,0.1,0.45,0.0,0.5,0.2,output_average,output_similarity,0.25,0.0,4,25,experiments/runs/20260511_190421_482021_toy10_market_sensitivity_seeds01_05_r0p1_c0p45_rw0_p0p5_n0p2_output_average_output_similarity_a0p25_t0_seed04,0.6674564690887537,66.74564690887537,0.6493233082519458,0.15535163642891242,0.4865899601499583,0.6432013651060552,0.3199195633301959,0.07216518472097637,0,1
toy10_market_sensitivity_seeds01_05,0.1,0.45,0.0,0.5,0.2,output_average,output_similarity,0.25,0.0,5,25,experiments/runs/20260511_190421_615945_toy10_market_sensitivity_seeds01_05_r0p1_c0p45_rw0_p0p5_n0p2_output_average_output_similarity_a0p25_t0_seed05,0.6679022842682617,66.79022842682618,0.6475735829379827,0.1489737102355458,0.49234691128083946,0.6423379935552628,0.318930932815827,0.0715258851776719,0,1
toy10_market_sensitivity_seeds01_05,0.1,0.45,0.0,0.5,0.5,output_average,output_similarity,0.0,0.0,1,25,experiments/runs/20260511_190421_748862_toy10_market_sensitivity_seeds01_05_r0p1_c0p45_rw0_p0p5_n0p5_output_average_output_similarity_a0_t0_seed01,0.6696274144111182,66.96274144111182,0.650196578619732,0.15709929583103344,0.48658772281686113,0.6446659779051148,0.31788953957382204,0.07345805218969804,0,1
toy10_market_sensitivity_seeds01_05,0.1,0.45,0.0,0.5,0.5,output_average,output_similarity,0.0,0.0,2,25,experiments/runs/20260511_190421_844501_toy10_market_sensitivity_seeds01_05_r0p1_c0p45_rw0_p0p5_n0p5_output_average_output_similarity_a0_t0_seed02,0.6684534760295953,66.84534760295952,0.6484461850565549,0.15023634872536623,0.49331204277548707,0.644183828119445,0.3188975003540013,0.0721071833119501,0,1
toy10_market_sensitivity_seeds01_05,0.1,0.45,0.0,0.5,0.5,output_average,output_similarity,0.0,0.0,3,25,experiments/runs/20260511_190421_938874_toy10_market_sensitivity_seeds01_05_r0p1_c0p45_rw0_p0p5_n0p5_output_average_output_similarity_a0_t0_seed03,0.6691352367666815,66.91352367666815,0.6484814851775027,0.1501335580378957,0.49365882463421956,0.6443852010495249,0.3180716018317671,0.0724176671393271,0,1
toy10_market_sensitivity_seeds01_05,0.1,0.45,0.0,0.5,0.5,output_average,output_similarity,0.0,0.0,4,25,experiments/runs/20260511_190422_034405_toy10_market_sensitivity_seeds01_05_r0p1_c0p45_rw0_p0p5_n0p5_output_average_output_similarity_a0_t0_seed04,0.6689306043028094,66.89306043028094,0.6495282669043563,0.1548589251611966,0.48839521729503155,0.6441659754091147,0.3184345970063909,0.0728413050143029,0,1
toy10_market_sensitivity_seeds01_05,0.1,0.45,0.0,0.5,0.5,output_average,output_similarity,0.0,0.0,5,25,experiments/runs/20260511_190422_131096_toy10_market_sensitivity_seeds01_05_r0p1_c0p45_rw0_p0p5_n0p5_output_average_output_similarity_a0_t0_seed05,0.6693227863967359,66.9322786396736,0.6478102063125679,0.14854455215377493,0.49415172094272186,0.6433635671671452,0.31753564829441655,0.07218424829227917,0,1
toy10_market_sensitivity_seeds01_05,0.1,0.45,0.0,0.5,0.5,output_average,output_similarity,0.25,0.0,1,25,experiments/runs/20260511_190422_226530_toy10_market_sensitivity_seeds01_05_r0p1_c0p45_rw0_p0p5_n0p5_output_average_output_similarity_a0p25_t0_seed01,0.6696202977025568,66.96202977025568,0.6502081668987892,0.15712742686798936,0.48657781385917837,0.644680178092569,0.31793422807047705,0.0734575921277887,0,1
toy10_market_sensitivity_seeds01_05,0.1,0.45,0.0,0.5,0.5,output_average,output_similarity,0.25,0.0,2,25,experiments/runs/20260511_190422_356934_toy10_market_sensitivity_seeds01_05_r0p1_c0p45_rw0_p0p5_n0p5_output_average_output_similarity_a0p25_t0_seed02,0.6684926788898266,66.84926788898265,0.6484238388110966,0.15020518735026767,0.4932849805438513,0.644130126067471,0.31886305631183487,0.07211824706536926,0,1
toy10_market_sensitivity_seeds01_05,0.1,0.45,0.0,0.5,0.5,output_average,output_similarity,0.25,0.0,3,25,experiments/runs/20260511_190422_485114_toy10_market_sensitivity_seeds01_05_r0p1_c0p45_rw0_p0p5_n0p5_output_average_output_similarity_a0p25_t0_seed03,0.6691357712295187,66.91357712295188,0.6484839822062571,0.15015404460305193,0.4936278396189244,0.6443741385478177,0.31811360266566935,0.07242069096797317,0,1
toy10_market_sensitivity_seeds01_05,0.1,0.45,0.0,0.5,0.5,output_average,output_similarity,0.25,0.0,4,25,experiments/runs/20260511_190422_617257_toy10_market_sensitivity_seeds01_05_r0p1_c0p45_rw0_p0p5_n0p5_output_average_output_similarity_a0p25_t0_seed04,0.6689280260429018,66.89280260429018,0.6495297128053507,0.15487551761450963,0.4883678159923835,0.6441557927243085,0.318469411624452,0.07284183524416861,0,1
toy10_market_sensitivity_seeds01_05,0.1,0.45,0.0,0.5,0.5,output_average,output_similarity,0.25,0.0,5,25,experiments/runs/20260511_190422_748525_toy10_market_sensitivity_seeds01_05_r0p1_c0p45_rw0_p0p5_n0p5_output_average_output_similarity_a0p25_t0_seed05,0.6693683984626975,66.93683984626975,0.6477872325253481,0.1485090846259336,0.494130760849525,0.6433108714104407,0.3174921194877214,0.07220045492593723,0,1
toy10_market_sensitivity_seeds01_05,0.1,0.45,0.05,0.5,0.2,output_average,output_similarity,0.0,0.0,1,25,experiments/runs/20260511_190422_882512_toy10_market_sensitivity_seeds01_05_r0p1_c0p45_rw0p05_p0p5_n0p2_output_average_output_similarity_a0_t0_seed01,0.6676397756797744,66.76397756797743,0.6485383795984514,0.15185654718895064,0.4904404240159039,0.6433403500732444,0.319604622051061,0.07188317155765006,132,1
toy10_market_sensitivity_seeds01_05,0.1,0.45,0.05,0.5,0.2,output_average,output_similarity,0.0,0.0,2,25,experiments/runs/20260511_190422_983501_toy10_market_sensitivity_seeds01_05_r0p1_c0p45_rw0p05_p0p5_n0p2_output_average_output_similarity_a0_t0_seed02,0.6671245673614641,66.71245673614641,0.6482299054192304,0.15045967269140031,0.4920002762941211,0.6434009502949225,0.32014555275384327,0.07140793373784783,136,1
toy10_market_sensitivity_seeds01_05,0.1,0.45,0.05,0.5,0.2,output_average,output_similarity,0.0,0.0,3,25,experiments/runs/20260511_190423_093516_toy10_market_sensitivity_seeds01_05_r0p1_c0p45_rw0p05_p0p5_n0p2_output_average_output_similarity_a0_t0_seed03,0.6676650697795452,66.76650697795452,0.6482831737147033,0.150606463467703,0.4919197679234072,0.6434580711231733,0.31942332175530674,0.07169921479982078,156,2
toy10_market_sensitivity_seeds01_05,0.1,0.45,0.05,0.5,0.2,output_average,output_similarity,0.0,0.0,4,25,experiments/runs/20260511_190423_196707_toy10_market_sensitivity_seeds01_05_r0p1_c0p45_rw0p05_p0p5_n0p2_output_average_output_similarity_a0_t0_seed04,0.6672416452332582,66.72416452332583,0.6486565448820977,0.15270400302925363,0.48921817346988355,0.6430509692737724,0.32003835698443645,0.07172866497723505,126,1
toy10_market_sensitivity_seeds01_05,0.1,0.45,0.05,0.5,0.2,output_average,output_similarity,0.0,0.0,5,25,experiments/runs/20260511_190423_299470_toy10_market_sensitivity_seeds01_05_r0p1_c0p45_rw0p05_p0p5_n0p2_output_average_output_similarity_a0_t0_seed05,0.6682181000340819,66.82181000340819,0.6486543177562759,0.1531400226806121,0.4883372256638795,0.6426890698974732,0.31862750243235305,0.07223548346476802,114,1
toy10_market_sensitivity_seeds01_05,0.1,0.45,0.05,0.5,0.2,output_average,output_similarity,0.25,0.0,1,25,experiments/runs/20260511_190423_402653_toy10_market_sensitivity_seeds01_05_r0p1_c0p45_rw0p05_p0p5_n0p2_output_average_output_similarity_a0p25_t0_seed01,0.6676049190143989,66.76049190143989,0.6485665404790035,0.15191774948195125,0.4904306629521117,0.643384539125568,0.3196973426628182,0.07187663781435456,132,1
toy10_market_sensitivity_seeds01_05,0.1,0.45,0.05,0.5,0.2,output_average,output_similarity,0.25,0.0,2,25,experiments/runs/20260511_190423_543086_toy10_market_sensitivity_seeds01_05_r0p1_c0p45_rw0p05_p0p5_n0p2_output_average_output_similarity_a0p25_t0_seed02,0.667134975099373,66.7134975099373,0.6482204164477738,0.15045759709983697,0.49196647159142093,0.6433678241469295,0.32015673483569934,0.07141227960749368,136,1
toy10_market_sensitivity_seeds01_05,0.1,0.45,0.05,0.5,0.2,output_average,output_similarity,0.25,0.0,3,25,experiments/runs/20260511_190423_682896_toy10_market_sensitivity_seeds01_05_r0p1_c0p45_rw0p05_p0p5_n0p2_output_average_output_similarity_a0p25_t0_seed03,0.6676695533682759,66.76695533682759,0.6481708583454047,0.15006967426569684,0.49254408485022494,0.6435022600156545,0.3194918125325005,0.07162187027330456,158,1
toy10_market_sensitivity_seeds01_05,0.1,0.45,0.05,0.5,0.2,output_average,output_similarity,0.25,0.0,4,25,experiments/runs/20260511_190423_822901_toy10_market_sensitivity_seeds01_05_r0p1_c0p45_rw0p05_p0p5_n0p2_output_average_output_similarity_a0p25_t0_seed04,0.6672134594619429,66.72134594619429,0.6486761706388485,0.15275668712905693,0.48919130829728014,0.6430733461187844,0.32012515501495636,0.07172271141507554,126,1
toy10_market_sensitivity_seeds01_05,0.1,0.45,0.05,0.5,0.2,output_average,output_similarity,0.25,0.0,5,25,experiments/runs/20260511_190423_960977_toy10_market_sensitivity_seeds01_05_r0p1_c0p45_rw0p05_p0p5_n0p2_output_average_output_similarity_a0p25_t0_seed05,0.6682492732796115,66.82492732796115,0.6486339853069425,0.15311487596064227,0.48830618930648534,0.6426370580996239,0.31860396196069407,0.07224513752236382,114,1
toy10_market_sensitivity_seeds01_05,0.1,0.45,0.05,0.5,0.5,output_average,output_similarity,0.0,0.0,1,25,experiments/runs/20260511_190424_099985_toy10_market_sensitivity_seeds01_05_r0p1_c0p45_rw0p05_p0p5_n0p5_output_average_output_similarity_a0_t0_seed01,0.6691241635875379,66.91241635875379,0.6487416848499478,0.15138522922499953,0.49219628094979173,0.6442784435698041,0.31817012303610986,0.07256512869038544,132,1
toy10_market_sensitivity_seeds01_05,0.1,0.45,0.05,0.5,0.5,output_average,output_similarity,0.0,0.0,2,25,experiments/runs/20260511_190424_201543_toy10_market_sensitivity_seeds01_05_r0p1_c0p45_rw0p05_p0p5_n0p5_output_average_output_similarity_a0_t0_seed02,0.6686119333846995,66.86119333846995,0.6484313628610402,0.14998262839185378,0.49376019466045334,0.6443360331098914,0.3187022489707701,0.07208971471518533,136,1
toy10_market_sensitivity_seeds01_05,0.1,0.45,0.05,0.5,0.5,output_average,output_similarity,0.0,0.0,3,25,experiments/runs/20260511_190424_302028_toy10_market_sensitivity_seeds01_05_r0p1_c0p45_rw0p05_p0p5_n0p5_output_average_output_similarity_a0_t0_seed03,0.6691468380514877,66.91468380514877,0.6484874663811021,0.15012926469814492,0.4936913361281188,0.6444046075859368,0.3179760159292711,0.07237900109306153,156,2
toy10_market_sensitivity_seeds01_05,0.1,0.45,0.05,0.5,0.5,output_average,output_similarity,0.0,0.0,4,25,experiments/runs/20260511_190424_405984_toy10_market_sensitivity_seeds01_05_r0p1_c0p45_rw0p05_p0p5_n0p5_output_average_output_similarity_a0_t0_seed04,0.6687173155790381,66.87173155790381,0.6488615756997296,0.15222897228767002,0.4909883582235785,0.643999074099145,0.3185923622871061,0.07240576899539797,126,1
toy10_market_sensitivity_seeds01_05,0.1,0.45,0.05,0.5,0.5,output_average,output_similarity,0.0,0.0,5,25,experiments/runs/20260511_190424_506614_toy10_market_sensitivity_seeds01_05_r0p1_c0p45_rw0p05_p0p5_n0p5_output_average_output_similarity_a0_t0_seed05,0.6696839490450718,66.96839490450718,0.6488677018939975,0.15267434548080727,0.4901221166143751,0.6436619650863239,0.3171875388995119,0.07291213808603124,114,1
toy10_market_sensitivity_seeds01_05,0.1,0.45,0.05,0.5,0.5,output_average,output_similarity,0.25,0.0,1,25,experiments/runs/20260511_190424_607026_toy10_market_sensitivity_seeds01_05_r0p1_c0p45_rw0p05_p0p5_n0p5_output_average_output_similarity_a0p25_t0_seed01,0.6690743974072962,66.90743974072963,0.648776435250759,0.15145693839865504,0.4921918642057257,0.6443371971440303,0.3182766727076641,0.07255355045562978,132,1
toy10_market_sensitivity_seeds01_05,0.1,0.45,0.05,0.5,0.5,output_average,output_similarity,0.25,0.0,2,25,experiments/runs/20260511_190424_745856_toy10_market_sensitivity_seeds01_05_r0p1_c0p45_rw0p05_p0p5_n0p5_output_average_output_similarity_a0p25_t0_seed02,0.6686078332380652,66.86078332380652,0.6484289486602427,0.14999089155729373,0.49373401152638363,0.6443194213535454,0.3187258765119354,0.07208889145557462,136,1
toy10_market_sensitivity_seeds01_05,0.1,0.45,0.05,0.5,0.5,output_average,output_similarity,0.25,0.0,3,25,experiments/runs/20260511_190424_884909_toy10_market_sensitivity_seeds01_05_r0p1_c0p45_rw0p05_p0p5_n0p5_output_average_output_similarity_a0p25_t0_seed03,0.6691412177080669,66.91412177080669,0.6483800086162206,0.149598528254542,0.49432297795579816,0.6444610977366833,0.31805095738876377,0.07229859601749615,158,1
toy10_market_sensitivity_seeds01_05,0.1,0.45,0.05,0.5,0.5,output_average,output_similarity,0.25,0.0,4,25,experiments/runs/20260511_190425_026147_toy10_market_sensitivity_seeds01_05_r0p1_c0p45_rw0p05_p0p5_n0p5_output_average_output_similarity_a0p25_t0_seed04,0.6686644745092295,66.86644745092295,0.6488925850624545,0.15229976816980834,0.4909708039102015,0.6440463783029687,0.3187029580350332,0.0723917658249429,126,1
toy10_market_sensitivity_seeds01_05,0.1,0.45,0.05,0.5,0.5,output_average,output_similarity,0.25,0.0,5,25,experiments/runs/20260511_190425_168976_toy10_market_sensitivity_seeds01_05_r0p1_c0p45_rw0p05_p0p5_n0p5_output_average_output_similarity_a0p25_t0_seed05,0.6697001283970265,66.97001283970265,0.648854489362252,0.15266098073262396,0.49009599598376014,0.6436254291704466,0.3171795886888367,0.07291674730820909,114,1
toy10_market_sensitivity_seeds01_05,0.1,0.45,0.1,0.5,0.2,output_average,output_similarity,0.0,0.0,1,25,experiments/runs/20260511_190425_308578_toy10_market_sensitivity_seeds01_05_r0p1_c0p45_rw0p1_p0p5_n0p2_output_average_output_similarity_a0_t0_seed01,0.667509923996667,66.7509923996667,0.6490708556967706,0.15426447194393583,0.4877544788992106,0.6432260628597917,0.3197852632205443,0.07206975011898054,279,2
toy10_market_sensitivity_seeds01_05,0.1,0.45,0.1,0.5,0.2,output_average,output_similarity,0.0,0.0,2,25,experiments/runs/20260511_190425_415137_toy10_market_sensitivity_seeds01_05_r0p1_c0p45_rw0p1_p0p5_n0p2_output_average_output_similarity_a0_t0_seed02,0.6672772314191079,66.72772314191079,0.6487393343422443,0.152513216070154,0.48993090522866933,0.6434969434934333,0.32018624329539525,0.07171451238927369,250,1
toy10_market_sensitivity_seeds01_05,0.1,0.45,0.1,0.5,0.2,output_average,output_similarity,0.0,0.0,3,25,experiments/runs/20260511_190425_520044_toy10_market_sensitivity_seeds01_05_r0p1_c0p45_rw0p1_p0p5_n0p2_output_average_output_similarity_a0_t0_seed03,0.6677889853257206,66.77889853257206,0.6490954966040063,0.15397836534932058,0.4884252557173843,0.6435309479731574,0.3194691647525745,0.07219612862919549,269,2
toy10_market_sensitivity_seeds01_05,0.1,0.45,0.1,0.5,0.2,output_average,output_similarity,0.0,0.0,4,25,experiments/runs/20260511_190425_633686_toy10_market_sensitivity_seeds01_05_r0p1_c0p45_rw0p1_p0p5_n0p2_output_average_output_similarity_a0_t0_seed04,0.6672463756156723,66.72463756156723,0.6486723085491876,0.15277053356143622,0.48914816707387765,0.6430494286534476,0.32005064767294705,0.07171667081811962,244,1
toy10_market_sensitivity_seeds01_05,0.1,0.45,0.1,0.5,0.2,output_average,output_similarity,0.0,0.0,5,25,experiments/runs/20260511_190425_748969_toy10_market_sensitivity_seeds01_05_r0p1_c0p45_rw0p1_p0p5_n0p2_output_average_output_similarity_a0_t0_seed05,0.6681185334509132,66.81185334509132,0.6485608300656374,0.15284750751553017,0.4885483052314891,0.642609651999442,0.31884331851291925,0.07214122185734499,223,1
toy10_market_sensitivity_seeds01_05,0.1,0.45,0.1,0.5,0.2,output_average,output_similarity,0.25,0.0,1,25,experiments/runs/20260511_190425_853517_toy10_market_sensitivity_seeds01_05_r0p1_c0p45_rw0p1_p0p5_n0p2_output_average_output_similarity_a0p25_t0_seed01,0.6674738253745115,66.74738253745114,0.6490979403586209,0.1543232434174206,0.4877452745996422,0.6432687452960708,0.3198746320151246,0.07206318209253657,279,1
toy10_market_sensitivity_seeds01_05,0.1,0.45,0.1,0.5,0.2,output_average,output_similarity,0.25,0.0,2,25,experiments/runs/20260511_190425_997402_toy10_market_sensitivity_seeds01_05_r0p1_c0p45_rw0p1_p0p5_n0p2_output_average_output_similarity_a0p25_t0_seed02,0.6672833864771457,66.72833864771457,0.6487329477113478,0.15251526787608322,0.48990125509322496,0.643471103592328,0.3202019394752309,0.0717161324265674,250,1
toy10_market_sensitivity_seeds01_05,0.1,0.45,0.1,0.5,0.2,output_average,output_similarity,0.25,0.0,3,25,experiments/runs/20260511_190426_140278_toy10_market_sensitivity_seeds01_05_r0p1_c0p45_rw0p1_p0p5_n0p2_output_average_output_similarity_a0p25_t0_seed03,0.6678092107891324,66.78092107891324,0.6492142490668762,0.15443506926438066,0.4879868577387432,0.6435676247336579,0.3195033342584217,0.07226084724891658,267,2
toy10_market_sensitivity_seeds01_05,0.1,0.45,0.1,0.5,0.2,output_average,output_similarity,0.25,0.0,4,25,experiments/runs/20260511_190426_288916_toy10_market_sensitivity_seeds01_05_r0p1_c0p45_rw0p1_p0p5_n0p2_output_average_output_similarity_a0p25_t0_seed04,0.6675692858522191,66.75692858522191,0.6496256073499267,0.1565379162614986,0.4854265968767094,0.6432856420750772,0.3199687585444104,0.07232608976773545,251,1
toy10_market_sensitivity_seeds01_05,0.1,0.45,0.1,0.5,0.2,output_average,output_similarity,0.25,0.0,5,25,experiments/runs/20260511_190426_457718_toy10_market_sensitivity_seeds01_05_r0p1_c0p45_rw0p1_p0p5_n0p2_output_average_output_similarity_a0p25_t0_seed05,0.6681158609661074,66.81158609661074,0.6485586880013523,0.15285706243553343,0.4885206271343424,0.6425920807209949,0.3188697351131954,0.07214198051927657,223,1
toy10_market_sensitivity_seeds01_05,0.1,0.45,0.1,0.5,0.5,output_average,output_similarity,0.0,0.0,1,25,experiments/runs/20260511_190426_600987_toy10_market_sensitivity_seeds01_05_r0p1_c0p45_rw0p1_p0p5_n0p5_output_average_output_similarity_a0_t0_seed01,0.668993145893655,66.8993145893655,0.6492747604217984,0.15379366542666323,0.4895117108338672,0.6441659446349002,0.31835003504322573,0.0727518089872286,279,3
toy10_market_sensitivity_seeds01_05,0.1,0.45,0.1,0.5,0.5,output_average,output_similarity,0.0,0.0,2,25,experiments/runs/20260511_190426_707371_toy10_market_sensitivity_seeds01_05_r0p1_c0p45_rw0p1_p0p5_n0p5_output_average_output_similarity_a0_t0_seed02,0.668764920230946,66.8764920230946,0.6489407929549498,0.15203609180030597,0.4916909882191871,0.6444321647964447,0.31874244081052905,0.07239684005470111,250,1
toy10_market_sensitivity_seeds01_05,0.1,0.45,0.1,0.5,0.5,output_average,output_similarity,0.0,0.0,3,25,experiments/runs/20260511_190426_814047_toy10_market_sensitivity_seeds01_05_r0p1_c0p45_rw0p1_p0p5_n0p5_output_average_output_similarity_a0_t0_seed03,0.6692694592389814,66.92694592389815,0.6493003458275988,0.15350092291712053,0.4901995374761538,0.644479912958893,0.3180199379298871,0.07287685091776198,269,2
toy10_market_sensitivity_seeds01_05,0.1,0.45,0.1,0.5,0.5,output_average,output_similarity,0.0,0.0,4,25,experiments/runs/20260511_190426_919040_toy10_market_sensitivity_seeds01_05_r0p1_c0p45_rw0p1_p0p5_n0p5_output_average_output_similarity_a0_t0_seed04,0.6687218622709602,66.87218622709602,0.6488773955883969,0.1522954417268696,0.4909186988998486,0.643997808569955,0.31860440687974106,0.07239337761626632,244,1
toy10_market_sensitivity_seeds01_05,0.1,0.45,0.1,0.5,0.5,output_average,output_similarity,0.0,0.0,5,25,experiments/runs/20260511_190427_024485_toy10_market_sensitivity_seeds01_05_r0p1_c0p45_rw0p1_p0p5_n0p5_output_average_output_similarity_a0_t0_seed05,0.6695889757577257,66.95889757577257,0.6487727278253206,0.15238385112651748,0.4903232090482474,0.643575067198954,0.3174092691330187,0.0728196734901288,223,1
toy10_market_sensitivity_seeds01_05,0.1,0.45,0.1,0.5,0.5,output_average,output_similarity,0.25,0.0,1,25,experiments/runs/20260511_190427_129451_toy10_market_sensitivity_seeds01_05_r0p1_c0p45_rw0p1_p0p5_n0p5_output_average_output_similarity_a0p25_t0_seed01,0.6689270320822337,66.89270320822337,0.6493144947994718,0.1538762278589924,0.48950552347990234,0.6442333592108491,0.31847403029413857,0.07273521277276324,279,1
toy10_market_sensitivity_seeds01_05,0.1,0.45,0.1,0.5,0.5,output_average,output_similarity,0.25,0.0,2,25,experiments/runs/20260511_190427_276845_toy10_market_sensitivity_seeds01_05_r0p1_c0p45_rw0p1_p0p5_n0p5_output_average_output_similarity_a0p25_t0_seed02,0.6687327251069413,66.87327251069412,0.6489526018562206,0.1520727068201378,0.4916649937846069,0.6444415815412438,0.31880774714382343,0.07238652010819964,250,1
toy10_market_sensitivity_seeds01_05,0.1,0.45,0.1,0.5,0.5,output_average,output_similarity,0.25,0.0,3,25,experiments/runs/20260511_190427_437042_toy10_market_sensitivity_seeds01_05_r0p1_c0p45_rw0p1_p0p5_n0p5_output_average_output_similarity_a0p25_t0_seed03,0.6692436572250492,66.92436572250492,0.6494414033124096,0.1540006361231675,0.4897643410033037,0.6445592641505123,0.31811621169332427,0.07292802785207213,269,1
toy10_market_sensitivity_seeds01_05,0.1,0.45,0.1,0.5,0.5,output_average,output_similarity,0.25,0.0,4,25,experiments/runs/20260511_190427_581023_toy10_market_sensitivity_seeds01_05_r0p1_c0p45_rw0p1_p0p5_n0p5_output_average_output_similarity_a0p25_t0_seed04,0.6689970850068182,66.89970850068183,0.6498540218090093,0.1561050291068659,0.48720602902230553,0.6442807517623311,0.31858184580424337,0.07299041102593336,251,1
toy10_market_sensitivity_seeds01_05,0.1,0.45,0.1,0.5,0.5,output_average,output_similarity,0.25,0.0,5,25,experiments/runs/20260511_190427_724163_toy10_market_sensitivity_seeds01_05_r0p1_c0p45_rw0p1_p0p5_n0p5_output_average_output_similarity_a0p25_t0_seed05,0.669559349558386,66.9559349558386,0.6487815948591802,0.15241524189136235,0.4902958956539962,0.6435783041894924,0.31746817926479215,0.0728112518583251,223,1
