toy,scenario,training_backend,resolved_training_backend,device,agent_count,epochs,seed,repeat_index,warmup_runs,repeats,run_id,epoch,policy_rule,coordination_mixer,stage,seconds
toy2,neural_output_average,tensor_batched,tensor_batched,cpu,1024,5,1,0,0,5,toy2_gpu_core_neural_output_average_tensor_batched_1024_cpu_repeat00,0,neural_policy,output_average,make_run_dir,0.0007068520644679666
toy2,neural_output_average,tensor_batched,tensor_batched,cpu,1024,5,1,0,0,5,toy2_gpu_core_neural_output_average_tensor_batched_1024_cpu_repeat00,0,neural_policy,output_average,write_metadata,0.0026808399707078934
toy2,neural_output_average,tensor_batched,tensor_batched,cpu,1024,5,1,0,0,5,toy2_gpu_core_neural_output_average_tensor_batched_1024_cpu_repeat00,0,neural_policy,output_average,initial_state,0.29552176396828145
toy2,neural_output_average,tensor_batched,tensor_batched,cpu,1024,5,1,0,0,5,toy2_gpu_core_neural_output_average_tensor_batched_1024_cpu_repeat00,0,neural_policy,output_average,writer_setup,0.0006772859487682581
toy2,neural_output_average,tensor_batched,tensor_batched,cpu,1024,5,1,0,0,5,toy2_gpu_core_neural_output_average_tensor_batched_1024_cpu_repeat00,0,neural_policy,output_average,initial_step_result,0.007319847005419433
toy2,neural_output_average,tensor_batched,tensor_batched,cpu,1024,5,1,0,0,5,toy2_gpu_core_neural_output_average_tensor_batched_1024_cpu_repeat00,0,neural_policy,output_average,initial_aggregate_row,0.0029828830156475306
toy2,neural_output_average,tensor_batched,tensor_batched,cpu,1024,5,1,0,0,5,toy2_gpu_core_neural_output_average_tensor_batched_1024_cpu_repeat00,0,neural_policy,output_average,write_initial_aggregate,5.0525995902717113e-05
toy2,neural_output_average,tensor_batched,tensor_batched,cpu,1024,5,1,0,0,5,toy2_gpu_core_neural_output_average_tensor_batched_1024_cpu_repeat00,1,neural_policy,output_average,sample_revision_mask,2.2432999685406685e-05
toy2,neural_output_average,tensor_batched,tensor_batched,cpu,1024,5,1,0,0,5,toy2_gpu_core_neural_output_average_tensor_batched_1024_cpu_repeat00,1,neural_policy,output_average,build_step_context,1.4947960153222084e-05
toy2,neural_output_average,tensor_batched,tensor_batched,cpu,1024,5,1,0,0,5,toy2_gpu_core_neural_output_average_tensor_batched_1024_cpu_repeat00,1,neural_policy,output_average,neural_context_peers,7.072929292917252e-06
toy2,neural_output_average,tensor_batched,tensor_batched,cpu,1024,5,1,0,0,5,toy2_gpu_core_neural_output_average_tensor_batched_1024_cpu_repeat00,1,neural_policy,output_average,build_observations,0.0002174429828301072
toy2,neural_output_average,tensor_batched,tensor_batched,cpu,1024,5,1,0,0,5,toy2_gpu_core_neural_output_average_tensor_batched_1024_cpu_repeat00,1,neural_policy,output_average,policy_readout,0.00040993804577738047
toy2,neural_output_average,tensor_batched,tensor_batched,cpu,1024,5,1,0,0,5,toy2_gpu_core_neural_output_average_tensor_batched_1024_cpu_repeat00,1,neural_policy,output_average,decision_selection,0.000545616028830409
toy2,neural_output_average,tensor_batched,tensor_batched,cpu,1024,5,1,0,0,5,toy2_gpu_core_neural_output_average_tensor_batched_1024_cpu_repeat00,1,neural_policy,output_average,local_trainable_parameters,0.0009314579656347632
toy2,neural_output_average,tensor_batched,tensor_batched,cpu,1024,5,1,0,0,5,toy2_gpu_core_neural_output_average_tensor_batched_1024_cpu_repeat00,1,neural_policy,output_average,local_loss_forward,0.0009123019408434629
toy2,neural_output_average,tensor_batched,tensor_batched,cpu,1024,5,1,0,0,5,toy2_gpu_core_neural_output_average_tensor_batched_1024_cpu_repeat00,1,neural_policy,output_average,local_autograd_grad,0.0017561140703037381
toy2,neural_output_average,tensor_batched,tensor_batched,cpu,1024,5,1,0,0,5,toy2_gpu_core_neural_output_average_tensor_batched_1024_cpu_repeat00,1,neural_policy,output_average,local_adam_update,0.0026386200916022062
toy2,neural_output_average,tensor_batched,tensor_batched,cpu,1024,5,1,0,0,5,toy2_gpu_core_neural_output_average_tensor_batched_1024_cpu_repeat00,1,neural_policy,output_average,local_optimizer_update,0.0047981200041249394
toy2,neural_output_average,tensor_batched,tensor_batched,cpu,1024,5,1,0,0,5,toy2_gpu_core_neural_output_average_tensor_batched_1024_cpu_repeat00,1,neural_policy,output_average,local_loss_update,0.0057256699074059725
toy2,neural_output_average,tensor_batched,tensor_batched,cpu,1024,5,1,0,0,5,toy2_gpu_core_neural_output_average_tensor_batched_1024_cpu_repeat00,1,neural_policy,output_average,local_training,0.007127922959625721
toy2,neural_output_average,tensor_batched,tensor_batched,cpu,1024,5,1,0,0,5,toy2_gpu_core_neural_output_average_tensor_batched_1024_cpu_repeat00,1,neural_policy,output_average,cache_refresh,5.670939572155476e-06
toy2,neural_output_average,tensor_batched,tensor_batched,cpu,1024,5,1,0,0,5,toy2_gpu_core_neural_output_average_tensor_batched_1024_cpu_repeat00,1,neural_policy,output_average,post_local_readout,0.00025044602807611227
toy2,neural_output_average,tensor_batched,tensor_batched,cpu,1024,5,1,0,0,5,toy2_gpu_core_neural_output_average_tensor_batched_1024_cpu_repeat00,1,neural_policy,output_average,local_step,0.009083506069146097
toy2,neural_output_average,tensor_batched,tensor_batched,cpu,1024,5,1,0,0,5,toy2_gpu_core_neural_output_average_tensor_batched_1024_cpu_repeat00,1,neural_policy,output_average,select_peers,6.301910616457462e-06
toy2,neural_output_average,tensor_batched,tensor_batched,cpu,1024,5,1,0,0,5,toy2_gpu_core_neural_output_average_tensor_batched_1024_cpu_repeat00,1,neural_policy,output_average,social_mix,0.0005053890636190772
toy2,neural_output_average,tensor_batched,tensor_batched,cpu,1024,5,1,0,0,5,toy2_gpu_core_neural_output_average_tensor_batched_1024_cpu_repeat00,1,neural_policy,output_average,social_trainable_parameters,0.00040248408913612366
toy2,neural_output_average,tensor_batched,tensor_batched,cpu,1024,5,1,0,0,5,toy2_gpu_core_neural_output_average_tensor_batched_1024_cpu_repeat00,1,neural_policy,output_average,social_loss_forward,0.0011989360209554434
toy2,neural_output_average,tensor_batched,tensor_batched,cpu,1024,5,1,0,0,5,toy2_gpu_core_neural_output_average_tensor_batched_1024_cpu_repeat00,1,neural_policy,output_average,social_autograd_grad,0.0012715640477836132
toy2,neural_output_average,tensor_batched,tensor_batched,cpu,1024,5,1,0,0,5,toy2_gpu_core_neural_output_average_tensor_batched_1024_cpu_repeat00,1,neural_policy,output_average,social_adam_update,0.006885220995172858
toy2,neural_output_average,tensor_batched,tensor_batched,cpu,1024,5,1,0,0,5,toy2_gpu_core_neural_output_average_tensor_batched_1024_cpu_repeat00,1,neural_policy,output_average,social_optimizer_update,0.008246244979090989
toy2,neural_output_average,tensor_batched,tensor_batched,cpu,1024,5,1,0,0,5,toy2_gpu_core_neural_output_average_tensor_batched_1024_cpu_repeat00,1,neural_policy,output_average,social_loss_update,0.009468515985645354
toy2,neural_output_average,tensor_batched,tensor_batched,cpu,1024,5,1,0,0,5,toy2_gpu_core_neural_output_average_tensor_batched_1024_cpu_repeat00,1,neural_policy,output_average,social_distillation,0.0107879409333691
toy2,neural_output_average,tensor_batched,tensor_batched,cpu,1024,5,1,0,0,5,toy2_gpu_core_neural_output_average_tensor_batched_1024_cpu_repeat00,1,neural_policy,output_average,social_step,0.010812007007189095
toy2,neural_output_average,tensor_batched,tensor_batched,cpu,1024,5,1,0,0,5,toy2_gpu_core_neural_output_average_tensor_batched_1024_cpu_repeat00,1,neural_policy,output_average,sample_actions,1.934007741510868e-06
toy2,neural_output_average,tensor_batched,tensor_batched,cpu,1024,5,1,0,0,5,toy2_gpu_core_neural_output_average_tensor_batched_1024_cpu_repeat00,1,neural_policy,output_average,commit_actions,8.56595579534769e-06
toy2,neural_output_average,tensor_batched,tensor_batched,cpu,1024,5,1,0,0,5,toy2_gpu_core_neural_output_average_tensor_batched_1024_cpu_repeat00,1,neural_policy,output_average,post_step_state_policy,6.946106441318989e-05
toy2,neural_output_average,tensor_batched,tensor_batched,cpu,1024,5,1,0,0,5,toy2_gpu_core_neural_output_average_tensor_batched_1024_cpu_repeat00,1,neural_policy,output_average,update_payoff_ema,3.3043092116713524e-05
toy2,neural_output_average,tensor_batched,tensor_batched,cpu,1024,5,1,0,0,5,toy2_gpu_core_neural_output_average_tensor_batched_1024_cpu_repeat00,1,neural_policy,output_average,update_reputation_ema,2.7952948585152626e-05
toy2,neural_output_average,tensor_batched,tensor_batched,cpu,1024,5,1,0,0,5,toy2_gpu_core_neural_output_average_tensor_batched_1024_cpu_repeat00,1,neural_policy,output_average,mobility_swaps,0.00011878600344061852
toy2,neural_output_average,tensor_batched,tensor_batched,cpu,1024,5,1,0,0,5,toy2_gpu_core_neural_output_average_tensor_batched_1024_cpu_repeat00,1,neural_policy,output_average,finalize_hook_step,1.4667981304228306e-05
toy2,neural_output_average,tensor_batched,tensor_batched,cpu,1024,5,1,0,0,5,toy2_gpu_core_neural_output_average_tensor_batched_1024_cpu_repeat00,1,neural_policy,output_average,hooked_step_total,0.021090531023219228
toy2,neural_output_average,tensor_batched,tensor_batched,cpu,1024,5,1,0,0,5,toy2_gpu_core_neural_output_average_tensor_batched_1024_cpu_repeat00,1,neural_policy,output_average,aggregate_row,0.0023409640416502953
toy2,neural_output_average,tensor_batched,tensor_batched,cpu,1024,5,1,0,0,5,toy2_gpu_core_neural_output_average_tensor_batched_1024_cpu_repeat00,1,neural_policy,output_average,write_aggregate,5.357200279831886e-05
toy2,neural_output_average,tensor_batched,tensor_batched,cpu,1024,5,1,0,0,5,toy2_gpu_core_neural_output_average_tensor_batched_1024_cpu_repeat00,2,neural_policy,output_average,sample_revision_mask,1.6120029613375664e-05
toy2,neural_output_average,tensor_batched,tensor_batched,cpu,1024,5,1,0,0,5,toy2_gpu_core_neural_output_average_tensor_batched_1024_cpu_repeat00,2,neural_policy,output_average,build_step_context,1.9077095203101635e-05
toy2,neural_output_average,tensor_batched,tensor_batched,cpu,1024,5,1,0,0,5,toy2_gpu_core_neural_output_average_tensor_batched_1024_cpu_repeat00,2,neural_policy,output_average,neural_context_peers,4.998990334570408e-06
toy2,neural_output_average,tensor_batched,tensor_batched,cpu,1024,5,1,0,0,5,toy2_gpu_core_neural_output_average_tensor_batched_1024_cpu_repeat00,2,neural_policy,output_average,build_observations,0.00026969192549586296
toy2,neural_output_average,tensor_batched,tensor_batched,cpu,1024,5,1,0,0,5,toy2_gpu_core_neural_output_average_tensor_batched_1024_cpu_repeat00,2,neural_policy,output_average,policy_readout,0.0002309880219399929
toy2,neural_output_average,tensor_batched,tensor_batched,cpu,1024,5,1,0,0,5,toy2_gpu_core_neural_output_average_tensor_batched_1024_cpu_repeat00,2,neural_policy,output_average,decision_selection,0.00017749692779034376
toy2,neural_output_average,tensor_batched,tensor_batched,cpu,1024,5,1,0,0,5,toy2_gpu_core_neural_output_average_tensor_batched_1024_cpu_repeat00,2,neural_policy,output_average,local_trainable_parameters,0.00010794505942612886
toy2,neural_output_average,tensor_batched,tensor_batched,cpu,1024,5,1,0,0,5,toy2_gpu_core_neural_output_average_tensor_batched_1024_cpu_repeat00,2,neural_policy,output_average,local_loss_forward,0.000372127047739923
toy2,neural_output_average,tensor_batched,tensor_batched,cpu,1024,5,1,0,0,5,toy2_gpu_core_neural_output_average_tensor_batched_1024_cpu_repeat00,2,neural_policy,output_average,local_autograd_grad,0.0007732480298727751
toy2,neural_output_average,tensor_batched,tensor_batched,cpu,1024,5,1,0,0,5,toy2_gpu_core_neural_output_average_tensor_batched_1024_cpu_repeat00,2,neural_policy,output_average,local_adam_update,0.001456454978324473
toy2,neural_output_average,tensor_batched,tensor_batched,cpu,1024,5,1,0,0,5,toy2_gpu_core_neural_output_average_tensor_batched_1024_cpu_repeat00,2,neural_policy,output_average,local_optimizer_update,0.002279518055729568
toy2,neural_output_average,tensor_batched,tensor_batched,cpu,1024,5,1,0,0,5,toy2_gpu_core_neural_output_average_tensor_batched_1024_cpu_repeat00,2,neural_policy,output_average,local_loss_update,0.002664398984052241
toy2,neural_output_average,tensor_batched,tensor_batched,cpu,1024,5,1,0,0,5,toy2_gpu_core_neural_output_average_tensor_batched_1024_cpu_repeat00,2,neural_policy,output_average,local_training,0.003067593090236187
toy2,neural_output_average,tensor_batched,tensor_batched,cpu,1024,5,1,0,0,5,toy2_gpu_core_neural_output_average_tensor_batched_1024_cpu_repeat00,2,neural_policy,output_average,cache_refresh,1.954031176865101e-06
toy2,neural_output_average,tensor_batched,tensor_batched,cpu,1024,5,1,0,0,5,toy2_gpu_core_neural_output_average_tensor_batched_1024_cpu_repeat00,2,neural_policy,output_average,post_local_readout,0.0002072029747068882
toy2,neural_output_average,tensor_batched,tensor_batched,cpu,1024,5,1,0,0,5,toy2_gpu_core_neural_output_average_tensor_batched_1024_cpu_repeat00,2,neural_policy,output_average,local_step,0.004439178039319813
toy2,neural_output_average,tensor_batched,tensor_batched,cpu,1024,5,1,0,0,5,toy2_gpu_core_neural_output_average_tensor_batched_1024_cpu_repeat00,2,neural_policy,output_average,select_peers,4.337984137237072e-06
toy2,neural_output_average,tensor_batched,tensor_batched,cpu,1024,5,1,0,0,5,toy2_gpu_core_neural_output_average_tensor_batched_1024_cpu_repeat00,2,neural_policy,output_average,social_mix,0.0003126340452581644
toy2,neural_output_average,tensor_batched,tensor_batched,cpu,1024,5,1,0,0,5,toy2_gpu_core_neural_output_average_tensor_batched_1024_cpu_repeat00,2,neural_policy,output_average,social_trainable_parameters,8.141400758177042e-05
toy2,neural_output_average,tensor_batched,tensor_batched,cpu,1024,5,1,0,0,5,toy2_gpu_core_neural_output_average_tensor_batched_1024_cpu_repeat00,2,neural_policy,output_average,social_loss_forward,0.00029066100250929594
toy2,neural_output_average,tensor_batched,tensor_batched,cpu,1024,5,1,0,0,5,toy2_gpu_core_neural_output_average_tensor_batched_1024_cpu_repeat00,2,neural_policy,output_average,social_autograd_grad,0.0006804920267313719
toy2,neural_output_average,tensor_batched,tensor_batched,cpu,1024,5,1,0,0,5,toy2_gpu_core_neural_output_average_tensor_batched_1024_cpu_repeat00,2,neural_policy,output_average,social_adam_update,0.0009296349016949534
toy2,neural_output_average,tensor_batched,tensor_batched,cpu,1024,5,1,0,0,5,toy2_gpu_core_neural_output_average_tensor_batched_1024_cpu_repeat00,2,neural_policy,output_average,social_optimizer_update,0.0016501530772075057
toy2,neural_output_average,tensor_batched,tensor_batched,cpu,1024,5,1,0,0,5,toy2_gpu_core_neural_output_average_tensor_batched_1024_cpu_repeat00,2,neural_policy,output_average,social_loss_update,0.0019518949557095766
toy2,neural_output_average,tensor_batched,tensor_batched,cpu,1024,5,1,0,0,5,toy2_gpu_core_neural_output_average_tensor_batched_1024_cpu_repeat00,2,neural_policy,output_average,social_distillation,0.0026747380616143346
toy2,neural_output_average,tensor_batched,tensor_batched,cpu,1024,5,1,0,0,5,toy2_gpu_core_neural_output_average_tensor_batched_1024_cpu_repeat00,2,neural_policy,output_average,social_step,0.002694504917599261
toy2,neural_output_average,tensor_batched,tensor_batched,cpu,1024,5,1,0,0,5,toy2_gpu_core_neural_output_average_tensor_batched_1024_cpu_repeat00,2,neural_policy,output_average,sample_actions,1.0420335456728935e-06
toy2,neural_output_average,tensor_batched,tensor_batched,cpu,1024,5,1,0,0,5,toy2_gpu_core_neural_output_average_tensor_batched_1024_cpu_repeat00,2,neural_policy,output_average,commit_actions,4.318077117204666e-06
toy2,neural_output_average,tensor_batched,tensor_batched,cpu,1024,5,1,0,0,5,toy2_gpu_core_neural_output_average_tensor_batched_1024_cpu_repeat00,2,neural_policy,output_average,post_step_state_policy,3.890402149409056e-05
toy2,neural_output_average,tensor_batched,tensor_batched,cpu,1024,5,1,0,0,5,toy2_gpu_core_neural_output_average_tensor_batched_1024_cpu_repeat00,2,neural_policy,output_average,update_payoff_ema,2.2122054360806942e-05
toy2,neural_output_average,tensor_batched,tensor_batched,cpu,1024,5,1,0,0,5,toy2_gpu_core_neural_output_average_tensor_batched_1024_cpu_repeat00,2,neural_policy,output_average,update_reputation_ema,1.9987928681075573e-05
toy2,neural_output_average,tensor_batched,tensor_batched,cpu,1024,5,1,0,0,5,toy2_gpu_core_neural_output_average_tensor_batched_1024_cpu_repeat00,2,neural_policy,output_average,mobility_swaps,8.359900675714016e-05
toy2,neural_output_average,tensor_batched,tensor_batched,cpu,1024,5,1,0,0,5,toy2_gpu_core_neural_output_average_tensor_batched_1024_cpu_repeat00,2,neural_policy,output_average,finalize_hook_step,1.1201947927474976e-05
toy2,neural_output_average,tensor_batched,tensor_batched,cpu,1024,5,1,0,0,5,toy2_gpu_core_neural_output_average_tensor_batched_1024_cpu_repeat00,2,neural_policy,output_average,hooked_step_total,0.007735557039268315
toy2,neural_output_average,tensor_batched,tensor_batched,cpu,1024,5,1,0,0,5,toy2_gpu_core_neural_output_average_tensor_batched_1024_cpu_repeat00,2,neural_policy,output_average,aggregate_row,0.0016638289671391249
toy2,neural_output_average,tensor_batched,tensor_batched,cpu,1024,5,1,0,0,5,toy2_gpu_core_neural_output_average_tensor_batched_1024_cpu_repeat00,2,neural_policy,output_average,write_aggregate,3.8754078559577465e-05
toy2,neural_output_average,tensor_batched,tensor_batched,cpu,1024,5,1,0,0,5,toy2_gpu_core_neural_output_average_tensor_batched_1024_cpu_repeat00,3,neural_policy,output_average,sample_revision_mask,1.1531985364854336e-05
toy2,neural_output_average,tensor_batched,tensor_batched,cpu,1024,5,1,0,0,5,toy2_gpu_core_neural_output_average_tensor_batched_1024_cpu_repeat00,3,neural_policy,output_average,build_step_context,5.110050551593304e-06
toy2,neural_output_average,tensor_batched,tensor_batched,cpu,1024,5,1,0,0,5,toy2_gpu_core_neural_output_average_tensor_batched_1024_cpu_repeat00,3,neural_policy,output_average,neural_context_peers,2.0139850676059723e-06
toy2,neural_output_average,tensor_batched,tensor_batched,cpu,1024,5,1,0,0,5,toy2_gpu_core_neural_output_average_tensor_batched_1024_cpu_repeat00,3,neural_policy,output_average,build_observations,0.00023271201644092798
toy2,neural_output_average,tensor_batched,tensor_batched,cpu,1024,5,1,0,0,5,toy2_gpu_core_neural_output_average_tensor_batched_1024_cpu_repeat00,3,neural_policy,output_average,policy_readout,0.00024787092115730047
toy2,neural_output_average,tensor_batched,tensor_batched,cpu,1024,5,1,0,0,5,toy2_gpu_core_neural_output_average_tensor_batched_1024_cpu_repeat00,3,neural_policy,output_average,decision_selection,0.00015013501979410648
toy2,neural_output_average,tensor_batched,tensor_batched,cpu,1024,5,1,0,0,5,toy2_gpu_core_neural_output_average_tensor_batched_1024_cpu_repeat00,3,neural_policy,output_average,local_trainable_parameters,7.88690522313118e-05
toy2,neural_output_average,tensor_batched,tensor_batched,cpu,1024,5,1,0,0,5,toy2_gpu_core_neural_output_average_tensor_batched_1024_cpu_repeat00,3,neural_policy,output_average,local_loss_forward,0.0003062710165977478
toy2,neural_output_average,tensor_batched,tensor_batched,cpu,1024,5,1,0,0,5,toy2_gpu_core_neural_output_average_tensor_batched_1024_cpu_repeat00,3,neural_policy,output_average,local_autograd_grad,0.0006809530314058065
toy2,neural_output_average,tensor_batched,tensor_batched,cpu,1024,5,1,0,0,5,toy2_gpu_core_neural_output_average_tensor_batched_1024_cpu_repeat00,3,neural_policy,output_average,local_adam_update,0.0013903100043535233
toy2,neural_output_average,tensor_batched,tensor_batched,cpu,1024,5,1,0,0,5,toy2_gpu_core_neural_output_average_tensor_batched_1024_cpu_repeat00,3,neural_policy,output_average,local_optimizer_update,0.002114956034347415
toy2,neural_output_average,tensor_batched,tensor_batched,cpu,1024,5,1,0,0,5,toy2_gpu_core_neural_output_average_tensor_batched_1024_cpu_repeat00,3,neural_policy,output_average,local_loss_update,0.0024337510112673044
toy2,neural_output_average,tensor_batched,tensor_batched,cpu,1024,5,1,0,0,5,toy2_gpu_core_neural_output_average_tensor_batched_1024_cpu_repeat00,3,neural_policy,output_average,local_training,0.0028011579997837543
toy2,neural_output_average,tensor_batched,tensor_batched,cpu,1024,5,1,0,0,5,toy2_gpu_core_neural_output_average_tensor_batched_1024_cpu_repeat00,3,neural_policy,output_average,cache_refresh,1.6730045899748802e-06
toy2,neural_output_average,tensor_batched,tensor_batched,cpu,1024,5,1,0,0,5,toy2_gpu_core_neural_output_average_tensor_batched_1024_cpu_repeat00,3,neural_policy,output_average,post_local_readout,0.0002335639437660575
toy2,neural_output_average,tensor_batched,tensor_batched,cpu,1024,5,1,0,0,5,toy2_gpu_core_neural_output_average_tensor_batched_1024_cpu_repeat00,3,neural_policy,output_average,local_step,0.0040965869557112455
toy2,neural_output_average,tensor_batched,tensor_batched,cpu,1024,5,1,0,0,5,toy2_gpu_core_neural_output_average_tensor_batched_1024_cpu_repeat00,3,neural_policy,output_average,select_peers,3.8070138543844223e-06
toy2,neural_output_average,tensor_batched,tensor_batched,cpu,1024,5,1,0,0,5,toy2_gpu_core_neural_output_average_tensor_batched_1024_cpu_repeat00,3,neural_policy,output_average,social_mix,0.0003218910424038768
toy2,neural_output_average,tensor_batched,tensor_batched,cpu,1024,5,1,0,0,5,toy2_gpu_core_neural_output_average_tensor_batched_1024_cpu_repeat00,3,neural_policy,output_average,social_trainable_parameters,0.00011144205927848816
toy2,neural_output_average,tensor_batched,tensor_batched,cpu,1024,5,1,0,0,5,toy2_gpu_core_neural_output_average_tensor_batched_1024_cpu_repeat00,3,neural_policy,output_average,social_loss_forward,0.00025457306765019894
toy2,neural_output_average,tensor_batched,tensor_batched,cpu,1024,5,1,0,0,5,toy2_gpu_core_neural_output_average_tensor_batched_1024_cpu_repeat00,3,neural_policy,output_average,social_autograd_grad,0.0005690200487151742
toy2,neural_output_average,tensor_batched,tensor_batched,cpu,1024,5,1,0,0,5,toy2_gpu_core_neural_output_average_tensor_batched_1024_cpu_repeat00,3,neural_policy,output_average,social_adam_update,0.000917772063985467
toy2,neural_output_average,tensor_batched,tensor_batched,cpu,1024,5,1,0,0,5,toy2_gpu_core_neural_output_average_tensor_batched_1024_cpu_repeat00,3,neural_policy,output_average,social_optimizer_update,0.0015264780959114432
toy2,neural_output_average,tensor_batched,tensor_batched,cpu,1024,5,1,0,0,5,toy2_gpu_core_neural_output_average_tensor_batched_1024_cpu_repeat00,3,neural_policy,output_average,social_loss_update,0.0017914619529619813
toy2,neural_output_average,tensor_batched,tensor_batched,cpu,1024,5,1,0,0,5,toy2_gpu_core_neural_output_average_tensor_batched_1024_cpu_repeat00,3,neural_policy,output_average,social_distillation,0.0025560730136930943
toy2,neural_output_average,tensor_batched,tensor_batched,cpu,1024,5,1,0,0,5,toy2_gpu_core_neural_output_average_tensor_batched_1024_cpu_repeat00,3,neural_policy,output_average,social_step,0.002575680031441152
toy2,neural_output_average,tensor_batched,tensor_batched,cpu,1024,5,1,0,0,5,toy2_gpu_core_neural_output_average_tensor_batched_1024_cpu_repeat00,3,neural_policy,output_average,sample_actions,8.220085874199867e-07
toy2,neural_output_average,tensor_batched,tensor_batched,cpu,1024,5,1,0,0,5,toy2_gpu_core_neural_output_average_tensor_batched_1024_cpu_repeat00,3,neural_policy,output_average,commit_actions,3.396999090909958e-06
toy2,neural_output_average,tensor_batched,tensor_batched,cpu,1024,5,1,0,0,5,toy2_gpu_core_neural_output_average_tensor_batched_1024_cpu_repeat00,3,neural_policy,output_average,post_step_state_policy,1.3565993867814541e-05
toy2,neural_output_average,tensor_batched,tensor_batched,cpu,1024,5,1,0,0,5,toy2_gpu_core_neural_output_average_tensor_batched_1024_cpu_repeat00,3,neural_policy,output_average,update_payoff_ema,1.9717030227184296e-05
toy2,neural_output_average,tensor_batched,tensor_batched,cpu,1024,5,1,0,0,5,toy2_gpu_core_neural_output_average_tensor_batched_1024_cpu_repeat00,3,neural_policy,output_average,update_reputation_ema,1.703202724456787e-05
toy2,neural_output_average,tensor_batched,tensor_batched,cpu,1024,5,1,0,0,5,toy2_gpu_core_neural_output_average_tensor_batched_1024_cpu_repeat00,3,neural_policy,output_average,mobility_swaps,7.140601519495249e-05
toy2,neural_output_average,tensor_batched,tensor_batched,cpu,1024,5,1,0,0,5,toy2_gpu_core_neural_output_average_tensor_batched_1024_cpu_repeat00,3,neural_policy,output_average,finalize_hook_step,9.467941708862782e-06
toy2,neural_output_average,tensor_batched,tensor_batched,cpu,1024,5,1,0,0,5,toy2_gpu_core_neural_output_average_tensor_batched_1024_cpu_repeat00,3,neural_policy,output_average,hooked_step_total,0.007219346007332206
toy2,neural_output_average,tensor_batched,tensor_batched,cpu,1024,5,1,0,0,5,toy2_gpu_core_neural_output_average_tensor_batched_1024_cpu_repeat00,3,neural_policy,output_average,aggregate_row,0.0016009790124371648
toy2,neural_output_average,tensor_batched,tensor_batched,cpu,1024,5,1,0,0,5,toy2_gpu_core_neural_output_average_tensor_batched_1024_cpu_repeat00,3,neural_policy,output_average,write_aggregate,4.286190960556269e-05
toy2,neural_output_average,tensor_batched,tensor_batched,cpu,1024,5,1,0,0,5,toy2_gpu_core_neural_output_average_tensor_batched_1024_cpu_repeat00,4,neural_policy,output_average,sample_revision_mask,1.5930039808154106e-05
toy2,neural_output_average,tensor_batched,tensor_batched,cpu,1024,5,1,0,0,5,toy2_gpu_core_neural_output_average_tensor_batched_1024_cpu_repeat00,4,neural_policy,output_average,build_step_context,6.021000444889069e-06
toy2,neural_output_average,tensor_batched,tensor_batched,cpu,1024,5,1,0,0,5,toy2_gpu_core_neural_output_average_tensor_batched_1024_cpu_repeat00,4,neural_policy,output_average,neural_context_peers,2.1440209820866585e-06
toy2,neural_output_average,tensor_batched,tensor_batched,cpu,1024,5,1,0,0,5,toy2_gpu_core_neural_output_average_tensor_batched_1024_cpu_repeat00,4,neural_policy,output_average,build_observations,0.000231520039960742
toy2,neural_output_average,tensor_batched,tensor_batched,cpu,1024,5,1,0,0,5,toy2_gpu_core_neural_output_average_tensor_batched_1024_cpu_repeat00,4,neural_policy,output_average,policy_readout,0.00024888303596526384
toy2,neural_output_average,tensor_batched,tensor_batched,cpu,1024,5,1,0,0,5,toy2_gpu_core_neural_output_average_tensor_batched_1024_cpu_repeat00,4,neural_policy,output_average,decision_selection,0.0001345949713140726
toy2,neural_output_average,tensor_batched,tensor_batched,cpu,1024,5,1,0,0,5,toy2_gpu_core_neural_output_average_tensor_batched_1024_cpu_repeat00,4,neural_policy,output_average,local_trainable_parameters,7.181602995842695e-05
toy2,neural_output_average,tensor_batched,tensor_batched,cpu,1024,5,1,0,0,5,toy2_gpu_core_neural_output_average_tensor_batched_1024_cpu_repeat00,4,neural_policy,output_average,local_loss_forward,0.00030088203493505716
toy2,neural_output_average,tensor_batched,tensor_batched,cpu,1024,5,1,0,0,5,toy2_gpu_core_neural_output_average_tensor_batched_1024_cpu_repeat00,4,neural_policy,output_average,local_autograd_grad,0.0007160489913076162
toy2,neural_output_average,tensor_batched,tensor_batched,cpu,1024,5,1,0,0,5,toy2_gpu_core_neural_output_average_tensor_batched_1024_cpu_repeat00,4,neural_policy,output_average,local_adam_update,0.0011137539986521006
toy2,neural_output_average,tensor_batched,tensor_batched,cpu,1024,5,1,0,0,5,toy2_gpu_core_neural_output_average_tensor_batched_1024_cpu_repeat00,4,neural_policy,output_average,local_optimizer_update,0.0018729859730228782
toy2,neural_output_average,tensor_batched,tensor_batched,cpu,1024,5,1,0,0,5,toy2_gpu_core_neural_output_average_tensor_batched_1024_cpu_repeat00,4,neural_policy,output_average,local_loss_update,0.0021869719494134188
toy2,neural_output_average,tensor_batched,tensor_batched,cpu,1024,5,1,0,0,5,toy2_gpu_core_neural_output_average_tensor_batched_1024_cpu_repeat00,4,neural_policy,output_average,local_training,0.0025340609718114138
toy2,neural_output_average,tensor_batched,tensor_batched,cpu,1024,5,1,0,0,5,toy2_gpu_core_neural_output_average_tensor_batched_1024_cpu_repeat00,4,neural_policy,output_average,cache_refresh,1.693028025329113e-06
toy2,neural_output_average,tensor_batched,tensor_batched,cpu,1024,5,1,0,0,5,toy2_gpu_core_neural_output_average_tensor_batched_1024_cpu_repeat00,4,neural_policy,output_average,post_local_readout,0.00022204103879630566
toy2,neural_output_average,tensor_batched,tensor_batched,cpu,1024,5,1,0,0,5,toy2_gpu_core_neural_output_average_tensor_batched_1024_cpu_repeat00,4,neural_policy,output_average,local_step,0.003825512947514653
toy2,neural_output_average,tensor_batched,tensor_batched,cpu,1024,5,1,0,0,5,toy2_gpu_core_neural_output_average_tensor_batched_1024_cpu_repeat00,4,neural_policy,output_average,select_peers,3.42691782861948e-06
toy2,neural_output_average,tensor_batched,tensor_batched,cpu,1024,5,1,0,0,5,toy2_gpu_core_neural_output_average_tensor_batched_1024_cpu_repeat00,4,neural_policy,output_average,social_mix,0.00026477198116481304
toy2,neural_output_average,tensor_batched,tensor_batched,cpu,1024,5,1,0,0,5,toy2_gpu_core_neural_output_average_tensor_batched_1024_cpu_repeat00,4,neural_policy,output_average,social_trainable_parameters,0.00011248304508626461
toy2,neural_output_average,tensor_batched,tensor_batched,cpu,1024,5,1,0,0,5,toy2_gpu_core_neural_output_average_tensor_batched_1024_cpu_repeat00,4,neural_policy,output_average,social_loss_forward,0.0002567470073699951
toy2,neural_output_average,tensor_batched,tensor_batched,cpu,1024,5,1,0,0,5,toy2_gpu_core_neural_output_average_tensor_batched_1024_cpu_repeat00,4,neural_policy,output_average,social_autograd_grad,0.0005647219950333238
toy2,neural_output_average,tensor_batched,tensor_batched,cpu,1024,5,1,0,0,5,toy2_gpu_core_neural_output_average_tensor_batched_1024_cpu_repeat00,4,neural_policy,output_average,social_adam_update,0.0011201770976185799
toy2,neural_output_average,tensor_batched,tensor_batched,cpu,1024,5,1,0,0,5,toy2_gpu_core_neural_output_average_tensor_batched_1024_cpu_repeat00,4,neural_policy,output_average,social_optimizer_update,0.0017240539891645312
toy2,neural_output_average,tensor_batched,tensor_batched,cpu,1024,5,1,0,0,5,toy2_gpu_core_neural_output_average_tensor_batched_1024_cpu_repeat00,4,neural_policy,output_average,social_loss_update,0.0019916510209441185
toy2,neural_output_average,tensor_batched,tensor_batched,cpu,1024,5,1,0,0,5,toy2_gpu_core_neural_output_average_tensor_batched_1024_cpu_repeat00,4,neural_policy,output_average,social_distillation,0.0027010979829356074
toy2,neural_output_average,tensor_batched,tensor_batched,cpu,1024,5,1,0,0,5,toy2_gpu_core_neural_output_average_tensor_batched_1024_cpu_repeat00,4,neural_policy,output_average,social_step,0.0027134009869769216
toy2,neural_output_average,tensor_batched,tensor_batched,cpu,1024,5,1,0,0,5,toy2_gpu_core_neural_output_average_tensor_batched_1024_cpu_repeat00,4,neural_policy,output_average,sample_actions,8.610077202320099e-07
toy2,neural_output_average,tensor_batched,tensor_batched,cpu,1024,5,1,0,0,5,toy2_gpu_core_neural_output_average_tensor_batched_1024_cpu_repeat00,4,neural_policy,output_average,commit_actions,3.396999090909958e-06
toy2,neural_output_average,tensor_batched,tensor_batched,cpu,1024,5,1,0,0,5,toy2_gpu_core_neural_output_average_tensor_batched_1024_cpu_repeat00,4,neural_policy,output_average,post_step_state_policy,2.098991535604e-05
toy2,neural_output_average,tensor_batched,tensor_batched,cpu,1024,5,1,0,0,5,toy2_gpu_core_neural_output_average_tensor_batched_1024_cpu_repeat00,4,neural_policy,output_average,update_payoff_ema,1.8625054508447647e-05
toy2,neural_output_average,tensor_batched,tensor_batched,cpu,1024,5,1,0,0,5,toy2_gpu_core_neural_output_average_tensor_batched_1024_cpu_repeat00,4,neural_policy,output_average,update_reputation_ema,1.6730977222323418e-05
toy2,neural_output_average,tensor_batched,tensor_batched,cpu,1024,5,1,0,0,5,toy2_gpu_core_neural_output_average_tensor_batched_1024_cpu_repeat00,4,neural_policy,output_average,mobility_swaps,6.908108480274677e-05
toy2,neural_output_average,tensor_batched,tensor_batched,cpu,1024,5,1,0,0,5,toy2_gpu_core_neural_output_average_tensor_batched_1024_cpu_repeat00,4,neural_policy,output_average,finalize_hook_step,9.568058885633945e-06
toy2,neural_output_average,tensor_batched,tensor_batched,cpu,1024,5,1,0,0,5,toy2_gpu_core_neural_output_average_tensor_batched_1024_cpu_repeat00,4,neural_policy,output_average,hooked_step_total,0.007041539065539837
toy2,neural_output_average,tensor_batched,tensor_batched,cpu,1024,5,1,0,0,5,toy2_gpu_core_neural_output_average_tensor_batched_1024_cpu_repeat00,4,neural_policy,output_average,aggregate_row,0.0013686190359294415
toy2,neural_output_average,tensor_batched,tensor_batched,cpu,1024,5,1,0,0,5,toy2_gpu_core_neural_output_average_tensor_batched_1024_cpu_repeat00,4,neural_policy,output_average,write_aggregate,3.45159787684679e-05
toy2,neural_output_average,tensor_batched,tensor_batched,cpu,1024,5,1,0,0,5,toy2_gpu_core_neural_output_average_tensor_batched_1024_cpu_repeat00,5,neural_policy,output_average,sample_revision_mask,1.0970979928970337e-05
toy2,neural_output_average,tensor_batched,tensor_batched,cpu,1024,5,1,0,0,5,toy2_gpu_core_neural_output_average_tensor_batched_1024_cpu_repeat00,5,neural_policy,output_average,build_step_context,4.247995093464851e-06
toy2,neural_output_average,tensor_batched,tensor_batched,cpu,1024,5,1,0,0,5,toy2_gpu_core_neural_output_average_tensor_batched_1024_cpu_repeat00,5,neural_policy,output_average,neural_context_peers,2.1139858290553093e-06
toy2,neural_output_average,tensor_batched,tensor_batched,cpu,1024,5,1,0,0,5,toy2_gpu_core_neural_output_average_tensor_batched_1024_cpu_repeat00,5,neural_policy,output_average,build_observations,0.00018961995374411345
toy2,neural_output_average,tensor_batched,tensor_batched,cpu,1024,5,1,0,0,5,toy2_gpu_core_neural_output_average_tensor_batched_1024_cpu_repeat00,5,neural_policy,output_average,policy_readout,0.00020541006233543158
toy2,neural_output_average,tensor_batched,tensor_batched,cpu,1024,5,1,0,0,5,toy2_gpu_core_neural_output_average_tensor_batched_1024_cpu_repeat00,5,neural_policy,output_average,decision_selection,0.00012469699140638113
toy2,neural_output_average,tensor_batched,tensor_batched,cpu,1024,5,1,0,0,5,toy2_gpu_core_neural_output_average_tensor_batched_1024_cpu_repeat00,5,neural_policy,output_average,local_trainable_parameters,0.00017307896632701159
toy2,neural_output_average,tensor_batched,tensor_batched,cpu,1024,5,1,0,0,5,toy2_gpu_core_neural_output_average_tensor_batched_1024_cpu_repeat00,5,neural_policy,output_average,local_loss_forward,0.000294750090688467
toy2,neural_output_average,tensor_batched,tensor_batched,cpu,1024,5,1,0,0,5,toy2_gpu_core_neural_output_average_tensor_batched_1024_cpu_repeat00,5,neural_policy,output_average,local_autograd_grad,0.0006956110009923577
toy2,neural_output_average,tensor_batched,tensor_batched,cpu,1024,5,1,0,0,5,toy2_gpu_core_neural_output_average_tensor_batched_1024_cpu_repeat00,5,neural_policy,output_average,local_adam_update,0.0013884060317650437
toy2,neural_output_average,tensor_batched,tensor_batched,cpu,1024,5,1,0,0,5,toy2_gpu_core_neural_output_average_tensor_batched_1024_cpu_repeat00,5,neural_policy,output_average,local_optimizer_update,0.0021248540142551064
toy2,neural_output_average,tensor_batched,tensor_batched,cpu,1024,5,1,0,0,5,toy2_gpu_core_neural_output_average_tensor_batched_1024_cpu_repeat00,5,neural_policy,output_average,local_loss_update,0.0024307649582624435
toy2,neural_output_average,tensor_batched,tensor_batched,cpu,1024,5,1,0,0,5,toy2_gpu_core_neural_output_average_tensor_batched_1024_cpu_repeat00,5,neural_policy,output_average,local_training,0.002871981938369572
toy2,neural_output_average,tensor_batched,tensor_batched,cpu,1024,5,1,0,0,5,toy2_gpu_core_neural_output_average_tensor_batched_1024_cpu_repeat00,5,neural_policy,output_average,cache_refresh,1.5029218047857285e-06
toy2,neural_output_average,tensor_batched,tensor_batched,cpu,1024,5,1,0,0,5,toy2_gpu_core_neural_output_average_tensor_batched_1024_cpu_repeat00,5,neural_policy,output_average,post_local_readout,0.00021905603352934122
toy2,neural_output_average,tensor_batched,tensor_batched,cpu,1024,5,1,0,0,5,toy2_gpu_core_neural_output_average_tensor_batched_1024_cpu_repeat00,5,neural_policy,output_average,local_step,0.004024971975013614
toy2,neural_output_average,tensor_batched,tensor_batched,cpu,1024,5,1,0,0,5,toy2_gpu_core_neural_output_average_tensor_batched_1024_cpu_repeat00,5,neural_policy,output_average,select_peers,2.6550842449069023e-06
toy2,neural_output_average,tensor_batched,tensor_batched,cpu,1024,5,1,0,0,5,toy2_gpu_core_neural_output_average_tensor_batched_1024_cpu_repeat00,5,neural_policy,output_average,social_mix,0.00027972098905593157
toy2,neural_output_average,tensor_batched,tensor_batched,cpu,1024,5,1,0,0,5,toy2_gpu_core_neural_output_average_tensor_batched_1024_cpu_repeat00,5,neural_policy,output_average,social_trainable_parameters,9.418895933777094e-05
toy2,neural_output_average,tensor_batched,tensor_batched,cpu,1024,5,1,0,0,5,toy2_gpu_core_neural_output_average_tensor_batched_1024_cpu_repeat00,5,neural_policy,output_average,social_loss_forward,0.00022969604469835758
toy2,neural_output_average,tensor_batched,tensor_batched,cpu,1024,5,1,0,0,5,toy2_gpu_core_neural_output_average_tensor_batched_1024_cpu_repeat00,5,neural_policy,output_average,social_autograd_grad,0.0006362679414451122
toy2,neural_output_average,tensor_batched,tensor_batched,cpu,1024,5,1,0,0,5,toy2_gpu_core_neural_output_average_tensor_batched_1024_cpu_repeat00,5,neural_policy,output_average,social_adam_update,0.0009513370459899306
toy2,neural_output_average,tensor_batched,tensor_batched,cpu,1024,5,1,0,0,5,toy2_gpu_core_neural_output_average_tensor_batched_1024_cpu_repeat00,5,neural_policy,output_average,social_optimizer_update,0.0019288520561531186
toy2,neural_output_average,tensor_batched,tensor_batched,cpu,1024,5,1,0,0,5,toy2_gpu_core_neural_output_average_tensor_batched_1024_cpu_repeat00,5,neural_policy,output_average,social_loss_update,0.0021698700729757547
toy2,neural_output_average,tensor_batched,tensor_batched,cpu,1024,5,1,0,0,5,toy2_gpu_core_neural_output_average_tensor_batched_1024_cpu_repeat00,5,neural_policy,output_average,social_distillation,0.002858838066458702
toy2,neural_output_average,tensor_batched,tensor_batched,cpu,1024,5,1,0,0,5,toy2_gpu_core_neural_output_average_tensor_batched_1024_cpu_repeat00,5,neural_policy,output_average,social_step,0.0028713319916278124
toy2,neural_output_average,tensor_batched,tensor_batched,cpu,1024,5,1,0,0,5,toy2_gpu_core_neural_output_average_tensor_batched_1024_cpu_repeat00,5,neural_policy,output_average,sample_actions,7.919734343886375e-07
toy2,neural_output_average,tensor_batched,tensor_batched,cpu,1024,5,1,0,0,5,toy2_gpu_core_neural_output_average_tensor_batched_1024_cpu_repeat00,5,neural_policy,output_average,commit_actions,3.185938112437725e-06
toy2,neural_output_average,tensor_batched,tensor_batched,cpu,1024,5,1,0,0,5,toy2_gpu_core_neural_output_average_tensor_batched_1024_cpu_repeat00,5,neural_policy,output_average,post_step_state_policy,1.1221971362829208e-05
toy2,neural_output_average,tensor_batched,tensor_batched,cpu,1024,5,1,0,0,5,toy2_gpu_core_neural_output_average_tensor_batched_1024_cpu_repeat00,5,neural_policy,output_average,update_payoff_ema,1.815508585423231e-05
toy2,neural_output_average,tensor_batched,tensor_batched,cpu,1024,5,1,0,0,5,toy2_gpu_core_neural_output_average_tensor_batched_1024_cpu_repeat00,5,neural_policy,output_average,update_reputation_ema,1.887592952698469e-05
toy2,neural_output_average,tensor_batched,tensor_batched,cpu,1024,5,1,0,0,5,toy2_gpu_core_neural_output_average_tensor_batched_1024_cpu_repeat00,5,neural_policy,output_average,mobility_swaps,7.081404328346252e-05
toy2,neural_output_average,tensor_batched,tensor_batched,cpu,1024,5,1,0,0,5,toy2_gpu_core_neural_output_average_tensor_batched_1024_cpu_repeat00,5,neural_policy,output_average,finalize_hook_step,9.787967428565025e-06
toy2,neural_output_average,tensor_batched,tensor_batched,cpu,1024,5,1,0,0,5,toy2_gpu_core_neural_output_average_tensor_batched_1024_cpu_repeat00,5,neural_policy,output_average,hooked_step_total,0.0073849710170179605
toy2,neural_output_average,tensor_batched,tensor_batched,cpu,1024,5,1,0,0,5,toy2_gpu_core_neural_output_average_tensor_batched_1024_cpu_repeat00,5,neural_policy,output_average,aggregate_row,0.0011876149801537395
toy2,neural_output_average,tensor_batched,tensor_batched,cpu,1024,5,1,0,0,5,toy2_gpu_core_neural_output_average_tensor_batched_1024_cpu_repeat00,5,neural_policy,output_average,write_aggregate,3.137998282909393e-05
toy2,neural_output_average,tensor_batched,tensor_batched,cpu,1024,5,1,1,0,5,toy2_gpu_core_neural_output_average_tensor_batched_1024_cpu_repeat01,0,neural_policy,output_average,make_run_dir,0.0002288740361109376
toy2,neural_output_average,tensor_batched,tensor_batched,cpu,1024,5,1,1,0,5,toy2_gpu_core_neural_output_average_tensor_batched_1024_cpu_repeat01,0,neural_policy,output_average,write_metadata,0.0027648890390992165
toy2,neural_output_average,tensor_batched,tensor_batched,cpu,1024,5,1,1,0,5,toy2_gpu_core_neural_output_average_tensor_batched_1024_cpu_repeat01,0,neural_policy,output_average,initial_state,0.29561991000082344
toy2,neural_output_average,tensor_batched,tensor_batched,cpu,1024,5,1,1,0,5,toy2_gpu_core_neural_output_average_tensor_batched_1024_cpu_repeat01,0,neural_policy,output_average,writer_setup,0.0007401850307360291
toy2,neural_output_average,tensor_batched,tensor_batched,cpu,1024,5,1,1,0,5,toy2_gpu_core_neural_output_average_tensor_batched_1024_cpu_repeat01,0,neural_policy,output_average,initial_step_result,0.0032355230068787932
toy2,neural_output_average,tensor_batched,tensor_batched,cpu,1024,5,1,1,0,5,toy2_gpu_core_neural_output_average_tensor_batched_1024_cpu_repeat01,0,neural_policy,output_average,initial_aggregate_row,0.0028669630410149693
toy2,neural_output_average,tensor_batched,tensor_batched,cpu,1024,5,1,1,0,5,toy2_gpu_core_neural_output_average_tensor_batched_1024_cpu_repeat01,0,neural_policy,output_average,write_initial_aggregate,5.194800905883312e-05
toy2,neural_output_average,tensor_batched,tensor_batched,cpu,1024,5,1,1,0,5,toy2_gpu_core_neural_output_average_tensor_batched_1024_cpu_repeat01,1,neural_policy,output_average,sample_revision_mask,2.3856060579419136e-05
toy2,neural_output_average,tensor_batched,tensor_batched,cpu,1024,5,1,1,0,5,toy2_gpu_core_neural_output_average_tensor_batched_1024_cpu_repeat01,1,neural_policy,output_average,build_step_context,1.4617922715842724e-05
toy2,neural_output_average,tensor_batched,tensor_batched,cpu,1024,5,1,1,0,5,toy2_gpu_core_neural_output_average_tensor_batched_1024_cpu_repeat01,1,neural_policy,output_average,neural_context_peers,5.200039595365524e-06
toy2,neural_output_average,tensor_batched,tensor_batched,cpu,1024,5,1,1,0,5,toy2_gpu_core_neural_output_average_tensor_batched_1024_cpu_repeat01,1,neural_policy,output_average,build_observations,0.0003322110278531909
toy2,neural_output_average,tensor_batched,tensor_batched,cpu,1024,5,1,1,0,5,toy2_gpu_core_neural_output_average_tensor_batched_1024_cpu_repeat01,1,neural_policy,output_average,policy_readout,0.0007909410633146763
toy2,neural_output_average,tensor_batched,tensor_batched,cpu,1024,5,1,1,0,5,toy2_gpu_core_neural_output_average_tensor_batched_1024_cpu_repeat01,1,neural_policy,output_average,decision_selection,0.00041075004264712334
toy2,neural_output_average,tensor_batched,tensor_batched,cpu,1024,5,1,1,0,5,toy2_gpu_core_neural_output_average_tensor_batched_1024_cpu_repeat01,1,neural_policy,output_average,local_trainable_parameters,0.0005763439694419503
toy2,neural_output_average,tensor_batched,tensor_batched,cpu,1024,5,1,1,0,5,toy2_gpu_core_neural_output_average_tensor_batched_1024_cpu_repeat01,1,neural_policy,output_average,local_loss_forward,0.0008906710427254438
toy2,neural_output_average,tensor_batched,tensor_batched,cpu,1024,5,1,1,0,5,toy2_gpu_core_neural_output_average_tensor_batched_1024_cpu_repeat01,1,neural_policy,output_average,local_autograd_grad,0.0019635780481621623
toy2,neural_output_average,tensor_batched,tensor_batched,cpu,1024,5,1,1,0,5,toy2_gpu_core_neural_output_average_tensor_batched_1024_cpu_repeat01,1,neural_policy,output_average,local_adam_update,0.003293683985248208
toy2,neural_output_average,tensor_batched,tensor_batched,cpu,1024,5,1,1,0,5,toy2_gpu_core_neural_output_average_tensor_batched_1024_cpu_repeat01,1,neural_policy,output_average,local_optimizer_update,0.005363843985833228
toy2,neural_output_average,tensor_batched,tensor_batched,cpu,1024,5,1,1,0,5,toy2_gpu_core_neural_output_average_tensor_batched_1024_cpu_repeat01,1,neural_policy,output_average,local_loss_update,0.006269813980907202
toy2,neural_output_average,tensor_batched,tensor_batched,cpu,1024,5,1,1,0,5,toy2_gpu_core_neural_output_average_tensor_batched_1024_cpu_repeat01,1,neural_policy,output_average,local_training,0.007314247079193592
toy2,neural_output_average,tensor_batched,tensor_batched,cpu,1024,5,1,1,0,5,toy2_gpu_core_neural_output_average_tensor_batched_1024_cpu_repeat01,1,neural_policy,output_average,cache_refresh,2.574990503489971e-06
toy2,neural_output_average,tensor_batched,tensor_batched,cpu,1024,5,1,1,0,5,toy2_gpu_core_neural_output_average_tensor_batched_1024_cpu_repeat01,1,neural_policy,output_average,post_local_readout,0.0003104089992120862
toy2,neural_output_average,tensor_batched,tensor_batched,cpu,1024,5,1,1,0,5,toy2_gpu_core_neural_output_average_tensor_batched_1024_cpu_repeat01,1,neural_policy,output_average,local_step,0.00974156497977674
toy2,neural_output_average,tensor_batched,tensor_batched,cpu,1024,5,1,1,0,5,toy2_gpu_core_neural_output_average_tensor_batched_1024_cpu_repeat01,1,neural_policy,output_average,select_peers,3.847060725092888e-06
toy2,neural_output_average,tensor_batched,tensor_batched,cpu,1024,5,1,1,0,5,toy2_gpu_core_neural_output_average_tensor_batched_1024_cpu_repeat01,1,neural_policy,output_average,social_mix,0.0004314290126785636
toy2,neural_output_average,tensor_batched,tensor_batched,cpu,1024,5,1,1,0,5,toy2_gpu_core_neural_output_average_tensor_batched_1024_cpu_repeat01,1,neural_policy,output_average,social_trainable_parameters,0.00015200895722955465
toy2,neural_output_average,tensor_batched,tensor_batched,cpu,1024,5,1,1,0,5,toy2_gpu_core_neural_output_average_tensor_batched_1024_cpu_repeat01,1,neural_policy,output_average,social_loss_forward,0.00038881797809153795
toy2,neural_output_average,tensor_batched,tensor_batched,cpu,1024,5,1,1,0,5,toy2_gpu_core_neural_output_average_tensor_batched_1024_cpu_repeat01,1,neural_policy,output_average,social_autograd_grad,0.000822109985165298
toy2,neural_output_average,tensor_batched,tensor_batched,cpu,1024,5,1,1,0,5,toy2_gpu_core_neural_output_average_tensor_batched_1024_cpu_repeat01,1,neural_policy,output_average,social_adam_update,0.0018163889180868864
toy2,neural_output_average,tensor_batched,tensor_batched,cpu,1024,5,1,1,0,5,toy2_gpu_core_neural_output_average_tensor_batched_1024_cpu_repeat01,1,neural_policy,output_average,social_optimizer_update,0.00269397406373173
toy2,neural_output_average,tensor_batched,tensor_batched,cpu,1024,5,1,1,0,5,toy2_gpu_core_neural_output_average_tensor_batched_1024_cpu_repeat01,1,neural_policy,output_average,social_loss_update,0.0030945450998842716
toy2,neural_output_average,tensor_batched,tensor_batched,cpu,1024,5,1,1,0,5,toy2_gpu_core_neural_output_average_tensor_batched_1024_cpu_repeat01,1,neural_policy,output_average,social_distillation,0.004034148994833231
toy2,neural_output_average,tensor_batched,tensor_batched,cpu,1024,5,1,1,0,5,toy2_gpu_core_neural_output_average_tensor_batched_1024_cpu_repeat01,1,neural_policy,output_average,social_step,0.004056410980410874
toy2,neural_output_average,tensor_batched,tensor_batched,cpu,1024,5,1,1,0,5,toy2_gpu_core_neural_output_average_tensor_batched_1024_cpu_repeat01,1,neural_policy,output_average,sample_actions,2.1139858290553093e-06
toy2,neural_output_average,tensor_batched,tensor_batched,cpu,1024,5,1,1,0,5,toy2_gpu_core_neural_output_average_tensor_batched_1024_cpu_repeat01,1,neural_policy,output_average,commit_actions,6.4818887040019035e-06
toy2,neural_output_average,tensor_batched,tensor_batched,cpu,1024,5,1,1,0,5,toy2_gpu_core_neural_output_average_tensor_batched_1024_cpu_repeat01,1,neural_policy,output_average,post_step_state_policy,4.673795774579048e-05
toy2,neural_output_average,tensor_batched,tensor_batched,cpu,1024,5,1,1,0,5,toy2_gpu_core_neural_output_average_tensor_batched_1024_cpu_repeat01,1,neural_policy,output_average,update_payoff_ema,2.989696804434061e-05
toy2,neural_output_average,tensor_batched,tensor_batched,cpu,1024,5,1,1,0,5,toy2_gpu_core_neural_output_average_tensor_batched_1024_cpu_repeat01,1,neural_policy,output_average,update_reputation_ema,2.176209818571806e-05
toy2,neural_output_average,tensor_batched,tensor_batched,cpu,1024,5,1,1,0,5,toy2_gpu_core_neural_output_average_tensor_batched_1024_cpu_repeat01,1,neural_policy,output_average,mobility_swaps,0.00010624097194522619
toy2,neural_output_average,tensor_batched,tensor_batched,cpu,1024,5,1,1,0,5,toy2_gpu_core_neural_output_average_tensor_batched_1024_cpu_repeat01,1,neural_policy,output_average,finalize_hook_step,1.148204319179058e-05
toy2,neural_output_average,tensor_batched,tensor_batched,cpu,1024,5,1,1,0,5,toy2_gpu_core_neural_output_average_tensor_batched_1024_cpu_repeat01,1,neural_policy,output_average,hooked_step_total,0.014637729967944324
toy2,neural_output_average,tensor_batched,tensor_batched,cpu,1024,5,1,1,0,5,toy2_gpu_core_neural_output_average_tensor_batched_1024_cpu_repeat01,1,neural_policy,output_average,aggregate_row,0.0021109679946675897
toy2,neural_output_average,tensor_batched,tensor_batched,cpu,1024,5,1,1,0,5,toy2_gpu_core_neural_output_average_tensor_batched_1024_cpu_repeat01,1,neural_policy,output_average,write_aggregate,4.1548977605998516e-05
toy2,neural_output_average,tensor_batched,tensor_batched,cpu,1024,5,1,1,0,5,toy2_gpu_core_neural_output_average_tensor_batched_1024_cpu_repeat01,2,neural_policy,output_average,sample_revision_mask,1.5108962543308735e-05
toy2,neural_output_average,tensor_batched,tensor_batched,cpu,1024,5,1,1,0,5,toy2_gpu_core_neural_output_average_tensor_batched_1024_cpu_repeat01,2,neural_policy,output_average,build_step_context,9.86794475466013e-06
toy2,neural_output_average,tensor_batched,tensor_batched,cpu,1024,5,1,1,0,5,toy2_gpu_core_neural_output_average_tensor_batched_1024_cpu_repeat01,2,neural_policy,output_average,neural_context_peers,1.2713950127363205e-05
toy2,neural_output_average,tensor_batched,tensor_batched,cpu,1024,5,1,1,0,5,toy2_gpu_core_neural_output_average_tensor_batched_1024_cpu_repeat01,2,neural_policy,output_average,build_observations,0.00026684696786105633
toy2,neural_output_average,tensor_batched,tensor_batched,cpu,1024,5,1,1,0,5,toy2_gpu_core_neural_output_average_tensor_batched_1024_cpu_repeat01,2,neural_policy,output_average,policy_readout,0.00023565697483718395
toy2,neural_output_average,tensor_batched,tensor_batched,cpu,1024,5,1,1,0,5,toy2_gpu_core_neural_output_average_tensor_batched_1024_cpu_repeat01,2,neural_policy,output_average,decision_selection,0.00015150790568441153
toy2,neural_output_average,tensor_batched,tensor_batched,cpu,1024,5,1,1,0,5,toy2_gpu_core_neural_output_average_tensor_batched_1024_cpu_repeat01,2,neural_policy,output_average,local_trainable_parameters,6.268895231187344e-05
toy2,neural_output_average,tensor_batched,tensor_batched,cpu,1024,5,1,1,0,5,toy2_gpu_core_neural_output_average_tensor_batched_1024_cpu_repeat01,2,neural_policy,output_average,local_loss_forward,0.0003143870271742344
toy2,neural_output_average,tensor_batched,tensor_batched,cpu,1024,5,1,1,0,5,toy2_gpu_core_neural_output_average_tensor_batched_1024_cpu_repeat01,2,neural_policy,output_average,local_autograd_grad,0.0006656140321865678
toy2,neural_output_average,tensor_batched,tensor_batched,cpu,1024,5,1,1,0,5,toy2_gpu_core_neural_output_average_tensor_batched_1024_cpu_repeat01,2,neural_policy,output_average,local_adam_update,0.0011431900784373283
toy2,neural_output_average,tensor_batched,tensor_batched,cpu,1024,5,1,1,0,5,toy2_gpu_core_neural_output_average_tensor_batched_1024_cpu_repeat01,2,neural_policy,output_average,local_optimizer_update,0.0021448719780892134
toy2,neural_output_average,tensor_batched,tensor_batched,cpu,1024,5,1,1,0,5,toy2_gpu_core_neural_output_average_tensor_batched_1024_cpu_repeat01,2,neural_policy,output_average,local_loss_update,0.002472394029609859
toy2,neural_output_average,tensor_batched,tensor_batched,cpu,1024,5,1,1,0,5,toy2_gpu_core_neural_output_average_tensor_batched_1024_cpu_repeat01,2,neural_policy,output_average,local_training,0.0028699589893221855
toy2,neural_output_average,tensor_batched,tensor_batched,cpu,1024,5,1,1,0,5,toy2_gpu_core_neural_output_average_tensor_batched_1024_cpu_repeat01,2,neural_policy,output_average,cache_refresh,1.4420365914702415e-06
toy2,neural_output_average,tensor_batched,tensor_batched,cpu,1024,5,1,1,0,5,toy2_gpu_core_neural_output_average_tensor_batched_1024_cpu_repeat01,2,neural_policy,output_average,post_local_readout,0.0002298059407621622
toy2,neural_output_average,tensor_batched,tensor_batched,cpu,1024,5,1,1,0,5,toy2_gpu_core_neural_output_average_tensor_batched_1024_cpu_repeat01,2,neural_policy,output_average,local_step,0.004205634002573788
toy2,neural_output_average,tensor_batched,tensor_batched,cpu,1024,5,1,1,0,5,toy2_gpu_core_neural_output_average_tensor_batched_1024_cpu_repeat01,2,neural_policy,output_average,select_peers,2.6050256565213203e-06
toy2,neural_output_average,tensor_batched,tensor_batched,cpu,1024,5,1,1,0,5,toy2_gpu_core_neural_output_average_tensor_batched_1024_cpu_repeat01,2,neural_policy,output_average,social_mix,0.0002859130036085844
toy2,neural_output_average,tensor_batched,tensor_batched,cpu,1024,5,1,1,0,5,toy2_gpu_core_neural_output_average_tensor_batched_1024_cpu_repeat01,2,neural_policy,output_average,social_trainable_parameters,0.00033111905213445425
toy2,neural_output_average,tensor_batched,tensor_batched,cpu,1024,5,1,1,0,5,toy2_gpu_core_neural_output_average_tensor_batched_1024_cpu_repeat01,2,neural_policy,output_average,social_loss_forward,0.0003441940061748028
toy2,neural_output_average,tensor_batched,tensor_batched,cpu,1024,5,1,1,0,5,toy2_gpu_core_neural_output_average_tensor_batched_1024_cpu_repeat01,2,neural_policy,output_average,social_autograd_grad,0.0007879360346123576
toy2,neural_output_average,tensor_batched,tensor_batched,cpu,1024,5,1,1,0,5,toy2_gpu_core_neural_output_average_tensor_batched_1024_cpu_repeat01,2,neural_policy,output_average,social_adam_update,0.0024531170492991805
toy2,neural_output_average,tensor_batched,tensor_batched,cpu,1024,5,1,1,0,5,toy2_gpu_core_neural_output_average_tensor_batched_1024_cpu_repeat01,2,neural_policy,output_average,social_optimizer_update,0.0032878820784389973
toy2,neural_output_average,tensor_batched,tensor_batched,cpu,1024,5,1,1,0,5,toy2_gpu_core_neural_output_average_tensor_batched_1024_cpu_repeat01,2,neural_policy,output_average,social_loss_update,0.0036463530268520117
toy2,neural_output_average,tensor_batched,tensor_batched,cpu,1024,5,1,1,0,5,toy2_gpu_core_neural_output_average_tensor_batched_1024_cpu_repeat01,2,neural_policy,output_average,social_distillation,0.004622315056622028
toy2,neural_output_average,tensor_batched,tensor_batched,cpu,1024,5,1,1,0,5,toy2_gpu_core_neural_output_average_tensor_batched_1024_cpu_repeat01,2,neural_policy,output_average,social_step,0.0046353799989447
toy2,neural_output_average,tensor_batched,tensor_batched,cpu,1024,5,1,1,0,5,toy2_gpu_core_neural_output_average_tensor_batched_1024_cpu_repeat01,2,neural_policy,output_average,sample_actions,9.220093488693237e-07
toy2,neural_output_average,tensor_batched,tensor_batched,cpu,1024,5,1,1,0,5,toy2_gpu_core_neural_output_average_tensor_batched_1024_cpu_repeat01,2,neural_policy,output_average,commit_actions,3.527035005390644e-06
toy2,neural_output_average,tensor_batched,tensor_batched,cpu,1024,5,1,1,0,5,toy2_gpu_core_neural_output_average_tensor_batched_1024_cpu_repeat01,2,neural_policy,output_average,post_step_state_policy,1.7003039829432964e-05
toy2,neural_output_average,tensor_batched,tensor_batched,cpu,1024,5,1,1,0,5,toy2_gpu_core_neural_output_average_tensor_batched_1024_cpu_repeat01,2,neural_policy,output_average,update_payoff_ema,2.304394729435444e-05
toy2,neural_output_average,tensor_batched,tensor_batched,cpu,1024,5,1,1,0,5,toy2_gpu_core_neural_output_average_tensor_batched_1024_cpu_repeat01,2,neural_policy,output_average,update_reputation_ema,2.1882005967199802e-05
toy2,neural_output_average,tensor_batched,tensor_batched,cpu,1024,5,1,1,0,5,toy2_gpu_core_neural_output_average_tensor_batched_1024_cpu_repeat01,2,neural_policy,output_average,mobility_swaps,9.099207818508148e-05
toy2,neural_output_average,tensor_batched,tensor_batched,cpu,1024,5,1,1,0,5,toy2_gpu_core_neural_output_average_tensor_batched_1024_cpu_repeat01,2,neural_policy,output_average,finalize_hook_step,1.0138959623873234e-05
toy2,neural_output_average,tensor_batched,tensor_batched,cpu,1024,5,1,1,0,5,toy2_gpu_core_neural_output_average_tensor_batched_1024_cpu_repeat01,2,neural_policy,output_average,hooked_step_total,0.009418711997568607
toy2,neural_output_average,tensor_batched,tensor_batched,cpu,1024,5,1,1,0,5,toy2_gpu_core_neural_output_average_tensor_batched_1024_cpu_repeat01,2,neural_policy,output_average,aggregate_row,0.0016086730174720287
toy2,neural_output_average,tensor_batched,tensor_batched,cpu,1024,5,1,1,0,5,toy2_gpu_core_neural_output_average_tensor_batched_1024_cpu_repeat01,2,neural_policy,output_average,write_aggregate,5.120702553540468e-05
toy2,neural_output_average,tensor_batched,tensor_batched,cpu,1024,5,1,1,0,5,toy2_gpu_core_neural_output_average_tensor_batched_1024_cpu_repeat01,3,neural_policy,output_average,sample_revision_mask,1.67719554156065e-05
toy2,neural_output_average,tensor_batched,tensor_batched,cpu,1024,5,1,1,0,5,toy2_gpu_core_neural_output_average_tensor_batched_1024_cpu_repeat01,3,neural_policy,output_average,build_step_context,9.879004210233688e-06
toy2,neural_output_average,tensor_batched,tensor_batched,cpu,1024,5,1,1,0,5,toy2_gpu_core_neural_output_average_tensor_batched_1024_cpu_repeat01,3,neural_policy,output_average,neural_context_peers,5.290028639137745e-06
toy2,neural_output_average,tensor_batched,tensor_batched,cpu,1024,5,1,1,0,5,toy2_gpu_core_neural_output_average_tensor_batched_1024_cpu_repeat01,3,neural_policy,output_average,build_observations,0.0002857029903680086
toy2,neural_output_average,tensor_batched,tensor_batched,cpu,1024,5,1,1,0,5,toy2_gpu_core_neural_output_average_tensor_batched_1024_cpu_repeat01,3,neural_policy,output_average,policy_readout,0.0002949798945337534
toy2,neural_output_average,tensor_batched,tensor_batched,cpu,1024,5,1,1,0,5,toy2_gpu_core_neural_output_average_tensor_batched_1024_cpu_repeat01,3,neural_policy,output_average,decision_selection,0.00016930093988776207
toy2,neural_output_average,tensor_batched,tensor_batched,cpu,1024,5,1,1,0,5,toy2_gpu_core_neural_output_average_tensor_batched_1024_cpu_repeat01,3,neural_policy,output_average,local_trainable_parameters,7.978093344718218e-05
toy2,neural_output_average,tensor_batched,tensor_batched,cpu,1024,5,1,1,0,5,toy2_gpu_core_neural_output_average_tensor_batched_1024_cpu_repeat01,3,neural_policy,output_average,local_loss_forward,0.00028714502695947886
toy2,neural_output_average,tensor_batched,tensor_batched,cpu,1024,5,1,1,0,5,toy2_gpu_core_neural_output_average_tensor_batched_1024_cpu_repeat01,3,neural_policy,output_average,local_autograd_grad,0.0006337329978123307
toy2,neural_output_average,tensor_batched,tensor_batched,cpu,1024,5,1,1,0,5,toy2_gpu_core_neural_output_average_tensor_batched_1024_cpu_repeat01,3,neural_policy,output_average,local_adam_update,0.0012731179594993591
toy2,neural_output_average,tensor_batched,tensor_batched,cpu,1024,5,1,1,0,5,toy2_gpu_core_neural_output_average_tensor_batched_1024_cpu_repeat01,3,neural_policy,output_average,local_optimizer_update,0.002180990995839238
toy2,neural_output_average,tensor_batched,tensor_batched,cpu,1024,5,1,1,0,5,toy2_gpu_core_neural_output_average_tensor_batched_1024_cpu_repeat01,3,neural_policy,output_average,local_loss_update,0.0024811309995129704
toy2,neural_output_average,tensor_batched,tensor_batched,cpu,1024,5,1,1,0,5,toy2_gpu_core_neural_output_average_tensor_batched_1024_cpu_repeat01,3,neural_policy,output_average,local_training,0.0028357539558783174
toy2,neural_output_average,tensor_batched,tensor_batched,cpu,1024,5,1,1,0,5,toy2_gpu_core_neural_output_average_tensor_batched_1024_cpu_repeat01,3,neural_policy,output_average,cache_refresh,1.5030382201075554e-06
toy2,neural_output_average,tensor_batched,tensor_batched,cpu,1024,5,1,1,0,5,toy2_gpu_core_neural_output_average_tensor_batched_1024_cpu_repeat01,3,neural_policy,output_average,post_local_readout,0.0001933770254254341
toy2,neural_output_average,tensor_batched,tensor_batched,cpu,1024,5,1,1,0,5,toy2_gpu_core_neural_output_average_tensor_batched_1024_cpu_repeat01,3,neural_policy,output_average,local_step,0.004252223065122962
toy2,neural_output_average,tensor_batched,tensor_batched,cpu,1024,5,1,1,0,5,toy2_gpu_core_neural_output_average_tensor_batched_1024_cpu_repeat01,3,neural_policy,output_average,select_peers,2.2639287635684013e-06
toy2,neural_output_average,tensor_batched,tensor_batched,cpu,1024,5,1,1,0,5,toy2_gpu_core_neural_output_average_tensor_batched_1024_cpu_repeat01,3,neural_policy,output_average,social_mix,0.00026205694302916527
toy2,neural_output_average,tensor_batched,tensor_batched,cpu,1024,5,1,1,0,5,toy2_gpu_core_neural_output_average_tensor_batched_1024_cpu_repeat01,3,neural_policy,output_average,social_trainable_parameters,0.0002713350113481283
toy2,neural_output_average,tensor_batched,tensor_batched,cpu,1024,5,1,1,0,5,toy2_gpu_core_neural_output_average_tensor_batched_1024_cpu_repeat01,3,neural_policy,output_average,social_loss_forward,0.00024164898786693811
toy2,neural_output_average,tensor_batched,tensor_batched,cpu,1024,5,1,1,0,5,toy2_gpu_core_neural_output_average_tensor_batched_1024_cpu_repeat01,3,neural_policy,output_average,social_autograd_grad,0.0007170720491558313
toy2,neural_output_average,tensor_batched,tensor_batched,cpu,1024,5,1,1,0,5,toy2_gpu_core_neural_output_average_tensor_batched_1024_cpu_repeat01,3,neural_policy,output_average,social_adam_update,0.0019548010313883424
toy2,neural_output_average,tensor_batched,tensor_batched,cpu,1024,5,1,1,0,5,toy2_gpu_core_neural_output_average_tensor_batched_1024_cpu_repeat01,3,neural_policy,output_average,social_optimizer_update,0.002712890040129423
toy2,neural_output_average,tensor_batched,tensor_batched,cpu,1024,5,1,1,0,5,toy2_gpu_core_neural_output_average_tensor_batched_1024_cpu_repeat01,3,neural_policy,output_average,social_loss_update,0.002966281957924366
toy2,neural_output_average,tensor_batched,tensor_batched,cpu,1024,5,1,1,0,5,toy2_gpu_core_neural_output_average_tensor_batched_1024_cpu_repeat01,3,neural_policy,output_average,social_distillation,0.003814290976151824
toy2,neural_output_average,tensor_batched,tensor_batched,cpu,1024,5,1,1,0,5,toy2_gpu_core_neural_output_average_tensor_batched_1024_cpu_repeat01,3,neural_policy,output_average,social_step,0.003826084081083536
toy2,neural_output_average,tensor_batched,tensor_batched,cpu,1024,5,1,1,0,5,toy2_gpu_core_neural_output_average_tensor_batched_1024_cpu_repeat01,3,neural_policy,output_average,sample_actions,8.420320227742195e-07
toy2,neural_output_average,tensor_batched,tensor_batched,cpu,1024,5,1,1,0,5,toy2_gpu_core_neural_output_average_tensor_batched_1024_cpu_repeat01,3,neural_policy,output_average,commit_actions,3.7170248106122017e-06
toy2,neural_output_average,tensor_batched,tensor_batched,cpu,1024,5,1,1,0,5,toy2_gpu_core_neural_output_average_tensor_batched_1024_cpu_repeat01,3,neural_policy,output_average,post_step_state_policy,1.3555050827562809e-05
toy2,neural_output_average,tensor_batched,tensor_batched,cpu,1024,5,1,1,0,5,toy2_gpu_core_neural_output_average_tensor_batched_1024_cpu_repeat01,3,neural_policy,output_average,update_payoff_ema,1.771305687725544e-05
toy2,neural_output_average,tensor_batched,tensor_batched,cpu,1024,5,1,1,0,5,toy2_gpu_core_neural_output_average_tensor_batched_1024_cpu_repeat01,3,neural_policy,output_average,update_reputation_ema,1.6761012375354767e-05
toy2,neural_output_average,tensor_batched,tensor_batched,cpu,1024,5,1,1,0,5,toy2_gpu_core_neural_output_average_tensor_batched_1024_cpu_repeat01,3,neural_policy,output_average,mobility_swaps,6.767897866666317e-05
toy2,neural_output_average,tensor_batched,tensor_batched,cpu,1024,5,1,1,0,5,toy2_gpu_core_neural_output_average_tensor_batched_1024_cpu_repeat01,3,neural_policy,output_average,finalize_hook_step,1.026899553835392e-05
toy2,neural_output_average,tensor_batched,tensor_batched,cpu,1024,5,1,1,0,5,toy2_gpu_core_neural_output_average_tensor_batched_1024_cpu_repeat01,3,neural_policy,output_average,hooked_step_total,0.008597713080234826
toy2,neural_output_average,tensor_batched,tensor_batched,cpu,1024,5,1,1,0,5,toy2_gpu_core_neural_output_average_tensor_batched_1024_cpu_repeat01,3,neural_policy,output_average,aggregate_row,0.0015188930556178093
toy2,neural_output_average,tensor_batched,tensor_batched,cpu,1024,5,1,1,0,5,toy2_gpu_core_neural_output_average_tensor_batched_1024_cpu_repeat01,3,neural_policy,output_average,write_aggregate,3.2491981983184814e-05
toy2,neural_output_average,tensor_batched,tensor_batched,cpu,1024,5,1,1,0,5,toy2_gpu_core_neural_output_average_tensor_batched_1024_cpu_repeat01,4,neural_policy,output_average,sample_revision_mask,1.1671916581690311e-05
toy2,neural_output_average,tensor_batched,tensor_batched,cpu,1024,5,1,1,0,5,toy2_gpu_core_neural_output_average_tensor_batched_1024_cpu_repeat01,4,neural_policy,output_average,build_step_context,4.127970896661282e-06
toy2,neural_output_average,tensor_batched,tensor_batched,cpu,1024,5,1,1,0,5,toy2_gpu_core_neural_output_average_tensor_batched_1024_cpu_repeat01,4,neural_policy,output_average,neural_context_peers,2.525048330426216e-06
toy2,neural_output_average,tensor_batched,tensor_batched,cpu,1024,5,1,1,0,5,toy2_gpu_core_neural_output_average_tensor_batched_1024_cpu_repeat01,4,neural_policy,output_average,build_observations,0.00018254597671329975
toy2,neural_output_average,tensor_batched,tensor_batched,cpu,1024,5,1,1,0,5,toy2_gpu_core_neural_output_average_tensor_batched_1024_cpu_repeat01,4,neural_policy,output_average,policy_readout,0.00020761496853083372
toy2,neural_output_average,tensor_batched,tensor_batched,cpu,1024,5,1,1,0,5,toy2_gpu_core_neural_output_average_tensor_batched_1024_cpu_repeat01,4,neural_policy,output_average,decision_selection,0.0001254479866474867
toy2,neural_output_average,tensor_batched,tensor_batched,cpu,1024,5,1,1,0,5,toy2_gpu_core_neural_output_average_tensor_batched_1024_cpu_repeat01,4,neural_policy,output_average,local_trainable_parameters,6.48329732939601e-05
toy2,neural_output_average,tensor_batched,tensor_batched,cpu,1024,5,1,1,0,5,toy2_gpu_core_neural_output_average_tensor_batched_1024_cpu_repeat01,4,neural_policy,output_average,local_loss_forward,0.0002753729932010174
toy2,neural_output_average,tensor_batched,tensor_batched,cpu,1024,5,1,1,0,5,toy2_gpu_core_neural_output_average_tensor_batched_1024_cpu_repeat01,4,neural_policy,output_average,local_autograd_grad,0.0005875150673091412
toy2,neural_output_average,tensor_batched,tensor_batched,cpu,1024,5,1,1,0,5,toy2_gpu_core_neural_output_average_tensor_batched_1024_cpu_repeat01,4,neural_policy,output_average,local_adam_update,0.0011184129398316145
toy2,neural_output_average,tensor_batched,tensor_batched,cpu,1024,5,1,1,0,5,toy2_gpu_core_neural_output_average_tensor_batched_1024_cpu_repeat01,4,neural_policy,output_average,local_optimizer_update,0.001959329005330801
toy2,neural_output_average,tensor_batched,tensor_batched,cpu,1024,5,1,1,0,5,toy2_gpu_core_neural_output_average_tensor_batched_1024_cpu_repeat01,4,neural_policy,output_average,local_loss_update,0.0022478479659184813
toy2,neural_output_average,tensor_batched,tensor_batched,cpu,1024,5,1,1,0,5,toy2_gpu_core_neural_output_average_tensor_batched_1024_cpu_repeat01,4,neural_policy,output_average,local_training,0.0025370160583406687
toy2,neural_output_average,tensor_batched,tensor_batched,cpu,1024,5,1,1,0,5,toy2_gpu_core_neural_output_average_tensor_batched_1024_cpu_repeat01,4,neural_policy,output_average,cache_refresh,1.4130491763353348e-06
toy2,neural_output_average,tensor_batched,tensor_batched,cpu,1024,5,1,1,0,5,toy2_gpu_core_neural_output_average_tensor_batched_1024_cpu_repeat01,4,neural_policy,output_average,post_local_readout,0.0002060009865090251
toy2,neural_output_average,tensor_batched,tensor_batched,cpu,1024,5,1,1,0,5,toy2_gpu_core_neural_output_average_tensor_batched_1024_cpu_repeat01,4,neural_policy,output_average,local_step,0.0036610509268939495
toy2,neural_output_average,tensor_batched,tensor_batched,cpu,1024,5,1,1,0,5,toy2_gpu_core_neural_output_average_tensor_batched_1024_cpu_repeat01,4,neural_policy,output_average,select_peers,2.403976395726204e-06
toy2,neural_output_average,tensor_batched,tensor_batched,cpu,1024,5,1,1,0,5,toy2_gpu_core_neural_output_average_tensor_batched_1024_cpu_repeat01,4,neural_policy,output_average,social_mix,0.00026062503457069397
toy2,neural_output_average,tensor_batched,tensor_batched,cpu,1024,5,1,1,0,5,toy2_gpu_core_neural_output_average_tensor_batched_1024_cpu_repeat01,4,neural_policy,output_average,social_trainable_parameters,0.00014764000661671162
toy2,neural_output_average,tensor_batched,tensor_batched,cpu,1024,5,1,1,0,5,toy2_gpu_core_neural_output_average_tensor_batched_1024_cpu_repeat01,4,neural_policy,output_average,social_loss_forward,0.00022892409469932318
toy2,neural_output_average,tensor_batched,tensor_batched,cpu,1024,5,1,1,0,5,toy2_gpu_core_neural_output_average_tensor_batched_1024_cpu_repeat01,4,neural_policy,output_average,social_autograd_grad,0.0007706530159339309
toy2,neural_output_average,tensor_batched,tensor_batched,cpu,1024,5,1,1,0,5,toy2_gpu_core_neural_output_average_tensor_batched_1024_cpu_repeat01,4,neural_policy,output_average,social_adam_update,0.002345592947676778
toy2,neural_output_average,tensor_batched,tensor_batched,cpu,1024,5,1,1,0,5,toy2_gpu_core_neural_output_average_tensor_batched_1024_cpu_repeat01,4,neural_policy,output_average,social_optimizer_update,0.0031571839936077595
toy2,neural_output_average,tensor_batched,tensor_batched,cpu,1024,5,1,1,0,5,toy2_gpu_core_neural_output_average_tensor_batched_1024_cpu_repeat01,4,neural_policy,output_average,social_loss_update,0.003396838903427124
toy2,neural_output_average,tensor_batched,tensor_batched,cpu,1024,5,1,1,0,5,toy2_gpu_core_neural_output_average_tensor_batched_1024_cpu_repeat01,4,neural_policy,output_average,social_distillation,0.004133778042159975
toy2,neural_output_average,tensor_batched,tensor_batched,cpu,1024,5,1,1,0,5,toy2_gpu_core_neural_output_average_tensor_batched_1024_cpu_repeat01,4,neural_policy,output_average,social_step,0.004145982093177736
toy2,neural_output_average,tensor_batched,tensor_batched,cpu,1024,5,1,1,0,5,toy2_gpu_core_neural_output_average_tensor_batched_1024_cpu_repeat01,4,neural_policy,output_average,sample_actions,8.119968697428703e-07
toy2,neural_output_average,tensor_batched,tensor_batched,cpu,1024,5,1,1,0,5,toy2_gpu_core_neural_output_average_tensor_batched_1024_cpu_repeat01,4,neural_policy,output_average,commit_actions,3.1159725040197372e-06
toy2,neural_output_average,tensor_batched,tensor_batched,cpu,1024,5,1,1,0,5,toy2_gpu_core_neural_output_average_tensor_batched_1024_cpu_repeat01,4,neural_policy,output_average,post_step_state_policy,9.968993254005909e-06
toy2,neural_output_average,tensor_batched,tensor_batched,cpu,1024,5,1,1,0,5,toy2_gpu_core_neural_output_average_tensor_batched_1024_cpu_repeat01,4,neural_policy,output_average,update_payoff_ema,1.7813988961279392e-05
toy2,neural_output_average,tensor_batched,tensor_batched,cpu,1024,5,1,1,0,5,toy2_gpu_core_neural_output_average_tensor_batched_1024_cpu_repeat01,4,neural_policy,output_average,update_reputation_ema,1.5298952348530293e-05
toy2,neural_output_average,tensor_batched,tensor_batched,cpu,1024,5,1,1,0,5,toy2_gpu_core_neural_output_average_tensor_batched_1024_cpu_repeat01,4,neural_policy,output_average,mobility_swaps,7.104501128196716e-05
toy2,neural_output_average,tensor_batched,tensor_batched,cpu,1024,5,1,1,0,5,toy2_gpu_core_neural_output_average_tensor_batched_1024_cpu_repeat01,4,neural_policy,output_average,finalize_hook_step,9.40798781812191e-06
toy2,neural_output_average,tensor_batched,tensor_batched,cpu,1024,5,1,1,0,5,toy2_gpu_core_neural_output_average_tensor_batched_1024_cpu_repeat01,4,neural_policy,output_average,hooked_step_total,0.00830384495202452
toy2,neural_output_average,tensor_batched,tensor_batched,cpu,1024,5,1,1,0,5,toy2_gpu_core_neural_output_average_tensor_batched_1024_cpu_repeat01,4,neural_policy,output_average,aggregate_row,0.0013484390219673514
toy2,neural_output_average,tensor_batched,tensor_batched,cpu,1024,5,1,1,0,5,toy2_gpu_core_neural_output_average_tensor_batched_1024_cpu_repeat01,4,neural_policy,output_average,write_aggregate,3.1679985113441944e-05
toy2,neural_output_average,tensor_batched,tensor_batched,cpu,1024,5,1,1,0,5,toy2_gpu_core_neural_output_average_tensor_batched_1024_cpu_repeat01,5,neural_policy,output_average,sample_revision_mask,1.0450021363794804e-05
toy2,neural_output_average,tensor_batched,tensor_batched,cpu,1024,5,1,1,0,5,toy2_gpu_core_neural_output_average_tensor_batched_1024_cpu_repeat01,5,neural_policy,output_average,build_step_context,4.348112270236015e-06
toy2,neural_output_average,tensor_batched,tensor_batched,cpu,1024,5,1,1,0,5,toy2_gpu_core_neural_output_average_tensor_batched_1024_cpu_repeat01,5,neural_policy,output_average,neural_context_peers,2.2939639165997505e-06
toy2,neural_output_average,tensor_batched,tensor_batched,cpu,1024,5,1,1,0,5,toy2_gpu_core_neural_output_average_tensor_batched_1024_cpu_repeat01,5,neural_policy,output_average,build_observations,0.00019709498155862093
toy2,neural_output_average,tensor_batched,tensor_batched,cpu,1024,5,1,1,0,5,toy2_gpu_core_neural_output_average_tensor_batched_1024_cpu_repeat01,5,neural_policy,output_average,policy_readout,0.00022061902564018965
toy2,neural_output_average,tensor_batched,tensor_batched,cpu,1024,5,1,1,0,5,toy2_gpu_core_neural_output_average_tensor_batched_1024_cpu_repeat01,5,neural_policy,output_average,decision_selection,0.00012482702732086182
toy2,neural_output_average,tensor_batched,tensor_batched,cpu,1024,5,1,1,0,5,toy2_gpu_core_neural_output_average_tensor_batched_1024_cpu_repeat01,5,neural_policy,output_average,local_trainable_parameters,7.516192272305489e-05
toy2,neural_output_average,tensor_batched,tensor_batched,cpu,1024,5,1,1,0,5,toy2_gpu_core_neural_output_average_tensor_batched_1024_cpu_repeat01,5,neural_policy,output_average,local_loss_forward,0.0002802120288833976
toy2,neural_output_average,tensor_batched,tensor_batched,cpu,1024,5,1,1,0,5,toy2_gpu_core_neural_output_average_tensor_batched_1024_cpu_repeat01,5,neural_policy,output_average,local_autograd_grad,0.0006866429466754198
toy2,neural_output_average,tensor_batched,tensor_batched,cpu,1024,5,1,1,0,5,toy2_gpu_core_neural_output_average_tensor_batched_1024_cpu_repeat01,5,neural_policy,output_average,local_adam_update,0.0014285818906500936
toy2,neural_output_average,tensor_batched,tensor_batched,cpu,1024,5,1,1,0,5,toy2_gpu_core_neural_output_average_tensor_batched_1024_cpu_repeat01,5,neural_policy,output_average,local_optimizer_update,0.002155691967345774
toy2,neural_output_average,tensor_batched,tensor_batched,cpu,1024,5,1,1,0,5,toy2_gpu_core_neural_output_average_tensor_batched_1024_cpu_repeat01,5,neural_policy,output_average,local_loss_update,0.0024480270221829414
toy2,neural_output_average,tensor_batched,tensor_batched,cpu,1024,5,1,1,0,5,toy2_gpu_core_neural_output_average_tensor_batched_1024_cpu_repeat01,5,neural_policy,output_average,local_training,0.0027385089779272676
toy2,neural_output_average,tensor_batched,tensor_batched,cpu,1024,5,1,1,0,5,toy2_gpu_core_neural_output_average_tensor_batched_1024_cpu_repeat01,5,neural_policy,output_average,cache_refresh,1.4730030670762062e-06
toy2,neural_output_average,tensor_batched,tensor_batched,cpu,1024,5,1,1,0,5,toy2_gpu_core_neural_output_average_tensor_batched_1024_cpu_repeat01,5,neural_policy,output_average,post_local_readout,0.00019608298316597939
toy2,neural_output_average,tensor_batched,tensor_batched,cpu,1024,5,1,1,0,5,toy2_gpu_core_neural_output_average_tensor_batched_1024_cpu_repeat01,5,neural_policy,output_average,local_step,0.0038901749067008495
toy2,neural_output_average,tensor_batched,tensor_batched,cpu,1024,5,1,1,0,5,toy2_gpu_core_neural_output_average_tensor_batched_1024_cpu_repeat01,5,neural_policy,output_average,select_peers,3.7669669836759567e-06
toy2,neural_output_average,tensor_batched,tensor_batched,cpu,1024,5,1,1,0,5,toy2_gpu_core_neural_output_average_tensor_batched_1024_cpu_repeat01,5,neural_policy,output_average,social_mix,0.0002967140171676874
toy2,neural_output_average,tensor_batched,tensor_batched,cpu,1024,5,1,1,0,5,toy2_gpu_core_neural_output_average_tensor_batched_1024_cpu_repeat01,5,neural_policy,output_average,social_trainable_parameters,0.0001732489326968789
toy2,neural_output_average,tensor_batched,tensor_batched,cpu,1024,5,1,1,0,5,toy2_gpu_core_neural_output_average_tensor_batched_1024_cpu_repeat01,5,neural_policy,output_average,social_loss_forward,0.0002689309185370803
toy2,neural_output_average,tensor_batched,tensor_batched,cpu,1024,5,1,1,0,5,toy2_gpu_core_neural_output_average_tensor_batched_1024_cpu_repeat01,5,neural_policy,output_average,social_autograd_grad,0.000541769084520638
toy2,neural_output_average,tensor_batched,tensor_batched,cpu,1024,5,1,1,0,5,toy2_gpu_core_neural_output_average_tensor_batched_1024_cpu_repeat01,5,neural_policy,output_average,social_adam_update,0.0012438109843060374
toy2,neural_output_average,tensor_batched,tensor_batched,cpu,1024,5,1,1,0,5,toy2_gpu_core_neural_output_average_tensor_batched_1024_cpu_repeat01,5,neural_policy,output_average,social_optimizer_update,0.0018270480213686824
toy2,neural_output_average,tensor_batched,tensor_batched,cpu,1024,5,1,1,0,5,toy2_gpu_core_neural_output_average_tensor_batched_1024_cpu_repeat01,5,neural_policy,output_average,social_loss_update,0.0021065690089017153
toy2,neural_output_average,tensor_batched,tensor_batched,cpu,1024,5,1,1,0,5,toy2_gpu_core_neural_output_average_tensor_batched_1024_cpu_repeat01,5,neural_policy,output_average,social_distillation,0.0029005369869992137
toy2,neural_output_average,tensor_batched,tensor_batched,cpu,1024,5,1,1,0,5,toy2_gpu_core_neural_output_average_tensor_batched_1024_cpu_repeat01,5,neural_policy,output_average,social_step,0.0029125299770385027
toy2,neural_output_average,tensor_batched,tensor_batched,cpu,1024,5,1,1,0,5,toy2_gpu_core_neural_output_average_tensor_batched_1024_cpu_repeat01,5,neural_policy,output_average,sample_actions,8.520437404513359e-07
toy2,neural_output_average,tensor_batched,tensor_batched,cpu,1024,5,1,1,0,5,toy2_gpu_core_neural_output_average_tensor_batched_1024_cpu_repeat01,5,neural_policy,output_average,commit_actions,3.386056050658226e-06
toy2,neural_output_average,tensor_batched,tensor_batched,cpu,1024,5,1,1,0,5,toy2_gpu_core_neural_output_average_tensor_batched_1024_cpu_repeat01,5,neural_policy,output_average,post_step_state_policy,9.879004210233688e-06
toy2,neural_output_average,tensor_batched,tensor_batched,cpu,1024,5,1,1,0,5,toy2_gpu_core_neural_output_average_tensor_batched_1024_cpu_repeat01,5,neural_policy,output_average,update_payoff_ema,1.9917963072657585e-05
toy2,neural_output_average,tensor_batched,tensor_batched,cpu,1024,5,1,1,0,5,toy2_gpu_core_neural_output_average_tensor_batched_1024_cpu_repeat01,5,neural_policy,output_average,update_reputation_ema,1.6881967894732952e-05
toy2,neural_output_average,tensor_batched,tensor_batched,cpu,1024,5,1,1,0,5,toy2_gpu_core_neural_output_average_tensor_batched_1024_cpu_repeat01,5,neural_policy,output_average,mobility_swaps,8.612300734966993e-05
toy2,neural_output_average,tensor_batched,tensor_batched,cpu,1024,5,1,1,0,5,toy2_gpu_core_neural_output_average_tensor_batched_1024_cpu_repeat01,5,neural_policy,output_average,finalize_hook_step,9.749084711074829e-06
toy2,neural_output_average,tensor_batched,tensor_batched,cpu,1024,5,1,1,0,5,toy2_gpu_core_neural_output_average_tensor_batched_1024_cpu_repeat01,5,neural_policy,output_average,hooked_step_total,0.00735039496794343
toy2,neural_output_average,tensor_batched,tensor_batched,cpu,1024,5,1,1,0,5,toy2_gpu_core_neural_output_average_tensor_batched_1024_cpu_repeat01,5,neural_policy,output_average,aggregate_row,0.0011271300027146935
toy2,neural_output_average,tensor_batched,tensor_batched,cpu,1024,5,1,1,0,5,toy2_gpu_core_neural_output_average_tensor_batched_1024_cpu_repeat01,5,neural_policy,output_average,write_aggregate,3.265193663537502e-05
toy2,neural_output_average,tensor_batched,tensor_batched,cpu,1024,5,1,2,0,5,toy2_gpu_core_neural_output_average_tensor_batched_1024_cpu_repeat02,0,neural_policy,output_average,make_run_dir,0.00038525101263076067
toy2,neural_output_average,tensor_batched,tensor_batched,cpu,1024,5,1,2,0,5,toy2_gpu_core_neural_output_average_tensor_batched_1024_cpu_repeat02,0,neural_policy,output_average,write_metadata,0.002685378072783351
toy2,neural_output_average,tensor_batched,tensor_batched,cpu,1024,5,1,2,0,5,toy2_gpu_core_neural_output_average_tensor_batched_1024_cpu_repeat02,0,neural_policy,output_average,initial_state,0.2933812499977648
toy2,neural_output_average,tensor_batched,tensor_batched,cpu,1024,5,1,2,0,5,toy2_gpu_core_neural_output_average_tensor_batched_1024_cpu_repeat02,0,neural_policy,output_average,writer_setup,0.0004285229369997978
toy2,neural_output_average,tensor_batched,tensor_batched,cpu,1024,5,1,2,0,5,toy2_gpu_core_neural_output_average_tensor_batched_1024_cpu_repeat02,0,neural_policy,output_average,initial_step_result,0.0023975420044735074
toy2,neural_output_average,tensor_batched,tensor_batched,cpu,1024,5,1,2,0,5,toy2_gpu_core_neural_output_average_tensor_batched_1024_cpu_repeat02,0,neural_policy,output_average,initial_aggregate_row,0.002316517988219857
toy2,neural_output_average,tensor_batched,tensor_batched,cpu,1024,5,1,2,0,5,toy2_gpu_core_neural_output_average_tensor_batched_1024_cpu_repeat02,0,neural_policy,output_average,write_initial_aggregate,3.6689103581011295e-05
toy2,neural_output_average,tensor_batched,tensor_batched,cpu,1024,5,1,2,0,5,toy2_gpu_core_neural_output_average_tensor_batched_1024_cpu_repeat02,1,neural_policy,output_average,sample_revision_mask,1.245399471372366e-05
toy2,neural_output_average,tensor_batched,tensor_batched,cpu,1024,5,1,2,0,5,toy2_gpu_core_neural_output_average_tensor_batched_1024_cpu_repeat02,1,neural_policy,output_average,build_step_context,6.8729277700185776e-06
toy2,neural_output_average,tensor_batched,tensor_batched,cpu,1024,5,1,2,0,5,toy2_gpu_core_neural_output_average_tensor_batched_1024_cpu_repeat02,1,neural_policy,output_average,neural_context_peers,3.056018613278866e-06
toy2,neural_output_average,tensor_batched,tensor_batched,cpu,1024,5,1,2,0,5,toy2_gpu_core_neural_output_average_tensor_batched_1024_cpu_repeat02,1,neural_policy,output_average,build_observations,0.0002011420438066125
toy2,neural_output_average,tensor_batched,tensor_batched,cpu,1024,5,1,2,0,5,toy2_gpu_core_neural_output_average_tensor_batched_1024_cpu_repeat02,1,neural_policy,output_average,policy_readout,0.0002363590756431222
toy2,neural_output_average,tensor_batched,tensor_batched,cpu,1024,5,1,2,0,5,toy2_gpu_core_neural_output_average_tensor_batched_1024_cpu_repeat02,1,neural_policy,output_average,decision_selection,0.00021012895740568638
toy2,neural_output_average,tensor_batched,tensor_batched,cpu,1024,5,1,2,0,5,toy2_gpu_core_neural_output_average_tensor_batched_1024_cpu_repeat02,1,neural_policy,output_average,local_trainable_parameters,0.00037673499900847673
toy2,neural_output_average,tensor_batched,tensor_batched,cpu,1024,5,1,2,0,5,toy2_gpu_core_neural_output_average_tensor_batched_1024_cpu_repeat02,1,neural_policy,output_average,local_loss_forward,0.0005942080169916153
toy2,neural_output_average,tensor_batched,tensor_batched,cpu,1024,5,1,2,0,5,toy2_gpu_core_neural_output_average_tensor_batched_1024_cpu_repeat02,1,neural_policy,output_average,local_autograd_grad,0.0008533900836482644
toy2,neural_output_average,tensor_batched,tensor_batched,cpu,1024,5,1,2,0,5,toy2_gpu_core_neural_output_average_tensor_batched_1024_cpu_repeat02,1,neural_policy,output_average,local_adam_update,0.0017983539728447795
toy2,neural_output_average,tensor_batched,tensor_batched,cpu,1024,5,1,2,0,5,toy2_gpu_core_neural_output_average_tensor_batched_1024_cpu_repeat02,1,neural_policy,output_average,local_optimizer_update,0.002731374930590391
toy2,neural_output_average,tensor_batched,tensor_batched,cpu,1024,5,1,2,0,5,toy2_gpu_core_neural_output_average_tensor_batched_1024_cpu_repeat02,1,neural_policy,output_average,local_loss_update,0.0033381179673597217
toy2,neural_output_average,tensor_batched,tensor_batched,cpu,1024,5,1,2,0,5,toy2_gpu_core_neural_output_average_tensor_batched_1024_cpu_repeat02,1,neural_policy,output_average,local_training,0.00407114892732352
toy2,neural_output_average,tensor_batched,tensor_batched,cpu,1024,5,1,2,0,5,toy2_gpu_core_neural_output_average_tensor_batched_1024_cpu_repeat02,1,neural_policy,output_average,cache_refresh,3.897002898156643e-06
toy2,neural_output_average,tensor_batched,tensor_batched,cpu,1024,5,1,2,0,5,toy2_gpu_core_neural_output_average_tensor_batched_1024_cpu_repeat02,1,neural_policy,output_average,post_local_readout,0.0005991880316287279
toy2,neural_output_average,tensor_batched,tensor_batched,cpu,1024,5,1,2,0,5,toy2_gpu_core_neural_output_average_tensor_batched_1024_cpu_repeat02,1,neural_policy,output_average,local_step,0.005832633003592491
toy2,neural_output_average,tensor_batched,tensor_batched,cpu,1024,5,1,2,0,5,toy2_gpu_core_neural_output_average_tensor_batched_1024_cpu_repeat02,1,neural_policy,output_average,select_peers,2.744956873357296e-06
toy2,neural_output_average,tensor_batched,tensor_batched,cpu,1024,5,1,2,0,5,toy2_gpu_core_neural_output_average_tensor_batched_1024_cpu_repeat02,1,neural_policy,output_average,social_mix,0.0003449150826781988
toy2,neural_output_average,tensor_batched,tensor_batched,cpu,1024,5,1,2,0,5,toy2_gpu_core_neural_output_average_tensor_batched_1024_cpu_repeat02,1,neural_policy,output_average,social_trainable_parameters,0.000266415998339653
toy2,neural_output_average,tensor_batched,tensor_batched,cpu,1024,5,1,2,0,5,toy2_gpu_core_neural_output_average_tensor_batched_1024_cpu_repeat02,1,neural_policy,output_average,social_loss_forward,0.0003082950133830309
toy2,neural_output_average,tensor_batched,tensor_batched,cpu,1024,5,1,2,0,5,toy2_gpu_core_neural_output_average_tensor_batched_1024_cpu_repeat02,1,neural_policy,output_average,social_autograd_grad,0.0009648420382291079
toy2,neural_output_average,tensor_batched,tensor_batched,cpu,1024,5,1,2,0,5,toy2_gpu_core_neural_output_average_tensor_batched_1024_cpu_repeat02,1,neural_policy,output_average,social_adam_update,0.0019652810879051685
toy2,neural_output_average,tensor_batched,tensor_batched,cpu,1024,5,1,2,0,5,toy2_gpu_core_neural_output_average_tensor_batched_1024_cpu_repeat02,1,neural_policy,output_average,social_optimizer_update,0.002975748968310654
toy2,neural_output_average,tensor_batched,tensor_batched,cpu,1024,5,1,2,0,5,toy2_gpu_core_neural_output_average_tensor_batched_1024_cpu_repeat02,1,neural_policy,output_average,social_loss_update,0.0032952160108834505
toy2,neural_output_average,tensor_batched,tensor_batched,cpu,1024,5,1,2,0,5,toy2_gpu_core_neural_output_average_tensor_batched_1024_cpu_repeat02,1,neural_policy,output_average,social_distillation,0.004273212049156427
toy2,neural_output_average,tensor_batched,tensor_batched,cpu,1024,5,1,2,0,5,toy2_gpu_core_neural_output_average_tensor_batched_1024_cpu_repeat02,1,neural_policy,output_average,social_step,0.004288060939870775
toy2,neural_output_average,tensor_batched,tensor_batched,cpu,1024,5,1,2,0,5,toy2_gpu_core_neural_output_average_tensor_batched_1024_cpu_repeat02,1,neural_policy,output_average,sample_actions,9.919749572873116e-07
toy2,neural_output_average,tensor_batched,tensor_batched,cpu,1024,5,1,2,0,5,toy2_gpu_core_neural_output_average_tensor_batched_1024_cpu_repeat02,1,neural_policy,output_average,commit_actions,6.341957487165928e-06
toy2,neural_output_average,tensor_batched,tensor_batched,cpu,1024,5,1,2,0,5,toy2_gpu_core_neural_output_average_tensor_batched_1024_cpu_repeat02,1,neural_policy,output_average,post_step_state_policy,4.015606828033924e-05
toy2,neural_output_average,tensor_batched,tensor_batched,cpu,1024,5,1,2,0,5,toy2_gpu_core_neural_output_average_tensor_batched_1024_cpu_repeat02,1,neural_policy,output_average,update_payoff_ema,2.1189916878938675e-05
toy2,neural_output_average,tensor_batched,tensor_batched,cpu,1024,5,1,2,0,5,toy2_gpu_core_neural_output_average_tensor_batched_1024_cpu_repeat02,1,neural_policy,output_average,update_reputation_ema,2.138002309948206e-05
toy2,neural_output_average,tensor_batched,tensor_batched,cpu,1024,5,1,2,0,5,toy2_gpu_core_neural_output_average_tensor_batched_1024_cpu_repeat02,1,neural_policy,output_average,mobility_swaps,8.478097151964903e-05
toy2,neural_output_average,tensor_batched,tensor_batched,cpu,1024,5,1,2,0,5,toy2_gpu_core_neural_output_average_tensor_batched_1024_cpu_repeat02,1,neural_policy,output_average,finalize_hook_step,1.0941061191260815e-05
toy2,neural_output_average,tensor_batched,tensor_batched,cpu,1024,5,1,2,0,5,toy2_gpu_core_neural_output_average_tensor_batched_1024_cpu_repeat02,1,neural_policy,output_average,hooked_step_total,0.010831444058567286
toy2,neural_output_average,tensor_batched,tensor_batched,cpu,1024,5,1,2,0,5,toy2_gpu_core_neural_output_average_tensor_batched_1024_cpu_repeat02,1,neural_policy,output_average,aggregate_row,0.0021296630147844553
toy2,neural_output_average,tensor_batched,tensor_batched,cpu,1024,5,1,2,0,5,toy2_gpu_core_neural_output_average_tensor_batched_1024_cpu_repeat02,1,neural_policy,output_average,write_aggregate,4.678894765675068e-05
toy2,neural_output_average,tensor_batched,tensor_batched,cpu,1024,5,1,2,0,5,toy2_gpu_core_neural_output_average_tensor_batched_1024_cpu_repeat02,2,neural_policy,output_average,sample_revision_mask,1.51490094140172e-05
toy2,neural_output_average,tensor_batched,tensor_batched,cpu,1024,5,1,2,0,5,toy2_gpu_core_neural_output_average_tensor_batched_1024_cpu_repeat02,2,neural_policy,output_average,build_step_context,1.3635959476232529e-05
toy2,neural_output_average,tensor_batched,tensor_batched,cpu,1024,5,1,2,0,5,toy2_gpu_core_neural_output_average_tensor_batched_1024_cpu_repeat02,2,neural_policy,output_average,neural_context_peers,2.5150366127490997e-06
toy2,neural_output_average,tensor_batched,tensor_batched,cpu,1024,5,1,2,0,5,toy2_gpu_core_neural_output_average_tensor_batched_1024_cpu_repeat02,2,neural_policy,output_average,build_observations,0.00022518797777593136
toy2,neural_output_average,tensor_batched,tensor_batched,cpu,1024,5,1,2,0,5,toy2_gpu_core_neural_output_average_tensor_batched_1024_cpu_repeat02,2,neural_policy,output_average,policy_readout,0.00024998397566378117
toy2,neural_output_average,tensor_batched,tensor_batched,cpu,1024,5,1,2,0,5,toy2_gpu_core_neural_output_average_tensor_batched_1024_cpu_repeat02,2,neural_policy,output_average,decision_selection,0.00018665404058992863
toy2,neural_output_average,tensor_batched,tensor_batched,cpu,1024,5,1,2,0,5,toy2_gpu_core_neural_output_average_tensor_batched_1024_cpu_repeat02,2,neural_policy,output_average,local_trainable_parameters,8.865899872034788e-05
toy2,neural_output_average,tensor_batched,tensor_batched,cpu,1024,5,1,2,0,5,toy2_gpu_core_neural_output_average_tensor_batched_1024_cpu_repeat02,2,neural_policy,output_average,local_loss_forward,0.00042031798511743546
toy2,neural_output_average,tensor_batched,tensor_batched,cpu,1024,5,1,2,0,5,toy2_gpu_core_neural_output_average_tensor_batched_1024_cpu_repeat02,2,neural_policy,output_average,local_autograd_grad,0.00079158297739923
toy2,neural_output_average,tensor_batched,tensor_batched,cpu,1024,5,1,2,0,5,toy2_gpu_core_neural_output_average_tensor_batched_1024_cpu_repeat02,2,neural_policy,output_average,local_adam_update,0.001746905967593193
toy2,neural_output_average,tensor_batched,tensor_batched,cpu,1024,5,1,2,0,5,toy2_gpu_core_neural_output_average_tensor_batched_1024_cpu_repeat02,2,neural_policy,output_average,local_optimizer_update,0.0029227290069684386
toy2,neural_output_average,tensor_batched,tensor_batched,cpu,1024,5,1,2,0,5,toy2_gpu_core_neural_output_average_tensor_batched_1024_cpu_repeat02,2,neural_policy,output_average,local_loss_update,0.0033573139226064086
toy2,neural_output_average,tensor_batched,tensor_batched,cpu,1024,5,1,2,0,5,toy2_gpu_core_neural_output_average_tensor_batched_1024_cpu_repeat02,2,neural_policy,output_average,local_training,0.0037537059979513288
toy2,neural_output_average,tensor_batched,tensor_batched,cpu,1024,5,1,2,0,5,toy2_gpu_core_neural_output_average_tensor_batched_1024_cpu_repeat02,2,neural_policy,output_average,cache_refresh,3.156019374728203e-06
toy2,neural_output_average,tensor_batched,tensor_batched,cpu,1024,5,1,2,0,5,toy2_gpu_core_neural_output_average_tensor_batched_1024_cpu_repeat02,2,neural_policy,output_average,post_local_readout,0.0003222209634259343
toy2,neural_output_average,tensor_batched,tensor_batched,cpu,1024,5,1,2,0,5,toy2_gpu_core_neural_output_average_tensor_batched_1024_cpu_repeat02,2,neural_policy,output_average,local_step,0.005297327064909041
toy2,neural_output_average,tensor_batched,tensor_batched,cpu,1024,5,1,2,0,5,toy2_gpu_core_neural_output_average_tensor_batched_1024_cpu_repeat02,2,neural_policy,output_average,select_peers,4.227971658110619e-06
toy2,neural_output_average,tensor_batched,tensor_batched,cpu,1024,5,1,2,0,5,toy2_gpu_core_neural_output_average_tensor_batched_1024_cpu_repeat02,2,neural_policy,output_average,social_mix,0.0004681090358644724
toy2,neural_output_average,tensor_batched,tensor_batched,cpu,1024,5,1,2,0,5,toy2_gpu_core_neural_output_average_tensor_batched_1024_cpu_repeat02,2,neural_policy,output_average,social_trainable_parameters,0.000684269005432725
toy2,neural_output_average,tensor_batched,tensor_batched,cpu,1024,5,1,2,0,5,toy2_gpu_core_neural_output_average_tensor_batched_1024_cpu_repeat02,2,neural_policy,output_average,social_loss_forward,0.0005334030138328671
toy2,neural_output_average,tensor_batched,tensor_batched,cpu,1024,5,1,2,0,5,toy2_gpu_core_neural_output_average_tensor_batched_1024_cpu_repeat02,2,neural_policy,output_average,social_autograd_grad,0.001595649984665215
toy2,neural_output_average,tensor_batched,tensor_batched,cpu,1024,5,1,2,0,5,toy2_gpu_core_neural_output_average_tensor_batched_1024_cpu_repeat02,2,neural_policy,output_average,social_adam_update,0.0034604589454829693
toy2,neural_output_average,tensor_batched,tensor_batched,cpu,1024,5,1,2,0,5,toy2_gpu_core_neural_output_average_tensor_batched_1024_cpu_repeat02,2,neural_policy,output_average,social_optimizer_update,0.005139196990057826
toy2,neural_output_average,tensor_batched,tensor_batched,cpu,1024,5,1,2,0,5,toy2_gpu_core_neural_output_average_tensor_batched_1024_cpu_repeat02,2,neural_policy,output_average,social_loss_update,0.0056937700137495995
toy2,neural_output_average,tensor_batched,tensor_batched,cpu,1024,5,1,2,0,5,toy2_gpu_core_neural_output_average_tensor_batched_1024_cpu_repeat02,2,neural_policy,output_average,social_distillation,0.007275352021679282
toy2,neural_output_average,tensor_batched,tensor_batched,cpu,1024,5,1,2,0,5,toy2_gpu_core_neural_output_average_tensor_batched_1024_cpu_repeat02,2,neural_policy,output_average,social_step,0.007297553936950862
toy2,neural_output_average,tensor_batched,tensor_batched,cpu,1024,5,1,2,0,5,toy2_gpu_core_neural_output_average_tensor_batched_1024_cpu_repeat02,2,neural_policy,output_average,sample_actions,8.409842848777771e-07
toy2,neural_output_average,tensor_batched,tensor_batched,cpu,1024,5,1,2,0,5,toy2_gpu_core_neural_output_average_tensor_batched_1024_cpu_repeat02,2,neural_policy,output_average,commit_actions,7.915077731013298e-06
toy2,neural_output_average,tensor_batched,tensor_batched,cpu,1024,5,1,2,0,5,toy2_gpu_core_neural_output_average_tensor_batched_1024_cpu_repeat02,2,neural_policy,output_average,post_step_state_policy,4.115805495530367e-05
toy2,neural_output_average,tensor_batched,tensor_batched,cpu,1024,5,1,2,0,5,toy2_gpu_core_neural_output_average_tensor_batched_1024_cpu_repeat02,2,neural_policy,output_average,update_payoff_ema,2.917496021836996e-05
toy2,neural_output_average,tensor_batched,tensor_batched,cpu,1024,5,1,2,0,5,toy2_gpu_core_neural_output_average_tensor_batched_1024_cpu_repeat02,2,neural_policy,output_average,update_reputation_ema,2.8664013370871544e-05
toy2,neural_output_average,tensor_batched,tensor_batched,cpu,1024,5,1,2,0,5,toy2_gpu_core_neural_output_average_tensor_batched_1024_cpu_repeat02,2,neural_policy,output_average,mobility_swaps,0.00013369391672313213
toy2,neural_output_average,tensor_batched,tensor_batched,cpu,1024,5,1,2,0,5,toy2_gpu_core_neural_output_average_tensor_batched_1024_cpu_repeat02,2,neural_policy,output_average,finalize_hook_step,1.266400795429945e-05
toy2,neural_output_average,tensor_batched,tensor_batched,cpu,1024,5,1,2,0,5,toy2_gpu_core_neural_output_average_tensor_batched_1024_cpu_repeat02,2,neural_policy,output_average,hooked_step_total,0.01342754194047302
toy2,neural_output_average,tensor_batched,tensor_batched,cpu,1024,5,1,2,0,5,toy2_gpu_core_neural_output_average_tensor_batched_1024_cpu_repeat02,2,neural_policy,output_average,aggregate_row,0.0015319790691137314
toy2,neural_output_average,tensor_batched,tensor_batched,cpu,1024,5,1,2,0,5,toy2_gpu_core_neural_output_average_tensor_batched_1024_cpu_repeat02,2,neural_policy,output_average,write_aggregate,4.081695806235075e-05
toy2,neural_output_average,tensor_batched,tensor_batched,cpu,1024,5,1,2,0,5,toy2_gpu_core_neural_output_average_tensor_batched_1024_cpu_repeat02,3,neural_policy,output_average,sample_revision_mask,2.28730496019125e-05
toy2,neural_output_average,tensor_batched,tensor_batched,cpu,1024,5,1,2,0,5,toy2_gpu_core_neural_output_average_tensor_batched_1024_cpu_repeat02,3,neural_policy,output_average,build_step_context,7.383991032838821e-06
toy2,neural_output_average,tensor_batched,tensor_batched,cpu,1024,5,1,2,0,5,toy2_gpu_core_neural_output_average_tensor_batched_1024_cpu_repeat02,3,neural_policy,output_average,neural_context_peers,1.9039725884795189e-06
toy2,neural_output_average,tensor_batched,tensor_batched,cpu,1024,5,1,2,0,5,toy2_gpu_core_neural_output_average_tensor_batched_1024_cpu_repeat02,3,neural_policy,output_average,build_observations,0.00022423593327403069
toy2,neural_output_average,tensor_batched,tensor_batched,cpu,1024,5,1,2,0,5,toy2_gpu_core_neural_output_average_tensor_batched_1024_cpu_repeat02,3,neural_policy,output_average,policy_readout,0.00032433506567031145
toy2,neural_output_average,tensor_batched,tensor_batched,cpu,1024,5,1,2,0,5,toy2_gpu_core_neural_output_average_tensor_batched_1024_cpu_repeat02,3,neural_policy,output_average,decision_selection,0.00020322599448263645
toy2,neural_output_average,tensor_batched,tensor_batched,cpu,1024,5,1,2,0,5,toy2_gpu_core_neural_output_average_tensor_batched_1024_cpu_repeat02,3,neural_policy,output_average,local_trainable_parameters,0.00014675897546112537
toy2,neural_output_average,tensor_batched,tensor_batched,cpu,1024,5,1,2,0,5,toy2_gpu_core_neural_output_average_tensor_batched_1024_cpu_repeat02,3,neural_policy,output_average,local_loss_forward,0.0004619569517672062
toy2,neural_output_average,tensor_batched,tensor_batched,cpu,1024,5,1,2,0,5,toy2_gpu_core_neural_output_average_tensor_batched_1024_cpu_repeat02,3,neural_policy,output_average,local_autograd_grad,0.0008189550135284662
toy2,neural_output_average,tensor_batched,tensor_batched,cpu,1024,5,1,2,0,5,toy2_gpu_core_neural_output_average_tensor_batched_1024_cpu_repeat02,3,neural_policy,output_average,local_adam_update,0.001245324034243822
toy2,neural_output_average,tensor_batched,tensor_batched,cpu,1024,5,1,2,0,5,toy2_gpu_core_neural_output_average_tensor_batched_1024_cpu_repeat02,3,neural_policy,output_average,local_optimizer_update,0.002107109990902245
toy2,neural_output_average,tensor_batched,tensor_batched,cpu,1024,5,1,2,0,5,toy2_gpu_core_neural_output_average_tensor_batched_1024_cpu_repeat02,3,neural_policy,output_average,local_loss_update,0.0025812010280787945
toy2,neural_output_average,tensor_batched,tensor_batched,cpu,1024,5,1,2,0,5,toy2_gpu_core_neural_output_average_tensor_batched_1024_cpu_repeat02,3,neural_policy,output_average,local_training,0.002995247021317482
toy2,neural_output_average,tensor_batched,tensor_batched,cpu,1024,5,1,2,0,5,toy2_gpu_core_neural_output_average_tensor_batched_1024_cpu_repeat02,3,neural_policy,output_average,cache_refresh,1.7139827832579613e-06
toy2,neural_output_average,tensor_batched,tensor_batched,cpu,1024,5,1,2,0,5,toy2_gpu_core_neural_output_average_tensor_batched_1024_cpu_repeat02,3,neural_policy,output_average,post_local_readout,0.00018049299251288176
toy2,neural_output_average,tensor_batched,tensor_batched,cpu,1024,5,1,2,0,5,toy2_gpu_core_neural_output_average_tensor_batched_1024_cpu_repeat02,3,neural_policy,output_average,local_step,0.004290385986678302
toy2,neural_output_average,tensor_batched,tensor_batched,cpu,1024,5,1,2,0,5,toy2_gpu_core_neural_output_average_tensor_batched_1024_cpu_repeat02,3,neural_policy,output_average,select_peers,2.1239975467324257e-06
toy2,neural_output_average,tensor_batched,tensor_batched,cpu,1024,5,1,2,0,5,toy2_gpu_core_neural_output_average_tensor_batched_1024_cpu_repeat02,3,neural_policy,output_average,social_mix,0.00023598794359713793
toy2,neural_output_average,tensor_batched,tensor_batched,cpu,1024,5,1,2,0,5,toy2_gpu_core_neural_output_average_tensor_batched_1024_cpu_repeat02,3,neural_policy,output_average,social_trainable_parameters,8.844793774187565e-05
toy2,neural_output_average,tensor_batched,tensor_batched,cpu,1024,5,1,2,0,5,toy2_gpu_core_neural_output_average_tensor_batched_1024_cpu_repeat02,3,neural_policy,output_average,social_loss_forward,0.00020314601715654135
toy2,neural_output_average,tensor_batched,tensor_batched,cpu,1024,5,1,2,0,5,toy2_gpu_core_neural_output_average_tensor_batched_1024_cpu_repeat02,3,neural_policy,output_average,social_autograd_grad,0.0007683290168642998
toy2,neural_output_average,tensor_batched,tensor_batched,cpu,1024,5,1,2,0,5,toy2_gpu_core_neural_output_average_tensor_batched_1024_cpu_repeat02,3,neural_policy,output_average,social_adam_update,0.0008577890694141388
toy2,neural_output_average,tensor_batched,tensor_batched,cpu,1024,5,1,2,0,5,toy2_gpu_core_neural_output_average_tensor_batched_1024_cpu_repeat02,3,neural_policy,output_average,social_optimizer_update,0.0018963100155815482
toy2,neural_output_average,tensor_batched,tensor_batched,cpu,1024,5,1,2,0,5,toy2_gpu_core_neural_output_average_tensor_batched_1024_cpu_repeat02,3,neural_policy,output_average,social_loss_update,0.0021110880188643932
toy2,neural_output_average,tensor_batched,tensor_batched,cpu,1024,5,1,2,0,5,toy2_gpu_core_neural_output_average_tensor_batched_1024_cpu_repeat02,3,neural_policy,output_average,social_distillation,0.0027413739589974284
toy2,neural_output_average,tensor_batched,tensor_batched,cpu,1024,5,1,2,0,5,toy2_gpu_core_neural_output_average_tensor_batched_1024_cpu_repeat02,3,neural_policy,output_average,social_step,0.0027541279559955
toy2,neural_output_average,tensor_batched,tensor_batched,cpu,1024,5,1,2,0,5,toy2_gpu_core_neural_output_average_tensor_batched_1024_cpu_repeat02,3,neural_policy,output_average,sample_actions,7.209600880742073e-07
toy2,neural_output_average,tensor_batched,tensor_batched,cpu,1024,5,1,2,0,5,toy2_gpu_core_neural_output_average_tensor_batched_1024_cpu_repeat02,3,neural_policy,output_average,commit_actions,3.3170217648148537e-06
toy2,neural_output_average,tensor_batched,tensor_batched,cpu,1024,5,1,2,0,5,toy2_gpu_core_neural_output_average_tensor_batched_1024_cpu_repeat02,3,neural_policy,output_average,post_step_state_policy,2.107990439981222e-05
toy2,neural_output_average,tensor_batched,tensor_batched,cpu,1024,5,1,2,0,5,toy2_gpu_core_neural_output_average_tensor_batched_1024_cpu_repeat02,3,neural_policy,output_average,update_payoff_ema,1.744297333061695e-05
toy2,neural_output_average,tensor_batched,tensor_batched,cpu,1024,5,1,2,0,5,toy2_gpu_core_neural_output_average_tensor_batched_1024_cpu_repeat02,3,neural_policy,output_average,update_reputation_ema,1.3906974345445633e-05
toy2,neural_output_average,tensor_batched,tensor_batched,cpu,1024,5,1,2,0,5,toy2_gpu_core_neural_output_average_tensor_batched_1024_cpu_repeat02,3,neural_policy,output_average,mobility_swaps,6.054493132978678e-05
toy2,neural_output_average,tensor_batched,tensor_batched,cpu,1024,5,1,2,0,5,toy2_gpu_core_neural_output_average_tensor_batched_1024_cpu_repeat02,3,neural_policy,output_average,finalize_hook_step,8.765957318246365e-06
toy2,neural_output_average,tensor_batched,tensor_batched,cpu,1024,5,1,2,0,5,toy2_gpu_core_neural_output_average_tensor_batched_1024_cpu_repeat02,3,neural_policy,output_average,hooked_step_total,0.007531949086114764
toy2,neural_output_average,tensor_batched,tensor_batched,cpu,1024,5,1,2,0,5,toy2_gpu_core_neural_output_average_tensor_batched_1024_cpu_repeat02,3,neural_policy,output_average,aggregate_row,0.0011415670160204172
toy2,neural_output_average,tensor_batched,tensor_batched,cpu,1024,5,1,2,0,5,toy2_gpu_core_neural_output_average_tensor_batched_1024_cpu_repeat02,3,neural_policy,output_average,write_aggregate,2.9104994609951973e-05
toy2,neural_output_average,tensor_batched,tensor_batched,cpu,1024,5,1,2,0,5,toy2_gpu_core_neural_output_average_tensor_batched_1024_cpu_repeat02,4,neural_policy,output_average,sample_revision_mask,1.0289950296282768e-05
toy2,neural_output_average,tensor_batched,tensor_batched,cpu,1024,5,1,2,0,5,toy2_gpu_core_neural_output_average_tensor_batched_1024_cpu_repeat02,4,neural_policy,output_average,build_step_context,5.5710552260279655e-06
toy2,neural_output_average,tensor_batched,tensor_batched,cpu,1024,5,1,2,0,5,toy2_gpu_core_neural_output_average_tensor_batched_1024_cpu_repeat02,4,neural_policy,output_average,neural_context_peers,2.134009264409542e-06
toy2,neural_output_average,tensor_batched,tensor_batched,cpu,1024,5,1,2,0,5,toy2_gpu_core_neural_output_average_tensor_batched_1024_cpu_repeat02,4,neural_policy,output_average,build_observations,0.00015927304048091173
toy2,neural_output_average,tensor_batched,tensor_batched,cpu,1024,5,1,2,0,5,toy2_gpu_core_neural_output_average_tensor_batched_1024_cpu_repeat02,4,neural_policy,output_average,policy_readout,0.00017899996601045132
toy2,neural_output_average,tensor_batched,tensor_batched,cpu,1024,5,1,2,0,5,toy2_gpu_core_neural_output_average_tensor_batched_1024_cpu_repeat02,4,neural_policy,output_average,decision_selection,0.00011271401308476925
toy2,neural_output_average,tensor_batched,tensor_batched,cpu,1024,5,1,2,0,5,toy2_gpu_core_neural_output_average_tensor_batched_1024_cpu_repeat02,4,neural_policy,output_average,local_trainable_parameters,0.00025176804047077894
toy2,neural_output_average,tensor_batched,tensor_batched,cpu,1024,5,1,2,0,5,toy2_gpu_core_neural_output_average_tensor_batched_1024_cpu_repeat02,4,neural_policy,output_average,local_loss_forward,0.00022701104171574116
toy2,neural_output_average,tensor_batched,tensor_batched,cpu,1024,5,1,2,0,5,toy2_gpu_core_neural_output_average_tensor_batched_1024_cpu_repeat02,4,neural_policy,output_average,local_autograd_grad,0.0007738790009170771
toy2,neural_output_average,tensor_batched,tensor_batched,cpu,1024,5,1,2,0,5,toy2_gpu_core_neural_output_average_tensor_batched_1024_cpu_repeat02,4,neural_policy,output_average,local_adam_update,0.0016605830751359463
toy2,neural_output_average,tensor_batched,tensor_batched,cpu,1024,5,1,2,0,5,toy2_gpu_core_neural_output_average_tensor_batched_1024_cpu_repeat02,4,neural_policy,output_average,local_optimizer_update,0.0024720929795876145
toy2,neural_output_average,tensor_batched,tensor_batched,cpu,1024,5,1,2,0,5,toy2_gpu_core_neural_output_average_tensor_batched_1024_cpu_repeat02,4,neural_policy,output_average,local_loss_update,0.0027089830255135894
toy2,neural_output_average,tensor_batched,tensor_batched,cpu,1024,5,1,2,0,5,toy2_gpu_core_neural_output_average_tensor_batched_1024_cpu_repeat02,4,neural_policy,output_average,local_training,0.0031649889424443245
toy2,neural_output_average,tensor_batched,tensor_batched,cpu,1024,5,1,2,0,5,toy2_gpu_core_neural_output_average_tensor_batched_1024_cpu_repeat02,4,neural_policy,output_average,cache_refresh,1.4329561963677406e-06
toy2,neural_output_average,tensor_batched,tensor_batched,cpu,1024,5,1,2,0,5,toy2_gpu_core_neural_output_average_tensor_batched_1024_cpu_repeat02,4,neural_policy,output_average,post_local_readout,0.00016685703303664923
toy2,neural_output_average,tensor_batched,tensor_batched,cpu,1024,5,1,2,0,5,toy2_gpu_core_neural_output_average_tensor_batched_1024_cpu_repeat02,4,neural_policy,output_average,local_step,0.004096476943232119
toy2,neural_output_average,tensor_batched,tensor_batched,cpu,1024,5,1,2,0,5,toy2_gpu_core_neural_output_average_tensor_batched_1024_cpu_repeat02,4,neural_policy,output_average,select_peers,1.9939616322517395e-06
toy2,neural_output_average,tensor_batched,tensor_batched,cpu,1024,5,1,2,0,5,toy2_gpu_core_neural_output_average_tensor_batched_1024_cpu_repeat02,4,neural_policy,output_average,social_mix,0.00022315396927297115
toy2,neural_output_average,tensor_batched,tensor_batched,cpu,1024,5,1,2,0,5,toy2_gpu_core_neural_output_average_tensor_batched_1024_cpu_repeat02,4,neural_policy,output_average,social_trainable_parameters,0.00011002901010215282
toy2,neural_output_average,tensor_batched,tensor_batched,cpu,1024,5,1,2,0,5,toy2_gpu_core_neural_output_average_tensor_batched_1024_cpu_repeat02,4,neural_policy,output_average,social_loss_forward,0.00020117196254432201
toy2,neural_output_average,tensor_batched,tensor_batched,cpu,1024,5,1,2,0,5,toy2_gpu_core_neural_output_average_tensor_batched_1024_cpu_repeat02,4,neural_policy,output_average,social_autograd_grad,0.0005471790209412575
toy2,neural_output_average,tensor_batched,tensor_batched,cpu,1024,5,1,2,0,5,toy2_gpu_core_neural_output_average_tensor_batched_1024_cpu_repeat02,4,neural_policy,output_average,social_adam_update,0.0010928040137514472
toy2,neural_output_average,tensor_batched,tensor_batched,cpu,1024,5,1,2,0,5,toy2_gpu_core_neural_output_average_tensor_batched_1024_cpu_repeat02,4,neural_policy,output_average,social_optimizer_update,0.0016744490712881088
toy2,neural_output_average,tensor_batched,tensor_batched,cpu,1024,5,1,2,0,5,toy2_gpu_core_neural_output_average_tensor_batched_1024_cpu_repeat02,4,neural_policy,output_average,social_loss_update,0.0018860409036278725
toy2,neural_output_average,tensor_batched,tensor_batched,cpu,1024,5,1,2,0,5,toy2_gpu_core_neural_output_average_tensor_batched_1024_cpu_repeat02,4,neural_policy,output_average,social_distillation,0.002522569033317268
toy2,neural_output_average,tensor_batched,tensor_batched,cpu,1024,5,1,2,0,5,toy2_gpu_core_neural_output_average_tensor_batched_1024_cpu_repeat02,4,neural_policy,output_average,social_step,0.0025344520108774304
toy2,neural_output_average,tensor_batched,tensor_batched,cpu,1024,5,1,2,0,5,toy2_gpu_core_neural_output_average_tensor_batched_1024_cpu_repeat02,4,neural_policy,output_average,sample_actions,7.409835234284401e-07
toy2,neural_output_average,tensor_batched,tensor_batched,cpu,1024,5,1,2,0,5,toy2_gpu_core_neural_output_average_tensor_batched_1024_cpu_repeat02,4,neural_policy,output_average,commit_actions,4.06801700592041e-06
toy2,neural_output_average,tensor_batched,tensor_batched,cpu,1024,5,1,2,0,5,toy2_gpu_core_neural_output_average_tensor_batched_1024_cpu_repeat02,4,neural_policy,output_average,post_step_state_policy,1.5389989130198956e-05
toy2,neural_output_average,tensor_batched,tensor_batched,cpu,1024,5,1,2,0,5,toy2_gpu_core_neural_output_average_tensor_batched_1024_cpu_repeat02,4,neural_policy,output_average,update_payoff_ema,2.0809005945920944e-05
toy2,neural_output_average,tensor_batched,tensor_batched,cpu,1024,5,1,2,0,5,toy2_gpu_core_neural_output_average_tensor_batched_1024_cpu_repeat02,4,neural_policy,output_average,update_reputation_ema,2.0809005945920944e-05
toy2,neural_output_average,tensor_batched,tensor_batched,cpu,1024,5,1,2,0,5,toy2_gpu_core_neural_output_average_tensor_batched_1024_cpu_repeat02,4,neural_policy,output_average,mobility_swaps,6.979296449571848e-05
toy2,neural_output_average,tensor_batched,tensor_batched,cpu,1024,5,1,2,0,5,toy2_gpu_core_neural_output_average_tensor_batched_1024_cpu_repeat02,4,neural_policy,output_average,finalize_hook_step,8.766073733568192e-06
toy2,neural_output_average,tensor_batched,tensor_batched,cpu,1024,5,1,2,0,5,toy2_gpu_core_neural_output_average_tensor_batched_1024_cpu_repeat02,4,neural_policy,output_average,hooked_step_total,0.007128734025172889
toy2,neural_output_average,tensor_batched,tensor_batched,cpu,1024,5,1,2,0,5,toy2_gpu_core_neural_output_average_tensor_batched_1024_cpu_repeat02,4,neural_policy,output_average,aggregate_row,0.0010538810165598989
toy2,neural_output_average,tensor_batched,tensor_batched,cpu,1024,5,1,2,0,5,toy2_gpu_core_neural_output_average_tensor_batched_1024_cpu_repeat02,4,neural_policy,output_average,write_aggregate,3.0027003958821297e-05
toy2,neural_output_average,tensor_batched,tensor_batched,cpu,1024,5,1,2,0,5,toy2_gpu_core_neural_output_average_tensor_batched_1024_cpu_repeat02,5,neural_policy,output_average,sample_revision_mask,1.0360032320022583e-05
toy2,neural_output_average,tensor_batched,tensor_batched,cpu,1024,5,1,2,0,5,toy2_gpu_core_neural_output_average_tensor_batched_1024_cpu_repeat02,5,neural_policy,output_average,build_step_context,6.081070750951767e-06
toy2,neural_output_average,tensor_batched,tensor_batched,cpu,1024,5,1,2,0,5,toy2_gpu_core_neural_output_average_tensor_batched_1024_cpu_repeat02,5,neural_policy,output_average,neural_context_peers,1.8130522221326828e-06
toy2,neural_output_average,tensor_batched,tensor_batched,cpu,1024,5,1,2,0,5,toy2_gpu_core_neural_output_average_tensor_batched_1024_cpu_repeat02,5,neural_policy,output_average,build_observations,0.0001713449601083994
toy2,neural_output_average,tensor_batched,tensor_batched,cpu,1024,5,1,2,0,5,toy2_gpu_core_neural_output_average_tensor_batched_1024_cpu_repeat02,5,neural_policy,output_average,policy_readout,0.0002130239736288786
toy2,neural_output_average,tensor_batched,tensor_batched,cpu,1024,5,1,2,0,5,toy2_gpu_core_neural_output_average_tensor_batched_1024_cpu_repeat02,5,neural_policy,output_average,decision_selection,0.00012090906966477633
toy2,neural_output_average,tensor_batched,tensor_batched,cpu,1024,5,1,2,0,5,toy2_gpu_core_neural_output_average_tensor_batched_1024_cpu_repeat02,5,neural_policy,output_average,local_trainable_parameters,0.00011611101217567921
toy2,neural_output_average,tensor_batched,tensor_batched,cpu,1024,5,1,2,0,5,toy2_gpu_core_neural_output_average_tensor_batched_1024_cpu_repeat02,5,neural_policy,output_average,local_loss_forward,0.00034136802423745394
toy2,neural_output_average,tensor_batched,tensor_batched,cpu,1024,5,1,2,0,5,toy2_gpu_core_neural_output_average_tensor_batched_1024_cpu_repeat02,5,neural_policy,output_average,local_autograd_grad,0.0008723670616745949
toy2,neural_output_average,tensor_batched,tensor_batched,cpu,1024,5,1,2,0,5,toy2_gpu_core_neural_output_average_tensor_batched_1024_cpu_repeat02,5,neural_policy,output_average,local_adam_update,0.0024970100494101644
toy2,neural_output_average,tensor_batched,tensor_batched,cpu,1024,5,1,2,0,5,toy2_gpu_core_neural_output_average_tensor_batched_1024_cpu_repeat02,5,neural_policy,output_average,local_optimizer_update,0.003667421988211572
toy2,neural_output_average,tensor_batched,tensor_batched,cpu,1024,5,1,2,0,5,toy2_gpu_core_neural_output_average_tensor_batched_1024_cpu_repeat02,5,neural_policy,output_average,local_loss_update,0.004022427019663155
toy2,neural_output_average,tensor_batched,tensor_batched,cpu,1024,5,1,2,0,5,toy2_gpu_core_neural_output_average_tensor_batched_1024_cpu_repeat02,5,neural_policy,output_average,local_training,0.004368573892861605
toy2,neural_output_average,tensor_batched,tensor_batched,cpu,1024,5,1,2,0,5,toy2_gpu_core_neural_output_average_tensor_batched_1024_cpu_repeat02,5,neural_policy,output_average,cache_refresh,1.7130514606833458e-06
toy2,neural_output_average,tensor_batched,tensor_batched,cpu,1024,5,1,2,0,5,toy2_gpu_core_neural_output_average_tensor_batched_1024_cpu_repeat02,5,neural_policy,output_average,post_local_readout,0.00020946701988577843
toy2,neural_output_average,tensor_batched,tensor_batched,cpu,1024,5,1,2,0,5,toy2_gpu_core_neural_output_average_tensor_batched_1024_cpu_repeat02,5,neural_policy,output_average,local_step,0.005448324023745954
toy2,neural_output_average,tensor_batched,tensor_batched,cpu,1024,5,1,2,0,5,toy2_gpu_core_neural_output_average_tensor_batched_1024_cpu_repeat02,5,neural_policy,output_average,select_peers,2.0940788090229034e-06
toy2,neural_output_average,tensor_batched,tensor_batched,cpu,1024,5,1,2,0,5,toy2_gpu_core_neural_output_average_tensor_batched_1024_cpu_repeat02,5,neural_policy,output_average,social_mix,0.0002359480131417513
toy2,neural_output_average,tensor_batched,tensor_batched,cpu,1024,5,1,2,0,5,toy2_gpu_core_neural_output_average_tensor_batched_1024_cpu_repeat02,5,neural_policy,output_average,social_trainable_parameters,0.0003300759708508849
toy2,neural_output_average,tensor_batched,tensor_batched,cpu,1024,5,1,2,0,5,toy2_gpu_core_neural_output_average_tensor_batched_1024_cpu_repeat02,5,neural_policy,output_average,social_loss_forward,0.00028616306371986866
toy2,neural_output_average,tensor_batched,tensor_batched,cpu,1024,5,1,2,0,5,toy2_gpu_core_neural_output_average_tensor_batched_1024_cpu_repeat02,5,neural_policy,output_average,social_autograd_grad,0.0008047079900279641
toy2,neural_output_average,tensor_batched,tensor_batched,cpu,1024,5,1,2,0,5,toy2_gpu_core_neural_output_average_tensor_batched_1024_cpu_repeat02,5,neural_policy,output_average,social_adam_update,0.0020526970038190484
toy2,neural_output_average,tensor_batched,tensor_batched,cpu,1024,5,1,2,0,5,toy2_gpu_core_neural_output_average_tensor_batched_1024_cpu_repeat02,5,neural_policy,output_average,social_optimizer_update,0.0028993739979341626
toy2,neural_output_average,tensor_batched,tensor_batched,cpu,1024,5,1,2,0,5,toy2_gpu_core_neural_output_average_tensor_batched_1024_cpu_repeat02,5,neural_policy,output_average,social_loss_update,0.003195948083885014
toy2,neural_output_average,tensor_batched,tensor_batched,cpu,1024,5,1,2,0,5,toy2_gpu_core_neural_output_average_tensor_batched_1024_cpu_repeat02,5,neural_policy,output_average,social_distillation,0.0040701370453462005
toy2,neural_output_average,tensor_batched,tensor_batched,cpu,1024,5,1,2,0,5,toy2_gpu_core_neural_output_average_tensor_batched_1024_cpu_repeat02,5,neural_policy,output_average,social_step,0.004082361003383994
toy2,neural_output_average,tensor_batched,tensor_batched,cpu,1024,5,1,2,0,5,toy2_gpu_core_neural_output_average_tensor_batched_1024_cpu_repeat02,5,neural_policy,output_average,sample_actions,7.309718057513237e-07
toy2,neural_output_average,tensor_batched,tensor_batched,cpu,1024,5,1,2,0,5,toy2_gpu_core_neural_output_average_tensor_batched_1024_cpu_repeat02,5,neural_policy,output_average,commit_actions,7.484108209609985e-06
toy2,neural_output_average,tensor_batched,tensor_batched,cpu,1024,5,1,2,0,5,toy2_gpu_core_neural_output_average_tensor_batched_1024_cpu_repeat02,5,neural_policy,output_average,post_step_state_policy,1.9125989638268948e-05
toy2,neural_output_average,tensor_batched,tensor_batched,cpu,1024,5,1,2,0,5,toy2_gpu_core_neural_output_average_tensor_batched_1024_cpu_repeat02,5,neural_policy,output_average,update_payoff_ema,2.3595057427883148e-05
toy2,neural_output_average,tensor_batched,tensor_batched,cpu,1024,5,1,2,0,5,toy2_gpu_core_neural_output_average_tensor_batched_1024_cpu_repeat02,5,neural_policy,output_average,update_reputation_ema,1.9257073290646076e-05
toy2,neural_output_average,tensor_batched,tensor_batched,cpu,1024,5,1,2,0,5,toy2_gpu_core_neural_output_average_tensor_batched_1024_cpu_repeat02,5,neural_policy,output_average,mobility_swaps,7.189600728452206e-05
toy2,neural_output_average,tensor_batched,tensor_batched,cpu,1024,5,1,2,0,5,toy2_gpu_core_neural_output_average_tensor_batched_1024_cpu_repeat02,5,neural_policy,output_average,finalize_hook_step,9.107054211199284e-06
toy2,neural_output_average,tensor_batched,tensor_batched,cpu,1024,5,1,2,0,5,toy2_gpu_core_neural_output_average_tensor_batched_1024_cpu_repeat02,5,neural_policy,output_average,hooked_step_total,0.010086419060826302
toy2,neural_output_average,tensor_batched,tensor_batched,cpu,1024,5,1,2,0,5,toy2_gpu_core_neural_output_average_tensor_batched_1024_cpu_repeat02,5,neural_policy,output_average,aggregate_row,0.0009730170713737607
toy2,neural_output_average,tensor_batched,tensor_batched,cpu,1024,5,1,2,0,5,toy2_gpu_core_neural_output_average_tensor_batched_1024_cpu_repeat02,5,neural_policy,output_average,write_aggregate,3.516708966344595e-05
toy2,neural_output_average,tensor_batched,tensor_batched,cpu,1024,5,1,3,0,5,toy2_gpu_core_neural_output_average_tensor_batched_1024_cpu_repeat03,0,neural_policy,output_average,make_run_dir,0.0005794299067929387
toy2,neural_output_average,tensor_batched,tensor_batched,cpu,1024,5,1,3,0,5,toy2_gpu_core_neural_output_average_tensor_batched_1024_cpu_repeat03,0,neural_policy,output_average,write_metadata,0.003289245069026947
toy2,neural_output_average,tensor_batched,tensor_batched,cpu,1024,5,1,3,0,5,toy2_gpu_core_neural_output_average_tensor_batched_1024_cpu_repeat03,0,neural_policy,output_average,initial_state,0.2916831759503111
toy2,neural_output_average,tensor_batched,tensor_batched,cpu,1024,5,1,3,0,5,toy2_gpu_core_neural_output_average_tensor_batched_1024_cpu_repeat03,0,neural_policy,output_average,writer_setup,0.00048295699525624514
toy2,neural_output_average,tensor_batched,tensor_batched,cpu,1024,5,1,3,0,5,toy2_gpu_core_neural_output_average_tensor_batched_1024_cpu_repeat03,0,neural_policy,output_average,initial_step_result,0.004442753968760371
toy2,neural_output_average,tensor_batched,tensor_batched,cpu,1024,5,1,3,0,5,toy2_gpu_core_neural_output_average_tensor_batched_1024_cpu_repeat03,0,neural_policy,output_average,initial_aggregate_row,0.001973617007024586
toy2,neural_output_average,tensor_batched,tensor_batched,cpu,1024,5,1,3,0,5,toy2_gpu_core_neural_output_average_tensor_batched_1024_cpu_repeat03,0,neural_policy,output_average,write_initial_aggregate,4.463503137230873e-05
toy2,neural_output_average,tensor_batched,tensor_batched,cpu,1024,5,1,3,0,5,toy2_gpu_core_neural_output_average_tensor_batched_1024_cpu_repeat03,1,neural_policy,output_average,sample_revision_mask,1.535902265459299e-05
toy2,neural_output_average,tensor_batched,tensor_batched,cpu,1024,5,1,3,0,5,toy2_gpu_core_neural_output_average_tensor_batched_1024_cpu_repeat03,1,neural_policy,output_average,build_step_context,1.1372030712664127e-05
toy2,neural_output_average,tensor_batched,tensor_batched,cpu,1024,5,1,3,0,5,toy2_gpu_core_neural_output_average_tensor_batched_1024_cpu_repeat03,1,neural_policy,output_average,neural_context_peers,2.986053004860878e-06
toy2,neural_output_average,tensor_batched,tensor_batched,cpu,1024,5,1,3,0,5,toy2_gpu_core_neural_output_average_tensor_batched_1024_cpu_repeat03,1,neural_policy,output_average,build_observations,0.00020524999126791954
toy2,neural_output_average,tensor_batched,tensor_batched,cpu,1024,5,1,3,0,5,toy2_gpu_core_neural_output_average_tensor_batched_1024_cpu_repeat03,1,neural_policy,output_average,policy_readout,0.00022472604177892208
toy2,neural_output_average,tensor_batched,tensor_batched,cpu,1024,5,1,3,0,5,toy2_gpu_core_neural_output_average_tensor_batched_1024_cpu_repeat03,1,neural_policy,output_average,decision_selection,0.00030437798704952
toy2,neural_output_average,tensor_batched,tensor_batched,cpu,1024,5,1,3,0,5,toy2_gpu_core_neural_output_average_tensor_batched_1024_cpu_repeat03,1,neural_policy,output_average,local_trainable_parameters,0.000525097013451159
toy2,neural_output_average,tensor_batched,tensor_batched,cpu,1024,5,1,3,0,5,toy2_gpu_core_neural_output_average_tensor_batched_1024_cpu_repeat03,1,neural_policy,output_average,local_loss_forward,0.0008104689186438918
toy2,neural_output_average,tensor_batched,tensor_batched,cpu,1024,5,1,3,0,5,toy2_gpu_core_neural_output_average_tensor_batched_1024_cpu_repeat03,1,neural_policy,output_average,local_autograd_grad,0.0012938970467075706
toy2,neural_output_average,tensor_batched,tensor_batched,cpu,1024,5,1,3,0,5,toy2_gpu_core_neural_output_average_tensor_batched_1024_cpu_repeat03,1,neural_policy,output_average,local_adam_update,0.0022006379440426826
toy2,neural_output_average,tensor_batched,tensor_batched,cpu,1024,5,1,3,0,5,toy2_gpu_core_neural_output_average_tensor_batched_1024_cpu_repeat03,1,neural_policy,output_average,local_optimizer_update,0.003561651916243136
toy2,neural_output_average,tensor_batched,tensor_batched,cpu,1024,5,1,3,0,5,toy2_gpu_core_neural_output_average_tensor_batched_1024_cpu_repeat03,1,neural_policy,output_average,local_loss_update,0.004383121966384351
toy2,neural_output_average,tensor_batched,tensor_batched,cpu,1024,5,1,3,0,5,toy2_gpu_core_neural_output_average_tensor_batched_1024_cpu_repeat03,1,neural_policy,output_average,local_training,0.005326382000930607
toy2,neural_output_average,tensor_batched,tensor_batched,cpu,1024,5,1,3,0,5,toy2_gpu_core_neural_output_average_tensor_batched_1024_cpu_repeat03,1,neural_policy,output_average,cache_refresh,1.8330756574869156e-06
toy2,neural_output_average,tensor_batched,tensor_batched,cpu,1024,5,1,3,0,5,toy2_gpu_core_neural_output_average_tensor_batched_1024_cpu_repeat03,1,neural_policy,output_average,post_local_readout,0.0001766460482031107
toy2,neural_output_average,tensor_batched,tensor_batched,cpu,1024,5,1,3,0,5,toy2_gpu_core_neural_output_average_tensor_batched_1024_cpu_repeat03,1,neural_policy,output_average,local_step,0.006682476960122585
toy2,neural_output_average,tensor_batched,tensor_batched,cpu,1024,5,1,3,0,5,toy2_gpu_core_neural_output_average_tensor_batched_1024_cpu_repeat03,1,neural_policy,output_average,select_peers,3.3259857445955276e-06
toy2,neural_output_average,tensor_batched,tensor_batched,cpu,1024,5,1,3,0,5,toy2_gpu_core_neural_output_average_tensor_batched_1024_cpu_repeat03,1,neural_policy,output_average,social_mix,0.0003042980097234249
toy2,neural_output_average,tensor_batched,tensor_batched,cpu,1024,5,1,3,0,5,toy2_gpu_core_neural_output_average_tensor_batched_1024_cpu_repeat03,1,neural_policy,output_average,social_trainable_parameters,5.3961994126439095e-05
toy2,neural_output_average,tensor_batched,tensor_batched,cpu,1024,5,1,3,0,5,toy2_gpu_core_neural_output_average_tensor_batched_1024_cpu_repeat03,1,neural_policy,output_average,social_loss_forward,0.000256367027759552
toy2,neural_output_average,tensor_batched,tensor_batched,cpu,1024,5,1,3,0,5,toy2_gpu_core_neural_output_average_tensor_batched_1024_cpu_repeat03,1,neural_policy,output_average,social_autograd_grad,0.0005640309536829591
toy2,neural_output_average,tensor_batched,tensor_batched,cpu,1024,5,1,3,0,5,toy2_gpu_core_neural_output_average_tensor_batched_1024_cpu_repeat03,1,neural_policy,output_average,social_adam_update,0.001235665986314416
toy2,neural_output_average,tensor_batched,tensor_batched,cpu,1024,5,1,3,0,5,toy2_gpu_core_neural_output_average_tensor_batched_1024_cpu_repeat03,1,neural_policy,output_average,social_optimizer_update,0.0018372989725321531
toy2,neural_output_average,tensor_batched,tensor_batched,cpu,1024,5,1,3,0,5,toy2_gpu_core_neural_output_average_tensor_batched_1024_cpu_repeat03,1,neural_policy,output_average,social_loss_update,0.0021038149716332555
toy2,neural_output_average,tensor_batched,tensor_batched,cpu,1024,5,1,3,0,5,toy2_gpu_core_neural_output_average_tensor_batched_1024_cpu_repeat03,1,neural_policy,output_average,social_distillation,0.002764908946119249
toy2,neural_output_average,tensor_batched,tensor_batched,cpu,1024,5,1,3,0,5,toy2_gpu_core_neural_output_average_tensor_batched_1024_cpu_repeat03,1,neural_policy,output_average,social_step,0.002779287053272128
toy2,neural_output_average,tensor_batched,tensor_batched,cpu,1024,5,1,3,0,5,toy2_gpu_core_neural_output_average_tensor_batched_1024_cpu_repeat03,1,neural_policy,output_average,sample_actions,8.51927325129509e-07
toy2,neural_output_average,tensor_batched,tensor_batched,cpu,1024,5,1,3,0,5,toy2_gpu_core_neural_output_average_tensor_batched_1024_cpu_repeat03,1,neural_policy,output_average,commit_actions,3.8869911804795265e-06
toy2,neural_output_average,tensor_batched,tensor_batched,cpu,1024,5,1,3,0,5,toy2_gpu_core_neural_output_average_tensor_batched_1024_cpu_repeat03,1,neural_policy,output_average,post_step_state_policy,2.5668996386229992e-05
toy2,neural_output_average,tensor_batched,tensor_batched,cpu,1024,5,1,3,0,5,toy2_gpu_core_neural_output_average_tensor_batched_1024_cpu_repeat03,1,neural_policy,output_average,update_payoff_ema,1.7301994375884533e-05
toy2,neural_output_average,tensor_batched,tensor_batched,cpu,1024,5,1,3,0,5,toy2_gpu_core_neural_output_average_tensor_batched_1024_cpu_repeat03,1,neural_policy,output_average,update_reputation_ema,1.6911886632442474e-05
toy2,neural_output_average,tensor_batched,tensor_batched,cpu,1024,5,1,3,0,5,toy2_gpu_core_neural_output_average_tensor_batched_1024_cpu_repeat03,1,neural_policy,output_average,mobility_swaps,7.133593317121267e-05
toy2,neural_output_average,tensor_batched,tensor_batched,cpu,1024,5,1,3,0,5,toy2_gpu_core_neural_output_average_tensor_batched_1024_cpu_repeat03,1,neural_policy,output_average,finalize_hook_step,1.0068994015455246e-05
toy2,neural_output_average,tensor_batched,tensor_batched,cpu,1024,5,1,3,0,5,toy2_gpu_core_neural_output_average_tensor_batched_1024_cpu_repeat03,1,neural_policy,output_average,hooked_step_total,0.01006087101995945
toy2,neural_output_average,tensor_batched,tensor_batched,cpu,1024,5,1,3,0,5,toy2_gpu_core_neural_output_average_tensor_batched_1024_cpu_repeat03,1,neural_policy,output_average,aggregate_row,0.0014940060209482908
toy2,neural_output_average,tensor_batched,tensor_batched,cpu,1024,5,1,3,0,5,toy2_gpu_core_neural_output_average_tensor_batched_1024_cpu_repeat03,1,neural_policy,output_average,write_aggregate,3.26820882037282e-05
toy2,neural_output_average,tensor_batched,tensor_batched,cpu,1024,5,1,3,0,5,toy2_gpu_core_neural_output_average_tensor_batched_1024_cpu_repeat03,2,neural_policy,output_average,sample_revision_mask,1.1190888471901417e-05
toy2,neural_output_average,tensor_batched,tensor_batched,cpu,1024,5,1,3,0,5,toy2_gpu_core_neural_output_average_tensor_batched_1024_cpu_repeat03,2,neural_policy,output_average,build_step_context,6.432994268834591e-06
toy2,neural_output_average,tensor_batched,tensor_batched,cpu,1024,5,1,3,0,5,toy2_gpu_core_neural_output_average_tensor_batched_1024_cpu_repeat03,2,neural_policy,output_average,neural_context_peers,1.883949153125286e-06
toy2,neural_output_average,tensor_batched,tensor_batched,cpu,1024,5,1,3,0,5,toy2_gpu_core_neural_output_average_tensor_batched_1024_cpu_repeat03,2,neural_policy,output_average,build_observations,0.00017157499678432941
toy2,neural_output_average,tensor_batched,tensor_batched,cpu,1024,5,1,3,0,5,toy2_gpu_core_neural_output_average_tensor_batched_1024_cpu_repeat03,2,neural_policy,output_average,policy_readout,0.0001747719943523407
toy2,neural_output_average,tensor_batched,tensor_batched,cpu,1024,5,1,3,0,5,toy2_gpu_core_neural_output_average_tensor_batched_1024_cpu_repeat03,2,neural_policy,output_average,decision_selection,0.00011865503620356321
toy2,neural_output_average,tensor_batched,tensor_batched,cpu,1024,5,1,3,0,5,toy2_gpu_core_neural_output_average_tensor_batched_1024_cpu_repeat03,2,neural_policy,output_average,local_trainable_parameters,0.0001514169853180647
toy2,neural_output_average,tensor_batched,tensor_batched,cpu,1024,5,1,3,0,5,toy2_gpu_core_neural_output_average_tensor_batched_1024_cpu_repeat03,2,neural_policy,output_average,local_loss_forward,0.0002381419762969017
toy2,neural_output_average,tensor_batched,tensor_batched,cpu,1024,5,1,3,0,5,toy2_gpu_core_neural_output_average_tensor_batched_1024_cpu_repeat03,2,neural_policy,output_average,local_autograd_grad,0.000698846997693181
toy2,neural_output_average,tensor_batched,tensor_batched,cpu,1024,5,1,3,0,5,toy2_gpu_core_neural_output_average_tensor_batched_1024_cpu_repeat03,2,neural_policy,output_average,local_adam_update,0.0012032639933750033
toy2,neural_output_average,tensor_batched,tensor_batched,cpu,1024,5,1,3,0,5,toy2_gpu_core_neural_output_average_tensor_batched_1024_cpu_repeat03,2,neural_policy,output_average,local_optimizer_update,0.0019392219837754965
toy2,neural_output_average,tensor_batched,tensor_batched,cpu,1024,5,1,3,0,5,toy2_gpu_core_neural_output_average_tensor_batched_1024_cpu_repeat03,2,neural_policy,output_average,local_loss_update,0.0021868909243494272
toy2,neural_output_average,tensor_batched,tensor_batched,cpu,1024,5,1,3,0,5,toy2_gpu_core_neural_output_average_tensor_batched_1024_cpu_repeat03,2,neural_policy,output_average,local_training,0.002546916017308831
toy2,neural_output_average,tensor_batched,tensor_batched,cpu,1024,5,1,3,0,5,toy2_gpu_core_neural_output_average_tensor_batched_1024_cpu_repeat03,2,neural_policy,output_average,cache_refresh,1.2620585039258003e-06
toy2,neural_output_average,tensor_batched,tensor_batched,cpu,1024,5,1,3,0,5,toy2_gpu_core_neural_output_average_tensor_batched_1024_cpu_repeat03,2,neural_policy,output_average,post_local_readout,0.00016520300414413214
toy2,neural_output_average,tensor_batched,tensor_batched,cpu,1024,5,1,3,0,5,toy2_gpu_core_neural_output_average_tensor_batched_1024_cpu_repeat03,2,neural_policy,output_average,local_step,0.003519812016747892
toy2,neural_output_average,tensor_batched,tensor_batched,cpu,1024,5,1,3,0,5,toy2_gpu_core_neural_output_average_tensor_batched_1024_cpu_repeat03,2,neural_policy,output_average,select_peers,2.674991264939308e-06
toy2,neural_output_average,tensor_batched,tensor_batched,cpu,1024,5,1,3,0,5,toy2_gpu_core_neural_output_average_tensor_batched_1024_cpu_repeat03,2,neural_policy,output_average,social_mix,0.00023340294137597084
toy2,neural_output_average,tensor_batched,tensor_batched,cpu,1024,5,1,3,0,5,toy2_gpu_core_neural_output_average_tensor_batched_1024_cpu_repeat03,2,neural_policy,output_average,social_trainable_parameters,4.669895861297846e-05
toy2,neural_output_average,tensor_batched,tensor_batched,cpu,1024,5,1,3,0,5,toy2_gpu_core_neural_output_average_tensor_batched_1024_cpu_repeat03,2,neural_policy,output_average,social_loss_forward,0.000218405039049685
toy2,neural_output_average,tensor_batched,tensor_batched,cpu,1024,5,1,3,0,5,toy2_gpu_core_neural_output_average_tensor_batched_1024_cpu_repeat03,2,neural_policy,output_average,social_autograd_grad,0.00045089609920978546
toy2,neural_output_average,tensor_batched,tensor_batched,cpu,1024,5,1,3,0,5,toy2_gpu_core_neural_output_average_tensor_batched_1024_cpu_repeat03,2,neural_policy,output_average,social_adam_update,0.0008038959931582212
toy2,neural_output_average,tensor_batched,tensor_batched,cpu,1024,5,1,3,0,5,toy2_gpu_core_neural_output_average_tensor_batched_1024_cpu_repeat03,2,neural_policy,output_average,social_optimizer_update,0.0015526480274274945
toy2,neural_output_average,tensor_batched,tensor_batched,cpu,1024,5,1,3,0,5,toy2_gpu_core_neural_output_average_tensor_batched_1024_cpu_repeat03,2,neural_policy,output_average,social_loss_update,0.001781431958079338
toy2,neural_output_average,tensor_batched,tensor_batched,cpu,1024,5,1,3,0,5,toy2_gpu_core_neural_output_average_tensor_batched_1024_cpu_repeat03,2,neural_policy,output_average,social_distillation,0.002351735020056367
toy2,neural_output_average,tensor_batched,tensor_batched,cpu,1024,5,1,3,0,5,toy2_gpu_core_neural_output_average_tensor_batched_1024_cpu_repeat03,2,neural_policy,output_average,social_step,0.0023642689920961857
toy2,neural_output_average,tensor_batched,tensor_batched,cpu,1024,5,1,3,0,5,toy2_gpu_core_neural_output_average_tensor_batched_1024_cpu_repeat03,2,neural_policy,output_average,sample_actions,6.620539352297783e-07
toy2,neural_output_average,tensor_batched,tensor_batched,cpu,1024,5,1,3,0,5,toy2_gpu_core_neural_output_average_tensor_batched_1024_cpu_repeat03,2,neural_policy,output_average,commit_actions,2.7549685910344124e-06
toy2,neural_output_average,tensor_batched,tensor_batched,cpu,1024,5,1,3,0,5,toy2_gpu_core_neural_output_average_tensor_batched_1024_cpu_repeat03,2,neural_policy,output_average,post_step_state_policy,1.3165059499442577e-05
toy2,neural_output_average,tensor_batched,tensor_batched,cpu,1024,5,1,3,0,5,toy2_gpu_core_neural_output_average_tensor_batched_1024_cpu_repeat03,2,neural_policy,output_average,update_payoff_ema,1.6301055438816547e-05
toy2,neural_output_average,tensor_batched,tensor_batched,cpu,1024,5,1,3,0,5,toy2_gpu_core_neural_output_average_tensor_batched_1024_cpu_repeat03,2,neural_policy,output_average,update_reputation_ema,1.4348071999847889e-05
toy2,neural_output_average,tensor_batched,tensor_batched,cpu,1024,5,1,3,0,5,toy2_gpu_core_neural_output_average_tensor_batched_1024_cpu_repeat03,2,neural_policy,output_average,mobility_swaps,5.401298403739929e-05
toy2,neural_output_average,tensor_batched,tensor_batched,cpu,1024,5,1,3,0,5,toy2_gpu_core_neural_output_average_tensor_batched_1024_cpu_repeat03,2,neural_policy,output_average,finalize_hook_step,8.516013622283936e-06
toy2,neural_output_average,tensor_batched,tensor_batched,cpu,1024,5,1,3,0,5,toy2_gpu_core_neural_output_average_tensor_batched_1024_cpu_repeat03,2,neural_policy,output_average,hooked_step_total,0.0063205891055986285
toy2,neural_output_average,tensor_batched,tensor_batched,cpu,1024,5,1,3,0,5,toy2_gpu_core_neural_output_average_tensor_batched_1024_cpu_repeat03,2,neural_policy,output_average,aggregate_row,0.0011572969378903508
toy2,neural_output_average,tensor_batched,tensor_batched,cpu,1024,5,1,3,0,5,toy2_gpu_core_neural_output_average_tensor_batched_1024_cpu_repeat03,2,neural_policy,output_average,write_aggregate,3.0599068850278854e-05
toy2,neural_output_average,tensor_batched,tensor_batched,cpu,1024,5,1,3,0,5,toy2_gpu_core_neural_output_average_tensor_batched_1024_cpu_repeat03,3,neural_policy,output_average,sample_revision_mask,1.0118936188519001e-05
toy2,neural_output_average,tensor_batched,tensor_batched,cpu,1024,5,1,3,0,5,toy2_gpu_core_neural_output_average_tensor_batched_1024_cpu_repeat03,3,neural_policy,output_average,build_step_context,4.468020051717758e-06
toy2,neural_output_average,tensor_batched,tensor_batched,cpu,1024,5,1,3,0,5,toy2_gpu_core_neural_output_average_tensor_batched_1024_cpu_repeat03,3,neural_policy,output_average,neural_context_peers,2.1440209820866585e-06
toy2,neural_output_average,tensor_batched,tensor_batched,cpu,1024,5,1,3,0,5,toy2_gpu_core_neural_output_average_tensor_batched_1024_cpu_repeat03,3,neural_policy,output_average,build_observations,0.00015350210014730692
toy2,neural_output_average,tensor_batched,tensor_batched,cpu,1024,5,1,3,0,5,toy2_gpu_core_neural_output_average_tensor_batched_1024_cpu_repeat03,3,neural_policy,output_average,policy_readout,0.00017840799409896135
toy2,neural_output_average,tensor_batched,tensor_batched,cpu,1024,5,1,3,0,5,toy2_gpu_core_neural_output_average_tensor_batched_1024_cpu_repeat03,3,neural_policy,output_average,decision_selection,0.00012272305320948362
toy2,neural_output_average,tensor_batched,tensor_batched,cpu,1024,5,1,3,0,5,toy2_gpu_core_neural_output_average_tensor_batched_1024_cpu_repeat03,3,neural_policy,output_average,local_trainable_parameters,0.00022000796161592007
toy2,neural_output_average,tensor_batched,tensor_batched,cpu,1024,5,1,3,0,5,toy2_gpu_core_neural_output_average_tensor_batched_1024_cpu_repeat03,3,neural_policy,output_average,local_loss_forward,0.00026770797558128834
toy2,neural_output_average,tensor_batched,tensor_batched,cpu,1024,5,1,3,0,5,toy2_gpu_core_neural_output_average_tensor_batched_1024_cpu_repeat03,3,neural_policy,output_average,local_autograd_grad,0.000698355957865715
toy2,neural_output_average,tensor_batched,tensor_batched,cpu,1024,5,1,3,0,5,toy2_gpu_core_neural_output_average_tensor_batched_1024_cpu_repeat03,3,neural_policy,output_average,local_adam_update,0.0014598120469599962
toy2,neural_output_average,tensor_batched,tensor_batched,cpu,1024,5,1,3,0,5,toy2_gpu_core_neural_output_average_tensor_batched_1024_cpu_repeat03,3,neural_policy,output_average,local_optimizer_update,0.0021949480287730694
toy2,neural_output_average,tensor_batched,tensor_batched,cpu,1024,5,1,3,0,5,toy2_gpu_core_neural_output_average_tensor_batched_1024_cpu_repeat03,3,neural_policy,output_average,local_loss_update,0.002472463995218277
toy2,neural_output_average,tensor_batched,tensor_batched,cpu,1024,5,1,3,0,5,toy2_gpu_core_neural_output_average_tensor_batched_1024_cpu_repeat03,3,neural_policy,output_average,local_training,0.002886118949390948
toy2,neural_output_average,tensor_batched,tensor_batched,cpu,1024,5,1,3,0,5,toy2_gpu_core_neural_output_average_tensor_batched_1024_cpu_repeat03,3,neural_policy,output_average,cache_refresh,1.2220116332173347e-06
toy2,neural_output_average,tensor_batched,tensor_batched,cpu,1024,5,1,3,0,5,toy2_gpu_core_neural_output_average_tensor_batched_1024_cpu_repeat03,3,neural_policy,output_average,post_local_readout,0.0001527300337329507
toy2,neural_output_average,tensor_batched,tensor_batched,cpu,1024,5,1,3,0,5,toy2_gpu_core_neural_output_average_tensor_batched_1024_cpu_repeat03,3,neural_policy,output_average,local_step,0.003821935970336199
toy2,neural_output_average,tensor_batched,tensor_batched,cpu,1024,5,1,3,0,5,toy2_gpu_core_neural_output_average_tensor_batched_1024_cpu_repeat03,3,neural_policy,output_average,select_peers,2.0239967852830887e-06
toy2,neural_output_average,tensor_batched,tensor_batched,cpu,1024,5,1,3,0,5,toy2_gpu_core_neural_output_average_tensor_batched_1024_cpu_repeat03,3,neural_policy,output_average,social_mix,0.0002259190659970045
toy2,neural_output_average,tensor_batched,tensor_batched,cpu,1024,5,1,3,0,5,toy2_gpu_core_neural_output_average_tensor_batched_1024_cpu_repeat03,3,neural_policy,output_average,social_trainable_parameters,8.211599197238684e-05
toy2,neural_output_average,tensor_batched,tensor_batched,cpu,1024,5,1,3,0,5,toy2_gpu_core_neural_output_average_tensor_batched_1024_cpu_repeat03,3,neural_policy,output_average,social_loss_forward,0.0001893799053505063
toy2,neural_output_average,tensor_batched,tensor_batched,cpu,1024,5,1,3,0,5,toy2_gpu_core_neural_output_average_tensor_batched_1024_cpu_repeat03,3,neural_policy,output_average,social_autograd_grad,0.0007374000269919634
toy2,neural_output_average,tensor_batched,tensor_batched,cpu,1024,5,1,3,0,5,toy2_gpu_core_neural_output_average_tensor_batched_1024_cpu_repeat03,3,neural_policy,output_average,social_adam_update,0.001032219035550952
toy2,neural_output_average,tensor_batched,tensor_batched,cpu,1024,5,1,3,0,5,toy2_gpu_core_neural_output_average_tensor_batched_1024_cpu_repeat03,3,neural_policy,output_average,social_optimizer_update,0.0018039949936792254
toy2,neural_output_average,tensor_batched,tensor_batched,cpu,1024,5,1,3,0,5,toy2_gpu_core_neural_output_average_tensor_batched_1024_cpu_repeat03,3,neural_policy,output_average,social_loss_update,0.002003203029744327
toy2,neural_output_average,tensor_batched,tensor_batched,cpu,1024,5,1,3,0,5,toy2_gpu_core_neural_output_average_tensor_batched_1024_cpu_repeat03,3,neural_policy,output_average,social_distillation,0.0025650900788605213
toy2,neural_output_average,tensor_batched,tensor_batched,cpu,1024,5,1,3,0,5,toy2_gpu_core_neural_output_average_tensor_batched_1024_cpu_repeat03,3,neural_policy,output_average,social_step,0.002575819962657988
toy2,neural_output_average,tensor_batched,tensor_batched,cpu,1024,5,1,3,0,5,toy2_gpu_core_neural_output_average_tensor_batched_1024_cpu_repeat03,3,neural_policy,output_average,sample_actions,8.119968697428703e-07
toy2,neural_output_average,tensor_batched,tensor_batched,cpu,1024,5,1,3,0,5,toy2_gpu_core_neural_output_average_tensor_batched_1024_cpu_repeat03,3,neural_policy,output_average,commit_actions,3.5259872674942017e-06
toy2,neural_output_average,tensor_batched,tensor_batched,cpu,1024,5,1,3,0,5,toy2_gpu_core_neural_output_average_tensor_batched_1024_cpu_repeat03,3,neural_policy,output_average,post_step_state_policy,9.158044122159481e-06
toy2,neural_output_average,tensor_batched,tensor_batched,cpu,1024,5,1,3,0,5,toy2_gpu_core_neural_output_average_tensor_batched_1024_cpu_repeat03,3,neural_policy,output_average,update_payoff_ema,1.615099608898163e-05
toy2,neural_output_average,tensor_batched,tensor_batched,cpu,1024,5,1,3,0,5,toy2_gpu_core_neural_output_average_tensor_batched_1024_cpu_repeat03,3,neural_policy,output_average,update_reputation_ema,1.4628050848841667e-05
toy2,neural_output_average,tensor_batched,tensor_batched,cpu,1024,5,1,3,0,5,toy2_gpu_core_neural_output_average_tensor_batched_1024_cpu_repeat03,3,neural_policy,output_average,mobility_swaps,5.5214972235262394e-05
toy2,neural_output_average,tensor_batched,tensor_batched,cpu,1024,5,1,3,0,5,toy2_gpu_core_neural_output_average_tensor_batched_1024_cpu_repeat03,3,neural_policy,output_average,finalize_hook_step,8.516013622283936e-06
toy2,neural_output_average,tensor_batched,tensor_batched,cpu,1024,5,1,3,0,5,toy2_gpu_core_neural_output_average_tensor_batched_1024_cpu_repeat03,3,neural_policy,output_average,hooked_step_total,0.006823924952186644
toy2,neural_output_average,tensor_batched,tensor_batched,cpu,1024,5,1,3,0,5,toy2_gpu_core_neural_output_average_tensor_batched_1024_cpu_repeat03,3,neural_policy,output_average,aggregate_row,0.0011429599253460765
toy2,neural_output_average,tensor_batched,tensor_batched,cpu,1024,5,1,3,0,5,toy2_gpu_core_neural_output_average_tensor_batched_1024_cpu_repeat03,3,neural_policy,output_average,write_aggregate,3.048800863325596e-05
toy2,neural_output_average,tensor_batched,tensor_batched,cpu,1024,5,1,3,0,5,toy2_gpu_core_neural_output_average_tensor_batched_1024_cpu_repeat03,4,neural_policy,output_average,sample_revision_mask,1.0038958862423897e-05
toy2,neural_output_average,tensor_batched,tensor_batched,cpu,1024,5,1,3,0,5,toy2_gpu_core_neural_output_average_tensor_batched_1024_cpu_repeat03,4,neural_policy,output_average,build_step_context,4.347995854914188e-06
toy2,neural_output_average,tensor_batched,tensor_batched,cpu,1024,5,1,3,0,5,toy2_gpu_core_neural_output_average_tensor_batched_1024_cpu_repeat03,4,neural_policy,output_average,neural_context_peers,1.8730061128735542e-06
toy2,neural_output_average,tensor_batched,tensor_batched,cpu,1024,5,1,3,0,5,toy2_gpu_core_neural_output_average_tensor_batched_1024_cpu_repeat03,4,neural_policy,output_average,build_observations,0.00015739898663014174
toy2,neural_output_average,tensor_batched,tensor_batched,cpu,1024,5,1,3,0,5,toy2_gpu_core_neural_output_average_tensor_batched_1024_cpu_repeat03,4,neural_policy,output_average,policy_readout,0.00019117305055260658
toy2,neural_output_average,tensor_batched,tensor_batched,cpu,1024,5,1,3,0,5,toy2_gpu_core_neural_output_average_tensor_batched_1024_cpu_repeat03,4,neural_policy,output_average,decision_selection,0.00011940696276724339
toy2,neural_output_average,tensor_batched,tensor_batched,cpu,1024,5,1,3,0,5,toy2_gpu_core_neural_output_average_tensor_batched_1024_cpu_repeat03,4,neural_policy,output_average,local_trainable_parameters,0.00010557100176811218
toy2,neural_output_average,tensor_batched,tensor_batched,cpu,1024,5,1,3,0,5,toy2_gpu_core_neural_output_average_tensor_batched_1024_cpu_repeat03,4,neural_policy,output_average,local_loss_forward,0.00027000298723578453
toy2,neural_output_average,tensor_batched,tensor_batched,cpu,1024,5,1,3,0,5,toy2_gpu_core_neural_output_average_tensor_batched_1024_cpu_repeat03,4,neural_policy,output_average,local_autograd_grad,0.0005271909758448601
toy2,neural_output_average,tensor_batched,tensor_batched,cpu,1024,5,1,3,0,5,toy2_gpu_core_neural_output_average_tensor_batched_1024_cpu_repeat03,4,neural_policy,output_average,local_adam_update,0.000915528042241931
toy2,neural_output_average,tensor_batched,tensor_batched,cpu,1024,5,1,3,0,5,toy2_gpu_core_neural_output_average_tensor_batched_1024_cpu_repeat03,4,neural_policy,output_average,local_optimizer_update,0.0017013499746099114
toy2,neural_output_average,tensor_batched,tensor_batched,cpu,1024,5,1,3,0,5,toy2_gpu_core_neural_output_average_tensor_batched_1024_cpu_repeat03,4,neural_policy,output_average,local_loss_update,0.00198272499255836
toy2,neural_output_average,tensor_batched,tensor_batched,cpu,1024,5,1,3,0,5,toy2_gpu_core_neural_output_average_tensor_batched_1024_cpu_repeat03,4,neural_policy,output_average,local_training,0.002293494064360857
toy2,neural_output_average,tensor_batched,tensor_batched,cpu,1024,5,1,3,0,5,toy2_gpu_core_neural_output_average_tensor_batched_1024_cpu_repeat03,4,neural_policy,output_average,cache_refresh,1.2730015441775322e-06
toy2,neural_output_average,tensor_batched,tensor_batched,cpu,1024,5,1,3,0,5,toy2_gpu_core_neural_output_average_tensor_batched_1024_cpu_repeat03,4,neural_policy,output_average,post_local_readout,0.00020257500000298023
toy2,neural_output_average,tensor_batched,tensor_batched,cpu,1024,5,1,3,0,5,toy2_gpu_core_neural_output_average_tensor_batched_1024_cpu_repeat03,4,neural_policy,output_average,local_step,0.003292381064966321
toy2,neural_output_average,tensor_batched,tensor_batched,cpu,1024,5,1,3,0,5,toy2_gpu_core_neural_output_average_tensor_batched_1024_cpu_repeat03,4,neural_policy,output_average,select_peers,2.154032699763775e-06
toy2,neural_output_average,tensor_batched,tensor_batched,cpu,1024,5,1,3,0,5,toy2_gpu_core_neural_output_average_tensor_batched_1024_cpu_repeat03,4,neural_policy,output_average,social_mix,0.00024239998310804367
toy2,neural_output_average,tensor_batched,tensor_batched,cpu,1024,5,1,3,0,5,toy2_gpu_core_neural_output_average_tensor_batched_1024_cpu_repeat03,4,neural_policy,output_average,social_trainable_parameters,0.00016374001279473305
toy2,neural_output_average,tensor_batched,tensor_batched,cpu,1024,5,1,3,0,5,toy2_gpu_core_neural_output_average_tensor_batched_1024_cpu_repeat03,4,neural_policy,output_average,social_loss_forward,0.0002926259767264128
toy2,neural_output_average,tensor_batched,tensor_batched,cpu,1024,5,1,3,0,5,toy2_gpu_core_neural_output_average_tensor_batched_1024_cpu_repeat03,4,neural_policy,output_average,social_autograd_grad,0.0006833170773461461
toy2,neural_output_average,tensor_batched,tensor_batched,cpu,1024,5,1,3,0,5,toy2_gpu_core_neural_output_average_tensor_batched_1024_cpu_repeat03,4,neural_policy,output_average,social_adam_update,0.001622319919988513
toy2,neural_output_average,tensor_batched,tensor_batched,cpu,1024,5,1,3,0,5,toy2_gpu_core_neural_output_average_tensor_batched_1024_cpu_repeat03,4,neural_policy,output_average,social_optimizer_update,0.0023424269165843725
toy2,neural_output_average,tensor_batched,tensor_batched,cpu,1024,5,1,3,0,5,toy2_gpu_core_neural_output_average_tensor_batched_1024_cpu_repeat03,4,neural_policy,output_average,social_loss_update,0.002645061002112925
toy2,neural_output_average,tensor_batched,tensor_batched,cpu,1024,5,1,3,0,5,toy2_gpu_core_neural_output_average_tensor_batched_1024_cpu_repeat03,4,neural_policy,output_average,social_distillation,0.003349810023792088
toy2,neural_output_average,tensor_batched,tensor_batched,cpu,1024,5,1,3,0,5,toy2_gpu_core_neural_output_average_tensor_batched_1024_cpu_repeat03,4,neural_policy,output_average,social_step,0.0033614319982007146
toy2,neural_output_average,tensor_batched,tensor_batched,cpu,1024,5,1,3,0,5,toy2_gpu_core_neural_output_average_tensor_batched_1024_cpu_repeat03,4,neural_policy,output_average,sample_actions,7.019843906164169e-07
toy2,neural_output_average,tensor_batched,tensor_batched,cpu,1024,5,1,3,0,5,toy2_gpu_core_neural_output_average_tensor_batched_1024_cpu_repeat03,4,neural_policy,output_average,commit_actions,2.9959483072161674e-06
toy2,neural_output_average,tensor_batched,tensor_batched,cpu,1024,5,1,3,0,5,toy2_gpu_core_neural_output_average_tensor_batched_1024_cpu_repeat03,4,neural_policy,output_average,post_step_state_policy,9.768991731107235e-06
toy2,neural_output_average,tensor_batched,tensor_batched,cpu,1024,5,1,3,0,5,toy2_gpu_core_neural_output_average_tensor_batched_1024_cpu_repeat03,4,neural_policy,output_average,update_payoff_ema,1.7201993614435196e-05
toy2,neural_output_average,tensor_batched,tensor_batched,cpu,1024,5,1,3,0,5,toy2_gpu_core_neural_output_average_tensor_batched_1024_cpu_repeat03,4,neural_policy,output_average,update_reputation_ema,1.331500243395567e-05
toy2,neural_output_average,tensor_batched,tensor_batched,cpu,1024,5,1,3,0,5,toy2_gpu_core_neural_output_average_tensor_batched_1024_cpu_repeat03,4,neural_policy,output_average,mobility_swaps,5.948299076408148e-05
toy2,neural_output_average,tensor_batched,tensor_batched,cpu,1024,5,1,3,0,5,toy2_gpu_core_neural_output_average_tensor_batched_1024_cpu_repeat03,4,neural_policy,output_average,finalize_hook_step,8.726026862859726e-06
toy2,neural_output_average,tensor_batched,tensor_batched,cpu,1024,5,1,3,0,5,toy2_gpu_core_neural_output_average_tensor_batched_1024_cpu_repeat03,4,neural_policy,output_average,hooked_step_total,0.007111883023753762
toy2,neural_output_average,tensor_batched,tensor_batched,cpu,1024,5,1,3,0,5,toy2_gpu_core_neural_output_average_tensor_batched_1024_cpu_repeat03,4,neural_policy,output_average,aggregate_row,0.0010522369993850589
toy2,neural_output_average,tensor_batched,tensor_batched,cpu,1024,5,1,3,0,5,toy2_gpu_core_neural_output_average_tensor_batched_1024_cpu_repeat03,4,neural_policy,output_average,write_aggregate,3.097904846072197e-05
toy2,neural_output_average,tensor_batched,tensor_batched,cpu,1024,5,1,3,0,5,toy2_gpu_core_neural_output_average_tensor_batched_1024_cpu_repeat03,5,neural_policy,output_average,sample_revision_mask,1.0350020602345467e-05
toy2,neural_output_average,tensor_batched,tensor_batched,cpu,1024,5,1,3,0,5,toy2_gpu_core_neural_output_average_tensor_batched_1024_cpu_repeat03,5,neural_policy,output_average,build_step_context,3.697001375257969e-06
toy2,neural_output_average,tensor_batched,tensor_batched,cpu,1024,5,1,3,0,5,toy2_gpu_core_neural_output_average_tensor_batched_1024_cpu_repeat03,5,neural_policy,output_average,neural_context_peers,1.7230631783604622e-06
toy2,neural_output_average,tensor_batched,tensor_batched,cpu,1024,5,1,3,0,5,toy2_gpu_core_neural_output_average_tensor_batched_1024_cpu_repeat03,5,neural_policy,output_average,build_observations,0.0001657349057495594
toy2,neural_output_average,tensor_batched,tensor_batched,cpu,1024,5,1,3,0,5,toy2_gpu_core_neural_output_average_tensor_batched_1024_cpu_repeat03,5,neural_policy,output_average,policy_readout,0.0001898410264402628
toy2,neural_output_average,tensor_batched,tensor_batched,cpu,1024,5,1,3,0,5,toy2_gpu_core_neural_output_average_tensor_batched_1024_cpu_repeat03,5,neural_policy,output_average,decision_selection,0.00011252309195697308
toy2,neural_output_average,tensor_batched,tensor_batched,cpu,1024,5,1,3,0,5,toy2_gpu_core_neural_output_average_tensor_batched_1024_cpu_repeat03,5,neural_policy,output_average,local_trainable_parameters,8.367898408323526e-05
toy2,neural_output_average,tensor_batched,tensor_batched,cpu,1024,5,1,3,0,5,toy2_gpu_core_neural_output_average_tensor_batched_1024_cpu_repeat03,5,neural_policy,output_average,local_loss_forward,0.00021229300182312727
toy2,neural_output_average,tensor_batched,tensor_batched,cpu,1024,5,1,3,0,5,toy2_gpu_core_neural_output_average_tensor_batched_1024_cpu_repeat03,5,neural_policy,output_average,local_autograd_grad,0.0007462860085070133
toy2,neural_output_average,tensor_batched,tensor_batched,cpu,1024,5,1,3,0,5,toy2_gpu_core_neural_output_average_tensor_batched_1024_cpu_repeat03,5,neural_policy,output_average,local_adam_update,0.0009982549818232656
toy2,neural_output_average,tensor_batched,tensor_batched,cpu,1024,5,1,3,0,5,toy2_gpu_core_neural_output_average_tensor_batched_1024_cpu_repeat03,5,neural_policy,output_average,local_optimizer_update,0.001781912986189127
toy2,neural_output_average,tensor_batched,tensor_batched,cpu,1024,5,1,3,0,5,toy2_gpu_core_neural_output_average_tensor_batched_1024_cpu_repeat03,5,neural_policy,output_average,local_loss_update,0.0020049570593982935
toy2,neural_output_average,tensor_batched,tensor_batched,cpu,1024,5,1,3,0,5,toy2_gpu_core_neural_output_average_tensor_batched_1024_cpu_repeat03,5,neural_policy,output_average,local_training,0.0022802388994023204
toy2,neural_output_average,tensor_batched,tensor_batched,cpu,1024,5,1,3,0,5,toy2_gpu_core_neural_output_average_tensor_batched_1024_cpu_repeat03,5,neural_policy,output_average,cache_refresh,1.1919764801859856e-06
toy2,neural_output_average,tensor_batched,tensor_batched,cpu,1024,5,1,3,0,5,toy2_gpu_core_neural_output_average_tensor_batched_1024_cpu_repeat03,5,neural_policy,output_average,post_local_readout,0.00018159509636461735
toy2,neural_output_average,tensor_batched,tensor_batched,cpu,1024,5,1,3,0,5,toy2_gpu_core_neural_output_average_tensor_batched_1024_cpu_repeat03,5,neural_policy,output_average,local_step,0.0032445399556308985
toy2,neural_output_average,tensor_batched,tensor_batched,cpu,1024,5,1,3,0,5,toy2_gpu_core_neural_output_average_tensor_batched_1024_cpu_repeat03,5,neural_policy,output_average,select_peers,1.9740546122193336e-06
toy2,neural_output_average,tensor_batched,tensor_batched,cpu,1024,5,1,3,0,5,toy2_gpu_core_neural_output_average_tensor_batched_1024_cpu_repeat03,5,neural_policy,output_average,social_mix,0.00021783402189612389
toy2,neural_output_average,tensor_batched,tensor_batched,cpu,1024,5,1,3,0,5,toy2_gpu_core_neural_output_average_tensor_batched_1024_cpu_repeat03,5,neural_policy,output_average,social_trainable_parameters,4.376296419650316e-05
toy2,neural_output_average,tensor_batched,tensor_batched,cpu,1024,5,1,3,0,5,toy2_gpu_core_neural_output_average_tensor_batched_1024_cpu_repeat03,5,neural_policy,output_average,social_loss_forward,0.0001907719997689128
toy2,neural_output_average,tensor_batched,tensor_batched,cpu,1024,5,1,3,0,5,toy2_gpu_core_neural_output_average_tensor_batched_1024_cpu_repeat03,5,neural_policy,output_average,social_autograd_grad,0.0005585799226537347
toy2,neural_output_average,tensor_batched,tensor_batched,cpu,1024,5,1,3,0,5,toy2_gpu_core_neural_output_average_tensor_batched_1024_cpu_repeat03,5,neural_policy,output_average,social_adam_update,0.0007159800734370947
toy2,neural_output_average,tensor_batched,tensor_batched,cpu,1024,5,1,3,0,5,toy2_gpu_core_neural_output_average_tensor_batched_1024_cpu_repeat03,5,neural_policy,output_average,social_optimizer_update,0.0015110489912331104
toy2,neural_output_average,tensor_batched,tensor_batched,cpu,1024,5,1,3,0,5,toy2_gpu_core_neural_output_average_tensor_batched_1024_cpu_repeat03,5,neural_policy,output_average,social_loss_update,0.0017126119928434491
toy2,neural_output_average,tensor_batched,tensor_batched,cpu,1024,5,1,3,0,5,toy2_gpu_core_neural_output_average_tensor_batched_1024_cpu_repeat03,5,neural_policy,output_average,social_distillation,0.002237097010947764
toy2,neural_output_average,tensor_batched,tensor_batched,cpu,1024,5,1,3,0,5,toy2_gpu_core_neural_output_average_tensor_batched_1024_cpu_repeat03,5,neural_policy,output_average,social_step,0.0022477179300040007
toy2,neural_output_average,tensor_batched,tensor_batched,cpu,1024,5,1,3,0,5,toy2_gpu_core_neural_output_average_tensor_batched_1024_cpu_repeat03,5,neural_policy,output_average,sample_actions,7.509952411055565e-07
toy2,neural_output_average,tensor_batched,tensor_batched,cpu,1024,5,1,3,0,5,toy2_gpu_core_neural_output_average_tensor_batched_1024_cpu_repeat03,5,neural_policy,output_average,commit_actions,2.886052243411541e-06
toy2,neural_output_average,tensor_batched,tensor_batched,cpu,1024,5,1,3,0,5,toy2_gpu_core_neural_output_average_tensor_batched_1024_cpu_repeat03,5,neural_policy,output_average,post_step_state_policy,8.556060492992401e-06
toy2,neural_output_average,tensor_batched,tensor_batched,cpu,1024,5,1,3,0,5,toy2_gpu_core_neural_output_average_tensor_batched_1024_cpu_repeat03,5,neural_policy,output_average,update_payoff_ema,1.6119913198053837e-05
toy2,neural_output_average,tensor_batched,tensor_batched,cpu,1024,5,1,3,0,5,toy2_gpu_core_neural_output_average_tensor_batched_1024_cpu_repeat03,5,neural_policy,output_average,update_reputation_ema,1.4287070371210575e-05
toy2,neural_output_average,tensor_batched,tensor_batched,cpu,1024,5,1,3,0,5,toy2_gpu_core_neural_output_average_tensor_batched_1024_cpu_repeat03,5,neural_policy,output_average,mobility_swaps,6.125692743808031e-05
toy2,neural_output_average,tensor_batched,tensor_batched,cpu,1024,5,1,3,0,5,toy2_gpu_core_neural_output_average_tensor_batched_1024_cpu_repeat03,5,neural_policy,output_average,finalize_hook_step,8.485978469252586e-06
toy2,neural_output_average,tensor_batched,tensor_batched,cpu,1024,5,1,3,0,5,toy2_gpu_core_neural_output_average_tensor_batched_1024_cpu_repeat03,5,neural_policy,output_average,hooked_step_total,0.005922944052144885
toy2,neural_output_average,tensor_batched,tensor_batched,cpu,1024,5,1,3,0,5,toy2_gpu_core_neural_output_average_tensor_batched_1024_cpu_repeat03,5,neural_policy,output_average,aggregate_row,0.0008659940212965012
toy2,neural_output_average,tensor_batched,tensor_batched,cpu,1024,5,1,3,0,5,toy2_gpu_core_neural_output_average_tensor_batched_1024_cpu_repeat03,5,neural_policy,output_average,write_aggregate,3.064796328544617e-05
toy2,neural_output_average,tensor_batched,tensor_batched,cpu,1024,5,1,4,0,5,toy2_gpu_core_neural_output_average_tensor_batched_1024_cpu_repeat04,0,neural_policy,output_average,make_run_dir,0.0001586410216987133
toy2,neural_output_average,tensor_batched,tensor_batched,cpu,1024,5,1,4,0,5,toy2_gpu_core_neural_output_average_tensor_batched_1024_cpu_repeat04,0,neural_policy,output_average,write_metadata,0.00242736900690943
toy2,neural_output_average,tensor_batched,tensor_batched,cpu,1024,5,1,4,0,5,toy2_gpu_core_neural_output_average_tensor_batched_1024_cpu_repeat04,0,neural_policy,output_average,initial_state,0.2961078870575875
toy2,neural_output_average,tensor_batched,tensor_batched,cpu,1024,5,1,4,0,5,toy2_gpu_core_neural_output_average_tensor_batched_1024_cpu_repeat04,0,neural_policy,output_average,writer_setup,0.0005693809362128377
toy2,neural_output_average,tensor_batched,tensor_batched,cpu,1024,5,1,4,0,5,toy2_gpu_core_neural_output_average_tensor_batched_1024_cpu_repeat04,0,neural_policy,output_average,initial_step_result,0.0027157360455021262
toy2,neural_output_average,tensor_batched,tensor_batched,cpu,1024,5,1,4,0,5,toy2_gpu_core_neural_output_average_tensor_batched_1024_cpu_repeat04,0,neural_policy,output_average,initial_aggregate_row,0.0023468659492209554
toy2,neural_output_average,tensor_batched,tensor_batched,cpu,1024,5,1,4,0,5,toy2_gpu_core_neural_output_average_tensor_batched_1024_cpu_repeat04,0,neural_policy,output_average,write_initial_aggregate,5.215895362198353e-05
toy2,neural_output_average,tensor_batched,tensor_batched,cpu,1024,5,1,4,0,5,toy2_gpu_core_neural_output_average_tensor_batched_1024_cpu_repeat04,1,neural_policy,output_average,sample_revision_mask,2.524792216718197e-05
toy2,neural_output_average,tensor_batched,tensor_batched,cpu,1024,5,1,4,0,5,toy2_gpu_core_neural_output_average_tensor_batched_1024_cpu_repeat04,1,neural_policy,output_average,build_step_context,2.0848936401307583e-05
toy2,neural_output_average,tensor_batched,tensor_batched,cpu,1024,5,1,4,0,5,toy2_gpu_core_neural_output_average_tensor_batched_1024_cpu_repeat04,1,neural_policy,output_average,neural_context_peers,6.361980922520161e-06
toy2,neural_output_average,tensor_batched,tensor_batched,cpu,1024,5,1,4,0,5,toy2_gpu_core_neural_output_average_tensor_batched_1024_cpu_repeat04,1,neural_policy,output_average,build_observations,0.00033710000570863485
toy2,neural_output_average,tensor_batched,tensor_batched,cpu,1024,5,1,4,0,5,toy2_gpu_core_neural_output_average_tensor_batched_1024_cpu_repeat04,1,neural_policy,output_average,policy_readout,0.0006054600235074759
toy2,neural_output_average,tensor_batched,tensor_batched,cpu,1024,5,1,4,0,5,toy2_gpu_core_neural_output_average_tensor_batched_1024_cpu_repeat04,1,neural_policy,output_average,decision_selection,0.00031431601382791996
toy2,neural_output_average,tensor_batched,tensor_batched,cpu,1024,5,1,4,0,5,toy2_gpu_core_neural_output_average_tensor_batched_1024_cpu_repeat04,1,neural_policy,output_average,local_trainable_parameters,0.0004488519625738263
toy2,neural_output_average,tensor_batched,tensor_batched,cpu,1024,5,1,4,0,5,toy2_gpu_core_neural_output_average_tensor_batched_1024_cpu_repeat04,1,neural_policy,output_average,local_loss_forward,0.0010631990153342485
toy2,neural_output_average,tensor_batched,tensor_batched,cpu,1024,5,1,4,0,5,toy2_gpu_core_neural_output_average_tensor_batched_1024_cpu_repeat04,1,neural_policy,output_average,local_autograd_grad,0.0013896080199629068
toy2,neural_output_average,tensor_batched,tensor_batched,cpu,1024,5,1,4,0,5,toy2_gpu_core_neural_output_average_tensor_batched_1024_cpu_repeat04,1,neural_policy,output_average,local_adam_update,0.002482763957232237
toy2,neural_output_average,tensor_batched,tensor_batched,cpu,1024,5,1,4,0,5,toy2_gpu_core_neural_output_average_tensor_batched_1024_cpu_repeat04,1,neural_policy,output_average,local_optimizer_update,0.003953846986405551
toy2,neural_output_average,tensor_batched,tensor_batched,cpu,1024,5,1,4,0,5,toy2_gpu_core_neural_output_average_tensor_batched_1024_cpu_repeat04,1,neural_policy,output_average,local_loss_update,0.0050308010540902615
toy2,neural_output_average,tensor_batched,tensor_batched,cpu,1024,5,1,4,0,5,toy2_gpu_core_neural_output_average_tensor_batched_1024_cpu_repeat04,1,neural_policy,output_average,local_training,0.005891885026358068
toy2,neural_output_average,tensor_batched,tensor_batched,cpu,1024,5,1,4,0,5,toy2_gpu_core_neural_output_average_tensor_batched_1024_cpu_repeat04,1,neural_policy,output_average,cache_refresh,2.8460053727030754e-06
toy2,neural_output_average,tensor_batched,tensor_batched,cpu,1024,5,1,4,0,5,toy2_gpu_core_neural_output_average_tensor_batched_1024_cpu_repeat04,1,neural_policy,output_average,post_local_readout,0.00019768497440963984
toy2,neural_output_average,tensor_batched,tensor_batched,cpu,1024,5,1,4,0,5,toy2_gpu_core_neural_output_average_tensor_batched_1024_cpu_repeat04,1,neural_policy,output_average,local_step,0.007864261046051979
toy2,neural_output_average,tensor_batched,tensor_batched,cpu,1024,5,1,4,0,5,toy2_gpu_core_neural_output_average_tensor_batched_1024_cpu_repeat04,1,neural_policy,output_average,select_peers,4.347995854914188e-06
toy2,neural_output_average,tensor_batched,tensor_batched,cpu,1024,5,1,4,0,5,toy2_gpu_core_neural_output_average_tensor_batched_1024_cpu_repeat04,1,neural_policy,output_average,social_mix,0.0003134149592369795
toy2,neural_output_average,tensor_batched,tensor_batched,cpu,1024,5,1,4,0,5,toy2_gpu_core_neural_output_average_tensor_batched_1024_cpu_repeat04,1,neural_policy,output_average,social_trainable_parameters,0.00011120096314698458
toy2,neural_output_average,tensor_batched,tensor_batched,cpu,1024,5,1,4,0,5,toy2_gpu_core_neural_output_average_tensor_batched_1024_cpu_repeat04,1,neural_policy,output_average,social_loss_forward,0.0002635910641402006
toy2,neural_output_average,tensor_batched,tensor_batched,cpu,1024,5,1,4,0,5,toy2_gpu_core_neural_output_average_tensor_batched_1024_cpu_repeat04,1,neural_policy,output_average,social_autograd_grad,0.0005912029882892966
toy2,neural_output_average,tensor_batched,tensor_batched,cpu,1024,5,1,4,0,5,toy2_gpu_core_neural_output_average_tensor_batched_1024_cpu_repeat04,1,neural_policy,output_average,social_adam_update,0.0012889670906588435
toy2,neural_output_average,tensor_batched,tensor_batched,cpu,1024,5,1,4,0,5,toy2_gpu_core_neural_output_average_tensor_batched_1024_cpu_repeat04,1,neural_policy,output_average,social_optimizer_update,0.0019186829449608922
toy2,neural_output_average,tensor_batched,tensor_batched,cpu,1024,5,1,4,0,5,toy2_gpu_core_neural_output_average_tensor_batched_1024_cpu_repeat04,1,neural_policy,output_average,social_loss_update,0.002191270003095269
toy2,neural_output_average,tensor_batched,tensor_batched,cpu,1024,5,1,4,0,5,toy2_gpu_core_neural_output_average_tensor_batched_1024_cpu_repeat04,1,neural_policy,output_average,social_distillation,0.0028975210152566433
toy2,neural_output_average,tensor_batched,tensor_batched,cpu,1024,5,1,4,0,5,toy2_gpu_core_neural_output_average_tensor_batched_1024_cpu_repeat04,1,neural_policy,output_average,social_step,0.0029133609496057034
toy2,neural_output_average,tensor_batched,tensor_batched,cpu,1024,5,1,4,0,5,toy2_gpu_core_neural_output_average_tensor_batched_1024_cpu_repeat04,1,neural_policy,output_average,sample_actions,1.2720702216029167e-06
toy2,neural_output_average,tensor_batched,tensor_batched,cpu,1024,5,1,4,0,5,toy2_gpu_core_neural_output_average_tensor_batched_1024_cpu_repeat04,1,neural_policy,output_average,commit_actions,6.5820058807730675e-06
toy2,neural_output_average,tensor_batched,tensor_batched,cpu,1024,5,1,4,0,5,toy2_gpu_core_neural_output_average_tensor_batched_1024_cpu_repeat04,1,neural_policy,output_average,post_step_state_policy,4.833098500967026e-05
toy2,neural_output_average,tensor_batched,tensor_batched,cpu,1024,5,1,4,0,5,toy2_gpu_core_neural_output_average_tensor_batched_1024_cpu_repeat04,1,neural_policy,output_average,update_payoff_ema,2.2672931663691998e-05
toy2,neural_output_average,tensor_batched,tensor_batched,cpu,1024,5,1,4,0,5,toy2_gpu_core_neural_output_average_tensor_batched_1024_cpu_repeat04,1,neural_policy,output_average,update_reputation_ema,2.1200045011937618e-05
toy2,neural_output_average,tensor_batched,tensor_batched,cpu,1024,5,1,4,0,5,toy2_gpu_core_neural_output_average_tensor_batched_1024_cpu_repeat04,1,neural_policy,output_average,mobility_swaps,8.20760615170002e-05
toy2,neural_output_average,tensor_batched,tensor_batched,cpu,1024,5,1,4,0,5,toy2_gpu_core_neural_output_average_tensor_batched_1024_cpu_repeat04,1,neural_policy,output_average,finalize_hook_step,1.2192991562187672e-05
toy2,neural_output_average,tensor_batched,tensor_batched,cpu,1024,5,1,4,0,5,toy2_gpu_core_neural_output_average_tensor_batched_1024_cpu_repeat04,1,neural_policy,output_average,hooked_step_total,0.01150490203872323
toy2,neural_output_average,tensor_batched,tensor_batched,cpu,1024,5,1,4,0,5,toy2_gpu_core_neural_output_average_tensor_batched_1024_cpu_repeat04,1,neural_policy,output_average,aggregate_row,0.0015829650219529867
toy2,neural_output_average,tensor_batched,tensor_batched,cpu,1024,5,1,4,0,5,toy2_gpu_core_neural_output_average_tensor_batched_1024_cpu_repeat04,1,neural_policy,output_average,write_aggregate,4.035700112581253e-05
toy2,neural_output_average,tensor_batched,tensor_batched,cpu,1024,5,1,4,0,5,toy2_gpu_core_neural_output_average_tensor_batched_1024_cpu_repeat04,2,neural_policy,output_average,sample_revision_mask,1.2994976714253426e-05
toy2,neural_output_average,tensor_batched,tensor_batched,cpu,1024,5,1,4,0,5,toy2_gpu_core_neural_output_average_tensor_batched_1024_cpu_repeat04,2,neural_policy,output_average,build_step_context,8.847098797559738e-06
toy2,neural_output_average,tensor_batched,tensor_batched,cpu,1024,5,1,4,0,5,toy2_gpu_core_neural_output_average_tensor_batched_1024_cpu_repeat04,2,neural_policy,output_average,neural_context_peers,5.75091689825058e-06
toy2,neural_output_average,tensor_batched,tensor_batched,cpu,1024,5,1,4,0,5,toy2_gpu_core_neural_output_average_tensor_batched_1024_cpu_repeat04,2,neural_policy,output_average,build_observations,0.00018865801393985748
toy2,neural_output_average,tensor_batched,tensor_batched,cpu,1024,5,1,4,0,5,toy2_gpu_core_neural_output_average_tensor_batched_1024_cpu_repeat04,2,neural_policy,output_average,policy_readout,0.0001783390762284398
toy2,neural_output_average,tensor_batched,tensor_batched,cpu,1024,5,1,4,0,5,toy2_gpu_core_neural_output_average_tensor_batched_1024_cpu_repeat04,2,neural_policy,output_average,decision_selection,0.00013846310321241617
toy2,neural_output_average,tensor_batched,tensor_batched,cpu,1024,5,1,4,0,5,toy2_gpu_core_neural_output_average_tensor_batched_1024_cpu_repeat04,2,neural_policy,output_average,local_trainable_parameters,5.041598342359066e-05
toy2,neural_output_average,tensor_batched,tensor_batched,cpu,1024,5,1,4,0,5,toy2_gpu_core_neural_output_average_tensor_batched_1024_cpu_repeat04,2,neural_policy,output_average,local_loss_forward,0.00026097497902810574
toy2,neural_output_average,tensor_batched,tensor_batched,cpu,1024,5,1,4,0,5,toy2_gpu_core_neural_output_average_tensor_batched_1024_cpu_repeat04,2,neural_policy,output_average,local_autograd_grad,0.000615438912063837
toy2,neural_output_average,tensor_batched,tensor_batched,cpu,1024,5,1,4,0,5,toy2_gpu_core_neural_output_average_tensor_batched_1024_cpu_repeat04,2,neural_policy,output_average,local_adam_update,0.0008068119641393423
toy2,neural_output_average,tensor_batched,tensor_batched,cpu,1024,5,1,4,0,5,toy2_gpu_core_neural_output_average_tensor_batched_1024_cpu_repeat04,2,neural_policy,output_average,local_optimizer_update,0.0016999270301312208
toy2,neural_output_average,tensor_batched,tensor_batched,cpu,1024,5,1,4,0,5,toy2_gpu_core_neural_output_average_tensor_batched_1024_cpu_repeat04,2,neural_policy,output_average,local_loss_update,0.00197494903113693
toy2,neural_output_average,tensor_batched,tensor_batched,cpu,1024,5,1,4,0,5,toy2_gpu_core_neural_output_average_tensor_batched_1024_cpu_repeat04,2,neural_policy,output_average,local_training,0.002240653964690864
toy2,neural_output_average,tensor_batched,tensor_batched,cpu,1024,5,1,4,0,5,toy2_gpu_core_neural_output_average_tensor_batched_1024_cpu_repeat04,2,neural_policy,output_average,cache_refresh,1.2719538062810898e-06
toy2,neural_output_average,tensor_batched,tensor_batched,cpu,1024,5,1,4,0,5,toy2_gpu_core_neural_output_average_tensor_batched_1024_cpu_repeat04,2,neural_policy,output_average,post_local_readout,0.00016195699572563171
toy2,neural_output_average,tensor_batched,tensor_batched,cpu,1024,5,1,4,0,5,toy2_gpu_core_neural_output_average_tensor_batched_1024_cpu_repeat04,2,neural_policy,output_average,local_step,0.003271040040999651
toy2,neural_output_average,tensor_batched,tensor_batched,cpu,1024,5,1,4,0,5,toy2_gpu_core_neural_output_average_tensor_batched_1024_cpu_repeat04,2,neural_policy,output_average,select_peers,2.474989742040634e-06
toy2,neural_output_average,tensor_batched,tensor_batched,cpu,1024,5,1,4,0,5,toy2_gpu_core_neural_output_average_tensor_batched_1024_cpu_repeat04,2,neural_policy,output_average,social_mix,0.00024272105656564236
toy2,neural_output_average,tensor_batched,tensor_batched,cpu,1024,5,1,4,0,5,toy2_gpu_core_neural_output_average_tensor_batched_1024_cpu_repeat04,2,neural_policy,output_average,social_trainable_parameters,0.00024970504455268383
toy2,neural_output_average,tensor_batched,tensor_batched,cpu,1024,5,1,4,0,5,toy2_gpu_core_neural_output_average_tensor_batched_1024_cpu_repeat04,2,neural_policy,output_average,social_loss_forward,0.00022189097944647074
toy2,neural_output_average,tensor_batched,tensor_batched,cpu,1024,5,1,4,0,5,toy2_gpu_core_neural_output_average_tensor_batched_1024_cpu_repeat04,2,neural_policy,output_average,social_autograd_grad,0.0005740199703723192
toy2,neural_output_average,tensor_batched,tensor_batched,cpu,1024,5,1,4,0,5,toy2_gpu_core_neural_output_average_tensor_batched_1024_cpu_repeat04,2,neural_policy,output_average,social_adam_update,0.0014161289436742663
toy2,neural_output_average,tensor_batched,tensor_batched,cpu,1024,5,1,4,0,5,toy2_gpu_core_neural_output_average_tensor_batched_1024_cpu_repeat04,2,neural_policy,output_average,social_optimizer_update,0.002026917994953692
toy2,neural_output_average,tensor_batched,tensor_batched,cpu,1024,5,1,4,0,5,toy2_gpu_core_neural_output_average_tensor_batched_1024_cpu_repeat04,2,neural_policy,output_average,social_loss_update,0.002258647931739688
toy2,neural_output_average,tensor_batched,tensor_batched,cpu,1024,5,1,4,0,5,toy2_gpu_core_neural_output_average_tensor_batched_1024_cpu_repeat04,2,neural_policy,output_average,social_distillation,0.0030878629768267274
toy2,neural_output_average,tensor_batched,tensor_batched,cpu,1024,5,1,4,0,5,toy2_gpu_core_neural_output_average_tensor_batched_1024_cpu_repeat04,2,neural_policy,output_average,social_step,0.003101609065197408
toy2,neural_output_average,tensor_batched,tensor_batched,cpu,1024,5,1,4,0,5,toy2_gpu_core_neural_output_average_tensor_batched_1024_cpu_repeat04,2,neural_policy,output_average,sample_actions,7.021008059382439e-07
toy2,neural_output_average,tensor_batched,tensor_batched,cpu,1024,5,1,4,0,5,toy2_gpu_core_neural_output_average_tensor_batched_1024_cpu_repeat04,2,neural_policy,output_average,commit_actions,3.056018613278866e-06
toy2,neural_output_average,tensor_batched,tensor_batched,cpu,1024,5,1,4,0,5,toy2_gpu_core_neural_output_average_tensor_batched_1024_cpu_repeat04,2,neural_policy,output_average,post_step_state_policy,1.3856915757060051e-05
toy2,neural_output_average,tensor_batched,tensor_batched,cpu,1024,5,1,4,0,5,toy2_gpu_core_neural_output_average_tensor_batched_1024_cpu_repeat04,2,neural_policy,output_average,update_payoff_ema,1.7021899111568928e-05
toy2,neural_output_average,tensor_batched,tensor_batched,cpu,1024,5,1,4,0,5,toy2_gpu_core_neural_output_average_tensor_batched_1024_cpu_repeat04,2,neural_policy,output_average,update_reputation_ema,1.5108962543308735e-05
toy2,neural_output_average,tensor_batched,tensor_batched,cpu,1024,5,1,4,0,5,toy2_gpu_core_neural_output_average_tensor_batched_1024_cpu_repeat04,2,neural_policy,output_average,mobility_swaps,5.8631994761526585e-05
toy2,neural_output_average,tensor_batched,tensor_batched,cpu,1024,5,1,4,0,5,toy2_gpu_core_neural_output_average_tensor_batched_1024_cpu_repeat04,2,neural_policy,output_average,finalize_hook_step,9.217066690325737e-06
toy2,neural_output_average,tensor_batched,tensor_batched,cpu,1024,5,1,4,0,5,toy2_gpu_core_neural_output_average_tensor_batched_1024_cpu_repeat04,2,neural_policy,output_average,hooked_step_total,0.006831749924458563
toy2,neural_output_average,tensor_batched,tensor_batched,cpu,1024,5,1,4,0,5,toy2_gpu_core_neural_output_average_tensor_batched_1024_cpu_repeat04,2,neural_policy,output_average,aggregate_row,0.0011678970186039805
toy2,neural_output_average,tensor_batched,tensor_batched,cpu,1024,5,1,4,0,5,toy2_gpu_core_neural_output_average_tensor_batched_1024_cpu_repeat04,2,neural_policy,output_average,write_aggregate,3.287300933152437e-05
toy2,neural_output_average,tensor_batched,tensor_batched,cpu,1024,5,1,4,0,5,toy2_gpu_core_neural_output_average_tensor_batched_1024_cpu_repeat04,3,neural_policy,output_average,sample_revision_mask,1.0640011169016361e-05
toy2,neural_output_average,tensor_batched,tensor_batched,cpu,1024,5,1,4,0,5,toy2_gpu_core_neural_output_average_tensor_batched_1024_cpu_repeat04,3,neural_policy,output_average,build_step_context,6.883987225592136e-06
toy2,neural_output_average,tensor_batched,tensor_batched,cpu,1024,5,1,4,0,5,toy2_gpu_core_neural_output_average_tensor_batched_1024_cpu_repeat04,3,neural_policy,output_average,neural_context_peers,2.786051481962204e-06
toy2,neural_output_average,tensor_batched,tensor_batched,cpu,1024,5,1,4,0,5,toy2_gpu_core_neural_output_average_tensor_batched_1024_cpu_repeat04,3,neural_policy,output_average,build_observations,0.00015628698747605085
toy2,neural_output_average,tensor_batched,tensor_batched,cpu,1024,5,1,4,0,5,toy2_gpu_core_neural_output_average_tensor_batched_1024_cpu_repeat04,3,neural_policy,output_average,policy_readout,0.00017349899280816317
toy2,neural_output_average,tensor_batched,tensor_batched,cpu,1024,5,1,4,0,5,toy2_gpu_core_neural_output_average_tensor_batched_1024_cpu_repeat04,3,neural_policy,output_average,decision_selection,0.00012084899935871363
toy2,neural_output_average,tensor_batched,tensor_batched,cpu,1024,5,1,4,0,5,toy2_gpu_core_neural_output_average_tensor_batched_1024_cpu_repeat04,3,neural_policy,output_average,local_trainable_parameters,3.9995997212827206e-05
toy2,neural_output_average,tensor_batched,tensor_batched,cpu,1024,5,1,4,0,5,toy2_gpu_core_neural_output_average_tensor_batched_1024_cpu_repeat04,3,neural_policy,output_average,local_loss_forward,0.00023252097889780998
toy2,neural_output_average,tensor_batched,tensor_batched,cpu,1024,5,1,4,0,5,toy2_gpu_core_neural_output_average_tensor_batched_1024_cpu_repeat04,3,neural_policy,output_average,local_autograd_grad,0.000501772970892489
toy2,neural_output_average,tensor_batched,tensor_batched,cpu,1024,5,1,4,0,5,toy2_gpu_core_neural_output_average_tensor_batched_1024_cpu_repeat04,3,neural_policy,output_average,local_adam_update,0.0007286228938028216
toy2,neural_output_average,tensor_batched,tensor_batched,cpu,1024,5,1,4,0,5,toy2_gpu_core_neural_output_average_tensor_batched_1024_cpu_repeat04,3,neural_policy,output_average,local_optimizer_update,0.0014612539671361446
toy2,neural_output_average,tensor_batched,tensor_batched,cpu,1024,5,1,4,0,5,toy2_gpu_core_neural_output_average_tensor_batched_1024_cpu_repeat04,3,neural_policy,output_average,local_loss_update,0.001704114954918623
toy2,neural_output_average,tensor_batched,tensor_batched,cpu,1024,5,1,4,0,5,toy2_gpu_core_neural_output_average_tensor_batched_1024_cpu_repeat04,3,neural_policy,output_average,local_training,0.0019365570042282343
toy2,neural_output_average,tensor_batched,tensor_batched,cpu,1024,5,1,4,0,5,toy2_gpu_core_neural_output_average_tensor_batched_1024_cpu_repeat04,3,neural_policy,output_average,cache_refresh,1.301988959312439e-06
toy2,neural_output_average,tensor_batched,tensor_batched,cpu,1024,5,1,4,0,5,toy2_gpu_core_neural_output_average_tensor_batched_1024_cpu_repeat04,3,neural_policy,output_average,post_local_readout,0.000163540942594409
toy2,neural_output_average,tensor_batched,tensor_batched,cpu,1024,5,1,4,0,5,toy2_gpu_core_neural_output_average_tensor_batched_1024_cpu_repeat04,3,neural_policy,output_average,local_step,0.002869167015887797
toy2,neural_output_average,tensor_batched,tensor_batched,cpu,1024,5,1,4,0,5,toy2_gpu_core_neural_output_average_tensor_batched_1024_cpu_repeat04,3,neural_policy,output_average,select_peers,2.6549678295850754e-06
toy2,neural_output_average,tensor_batched,tensor_batched,cpu,1024,5,1,4,0,5,toy2_gpu_core_neural_output_average_tensor_batched_1024_cpu_repeat04,3,neural_policy,output_average,social_mix,0.00021129101514816284
toy2,neural_output_average,tensor_batched,tensor_batched,cpu,1024,5,1,4,0,5,toy2_gpu_core_neural_output_average_tensor_batched_1024_cpu_repeat04,3,neural_policy,output_average,social_trainable_parameters,0.00019811606034636497
toy2,neural_output_average,tensor_batched,tensor_batched,cpu,1024,5,1,4,0,5,toy2_gpu_core_neural_output_average_tensor_batched_1024_cpu_repeat04,3,neural_policy,output_average,social_loss_forward,0.00019900791812688112
toy2,neural_output_average,tensor_batched,tensor_batched,cpu,1024,5,1,4,0,5,toy2_gpu_core_neural_output_average_tensor_batched_1024_cpu_repeat04,3,neural_policy,output_average,social_autograd_grad,0.0005741000641137362
toy2,neural_output_average,tensor_batched,tensor_batched,cpu,1024,5,1,4,0,5,toy2_gpu_core_neural_output_average_tensor_batched_1024_cpu_repeat04,3,neural_policy,output_average,social_adam_update,0.001497562974691391
toy2,neural_output_average,tensor_batched,tensor_batched,cpu,1024,5,1,4,0,5,toy2_gpu_core_neural_output_average_tensor_batched_1024_cpu_repeat04,3,neural_policy,output_average,social_optimizer_update,0.002106660045683384
toy2,neural_output_average,tensor_batched,tensor_batched,cpu,1024,5,1,4,0,5,toy2_gpu_core_neural_output_average_tensor_batched_1024_cpu_repeat04,3,neural_policy,output_average,social_loss_update,0.0023160669952630997
toy2,neural_output_average,tensor_batched,tensor_batched,cpu,1024,5,1,4,0,5,toy2_gpu_core_neural_output_average_tensor_batched_1024_cpu_repeat04,3,neural_policy,output_average,social_distillation,0.002991539891809225
toy2,neural_output_average,tensor_batched,tensor_batched,cpu,1024,5,1,4,0,5,toy2_gpu_core_neural_output_average_tensor_batched_1024_cpu_repeat04,3,neural_policy,output_average,social_step,0.0030020090052857995
toy2,neural_output_average,tensor_batched,tensor_batched,cpu,1024,5,1,4,0,5,toy2_gpu_core_neural_output_average_tensor_batched_1024_cpu_repeat04,3,neural_policy,output_average,sample_actions,6.910413503646851e-07
toy2,neural_output_average,tensor_batched,tensor_batched,cpu,1024,5,1,4,0,5,toy2_gpu_core_neural_output_average_tensor_batched_1024_cpu_repeat04,3,neural_policy,output_average,commit_actions,2.9959483072161674e-06
toy2,neural_output_average,tensor_batched,tensor_batched,cpu,1024,5,1,4,0,5,toy2_gpu_core_neural_output_average_tensor_batched_1024_cpu_repeat04,3,neural_policy,output_average,post_step_state_policy,1.3155047781765461e-05
toy2,neural_output_average,tensor_batched,tensor_batched,cpu,1024,5,1,4,0,5,toy2_gpu_core_neural_output_average_tensor_batched_1024_cpu_repeat04,3,neural_policy,output_average,update_payoff_ema,1.6331090591847897e-05
toy2,neural_output_average,tensor_batched,tensor_batched,cpu,1024,5,1,4,0,5,toy2_gpu_core_neural_output_average_tensor_batched_1024_cpu_repeat04,3,neural_policy,output_average,update_reputation_ema,1.4767982065677643e-05
toy2,neural_output_average,tensor_batched,tensor_batched,cpu,1024,5,1,4,0,5,toy2_gpu_core_neural_output_average_tensor_batched_1024_cpu_repeat04,3,neural_policy,output_average,mobility_swaps,5.542510189116001e-05
toy2,neural_output_average,tensor_batched,tensor_batched,cpu,1024,5,1,4,0,5,toy2_gpu_core_neural_output_average_tensor_batched_1024_cpu_repeat04,3,neural_policy,output_average,finalize_hook_step,8.626026101410389e-06
toy2,neural_output_average,tensor_batched,tensor_batched,cpu,1024,5,1,4,0,5,toy2_gpu_core_neural_output_average_tensor_batched_1024_cpu_repeat04,3,neural_policy,output_average,hooked_step_total,0.006309298099949956
toy2,neural_output_average,tensor_batched,tensor_batched,cpu,1024,5,1,4,0,5,toy2_gpu_core_neural_output_average_tensor_batched_1024_cpu_repeat04,3,neural_policy,output_average,aggregate_row,0.001173718017525971
toy2,neural_output_average,tensor_batched,tensor_batched,cpu,1024,5,1,4,0,5,toy2_gpu_core_neural_output_average_tensor_batched_1024_cpu_repeat04,3,neural_policy,output_average,write_aggregate,3.202003426849842e-05
toy2,neural_output_average,tensor_batched,tensor_batched,cpu,1024,5,1,4,0,5,toy2_gpu_core_neural_output_average_tensor_batched_1024_cpu_repeat04,4,neural_policy,output_average,sample_revision_mask,1.0380055755376816e-05
toy2,neural_output_average,tensor_batched,tensor_batched,cpu,1024,5,1,4,0,5,toy2_gpu_core_neural_output_average_tensor_batched_1024_cpu_repeat04,4,neural_policy,output_average,build_step_context,5.058944225311279e-06
toy2,neural_output_average,tensor_batched,tensor_batched,cpu,1024,5,1,4,0,5,toy2_gpu_core_neural_output_average_tensor_batched_1024_cpu_repeat04,4,neural_policy,output_average,neural_context_peers,1.7939601093530655e-06
toy2,neural_output_average,tensor_batched,tensor_batched,cpu,1024,5,1,4,0,5,toy2_gpu_core_neural_output_average_tensor_batched_1024_cpu_repeat04,4,neural_policy,output_average,build_observations,0.00015546497888863087
toy2,neural_output_average,tensor_batched,tensor_batched,cpu,1024,5,1,4,0,5,toy2_gpu_core_neural_output_average_tensor_batched_1024_cpu_repeat04,4,neural_policy,output_average,policy_readout,0.0001810139510780573
toy2,neural_output_average,tensor_batched,tensor_batched,cpu,1024,5,1,4,0,5,toy2_gpu_core_neural_output_average_tensor_batched_1024_cpu_repeat04,4,neural_policy,output_average,decision_selection,0.00011205300688743591
toy2,neural_output_average,tensor_batched,tensor_batched,cpu,1024,5,1,4,0,5,toy2_gpu_core_neural_output_average_tensor_batched_1024_cpu_repeat04,4,neural_policy,output_average,local_trainable_parameters,5.0857081077992916e-05
toy2,neural_output_average,tensor_batched,tensor_batched,cpu,1024,5,1,4,0,5,toy2_gpu_core_neural_output_average_tensor_batched_1024_cpu_repeat04,4,neural_policy,output_average,local_loss_forward,0.00023351400159299374
toy2,neural_output_average,tensor_batched,tensor_batched,cpu,1024,5,1,4,0,5,toy2_gpu_core_neural_output_average_tensor_batched_1024_cpu_repeat04,4,neural_policy,output_average,local_autograd_grad,0.0005294550210237503
toy2,neural_output_average,tensor_batched,tensor_batched,cpu,1024,5,1,4,0,5,toy2_gpu_core_neural_output_average_tensor_batched_1024_cpu_repeat04,4,neural_policy,output_average,local_adam_update,0.0014729559188708663
toy2,neural_output_average,tensor_batched,tensor_batched,cpu,1024,5,1,4,0,5,toy2_gpu_core_neural_output_average_tensor_batched_1024_cpu_repeat04,4,neural_policy,output_average,local_optimizer_update,0.002041084924712777
toy2,neural_output_average,tensor_batched,tensor_batched,cpu,1024,5,1,4,0,5,toy2_gpu_core_neural_output_average_tensor_batched_1024_cpu_repeat04,4,neural_policy,output_average,local_loss_update,0.002284817979671061
toy2,neural_output_average,tensor_batched,tensor_batched,cpu,1024,5,1,4,0,5,toy2_gpu_core_neural_output_average_tensor_batched_1024_cpu_repeat04,4,neural_policy,output_average,local_training,0.0025432390393689275
toy2,neural_output_average,tensor_batched,tensor_batched,cpu,1024,5,1,4,0,5,toy2_gpu_core_neural_output_average_tensor_batched_1024_cpu_repeat04,4,neural_policy,output_average,cache_refresh,1.3320241123437881e-06
toy2,neural_output_average,tensor_batched,tensor_batched,cpu,1024,5,1,4,0,5,toy2_gpu_core_neural_output_average_tensor_batched_1024_cpu_repeat04,4,neural_policy,output_average,post_local_readout,0.00021905498579144478
toy2,neural_output_average,tensor_batched,tensor_batched,cpu,1024,5,1,4,0,5,toy2_gpu_core_neural_output_average_tensor_batched_1024_cpu_repeat04,4,neural_policy,output_average,local_step,0.003562093013897538
toy2,neural_output_average,tensor_batched,tensor_batched,cpu,1024,5,1,4,0,5,toy2_gpu_core_neural_output_average_tensor_batched_1024_cpu_repeat04,4,neural_policy,output_average,select_peers,2.234010025858879e-06
toy2,neural_output_average,tensor_batched,tensor_batched,cpu,1024,5,1,4,0,5,toy2_gpu_core_neural_output_average_tensor_batched_1024_cpu_repeat04,4,neural_policy,output_average,social_mix,0.0003163609653711319
toy2,neural_output_average,tensor_batched,tensor_batched,cpu,1024,5,1,4,0,5,toy2_gpu_core_neural_output_average_tensor_batched_1024_cpu_repeat04,4,neural_policy,output_average,social_trainable_parameters,0.00016582501120865345
toy2,neural_output_average,tensor_batched,tensor_batched,cpu,1024,5,1,4,0,5,toy2_gpu_core_neural_output_average_tensor_batched_1024_cpu_repeat04,4,neural_policy,output_average,social_loss_forward,0.0002338540507480502
toy2,neural_output_average,tensor_batched,tensor_batched,cpu,1024,5,1,4,0,5,toy2_gpu_core_neural_output_average_tensor_batched_1024_cpu_repeat04,4,neural_policy,output_average,social_autograd_grad,0.00045457296073436737
toy2,neural_output_average,tensor_batched,tensor_batched,cpu,1024,5,1,4,0,5,toy2_gpu_core_neural_output_average_tensor_batched_1024_cpu_repeat04,4,neural_policy,output_average,social_adam_update,0.0008224310586228967
toy2,neural_output_average,tensor_batched,tensor_batched,cpu,1024,5,1,4,0,5,toy2_gpu_core_neural_output_average_tensor_batched_1024_cpu_repeat04,4,neural_policy,output_average,social_optimizer_update,0.0013130729785189033
toy2,neural_output_average,tensor_batched,tensor_batched,cpu,1024,5,1,4,0,5,toy2_gpu_core_neural_output_average_tensor_batched_1024_cpu_repeat04,4,neural_policy,output_average,social_loss_update,0.001558357966132462
toy2,neural_output_average,tensor_batched,tensor_batched,cpu,1024,5,1,4,0,5,toy2_gpu_core_neural_output_average_tensor_batched_1024_cpu_repeat04,4,neural_policy,output_average,social_distillation,0.002337177051231265
toy2,neural_output_average,tensor_batched,tensor_batched,cpu,1024,5,1,4,0,5,toy2_gpu_core_neural_output_average_tensor_batched_1024_cpu_repeat04,4,neural_policy,output_average,social_step,0.0023503019474446774
toy2,neural_output_average,tensor_batched,tensor_batched,cpu,1024,5,1,4,0,5,toy2_gpu_core_neural_output_average_tensor_batched_1024_cpu_repeat04,4,neural_policy,output_average,sample_actions,7.710186764597893e-07
toy2,neural_output_average,tensor_batched,tensor_batched,cpu,1024,5,1,4,0,5,toy2_gpu_core_neural_output_average_tensor_batched_1024_cpu_repeat04,4,neural_policy,output_average,commit_actions,2.835993655025959e-06
toy2,neural_output_average,tensor_batched,tensor_batched,cpu,1024,5,1,4,0,5,toy2_gpu_core_neural_output_average_tensor_batched_1024_cpu_repeat04,4,neural_policy,output_average,post_step_state_policy,1.0941061191260815e-05
toy2,neural_output_average,tensor_batched,tensor_batched,cpu,1024,5,1,4,0,5,toy2_gpu_core_neural_output_average_tensor_batched_1024_cpu_repeat04,4,neural_policy,output_average,update_payoff_ema,1.662189606577158e-05
toy2,neural_output_average,tensor_batched,tensor_batched,cpu,1024,5,1,4,0,5,toy2_gpu_core_neural_output_average_tensor_batched_1024_cpu_repeat04,4,neural_policy,output_average,update_reputation_ema,1.477799378335476e-05
toy2,neural_output_average,tensor_batched,tensor_batched,cpu,1024,5,1,4,0,5,toy2_gpu_core_neural_output_average_tensor_batched_1024_cpu_repeat04,4,neural_policy,output_average,mobility_swaps,5.9813959524035454e-05
toy2,neural_output_average,tensor_batched,tensor_batched,cpu,1024,5,1,4,0,5,toy2_gpu_core_neural_output_average_tensor_batched_1024_cpu_repeat04,4,neural_policy,output_average,finalize_hook_step,8.555944077670574e-06
toy2,neural_output_average,tensor_batched,tensor_batched,cpu,1024,5,1,4,0,5,toy2_gpu_core_neural_output_average_tensor_batched_1024_cpu_repeat04,4,neural_policy,output_average,hooked_step_total,0.0063786800019443035
toy2,neural_output_average,tensor_batched,tensor_batched,cpu,1024,5,1,4,0,5,toy2_gpu_core_neural_output_average_tensor_batched_1024_cpu_repeat04,4,neural_policy,output_average,aggregate_row,0.0010466770036146045
toy2,neural_output_average,tensor_batched,tensor_batched,cpu,1024,5,1,4,0,5,toy2_gpu_core_neural_output_average_tensor_batched_1024_cpu_repeat04,4,neural_policy,output_average,write_aggregate,3.038800787180662e-05
toy2,neural_output_average,tensor_batched,tensor_batched,cpu,1024,5,1,4,0,5,toy2_gpu_core_neural_output_average_tensor_batched_1024_cpu_repeat04,5,neural_policy,output_average,sample_revision_mask,1.0629999451339245e-05
toy2,neural_output_average,tensor_batched,tensor_batched,cpu,1024,5,1,4,0,5,toy2_gpu_core_neural_output_average_tensor_batched_1024_cpu_repeat04,5,neural_policy,output_average,build_step_context,3.8370490074157715e-06
toy2,neural_output_average,tensor_batched,tensor_batched,cpu,1024,5,1,4,0,5,toy2_gpu_core_neural_output_average_tensor_batched_1024_cpu_repeat04,5,neural_policy,output_average,neural_context_peers,1.642969436943531e-06
toy2,neural_output_average,tensor_batched,tensor_batched,cpu,1024,5,1,4,0,5,toy2_gpu_core_neural_output_average_tensor_batched_1024_cpu_repeat04,5,neural_policy,output_average,build_observations,0.00016182695981115103
toy2,neural_output_average,tensor_batched,tensor_batched,cpu,1024,5,1,4,0,5,toy2_gpu_core_neural_output_average_tensor_batched_1024_cpu_repeat04,5,neural_policy,output_average,policy_readout,0.0001846100203692913
toy2,neural_output_average,tensor_batched,tensor_batched,cpu,1024,5,1,4,0,5,toy2_gpu_core_neural_output_average_tensor_batched_1024_cpu_repeat04,5,neural_policy,output_average,decision_selection,0.00010887603275477886
toy2,neural_output_average,tensor_batched,tensor_batched,cpu,1024,5,1,4,0,5,toy2_gpu_core_neural_output_average_tensor_batched_1024_cpu_repeat04,5,neural_policy,output_average,local_trainable_parameters,8.973001968115568e-05
toy2,neural_output_average,tensor_batched,tensor_batched,cpu,1024,5,1,4,0,5,toy2_gpu_core_neural_output_average_tensor_batched_1024_cpu_repeat04,5,neural_policy,output_average,local_loss_forward,0.0002458669478073716
toy2,neural_output_average,tensor_batched,tensor_batched,cpu,1024,5,1,4,0,5,toy2_gpu_core_neural_output_average_tensor_batched_1024_cpu_repeat04,5,neural_policy,output_average,local_autograd_grad,0.0005725370720028877
toy2,neural_output_average,tensor_batched,tensor_batched,cpu,1024,5,1,4,0,5,toy2_gpu_core_neural_output_average_tensor_batched_1024_cpu_repeat04,5,neural_policy,output_average,local_adam_update,0.0011275609722360969
toy2,neural_output_average,tensor_batched,tensor_batched,cpu,1024,5,1,4,0,5,toy2_gpu_core_neural_output_average_tensor_batched_1024_cpu_repeat04,5,neural_policy,output_average,local_optimizer_update,0.0017364970408380032
toy2,neural_output_average,tensor_batched,tensor_batched,cpu,1024,5,1,4,0,5,toy2_gpu_core_neural_output_average_tensor_batched_1024_cpu_repeat04,5,neural_policy,output_average,local_loss_update,0.0019919819897040725
toy2,neural_output_average,tensor_batched,tensor_batched,cpu,1024,5,1,4,0,5,toy2_gpu_core_neural_output_average_tensor_batched_1024_cpu_repeat04,5,neural_policy,output_average,local_training,0.002279246924445033
toy2,neural_output_average,tensor_batched,tensor_batched,cpu,1024,5,1,4,0,5,toy2_gpu_core_neural_output_average_tensor_batched_1024_cpu_repeat04,5,neural_policy,output_average,cache_refresh,1.3830140233039856e-06
toy2,neural_output_average,tensor_batched,tensor_batched,cpu,1024,5,1,4,0,5,toy2_gpu_core_neural_output_average_tensor_batched_1024_cpu_repeat04,5,neural_policy,output_average,post_local_readout,0.00017377000767737627
toy2,neural_output_average,tensor_batched,tensor_batched,cpu,1024,5,1,4,0,5,toy2_gpu_core_neural_output_average_tensor_batched_1024_cpu_repeat04,5,neural_policy,output_average,local_step,0.0032357029849663377
toy2,neural_output_average,tensor_batched,tensor_batched,cpu,1024,5,1,4,0,5,toy2_gpu_core_neural_output_average_tensor_batched_1024_cpu_repeat04,5,neural_policy,output_average,select_peers,2.0440202206373215e-06
toy2,neural_output_average,tensor_batched,tensor_batched,cpu,1024,5,1,4,0,5,toy2_gpu_core_neural_output_average_tensor_batched_1024_cpu_repeat04,5,neural_policy,output_average,social_mix,0.0002125429455190897
toy2,neural_output_average,tensor_batched,tensor_batched,cpu,1024,5,1,4,0,5,toy2_gpu_core_neural_output_average_tensor_batched_1024_cpu_repeat04,5,neural_policy,output_average,social_trainable_parameters,5.475396756082773e-05
toy2,neural_output_average,tensor_batched,tensor_batched,cpu,1024,5,1,4,0,5,toy2_gpu_core_neural_output_average_tensor_batched_1024_cpu_repeat04,5,neural_policy,output_average,social_loss_forward,0.0001933770254254341
toy2,neural_output_average,tensor_batched,tensor_batched,cpu,1024,5,1,4,0,5,toy2_gpu_core_neural_output_average_tensor_batched_1024_cpu_repeat04,5,neural_policy,output_average,social_autograd_grad,0.0005947189638391137
toy2,neural_output_average,tensor_batched,tensor_batched,cpu,1024,5,1,4,0,5,toy2_gpu_core_neural_output_average_tensor_batched_1024_cpu_repeat04,5,neural_policy,output_average,social_adam_update,0.0007190849864855409
toy2,neural_output_average,tensor_batched,tensor_batched,cpu,1024,5,1,4,0,5,toy2_gpu_core_neural_output_average_tensor_batched_1024_cpu_repeat04,5,neural_policy,output_average,social_optimizer_update,0.0015754109481349587
toy2,neural_output_average,tensor_batched,tensor_batched,cpu,1024,5,1,4,0,5,toy2_gpu_core_neural_output_average_tensor_batched_1024_cpu_repeat04,5,neural_policy,output_average,social_loss_update,0.0017804000526666641
toy2,neural_output_average,tensor_batched,tensor_batched,cpu,1024,5,1,4,0,5,toy2_gpu_core_neural_output_average_tensor_batched_1024_cpu_repeat04,5,neural_policy,output_average,social_distillation,0.0022813508985564113
toy2,neural_output_average,tensor_batched,tensor_batched,cpu,1024,5,1,4,0,5,toy2_gpu_core_neural_output_average_tensor_batched_1024_cpu_repeat04,5,neural_policy,output_average,social_step,0.0022945470409467816
toy2,neural_output_average,tensor_batched,tensor_batched,cpu,1024,5,1,4,0,5,toy2_gpu_core_neural_output_average_tensor_batched_1024_cpu_repeat04,5,neural_policy,output_average,sample_actions,7.520429790019989e-07
toy2,neural_output_average,tensor_batched,tensor_batched,cpu,1024,5,1,4,0,5,toy2_gpu_core_neural_output_average_tensor_batched_1024_cpu_repeat04,5,neural_policy,output_average,commit_actions,3.3169053494930267e-06
toy2,neural_output_average,tensor_batched,tensor_batched,cpu,1024,5,1,4,0,5,toy2_gpu_core_neural_output_average_tensor_batched_1024_cpu_repeat04,5,neural_policy,output_average,post_step_state_policy,9.217998012900352e-06
toy2,neural_output_average,tensor_batched,tensor_batched,cpu,1024,5,1,4,0,5,toy2_gpu_core_neural_output_average_tensor_batched_1024_cpu_repeat04,5,neural_policy,output_average,update_payoff_ema,1.597998198121786e-05
toy2,neural_output_average,tensor_batched,tensor_batched,cpu,1024,5,1,4,0,5,toy2_gpu_core_neural_output_average_tensor_batched_1024_cpu_repeat04,5,neural_policy,output_average,update_reputation_ema,1.4268094673752785e-05
toy2,neural_output_average,tensor_batched,tensor_batched,cpu,1024,5,1,4,0,5,toy2_gpu_core_neural_output_average_tensor_batched_1024_cpu_repeat04,5,neural_policy,output_average,mobility_swaps,5.419307854026556e-05
toy2,neural_output_average,tensor_batched,tensor_batched,cpu,1024,5,1,4,0,5,toy2_gpu_core_neural_output_average_tensor_batched_1024_cpu_repeat04,5,neural_policy,output_average,finalize_hook_step,8.616014383733273e-06
toy2,neural_output_average,tensor_batched,tensor_batched,cpu,1024,5,1,4,0,5,toy2_gpu_core_neural_output_average_tensor_batched_1024_cpu_repeat04,5,neural_policy,output_average,hooked_step_total,0.005958222085610032
toy2,neural_output_average,tensor_batched,tensor_batched,cpu,1024,5,1,4,0,5,toy2_gpu_core_neural_output_average_tensor_batched_1024_cpu_repeat04,5,neural_policy,output_average,aggregate_row,0.0008552040671929717
toy2,neural_output_average,tensor_batched,tensor_batched,cpu,1024,5,1,4,0,5,toy2_gpu_core_neural_output_average_tensor_batched_1024_cpu_repeat04,5,neural_policy,output_average,write_aggregate,3.1589996069669724e-05
toy2,neural_output_average,tensor_batched,tensor_batched,cuda,1024,5,1,0,0,5,toy2_gpu_core_neural_output_average_tensor_batched_1024_cuda_repeat00,0,neural_policy,output_average,make_run_dir,0.00024594704154878855
toy2,neural_output_average,tensor_batched,tensor_batched,cuda,1024,5,1,0,0,5,toy2_gpu_core_neural_output_average_tensor_batched_1024_cuda_repeat00,0,neural_policy,output_average,write_metadata,0.002675238996744156
toy2,neural_output_average,tensor_batched,tensor_batched,cuda,1024,5,1,0,0,5,toy2_gpu_core_neural_output_average_tensor_batched_1024_cuda_repeat00,0,neural_policy,output_average,initial_state,0.2758543250383809
toy2,neural_output_average,tensor_batched,tensor_batched,cuda,1024,5,1,0,0,5,toy2_gpu_core_neural_output_average_tensor_batched_1024_cuda_repeat00,0,neural_policy,output_average,writer_setup,0.0007521479856222868
toy2,neural_output_average,tensor_batched,tensor_batched,cuda,1024,5,1,0,0,5,toy2_gpu_core_neural_output_average_tensor_batched_1024_cuda_repeat00,0,neural_policy,output_average,initial_step_result,0.37199014995712787
toy2,neural_output_average,tensor_batched,tensor_batched,cuda,1024,5,1,0,0,5,toy2_gpu_core_neural_output_average_tensor_batched_1024_cuda_repeat00,0,neural_policy,output_average,initial_aggregate_row,0.13182756700553
toy2,neural_output_average,tensor_batched,tensor_batched,cuda,1024,5,1,0,0,5,toy2_gpu_core_neural_output_average_tensor_batched_1024_cuda_repeat00,0,neural_policy,output_average,write_initial_aggregate,0.00011832499876618385
toy2,neural_output_average,tensor_batched,tensor_batched,cuda,1024,5,1,0,0,5,toy2_gpu_core_neural_output_average_tensor_batched_1024_cuda_repeat00,1,neural_policy,output_average,sample_revision_mask,0.0001806729706004262
toy2,neural_output_average,tensor_batched,tensor_batched,cuda,1024,5,1,0,0,5,toy2_gpu_core_neural_output_average_tensor_batched_1024_cuda_repeat00,1,neural_policy,output_average,build_step_context,7.954100146889687e-05
toy2,neural_output_average,tensor_batched,tensor_batched,cuda,1024,5,1,0,0,5,toy2_gpu_core_neural_output_average_tensor_batched_1024_cuda_repeat00,1,neural_policy,output_average,neural_context_peers,1.3294978998601437e-05
toy2,neural_output_average,tensor_batched,tensor_batched,cuda,1024,5,1,0,0,5,toy2_gpu_core_neural_output_average_tensor_batched_1024_cuda_repeat00,1,neural_policy,output_average,build_observations,0.000595079967752099
toy2,neural_output_average,tensor_batched,tensor_batched,cuda,1024,5,1,0,0,5,toy2_gpu_core_neural_output_average_tensor_batched_1024_cuda_repeat00,1,neural_policy,output_average,policy_readout,0.0007279019337147474
toy2,neural_output_average,tensor_batched,tensor_batched,cuda,1024,5,1,0,0,5,toy2_gpu_core_neural_output_average_tensor_batched_1024_cuda_repeat00,1,neural_policy,output_average,decision_selection,0.22122128191404045
toy2,neural_output_average,tensor_batched,tensor_batched,cuda,1024,5,1,0,0,5,toy2_gpu_core_neural_output_average_tensor_batched_1024_cuda_repeat00,1,neural_policy,output_average,local_trainable_parameters,0.00011827400885522366
toy2,neural_output_average,tensor_batched,tensor_batched,cuda,1024,5,1,0,0,5,toy2_gpu_core_neural_output_average_tensor_batched_1024_cuda_repeat00,1,neural_policy,output_average,local_loss_forward,0.06700860697310418
toy2,neural_output_average,tensor_batched,tensor_batched,cuda,1024,5,1,0,0,5,toy2_gpu_core_neural_output_average_tensor_batched_1024_cuda_repeat00,1,neural_policy,output_average,local_autograd_grad,0.03677875502035022
toy2,neural_output_average,tensor_batched,tensor_batched,cuda,1024,5,1,0,0,5,toy2_gpu_core_neural_output_average_tensor_batched_1024_cuda_repeat00,1,neural_policy,output_average,local_adam_update,0.16959252511151135
toy2,neural_output_average,tensor_batched,tensor_batched,cuda,1024,5,1,0,0,5,toy2_gpu_core_neural_output_average_tensor_batched_1024_cuda_repeat00,1,neural_policy,output_average,local_optimizer_update,0.20679446298163384
toy2,neural_output_average,tensor_batched,tensor_batched,cuda,1024,5,1,0,0,5,toy2_gpu_core_neural_output_average_tensor_batched_1024_cuda_repeat00,1,neural_policy,output_average,local_loss_update,0.2739073489792645
toy2,neural_output_average,tensor_batched,tensor_batched,cuda,1024,5,1,0,0,5,toy2_gpu_core_neural_output_average_tensor_batched_1024_cuda_repeat00,1,neural_policy,output_average,local_training,0.2816459300229326
toy2,neural_output_average,tensor_batched,tensor_batched,cuda,1024,5,1,0,0,5,toy2_gpu_core_neural_output_average_tensor_batched_1024_cuda_repeat00,1,neural_policy,output_average,cache_refresh,1.0068994015455246e-05
toy2,neural_output_average,tensor_batched,tensor_batched,cuda,1024,5,1,0,0,5,toy2_gpu_core_neural_output_average_tensor_batched_1024_cuda_repeat00,1,neural_policy,output_average,post_local_readout,0.0006407860200852156
toy2,neural_output_average,tensor_batched,tensor_batched,cuda,1024,5,1,0,0,5,toy2_gpu_core_neural_output_average_tensor_batched_1024_cuda_repeat00,1,neural_policy,output_average,local_step,0.5067405459703878
toy2,neural_output_average,tensor_batched,tensor_batched,cuda,1024,5,1,0,0,5,toy2_gpu_core_neural_output_average_tensor_batched_1024_cuda_repeat00,1,neural_policy,output_average,select_peers,1.076993066817522e-05
toy2,neural_output_average,tensor_batched,tensor_batched,cuda,1024,5,1,0,0,5,toy2_gpu_core_neural_output_average_tensor_batched_1024_cuda_repeat00,1,neural_policy,output_average,social_mix,0.008837727946229279
toy2,neural_output_average,tensor_batched,tensor_batched,cuda,1024,5,1,0,0,5,toy2_gpu_core_neural_output_average_tensor_batched_1024_cuda_repeat00,1,neural_policy,output_average,social_trainable_parameters,0.0010181330144405365
toy2,neural_output_average,tensor_batched,tensor_batched,cuda,1024,5,1,0,0,5,toy2_gpu_core_neural_output_average_tensor_batched_1024_cuda_repeat00,1,neural_policy,output_average,social_loss_forward,0.06100382702425122
toy2,neural_output_average,tensor_batched,tensor_batched,cuda,1024,5,1,0,0,5,toy2_gpu_core_neural_output_average_tensor_batched_1024_cuda_repeat00,1,neural_policy,output_average,social_autograd_grad,0.0024257450131699443
toy2,neural_output_average,tensor_batched,tensor_batched,cuda,1024,5,1,0,0,5,toy2_gpu_core_neural_output_average_tensor_batched_1024_cuda_repeat00,1,neural_policy,output_average,social_adam_update,0.001213895040564239
toy2,neural_output_average,tensor_batched,tensor_batched,cuda,1024,5,1,0,0,5,toy2_gpu_core_neural_output_average_tensor_batched_1024_cuda_repeat00,1,neural_policy,output_average,social_optimizer_update,0.0039219059981405735
toy2,neural_output_average,tensor_batched,tensor_batched,cuda,1024,5,1,0,0,5,toy2_gpu_core_neural_output_average_tensor_batched_1024_cuda_repeat00,1,neural_policy,output_average,social_loss_update,0.06506120006088167
toy2,neural_output_average,tensor_batched,tensor_batched,cuda,1024,5,1,0,0,5,toy2_gpu_core_neural_output_average_tensor_batched_1024_cuda_repeat00,1,neural_policy,output_average,social_distillation,0.07682091603055596
toy2,neural_output_average,tensor_batched,tensor_batched,cuda,1024,5,1,0,0,5,toy2_gpu_core_neural_output_average_tensor_batched_1024_cuda_repeat00,1,neural_policy,output_average,social_step,0.0768759100465104
toy2,neural_output_average,tensor_batched,tensor_batched,cuda,1024,5,1,0,0,5,toy2_gpu_core_neural_output_average_tensor_batched_1024_cuda_repeat00,1,neural_policy,output_average,sample_actions,1.2063072063028812e-05
toy2,neural_output_average,tensor_batched,tensor_batched,cuda,1024,5,1,0,0,5,toy2_gpu_core_neural_output_average_tensor_batched_1024_cuda_repeat00,1,neural_policy,output_average,commit_actions,3.528699744492769e-05
toy2,neural_output_average,tensor_batched,tensor_batched,cuda,1024,5,1,0,0,5,toy2_gpu_core_neural_output_average_tensor_batched_1024_cuda_repeat00,1,neural_policy,output_average,post_step_state_policy,7.034407462924719e-05
toy2,neural_output_average,tensor_batched,tensor_batched,cuda,1024,5,1,0,0,5,toy2_gpu_core_neural_output_average_tensor_batched_1024_cuda_repeat00,1,neural_policy,output_average,update_payoff_ema,0.001089469064027071
toy2,neural_output_average,tensor_batched,tensor_batched,cuda,1024,5,1,0,0,5,toy2_gpu_core_neural_output_average_tensor_batched_1024_cuda_repeat00,1,neural_policy,output_average,update_reputation_ema,0.0008282029302790761
toy2,neural_output_average,tensor_batched,tensor_batched,cuda,1024,5,1,0,0,5,toy2_gpu_core_neural_output_average_tensor_batched_1024_cuda_repeat00,1,neural_policy,output_average,mobility_swaps,0.0010149669833481312
toy2,neural_output_average,tensor_batched,tensor_batched,cuda,1024,5,1,0,0,5,toy2_gpu_core_neural_output_average_tensor_batched_1024_cuda_repeat00,1,neural_policy,output_average,finalize_hook_step,5.659798625856638e-05
toy2,neural_output_average,tensor_batched,tensor_batched,cuda,1024,5,1,0,0,5,toy2_gpu_core_neural_output_average_tensor_batched_1024_cuda_repeat00,1,neural_policy,output_average,hooked_step_total,0.589288555085659
toy2,neural_output_average,tensor_batched,tensor_batched,cuda,1024,5,1,0,0,5,toy2_gpu_core_neural_output_average_tensor_batched_1024_cuda_repeat00,1,neural_policy,output_average,aggregate_row,0.0037253829650580883
toy2,neural_output_average,tensor_batched,tensor_batched,cuda,1024,5,1,0,0,5,toy2_gpu_core_neural_output_average_tensor_batched_1024_cuda_repeat00,1,neural_policy,output_average,write_aggregate,8.576200343668461e-05
toy2,neural_output_average,tensor_batched,tensor_batched,cuda,1024,5,1,0,0,5,toy2_gpu_core_neural_output_average_tensor_batched_1024_cuda_repeat00,2,neural_policy,output_average,sample_revision_mask,2.166104968637228e-05
toy2,neural_output_average,tensor_batched,tensor_batched,cuda,1024,5,1,0,0,5,toy2_gpu_core_neural_output_average_tensor_batched_1024_cuda_repeat00,2,neural_policy,output_average,build_step_context,2.0478968508541584e-05
toy2,neural_output_average,tensor_batched,tensor_batched,cuda,1024,5,1,0,0,5,toy2_gpu_core_neural_output_average_tensor_batched_1024_cuda_repeat00,2,neural_policy,output_average,neural_context_peers,8.59599094837904e-06
toy2,neural_output_average,tensor_batched,tensor_batched,cuda,1024,5,1,0,0,5,toy2_gpu_core_neural_output_average_tensor_batched_1024_cuda_repeat00,2,neural_policy,output_average,build_observations,0.0003055799752473831
toy2,neural_output_average,tensor_batched,tensor_batched,cuda,1024,5,1,0,0,5,toy2_gpu_core_neural_output_average_tensor_batched_1024_cuda_repeat00,2,neural_policy,output_average,policy_readout,0.00024951400700956583
toy2,neural_output_average,tensor_batched,tensor_batched,cuda,1024,5,1,0,0,5,toy2_gpu_core_neural_output_average_tensor_batched_1024_cuda_repeat00,2,neural_policy,output_average,decision_selection,0.0004281520377844572
toy2,neural_output_average,tensor_batched,tensor_batched,cuda,1024,5,1,0,0,5,toy2_gpu_core_neural_output_average_tensor_batched_1024_cuda_repeat00,2,neural_policy,output_average,local_trainable_parameters,6.623589433729649e-05
toy2,neural_output_average,tensor_batched,tensor_batched,cuda,1024,5,1,0,0,5,toy2_gpu_core_neural_output_average_tensor_batched_1024_cuda_repeat00,2,neural_policy,output_average,local_loss_forward,0.00038588198367506266
toy2,neural_output_average,tensor_batched,tensor_batched,cuda,1024,5,1,0,0,5,toy2_gpu_core_neural_output_average_tensor_batched_1024_cuda_repeat00,2,neural_policy,output_average,local_autograd_grad,0.0005486409645527601
toy2,neural_output_average,tensor_batched,tensor_batched,cuda,1024,5,1,0,0,5,toy2_gpu_core_neural_output_average_tensor_batched_1024_cuda_repeat00,2,neural_policy,output_average,local_adam_update,0.0008591510122641921
toy2,neural_output_average,tensor_batched,tensor_batched,cuda,1024,5,1,0,0,5,toy2_gpu_core_neural_output_average_tensor_batched_1024_cuda_repeat00,2,neural_policy,output_average,local_optimizer_update,0.0014951979974284768
toy2,neural_output_average,tensor_batched,tensor_batched,cuda,1024,5,1,0,0,5,toy2_gpu_core_neural_output_average_tensor_batched_1024_cuda_repeat00,2,neural_policy,output_average,local_loss_update,0.0019088140688836575
toy2,neural_output_average,tensor_batched,tensor_batched,cuda,1024,5,1,0,0,5,toy2_gpu_core_neural_output_average_tensor_batched_1024_cuda_repeat00,2,neural_policy,output_average,local_training,0.002686699968762696
toy2,neural_output_average,tensor_batched,tensor_batched,cuda,1024,5,1,0,0,5,toy2_gpu_core_neural_output_average_tensor_batched_1024_cuda_repeat00,2,neural_policy,output_average,cache_refresh,8.214963600039482e-06
toy2,neural_output_average,tensor_batched,tensor_batched,cuda,1024,5,1,0,0,5,toy2_gpu_core_neural_output_average_tensor_batched_1024_cuda_repeat00,2,neural_policy,output_average,post_local_readout,0.00018132396508008242
toy2,neural_output_average,tensor_batched,tensor_batched,cuda,1024,5,1,0,0,5,toy2_gpu_core_neural_output_average_tensor_batched_1024_cuda_repeat00,2,neural_policy,output_average,local_step,0.006648752954788506
toy2,neural_output_average,tensor_batched,tensor_batched,cuda,1024,5,1,0,0,5,toy2_gpu_core_neural_output_average_tensor_batched_1024_cuda_repeat00,2,neural_policy,output_average,select_peers,1.0309973731637001e-05
toy2,neural_output_average,tensor_batched,tensor_batched,cuda,1024,5,1,0,0,5,toy2_gpu_core_neural_output_average_tensor_batched_1024_cuda_repeat00,2,neural_policy,output_average,social_mix,0.0004941580118611455
toy2,neural_output_average,tensor_batched,tensor_batched,cuda,1024,5,1,0,0,5,toy2_gpu_core_neural_output_average_tensor_batched_1024_cuda_repeat00,2,neural_policy,output_average,social_trainable_parameters,5.208898801356554e-05
toy2,neural_output_average,tensor_batched,tensor_batched,cuda,1024,5,1,0,0,5,toy2_gpu_core_neural_output_average_tensor_batched_1024_cuda_repeat00,2,neural_policy,output_average,social_loss_forward,0.00023313297424465418
toy2,neural_output_average,tensor_batched,tensor_batched,cuda,1024,5,1,0,0,5,toy2_gpu_core_neural_output_average_tensor_batched_1024_cuda_repeat00,2,neural_policy,output_average,social_autograd_grad,0.00033135898411273956
toy2,neural_output_average,tensor_batched,tensor_batched,cuda,1024,5,1,0,0,5,toy2_gpu_core_neural_output_average_tensor_batched_1024_cuda_repeat00,2,neural_policy,output_average,social_adam_update,0.0004997180076315999
toy2,neural_output_average,tensor_batched,tensor_batched,cuda,1024,5,1,0,0,5,toy2_gpu_core_neural_output_average_tensor_batched_1024_cuda_repeat00,2,neural_policy,output_average,social_optimizer_update,0.0009128930978477001
toy2,neural_output_average,tensor_batched,tensor_batched,cuda,1024,5,1,0,0,5,toy2_gpu_core_neural_output_average_tensor_batched_1024_cuda_repeat00,2,neural_policy,output_average,social_loss_update,0.001172867021523416
toy2,neural_output_average,tensor_batched,tensor_batched,cuda,1024,5,1,0,0,5,toy2_gpu_core_neural_output_average_tensor_batched_1024_cuda_repeat00,2,neural_policy,output_average,social_distillation,0.002078726072795689
toy2,neural_output_average,tensor_batched,tensor_batched,cuda,1024,5,1,0,0,5,toy2_gpu_core_neural_output_average_tensor_batched_1024_cuda_repeat00,2,neural_policy,output_average,social_step,0.002104405080899596
toy2,neural_output_average,tensor_batched,tensor_batched,cuda,1024,5,1,0,0,5,toy2_gpu_core_neural_output_average_tensor_batched_1024_cuda_repeat00,2,neural_policy,output_average,sample_actions,6.512971594929695e-06
toy2,neural_output_average,tensor_batched,tensor_batched,cuda,1024,5,1,0,0,5,toy2_gpu_core_neural_output_average_tensor_batched_1024_cuda_repeat00,2,neural_policy,output_average,commit_actions,1.2853997759521008e-05
toy2,neural_output_average,tensor_batched,tensor_batched,cuda,1024,5,1,0,0,5,toy2_gpu_core_neural_output_average_tensor_batched_1024_cuda_repeat00,2,neural_policy,output_average,post_step_state_policy,2.818298526108265e-05
toy2,neural_output_average,tensor_batched,tensor_batched,cuda,1024,5,1,0,0,5,toy2_gpu_core_neural_output_average_tensor_batched_1024_cuda_repeat00,2,neural_policy,output_average,update_payoff_ema,4.928407724946737e-05
toy2,neural_output_average,tensor_batched,tensor_batched,cuda,1024,5,1,0,0,5,toy2_gpu_core_neural_output_average_tensor_batched_1024_cuda_repeat00,2,neural_policy,output_average,update_reputation_ema,4.293094389140606e-05
toy2,neural_output_average,tensor_batched,tensor_batched,cuda,1024,5,1,0,0,5,toy2_gpu_core_neural_output_average_tensor_batched_1024_cuda_repeat00,2,neural_policy,output_average,mobility_swaps,0.00043224997352808714
toy2,neural_output_average,tensor_batched,tensor_batched,cuda,1024,5,1,0,0,5,toy2_gpu_core_neural_output_average_tensor_batched_1024_cuda_repeat00,2,neural_policy,output_average,finalize_hook_step,1.844496000558138e-05
toy2,neural_output_average,tensor_batched,tensor_batched,cuda,1024,5,1,0,0,5,toy2_gpu_core_neural_output_average_tensor_batched_1024_cuda_repeat00,2,neural_policy,output_average,hooked_step_total,0.010050259996205568
toy2,neural_output_average,tensor_batched,tensor_batched,cuda,1024,5,1,0,0,5,toy2_gpu_core_neural_output_average_tensor_batched_1024_cuda_repeat00,2,neural_policy,output_average,aggregate_row,0.001625967095606029
toy2,neural_output_average,tensor_batched,tensor_batched,cuda,1024,5,1,0,0,5,toy2_gpu_core_neural_output_average_tensor_batched_1024_cuda_repeat00,2,neural_policy,output_average,write_aggregate,4.301208537071943e-05
toy2,neural_output_average,tensor_batched,tensor_batched,cuda,1024,5,1,0,0,5,toy2_gpu_core_neural_output_average_tensor_batched_1024_cuda_repeat00,3,neural_policy,output_average,sample_revision_mask,1.8985942006111145e-05
toy2,neural_output_average,tensor_batched,tensor_batched,cuda,1024,5,1,0,0,5,toy2_gpu_core_neural_output_average_tensor_batched_1024_cuda_repeat00,3,neural_policy,output_average,build_step_context,1.1883093975484371e-05
toy2,neural_output_average,tensor_batched,tensor_batched,cuda,1024,5,1,0,0,5,toy2_gpu_core_neural_output_average_tensor_batched_1024_cuda_repeat00,3,neural_policy,output_average,neural_context_peers,7.64499418437481e-06
toy2,neural_output_average,tensor_batched,tensor_batched,cuda,1024,5,1,0,0,5,toy2_gpu_core_neural_output_average_tensor_batched_1024_cuda_repeat00,3,neural_policy,output_average,build_observations,0.0001979359658434987
toy2,neural_output_average,tensor_batched,tensor_batched,cuda,1024,5,1,0,0,5,toy2_gpu_core_neural_output_average_tensor_batched_1024_cuda_repeat00,3,neural_policy,output_average,policy_readout,0.00017254799604415894
toy2,neural_output_average,tensor_batched,tensor_batched,cuda,1024,5,1,0,0,5,toy2_gpu_core_neural_output_average_tensor_batched_1024_cuda_repeat00,3,neural_policy,output_average,decision_selection,0.00018655392341315746
toy2,neural_output_average,tensor_batched,tensor_batched,cuda,1024,5,1,0,0,5,toy2_gpu_core_neural_output_average_tensor_batched_1024_cuda_repeat00,3,neural_policy,output_average,local_trainable_parameters,5.493394564837217e-05
toy2,neural_output_average,tensor_batched,tensor_batched,cuda,1024,5,1,0,0,5,toy2_gpu_core_neural_output_average_tensor_batched_1024_cuda_repeat00,3,neural_policy,output_average,local_loss_forward,0.00028877798467874527
toy2,neural_output_average,tensor_batched,tensor_batched,cuda,1024,5,1,0,0,5,toy2_gpu_core_neural_output_average_tensor_batched_1024_cuda_repeat00,3,neural_policy,output_average,local_autograd_grad,0.0004660149570554495
toy2,neural_output_average,tensor_batched,tensor_batched,cuda,1024,5,1,0,0,5,toy2_gpu_core_neural_output_average_tensor_batched_1024_cuda_repeat00,3,neural_policy,output_average,local_adam_update,0.0005076939705759287
toy2,neural_output_average,tensor_batched,tensor_batched,cuda,1024,5,1,0,0,5,toy2_gpu_core_neural_output_average_tensor_batched_1024_cuda_repeat00,3,neural_policy,output_average,local_optimizer_update,0.0010435220319777727
toy2,neural_output_average,tensor_batched,tensor_batched,cuda,1024,5,1,0,0,5,toy2_gpu_core_neural_output_average_tensor_batched_1024_cuda_repeat00,3,neural_policy,output_average,local_loss_update,0.0013596409698948264
toy2,neural_output_average,tensor_batched,tensor_batched,cuda,1024,5,1,0,0,5,toy2_gpu_core_neural_output_average_tensor_batched_1024_cuda_repeat00,3,neural_policy,output_average,local_training,0.0016586791025474668
toy2,neural_output_average,tensor_batched,tensor_batched,cuda,1024,5,1,0,0,5,toy2_gpu_core_neural_output_average_tensor_batched_1024_cuda_repeat00,3,neural_policy,output_average,cache_refresh,6.9730449467897415e-06
toy2,neural_output_average,tensor_batched,tensor_batched,cuda,1024,5,1,0,0,5,toy2_gpu_core_neural_output_average_tensor_batched_1024_cuda_repeat00,3,neural_policy,output_average,post_local_readout,0.00017227698117494583
toy2,neural_output_average,tensor_batched,tensor_batched,cuda,1024,5,1,0,0,5,toy2_gpu_core_neural_output_average_tensor_batched_1024_cuda_repeat00,3,neural_policy,output_average,local_step,0.002883253968320787
toy2,neural_output_average,tensor_batched,tensor_batched,cuda,1024,5,1,0,0,5,toy2_gpu_core_neural_output_average_tensor_batched_1024_cuda_repeat00,3,neural_policy,output_average,select_peers,1.5078927390277386e-05
toy2,neural_output_average,tensor_batched,tensor_batched,cuda,1024,5,1,0,0,5,toy2_gpu_core_neural_output_average_tensor_batched_1024_cuda_repeat00,3,neural_policy,output_average,social_mix,0.00037309795152395964
toy2,neural_output_average,tensor_batched,tensor_batched,cuda,1024,5,1,0,0,5,toy2_gpu_core_neural_output_average_tensor_batched_1024_cuda_repeat00,3,neural_policy,output_average,social_trainable_parameters,5.108700133860111e-05
toy2,neural_output_average,tensor_batched,tensor_batched,cuda,1024,5,1,0,0,5,toy2_gpu_core_neural_output_average_tensor_batched_1024_cuda_repeat00,3,neural_policy,output_average,social_loss_forward,0.00020975805819034576
toy2,neural_output_average,tensor_batched,tensor_batched,cuda,1024,5,1,0,0,5,toy2_gpu_core_neural_output_average_tensor_batched_1024_cuda_repeat00,3,neural_policy,output_average,social_autograd_grad,0.0003873050445690751
toy2,neural_output_average,tensor_batched,tensor_batched,cuda,1024,5,1,0,0,5,toy2_gpu_core_neural_output_average_tensor_batched_1024_cuda_repeat00,3,neural_policy,output_average,social_adam_update,0.0005836680065840483
toy2,neural_output_average,tensor_batched,tensor_batched,cuda,1024,5,1,0,0,5,toy2_gpu_core_neural_output_average_tensor_batched_1024_cuda_repeat00,3,neural_policy,output_average,social_optimizer_update,0.0010488620027899742
toy2,neural_output_average,tensor_batched,tensor_batched,cuda,1024,5,1,0,0,5,toy2_gpu_core_neural_output_average_tensor_batched_1024_cuda_repeat00,3,neural_policy,output_average,social_loss_update,0.0012860409915447235
toy2,neural_output_average,tensor_batched,tensor_batched,cuda,1024,5,1,0,0,5,toy2_gpu_core_neural_output_average_tensor_batched_1024_cuda_repeat00,3,neural_policy,output_average,social_distillation,0.002052315976470709
toy2,neural_output_average,tensor_batched,tensor_batched,cuda,1024,5,1,0,0,5,toy2_gpu_core_neural_output_average_tensor_batched_1024_cuda_repeat00,3,neural_policy,output_average,social_step,0.002075862023048103
toy2,neural_output_average,tensor_batched,tensor_batched,cuda,1024,5,1,0,0,5,toy2_gpu_core_neural_output_average_tensor_batched_1024_cuda_repeat00,3,neural_policy,output_average,sample_actions,6.643007509410381e-06
toy2,neural_output_average,tensor_batched,tensor_batched,cuda,1024,5,1,0,0,5,toy2_gpu_core_neural_output_average_tensor_batched_1024_cuda_repeat00,3,neural_policy,output_average,commit_actions,1.0450021363794804e-05
toy2,neural_output_average,tensor_batched,tensor_batched,cuda,1024,5,1,0,0,5,toy2_gpu_core_neural_output_average_tensor_batched_1024_cuda_repeat00,3,neural_policy,output_average,post_step_state_policy,1.6550999134778976e-05
toy2,neural_output_average,tensor_batched,tensor_batched,cuda,1024,5,1,0,0,5,toy2_gpu_core_neural_output_average_tensor_batched_1024_cuda_repeat00,3,neural_policy,output_average,update_payoff_ema,4.9644033424556255e-05
toy2,neural_output_average,tensor_batched,tensor_batched,cuda,1024,5,1,0,0,5,toy2_gpu_core_neural_output_average_tensor_batched_1024_cuda_repeat00,3,neural_policy,output_average,update_reputation_ema,4.163896664977074e-05
toy2,neural_output_average,tensor_batched,tensor_batched,cuda,1024,5,1,0,0,5,toy2_gpu_core_neural_output_average_tensor_batched_1024_cuda_repeat00,3,neural_policy,output_average,mobility_swaps,0.00037028302904218435
toy2,neural_output_average,tensor_batched,tensor_batched,cuda,1024,5,1,0,0,5,toy2_gpu_core_neural_output_average_tensor_batched_1024_cuda_repeat00,3,neural_policy,output_average,finalize_hook_step,1.7794081941246986e-05
toy2,neural_output_average,tensor_batched,tensor_batched,cuda,1024,5,1,0,0,5,toy2_gpu_core_neural_output_average_tensor_batched_1024_cuda_repeat00,3,neural_policy,output_average,hooked_step_total,0.006080292980186641
toy2,neural_output_average,tensor_batched,tensor_batched,cuda,1024,5,1,0,0,5,toy2_gpu_core_neural_output_average_tensor_batched_1024_cuda_repeat00,3,neural_policy,output_average,aggregate_row,0.001409164979122579
toy2,neural_output_average,tensor_batched,tensor_batched,cuda,1024,5,1,0,0,5,toy2_gpu_core_neural_output_average_tensor_batched_1024_cuda_repeat00,3,neural_policy,output_average,write_aggregate,3.621901851147413e-05
toy2,neural_output_average,tensor_batched,tensor_batched,cuda,1024,5,1,0,0,5,toy2_gpu_core_neural_output_average_tensor_batched_1024_cuda_repeat00,4,neural_policy,output_average,sample_revision_mask,1.794402487576008e-05
toy2,neural_output_average,tensor_batched,tensor_batched,cuda,1024,5,1,0,0,5,toy2_gpu_core_neural_output_average_tensor_batched_1024_cuda_repeat00,4,neural_policy,output_average,build_step_context,9.417999535799026e-06
toy2,neural_output_average,tensor_batched,tensor_batched,cuda,1024,5,1,0,0,5,toy2_gpu_core_neural_output_average_tensor_batched_1024_cuda_repeat00,4,neural_policy,output_average,neural_context_peers,6.602960638701916e-06
toy2,neural_output_average,tensor_batched,tensor_batched,cuda,1024,5,1,0,0,5,toy2_gpu_core_neural_output_average_tensor_batched_1024_cuda_repeat00,4,neural_policy,output_average,build_observations,0.00017166591715067625
toy2,neural_output_average,tensor_batched,tensor_batched,cuda,1024,5,1,0,0,5,toy2_gpu_core_neural_output_average_tensor_batched_1024_cuda_repeat00,4,neural_policy,output_average,policy_readout,0.00018645403906702995
toy2,neural_output_average,tensor_batched,tensor_batched,cuda,1024,5,1,0,0,5,toy2_gpu_core_neural_output_average_tensor_batched_1024_cuda_repeat00,4,neural_policy,output_average,decision_selection,0.00015102699398994446
toy2,neural_output_average,tensor_batched,tensor_batched,cuda,1024,5,1,0,0,5,toy2_gpu_core_neural_output_average_tensor_batched_1024_cuda_repeat00,4,neural_policy,output_average,local_trainable_parameters,5.528505425900221e-05
toy2,neural_output_average,tensor_batched,tensor_batched,cuda,1024,5,1,0,0,5,toy2_gpu_core_neural_output_average_tensor_batched_1024_cuda_repeat00,4,neural_policy,output_average,local_loss_forward,0.000278778956271708
toy2,neural_output_average,tensor_batched,tensor_batched,cuda,1024,5,1,0,0,5,toy2_gpu_core_neural_output_average_tensor_batched_1024_cuda_repeat00,4,neural_policy,output_average,local_autograd_grad,0.0004672970389947295
toy2,neural_output_average,tensor_batched,tensor_batched,cuda,1024,5,1,0,0,5,toy2_gpu_core_neural_output_average_tensor_batched_1024_cuda_repeat00,4,neural_policy,output_average,local_adam_update,0.0005691410042345524
toy2,neural_output_average,tensor_batched,tensor_batched,cuda,1024,5,1,0,0,5,toy2_gpu_core_neural_output_average_tensor_batched_1024_cuda_repeat00,4,neural_policy,output_average,local_optimizer_update,0.0011110499035567045
toy2,neural_output_average,tensor_batched,tensor_batched,cuda,1024,5,1,0,0,5,toy2_gpu_core_neural_output_average_tensor_batched_1024_cuda_repeat00,4,neural_policy,output_average,local_loss_update,0.001416688901372254
toy2,neural_output_average,tensor_batched,tensor_batched,cuda,1024,5,1,0,0,5,toy2_gpu_core_neural_output_average_tensor_batched_1024_cuda_repeat00,4,neural_policy,output_average,local_training,0.0017068099696189165
toy2,neural_output_average,tensor_batched,tensor_batched,cuda,1024,5,1,0,0,5,toy2_gpu_core_neural_output_average_tensor_batched_1024_cuda_repeat00,4,neural_policy,output_average,cache_refresh,6.943009793758392e-06
toy2,neural_output_average,tensor_batched,tensor_batched,cuda,1024,5,1,0,0,5,toy2_gpu_core_neural_output_average_tensor_batched_1024_cuda_repeat00,4,neural_policy,output_average,post_local_readout,0.00016390194650739431
toy2,neural_output_average,tensor_batched,tensor_batched,cuda,1024,5,1,0,0,5,toy2_gpu_core_neural_output_average_tensor_batched_1024_cuda_repeat00,4,neural_policy,output_average,local_step,0.0028758400585502386
toy2,neural_output_average,tensor_batched,tensor_batched,cuda,1024,5,1,0,0,5,toy2_gpu_core_neural_output_average_tensor_batched_1024_cuda_repeat00,4,neural_policy,output_average,select_peers,8.506001904606819e-06
toy2,neural_output_average,tensor_batched,tensor_batched,cuda,1024,5,1,0,0,5,toy2_gpu_core_neural_output_average_tensor_batched_1024_cuda_repeat00,4,neural_policy,output_average,social_mix,0.0005596519913524389
toy2,neural_output_average,tensor_batched,tensor_batched,cuda,1024,5,1,0,0,5,toy2_gpu_core_neural_output_average_tensor_batched_1024_cuda_repeat00,4,neural_policy,output_average,social_trainable_parameters,0.00010879593901336193
toy2,neural_output_average,tensor_batched,tensor_batched,cuda,1024,5,1,0,0,5,toy2_gpu_core_neural_output_average_tensor_batched_1024_cuda_repeat00,4,neural_policy,output_average,social_loss_forward,0.00021050998475402594
toy2,neural_output_average,tensor_batched,tensor_batched,cuda,1024,5,1,0,0,5,toy2_gpu_core_neural_output_average_tensor_batched_1024_cuda_repeat00,4,neural_policy,output_average,social_autograd_grad,0.0004567069699987769
toy2,neural_output_average,tensor_batched,tensor_batched,cuda,1024,5,1,0,0,5,toy2_gpu_core_neural_output_average_tensor_batched_1024_cuda_repeat00,4,neural_policy,output_average,social_adam_update,0.0004993680631741881
toy2,neural_output_average,tensor_batched,tensor_batched,cuda,1024,5,1,0,0,5,toy2_gpu_core_neural_output_average_tensor_batched_1024_cuda_repeat00,4,neural_policy,output_average,social_optimizer_update,0.00102492596488446
toy2,neural_output_average,tensor_batched,tensor_batched,cuda,1024,5,1,0,0,5,toy2_gpu_core_neural_output_average_tensor_batched_1024_cuda_repeat00,4,neural_policy,output_average,social_loss_update,0.0012627770192921162
toy2,neural_output_average,tensor_batched,tensor_batched,cuda,1024,5,1,0,0,5,toy2_gpu_core_neural_output_average_tensor_batched_1024_cuda_repeat00,4,neural_policy,output_average,social_distillation,0.002589126001112163
toy2,neural_output_average,tensor_batched,tensor_batched,cuda,1024,5,1,0,0,5,toy2_gpu_core_neural_output_average_tensor_batched_1024_cuda_repeat00,4,neural_policy,output_average,social_step,0.002611628035083413
toy2,neural_output_average,tensor_batched,tensor_batched,cuda,1024,5,1,0,0,5,toy2_gpu_core_neural_output_average_tensor_batched_1024_cuda_repeat00,4,neural_policy,output_average,sample_actions,6.292015314102173e-06
toy2,neural_output_average,tensor_batched,tensor_batched,cuda,1024,5,1,0,0,5,toy2_gpu_core_neural_output_average_tensor_batched_1024_cuda_repeat00,4,neural_policy,output_average,commit_actions,9.639072231948376e-06
toy2,neural_output_average,tensor_batched,tensor_batched,cuda,1024,5,1,0,0,5,toy2_gpu_core_neural_output_average_tensor_batched_1024_cuda_repeat00,4,neural_policy,output_average,post_step_state_policy,1.6200938262045383e-05
toy2,neural_output_average,tensor_batched,tensor_batched,cuda,1024,5,1,0,0,5,toy2_gpu_core_neural_output_average_tensor_batched_1024_cuda_repeat00,4,neural_policy,output_average,update_payoff_ema,4.871294368058443e-05
toy2,neural_output_average,tensor_batched,tensor_batched,cuda,1024,5,1,0,0,5,toy2_gpu_core_neural_output_average_tensor_batched_1024_cuda_repeat00,4,neural_policy,output_average,update_reputation_ema,4.121800884604454e-05
toy2,neural_output_average,tensor_batched,tensor_batched,cuda,1024,5,1,0,0,5,toy2_gpu_core_neural_output_average_tensor_batched_1024_cuda_repeat00,4,neural_policy,output_average,mobility_swaps,0.00036194699350744486
toy2,neural_output_average,tensor_batched,tensor_batched,cuda,1024,5,1,0,0,5,toy2_gpu_core_neural_output_average_tensor_batched_1024_cuda_repeat00,4,neural_policy,output_average,finalize_hook_step,1.7422949895262718e-05
toy2,neural_output_average,tensor_batched,tensor_batched,cuda,1024,5,1,0,0,5,toy2_gpu_core_neural_output_average_tensor_batched_1024_cuda_repeat00,4,neural_policy,output_average,hooked_step_total,0.006589179974980652
toy2,neural_output_average,tensor_batched,tensor_batched,cuda,1024,5,1,0,0,5,toy2_gpu_core_neural_output_average_tensor_batched_1024_cuda_repeat00,4,neural_policy,output_average,aggregate_row,0.0013041859492659569
toy2,neural_output_average,tensor_batched,tensor_batched,cuda,1024,5,1,0,0,5,toy2_gpu_core_neural_output_average_tensor_batched_1024_cuda_repeat00,4,neural_policy,output_average,write_aggregate,3.485602792352438e-05
toy2,neural_output_average,tensor_batched,tensor_batched,cuda,1024,5,1,0,0,5,toy2_gpu_core_neural_output_average_tensor_batched_1024_cuda_repeat00,5,neural_policy,output_average,sample_revision_mask,1.6971956938505173e-05
toy2,neural_output_average,tensor_batched,tensor_batched,cuda,1024,5,1,0,0,5,toy2_gpu_core_neural_output_average_tensor_batched_1024_cuda_repeat00,5,neural_policy,output_average,build_step_context,9.037088602781296e-06
toy2,neural_output_average,tensor_batched,tensor_batched,cuda,1024,5,1,0,0,5,toy2_gpu_core_neural_output_average_tensor_batched_1024_cuda_repeat00,5,neural_policy,output_average,neural_context_peers,6.442074663937092e-06
toy2,neural_output_average,tensor_batched,tensor_batched,cuda,1024,5,1,0,0,5,toy2_gpu_core_neural_output_average_tensor_batched_1024_cuda_repeat00,5,neural_policy,output_average,build_observations,0.00016629602760076523
toy2,neural_output_average,tensor_batched,tensor_batched,cuda,1024,5,1,0,0,5,toy2_gpu_core_neural_output_average_tensor_batched_1024_cuda_repeat00,5,neural_policy,output_average,policy_readout,0.0001698120031505823
toy2,neural_output_average,tensor_batched,tensor_batched,cuda,1024,5,1,0,0,5,toy2_gpu_core_neural_output_average_tensor_batched_1024_cuda_repeat00,5,neural_policy,output_average,decision_selection,0.00014628807548433542
toy2,neural_output_average,tensor_batched,tensor_batched,cuda,1024,5,1,0,0,5,toy2_gpu_core_neural_output_average_tensor_batched_1024_cuda_repeat00,5,neural_policy,output_average,local_trainable_parameters,5.3952098824083805e-05
toy2,neural_output_average,tensor_batched,tensor_batched,cuda,1024,5,1,0,0,5,toy2_gpu_core_neural_output_average_tensor_batched_1024_cuda_repeat00,5,neural_policy,output_average,local_loss_forward,0.0002884180285036564
toy2,neural_output_average,tensor_batched,tensor_batched,cuda,1024,5,1,0,0,5,toy2_gpu_core_neural_output_average_tensor_batched_1024_cuda_repeat00,5,neural_policy,output_average,local_autograd_grad,0.0005471180193126202
toy2,neural_output_average,tensor_batched,tensor_batched,cuda,1024,5,1,0,0,5,toy2_gpu_core_neural_output_average_tensor_batched_1024_cuda_repeat00,5,neural_policy,output_average,local_adam_update,0.0004983259132131934
toy2,neural_output_average,tensor_batched,tensor_batched,cuda,1024,5,1,0,0,5,toy2_gpu_core_neural_output_average_tensor_batched_1024_cuda_repeat00,5,neural_policy,output_average,local_optimizer_update,0.0011157089611515403
toy2,neural_output_average,tensor_batched,tensor_batched,cuda,1024,5,1,0,0,5,toy2_gpu_core_neural_output_average_tensor_batched_1024_cuda_repeat00,5,neural_policy,output_average,local_loss_update,0.0014304850483313203
toy2,neural_output_average,tensor_batched,tensor_batched,cuda,1024,5,1,0,0,5,toy2_gpu_core_neural_output_average_tensor_batched_1024_cuda_repeat00,5,neural_policy,output_average,local_training,0.0017196550033986568
toy2,neural_output_average,tensor_batched,tensor_batched,cuda,1024,5,1,0,0,5,toy2_gpu_core_neural_output_average_tensor_batched_1024_cuda_repeat00,5,neural_policy,output_average,cache_refresh,7.283990271389484e-06
toy2,neural_output_average,tensor_batched,tensor_batched,cuda,1024,5,1,0,0,5,toy2_gpu_core_neural_output_average_tensor_batched_1024_cuda_repeat00,5,neural_policy,output_average,post_local_readout,0.00017349992413073778
toy2,neural_output_average,tensor_batched,tensor_batched,cuda,1024,5,1,0,0,5,toy2_gpu_core_neural_output_average_tensor_batched_1024_cuda_repeat00,5,neural_policy,output_average,local_step,0.002872703946195543
toy2,neural_output_average,tensor_batched,tensor_batched,cuda,1024,5,1,0,0,5,toy2_gpu_core_neural_output_average_tensor_batched_1024_cuda_repeat00,5,neural_policy,output_average,select_peers,8.246046490967274e-06
toy2,neural_output_average,tensor_batched,tensor_batched,cuda,1024,5,1,0,0,5,toy2_gpu_core_neural_output_average_tensor_batched_1024_cuda_repeat00,5,neural_policy,output_average,social_mix,0.0003701519453898072
toy2,neural_output_average,tensor_batched,tensor_batched,cuda,1024,5,1,0,0,5,toy2_gpu_core_neural_output_average_tensor_batched_1024_cuda_repeat00,5,neural_policy,output_average,social_trainable_parameters,5.210901144891977e-05
toy2,neural_output_average,tensor_batched,tensor_batched,cuda,1024,5,1,0,0,5,toy2_gpu_core_neural_output_average_tensor_batched_1024_cuda_repeat00,5,neural_policy,output_average,social_loss_forward,0.00021252408623695374
toy2,neural_output_average,tensor_batched,tensor_batched,cuda,1024,5,1,0,0,5,toy2_gpu_core_neural_output_average_tensor_batched_1024_cuda_repeat00,5,neural_policy,output_average,social_autograd_grad,0.0003273219335824251
toy2,neural_output_average,tensor_batched,tensor_batched,cuda,1024,5,1,0,0,5,toy2_gpu_core_neural_output_average_tensor_batched_1024_cuda_repeat00,5,neural_policy,output_average,social_adam_update,0.0006251269951462746
toy2,neural_output_average,tensor_batched,tensor_batched,cuda,1024,5,1,0,0,5,toy2_gpu_core_neural_output_average_tensor_batched_1024_cuda_repeat00,5,neural_policy,output_average,social_optimizer_update,0.001039863913320005
toy2,neural_output_average,tensor_batched,tensor_batched,cuda,1024,5,1,0,0,5,toy2_gpu_core_neural_output_average_tensor_batched_1024_cuda_repeat00,5,neural_policy,output_average,social_loss_update,0.0012816230300813913
toy2,neural_output_average,tensor_batched,tensor_batched,cuda,1024,5,1,0,0,5,toy2_gpu_core_neural_output_average_tensor_batched_1024_cuda_repeat00,5,neural_policy,output_average,social_distillation,0.0020796379540115595
toy2,neural_output_average,tensor_batched,tensor_batched,cuda,1024,5,1,0,0,5,toy2_gpu_core_neural_output_average_tensor_batched_1024_cuda_repeat00,5,neural_policy,output_average,social_step,0.0021045749308541417
toy2,neural_output_average,tensor_batched,tensor_batched,cuda,1024,5,1,0,0,5,toy2_gpu_core_neural_output_average_tensor_batched_1024_cuda_repeat00,5,neural_policy,output_average,sample_actions,6.592948921024799e-06
toy2,neural_output_average,tensor_batched,tensor_batched,cuda,1024,5,1,0,0,5,toy2_gpu_core_neural_output_average_tensor_batched_1024_cuda_repeat00,5,neural_policy,output_average,commit_actions,1.046992838382721e-05
toy2,neural_output_average,tensor_batched,tensor_batched,cuda,1024,5,1,0,0,5,toy2_gpu_core_neural_output_average_tensor_batched_1024_cuda_repeat00,5,neural_policy,output_average,post_step_state_policy,1.5238998457789421e-05
toy2,neural_output_average,tensor_batched,tensor_batched,cuda,1024,5,1,0,0,5,toy2_gpu_core_neural_output_average_tensor_batched_1024_cuda_repeat00,5,neural_policy,output_average,update_payoff_ema,6.004399619996548e-05
toy2,neural_output_average,tensor_batched,tensor_batched,cuda,1024,5,1,0,0,5,toy2_gpu_core_neural_output_average_tensor_batched_1024_cuda_repeat00,5,neural_policy,output_average,update_reputation_ema,4.377297591418028e-05
toy2,neural_output_average,tensor_batched,tensor_batched,cuda,1024,5,1,0,0,5,toy2_gpu_core_neural_output_average_tensor_batched_1024_cuda_repeat00,5,neural_policy,output_average,mobility_swaps,0.0003964729839935899
toy2,neural_output_average,tensor_batched,tensor_batched,cuda,1024,5,1,0,0,5,toy2_gpu_core_neural_output_average_tensor_batched_1024_cuda_repeat00,5,neural_policy,output_average,finalize_hook_step,1.8805963918566704e-05
toy2,neural_output_average,tensor_batched,tensor_batched,cuda,1024,5,1,0,0,5,toy2_gpu_core_neural_output_average_tensor_batched_1024_cuda_repeat00,5,neural_policy,output_average,hooked_step_total,0.006134525989182293
toy2,neural_output_average,tensor_batched,tensor_batched,cuda,1024,5,1,0,0,5,toy2_gpu_core_neural_output_average_tensor_batched_1024_cuda_repeat00,5,neural_policy,output_average,aggregate_row,0.0011143760057166219
toy2,neural_output_average,tensor_batched,tensor_batched,cuda,1024,5,1,0,0,5,toy2_gpu_core_neural_output_average_tensor_batched_1024_cuda_repeat00,5,neural_policy,output_average,write_aggregate,3.503705374896526e-05
toy2,neural_output_average,tensor_batched,tensor_batched,cuda,1024,5,1,1,0,5,toy2_gpu_core_neural_output_average_tensor_batched_1024_cuda_repeat01,0,neural_policy,output_average,make_run_dir,0.00015111605171114206
toy2,neural_output_average,tensor_batched,tensor_batched,cuda,1024,5,1,1,0,5,toy2_gpu_core_neural_output_average_tensor_batched_1024_cuda_repeat01,0,neural_policy,output_average,write_metadata,0.0030619229655712843
toy2,neural_output_average,tensor_batched,tensor_batched,cuda,1024,5,1,1,0,5,toy2_gpu_core_neural_output_average_tensor_batched_1024_cuda_repeat01,0,neural_policy,output_average,initial_state,0.2184407040476799
toy2,neural_output_average,tensor_batched,tensor_batched,cuda,1024,5,1,1,0,5,toy2_gpu_core_neural_output_average_tensor_batched_1024_cuda_repeat01,0,neural_policy,output_average,writer_setup,0.0004668660694733262
toy2,neural_output_average,tensor_batched,tensor_batched,cuda,1024,5,1,1,0,5,toy2_gpu_core_neural_output_average_tensor_batched_1024_cuda_repeat01,0,neural_policy,output_average,initial_step_result,0.002415606053546071
toy2,neural_output_average,tensor_batched,tensor_batched,cuda,1024,5,1,1,0,5,toy2_gpu_core_neural_output_average_tensor_batched_1024_cuda_repeat01,0,neural_policy,output_average,initial_aggregate_row,0.0028939939802512527
toy2,neural_output_average,tensor_batched,tensor_batched,cuda,1024,5,1,1,0,5,toy2_gpu_core_neural_output_average_tensor_batched_1024_cuda_repeat01,0,neural_policy,output_average,write_initial_aggregate,6.820005364716053e-05
toy2,neural_output_average,tensor_batched,tensor_batched,cuda,1024,5,1,1,0,5,toy2_gpu_core_neural_output_average_tensor_batched_1024_cuda_repeat01,1,neural_policy,output_average,sample_revision_mask,4.090799484401941e-05
toy2,neural_output_average,tensor_batched,tensor_batched,cuda,1024,5,1,1,0,5,toy2_gpu_core_neural_output_average_tensor_batched_1024_cuda_repeat01,1,neural_policy,output_average,build_step_context,2.220296300947666e-05
toy2,neural_output_average,tensor_batched,tensor_batched,cuda,1024,5,1,1,0,5,toy2_gpu_core_neural_output_average_tensor_batched_1024_cuda_repeat01,1,neural_policy,output_average,neural_context_peers,1.3516051694750786e-05
toy2,neural_output_average,tensor_batched,tensor_batched,cuda,1024,5,1,1,0,5,toy2_gpu_core_neural_output_average_tensor_batched_1024_cuda_repeat01,1,neural_policy,output_average,build_observations,0.0003040969604626298
toy2,neural_output_average,tensor_batched,tensor_batched,cuda,1024,5,1,1,0,5,toy2_gpu_core_neural_output_average_tensor_batched_1024_cuda_repeat01,1,neural_policy,output_average,policy_readout,0.00034763000439852476
toy2,neural_output_average,tensor_batched,tensor_batched,cuda,1024,5,1,1,0,5,toy2_gpu_core_neural_output_average_tensor_batched_1024_cuda_repeat01,1,neural_policy,output_average,decision_selection,0.0006701619131490588
toy2,neural_output_average,tensor_batched,tensor_batched,cuda,1024,5,1,1,0,5,toy2_gpu_core_neural_output_average_tensor_batched_1024_cuda_repeat01,1,neural_policy,output_average,local_trainable_parameters,0.00012782192789018154
toy2,neural_output_average,tensor_batched,tensor_batched,cuda,1024,5,1,1,0,5,toy2_gpu_core_neural_output_average_tensor_batched_1024_cuda_repeat01,1,neural_policy,output_average,local_loss_forward,0.0007487710099667311
toy2,neural_output_average,tensor_batched,tensor_batched,cuda,1024,5,1,1,0,5,toy2_gpu_core_neural_output_average_tensor_batched_1024_cuda_repeat01,1,neural_policy,output_average,local_autograd_grad,0.0018796890508383512
toy2,neural_output_average,tensor_batched,tensor_batched,cuda,1024,5,1,1,0,5,toy2_gpu_core_neural_output_average_tensor_batched_1024_cuda_repeat01,1,neural_policy,output_average,local_adam_update,0.0039405409479513764
toy2,neural_output_average,tensor_batched,tensor_batched,cuda,1024,5,1,1,0,5,toy2_gpu_core_neural_output_average_tensor_batched_1024_cuda_repeat01,1,neural_policy,output_average,local_optimizer_update,0.006061697960831225
toy2,neural_output_average,tensor_batched,tensor_batched,cuda,1024,5,1,1,0,5,toy2_gpu_core_neural_output_average_tensor_batched_1024_cuda_repeat01,1,neural_policy,output_average,local_loss_update,0.006844575051218271
toy2,neural_output_average,tensor_batched,tensor_batched,cuda,1024,5,1,1,0,5,toy2_gpu_core_neural_output_average_tensor_batched_1024_cuda_repeat01,1,neural_policy,output_average,local_training,0.007668909966014326
toy2,neural_output_average,tensor_batched,tensor_batched,cuda,1024,5,1,1,0,5,toy2_gpu_core_neural_output_average_tensor_batched_1024_cuda_repeat01,1,neural_policy,output_average,cache_refresh,2.069899346679449e-05
toy2,neural_output_average,tensor_batched,tensor_batched,cuda,1024,5,1,1,0,5,toy2_gpu_core_neural_output_average_tensor_batched_1024_cuda_repeat01,1,neural_policy,output_average,post_local_readout,0.0006061509484425187
toy2,neural_output_average,tensor_batched,tensor_batched,cuda,1024,5,1,1,0,5,toy2_gpu_core_neural_output_average_tensor_batched_1024_cuda_repeat01,1,neural_policy,output_average,local_step,0.011701265000738204
toy2,neural_output_average,tensor_batched,tensor_batched,cuda,1024,5,1,1,0,5,toy2_gpu_core_neural_output_average_tensor_batched_1024_cuda_repeat01,1,neural_policy,output_average,select_peers,1.3376004062592983e-05
toy2,neural_output_average,tensor_batched,tensor_batched,cuda,1024,5,1,1,0,5,toy2_gpu_core_neural_output_average_tensor_batched_1024_cuda_repeat01,1,neural_policy,output_average,social_mix,0.0007060910575091839
toy2,neural_output_average,tensor_batched,tensor_batched,cuda,1024,5,1,1,0,5,toy2_gpu_core_neural_output_average_tensor_batched_1024_cuda_repeat01,1,neural_policy,output_average,social_trainable_parameters,6.84000551700592e-05
toy2,neural_output_average,tensor_batched,tensor_batched,cuda,1024,5,1,1,0,5,toy2_gpu_core_neural_output_average_tensor_batched_1024_cuda_repeat01,1,neural_policy,output_average,social_loss_forward,0.00033990503288805485
toy2,neural_output_average,tensor_batched,tensor_batched,cuda,1024,5,1,1,0,5,toy2_gpu_core_neural_output_average_tensor_batched_1024_cuda_repeat01,1,neural_policy,output_average,social_autograd_grad,0.0006121119949966669
toy2,neural_output_average,tensor_batched,tensor_batched,cuda,1024,5,1,1,0,5,toy2_gpu_core_neural_output_average_tensor_batched_1024_cuda_repeat01,1,neural_policy,output_average,social_adam_update,0.0007242539431899786
toy2,neural_output_average,tensor_batched,tensor_batched,cuda,1024,5,1,1,0,5,toy2_gpu_core_neural_output_average_tensor_batched_1024_cuda_repeat01,1,neural_policy,output_average,social_optimizer_update,0.0014535000082105398
toy2,neural_output_average,tensor_batched,tensor_batched,cuda,1024,5,1,1,0,5,toy2_gpu_core_neural_output_average_tensor_batched_1024_cuda_repeat01,1,neural_policy,output_average,social_loss_update,0.0018272890010848641
toy2,neural_output_average,tensor_batched,tensor_batched,cuda,1024,5,1,1,0,5,toy2_gpu_core_neural_output_average_tensor_batched_1024_cuda_repeat01,1,neural_policy,output_average,social_distillation,0.0031123890075832605
toy2,neural_output_average,tensor_batched,tensor_batched,cuda,1024,5,1,1,0,5,toy2_gpu_core_neural_output_average_tensor_batched_1024_cuda_repeat01,1,neural_policy,output_average,social_step,0.003149259020574391
toy2,neural_output_average,tensor_batched,tensor_batched,cuda,1024,5,1,1,0,5,toy2_gpu_core_neural_output_average_tensor_batched_1024_cuda_repeat01,1,neural_policy,output_average,sample_actions,7.754075340926647e-06
toy2,neural_output_average,tensor_batched,tensor_batched,cuda,1024,5,1,1,0,5,toy2_gpu_core_neural_output_average_tensor_batched_1024_cuda_repeat01,1,neural_policy,output_average,commit_actions,1.3525946997106075e-05
toy2,neural_output_average,tensor_batched,tensor_batched,cuda,1024,5,1,1,0,5,toy2_gpu_core_neural_output_average_tensor_batched_1024_cuda_repeat01,1,neural_policy,output_average,post_step_state_policy,3.893394023180008e-05
toy2,neural_output_average,tensor_batched,tensor_batched,cuda,1024,5,1,1,0,5,toy2_gpu_core_neural_output_average_tensor_batched_1024_cuda_repeat01,1,neural_policy,output_average,update_payoff_ema,9.063200559467077e-05
toy2,neural_output_average,tensor_batched,tensor_batched,cuda,1024,5,1,1,0,5,toy2_gpu_core_neural_output_average_tensor_batched_1024_cuda_repeat01,1,neural_policy,output_average,update_reputation_ema,0.0011695300927385688
toy2,neural_output_average,tensor_batched,tensor_batched,cuda,1024,5,1,1,0,5,toy2_gpu_core_neural_output_average_tensor_batched_1024_cuda_repeat01,1,neural_policy,output_average,mobility_swaps,0.0009652819717302918
toy2,neural_output_average,tensor_batched,tensor_batched,cuda,1024,5,1,1,0,5,toy2_gpu_core_neural_output_average_tensor_batched_1024_cuda_repeat01,1,neural_policy,output_average,finalize_hook_step,2.40750377997756e-05
toy2,neural_output_average,tensor_batched,tensor_batched,cuda,1024,5,1,1,0,5,toy2_gpu_core_neural_output_average_tensor_batched_1024_cuda_repeat01,1,neural_policy,output_average,hooked_step_total,0.01998863893095404
toy2,neural_output_average,tensor_batched,tensor_batched,cuda,1024,5,1,1,0,5,toy2_gpu_core_neural_output_average_tensor_batched_1024_cuda_repeat01,1,neural_policy,output_average,aggregate_row,0.004153857007622719
toy2,neural_output_average,tensor_batched,tensor_batched,cuda,1024,5,1,1,0,5,toy2_gpu_core_neural_output_average_tensor_batched_1024_cuda_repeat01,1,neural_policy,output_average,write_aggregate,0.00011248304508626461
toy2,neural_output_average,tensor_batched,tensor_batched,cuda,1024,5,1,1,0,5,toy2_gpu_core_neural_output_average_tensor_batched_1024_cuda_repeat01,2,neural_policy,output_average,sample_revision_mask,3.4254975616931915e-05
toy2,neural_output_average,tensor_batched,tensor_batched,cuda,1024,5,1,1,0,5,toy2_gpu_core_neural_output_average_tensor_batched_1024_cuda_repeat01,2,neural_policy,output_average,build_step_context,3.708002623170614e-05
toy2,neural_output_average,tensor_batched,tensor_batched,cuda,1024,5,1,1,0,5,toy2_gpu_core_neural_output_average_tensor_batched_1024_cuda_repeat01,2,neural_policy,output_average,neural_context_peers,1.630093902349472e-05
toy2,neural_output_average,tensor_batched,tensor_batched,cuda,1024,5,1,1,0,5,toy2_gpu_core_neural_output_average_tensor_batched_1024_cuda_repeat01,2,neural_policy,output_average,build_observations,0.00047860899940133095
toy2,neural_output_average,tensor_batched,tensor_batched,cuda,1024,5,1,1,0,5,toy2_gpu_core_neural_output_average_tensor_batched_1024_cuda_repeat01,2,neural_policy,output_average,policy_readout,0.0003313989145681262
toy2,neural_output_average,tensor_batched,tensor_batched,cuda,1024,5,1,1,0,5,toy2_gpu_core_neural_output_average_tensor_batched_1024_cuda_repeat01,2,neural_policy,output_average,decision_selection,0.0011711830738931894
toy2,neural_output_average,tensor_batched,tensor_batched,cuda,1024,5,1,1,0,5,toy2_gpu_core_neural_output_average_tensor_batched_1024_cuda_repeat01,2,neural_policy,output_average,local_trainable_parameters,0.0001294650137424469
toy2,neural_output_average,tensor_batched,tensor_batched,cuda,1024,5,1,1,0,5,toy2_gpu_core_neural_output_average_tensor_batched_1024_cuda_repeat01,2,neural_policy,output_average,local_loss_forward,0.0008512460626661777
toy2,neural_output_average,tensor_batched,tensor_batched,cuda,1024,5,1,1,0,5,toy2_gpu_core_neural_output_average_tensor_batched_1024_cuda_repeat01,2,neural_policy,output_average,local_autograd_grad,0.0016183130210265517
toy2,neural_output_average,tensor_batched,tensor_batched,cuda,1024,5,1,1,0,5,toy2_gpu_core_neural_output_average_tensor_batched_1024_cuda_repeat01,2,neural_policy,output_average,local_adam_update,0.0010172920301556587
toy2,neural_output_average,tensor_batched,tensor_batched,cuda,1024,5,1,1,0,5,toy2_gpu_core_neural_output_average_tensor_batched_1024_cuda_repeat01,2,neural_policy,output_average,local_optimizer_update,0.0028357140254229307
toy2,neural_output_average,tensor_batched,tensor_batched,cuda,1024,5,1,1,0,5,toy2_gpu_core_neural_output_average_tensor_batched_1024_cuda_repeat01,2,neural_policy,output_average,local_loss_update,0.0037392190424725413
toy2,neural_output_average,tensor_batched,tensor_batched,cuda,1024,5,1,1,0,5,toy2_gpu_core_neural_output_average_tensor_batched_1024_cuda_repeat01,2,neural_policy,output_average,local_training,0.004754487075842917
toy2,neural_output_average,tensor_batched,tensor_batched,cuda,1024,5,1,1,0,5,toy2_gpu_core_neural_output_average_tensor_batched_1024_cuda_repeat01,2,neural_policy,output_average,cache_refresh,1.1110911145806313e-05
toy2,neural_output_average,tensor_batched,tensor_batched,cuda,1024,5,1,1,0,5,toy2_gpu_core_neural_output_average_tensor_batched_1024_cuda_repeat01,2,neural_policy,output_average,post_local_readout,0.0003299869131296873
toy2,neural_output_average,tensor_batched,tensor_batched,cuda,1024,5,1,1,0,5,toy2_gpu_core_neural_output_average_tensor_batched_1024_cuda_repeat01,2,neural_policy,output_average,local_step,0.009327457984909415
toy2,neural_output_average,tensor_batched,tensor_batched,cuda,1024,5,1,1,0,5,toy2_gpu_core_neural_output_average_tensor_batched_1024_cuda_repeat01,2,neural_policy,output_average,select_peers,1.3294978998601437e-05
toy2,neural_output_average,tensor_batched,tensor_batched,cuda,1024,5,1,1,0,5,toy2_gpu_core_neural_output_average_tensor_batched_1024_cuda_repeat01,2,neural_policy,output_average,social_mix,0.0005773160373792052
toy2,neural_output_average,tensor_batched,tensor_batched,cuda,1024,5,1,1,0,5,toy2_gpu_core_neural_output_average_tensor_batched_1024_cuda_repeat01,2,neural_policy,output_average,social_trainable_parameters,5.932303611189127e-05
toy2,neural_output_average,tensor_batched,tensor_batched,cuda,1024,5,1,1,0,5,toy2_gpu_core_neural_output_average_tensor_batched_1024_cuda_repeat01,2,neural_policy,output_average,social_loss_forward,0.00029136298689991236
toy2,neural_output_average,tensor_batched,tensor_batched,cuda,1024,5,1,1,0,5,toy2_gpu_core_neural_output_average_tensor_batched_1024_cuda_repeat01,2,neural_policy,output_average,social_autograd_grad,0.000396974035538733
toy2,neural_output_average,tensor_batched,tensor_batched,cuda,1024,5,1,1,0,5,toy2_gpu_core_neural_output_average_tensor_batched_1024_cuda_repeat01,2,neural_policy,output_average,social_adam_update,0.0005622169701382518
toy2,neural_output_average,tensor_batched,tensor_batched,cuda,1024,5,1,1,0,5,toy2_gpu_core_neural_output_average_tensor_batched_1024_cuda_repeat01,2,neural_policy,output_average,social_optimizer_update,0.0010509960120543838
toy2,neural_output_average,tensor_batched,tensor_batched,cuda,1024,5,1,1,0,5,toy2_gpu_core_neural_output_average_tensor_batched_1024_cuda_repeat01,2,neural_policy,output_average,social_loss_update,0.0013745100004598498
toy2,neural_output_average,tensor_batched,tensor_batched,cuda,1024,5,1,1,0,5,toy2_gpu_core_neural_output_average_tensor_batched_1024_cuda_repeat01,2,neural_policy,output_average,social_distillation,0.0024474269011989236
toy2,neural_output_average,tensor_batched,tensor_batched,cuda,1024,5,1,1,0,5,toy2_gpu_core_neural_output_average_tensor_batched_1024_cuda_repeat01,2,neural_policy,output_average,social_step,0.0024808800080791116
toy2,neural_output_average,tensor_batched,tensor_batched,cuda,1024,5,1,1,0,5,toy2_gpu_core_neural_output_average_tensor_batched_1024_cuda_repeat01,2,neural_policy,output_average,sample_actions,7.223919965326786e-06
toy2,neural_output_average,tensor_batched,tensor_batched,cuda,1024,5,1,1,0,5,toy2_gpu_core_neural_output_average_tensor_batched_1024_cuda_repeat01,2,neural_policy,output_average,commit_actions,1.4316989108920097e-05
toy2,neural_output_average,tensor_batched,tensor_batched,cuda,1024,5,1,1,0,5,toy2_gpu_core_neural_output_average_tensor_batched_1024_cuda_repeat01,2,neural_policy,output_average,post_step_state_policy,4.296202678233385e-05
toy2,neural_output_average,tensor_batched,tensor_batched,cuda,1024,5,1,1,0,5,toy2_gpu_core_neural_output_average_tensor_batched_1024_cuda_repeat01,2,neural_policy,output_average,update_payoff_ema,5.3992029279470444e-05
toy2,neural_output_average,tensor_batched,tensor_batched,cuda,1024,5,1,1,0,5,toy2_gpu_core_neural_output_average_tensor_batched_1024_cuda_repeat01,2,neural_policy,output_average,update_reputation_ema,5.016499198973179e-05
toy2,neural_output_average,tensor_batched,tensor_batched,cuda,1024,5,1,1,0,5,toy2_gpu_core_neural_output_average_tensor_batched_1024_cuda_repeat01,2,neural_policy,output_average,mobility_swaps,0.0004890889395028353
toy2,neural_output_average,tensor_batched,tensor_batched,cuda,1024,5,1,1,0,5,toy2_gpu_core_neural_output_average_tensor_batched_1024_cuda_repeat01,2,neural_policy,output_average,finalize_hook_step,2.3765023797750473e-05
toy2,neural_output_average,tensor_batched,tensor_batched,cuda,1024,5,1,1,0,5,toy2_gpu_core_neural_output_average_tensor_batched_1024_cuda_repeat01,2,neural_policy,output_average,hooked_step_total,0.01349936902988702
toy2,neural_output_average,tensor_batched,tensor_batched,cuda,1024,5,1,1,0,5,toy2_gpu_core_neural_output_average_tensor_batched_1024_cuda_repeat01,2,neural_policy,output_average,aggregate_row,0.0021662020590156317
toy2,neural_output_average,tensor_batched,tensor_batched,cuda,1024,5,1,1,0,5,toy2_gpu_core_neural_output_average_tensor_batched_1024_cuda_repeat01,2,neural_policy,output_average,write_aggregate,5.0336006097495556e-05
toy2,neural_output_average,tensor_batched,tensor_batched,cuda,1024,5,1,1,0,5,toy2_gpu_core_neural_output_average_tensor_batched_1024_cuda_repeat01,3,neural_policy,output_average,sample_revision_mask,2.0729959942400455e-05
toy2,neural_output_average,tensor_batched,tensor_batched,cuda,1024,5,1,1,0,5,toy2_gpu_core_neural_output_average_tensor_batched_1024_cuda_repeat01,3,neural_policy,output_average,build_step_context,1.5890109352767467e-05
toy2,neural_output_average,tensor_batched,tensor_batched,cuda,1024,5,1,1,0,5,toy2_gpu_core_neural_output_average_tensor_batched_1024_cuda_repeat01,3,neural_policy,output_average,neural_context_peers,8.986913599073887e-06
toy2,neural_output_average,tensor_batched,tensor_batched,cuda,1024,5,1,1,0,5,toy2_gpu_core_neural_output_average_tensor_batched_1024_cuda_repeat01,3,neural_policy,output_average,build_observations,0.00023405393585562706
toy2,neural_output_average,tensor_batched,tensor_batched,cuda,1024,5,1,1,0,5,toy2_gpu_core_neural_output_average_tensor_batched_1024_cuda_repeat01,3,neural_policy,output_average,policy_readout,0.00023031700402498245
toy2,neural_output_average,tensor_batched,tensor_batched,cuda,1024,5,1,1,0,5,toy2_gpu_core_neural_output_average_tensor_batched_1024_cuda_repeat01,3,neural_policy,output_average,decision_selection,0.00030882703140378
toy2,neural_output_average,tensor_batched,tensor_batched,cuda,1024,5,1,1,0,5,toy2_gpu_core_neural_output_average_tensor_batched_1024_cuda_repeat01,3,neural_policy,output_average,local_trainable_parameters,6.710703019052744e-05
toy2,neural_output_average,tensor_batched,tensor_batched,cuda,1024,5,1,1,0,5,toy2_gpu_core_neural_output_average_tensor_batched_1024_cuda_repeat01,3,neural_policy,output_average,local_loss_forward,0.0004002900095656514
toy2,neural_output_average,tensor_batched,tensor_batched,cuda,1024,5,1,1,0,5,toy2_gpu_core_neural_output_average_tensor_batched_1024_cuda_repeat01,3,neural_policy,output_average,local_autograd_grad,0.0006035460392013192
toy2,neural_output_average,tensor_batched,tensor_batched,cuda,1024,5,1,1,0,5,toy2_gpu_core_neural_output_average_tensor_batched_1024_cuda_repeat01,3,neural_policy,output_average,local_adam_update,0.0006041070446372032
toy2,neural_output_average,tensor_batched,tensor_batched,cuda,1024,5,1,1,0,5,toy2_gpu_core_neural_output_average_tensor_batched_1024_cuda_repeat01,3,neural_policy,output_average,local_optimizer_update,0.0013042959617450833
toy2,neural_output_average,tensor_batched,tensor_batched,cuda,1024,5,1,1,0,5,toy2_gpu_core_neural_output_average_tensor_batched_1024_cuda_repeat01,3,neural_policy,output_average,local_loss_update,0.0017382199876010418
toy2,neural_output_average,tensor_batched,tensor_batched,cuda,1024,5,1,1,0,5,toy2_gpu_core_neural_output_average_tensor_batched_1024_cuda_repeat01,3,neural_policy,output_average,local_training,0.0021439699921756983
toy2,neural_output_average,tensor_batched,tensor_batched,cuda,1024,5,1,1,0,5,toy2_gpu_core_neural_output_average_tensor_batched_1024_cuda_repeat01,3,neural_policy,output_average,cache_refresh,7.985974662005901e-06
toy2,neural_output_average,tensor_batched,tensor_batched,cuda,1024,5,1,1,0,5,toy2_gpu_core_neural_output_average_tensor_batched_1024_cuda_repeat01,3,neural_policy,output_average,post_local_readout,0.00020995899103581905
toy2,neural_output_average,tensor_batched,tensor_batched,cuda,1024,5,1,1,0,5,toy2_gpu_core_neural_output_average_tensor_batched_1024_cuda_repeat01,3,neural_policy,output_average,local_step,0.0037729430478066206
toy2,neural_output_average,tensor_batched,tensor_batched,cuda,1024,5,1,1,0,5,toy2_gpu_core_neural_output_average_tensor_batched_1024_cuda_repeat01,3,neural_policy,output_average,select_peers,1.1531985364854336e-05
toy2,neural_output_average,tensor_batched,tensor_batched,cuda,1024,5,1,1,0,5,toy2_gpu_core_neural_output_average_tensor_batched_1024_cuda_repeat01,3,neural_policy,output_average,social_mix,0.0005608639912679791
toy2,neural_output_average,tensor_batched,tensor_batched,cuda,1024,5,1,1,0,5,toy2_gpu_core_neural_output_average_tensor_batched_1024_cuda_repeat01,3,neural_policy,output_average,social_trainable_parameters,6.99119409546256e-05
toy2,neural_output_average,tensor_batched,tensor_batched,cuda,1024,5,1,1,0,5,toy2_gpu_core_neural_output_average_tensor_batched_1024_cuda_repeat01,3,neural_policy,output_average,social_loss_forward,0.00038290699012577534
toy2,neural_output_average,tensor_batched,tensor_batched,cuda,1024,5,1,1,0,5,toy2_gpu_core_neural_output_average_tensor_batched_1024_cuda_repeat01,3,neural_policy,output_average,social_autograd_grad,0.0005775269819423556
toy2,neural_output_average,tensor_batched,tensor_batched,cuda,1024,5,1,1,0,5,toy2_gpu_core_neural_output_average_tensor_batched_1024_cuda_repeat01,3,neural_policy,output_average,social_adam_update,0.0007071030559018254
toy2,neural_output_average,tensor_batched,tensor_batched,cuda,1024,5,1,1,0,5,toy2_gpu_core_neural_output_average_tensor_batched_1024_cuda_repeat01,3,neural_policy,output_average,social_optimizer_update,0.0015173800056800246
toy2,neural_output_average,tensor_batched,tensor_batched,cuda,1024,5,1,1,0,5,toy2_gpu_core_neural_output_average_tensor_batched_1024_cuda_repeat01,3,neural_policy,output_average,social_loss_update,0.0019361450104042888
toy2,neural_output_average,tensor_batched,tensor_batched,cuda,1024,5,1,1,0,5,toy2_gpu_core_neural_output_average_tensor_batched_1024_cuda_repeat01,3,neural_policy,output_average,social_distillation,0.003119543078355491
toy2,neural_output_average,tensor_batched,tensor_batched,cuda,1024,5,1,1,0,5,toy2_gpu_core_neural_output_average_tensor_batched_1024_cuda_repeat01,3,neural_policy,output_average,social_step,0.0031493789283558726
toy2,neural_output_average,tensor_batched,tensor_batched,cuda,1024,5,1,1,0,5,toy2_gpu_core_neural_output_average_tensor_batched_1024_cuda_repeat01,3,neural_policy,output_average,sample_actions,6.863032467663288e-06
toy2,neural_output_average,tensor_batched,tensor_batched,cuda,1024,5,1,1,0,5,toy2_gpu_core_neural_output_average_tensor_batched_1024_cuda_repeat01,3,neural_policy,output_average,commit_actions,1.3255048543214798e-05
toy2,neural_output_average,tensor_batched,tensor_batched,cuda,1024,5,1,1,0,5,toy2_gpu_core_neural_output_average_tensor_batched_1024_cuda_repeat01,3,neural_policy,output_average,post_step_state_policy,4.913308657705784e-05
toy2,neural_output_average,tensor_batched,tensor_batched,cuda,1024,5,1,1,0,5,toy2_gpu_core_neural_output_average_tensor_batched_1024_cuda_repeat01,3,neural_policy,output_average,update_payoff_ema,5.797005724161863e-05
toy2,neural_output_average,tensor_batched,tensor_batched,cuda,1024,5,1,1,0,5,toy2_gpu_core_neural_output_average_tensor_batched_1024_cuda_repeat01,3,neural_policy,output_average,update_reputation_ema,6.232899613678455e-05
toy2,neural_output_average,tensor_batched,tensor_batched,cuda,1024,5,1,1,0,5,toy2_gpu_core_neural_output_average_tensor_batched_1024_cuda_repeat01,3,neural_policy,output_average,mobility_swaps,0.0010757530108094215
toy2,neural_output_average,tensor_batched,tensor_batched,cuda,1024,5,1,1,0,5,toy2_gpu_core_neural_output_average_tensor_batched_1024_cuda_repeat01,3,neural_policy,output_average,finalize_hook_step,2.6040012016892433e-05
toy2,neural_output_average,tensor_batched,tensor_batched,cuda,1024,5,1,1,0,5,toy2_gpu_core_neural_output_average_tensor_batched_1024_cuda_repeat01,3,neural_policy,output_average,hooked_step_total,0.009086610982194543
toy2,neural_output_average,tensor_batched,tensor_batched,cuda,1024,5,1,1,0,5,toy2_gpu_core_neural_output_average_tensor_batched_1024_cuda_repeat01,3,neural_policy,output_average,aggregate_row,0.002660380909219384
toy2,neural_output_average,tensor_batched,tensor_batched,cuda,1024,5,1,1,0,5,toy2_gpu_core_neural_output_average_tensor_batched_1024_cuda_repeat01,3,neural_policy,output_average,write_aggregate,4.528602585196495e-05
toy2,neural_output_average,tensor_batched,tensor_batched,cuda,1024,5,1,1,0,5,toy2_gpu_core_neural_output_average_tensor_batched_1024_cuda_repeat01,4,neural_policy,output_average,sample_revision_mask,1.9847066141664982e-05
toy2,neural_output_average,tensor_batched,tensor_batched,cuda,1024,5,1,1,0,5,toy2_gpu_core_neural_output_average_tensor_batched_1024_cuda_repeat01,4,neural_policy,output_average,build_step_context,1.2082979083061218e-05
toy2,neural_output_average,tensor_batched,tensor_batched,cuda,1024,5,1,1,0,5,toy2_gpu_core_neural_output_average_tensor_batched_1024_cuda_repeat01,4,neural_policy,output_average,neural_context_peers,9.92906279861927e-06
toy2,neural_output_average,tensor_batched,tensor_batched,cuda,1024,5,1,1,0,5,toy2_gpu_core_neural_output_average_tensor_batched_1024_cuda_repeat01,4,neural_policy,output_average,build_observations,0.00020905607379972935
toy2,neural_output_average,tensor_batched,tensor_batched,cuda,1024,5,1,1,0,5,toy2_gpu_core_neural_output_average_tensor_batched_1024_cuda_repeat01,4,neural_policy,output_average,policy_readout,0.0002327919937670231
toy2,neural_output_average,tensor_batched,tensor_batched,cuda,1024,5,1,1,0,5,toy2_gpu_core_neural_output_average_tensor_batched_1024_cuda_repeat01,4,neural_policy,output_average,decision_selection,0.00021073000971227884
toy2,neural_output_average,tensor_batched,tensor_batched,cuda,1024,5,1,1,0,5,toy2_gpu_core_neural_output_average_tensor_batched_1024_cuda_repeat01,4,neural_policy,output_average,local_trainable_parameters,5.633709952235222e-05
toy2,neural_output_average,tensor_batched,tensor_batched,cuda,1024,5,1,1,0,5,toy2_gpu_core_neural_output_average_tensor_batched_1024_cuda_repeat01,4,neural_policy,output_average,local_loss_forward,0.000315088895149529
toy2,neural_output_average,tensor_batched,tensor_batched,cuda,1024,5,1,1,0,5,toy2_gpu_core_neural_output_average_tensor_batched_1024_cuda_repeat01,4,neural_policy,output_average,local_autograd_grad,0.000515118008479476
toy2,neural_output_average,tensor_batched,tensor_batched,cuda,1024,5,1,1,0,5,toy2_gpu_core_neural_output_average_tensor_batched_1024_cuda_repeat01,4,neural_policy,output_average,local_adam_update,0.0005057509988546371
toy2,neural_output_average,tensor_batched,tensor_batched,cuda,1024,5,1,1,0,5,toy2_gpu_core_neural_output_average_tensor_batched_1024_cuda_repeat01,4,neural_policy,output_average,local_optimizer_update,0.0010934759629890323
toy2,neural_output_average,tensor_batched,tensor_batched,cuda,1024,5,1,1,0,5,toy2_gpu_core_neural_output_average_tensor_batched_1024_cuda_repeat01,4,neural_policy,output_average,local_loss_update,0.0014367279363796115
toy2,neural_output_average,tensor_batched,tensor_batched,cuda,1024,5,1,1,0,5,toy2_gpu_core_neural_output_average_tensor_batched_1024_cuda_repeat01,4,neural_policy,output_average,local_training,0.0017599710263311863
toy2,neural_output_average,tensor_batched,tensor_batched,cuda,1024,5,1,1,0,5,toy2_gpu_core_neural_output_average_tensor_batched_1024_cuda_repeat01,4,neural_policy,output_average,cache_refresh,6.974092684686184e-06
toy2,neural_output_average,tensor_batched,tensor_batched,cuda,1024,5,1,1,0,5,toy2_gpu_core_neural_output_average_tensor_batched_1024_cuda_repeat01,4,neural_policy,output_average,post_local_readout,0.00017266790382564068
toy2,neural_output_average,tensor_batched,tensor_batched,cuda,1024,5,1,1,0,5,toy2_gpu_core_neural_output_average_tensor_batched_1024_cuda_repeat01,4,neural_policy,output_average,local_step,0.0031028699595481157
toy2,neural_output_average,tensor_batched,tensor_batched,cuda,1024,5,1,1,0,5,toy2_gpu_core_neural_output_average_tensor_batched_1024_cuda_repeat01,4,neural_policy,output_average,select_peers,1.1982978321611881e-05
toy2,neural_output_average,tensor_batched,tensor_batched,cuda,1024,5,1,1,0,5,toy2_gpu_core_neural_output_average_tensor_batched_1024_cuda_repeat01,4,neural_policy,output_average,social_mix,0.0004548829747363925
toy2,neural_output_average,tensor_batched,tensor_batched,cuda,1024,5,1,1,0,5,toy2_gpu_core_neural_output_average_tensor_batched_1024_cuda_repeat01,4,neural_policy,output_average,social_trainable_parameters,5.3712050430476665e-05
toy2,neural_output_average,tensor_batched,tensor_batched,cuda,1024,5,1,1,0,5,toy2_gpu_core_neural_output_average_tensor_batched_1024_cuda_repeat01,4,neural_policy,output_average,social_loss_forward,0.00022797298151999712
toy2,neural_output_average,tensor_batched,tensor_batched,cuda,1024,5,1,1,0,5,toy2_gpu_core_neural_output_average_tensor_batched_1024_cuda_repeat01,4,neural_policy,output_average,social_autograd_grad,0.00046523299533873796
toy2,neural_output_average,tensor_batched,tensor_batched,cuda,1024,5,1,1,0,5,toy2_gpu_core_neural_output_average_tensor_batched_1024_cuda_repeat01,4,neural_policy,output_average,social_adam_update,0.0005136759718880057
toy2,neural_output_average,tensor_batched,tensor_batched,cuda,1024,5,1,1,0,5,toy2_gpu_core_neural_output_average_tensor_batched_1024_cuda_repeat01,4,neural_policy,output_average,social_optimizer_update,0.0010491020511835814
toy2,neural_output_average,tensor_batched,tensor_batched,cuda,1024,5,1,1,0,5,toy2_gpu_core_neural_output_average_tensor_batched_1024_cuda_repeat01,4,neural_policy,output_average,social_loss_update,0.0013042460195720196
toy2,neural_output_average,tensor_batched,tensor_batched,cuda,1024,5,1,1,0,5,toy2_gpu_core_neural_output_average_tensor_batched_1024_cuda_repeat01,4,neural_policy,output_average,social_distillation,0.002171412925235927
toy2,neural_output_average,tensor_batched,tensor_batched,cuda,1024,5,1,1,0,5,toy2_gpu_core_neural_output_average_tensor_batched_1024_cuda_repeat01,4,neural_policy,output_average,social_step,0.002196901012212038
toy2,neural_output_average,tensor_batched,tensor_batched,cuda,1024,5,1,1,0,5,toy2_gpu_core_neural_output_average_tensor_batched_1024_cuda_repeat01,4,neural_policy,output_average,sample_actions,6.403075531125069e-06
toy2,neural_output_average,tensor_batched,tensor_batched,cuda,1024,5,1,1,0,5,toy2_gpu_core_neural_output_average_tensor_batched_1024_cuda_repeat01,4,neural_policy,output_average,commit_actions,1.1501950211822987e-05
toy2,neural_output_average,tensor_batched,tensor_batched,cuda,1024,5,1,1,0,5,toy2_gpu_core_neural_output_average_tensor_batched_1024_cuda_repeat01,4,neural_policy,output_average,post_step_state_policy,2.6580062694847584e-05
toy2,neural_output_average,tensor_batched,tensor_batched,cuda,1024,5,1,1,0,5,toy2_gpu_core_neural_output_average_tensor_batched_1024_cuda_repeat01,4,neural_policy,output_average,update_payoff_ema,5.0175003707408905e-05
toy2,neural_output_average,tensor_batched,tensor_batched,cuda,1024,5,1,1,0,5,toy2_gpu_core_neural_output_average_tensor_batched_1024_cuda_repeat01,4,neural_policy,output_average,update_reputation_ema,4.0937913581728935e-05
toy2,neural_output_average,tensor_batched,tensor_batched,cuda,1024,5,1,1,0,5,toy2_gpu_core_neural_output_average_tensor_batched_1024_cuda_repeat01,4,neural_policy,output_average,mobility_swaps,0.00037967099342495203
toy2,neural_output_average,tensor_batched,tensor_batched,cuda,1024,5,1,1,0,5,toy2_gpu_core_neural_output_average_tensor_batched_1024_cuda_repeat01,4,neural_policy,output_average,finalize_hook_step,1.9417027942836285e-05
toy2,neural_output_average,tensor_batched,tensor_batched,cuda,1024,5,1,1,0,5,toy2_gpu_core_neural_output_average_tensor_batched_1024_cuda_repeat01,4,neural_policy,output_average,hooked_step_total,0.006461337092332542
toy2,neural_output_average,tensor_batched,tensor_batched,cuda,1024,5,1,1,0,5,toy2_gpu_core_neural_output_average_tensor_batched_1024_cuda_repeat01,4,neural_policy,output_average,aggregate_row,0.0013426990481093526
toy2,neural_output_average,tensor_batched,tensor_batched,cuda,1024,5,1,1,0,5,toy2_gpu_core_neural_output_average_tensor_batched_1024_cuda_repeat01,4,neural_policy,output_average,write_aggregate,4.2260042391717434e-05
toy2,neural_output_average,tensor_batched,tensor_batched,cuda,1024,5,1,1,0,5,toy2_gpu_core_neural_output_average_tensor_batched_1024_cuda_repeat01,5,neural_policy,output_average,sample_revision_mask,1.7873942852020264e-05
toy2,neural_output_average,tensor_batched,tensor_batched,cuda,1024,5,1,1,0,5,toy2_gpu_core_neural_output_average_tensor_batched_1024_cuda_repeat01,5,neural_policy,output_average,build_step_context,1.1862954124808311e-05
toy2,neural_output_average,tensor_batched,tensor_batched,cuda,1024,5,1,1,0,5,toy2_gpu_core_neural_output_average_tensor_batched_1024_cuda_repeat01,5,neural_policy,output_average,neural_context_peers,8.456059731543064e-06
toy2,neural_output_average,tensor_batched,tensor_batched,cuda,1024,5,1,1,0,5,toy2_gpu_core_neural_output_average_tensor_batched_1024_cuda_repeat01,5,neural_policy,output_average,build_observations,0.00017145497258752584
toy2,neural_output_average,tensor_batched,tensor_batched,cuda,1024,5,1,1,0,5,toy2_gpu_core_neural_output_average_tensor_batched_1024_cuda_repeat01,5,neural_policy,output_average,policy_readout,0.0001793400151655078
toy2,neural_output_average,tensor_batched,tensor_batched,cuda,1024,5,1,1,0,5,toy2_gpu_core_neural_output_average_tensor_batched_1024_cuda_repeat01,5,neural_policy,output_average,decision_selection,0.00017610401846468449
toy2,neural_output_average,tensor_batched,tensor_batched,cuda,1024,5,1,1,0,5,toy2_gpu_core_neural_output_average_tensor_batched_1024_cuda_repeat01,5,neural_policy,output_average,local_trainable_parameters,7.109506987035275e-05
toy2,neural_output_average,tensor_batched,tensor_batched,cuda,1024,5,1,1,0,5,toy2_gpu_core_neural_output_average_tensor_batched_1024_cuda_repeat01,5,neural_policy,output_average,local_loss_forward,0.0003495340934023261
toy2,neural_output_average,tensor_batched,tensor_batched,cuda,1024,5,1,1,0,5,toy2_gpu_core_neural_output_average_tensor_batched_1024_cuda_repeat01,5,neural_policy,output_average,local_autograd_grad,0.0004996689967811108
toy2,neural_output_average,tensor_batched,tensor_batched,cuda,1024,5,1,1,0,5,toy2_gpu_core_neural_output_average_tensor_batched_1024_cuda_repeat01,5,neural_policy,output_average,local_adam_update,0.0005626679630950093
toy2,neural_output_average,tensor_batched,tensor_batched,cuda,1024,5,1,1,0,5,toy2_gpu_core_neural_output_average_tensor_batched_1024_cuda_repeat01,5,neural_policy,output_average,local_optimizer_update,0.0011441429378464818
toy2,neural_output_average,tensor_batched,tensor_batched,cuda,1024,5,1,1,0,5,toy2_gpu_core_neural_output_average_tensor_batched_1024_cuda_repeat01,5,neural_policy,output_average,local_loss_update,0.001524214050732553
toy2,neural_output_average,tensor_batched,tensor_batched,cuda,1024,5,1,1,0,5,toy2_gpu_core_neural_output_average_tensor_batched_1024_cuda_repeat01,5,neural_policy,output_average,local_training,0.0018923619063571095
toy2,neural_output_average,tensor_batched,tensor_batched,cuda,1024,5,1,1,0,5,toy2_gpu_core_neural_output_average_tensor_batched_1024_cuda_repeat01,5,neural_policy,output_average,cache_refresh,7.193884812295437e-06
toy2,neural_output_average,tensor_batched,tensor_batched,cuda,1024,5,1,1,0,5,toy2_gpu_core_neural_output_average_tensor_batched_1024_cuda_repeat01,5,neural_policy,output_average,post_local_readout,0.00020372692961245775
toy2,neural_output_average,tensor_batched,tensor_batched,cuda,1024,5,1,1,0,5,toy2_gpu_core_neural_output_average_tensor_batched_1024_cuda_repeat01,5,neural_policy,output_average,local_step,0.0031628739088773727
toy2,neural_output_average,tensor_batched,tensor_batched,cuda,1024,5,1,1,0,5,toy2_gpu_core_neural_output_average_tensor_batched_1024_cuda_repeat01,5,neural_policy,output_average,select_peers,1.1693104170262814e-05
toy2,neural_output_average,tensor_batched,tensor_batched,cuda,1024,5,1,1,0,5,toy2_gpu_core_neural_output_average_tensor_batched_1024_cuda_repeat01,5,neural_policy,output_average,social_mix,0.0004939379869028926
toy2,neural_output_average,tensor_batched,tensor_batched,cuda,1024,5,1,1,0,5,toy2_gpu_core_neural_output_average_tensor_batched_1024_cuda_repeat01,5,neural_policy,output_average,social_trainable_parameters,5.8650970458984375e-05
toy2,neural_output_average,tensor_batched,tensor_batched,cuda,1024,5,1,1,0,5,toy2_gpu_core_neural_output_average_tensor_batched_1024_cuda_repeat01,5,neural_policy,output_average,social_loss_forward,0.0002850809833034873
toy2,neural_output_average,tensor_batched,tensor_batched,cuda,1024,5,1,1,0,5,toy2_gpu_core_neural_output_average_tensor_batched_1024_cuda_repeat01,5,neural_policy,output_average,social_autograd_grad,0.00040023995097726583
toy2,neural_output_average,tensor_batched,tensor_batched,cuda,1024,5,1,1,0,5,toy2_gpu_core_neural_output_average_tensor_batched_1024_cuda_repeat01,5,neural_policy,output_average,social_adam_update,0.0005318000912666321
toy2,neural_output_average,tensor_batched,tensor_batched,cuda,1024,5,1,1,0,5,toy2_gpu_core_neural_output_average_tensor_batched_1024_cuda_repeat01,5,neural_policy,output_average,social_optimizer_update,0.0010222509736195207
toy2,neural_output_average,tensor_batched,tensor_batched,cuda,1024,5,1,1,0,5,toy2_gpu_core_neural_output_average_tensor_batched_1024_cuda_repeat01,5,neural_policy,output_average,social_loss_update,0.0013382009929046035
toy2,neural_output_average,tensor_batched,tensor_batched,cuda,1024,5,1,1,0,5,toy2_gpu_core_neural_output_average_tensor_batched_1024_cuda_repeat01,5,neural_policy,output_average,social_distillation,0.0022703210124745965
toy2,neural_output_average,tensor_batched,tensor_batched,cuda,1024,5,1,1,0,5,toy2_gpu_core_neural_output_average_tensor_batched_1024_cuda_repeat01,5,neural_policy,output_average,social_step,0.002296700025908649
toy2,neural_output_average,tensor_batched,tensor_batched,cuda,1024,5,1,1,0,5,toy2_gpu_core_neural_output_average_tensor_batched_1024_cuda_repeat01,5,neural_policy,output_average,sample_actions,6.5229833126068115e-06
toy2,neural_output_average,tensor_batched,tensor_batched,cuda,1024,5,1,1,0,5,toy2_gpu_core_neural_output_average_tensor_batched_1024_cuda_repeat01,5,neural_policy,output_average,commit_actions,1.1140946298837662e-05
toy2,neural_output_average,tensor_batched,tensor_batched,cuda,1024,5,1,1,0,5,toy2_gpu_core_neural_output_average_tensor_batched_1024_cuda_repeat01,5,neural_policy,output_average,post_step_state_policy,1.9285944290459156e-05
toy2,neural_output_average,tensor_batched,tensor_batched,cuda,1024,5,1,1,0,5,toy2_gpu_core_neural_output_average_tensor_batched_1024_cuda_repeat01,5,neural_policy,output_average,update_payoff_ema,4.845205694437027e-05
toy2,neural_output_average,tensor_batched,tensor_batched,cuda,1024,5,1,1,0,5,toy2_gpu_core_neural_output_average_tensor_batched_1024_cuda_repeat01,5,neural_policy,output_average,update_reputation_ema,4.1708932258188725e-05
toy2,neural_output_average,tensor_batched,tensor_batched,cuda,1024,5,1,1,0,5,toy2_gpu_core_neural_output_average_tensor_batched_1024_cuda_repeat01,5,neural_policy,output_average,mobility_swaps,0.0003829570487141609
toy2,neural_output_average,tensor_batched,tensor_batched,cuda,1024,5,1,1,0,5,toy2_gpu_core_neural_output_average_tensor_batched_1024_cuda_repeat01,5,neural_policy,output_average,finalize_hook_step,1.9136001355946064e-05
toy2,neural_output_average,tensor_batched,tensor_batched,cuda,1024,5,1,1,0,5,toy2_gpu_core_neural_output_average_tensor_batched_1024_cuda_repeat01,5,neural_policy,output_average,hooked_step_total,0.006684029009193182
toy2,neural_output_average,tensor_batched,tensor_batched,cuda,1024,5,1,1,0,5,toy2_gpu_core_neural_output_average_tensor_batched_1024_cuda_repeat01,5,neural_policy,output_average,aggregate_row,0.0011457649525254965
toy2,neural_output_average,tensor_batched,tensor_batched,cuda,1024,5,1,1,0,5,toy2_gpu_core_neural_output_average_tensor_batched_1024_cuda_repeat01,5,neural_policy,output_average,write_aggregate,3.7861987948417664e-05
toy2,neural_output_average,tensor_batched,tensor_batched,cuda,1024,5,1,2,0,5,toy2_gpu_core_neural_output_average_tensor_batched_1024_cuda_repeat02,0,neural_policy,output_average,make_run_dir,0.00023522705305367708
toy2,neural_output_average,tensor_batched,tensor_batched,cuda,1024,5,1,2,0,5,toy2_gpu_core_neural_output_average_tensor_batched_1024_cuda_repeat02,0,neural_policy,output_average,write_metadata,0.0024129210505634546
toy2,neural_output_average,tensor_batched,tensor_batched,cuda,1024,5,1,2,0,5,toy2_gpu_core_neural_output_average_tensor_batched_1024_cuda_repeat02,0,neural_policy,output_average,initial_state,0.21471209393348545
toy2,neural_output_average,tensor_batched,tensor_batched,cuda,1024,5,1,2,0,5,toy2_gpu_core_neural_output_average_tensor_batched_1024_cuda_repeat02,0,neural_policy,output_average,writer_setup,0.0005638198927044868
toy2,neural_output_average,tensor_batched,tensor_batched,cuda,1024,5,1,2,0,5,toy2_gpu_core_neural_output_average_tensor_batched_1024_cuda_repeat02,0,neural_policy,output_average,initial_step_result,0.00269444496370852
toy2,neural_output_average,tensor_batched,tensor_batched,cuda,1024,5,1,2,0,5,toy2_gpu_core_neural_output_average_tensor_batched_1024_cuda_repeat02,0,neural_policy,output_average,initial_aggregate_row,0.002885027090087533
toy2,neural_output_average,tensor_batched,tensor_batched,cuda,1024,5,1,2,0,5,toy2_gpu_core_neural_output_average_tensor_batched_1024_cuda_repeat02,0,neural_policy,output_average,write_initial_aggregate,5.522393621504307e-05
toy2,neural_output_average,tensor_batched,tensor_batched,cuda,1024,5,1,2,0,5,toy2_gpu_core_neural_output_average_tensor_batched_1024_cuda_repeat02,1,neural_policy,output_average,sample_revision_mask,3.418501000851393e-05
toy2,neural_output_average,tensor_batched,tensor_batched,cuda,1024,5,1,2,0,5,toy2_gpu_core_neural_output_average_tensor_batched_1024_cuda_repeat02,1,neural_policy,output_average,build_step_context,2.737203612923622e-05
toy2,neural_output_average,tensor_batched,tensor_batched,cuda,1024,5,1,2,0,5,toy2_gpu_core_neural_output_average_tensor_batched_1024_cuda_repeat02,1,neural_policy,output_average,neural_context_peers,1.2192991562187672e-05
toy2,neural_output_average,tensor_batched,tensor_batched,cuda,1024,5,1,2,0,5,toy2_gpu_core_neural_output_average_tensor_batched_1024_cuda_repeat02,1,neural_policy,output_average,build_observations,0.0009004899766296148
toy2,neural_output_average,tensor_batched,tensor_batched,cuda,1024,5,1,2,0,5,toy2_gpu_core_neural_output_average_tensor_batched_1024_cuda_repeat02,1,neural_policy,output_average,policy_readout,0.001158399973064661
toy2,neural_output_average,tensor_batched,tensor_batched,cuda,1024,5,1,2,0,5,toy2_gpu_core_neural_output_average_tensor_batched_1024_cuda_repeat02,1,neural_policy,output_average,decision_selection,0.0005201479652896523
toy2,neural_output_average,tensor_batched,tensor_batched,cuda,1024,5,1,2,0,5,toy2_gpu_core_neural_output_average_tensor_batched_1024_cuda_repeat02,1,neural_policy,output_average,local_trainable_parameters,0.00010237388778477907
toy2,neural_output_average,tensor_batched,tensor_batched,cuda,1024,5,1,2,0,5,toy2_gpu_core_neural_output_average_tensor_batched_1024_cuda_repeat02,1,neural_policy,output_average,local_loss_forward,0.0015363869024440646
toy2,neural_output_average,tensor_batched,tensor_batched,cuda,1024,5,1,2,0,5,toy2_gpu_core_neural_output_average_tensor_batched_1024_cuda_repeat02,1,neural_policy,output_average,local_autograd_grad,0.0015734870685264468
toy2,neural_output_average,tensor_batched,tensor_batched,cuda,1024,5,1,2,0,5,toy2_gpu_core_neural_output_average_tensor_batched_1024_cuda_repeat02,1,neural_policy,output_average,local_adam_update,0.0007670470513403416
toy2,neural_output_average,tensor_batched,tensor_batched,cuda,1024,5,1,2,0,5,toy2_gpu_core_neural_output_average_tensor_batched_1024_cuda_repeat02,1,neural_policy,output_average,local_optimizer_update,0.0036607399815693498
toy2,neural_output_average,tensor_batched,tensor_batched,cuda,1024,5,1,2,0,5,toy2_gpu_core_neural_output_average_tensor_batched_1024_cuda_repeat02,1,neural_policy,output_average,local_loss_update,0.005245337961241603
toy2,neural_output_average,tensor_batched,tensor_batched,cuda,1024,5,1,2,0,5,toy2_gpu_core_neural_output_average_tensor_batched_1024_cuda_repeat02,1,neural_policy,output_average,local_training,0.006963821011595428
toy2,neural_output_average,tensor_batched,tensor_batched,cuda,1024,5,1,2,0,5,toy2_gpu_core_neural_output_average_tensor_batched_1024_cuda_repeat02,1,neural_policy,output_average,cache_refresh,9.979004971683025e-06
toy2,neural_output_average,tensor_batched,tensor_batched,cuda,1024,5,1,2,0,5,toy2_gpu_core_neural_output_average_tensor_batched_1024_cuda_repeat02,1,neural_policy,output_average,post_local_readout,0.00020330597180873156
toy2,neural_output_average,tensor_batched,tensor_batched,cuda,1024,5,1,2,0,5,toy2_gpu_core_neural_output_average_tensor_batched_1024_cuda_repeat02,1,neural_policy,output_average,local_step,0.010545099969021976
toy2,neural_output_average,tensor_batched,tensor_batched,cuda,1024,5,1,2,0,5,toy2_gpu_core_neural_output_average_tensor_batched_1024_cuda_repeat02,1,neural_policy,output_average,select_peers,1.1010910384356976e-05
toy2,neural_output_average,tensor_batched,tensor_batched,cuda,1024,5,1,2,0,5,toy2_gpu_core_neural_output_average_tensor_batched_1024_cuda_repeat02,1,neural_policy,output_average,social_mix,0.0005068120080977678
toy2,neural_output_average,tensor_batched,tensor_batched,cuda,1024,5,1,2,0,5,toy2_gpu_core_neural_output_average_tensor_batched_1024_cuda_repeat02,1,neural_policy,output_average,social_trainable_parameters,5.246989894658327e-05
toy2,neural_output_average,tensor_batched,tensor_batched,cuda,1024,5,1,2,0,5,toy2_gpu_core_neural_output_average_tensor_batched_1024_cuda_repeat02,1,neural_policy,output_average,social_loss_forward,0.0002548439661040902
toy2,neural_output_average,tensor_batched,tensor_batched,cuda,1024,5,1,2,0,5,toy2_gpu_core_neural_output_average_tensor_batched_1024_cuda_repeat02,1,neural_policy,output_average,social_autograd_grad,0.00034409400541335344
toy2,neural_output_average,tensor_batched,tensor_batched,cuda,1024,5,1,2,0,5,toy2_gpu_core_neural_output_average_tensor_batched_1024_cuda_repeat02,1,neural_policy,output_average,social_adam_update,0.0004987070569768548
toy2,neural_output_average,tensor_batched,tensor_batched,cuda,1024,5,1,2,0,5,toy2_gpu_core_neural_output_average_tensor_batched_1024_cuda_repeat02,1,neural_policy,output_average,social_optimizer_update,0.0009286829736083746
toy2,neural_output_average,tensor_batched,tensor_batched,cuda,1024,5,1,2,0,5,toy2_gpu_core_neural_output_average_tensor_batched_1024_cuda_repeat02,1,neural_policy,output_average,social_loss_update,0.0012134229764342308
toy2,neural_output_average,tensor_batched,tensor_batched,cuda,1024,5,1,2,0,5,toy2_gpu_core_neural_output_average_tensor_batched_1024_cuda_repeat02,1,neural_policy,output_average,social_distillation,0.002123472047969699
toy2,neural_output_average,tensor_batched,tensor_batched,cuda,1024,5,1,2,0,5,toy2_gpu_core_neural_output_average_tensor_batched_1024_cuda_repeat02,1,neural_policy,output_average,social_step,0.002157145063392818
toy2,neural_output_average,tensor_batched,tensor_batched,cuda,1024,5,1,2,0,5,toy2_gpu_core_neural_output_average_tensor_batched_1024_cuda_repeat02,1,neural_policy,output_average,sample_actions,7.404014468193054e-06
toy2,neural_output_average,tensor_batched,tensor_batched,cuda,1024,5,1,2,0,5,toy2_gpu_core_neural_output_average_tensor_batched_1024_cuda_repeat02,1,neural_policy,output_average,commit_actions,1.5730038285255432e-05
toy2,neural_output_average,tensor_batched,tensor_batched,cuda,1024,5,1,2,0,5,toy2_gpu_core_neural_output_average_tensor_batched_1024_cuda_repeat02,1,neural_policy,output_average,post_step_state_policy,4.4304062612354755e-05
toy2,neural_output_average,tensor_batched,tensor_batched,cuda,1024,5,1,2,0,5,toy2_gpu_core_neural_output_average_tensor_batched_1024_cuda_repeat02,1,neural_policy,output_average,update_payoff_ema,5.516491364687681e-05
toy2,neural_output_average,tensor_batched,tensor_batched,cuda,1024,5,1,2,0,5,toy2_gpu_core_neural_output_average_tensor_batched_1024_cuda_repeat02,1,neural_policy,output_average,update_reputation_ema,4.799105226993561e-05
toy2,neural_output_average,tensor_batched,tensor_batched,cuda,1024,5,1,2,0,5,toy2_gpu_core_neural_output_average_tensor_batched_1024_cuda_repeat02,1,neural_policy,output_average,mobility_swaps,0.0004082049708813429
toy2,neural_output_average,tensor_batched,tensor_batched,cuda,1024,5,1,2,0,5,toy2_gpu_core_neural_output_average_tensor_batched_1024_cuda_repeat02,1,neural_policy,output_average,finalize_hook_step,2.1890969946980476e-05
toy2,neural_output_average,tensor_batched,tensor_batched,cuda,1024,5,1,2,0,5,toy2_gpu_core_neural_output_average_tensor_batched_1024_cuda_repeat02,1,neural_policy,output_average,hooked_step_total,0.014213815098628402
toy2,neural_output_average,tensor_batched,tensor_batched,cuda,1024,5,1,2,0,5,toy2_gpu_core_neural_output_average_tensor_batched_1024_cuda_repeat02,1,neural_policy,output_average,aggregate_row,0.002098513999953866
toy2,neural_output_average,tensor_batched,tensor_batched,cuda,1024,5,1,2,0,5,toy2_gpu_core_neural_output_average_tensor_batched_1024_cuda_repeat02,1,neural_policy,output_average,write_aggregate,5.8191013522446156e-05
toy2,neural_output_average,tensor_batched,tensor_batched,cuda,1024,5,1,2,0,5,toy2_gpu_core_neural_output_average_tensor_batched_1024_cuda_repeat02,2,neural_policy,output_average,sample_revision_mask,2.014799974858761e-05
toy2,neural_output_average,tensor_batched,tensor_batched,cuda,1024,5,1,2,0,5,toy2_gpu_core_neural_output_average_tensor_batched_1024_cuda_repeat02,2,neural_policy,output_average,build_step_context,1.9536935724318027e-05
toy2,neural_output_average,tensor_batched,tensor_batched,cuda,1024,5,1,2,0,5,toy2_gpu_core_neural_output_average_tensor_batched_1024_cuda_repeat02,2,neural_policy,output_average,neural_context_peers,9.578070603311062e-06
toy2,neural_output_average,tensor_batched,tensor_batched,cuda,1024,5,1,2,0,5,toy2_gpu_core_neural_output_average_tensor_batched_1024_cuda_repeat02,2,neural_policy,output_average,build_observations,0.00024666800163686275
toy2,neural_output_average,tensor_batched,tensor_batched,cuda,1024,5,1,2,0,5,toy2_gpu_core_neural_output_average_tensor_batched_1024_cuda_repeat02,2,neural_policy,output_average,policy_readout,0.000190000981092453
toy2,neural_output_average,tensor_batched,tensor_batched,cuda,1024,5,1,2,0,5,toy2_gpu_core_neural_output_average_tensor_batched_1024_cuda_repeat02,2,neural_policy,output_average,decision_selection,0.00027572305407375097
toy2,neural_output_average,tensor_batched,tensor_batched,cuda,1024,5,1,2,0,5,toy2_gpu_core_neural_output_average_tensor_batched_1024_cuda_repeat02,2,neural_policy,output_average,local_trainable_parameters,5.816994234919548e-05
toy2,neural_output_average,tensor_batched,tensor_batched,cuda,1024,5,1,2,0,5,toy2_gpu_core_neural_output_average_tensor_batched_1024_cuda_repeat02,2,neural_policy,output_average,local_loss_forward,0.0003209899878129363
toy2,neural_output_average,tensor_batched,tensor_batched,cuda,1024,5,1,2,0,5,toy2_gpu_core_neural_output_average_tensor_batched_1024_cuda_repeat02,2,neural_policy,output_average,local_autograd_grad,0.0004452549619600177
toy2,neural_output_average,tensor_batched,tensor_batched,cuda,1024,5,1,2,0,5,toy2_gpu_core_neural_output_average_tensor_batched_1024_cuda_repeat02,2,neural_policy,output_average,local_adam_update,0.0005397640634328127
toy2,neural_output_average,tensor_batched,tensor_batched,cuda,1024,5,1,2,0,5,toy2_gpu_core_neural_output_average_tensor_batched_1024_cuda_repeat02,2,neural_policy,output_average,local_optimizer_update,0.0010647409362718463
toy2,neural_output_average,tensor_batched,tensor_batched,cuda,1024,5,1,2,0,5,toy2_gpu_core_neural_output_average_tensor_batched_1024_cuda_repeat02,2,neural_policy,output_average,local_loss_update,0.0014158579288050532
toy2,neural_output_average,tensor_batched,tensor_batched,cuda,1024,5,1,2,0,5,toy2_gpu_core_neural_output_average_tensor_batched_1024_cuda_repeat02,2,neural_policy,output_average,local_training,0.0017798891058191657
toy2,neural_output_average,tensor_batched,tensor_batched,cuda,1024,5,1,2,0,5,toy2_gpu_core_neural_output_average_tensor_batched_1024_cuda_repeat02,2,neural_policy,output_average,cache_refresh,8.294940926134586e-06
toy2,neural_output_average,tensor_batched,tensor_batched,cuda,1024,5,1,2,0,5,toy2_gpu_core_neural_output_average_tensor_batched_1024_cuda_repeat02,2,neural_policy,output_average,post_local_readout,0.00016828905791044235
toy2,neural_output_average,tensor_batched,tensor_batched,cuda,1024,5,1,2,0,5,toy2_gpu_core_neural_output_average_tensor_batched_1024_cuda_repeat02,2,neural_policy,output_average,local_step,0.003210154944099486
toy2,neural_output_average,tensor_batched,tensor_batched,cuda,1024,5,1,2,0,5,toy2_gpu_core_neural_output_average_tensor_batched_1024_cuda_repeat02,2,neural_policy,output_average,select_peers,1.0188901796936989e-05
toy2,neural_output_average,tensor_batched,tensor_batched,cuda,1024,5,1,2,0,5,toy2_gpu_core_neural_output_average_tensor_batched_1024_cuda_repeat02,2,neural_policy,output_average,social_mix,0.0004274509847164154
toy2,neural_output_average,tensor_batched,tensor_batched,cuda,1024,5,1,2,0,5,toy2_gpu_core_neural_output_average_tensor_batched_1024_cuda_repeat02,2,neural_policy,output_average,social_trainable_parameters,5.29800308868289e-05
toy2,neural_output_average,tensor_batched,tensor_batched,cuda,1024,5,1,2,0,5,toy2_gpu_core_neural_output_average_tensor_batched_1024_cuda_repeat02,2,neural_policy,output_average,social_loss_forward,0.00022848392836749554
toy2,neural_output_average,tensor_batched,tensor_batched,cuda,1024,5,1,2,0,5,toy2_gpu_core_neural_output_average_tensor_batched_1024_cuda_repeat02,2,neural_policy,output_average,social_autograd_grad,0.00032836291939020157
toy2,neural_output_average,tensor_batched,tensor_batched,cuda,1024,5,1,2,0,5,toy2_gpu_core_neural_output_average_tensor_batched_1024_cuda_repeat02,2,neural_policy,output_average,social_adam_update,0.0005100580165162683
toy2,neural_output_average,tensor_batched,tensor_batched,cuda,1024,5,1,2,0,5,toy2_gpu_core_neural_output_average_tensor_batched_1024_cuda_repeat02,2,neural_policy,output_average,social_optimizer_update,0.000912092044018209
toy2,neural_output_average,tensor_batched,tensor_batched,cuda,1024,5,1,2,0,5,toy2_gpu_core_neural_output_average_tensor_batched_1024_cuda_repeat02,2,neural_policy,output_average,social_loss_update,0.0011696710716933012
toy2,neural_output_average,tensor_batched,tensor_batched,cuda,1024,5,1,2,0,5,toy2_gpu_core_neural_output_average_tensor_batched_1024_cuda_repeat02,2,neural_policy,output_average,social_distillation,0.0019832360558211803
toy2,neural_output_average,tensor_batched,tensor_batched,cuda,1024,5,1,2,0,5,toy2_gpu_core_neural_output_average_tensor_batched_1024_cuda_repeat02,2,neural_policy,output_average,social_step,0.0020095850341022015
toy2,neural_output_average,tensor_batched,tensor_batched,cuda,1024,5,1,2,0,5,toy2_gpu_core_neural_output_average_tensor_batched_1024_cuda_repeat02,2,neural_policy,output_average,sample_actions,7.094000466167927e-06
toy2,neural_output_average,tensor_batched,tensor_batched,cuda,1024,5,1,2,0,5,toy2_gpu_core_neural_output_average_tensor_batched_1024_cuda_repeat02,2,neural_policy,output_average,commit_actions,1.1921976692974567e-05
toy2,neural_output_average,tensor_batched,tensor_batched,cuda,1024,5,1,2,0,5,toy2_gpu_core_neural_output_average_tensor_batched_1024_cuda_repeat02,2,neural_policy,output_average,post_step_state_policy,3.0006980523467064e-05
toy2,neural_output_average,tensor_batched,tensor_batched,cuda,1024,5,1,2,0,5,toy2_gpu_core_neural_output_average_tensor_batched_1024_cuda_repeat02,2,neural_policy,output_average,update_payoff_ema,5.289004184305668e-05
toy2,neural_output_average,tensor_batched,tensor_batched,cuda,1024,5,1,2,0,5,toy2_gpu_core_neural_output_average_tensor_batched_1024_cuda_repeat02,2,neural_policy,output_average,update_reputation_ema,4.482490476220846e-05
toy2,neural_output_average,tensor_batched,tensor_batched,cuda,1024,5,1,2,0,5,toy2_gpu_core_neural_output_average_tensor_batched_1024_cuda_repeat02,2,neural_policy,output_average,mobility_swaps,0.00037114403676241636
toy2,neural_output_average,tensor_batched,tensor_batched,cuda,1024,5,1,2,0,5,toy2_gpu_core_neural_output_average_tensor_batched_1024_cuda_repeat02,2,neural_policy,output_average,finalize_hook_step,1.835497096180916e-05
toy2,neural_output_average,tensor_batched,tensor_batched,cuda,1024,5,1,2,0,5,toy2_gpu_core_neural_output_average_tensor_batched_1024_cuda_repeat02,2,neural_policy,output_average,hooked_step_total,0.006418085074983537
toy2,neural_output_average,tensor_batched,tensor_batched,cuda,1024,5,1,2,0,5,toy2_gpu_core_neural_output_average_tensor_batched_1024_cuda_repeat02,2,neural_policy,output_average,aggregate_row,0.0016618350055068731
toy2,neural_output_average,tensor_batched,tensor_batched,cuda,1024,5,1,2,0,5,toy2_gpu_core_neural_output_average_tensor_batched_1024_cuda_repeat02,2,neural_policy,output_average,write_aggregate,4.672899376600981e-05
toy2,neural_output_average,tensor_batched,tensor_batched,cuda,1024,5,1,2,0,5,toy2_gpu_core_neural_output_average_tensor_batched_1024_cuda_repeat02,3,neural_policy,output_average,sample_revision_mask,1.883495133370161e-05
toy2,neural_output_average,tensor_batched,tensor_batched,cuda,1024,5,1,2,0,5,toy2_gpu_core_neural_output_average_tensor_batched_1024_cuda_repeat02,3,neural_policy,output_average,build_step_context,1.1311029084026814e-05
toy2,neural_output_average,tensor_batched,tensor_batched,cuda,1024,5,1,2,0,5,toy2_gpu_core_neural_output_average_tensor_batched_1024_cuda_repeat02,3,neural_policy,output_average,neural_context_peers,7.473980076611042e-06
toy2,neural_output_average,tensor_batched,tensor_batched,cuda,1024,5,1,2,0,5,toy2_gpu_core_neural_output_average_tensor_batched_1024_cuda_repeat02,3,neural_policy,output_average,build_observations,0.0001848909305408597
toy2,neural_output_average,tensor_batched,tensor_batched,cuda,1024,5,1,2,0,5,toy2_gpu_core_neural_output_average_tensor_batched_1024_cuda_repeat02,3,neural_policy,output_average,policy_readout,0.00018377904780209064
toy2,neural_output_average,tensor_batched,tensor_batched,cuda,1024,5,1,2,0,5,toy2_gpu_core_neural_output_average_tensor_batched_1024_cuda_repeat02,3,neural_policy,output_average,decision_selection,0.00017965096049010754
toy2,neural_output_average,tensor_batched,tensor_batched,cuda,1024,5,1,2,0,5,toy2_gpu_core_neural_output_average_tensor_batched_1024_cuda_repeat02,3,neural_policy,output_average,local_trainable_parameters,5.555502139031887e-05
toy2,neural_output_average,tensor_batched,tensor_batched,cuda,1024,5,1,2,0,5,toy2_gpu_core_neural_output_average_tensor_batched_1024_cuda_repeat02,3,neural_policy,output_average,local_loss_forward,0.00028707494493573904
toy2,neural_output_average,tensor_batched,tensor_batched,cuda,1024,5,1,2,0,5,toy2_gpu_core_neural_output_average_tensor_batched_1024_cuda_repeat02,3,neural_policy,output_average,local_autograd_grad,0.00042941595893353224
toy2,neural_output_average,tensor_batched,tensor_batched,cuda,1024,5,1,2,0,5,toy2_gpu_core_neural_output_average_tensor_batched_1024_cuda_repeat02,3,neural_policy,output_average,local_adam_update,0.0005089259939268231
toy2,neural_output_average,tensor_batched,tensor_batched,cuda,1024,5,1,2,0,5,toy2_gpu_core_neural_output_average_tensor_batched_1024_cuda_repeat02,3,neural_policy,output_average,local_optimizer_update,0.0010122819803655148
toy2,neural_output_average,tensor_batched,tensor_batched,cuda,1024,5,1,2,0,5,toy2_gpu_core_neural_output_average_tensor_batched_1024_cuda_repeat02,3,neural_policy,output_average,local_loss_update,0.0013267690083011985
toy2,neural_output_average,tensor_batched,tensor_batched,cuda,1024,5,1,2,0,5,toy2_gpu_core_neural_output_average_tensor_batched_1024_cuda_repeat02,3,neural_policy,output_average,local_training,0.0016400340246036649
toy2,neural_output_average,tensor_batched,tensor_batched,cuda,1024,5,1,2,0,5,toy2_gpu_core_neural_output_average_tensor_batched_1024_cuda_repeat02,3,neural_policy,output_average,cache_refresh,7.20401294529438e-06
toy2,neural_output_average,tensor_batched,tensor_batched,cuda,1024,5,1,2,0,5,toy2_gpu_core_neural_output_average_tensor_batched_1024_cuda_repeat02,3,neural_policy,output_average,post_local_readout,0.00016546400729566813
toy2,neural_output_average,tensor_batched,tensor_batched,cuda,1024,5,1,2,0,5,toy2_gpu_core_neural_output_average_tensor_batched_1024_cuda_repeat02,3,neural_policy,output_average,local_step,0.0028701090486720204
toy2,neural_output_average,tensor_batched,tensor_batched,cuda,1024,5,1,2,0,5,toy2_gpu_core_neural_output_average_tensor_batched_1024_cuda_repeat02,3,neural_policy,output_average,select_peers,8.816015906631947e-06
toy2,neural_output_average,tensor_batched,tensor_batched,cuda,1024,5,1,2,0,5,toy2_gpu_core_neural_output_average_tensor_batched_1024_cuda_repeat02,3,neural_policy,output_average,social_mix,0.00040080095641314983
toy2,neural_output_average,tensor_batched,tensor_batched,cuda,1024,5,1,2,0,5,toy2_gpu_core_neural_output_average_tensor_batched_1024_cuda_repeat02,3,neural_policy,output_average,social_trainable_parameters,5.195906851440668e-05
toy2,neural_output_average,tensor_batched,tensor_batched,cuda,1024,5,1,2,0,5,toy2_gpu_core_neural_output_average_tensor_batched_1024_cuda_repeat02,3,neural_policy,output_average,social_loss_forward,0.000216600950807333
toy2,neural_output_average,tensor_batched,tensor_batched,cuda,1024,5,1,2,0,5,toy2_gpu_core_neural_output_average_tensor_batched_1024_cuda_repeat02,3,neural_policy,output_average,social_autograd_grad,0.0003061010502278805
toy2,neural_output_average,tensor_batched,tensor_batched,cuda,1024,5,1,2,0,5,toy2_gpu_core_neural_output_average_tensor_batched_1024_cuda_repeat02,3,neural_policy,output_average,social_adam_update,0.0005266200751066208
toy2,neural_output_average,tensor_batched,tensor_batched,cuda,1024,5,1,2,0,5,toy2_gpu_core_neural_output_average_tensor_batched_1024_cuda_repeat02,3,neural_policy,output_average,social_optimizer_update,0.0009034250397235155
toy2,neural_output_average,tensor_batched,tensor_batched,cuda,1024,5,1,2,0,5,toy2_gpu_core_neural_output_average_tensor_batched_1024_cuda_repeat02,3,neural_policy,output_average,social_loss_update,0.0011472479673102498
toy2,neural_output_average,tensor_batched,tensor_batched,cuda,1024,5,1,2,0,5,toy2_gpu_core_neural_output_average_tensor_batched_1024_cuda_repeat02,3,neural_policy,output_average,social_distillation,0.0019232010236009955
toy2,neural_output_average,tensor_batched,tensor_batched,cuda,1024,5,1,2,0,5,toy2_gpu_core_neural_output_average_tensor_batched_1024_cuda_repeat02,3,neural_policy,output_average,social_step,0.001947307027876377
toy2,neural_output_average,tensor_batched,tensor_batched,cuda,1024,5,1,2,0,5,toy2_gpu_core_neural_output_average_tensor_batched_1024_cuda_repeat02,3,neural_policy,output_average,sample_actions,6.291898898780346e-06
toy2,neural_output_average,tensor_batched,tensor_batched,cuda,1024,5,1,2,0,5,toy2_gpu_core_neural_output_average_tensor_batched_1024_cuda_repeat02,3,neural_policy,output_average,commit_actions,1.0038958862423897e-05
toy2,neural_output_average,tensor_batched,tensor_batched,cuda,1024,5,1,2,0,5,toy2_gpu_core_neural_output_average_tensor_batched_1024_cuda_repeat02,3,neural_policy,output_average,post_step_state_policy,2.014799974858761e-05
toy2,neural_output_average,tensor_batched,tensor_batched,cuda,1024,5,1,2,0,5,toy2_gpu_core_neural_output_average_tensor_batched_1024_cuda_repeat02,3,neural_policy,output_average,update_payoff_ema,5.8299978263676167e-05
toy2,neural_output_average,tensor_batched,tensor_batched,cuda,1024,5,1,2,0,5,toy2_gpu_core_neural_output_average_tensor_batched_1024_cuda_repeat02,3,neural_policy,output_average,update_reputation_ema,4.469405394047499e-05
toy2,neural_output_average,tensor_batched,tensor_batched,cuda,1024,5,1,2,0,5,toy2_gpu_core_neural_output_average_tensor_batched_1024_cuda_repeat02,3,neural_policy,output_average,mobility_swaps,0.0003651940496638417
toy2,neural_output_average,tensor_batched,tensor_batched,cuda,1024,5,1,2,0,5,toy2_gpu_core_neural_output_average_tensor_batched_1024_cuda_repeat02,3,neural_policy,output_average,finalize_hook_step,1.9356957636773586e-05
toy2,neural_output_average,tensor_batched,tensor_batched,cuda,1024,5,1,2,0,5,toy2_gpu_core_neural_output_average_tensor_batched_1024_cuda_repeat02,3,neural_policy,output_average,hooked_step_total,0.005955356988124549
toy2,neural_output_average,tensor_batched,tensor_batched,cuda,1024,5,1,2,0,5,toy2_gpu_core_neural_output_average_tensor_batched_1024_cuda_repeat02,3,neural_policy,output_average,aggregate_row,0.0014101570704951882
toy2,neural_output_average,tensor_batched,tensor_batched,cuda,1024,5,1,2,0,5,toy2_gpu_core_neural_output_average_tensor_batched_1024_cuda_repeat02,3,neural_policy,output_average,write_aggregate,3.420491702854633e-05
toy2,neural_output_average,tensor_batched,tensor_batched,cuda,1024,5,1,2,0,5,toy2_gpu_core_neural_output_average_tensor_batched_1024_cuda_repeat02,4,neural_policy,output_average,sample_revision_mask,2.0868959836661816e-05
toy2,neural_output_average,tensor_batched,tensor_batched,cuda,1024,5,1,2,0,5,toy2_gpu_core_neural_output_average_tensor_batched_1024_cuda_repeat02,4,neural_policy,output_average,build_step_context,9.21695027500391e-06
toy2,neural_output_average,tensor_batched,tensor_batched,cuda,1024,5,1,2,0,5,toy2_gpu_core_neural_output_average_tensor_batched_1024_cuda_repeat02,4,neural_policy,output_average,neural_context_peers,6.361980922520161e-06
toy2,neural_output_average,tensor_batched,tensor_batched,cuda,1024,5,1,2,0,5,toy2_gpu_core_neural_output_average_tensor_batched_1024_cuda_repeat02,4,neural_policy,output_average,build_observations,0.00016979197971522808
toy2,neural_output_average,tensor_batched,tensor_batched,cuda,1024,5,1,2,0,5,toy2_gpu_core_neural_output_average_tensor_batched_1024_cuda_repeat02,4,neural_policy,output_average,policy_readout,0.00017104402650147676
toy2,neural_output_average,tensor_batched,tensor_batched,cuda,1024,5,1,2,0,5,toy2_gpu_core_neural_output_average_tensor_batched_1024_cuda_repeat02,4,neural_policy,output_average,decision_selection,0.0002417889190837741
toy2,neural_output_average,tensor_batched,tensor_batched,cuda,1024,5,1,2,0,5,toy2_gpu_core_neural_output_average_tensor_batched_1024_cuda_repeat02,4,neural_policy,output_average,local_trainable_parameters,0.00014122796710580587
toy2,neural_output_average,tensor_batched,tensor_batched,cuda,1024,5,1,2,0,5,toy2_gpu_core_neural_output_average_tensor_batched_1024_cuda_repeat02,4,neural_policy,output_average,local_loss_forward,0.0002900310792028904
toy2,neural_output_average,tensor_batched,tensor_batched,cuda,1024,5,1,2,0,5,toy2_gpu_core_neural_output_average_tensor_batched_1024_cuda_repeat02,4,neural_policy,output_average,local_autograd_grad,0.0004138860385864973
toy2,neural_output_average,tensor_batched,tensor_batched,cuda,1024,5,1,2,0,5,toy2_gpu_core_neural_output_average_tensor_batched_1024_cuda_repeat02,4,neural_policy,output_average,local_adam_update,0.0005232830299064517
toy2,neural_output_average,tensor_batched,tensor_batched,cuda,1024,5,1,2,0,5,toy2_gpu_core_neural_output_average_tensor_batched_1024_cuda_repeat02,4,neural_policy,output_average,local_optimizer_update,0.0010119209764525294
toy2,neural_output_average,tensor_batched,tensor_batched,cuda,1024,5,1,2,0,5,toy2_gpu_core_neural_output_average_tensor_batched_1024_cuda_repeat02,4,neural_policy,output_average,local_loss_update,0.0013306359760463238
toy2,neural_output_average,tensor_batched,tensor_batched,cuda,1024,5,1,2,0,5,toy2_gpu_core_neural_output_average_tensor_batched_1024_cuda_repeat02,4,neural_policy,output_average,local_training,0.001726097078062594
toy2,neural_output_average,tensor_batched,tensor_batched,cuda,1024,5,1,2,0,5,toy2_gpu_core_neural_output_average_tensor_batched_1024_cuda_repeat02,4,neural_policy,output_average,cache_refresh,7.494003511965275e-06
toy2,neural_output_average,tensor_batched,tensor_batched,cuda,1024,5,1,2,0,5,toy2_gpu_core_neural_output_average_tensor_batched_1024_cuda_repeat02,4,neural_policy,output_average,post_local_readout,0.00018422992434352636
toy2,neural_output_average,tensor_batched,tensor_batched,cuda,1024,5,1,2,0,5,toy2_gpu_core_neural_output_average_tensor_batched_1024_cuda_repeat02,4,neural_policy,output_average,local_step,0.0030190020333975554
toy2,neural_output_average,tensor_batched,tensor_batched,cuda,1024,5,1,2,0,5,toy2_gpu_core_neural_output_average_tensor_batched_1024_cuda_repeat02,4,neural_policy,output_average,select_peers,8.946983143687248e-06
toy2,neural_output_average,tensor_batched,tensor_batched,cuda,1024,5,1,2,0,5,toy2_gpu_core_neural_output_average_tensor_batched_1024_cuda_repeat02,4,neural_policy,output_average,social_mix,0.001249212073162198
toy2,neural_output_average,tensor_batched,tensor_batched,cuda,1024,5,1,2,0,5,toy2_gpu_core_neural_output_average_tensor_batched_1024_cuda_repeat02,4,neural_policy,output_average,social_trainable_parameters,5.395198240876198e-05
toy2,neural_output_average,tensor_batched,tensor_batched,cuda,1024,5,1,2,0,5,toy2_gpu_core_neural_output_average_tensor_batched_1024_cuda_repeat02,4,neural_policy,output_average,social_loss_forward,0.00022211100440472364
toy2,neural_output_average,tensor_batched,tensor_batched,cuda,1024,5,1,2,0,5,toy2_gpu_core_neural_output_average_tensor_batched_1024_cuda_repeat02,4,neural_policy,output_average,social_autograd_grad,0.00037848891224712133
toy2,neural_output_average,tensor_batched,tensor_batched,cuda,1024,5,1,2,0,5,toy2_gpu_core_neural_output_average_tensor_batched_1024_cuda_repeat02,4,neural_policy,output_average,social_adam_update,0.0005276310257613659
toy2,neural_output_average,tensor_batched,tensor_batched,cuda,1024,5,1,2,0,5,toy2_gpu_core_neural_output_average_tensor_batched_1024_cuda_repeat02,4,neural_policy,output_average,social_optimizer_update,0.0015485399635508657
toy2,neural_output_average,tensor_batched,tensor_batched,cuda,1024,5,1,2,0,5,toy2_gpu_core_neural_output_average_tensor_batched_1024_cuda_repeat02,4,neural_policy,output_average,social_loss_update,0.0017976629314944148
toy2,neural_output_average,tensor_batched,tensor_batched,cuda,1024,5,1,2,0,5,toy2_gpu_core_neural_output_average_tensor_batched_1024_cuda_repeat02,4,neural_policy,output_average,social_distillation,0.0034282380947843194
toy2,neural_output_average,tensor_batched,tensor_batched,cuda,1024,5,1,2,0,5,toy2_gpu_core_neural_output_average_tensor_batched_1024_cuda_repeat02,4,neural_policy,output_average,social_step,0.0034520539920777082
toy2,neural_output_average,tensor_batched,tensor_batched,cuda,1024,5,1,2,0,5,toy2_gpu_core_neural_output_average_tensor_batched_1024_cuda_repeat02,4,neural_policy,output_average,sample_actions,6.351969204843044e-06
toy2,neural_output_average,tensor_batched,tensor_batched,cuda,1024,5,1,2,0,5,toy2_gpu_core_neural_output_average_tensor_batched_1024_cuda_repeat02,4,neural_policy,output_average,commit_actions,1.0138959623873234e-05
toy2,neural_output_average,tensor_batched,tensor_batched,cuda,1024,5,1,2,0,5,toy2_gpu_core_neural_output_average_tensor_batched_1024_cuda_repeat02,4,neural_policy,output_average,post_step_state_policy,2.0329025574028492e-05
toy2,neural_output_average,tensor_batched,tensor_batched,cuda,1024,5,1,2,0,5,toy2_gpu_core_neural_output_average_tensor_batched_1024_cuda_repeat02,4,neural_policy,output_average,update_payoff_ema,4.938303027302027e-05
toy2,neural_output_average,tensor_batched,tensor_batched,cuda,1024,5,1,2,0,5,toy2_gpu_core_neural_output_average_tensor_batched_1024_cuda_repeat02,4,neural_policy,output_average,update_reputation_ema,4.3042004108428955e-05
toy2,neural_output_average,tensor_batched,tensor_batched,cuda,1024,5,1,2,0,5,toy2_gpu_core_neural_output_average_tensor_batched_1024_cuda_repeat02,4,neural_policy,output_average,mobility_swaps,0.0005874449852854013
toy2,neural_output_average,tensor_batched,tensor_batched,cuda,1024,5,1,2,0,5,toy2_gpu_core_neural_output_average_tensor_batched_1024_cuda_repeat02,4,neural_policy,output_average,finalize_hook_step,1.818395685404539e-05
toy2,neural_output_average,tensor_batched,tensor_batched,cuda,1024,5,1,2,0,5,toy2_gpu_core_neural_output_average_tensor_batched_1024_cuda_repeat02,4,neural_policy,output_average,hooked_step_total,0.007837268989533186
toy2,neural_output_average,tensor_batched,tensor_batched,cuda,1024,5,1,2,0,5,toy2_gpu_core_neural_output_average_tensor_batched_1024_cuda_repeat02,4,neural_policy,output_average,aggregate_row,0.0015110590029507875
toy2,neural_output_average,tensor_batched,tensor_batched,cuda,1024,5,1,2,0,5,toy2_gpu_core_neural_output_average_tensor_batched_1024_cuda_repeat02,4,neural_policy,output_average,write_aggregate,3.8743019104003906e-05
toy2,neural_output_average,tensor_batched,tensor_batched,cuda,1024,5,1,2,0,5,toy2_gpu_core_neural_output_average_tensor_batched_1024_cuda_repeat02,5,neural_policy,output_average,sample_revision_mask,1.964694820344448e-05
toy2,neural_output_average,tensor_batched,tensor_batched,cuda,1024,5,1,2,0,5,toy2_gpu_core_neural_output_average_tensor_batched_1024_cuda_repeat02,5,neural_policy,output_average,build_step_context,9.6180010586977e-06
toy2,neural_output_average,tensor_batched,tensor_batched,cuda,1024,5,1,2,0,5,toy2_gpu_core_neural_output_average_tensor_batched_1024_cuda_repeat02,5,neural_policy,output_average,neural_context_peers,6.371992640197277e-06
toy2,neural_output_average,tensor_batched,tensor_batched,cuda,1024,5,1,2,0,5,toy2_gpu_core_neural_output_average_tensor_batched_1024_cuda_repeat02,5,neural_policy,output_average,build_observations,0.00018883799202740192
toy2,neural_output_average,tensor_batched,tensor_batched,cuda,1024,5,1,2,0,5,toy2_gpu_core_neural_output_average_tensor_batched_1024_cuda_repeat02,5,neural_policy,output_average,policy_readout,0.00019553094170987606
toy2,neural_output_average,tensor_batched,tensor_batched,cuda,1024,5,1,2,0,5,toy2_gpu_core_neural_output_average_tensor_batched_1024_cuda_repeat02,5,neural_policy,output_average,decision_selection,0.00021642097271978855
toy2,neural_output_average,tensor_batched,tensor_batched,cuda,1024,5,1,2,0,5,toy2_gpu_core_neural_output_average_tensor_batched_1024_cuda_repeat02,5,neural_policy,output_average,local_trainable_parameters,5.7940022088587284e-05
toy2,neural_output_average,tensor_batched,tensor_batched,cuda,1024,5,1,2,0,5,toy2_gpu_core_neural_output_average_tensor_batched_1024_cuda_repeat02,5,neural_policy,output_average,local_loss_forward,0.00029217498376965523
toy2,neural_output_average,tensor_batched,tensor_batched,cuda,1024,5,1,2,0,5,toy2_gpu_core_neural_output_average_tensor_batched_1024_cuda_repeat02,5,neural_policy,output_average,local_autograd_grad,0.0004420899786055088
toy2,neural_output_average,tensor_batched,tensor_batched,cuda,1024,5,1,2,0,5,toy2_gpu_core_neural_output_average_tensor_batched_1024_cuda_repeat02,5,neural_policy,output_average,local_adam_update,0.0005678880261257291
toy2,neural_output_average,tensor_batched,tensor_batched,cuda,1024,5,1,2,0,5,toy2_gpu_core_neural_output_average_tensor_batched_1024_cuda_repeat02,5,neural_policy,output_average,local_optimizer_update,0.001087264041416347
toy2,neural_output_average,tensor_batched,tensor_batched,cuda,1024,5,1,2,0,5,toy2_gpu_core_neural_output_average_tensor_batched_1024_cuda_repeat02,5,neural_policy,output_average,local_loss_update,0.0014075920917093754
toy2,neural_output_average,tensor_batched,tensor_batched,cuda,1024,5,1,2,0,5,toy2_gpu_core_neural_output_average_tensor_batched_1024_cuda_repeat02,5,neural_policy,output_average,local_training,0.0017365369712933898
toy2,neural_output_average,tensor_batched,tensor_batched,cuda,1024,5,1,2,0,5,toy2_gpu_core_neural_output_average_tensor_batched_1024_cuda_repeat02,5,neural_policy,output_average,cache_refresh,6.983987987041473e-06
toy2,neural_output_average,tensor_batched,tensor_batched,cuda,1024,5,1,2,0,5,toy2_gpu_core_neural_output_average_tensor_batched_1024_cuda_repeat02,5,neural_policy,output_average,post_local_readout,0.0009000480640679598
toy2,neural_output_average,tensor_batched,tensor_batched,cuda,1024,5,1,2,0,5,toy2_gpu_core_neural_output_average_tensor_batched_1024_cuda_repeat02,5,neural_policy,output_average,local_step,0.0042349499417468905
toy2,neural_output_average,tensor_batched,tensor_batched,cuda,1024,5,1,2,0,5,toy2_gpu_core_neural_output_average_tensor_batched_1024_cuda_repeat02,5,neural_policy,output_average,select_peers,2.0288978703320026e-05
toy2,neural_output_average,tensor_batched,tensor_batched,cuda,1024,5,1,2,0,5,toy2_gpu_core_neural_output_average_tensor_batched_1024_cuda_repeat02,5,neural_policy,output_average,social_mix,0.00040650099981576204
toy2,neural_output_average,tensor_batched,tensor_batched,cuda,1024,5,1,2,0,5,toy2_gpu_core_neural_output_average_tensor_batched_1024_cuda_repeat02,5,neural_policy,output_average,social_trainable_parameters,0.0006255879998207092
toy2,neural_output_average,tensor_batched,tensor_batched,cuda,1024,5,1,2,0,5,toy2_gpu_core_neural_output_average_tensor_batched_1024_cuda_repeat02,5,neural_policy,output_average,social_loss_forward,0.00023289199452847242
toy2,neural_output_average,tensor_batched,tensor_batched,cuda,1024,5,1,2,0,5,toy2_gpu_core_neural_output_average_tensor_batched_1024_cuda_repeat02,5,neural_policy,output_average,social_autograd_grad,0.0003155890153720975
toy2,neural_output_average,tensor_batched,tensor_batched,cuda,1024,5,1,2,0,5,toy2_gpu_core_neural_output_average_tensor_batched_1024_cuda_repeat02,5,neural_policy,output_average,social_adam_update,0.0014112089993432164
toy2,neural_output_average,tensor_batched,tensor_batched,cuda,1024,5,1,2,0,5,toy2_gpu_core_neural_output_average_tensor_batched_1024_cuda_repeat02,5,neural_policy,output_average,social_optimizer_update,0.0018952280515804887
toy2,neural_output_average,tensor_batched,tensor_batched,cuda,1024,5,1,2,0,5,toy2_gpu_core_neural_output_average_tensor_batched_1024_cuda_repeat02,5,neural_policy,output_average,social_loss_update,0.0021561229368671775
toy2,neural_output_average,tensor_batched,tensor_batched,cuda,1024,5,1,2,0,5,toy2_gpu_core_neural_output_average_tensor_batched_1024_cuda_repeat02,5,neural_policy,output_average,social_distillation,0.003704091999679804
toy2,neural_output_average,tensor_batched,tensor_batched,cuda,1024,5,1,2,0,5,toy2_gpu_core_neural_output_average_tensor_batched_1024_cuda_repeat02,5,neural_policy,output_average,social_step,0.003728467971086502
toy2,neural_output_average,tensor_batched,tensor_batched,cuda,1024,5,1,2,0,5,toy2_gpu_core_neural_output_average_tensor_batched_1024_cuda_repeat02,5,neural_policy,output_average,sample_actions,6.782938726246357e-06
toy2,neural_output_average,tensor_batched,tensor_batched,cuda,1024,5,1,2,0,5,toy2_gpu_core_neural_output_average_tensor_batched_1024_cuda_repeat02,5,neural_policy,output_average,commit_actions,1.1721975170075893e-05
toy2,neural_output_average,tensor_batched,tensor_batched,cuda,1024,5,1,2,0,5,toy2_gpu_core_neural_output_average_tensor_batched_1024_cuda_repeat02,5,neural_policy,output_average,post_step_state_policy,2.2533000446856022e-05
toy2,neural_output_average,tensor_batched,tensor_batched,cuda,1024,5,1,2,0,5,toy2_gpu_core_neural_output_average_tensor_batched_1024_cuda_repeat02,5,neural_policy,output_average,update_payoff_ema,5.0615984946489334e-05
toy2,neural_output_average,tensor_batched,tensor_batched,cuda,1024,5,1,2,0,5,toy2_gpu_core_neural_output_average_tensor_batched_1024_cuda_repeat02,5,neural_policy,output_average,update_reputation_ema,4.278100095689297e-05
toy2,neural_output_average,tensor_batched,tensor_batched,cuda,1024,5,1,2,0,5,toy2_gpu_core_neural_output_average_tensor_batched_1024_cuda_repeat02,5,neural_policy,output_average,mobility_swaps,0.003249669913202524
toy2,neural_output_average,tensor_batched,tensor_batched,cuda,1024,5,1,2,0,5,toy2_gpu_core_neural_output_average_tensor_batched_1024_cuda_repeat02,5,neural_policy,output_average,finalize_hook_step,1.9005965441465378e-05
toy2,neural_output_average,tensor_batched,tensor_batched,cuda,1024,5,1,2,0,5,toy2_gpu_core_neural_output_average_tensor_batched_1024_cuda_repeat02,5,neural_policy,output_average,hooked_step_total,0.012066317955031991
toy2,neural_output_average,tensor_batched,tensor_batched,cuda,1024,5,1,2,0,5,toy2_gpu_core_neural_output_average_tensor_batched_1024_cuda_repeat02,5,neural_policy,output_average,aggregate_row,0.0012403150321915746
toy2,neural_output_average,tensor_batched,tensor_batched,cuda,1024,5,1,2,0,5,toy2_gpu_core_neural_output_average_tensor_batched_1024_cuda_repeat02,5,neural_policy,output_average,write_aggregate,4.7350069507956505e-05
toy2,neural_output_average,tensor_batched,tensor_batched,cuda,1024,5,1,3,0,5,toy2_gpu_core_neural_output_average_tensor_batched_1024_cuda_repeat03,0,neural_policy,output_average,make_run_dir,0.00021662097424268723
toy2,neural_output_average,tensor_batched,tensor_batched,cuda,1024,5,1,3,0,5,toy2_gpu_core_neural_output_average_tensor_batched_1024_cuda_repeat03,0,neural_policy,output_average,write_metadata,0.002534491941332817
toy2,neural_output_average,tensor_batched,tensor_batched,cuda,1024,5,1,3,0,5,toy2_gpu_core_neural_output_average_tensor_batched_1024_cuda_repeat03,0,neural_policy,output_average,initial_state,0.21214212605264038
toy2,neural_output_average,tensor_batched,tensor_batched,cuda,1024,5,1,3,0,5,toy2_gpu_core_neural_output_average_tensor_batched_1024_cuda_repeat03,0,neural_policy,output_average,writer_setup,0.0006168109830468893
toy2,neural_output_average,tensor_batched,tensor_batched,cuda,1024,5,1,3,0,5,toy2_gpu_core_neural_output_average_tensor_batched_1024_cuda_repeat03,0,neural_policy,output_average,initial_step_result,0.0026520249666646123
toy2,neural_output_average,tensor_batched,tensor_batched,cuda,1024,5,1,3,0,5,toy2_gpu_core_neural_output_average_tensor_batched_1024_cuda_repeat03,0,neural_policy,output_average,initial_aggregate_row,0.0025215980131179094
toy2,neural_output_average,tensor_batched,tensor_batched,cuda,1024,5,1,3,0,5,toy2_gpu_core_neural_output_average_tensor_batched_1024_cuda_repeat03,0,neural_policy,output_average,write_initial_aggregate,6.0083926655352116e-05
toy2,neural_output_average,tensor_batched,tensor_batched,cuda,1024,5,1,3,0,5,toy2_gpu_core_neural_output_average_tensor_batched_1024_cuda_repeat03,1,neural_policy,output_average,sample_revision_mask,3.36839584633708e-05
toy2,neural_output_average,tensor_batched,tensor_batched,cuda,1024,5,1,3,0,5,toy2_gpu_core_neural_output_average_tensor_batched_1024_cuda_repeat03,1,neural_policy,output_average,build_step_context,1.837499439716339e-05
toy2,neural_output_average,tensor_batched,tensor_batched,cuda,1024,5,1,3,0,5,toy2_gpu_core_neural_output_average_tensor_batched_1024_cuda_repeat03,1,neural_policy,output_average,neural_context_peers,9.748036973178387e-06
toy2,neural_output_average,tensor_batched,tensor_batched,cuda,1024,5,1,3,0,5,toy2_gpu_core_neural_output_average_tensor_batched_1024_cuda_repeat03,1,neural_policy,output_average,build_observations,0.00027265807148069143
toy2,neural_output_average,tensor_batched,tensor_batched,cuda,1024,5,1,3,0,5,toy2_gpu_core_neural_output_average_tensor_batched_1024_cuda_repeat03,1,neural_policy,output_average,policy_readout,0.00031788297928869724
toy2,neural_output_average,tensor_batched,tensor_batched,cuda,1024,5,1,3,0,5,toy2_gpu_core_neural_output_average_tensor_batched_1024_cuda_repeat03,1,neural_policy,output_average,decision_selection,0.0004919240018352866
toy2,neural_output_average,tensor_batched,tensor_batched,cuda,1024,5,1,3,0,5,toy2_gpu_core_neural_output_average_tensor_batched_1024_cuda_repeat03,1,neural_policy,output_average,local_trainable_parameters,8.871895261108875e-05
toy2,neural_output_average,tensor_batched,tensor_batched,cuda,1024,5,1,3,0,5,toy2_gpu_core_neural_output_average_tensor_batched_1024_cuda_repeat03,1,neural_policy,output_average,local_loss_forward,0.0006061210297048092
toy2,neural_output_average,tensor_batched,tensor_batched,cuda,1024,5,1,3,0,5,toy2_gpu_core_neural_output_average_tensor_batched_1024_cuda_repeat03,1,neural_policy,output_average,local_autograd_grad,0.0012444719905033708
toy2,neural_output_average,tensor_batched,tensor_batched,cuda,1024,5,1,3,0,5,toy2_gpu_core_neural_output_average_tensor_batched_1024_cuda_repeat03,1,neural_policy,output_average,local_adam_update,0.0008114500669762492
toy2,neural_output_average,tensor_batched,tensor_batched,cuda,1024,5,1,3,0,5,toy2_gpu_core_neural_output_average_tensor_batched_1024_cuda_repeat03,1,neural_policy,output_average,local_optimizer_update,0.0021769629092887044
toy2,neural_output_average,tensor_batched,tensor_batched,cuda,1024,5,1,3,0,5,toy2_gpu_core_neural_output_average_tensor_batched_1024_cuda_repeat03,1,neural_policy,output_average,local_loss_update,0.0028116879984736443
toy2,neural_output_average,tensor_batched,tensor_batched,cuda,1024,5,1,3,0,5,toy2_gpu_core_neural_output_average_tensor_batched_1024_cuda_repeat03,1,neural_policy,output_average,local_training,0.0034820609726011753
toy2,neural_output_average,tensor_batched,tensor_batched,cuda,1024,5,1,3,0,5,toy2_gpu_core_neural_output_average_tensor_batched_1024_cuda_repeat03,1,neural_policy,output_average,cache_refresh,9.378069080412388e-06
toy2,neural_output_average,tensor_batched,tensor_batched,cuda,1024,5,1,3,0,5,toy2_gpu_core_neural_output_average_tensor_batched_1024_cuda_repeat03,1,neural_policy,output_average,post_local_readout,0.00018563296180218458
toy2,neural_output_average,tensor_batched,tensor_batched,cuda,1024,5,1,3,0,5,toy2_gpu_core_neural_output_average_tensor_batched_1024_cuda_repeat03,1,neural_policy,output_average,local_step,0.005629466963000596
toy2,neural_output_average,tensor_batched,tensor_batched,cuda,1024,5,1,3,0,5,toy2_gpu_core_neural_output_average_tensor_batched_1024_cuda_repeat03,1,neural_policy,output_average,select_peers,1.1030933819711208e-05
toy2,neural_output_average,tensor_batched,tensor_batched,cuda,1024,5,1,3,0,5,toy2_gpu_core_neural_output_average_tensor_batched_1024_cuda_repeat03,1,neural_policy,output_average,social_mix,0.000611121067777276
toy2,neural_output_average,tensor_batched,tensor_batched,cuda,1024,5,1,3,0,5,toy2_gpu_core_neural_output_average_tensor_batched_1024_cuda_repeat03,1,neural_policy,output_average,social_trainable_parameters,5.7940022088587284e-05
toy2,neural_output_average,tensor_batched,tensor_batched,cuda,1024,5,1,3,0,5,toy2_gpu_core_neural_output_average_tensor_batched_1024_cuda_repeat03,1,neural_policy,output_average,social_loss_forward,0.0003049890510737896
toy2,neural_output_average,tensor_batched,tensor_batched,cuda,1024,5,1,3,0,5,toy2_gpu_core_neural_output_average_tensor_batched_1024_cuda_repeat03,1,neural_policy,output_average,social_autograd_grad,0.0005500640254467726
toy2,neural_output_average,tensor_batched,tensor_batched,cuda,1024,5,1,3,0,5,toy2_gpu_core_neural_output_average_tensor_batched_1024_cuda_repeat03,1,neural_policy,output_average,social_adam_update,0.0006588209653273225
toy2,neural_output_average,tensor_batched,tensor_batched,cuda,1024,5,1,3,0,5,toy2_gpu_core_neural_output_average_tensor_batched_1024_cuda_repeat03,1,neural_policy,output_average,social_optimizer_update,0.0020369270350784063
toy2,neural_output_average,tensor_batched,tensor_batched,cuda,1024,5,1,3,0,5,toy2_gpu_core_neural_output_average_tensor_batched_1024_cuda_repeat03,1,neural_policy,output_average,social_loss_update,0.002372473943978548
toy2,neural_output_average,tensor_batched,tensor_batched,cuda,1024,5,1,3,0,5,toy2_gpu_core_neural_output_average_tensor_batched_1024_cuda_repeat03,1,neural_policy,output_average,social_distillation,0.003466692054644227
toy2,neural_output_average,tensor_batched,tensor_batched,cuda,1024,5,1,3,0,5,toy2_gpu_core_neural_output_average_tensor_batched_1024_cuda_repeat03,1,neural_policy,output_average,social_step,0.003496567951515317
toy2,neural_output_average,tensor_batched,tensor_batched,cuda,1024,5,1,3,0,5,toy2_gpu_core_neural_output_average_tensor_batched_1024_cuda_repeat03,1,neural_policy,output_average,sample_actions,7.1140239015221596e-06
toy2,neural_output_average,tensor_batched,tensor_batched,cuda,1024,5,1,3,0,5,toy2_gpu_core_neural_output_average_tensor_batched_1024_cuda_repeat03,1,neural_policy,output_average,commit_actions,1.2723961845040321e-05
toy2,neural_output_average,tensor_batched,tensor_batched,cuda,1024,5,1,3,0,5,toy2_gpu_core_neural_output_average_tensor_batched_1024_cuda_repeat03,1,neural_policy,output_average,post_step_state_policy,6.34010648354888e-05
toy2,neural_output_average,tensor_batched,tensor_batched,cuda,1024,5,1,3,0,5,toy2_gpu_core_neural_output_average_tensor_batched_1024_cuda_repeat03,1,neural_policy,output_average,update_payoff_ema,8.699495811015368e-05
toy2,neural_output_average,tensor_batched,tensor_batched,cuda,1024,5,1,3,0,5,toy2_gpu_core_neural_output_average_tensor_batched_1024_cuda_repeat03,1,neural_policy,output_average,update_reputation_ema,6.257800851017237e-05
toy2,neural_output_average,tensor_batched,tensor_batched,cuda,1024,5,1,3,0,5,toy2_gpu_core_neural_output_average_tensor_batched_1024_cuda_repeat03,1,neural_policy,output_average,mobility_swaps,0.0007498330669477582
toy2,neural_output_average,tensor_batched,tensor_batched,cuda,1024,5,1,3,0,5,toy2_gpu_core_neural_output_average_tensor_batched_1024_cuda_repeat03,1,neural_policy,output_average,finalize_hook_step,5.4393080063164234e-05
toy2,neural_output_average,tensor_batched,tensor_batched,cuda,1024,5,1,3,0,5,toy2_gpu_core_neural_output_average_tensor_batched_1024_cuda_repeat03,1,neural_policy,output_average,hooked_step_total,0.011239798972383142
toy2,neural_output_average,tensor_batched,tensor_batched,cuda,1024,5,1,3,0,5,toy2_gpu_core_neural_output_average_tensor_batched_1024_cuda_repeat03,1,neural_policy,output_average,aggregate_row,0.0028228500159457326
toy2,neural_output_average,tensor_batched,tensor_batched,cuda,1024,5,1,3,0,5,toy2_gpu_core_neural_output_average_tensor_batched_1024_cuda_repeat03,1,neural_policy,output_average,write_aggregate,6.748794112354517e-05
toy2,neural_output_average,tensor_batched,tensor_batched,cuda,1024,5,1,3,0,5,toy2_gpu_core_neural_output_average_tensor_batched_1024_cuda_repeat03,2,neural_policy,output_average,sample_revision_mask,2.0539038814604282e-05
toy2,neural_output_average,tensor_batched,tensor_batched,cuda,1024,5,1,3,0,5,toy2_gpu_core_neural_output_average_tensor_batched_1024_cuda_repeat03,2,neural_policy,output_average,build_step_context,1.6952049918472767e-05
toy2,neural_output_average,tensor_batched,tensor_batched,cuda,1024,5,1,3,0,5,toy2_gpu_core_neural_output_average_tensor_batched_1024_cuda_repeat03,2,neural_policy,output_average,neural_context_peers,9.758048690855503e-06
toy2,neural_output_average,tensor_batched,tensor_batched,cuda,1024,5,1,3,0,5,toy2_gpu_core_neural_output_average_tensor_batched_1024_cuda_repeat03,2,neural_policy,output_average,build_observations,0.00025624700356274843
toy2,neural_output_average,tensor_batched,tensor_batched,cuda,1024,5,1,3,0,5,toy2_gpu_core_neural_output_average_tensor_batched_1024_cuda_repeat03,2,neural_policy,output_average,policy_readout,0.00019906798843294382
toy2,neural_output_average,tensor_batched,tensor_batched,cuda,1024,5,1,3,0,5,toy2_gpu_core_neural_output_average_tensor_batched_1024_cuda_repeat03,2,neural_policy,output_average,decision_selection,0.00023817201144993305
toy2,neural_output_average,tensor_batched,tensor_batched,cuda,1024,5,1,3,0,5,toy2_gpu_core_neural_output_average_tensor_batched_1024_cuda_repeat03,2,neural_policy,output_average,local_trainable_parameters,5.937204696238041e-05
toy2,neural_output_average,tensor_batched,tensor_batched,cuda,1024,5,1,3,0,5,toy2_gpu_core_neural_output_average_tensor_batched_1024_cuda_repeat03,2,neural_policy,output_average,local_loss_forward,0.00030924694146960974
toy2,neural_output_average,tensor_batched,tensor_batched,cuda,1024,5,1,3,0,5,toy2_gpu_core_neural_output_average_tensor_batched_1024_cuda_repeat03,2,neural_policy,output_average,local_autograd_grad,0.0005908920429646969
toy2,neural_output_average,tensor_batched,tensor_batched,cuda,1024,5,1,3,0,5,toy2_gpu_core_neural_output_average_tensor_batched_1024_cuda_repeat03,2,neural_policy,output_average,local_adam_update,0.000511421007104218
toy2,neural_output_average,tensor_batched,tensor_batched,cuda,1024,5,1,3,0,5,toy2_gpu_core_neural_output_average_tensor_batched_1024_cuda_repeat03,2,neural_policy,output_average,local_optimizer_update,0.0011870739981532097
toy2,neural_output_average,tensor_batched,tensor_batched,cuda,1024,5,1,3,0,5,toy2_gpu_core_neural_output_average_tensor_batched_1024_cuda_repeat03,2,neural_policy,output_average,local_loss_update,0.0015241039218381047
toy2,neural_output_average,tensor_batched,tensor_batched,cuda,1024,5,1,3,0,5,toy2_gpu_core_neural_output_average_tensor_batched_1024_cuda_repeat03,2,neural_policy,output_average,local_training,0.001866132952272892
toy2,neural_output_average,tensor_batched,tensor_batched,cuda,1024,5,1,3,0,5,toy2_gpu_core_neural_output_average_tensor_batched_1024_cuda_repeat03,2,neural_policy,output_average,cache_refresh,8.005998097360134e-06
toy2,neural_output_average,tensor_batched,tensor_batched,cuda,1024,5,1,3,0,5,toy2_gpu_core_neural_output_average_tensor_batched_1024_cuda_repeat03,2,neural_policy,output_average,post_local_readout,0.00019412895198911428
toy2,neural_output_average,tensor_batched,tensor_batched,cuda,1024,5,1,3,0,5,toy2_gpu_core_neural_output_average_tensor_batched_1024_cuda_repeat03,2,neural_policy,output_average,local_step,0.0033426859881728888
toy2,neural_output_average,tensor_batched,tensor_batched,cuda,1024,5,1,3,0,5,toy2_gpu_core_neural_output_average_tensor_batched_1024_cuda_repeat03,2,neural_policy,output_average,select_peers,9.378069080412388e-06
toy2,neural_output_average,tensor_batched,tensor_batched,cuda,1024,5,1,3,0,5,toy2_gpu_core_neural_output_average_tensor_batched_1024_cuda_repeat03,2,neural_policy,output_average,social_mix,0.0004487520782276988
toy2,neural_output_average,tensor_batched,tensor_batched,cuda,1024,5,1,3,0,5,toy2_gpu_core_neural_output_average_tensor_batched_1024_cuda_repeat03,2,neural_policy,output_average,social_trainable_parameters,5.242007318884134e-05
toy2,neural_output_average,tensor_batched,tensor_batched,cuda,1024,5,1,3,0,5,toy2_gpu_core_neural_output_average_tensor_batched_1024_cuda_repeat03,2,neural_policy,output_average,social_loss_forward,0.0002612159587442875
toy2,neural_output_average,tensor_batched,tensor_batched,cuda,1024,5,1,3,0,5,toy2_gpu_core_neural_output_average_tensor_batched_1024_cuda_repeat03,2,neural_policy,output_average,social_autograd_grad,0.000425117090344429
toy2,neural_output_average,tensor_batched,tensor_batched,cuda,1024,5,1,3,0,5,toy2_gpu_core_neural_output_average_tensor_batched_1024_cuda_repeat03,2,neural_policy,output_average,social_adam_update,0.0005174330435693264
toy2,neural_output_average,tensor_batched,tensor_batched,cuda,1024,5,1,3,0,5,toy2_gpu_core_neural_output_average_tensor_batched_1024_cuda_repeat03,2,neural_policy,output_average,social_optimizer_update,0.0010161789832636714
toy2,neural_output_average,tensor_batched,tensor_batched,cuda,1024,5,1,3,0,5,toy2_gpu_core_neural_output_average_tensor_batched_1024_cuda_repeat03,2,neural_policy,output_average,social_loss_update,0.0013046569656580687
toy2,neural_output_average,tensor_batched,tensor_batched,cuda,1024,5,1,3,0,5,toy2_gpu_core_neural_output_average_tensor_batched_1024_cuda_repeat03,2,neural_policy,output_average,social_distillation,0.0022052660351619124
toy2,neural_output_average,tensor_batched,tensor_batched,cuda,1024,5,1,3,0,5,toy2_gpu_core_neural_output_average_tensor_batched_1024_cuda_repeat03,2,neural_policy,output_average,social_step,0.0022302339784801006
toy2,neural_output_average,tensor_batched,tensor_batched,cuda,1024,5,1,3,0,5,toy2_gpu_core_neural_output_average_tensor_batched_1024_cuda_repeat03,2,neural_policy,output_average,sample_actions,6.302027031779289e-06
toy2,neural_output_average,tensor_batched,tensor_batched,cuda,1024,5,1,3,0,5,toy2_gpu_core_neural_output_average_tensor_batched_1024_cuda_repeat03,2,neural_policy,output_average,commit_actions,1.3174954801797867e-05
toy2,neural_output_average,tensor_batched,tensor_batched,cuda,1024,5,1,3,0,5,toy2_gpu_core_neural_output_average_tensor_batched_1024_cuda_repeat03,2,neural_policy,output_average,post_step_state_policy,3.5777920857071877e-05
toy2,neural_output_average,tensor_batched,tensor_batched,cuda,1024,5,1,3,0,5,toy2_gpu_core_neural_output_average_tensor_batched_1024_cuda_repeat03,2,neural_policy,output_average,update_payoff_ema,5.158805288374424e-05
toy2,neural_output_average,tensor_batched,tensor_batched,cuda,1024,5,1,3,0,5,toy2_gpu_core_neural_output_average_tensor_batched_1024_cuda_repeat03,2,neural_policy,output_average,update_reputation_ema,4.3903011828660965e-05
toy2,neural_output_average,tensor_batched,tensor_batched,cuda,1024,5,1,3,0,5,toy2_gpu_core_neural_output_average_tensor_batched_1024_cuda_repeat03,2,neural_policy,output_average,mobility_swaps,0.00041119102388620377
toy2,neural_output_average,tensor_batched,tensor_batched,cuda,1024,5,1,3,0,5,toy2_gpu_core_neural_output_average_tensor_batched_1024_cuda_repeat03,2,neural_policy,output_average,finalize_hook_step,2.191204112023115e-05
toy2,neural_output_average,tensor_batched,tensor_batched,cuda,1024,5,1,3,0,5,toy2_gpu_core_neural_output_average_tensor_batched_1024_cuda_repeat03,2,neural_policy,output_average,hooked_step_total,0.006874350947327912
toy2,neural_output_average,tensor_batched,tensor_batched,cuda,1024,5,1,3,0,5,toy2_gpu_core_neural_output_average_tensor_batched_1024_cuda_repeat03,2,neural_policy,output_average,aggregate_row,0.0017279210733249784
toy2,neural_output_average,tensor_batched,tensor_batched,cuda,1024,5,1,3,0,5,toy2_gpu_core_neural_output_average_tensor_batched_1024_cuda_repeat03,2,neural_policy,output_average,write_aggregate,4.1048042476177216e-05
toy2,neural_output_average,tensor_batched,tensor_batched,cuda,1024,5,1,3,0,5,toy2_gpu_core_neural_output_average_tensor_batched_1024_cuda_repeat03,3,neural_policy,output_average,sample_revision_mask,1.8754974007606506e-05
toy2,neural_output_average,tensor_batched,tensor_batched,cuda,1024,5,1,3,0,5,toy2_gpu_core_neural_output_average_tensor_batched_1024_cuda_repeat03,3,neural_policy,output_average,build_step_context,1.3426062650978565e-05
toy2,neural_output_average,tensor_batched,tensor_batched,cuda,1024,5,1,3,0,5,toy2_gpu_core_neural_output_average_tensor_batched_1024_cuda_repeat03,3,neural_policy,output_average,neural_context_peers,6.912974640727043e-06
toy2,neural_output_average,tensor_batched,tensor_batched,cuda,1024,5,1,3,0,5,toy2_gpu_core_neural_output_average_tensor_batched_1024_cuda_repeat03,3,neural_policy,output_average,build_observations,0.00022108899429440498
toy2,neural_output_average,tensor_batched,tensor_batched,cuda,1024,5,1,3,0,5,toy2_gpu_core_neural_output_average_tensor_batched_1024_cuda_repeat03,3,neural_policy,output_average,policy_readout,0.00019941898062825203
toy2,neural_output_average,tensor_batched,tensor_batched,cuda,1024,5,1,3,0,5,toy2_gpu_core_neural_output_average_tensor_batched_1024_cuda_repeat03,3,neural_policy,output_average,decision_selection,0.00019087200053036213
toy2,neural_output_average,tensor_batched,tensor_batched,cuda,1024,5,1,3,0,5,toy2_gpu_core_neural_output_average_tensor_batched_1024_cuda_repeat03,3,neural_policy,output_average,local_trainable_parameters,5.565595347434282e-05
toy2,neural_output_average,tensor_batched,tensor_batched,cuda,1024,5,1,3,0,5,toy2_gpu_core_neural_output_average_tensor_batched_1024_cuda_repeat03,3,neural_policy,output_average,local_loss_forward,0.00032026797998696566
toy2,neural_output_average,tensor_batched,tensor_batched,cuda,1024,5,1,3,0,5,toy2_gpu_core_neural_output_average_tensor_batched_1024_cuda_repeat03,3,neural_policy,output_average,local_autograd_grad,0.0005018220981582999
toy2,neural_output_average,tensor_batched,tensor_batched,cuda,1024,5,1,3,0,5,toy2_gpu_core_neural_output_average_tensor_batched_1024_cuda_repeat03,3,neural_policy,output_average,local_adam_update,0.0005291339475661516
toy2,neural_output_average,tensor_batched,tensor_batched,cuda,1024,5,1,3,0,5,toy2_gpu_core_neural_output_average_tensor_batched_1024_cuda_repeat03,3,neural_policy,output_average,local_optimizer_update,0.0011034050257876515
toy2,neural_output_average,tensor_batched,tensor_batched,cuda,1024,5,1,3,0,5,toy2_gpu_core_neural_output_average_tensor_batched_1024_cuda_repeat03,3,neural_policy,output_average,local_loss_update,0.0014518260722979903
toy2,neural_output_average,tensor_batched,tensor_batched,cuda,1024,5,1,3,0,5,toy2_gpu_core_neural_output_average_tensor_batched_1024_cuda_repeat03,3,neural_policy,output_average,local_training,0.00178498902823776
toy2,neural_output_average,tensor_batched,tensor_batched,cuda,1024,5,1,3,0,5,toy2_gpu_core_neural_output_average_tensor_batched_1024_cuda_repeat03,3,neural_policy,output_average,cache_refresh,6.902962923049927e-06
toy2,neural_output_average,tensor_batched,tensor_batched,cuda,1024,5,1,3,0,5,toy2_gpu_core_neural_output_average_tensor_batched_1024_cuda_repeat03,3,neural_policy,output_average,post_local_readout,0.000180443050339818
toy2,neural_output_average,tensor_batched,tensor_batched,cuda,1024,5,1,3,0,5,toy2_gpu_core_neural_output_average_tensor_batched_1024_cuda_repeat03,3,neural_policy,output_average,local_step,0.003081820090301335
toy2,neural_output_average,tensor_batched,tensor_batched,cuda,1024,5,1,3,0,5,toy2_gpu_core_neural_output_average_tensor_batched_1024_cuda_repeat03,3,neural_policy,output_average,select_peers,9.607989341020584e-06
toy2,neural_output_average,tensor_batched,tensor_batched,cuda,1024,5,1,3,0,5,toy2_gpu_core_neural_output_average_tensor_batched_1024_cuda_repeat03,3,neural_policy,output_average,social_mix,0.00040391692891716957
toy2,neural_output_average,tensor_batched,tensor_batched,cuda,1024,5,1,3,0,5,toy2_gpu_core_neural_output_average_tensor_batched_1024_cuda_repeat03,3,neural_policy,output_average,social_trainable_parameters,5.1578041166067123e-05
toy2,neural_output_average,tensor_batched,tensor_batched,cuda,1024,5,1,3,0,5,toy2_gpu_core_neural_output_average_tensor_batched_1024_cuda_repeat03,3,neural_policy,output_average,social_loss_forward,0.00022766191978007555
toy2,neural_output_average,tensor_batched,tensor_batched,cuda,1024,5,1,3,0,5,toy2_gpu_core_neural_output_average_tensor_batched_1024_cuda_repeat03,3,neural_policy,output_average,social_autograd_grad,0.0003868939820677042
toy2,neural_output_average,tensor_batched,tensor_batched,cuda,1024,5,1,3,0,5,toy2_gpu_core_neural_output_average_tensor_batched_1024_cuda_repeat03,3,neural_policy,output_average,social_adam_update,0.0005347349215298891
toy2,neural_output_average,tensor_batched,tensor_batched,cuda,1024,5,1,3,0,5,toy2_gpu_core_neural_output_average_tensor_batched_1024_cuda_repeat03,3,neural_policy,output_average,social_optimizer_update,0.0009952299296855927
toy2,neural_output_average,tensor_batched,tensor_batched,cuda,1024,5,1,3,0,5,toy2_gpu_core_neural_output_average_tensor_batched_1024_cuda_repeat03,3,neural_policy,output_average,social_loss_update,0.001249421969987452
toy2,neural_output_average,tensor_batched,tensor_batched,cuda,1024,5,1,3,0,5,toy2_gpu_core_neural_output_average_tensor_batched_1024_cuda_repeat03,3,neural_policy,output_average,social_distillation,0.0020484989508986473
toy2,neural_output_average,tensor_batched,tensor_batched,cuda,1024,5,1,3,0,5,toy2_gpu_core_neural_output_average_tensor_batched_1024_cuda_repeat03,3,neural_policy,output_average,social_step,0.0020726349903270602
toy2,neural_output_average,tensor_batched,tensor_batched,cuda,1024,5,1,3,0,5,toy2_gpu_core_neural_output_average_tensor_batched_1024_cuda_repeat03,3,neural_policy,output_average,sample_actions,6.671994924545288e-06
toy2,neural_output_average,tensor_batched,tensor_batched,cuda,1024,5,1,3,0,5,toy2_gpu_core_neural_output_average_tensor_batched_1024_cuda_repeat03,3,neural_policy,output_average,commit_actions,1.0750023648142815e-05
toy2,neural_output_average,tensor_batched,tensor_batched,cuda,1024,5,1,3,0,5,toy2_gpu_core_neural_output_average_tensor_batched_1024_cuda_repeat03,3,neural_policy,output_average,post_step_state_policy,2.269295509904623e-05
toy2,neural_output_average,tensor_batched,tensor_batched,cuda,1024,5,1,3,0,5,toy2_gpu_core_neural_output_average_tensor_batched_1024_cuda_repeat03,3,neural_policy,output_average,update_payoff_ema,4.810199607163668e-05
toy2,neural_output_average,tensor_batched,tensor_batched,cuda,1024,5,1,3,0,5,toy2_gpu_core_neural_output_average_tensor_batched_1024_cuda_repeat03,3,neural_policy,output_average,update_reputation_ema,4.1368999518454075e-05
toy2,neural_output_average,tensor_batched,tensor_batched,cuda,1024,5,1,3,0,5,toy2_gpu_core_neural_output_average_tensor_batched_1024_cuda_repeat03,3,neural_policy,output_average,mobility_swaps,0.0003306679427623749
toy2,neural_output_average,tensor_batched,tensor_batched,cuda,1024,5,1,3,0,5,toy2_gpu_core_neural_output_average_tensor_batched_1024_cuda_repeat03,3,neural_policy,output_average,finalize_hook_step,2.6370049454271793e-05
toy2,neural_output_average,tensor_batched,tensor_batched,cuda,1024,5,1,3,0,5,toy2_gpu_core_neural_output_average_tensor_batched_1024_cuda_repeat03,3,neural_policy,output_average,hooked_step_total,0.006276545929722488
toy2,neural_output_average,tensor_batched,tensor_batched,cuda,1024,5,1,3,0,5,toy2_gpu_core_neural_output_average_tensor_batched_1024_cuda_repeat03,3,neural_policy,output_average,aggregate_row,0.001442217966541648
toy2,neural_output_average,tensor_batched,tensor_batched,cuda,1024,5,1,3,0,5,toy2_gpu_core_neural_output_average_tensor_batched_1024_cuda_repeat03,3,neural_policy,output_average,write_aggregate,3.615790046751499e-05
toy2,neural_output_average,tensor_batched,tensor_batched,cuda,1024,5,1,3,0,5,toy2_gpu_core_neural_output_average_tensor_batched_1024_cuda_repeat03,4,neural_policy,output_average,sample_revision_mask,1.723296009004116e-05
toy2,neural_output_average,tensor_batched,tensor_batched,cuda,1024,5,1,3,0,5,toy2_gpu_core_neural_output_average_tensor_batched_1024_cuda_repeat03,4,neural_policy,output_average,build_step_context,9.697978384792805e-06
toy2,neural_output_average,tensor_batched,tensor_batched,cuda,1024,5,1,3,0,5,toy2_gpu_core_neural_output_average_tensor_batched_1024_cuda_repeat03,4,neural_policy,output_average,neural_context_peers,6.932998076081276e-06
toy2,neural_output_average,tensor_batched,tensor_batched,cuda,1024,5,1,3,0,5,toy2_gpu_core_neural_output_average_tensor_batched_1024_cuda_repeat03,4,neural_policy,output_average,build_observations,0.00017164601013064384
toy2,neural_output_average,tensor_batched,tensor_batched,cuda,1024,5,1,3,0,5,toy2_gpu_core_neural_output_average_tensor_batched_1024_cuda_repeat03,4,neural_policy,output_average,policy_readout,0.00017691601533442736
toy2,neural_output_average,tensor_batched,tensor_batched,cuda,1024,5,1,3,0,5,toy2_gpu_core_neural_output_average_tensor_batched_1024_cuda_repeat03,4,neural_policy,output_average,decision_selection,0.0001599229872226715
toy2,neural_output_average,tensor_batched,tensor_batched,cuda,1024,5,1,3,0,5,toy2_gpu_core_neural_output_average_tensor_batched_1024_cuda_repeat03,4,neural_policy,output_average,local_trainable_parameters,5.571497604250908e-05
toy2,neural_output_average,tensor_batched,tensor_batched,cuda,1024,5,1,3,0,5,toy2_gpu_core_neural_output_average_tensor_batched_1024_cuda_repeat03,4,neural_policy,output_average,local_loss_forward,0.00028523209039121866
toy2,neural_output_average,tensor_batched,tensor_batched,cuda,1024,5,1,3,0,5,toy2_gpu_core_neural_output_average_tensor_batched_1024_cuda_repeat03,4,neural_policy,output_average,local_autograd_grad,0.0005669570527970791
toy2,neural_output_average,tensor_batched,tensor_batched,cuda,1024,5,1,3,0,5,toy2_gpu_core_neural_output_average_tensor_batched_1024_cuda_repeat03,4,neural_policy,output_average,local_adam_update,0.0005604340694844723
toy2,neural_output_average,tensor_batched,tensor_batched,cuda,1024,5,1,3,0,5,toy2_gpu_core_neural_output_average_tensor_batched_1024_cuda_repeat03,4,neural_policy,output_average,local_optimizer_update,0.001206640969030559
toy2,neural_output_average,tensor_batched,tensor_batched,cuda,1024,5,1,3,0,5,toy2_gpu_core_neural_output_average_tensor_batched_1024_cuda_repeat03,4,neural_policy,output_average,local_loss_update,0.0015198549954220653
toy2,neural_output_average,tensor_batched,tensor_batched,cuda,1024,5,1,3,0,5,toy2_gpu_core_neural_output_average_tensor_batched_1024_cuda_repeat03,4,neural_policy,output_average,local_training,0.0018266679253429174
toy2,neural_output_average,tensor_batched,tensor_batched,cuda,1024,5,1,3,0,5,toy2_gpu_core_neural_output_average_tensor_batched_1024_cuda_repeat03,4,neural_policy,output_average,cache_refresh,7.263966836035252e-06
toy2,neural_output_average,tensor_batched,tensor_batched,cuda,1024,5,1,3,0,5,toy2_gpu_core_neural_output_average_tensor_batched_1024_cuda_repeat03,4,neural_policy,output_average,post_local_readout,0.0001808929955586791
toy2,neural_output_average,tensor_batched,tensor_batched,cuda,1024,5,1,3,0,5,toy2_gpu_core_neural_output_average_tensor_batched_1024_cuda_repeat03,4,neural_policy,output_average,local_step,0.003118902095593512
toy2,neural_output_average,tensor_batched,tensor_batched,cuda,1024,5,1,3,0,5,toy2_gpu_core_neural_output_average_tensor_batched_1024_cuda_repeat03,4,neural_policy,output_average,select_peers,9.357929229736328e-06
toy2,neural_output_average,tensor_batched,tensor_batched,cuda,1024,5,1,3,0,5,toy2_gpu_core_neural_output_average_tensor_batched_1024_cuda_repeat03,4,neural_policy,output_average,social_mix,0.0004206590820103884
toy2,neural_output_average,tensor_batched,tensor_batched,cuda,1024,5,1,3,0,5,toy2_gpu_core_neural_output_average_tensor_batched_1024_cuda_repeat03,4,neural_policy,output_average,social_trainable_parameters,5.704793147742748e-05
toy2,neural_output_average,tensor_batched,tensor_batched,cuda,1024,5,1,3,0,5,toy2_gpu_core_neural_output_average_tensor_batched_1024_cuda_repeat03,4,neural_policy,output_average,social_loss_forward,0.0002342140069231391
toy2,neural_output_average,tensor_batched,tensor_batched,cuda,1024,5,1,3,0,5,toy2_gpu_core_neural_output_average_tensor_batched_1024_cuda_repeat03,4,neural_policy,output_average,social_autograd_grad,0.00036676705349236727
toy2,neural_output_average,tensor_batched,tensor_batched,cuda,1024,5,1,3,0,5,toy2_gpu_core_neural_output_average_tensor_batched_1024_cuda_repeat03,4,neural_policy,output_average,social_adam_update,0.0005935269873589277
toy2,neural_output_average,tensor_batched,tensor_batched,cuda,1024,5,1,3,0,5,toy2_gpu_core_neural_output_average_tensor_batched_1024_cuda_repeat03,4,neural_policy,output_average,social_optimizer_update,0.0010381609899923205
toy2,neural_output_average,tensor_batched,tensor_batched,cuda,1024,5,1,3,0,5,toy2_gpu_core_neural_output_average_tensor_batched_1024_cuda_repeat03,4,neural_policy,output_average,social_loss_update,0.0013019019970670342
toy2,neural_output_average,tensor_batched,tensor_batched,cuda,1024,5,1,3,0,5,toy2_gpu_core_neural_output_average_tensor_batched_1024_cuda_repeat03,4,neural_policy,output_average,social_distillation,0.0021450920030474663
toy2,neural_output_average,tensor_batched,tensor_batched,cuda,1024,5,1,3,0,5,toy2_gpu_core_neural_output_average_tensor_batched_1024_cuda_repeat03,4,neural_policy,output_average,social_step,0.002167695085518062
toy2,neural_output_average,tensor_batched,tensor_batched,cuda,1024,5,1,3,0,5,toy2_gpu_core_neural_output_average_tensor_batched_1024_cuda_repeat03,4,neural_policy,output_average,sample_actions,6.3320621848106384e-06
toy2,neural_output_average,tensor_batched,tensor_batched,cuda,1024,5,1,3,0,5,toy2_gpu_core_neural_output_average_tensor_batched_1024_cuda_repeat03,4,neural_policy,output_average,commit_actions,1.0560033842921257e-05
toy2,neural_output_average,tensor_batched,tensor_batched,cuda,1024,5,1,3,0,5,toy2_gpu_core_neural_output_average_tensor_batched_1024_cuda_repeat03,4,neural_policy,output_average,post_step_state_policy,2.151099033653736e-05
toy2,neural_output_average,tensor_batched,tensor_batched,cuda,1024,5,1,3,0,5,toy2_gpu_core_neural_output_average_tensor_batched_1024_cuda_repeat03,4,neural_policy,output_average,update_payoff_ema,0.0001065919641405344
toy2,neural_output_average,tensor_batched,tensor_batched,cuda,1024,5,1,3,0,5,toy2_gpu_core_neural_output_average_tensor_batched_1024_cuda_repeat03,4,neural_policy,output_average,update_reputation_ema,4.6678935177624226e-05
toy2,neural_output_average,tensor_batched,tensor_batched,cuda,1024,5,1,3,0,5,toy2_gpu_core_neural_output_average_tensor_batched_1024_cuda_repeat03,4,neural_policy,output_average,mobility_swaps,0.0005049880128353834
toy2,neural_output_average,tensor_batched,tensor_batched,cuda,1024,5,1,3,0,5,toy2_gpu_core_neural_output_average_tensor_batched_1024_cuda_repeat03,4,neural_policy,output_average,finalize_hook_step,1.9588042050600052e-05
toy2,neural_output_average,tensor_batched,tensor_batched,cuda,1024,5,1,3,0,5,toy2_gpu_core_neural_output_average_tensor_batched_1024_cuda_repeat03,4,neural_policy,output_average,hooked_step_total,0.006755286012776196
toy2,neural_output_average,tensor_batched,tensor_batched,cuda,1024,5,1,3,0,5,toy2_gpu_core_neural_output_average_tensor_batched_1024_cuda_repeat03,4,neural_policy,output_average,aggregate_row,0.0014645709889009595
toy2,neural_output_average,tensor_batched,tensor_batched,cuda,1024,5,1,3,0,5,toy2_gpu_core_neural_output_average_tensor_batched_1024_cuda_repeat03,4,neural_policy,output_average,write_aggregate,4.396401345729828e-05
toy2,neural_output_average,tensor_batched,tensor_batched,cuda,1024,5,1,3,0,5,toy2_gpu_core_neural_output_average_tensor_batched_1024_cuda_repeat03,5,neural_policy,output_average,sample_revision_mask,2.057896926999092e-05
toy2,neural_output_average,tensor_batched,tensor_batched,cuda,1024,5,1,3,0,5,toy2_gpu_core_neural_output_average_tensor_batched_1024_cuda_repeat03,5,neural_policy,output_average,build_step_context,1.2183096259832382e-05
toy2,neural_output_average,tensor_batched,tensor_batched,cuda,1024,5,1,3,0,5,toy2_gpu_core_neural_output_average_tensor_batched_1024_cuda_repeat03,5,neural_policy,output_average,neural_context_peers,6.413087248802185e-06
toy2,neural_output_average,tensor_batched,tensor_batched,cuda,1024,5,1,3,0,5,toy2_gpu_core_neural_output_average_tensor_batched_1024_cuda_repeat03,5,neural_policy,output_average,build_observations,0.00020231399685144424
toy2,neural_output_average,tensor_batched,tensor_batched,cuda,1024,5,1,3,0,5,toy2_gpu_core_neural_output_average_tensor_batched_1024_cuda_repeat03,5,neural_policy,output_average,policy_readout,0.00019248609896749258
toy2,neural_output_average,tensor_batched,tensor_batched,cuda,1024,5,1,3,0,5,toy2_gpu_core_neural_output_average_tensor_batched_1024_cuda_repeat03,5,neural_policy,output_average,decision_selection,0.00017832801677286625
toy2,neural_output_average,tensor_batched,tensor_batched,cuda,1024,5,1,3,0,5,toy2_gpu_core_neural_output_average_tensor_batched_1024_cuda_repeat03,5,neural_policy,output_average,local_trainable_parameters,0.0011531489435583353
toy2,neural_output_average,tensor_batched,tensor_batched,cuda,1024,5,1,3,0,5,toy2_gpu_core_neural_output_average_tensor_batched_1024_cuda_repeat03,5,neural_policy,output_average,local_loss_forward,0.0003983959322795272
toy2,neural_output_average,tensor_batched,tensor_batched,cuda,1024,5,1,3,0,5,toy2_gpu_core_neural_output_average_tensor_batched_1024_cuda_repeat03,5,neural_policy,output_average,local_autograd_grad,0.001676663989201188
toy2,neural_output_average,tensor_batched,tensor_batched,cuda,1024,5,1,3,0,5,toy2_gpu_core_neural_output_average_tensor_batched_1024_cuda_repeat03,5,neural_policy,output_average,local_adam_update,0.0024225489469245076
toy2,neural_output_average,tensor_batched,tensor_batched,cuda,1024,5,1,3,0,5,toy2_gpu_core_neural_output_average_tensor_batched_1024_cuda_repeat03,5,neural_policy,output_average,local_optimizer_update,0.004303731024265289
toy2,neural_output_average,tensor_batched,tensor_batched,cuda,1024,5,1,3,0,5,toy2_gpu_core_neural_output_average_tensor_batched_1024_cuda_repeat03,5,neural_policy,output_average,local_loss_update,0.00473329599481076
toy2,neural_output_average,tensor_batched,tensor_batched,cuda,1024,5,1,3,0,5,toy2_gpu_core_neural_output_average_tensor_batched_1024_cuda_repeat03,5,neural_policy,output_average,local_training,0.0063311089761555195
toy2,neural_output_average,tensor_batched,tensor_batched,cuda,1024,5,1,3,0,5,toy2_gpu_core_neural_output_average_tensor_batched_1024_cuda_repeat03,5,neural_policy,output_average,cache_refresh,7.885042577981949e-06
toy2,neural_output_average,tensor_batched,tensor_batched,cuda,1024,5,1,3,0,5,toy2_gpu_core_neural_output_average_tensor_batched_1024_cuda_repeat03,5,neural_policy,output_average,post_local_readout,0.0007556750206276774
toy2,neural_output_average,tensor_batched,tensor_batched,cuda,1024,5,1,3,0,5,toy2_gpu_core_neural_output_average_tensor_batched_1024_cuda_repeat03,5,neural_policy,output_average,local_step,0.009106789017096162
toy2,neural_output_average,tensor_batched,tensor_batched,cuda,1024,5,1,3,0,5,toy2_gpu_core_neural_output_average_tensor_batched_1024_cuda_repeat03,5,neural_policy,output_average,select_peers,1.0399962775409222e-05
toy2,neural_output_average,tensor_batched,tensor_batched,cuda,1024,5,1,3,0,5,toy2_gpu_core_neural_output_average_tensor_batched_1024_cuda_repeat03,5,neural_policy,output_average,social_mix,0.0007000589976087213
toy2,neural_output_average,tensor_batched,tensor_batched,cuda,1024,5,1,3,0,5,toy2_gpu_core_neural_output_average_tensor_batched_1024_cuda_repeat03,5,neural_policy,output_average,social_trainable_parameters,0.00010493898298591375
toy2,neural_output_average,tensor_batched,tensor_batched,cuda,1024,5,1,3,0,5,toy2_gpu_core_neural_output_average_tensor_batched_1024_cuda_repeat03,5,neural_policy,output_average,social_loss_forward,0.0008157390402629972
toy2,neural_output_average,tensor_batched,tensor_batched,cuda,1024,5,1,3,0,5,toy2_gpu_core_neural_output_average_tensor_batched_1024_cuda_repeat03,5,neural_policy,output_average,social_autograd_grad,0.000624815933406353
toy2,neural_output_average,tensor_batched,tensor_batched,cuda,1024,5,1,3,0,5,toy2_gpu_core_neural_output_average_tensor_batched_1024_cuda_repeat03,5,neural_policy,output_average,social_adam_update,0.0009361569536849856
toy2,neural_output_average,tensor_batched,tensor_batched,cuda,1024,5,1,3,0,5,toy2_gpu_core_neural_output_average_tensor_batched_1024_cuda_repeat03,5,neural_policy,output_average,social_optimizer_update,0.0017345630330964923
toy2,neural_output_average,tensor_batched,tensor_batched,cuda,1024,5,1,3,0,5,toy2_gpu_core_neural_output_average_tensor_batched_1024_cuda_repeat03,5,neural_policy,output_average,social_loss_update,0.002599324914626777
toy2,neural_output_average,tensor_batched,tensor_batched,cuda,1024,5,1,3,0,5,toy2_gpu_core_neural_output_average_tensor_batched_1024_cuda_repeat03,5,neural_policy,output_average,social_distillation,0.003973684040829539
toy2,neural_output_average,tensor_batched,tensor_batched,cuda,1024,5,1,3,0,5,toy2_gpu_core_neural_output_average_tensor_batched_1024_cuda_repeat03,5,neural_policy,output_average,social_step,0.004022435983642936
toy2,neural_output_average,tensor_batched,tensor_batched,cuda,1024,5,1,3,0,5,toy2_gpu_core_neural_output_average_tensor_batched_1024_cuda_repeat03,5,neural_policy,output_average,sample_actions,9.417999535799026e-06
toy2,neural_output_average,tensor_batched,tensor_batched,cuda,1024,5,1,3,0,5,toy2_gpu_core_neural_output_average_tensor_batched_1024_cuda_repeat03,5,neural_policy,output_average,commit_actions,2.1320069208741188e-05
toy2,neural_output_average,tensor_batched,tensor_batched,cuda,1024,5,1,3,0,5,toy2_gpu_core_neural_output_average_tensor_batched_1024_cuda_repeat03,5,neural_policy,output_average,post_step_state_policy,3.5577104426920414e-05
toy2,neural_output_average,tensor_batched,tensor_batched,cuda,1024,5,1,3,0,5,toy2_gpu_core_neural_output_average_tensor_batched_1024_cuda_repeat03,5,neural_policy,output_average,update_payoff_ema,7.681595161557198e-05
toy2,neural_output_average,tensor_batched,tensor_batched,cuda,1024,5,1,3,0,5,toy2_gpu_core_neural_output_average_tensor_batched_1024_cuda_repeat03,5,neural_policy,output_average,update_reputation_ema,7.401092443615198e-05
toy2,neural_output_average,tensor_batched,tensor_batched,cuda,1024,5,1,3,0,5,toy2_gpu_core_neural_output_average_tensor_batched_1024_cuda_repeat03,5,neural_policy,output_average,mobility_swaps,0.0003849209751933813
toy2,neural_output_average,tensor_batched,tensor_batched,cuda,1024,5,1,3,0,5,toy2_gpu_core_neural_output_average_tensor_batched_1024_cuda_repeat03,5,neural_policy,output_average,finalize_hook_step,1.9588042050600052e-05
toy2,neural_output_average,tensor_batched,tensor_batched,cuda,1024,5,1,3,0,5,toy2_gpu_core_neural_output_average_tensor_batched_1024_cuda_repeat03,5,neural_policy,output_average,hooked_step_total,0.015639250981621444
toy2,neural_output_average,tensor_batched,tensor_batched,cuda,1024,5,1,3,0,5,toy2_gpu_core_neural_output_average_tensor_batched_1024_cuda_repeat03,5,neural_policy,output_average,aggregate_row,0.0012724759289994836
toy2,neural_output_average,tensor_batched,tensor_batched,cuda,1024,5,1,3,0,5,toy2_gpu_core_neural_output_average_tensor_batched_1024_cuda_repeat03,5,neural_policy,output_average,write_aggregate,4.411395639181137e-05
toy2,neural_output_average,tensor_batched,tensor_batched,cuda,1024,5,1,4,0,5,toy2_gpu_core_neural_output_average_tensor_batched_1024_cuda_repeat04,0,neural_policy,output_average,make_run_dir,0.00047035294119268656
toy2,neural_output_average,tensor_batched,tensor_batched,cuda,1024,5,1,4,0,5,toy2_gpu_core_neural_output_average_tensor_batched_1024_cuda_repeat04,0,neural_policy,output_average,write_metadata,0.0028719230322167277
toy2,neural_output_average,tensor_batched,tensor_batched,cuda,1024,5,1,4,0,5,toy2_gpu_core_neural_output_average_tensor_batched_1024_cuda_repeat04,0,neural_policy,output_average,initial_state,0.21869992592837662
toy2,neural_output_average,tensor_batched,tensor_batched,cuda,1024,5,1,4,0,5,toy2_gpu_core_neural_output_average_tensor_batched_1024_cuda_repeat04,0,neural_policy,output_average,writer_setup,0.0004608349408954382
toy2,neural_output_average,tensor_batched,tensor_batched,cuda,1024,5,1,4,0,5,toy2_gpu_core_neural_output_average_tensor_batched_1024_cuda_repeat04,0,neural_policy,output_average,initial_step_result,0.002358237048611045
toy2,neural_output_average,tensor_batched,tensor_batched,cuda,1024,5,1,4,0,5,toy2_gpu_core_neural_output_average_tensor_batched_1024_cuda_repeat04,0,neural_policy,output_average,initial_aggregate_row,0.002407400985248387
toy2,neural_output_average,tensor_batched,tensor_batched,cuda,1024,5,1,4,0,5,toy2_gpu_core_neural_output_average_tensor_batched_1024_cuda_repeat04,0,neural_policy,output_average,write_initial_aggregate,4.977500066161156e-05
toy2,neural_output_average,tensor_batched,tensor_batched,cuda,1024,5,1,4,0,5,toy2_gpu_core_neural_output_average_tensor_batched_1024_cuda_repeat04,1,neural_policy,output_average,sample_revision_mask,2.6559922844171524e-05
toy2,neural_output_average,tensor_batched,tensor_batched,cuda,1024,5,1,4,0,5,toy2_gpu_core_neural_output_average_tensor_batched_1024_cuda_repeat04,1,neural_policy,output_average,build_step_context,1.7513055354356766e-05
toy2,neural_output_average,tensor_batched,tensor_batched,cuda,1024,5,1,4,0,5,toy2_gpu_core_neural_output_average_tensor_batched_1024_cuda_repeat04,1,neural_policy,output_average,neural_context_peers,1.1931988410651684e-05
toy2,neural_output_average,tensor_batched,tensor_batched,cuda,1024,5,1,4,0,5,toy2_gpu_core_neural_output_average_tensor_batched_1024_cuda_repeat04,1,neural_policy,output_average,build_observations,0.00024477404076606035
toy2,neural_output_average,tensor_batched,tensor_batched,cuda,1024,5,1,4,0,5,toy2_gpu_core_neural_output_average_tensor_batched_1024_cuda_repeat04,1,neural_policy,output_average,policy_readout,0.00026810902636498213
toy2,neural_output_average,tensor_batched,tensor_batched,cuda,1024,5,1,4,0,5,toy2_gpu_core_neural_output_average_tensor_batched_1024_cuda_repeat04,1,neural_policy,output_average,decision_selection,0.0003874549875035882
toy2,neural_output_average,tensor_batched,tensor_batched,cuda,1024,5,1,4,0,5,toy2_gpu_core_neural_output_average_tensor_batched_1024_cuda_repeat04,1,neural_policy,output_average,local_trainable_parameters,7.539300713688135e-05
toy2,neural_output_average,tensor_batched,tensor_batched,cuda,1024,5,1,4,0,5,toy2_gpu_core_neural_output_average_tensor_batched_1024_cuda_repeat04,1,neural_policy,output_average,local_loss_forward,0.0005451850593090057
toy2,neural_output_average,tensor_batched,tensor_batched,cuda,1024,5,1,4,0,5,toy2_gpu_core_neural_output_average_tensor_batched_1024_cuda_repeat04,1,neural_policy,output_average,local_autograd_grad,0.0012182520003989339
toy2,neural_output_average,tensor_batched,tensor_batched,cuda,1024,5,1,4,0,5,toy2_gpu_core_neural_output_average_tensor_batched_1024_cuda_repeat04,1,neural_policy,output_average,local_adam_update,0.000983618083409965
toy2,neural_output_average,tensor_batched,tensor_batched,cuda,1024,5,1,4,0,5,toy2_gpu_core_neural_output_average_tensor_batched_1024_cuda_repeat04,1,neural_policy,output_average,local_optimizer_update,0.002348038018681109
toy2,neural_output_average,tensor_batched,tensor_batched,cuda,1024,5,1,4,0,5,toy2_gpu_core_neural_output_average_tensor_batched_1024_cuda_repeat04,1,neural_policy,output_average,local_loss_update,0.0029264059849083424
toy2,neural_output_average,tensor_batched,tensor_batched,cuda,1024,5,1,4,0,5,toy2_gpu_core_neural_output_average_tensor_batched_1024_cuda_repeat04,1,neural_policy,output_average,local_training,0.003476099926047027
toy2,neural_output_average,tensor_batched,tensor_batched,cuda,1024,5,1,4,0,5,toy2_gpu_core_neural_output_average_tensor_batched_1024_cuda_repeat04,1,neural_policy,output_average,cache_refresh,1.0248972102999687e-05
toy2,neural_output_average,tensor_batched,tensor_batched,cuda,1024,5,1,4,0,5,toy2_gpu_core_neural_output_average_tensor_batched_1024_cuda_repeat04,1,neural_policy,output_average,post_local_readout,0.00025303999427706003
toy2,neural_output_average,tensor_batched,tensor_batched,cuda,1024,5,1,4,0,5,toy2_gpu_core_neural_output_average_tensor_batched_1024_cuda_repeat04,1,neural_policy,output_average,local_step,0.005485114059410989
toy2,neural_output_average,tensor_batched,tensor_batched,cuda,1024,5,1,4,0,5,toy2_gpu_core_neural_output_average_tensor_batched_1024_cuda_repeat04,1,neural_policy,output_average,select_peers,1.2684031389653683e-05
toy2,neural_output_average,tensor_batched,tensor_batched,cuda,1024,5,1,4,0,5,toy2_gpu_core_neural_output_average_tensor_batched_1024_cuda_repeat04,1,neural_policy,output_average,social_mix,0.0006703030085191131
toy2,neural_output_average,tensor_batched,tensor_batched,cuda,1024,5,1,4,0,5,toy2_gpu_core_neural_output_average_tensor_batched_1024_cuda_repeat04,1,neural_policy,output_average,social_trainable_parameters,6.671692244708538e-05
toy2,neural_output_average,tensor_batched,tensor_batched,cuda,1024,5,1,4,0,5,toy2_gpu_core_neural_output_average_tensor_batched_1024_cuda_repeat04,1,neural_policy,output_average,social_loss_forward,0.0004043569788336754
toy2,neural_output_average,tensor_batched,tensor_batched,cuda,1024,5,1,4,0,5,toy2_gpu_core_neural_output_average_tensor_batched_1024_cuda_repeat04,1,neural_policy,output_average,social_autograd_grad,0.0005864331033080816
toy2,neural_output_average,tensor_batched,tensor_batched,cuda,1024,5,1,4,0,5,toy2_gpu_core_neural_output_average_tensor_batched_1024_cuda_repeat04,1,neural_policy,output_average,social_adam_update,0.001700007007457316
toy2,neural_output_average,tensor_batched,tensor_batched,cuda,1024,5,1,4,0,5,toy2_gpu_core_neural_output_average_tensor_batched_1024_cuda_repeat04,1,neural_policy,output_average,social_optimizer_update,0.0023967709857970476
toy2,neural_output_average,tensor_batched,tensor_batched,cuda,1024,5,1,4,0,5,toy2_gpu_core_neural_output_average_tensor_batched_1024_cuda_repeat04,1,neural_policy,output_average,social_loss_update,0.0028340999269858003
toy2,neural_output_average,tensor_batched,tensor_batched,cuda,1024,5,1,4,0,5,toy2_gpu_core_neural_output_average_tensor_batched_1024_cuda_repeat04,1,neural_policy,output_average,social_distillation,0.004587119095958769
toy2,neural_output_average,tensor_batched,tensor_batched,cuda,1024,5,1,4,0,5,toy2_gpu_core_neural_output_average_tensor_batched_1024_cuda_repeat04,1,neural_policy,output_average,social_step,0.0046196599723771214
toy2,neural_output_average,tensor_batched,tensor_batched,cuda,1024,5,1,4,0,5,toy2_gpu_core_neural_output_average_tensor_batched_1024_cuda_repeat04,1,neural_policy,output_average,sample_actions,8.80600418895483e-06
toy2,neural_output_average,tensor_batched,tensor_batched,cuda,1024,5,1,4,0,5,toy2_gpu_core_neural_output_average_tensor_batched_1024_cuda_repeat04,1,neural_policy,output_average,commit_actions,3.2081035897135735e-05
toy2,neural_output_average,tensor_batched,tensor_batched,cuda,1024,5,1,4,0,5,toy2_gpu_core_neural_output_average_tensor_batched_1024_cuda_repeat04,1,neural_policy,output_average,post_step_state_policy,5.917192902415991e-05
toy2,neural_output_average,tensor_batched,tensor_batched,cuda,1024,5,1,4,0,5,toy2_gpu_core_neural_output_average_tensor_batched_1024_cuda_repeat04,1,neural_policy,output_average,update_payoff_ema,9.784498251974583e-05
toy2,neural_output_average,tensor_batched,tensor_batched,cuda,1024,5,1,4,0,5,toy2_gpu_core_neural_output_average_tensor_batched_1024_cuda_repeat04,1,neural_policy,output_average,update_reputation_ema,5.597597919404507e-05
toy2,neural_output_average,tensor_batched,tensor_batched,cuda,1024,5,1,4,0,5,toy2_gpu_core_neural_output_average_tensor_batched_1024_cuda_repeat04,1,neural_policy,output_average,mobility_swaps,0.0006033949321135879
toy2,neural_output_average,tensor_batched,tensor_batched,cuda,1024,5,1,4,0,5,toy2_gpu_core_neural_output_average_tensor_batched_1024_cuda_repeat04,1,neural_policy,output_average,finalize_hook_step,2.870406024158001e-05
toy2,neural_output_average,tensor_batched,tensor_batched,cuda,1024,5,1,4,0,5,toy2_gpu_core_neural_output_average_tensor_batched_1024_cuda_repeat04,1,neural_policy,output_average,hooked_step_total,0.012161078047938645
toy2,neural_output_average,tensor_batched,tensor_batched,cuda,1024,5,1,4,0,5,toy2_gpu_core_neural_output_average_tensor_batched_1024_cuda_repeat04,1,neural_policy,output_average,aggregate_row,0.0022700800327584147
toy2,neural_output_average,tensor_batched,tensor_batched,cuda,1024,5,1,4,0,5,toy2_gpu_core_neural_output_average_tensor_batched_1024_cuda_repeat04,1,neural_policy,output_average,write_aggregate,4.8501999117434025e-05
toy2,neural_output_average,tensor_batched,tensor_batched,cuda,1024,5,1,4,0,5,toy2_gpu_core_neural_output_average_tensor_batched_1024_cuda_repeat04,2,neural_policy,output_average,sample_revision_mask,2.6650959625840187e-05
toy2,neural_output_average,tensor_batched,tensor_batched,cuda,1024,5,1,4,0,5,toy2_gpu_core_neural_output_average_tensor_batched_1024_cuda_repeat04,2,neural_policy,output_average,build_step_context,2.5638961233198643e-05
toy2,neural_output_average,tensor_batched,tensor_batched,cuda,1024,5,1,4,0,5,toy2_gpu_core_neural_output_average_tensor_batched_1024_cuda_repeat04,2,neural_policy,output_average,neural_context_peers,1.0038958862423897e-05
toy2,neural_output_average,tensor_batched,tensor_batched,cuda,1024,5,1,4,0,5,toy2_gpu_core_neural_output_average_tensor_batched_1024_cuda_repeat04,2,neural_policy,output_average,build_observations,0.0002232029801234603
toy2,neural_output_average,tensor_batched,tensor_batched,cuda,1024,5,1,4,0,5,toy2_gpu_core_neural_output_average_tensor_batched_1024_cuda_repeat04,2,neural_policy,output_average,policy_readout,0.0002298660110682249
toy2,neural_output_average,tensor_batched,tensor_batched,cuda,1024,5,1,4,0,5,toy2_gpu_core_neural_output_average_tensor_batched_1024_cuda_repeat04,2,neural_policy,output_average,decision_selection,0.0003555349539965391
toy2,neural_output_average,tensor_batched,tensor_batched,cuda,1024,5,1,4,0,5,toy2_gpu_core_neural_output_average_tensor_batched_1024_cuda_repeat04,2,neural_policy,output_average,local_trainable_parameters,7.078400813043118e-05
toy2,neural_output_average,tensor_batched,tensor_batched,cuda,1024,5,1,4,0,5,toy2_gpu_core_neural_output_average_tensor_batched_1024_cuda_repeat04,2,neural_policy,output_average,local_loss_forward,0.0003881270531564951
toy2,neural_output_average,tensor_batched,tensor_batched,cuda,1024,5,1,4,0,5,toy2_gpu_core_neural_output_average_tensor_batched_1024_cuda_repeat04,2,neural_policy,output_average,local_autograd_grad,0.00085110601503402
toy2,neural_output_average,tensor_batched,tensor_batched,cuda,1024,5,1,4,0,5,toy2_gpu_core_neural_output_average_tensor_batched_1024_cuda_repeat04,2,neural_policy,output_average,local_adam_update,0.0006981550250202417
toy2,neural_output_average,tensor_batched,tensor_batched,cuda,1024,5,1,4,0,5,toy2_gpu_core_neural_output_average_tensor_batched_1024_cuda_repeat04,2,neural_policy,output_average,local_optimizer_update,0.0016697300598025322
toy2,neural_output_average,tensor_batched,tensor_batched,cuda,1024,5,1,4,0,5,toy2_gpu_core_neural_output_average_tensor_batched_1024_cuda_repeat04,2,neural_policy,output_average,local_loss_update,0.002094967057928443
toy2,neural_output_average,tensor_batched,tensor_batched,cuda,1024,5,1,4,0,5,toy2_gpu_core_neural_output_average_tensor_batched_1024_cuda_repeat04,2,neural_policy,output_average,local_training,0.0025670540053397417
toy2,neural_output_average,tensor_batched,tensor_batched,cuda,1024,5,1,4,0,5,toy2_gpu_core_neural_output_average_tensor_batched_1024_cuda_repeat04,2,neural_policy,output_average,cache_refresh,1.1572032235562801e-05
toy2,neural_output_average,tensor_batched,tensor_batched,cuda,1024,5,1,4,0,5,toy2_gpu_core_neural_output_average_tensor_batched_1024_cuda_repeat04,2,neural_policy,output_average,post_local_readout,0.00023564707953482866
toy2,neural_output_average,tensor_batched,tensor_batched,cuda,1024,5,1,4,0,5,toy2_gpu_core_neural_output_average_tensor_batched_1024_cuda_repeat04,2,neural_policy,output_average,local_step,0.004377732053399086
toy2,neural_output_average,tensor_batched,tensor_batched,cuda,1024,5,1,4,0,5,toy2_gpu_core_neural_output_average_tensor_batched_1024_cuda_repeat04,2,neural_policy,output_average,select_peers,1.2353993952274323e-05
toy2,neural_output_average,tensor_batched,tensor_batched,cuda,1024,5,1,4,0,5,toy2_gpu_core_neural_output_average_tensor_batched_1024_cuda_repeat04,2,neural_policy,output_average,social_mix,0.000767387100495398
toy2,neural_output_average,tensor_batched,tensor_batched,cuda,1024,5,1,4,0,5,toy2_gpu_core_neural_output_average_tensor_batched_1024_cuda_repeat04,2,neural_policy,output_average,social_trainable_parameters,0.00010696297977119684
toy2,neural_output_average,tensor_batched,tensor_batched,cuda,1024,5,1,4,0,5,toy2_gpu_core_neural_output_average_tensor_batched_1024_cuda_repeat04,2,neural_policy,output_average,social_loss_forward,0.00026265799533575773
toy2,neural_output_average,tensor_batched,tensor_batched,cuda,1024,5,1,4,0,5,toy2_gpu_core_neural_output_average_tensor_batched_1024_cuda_repeat04,2,neural_policy,output_average,social_autograd_grad,0.00042262207716703415
toy2,neural_output_average,tensor_batched,tensor_batched,cuda,1024,5,1,4,0,5,toy2_gpu_core_neural_output_average_tensor_batched_1024_cuda_repeat04,2,neural_policy,output_average,social_adam_update,0.0008575089741498232
toy2,neural_output_average,tensor_batched,tensor_batched,cuda,1024,5,1,4,0,5,toy2_gpu_core_neural_output_average_tensor_batched_1024_cuda_repeat04,2,neural_policy,output_average,social_optimizer_update,0.0013975430047139525
toy2,neural_output_average,tensor_batched,tensor_batched,cuda,1024,5,1,4,0,5,toy2_gpu_core_neural_output_average_tensor_batched_1024_cuda_repeat04,2,neural_policy,output_average,social_loss_update,0.0017078820383176208
toy2,neural_output_average,tensor_batched,tensor_batched,cuda,1024,5,1,4,0,5,toy2_gpu_core_neural_output_average_tensor_batched_1024_cuda_repeat04,2,neural_policy,output_average,social_distillation,0.0030746670672670007
toy2,neural_output_average,tensor_batched,tensor_batched,cuda,1024,5,1,4,0,5,toy2_gpu_core_neural_output_average_tensor_batched_1024_cuda_repeat04,2,neural_policy,output_average,social_step,0.0031057469313964248
toy2,neural_output_average,tensor_batched,tensor_batched,cuda,1024,5,1,4,0,5,toy2_gpu_core_neural_output_average_tensor_batched_1024_cuda_repeat04,2,neural_policy,output_average,sample_actions,1.0480056516826153e-05
toy2,neural_output_average,tensor_batched,tensor_batched,cuda,1024,5,1,4,0,5,toy2_gpu_core_neural_output_average_tensor_batched_1024_cuda_repeat04,2,neural_policy,output_average,commit_actions,1.9036000594496727e-05
toy2,neural_output_average,tensor_batched,tensor_batched,cuda,1024,5,1,4,0,5,toy2_gpu_core_neural_output_average_tensor_batched_1024_cuda_repeat04,2,neural_policy,output_average,post_step_state_policy,4.23510791733861e-05
toy2,neural_output_average,tensor_batched,tensor_batched,cuda,1024,5,1,4,0,5,toy2_gpu_core_neural_output_average_tensor_batched_1024_cuda_repeat04,2,neural_policy,output_average,update_payoff_ema,7.763807661831379e-05
toy2,neural_output_average,tensor_batched,tensor_batched,cuda,1024,5,1,4,0,5,toy2_gpu_core_neural_output_average_tensor_batched_1024_cuda_repeat04,2,neural_policy,output_average,update_reputation_ema,6.293901242315769e-05
toy2,neural_output_average,tensor_batched,tensor_batched,cuda,1024,5,1,4,0,5,toy2_gpu_core_neural_output_average_tensor_batched_1024_cuda_repeat04,2,neural_policy,output_average,mobility_swaps,0.0009435110259801149
toy2,neural_output_average,tensor_batched,tensor_batched,cuda,1024,5,1,4,0,5,toy2_gpu_core_neural_output_average_tensor_batched_1024_cuda_repeat04,2,neural_policy,output_average,finalize_hook_step,4.712992813438177e-05
toy2,neural_output_average,tensor_batched,tensor_batched,cuda,1024,5,1,4,0,5,toy2_gpu_core_neural_output_average_tensor_batched_1024_cuda_repeat04,2,neural_policy,output_average,hooked_step_total,0.00972557405475527
toy2,neural_output_average,tensor_batched,tensor_batched,cuda,1024,5,1,4,0,5,toy2_gpu_core_neural_output_average_tensor_batched_1024_cuda_repeat04,2,neural_policy,output_average,aggregate_row,0.003097209963016212
toy2,neural_output_average,tensor_batched,tensor_batched,cuda,1024,5,1,4,0,5,toy2_gpu_core_neural_output_average_tensor_batched_1024_cuda_repeat04,2,neural_policy,output_average,write_aggregate,5.00950263813138e-05
toy2,neural_output_average,tensor_batched,tensor_batched,cuda,1024,5,1,4,0,5,toy2_gpu_core_neural_output_average_tensor_batched_1024_cuda_repeat04,3,neural_policy,output_average,sample_revision_mask,1.986802089959383e-05
toy2,neural_output_average,tensor_batched,tensor_batched,cuda,1024,5,1,4,0,5,toy2_gpu_core_neural_output_average_tensor_batched_1024_cuda_repeat04,3,neural_policy,output_average,build_step_context,1.5259021893143654e-05
toy2,neural_output_average,tensor_batched,tensor_batched,cuda,1024,5,1,4,0,5,toy2_gpu_core_neural_output_average_tensor_batched_1024_cuda_repeat04,3,neural_policy,output_average,neural_context_peers,9.458046406507492e-06
toy2,neural_output_average,tensor_batched,tensor_batched,cuda,1024,5,1,4,0,5,toy2_gpu_core_neural_output_average_tensor_batched_1024_cuda_repeat04,3,neural_policy,output_average,build_observations,0.0002196769928559661
toy2,neural_output_average,tensor_batched,tensor_batched,cuda,1024,5,1,4,0,5,toy2_gpu_core_neural_output_average_tensor_batched_1024_cuda_repeat04,3,neural_policy,output_average,policy_readout,0.00020618108101189137
toy2,neural_output_average,tensor_batched,tensor_batched,cuda,1024,5,1,4,0,5,toy2_gpu_core_neural_output_average_tensor_batched_1024_cuda_repeat04,3,neural_policy,output_average,decision_selection,0.00020941696129739285
toy2,neural_output_average,tensor_batched,tensor_batched,cuda,1024,5,1,4,0,5,toy2_gpu_core_neural_output_average_tensor_batched_1024_cuda_repeat04,3,neural_policy,output_average,local_trainable_parameters,5.8941077440977097e-05
toy2,neural_output_average,tensor_batched,tensor_batched,cuda,1024,5,1,4,0,5,toy2_gpu_core_neural_output_average_tensor_batched_1024_cuda_repeat04,3,neural_policy,output_average,local_loss_forward,0.00031302403658628464
toy2,neural_output_average,tensor_batched,tensor_batched,cuda,1024,5,1,4,0,5,toy2_gpu_core_neural_output_average_tensor_batched_1024_cuda_repeat04,3,neural_policy,output_average,local_autograd_grad,0.0005427699070423841
toy2,neural_output_average,tensor_batched,tensor_batched,cuda,1024,5,1,4,0,5,toy2_gpu_core_neural_output_average_tensor_batched_1024_cuda_repeat04,3,neural_policy,output_average,local_adam_update,0.0005273820133879781
toy2,neural_output_average,tensor_batched,tensor_batched,cuda,1024,5,1,4,0,5,toy2_gpu_core_neural_output_average_tensor_batched_1024_cuda_repeat04,3,neural_policy,output_average,local_optimizer_update,0.0011545319575816393
toy2,neural_output_average,tensor_batched,tensor_batched,cuda,1024,5,1,4,0,5,toy2_gpu_core_neural_output_average_tensor_batched_1024_cuda_repeat04,3,neural_policy,output_average,local_loss_update,0.0014994969824329019
toy2,neural_output_average,tensor_batched,tensor_batched,cuda,1024,5,1,4,0,5,toy2_gpu_core_neural_output_average_tensor_batched_1024_cuda_repeat04,3,neural_policy,output_average,local_training,0.0019792469684034586
toy2,neural_output_average,tensor_batched,tensor_batched,cuda,1024,5,1,4,0,5,toy2_gpu_core_neural_output_average_tensor_batched_1024_cuda_repeat04,3,neural_policy,output_average,cache_refresh,8.99704173207283e-06
toy2,neural_output_average,tensor_batched,tensor_batched,cuda,1024,5,1,4,0,5,toy2_gpu_core_neural_output_average_tensor_batched_1024_cuda_repeat04,3,neural_policy,output_average,post_local_readout,0.0001733789686113596
toy2,neural_output_average,tensor_batched,tensor_batched,cuda,1024,5,1,4,0,5,toy2_gpu_core_neural_output_average_tensor_batched_1024_cuda_repeat04,3,neural_policy,output_average,local_step,0.004025372909381986
toy2,neural_output_average,tensor_batched,tensor_batched,cuda,1024,5,1,4,0,5,toy2_gpu_core_neural_output_average_tensor_batched_1024_cuda_repeat04,3,neural_policy,output_average,select_peers,1.1381111107766628e-05
toy2,neural_output_average,tensor_batched,tensor_batched,cuda,1024,5,1,4,0,5,toy2_gpu_core_neural_output_average_tensor_batched_1024_cuda_repeat04,3,neural_policy,output_average,social_mix,0.00044604705180972815
toy2,neural_output_average,tensor_batched,tensor_batched,cuda,1024,5,1,4,0,5,toy2_gpu_core_neural_output_average_tensor_batched_1024_cuda_repeat04,3,neural_policy,output_average,social_trainable_parameters,5.4153031669557095e-05
toy2,neural_output_average,tensor_batched,tensor_batched,cuda,1024,5,1,4,0,5,toy2_gpu_core_neural_output_average_tensor_batched_1024_cuda_repeat04,3,neural_policy,output_average,social_loss_forward,0.00022767193149775267
toy2,neural_output_average,tensor_batched,tensor_batched,cuda,1024,5,1,4,0,5,toy2_gpu_core_neural_output_average_tensor_batched_1024_cuda_repeat04,3,neural_policy,output_average,social_autograd_grad,0.0003294750349596143
toy2,neural_output_average,tensor_batched,tensor_batched,cuda,1024,5,1,4,0,5,toy2_gpu_core_neural_output_average_tensor_batched_1024_cuda_repeat04,3,neural_policy,output_average,social_adam_update,0.0006545729702338576
toy2,neural_output_average,tensor_batched,tensor_batched,cuda,1024,5,1,4,0,5,toy2_gpu_core_neural_output_average_tensor_batched_1024_cuda_repeat04,3,neural_policy,output_average,social_optimizer_update,0.0010690089548006654
toy2,neural_output_average,tensor_batched,tensor_batched,cuda,1024,5,1,4,0,5,toy2_gpu_core_neural_output_average_tensor_batched_1024_cuda_repeat04,3,neural_policy,output_average,social_loss_update,0.0013289530761539936
toy2,neural_output_average,tensor_batched,tensor_batched,cuda,1024,5,1,4,0,5,toy2_gpu_core_neural_output_average_tensor_batched_1024_cuda_repeat04,3,neural_policy,output_average,social_distillation,0.0022233909694477916
toy2,neural_output_average,tensor_batched,tensor_batched,cuda,1024,5,1,4,0,5,toy2_gpu_core_neural_output_average_tensor_batched_1024_cuda_repeat04,3,neural_policy,output_average,social_step,0.0022560330107808113
toy2,neural_output_average,tensor_batched,tensor_batched,cuda,1024,5,1,4,0,5,toy2_gpu_core_neural_output_average_tensor_batched_1024_cuda_repeat04,3,neural_policy,output_average,sample_actions,7.463968358933926e-06
toy2,neural_output_average,tensor_batched,tensor_batched,cuda,1024,5,1,4,0,5,toy2_gpu_core_neural_output_average_tensor_batched_1024_cuda_repeat04,3,neural_policy,output_average,commit_actions,1.1692056432366371e-05
toy2,neural_output_average,tensor_batched,tensor_batched,cuda,1024,5,1,4,0,5,toy2_gpu_core_neural_output_average_tensor_batched_1024_cuda_repeat04,3,neural_policy,output_average,post_step_state_policy,2.927600871771574e-05
toy2,neural_output_average,tensor_batched,tensor_batched,cuda,1024,5,1,4,0,5,toy2_gpu_core_neural_output_average_tensor_batched_1024_cuda_repeat04,3,neural_policy,output_average,update_payoff_ema,5.4153031669557095e-05
toy2,neural_output_average,tensor_batched,tensor_batched,cuda,1024,5,1,4,0,5,toy2_gpu_core_neural_output_average_tensor_batched_1024_cuda_repeat04,3,neural_policy,output_average,update_reputation_ema,4.541699308902025e-05
toy2,neural_output_average,tensor_batched,tensor_batched,cuda,1024,5,1,4,0,5,toy2_gpu_core_neural_output_average_tensor_batched_1024_cuda_repeat04,3,neural_policy,output_average,mobility_swaps,0.0003726279828697443
toy2,neural_output_average,tensor_batched,tensor_batched,cuda,1024,5,1,4,0,5,toy2_gpu_core_neural_output_average_tensor_batched_1024_cuda_repeat04,3,neural_policy,output_average,finalize_hook_step,1.9397004507482052e-05
toy2,neural_output_average,tensor_batched,tensor_batched,cuda,1024,5,1,4,0,5,toy2_gpu_core_neural_output_average_tensor_batched_1024_cuda_repeat04,3,neural_policy,output_average,hooked_step_total,0.007529385038651526
toy2,neural_output_average,tensor_batched,tensor_batched,cuda,1024,5,1,4,0,5,toy2_gpu_core_neural_output_average_tensor_batched_1024_cuda_repeat04,3,neural_policy,output_average,aggregate_row,0.001508023007772863
toy2,neural_output_average,tensor_batched,tensor_batched,cuda,1024,5,1,4,0,5,toy2_gpu_core_neural_output_average_tensor_batched_1024_cuda_repeat04,3,neural_policy,output_average,write_aggregate,4.21799486503005e-05
toy2,neural_output_average,tensor_batched,tensor_batched,cuda,1024,5,1,4,0,5,toy2_gpu_core_neural_output_average_tensor_batched_1024_cuda_repeat04,4,neural_policy,output_average,sample_revision_mask,2.1461048163473606e-05
toy2,neural_output_average,tensor_batched,tensor_batched,cuda,1024,5,1,4,0,5,toy2_gpu_core_neural_output_average_tensor_batched_1024_cuda_repeat04,4,neural_policy,output_average,build_step_context,1.3755983673036098e-05
toy2,neural_output_average,tensor_batched,tensor_batched,cuda,1024,5,1,4,0,5,toy2_gpu_core_neural_output_average_tensor_batched_1024_cuda_repeat04,4,neural_policy,output_average,neural_context_peers,8.34604725241661e-06
toy2,neural_output_average,tensor_batched,tensor_batched,cuda,1024,5,1,4,0,5,toy2_gpu_core_neural_output_average_tensor_batched_1024_cuda_repeat04,4,neural_policy,output_average,build_observations,0.0002045889850705862
toy2,neural_output_average,tensor_batched,tensor_batched,cuda,1024,5,1,4,0,5,toy2_gpu_core_neural_output_average_tensor_batched_1024_cuda_repeat04,4,neural_policy,output_average,policy_readout,0.0001789700472727418
toy2,neural_output_average,tensor_batched,tensor_batched,cuda,1024,5,1,4,0,5,toy2_gpu_core_neural_output_average_tensor_batched_1024_cuda_repeat04,4,neural_policy,output_average,decision_selection,0.0002036570804193616
toy2,neural_output_average,tensor_batched,tensor_batched,cuda,1024,5,1,4,0,5,toy2_gpu_core_neural_output_average_tensor_batched_1024_cuda_repeat04,4,neural_policy,output_average,local_trainable_parameters,5.906203296035528e-05
toy2,neural_output_average,tensor_batched,tensor_batched,cuda,1024,5,1,4,0,5,toy2_gpu_core_neural_output_average_tensor_batched_1024_cuda_repeat04,4,neural_policy,output_average,local_loss_forward,0.00031660101376473904
toy2,neural_output_average,tensor_batched,tensor_batched,cuda,1024,5,1,4,0,5,toy2_gpu_core_neural_output_average_tensor_batched_1024_cuda_repeat04,4,neural_policy,output_average,local_autograd_grad,0.0004898100160062313
toy2,neural_output_average,tensor_batched,tensor_batched,cuda,1024,5,1,4,0,5,toy2_gpu_core_neural_output_average_tensor_batched_1024_cuda_repeat04,4,neural_policy,output_average,local_adam_update,0.000537811079993844
toy2,neural_output_average,tensor_batched,tensor_batched,cuda,1024,5,1,4,0,5,toy2_gpu_core_neural_output_average_tensor_batched_1024_cuda_repeat04,4,neural_policy,output_average,local_optimizer_update,0.0011289740214124322
toy2,neural_output_average,tensor_batched,tensor_batched,cuda,1024,5,1,4,0,5,toy2_gpu_core_neural_output_average_tensor_batched_1024_cuda_repeat04,4,neural_policy,output_average,local_loss_update,0.0014758319593966007
toy2,neural_output_average,tensor_batched,tensor_batched,cuda,1024,5,1,4,0,5,toy2_gpu_core_neural_output_average_tensor_batched_1024_cuda_repeat04,4,neural_policy,output_average,local_training,0.001823742059059441
toy2,neural_output_average,tensor_batched,tensor_batched,cuda,1024,5,1,4,0,5,toy2_gpu_core_neural_output_average_tensor_batched_1024_cuda_repeat04,4,neural_policy,output_average,cache_refresh,9.02707688510418e-06
toy2,neural_output_average,tensor_batched,tensor_batched,cuda,1024,5,1,4,0,5,toy2_gpu_core_neural_output_average_tensor_batched_1024_cuda_repeat04,4,neural_policy,output_average,post_local_readout,0.00016822002362459898
toy2,neural_output_average,tensor_batched,tensor_batched,cuda,1024,5,1,4,0,5,toy2_gpu_core_neural_output_average_tensor_batched_1024_cuda_repeat04,4,neural_policy,output_average,local_step,0.0031093639554455876
toy2,neural_output_average,tensor_batched,tensor_batched,cuda,1024,5,1,4,0,5,toy2_gpu_core_neural_output_average_tensor_batched_1024_cuda_repeat04,4,neural_policy,output_average,select_peers,8.936971426010132e-06
toy2,neural_output_average,tensor_batched,tensor_batched,cuda,1024,5,1,4,0,5,toy2_gpu_core_neural_output_average_tensor_batched_1024_cuda_repeat04,4,neural_policy,output_average,social_mix,0.00044214900117367506
toy2,neural_output_average,tensor_batched,tensor_batched,cuda,1024,5,1,4,0,5,toy2_gpu_core_neural_output_average_tensor_batched_1024_cuda_repeat04,4,neural_policy,output_average,social_trainable_parameters,5.9021986089646816e-05
toy2,neural_output_average,tensor_batched,tensor_batched,cuda,1024,5,1,4,0,5,toy2_gpu_core_neural_output_average_tensor_batched_1024_cuda_repeat04,4,neural_policy,output_average,social_loss_forward,0.00023502600379288197
toy2,neural_output_average,tensor_batched,tensor_batched,cuda,1024,5,1,4,0,5,toy2_gpu_core_neural_output_average_tensor_batched_1024_cuda_repeat04,4,neural_policy,output_average,social_autograd_grad,0.0003531200345605612
toy2,neural_output_average,tensor_batched,tensor_batched,cuda,1024,5,1,4,0,5,toy2_gpu_core_neural_output_average_tensor_batched_1024_cuda_repeat04,4,neural_policy,output_average,social_adam_update,0.0005370390135794878
toy2,neural_output_average,tensor_batched,tensor_batched,cuda,1024,5,1,4,0,5,toy2_gpu_core_neural_output_average_tensor_batched_1024_cuda_repeat04,4,neural_policy,output_average,social_optimizer_update,0.0009655730100348592
toy2,neural_output_average,tensor_batched,tensor_batched,cuda,1024,5,1,4,0,5,toy2_gpu_core_neural_output_average_tensor_batched_1024_cuda_repeat04,4,neural_policy,output_average,social_loss_update,0.0012296249624341726
toy2,neural_output_average,tensor_batched,tensor_batched,cuda,1024,5,1,4,0,5,toy2_gpu_core_neural_output_average_tensor_batched_1024_cuda_repeat04,4,neural_policy,output_average,social_distillation,0.002089646994136274
toy2,neural_output_average,tensor_batched,tensor_batched,cuda,1024,5,1,4,0,5,toy2_gpu_core_neural_output_average_tensor_batched_1024_cuda_repeat04,4,neural_policy,output_average,social_step,0.0021174390567466617
toy2,neural_output_average,tensor_batched,tensor_batched,cuda,1024,5,1,4,0,5,toy2_gpu_core_neural_output_average_tensor_batched_1024_cuda_repeat04,4,neural_policy,output_average,sample_actions,7.915077731013298e-06
toy2,neural_output_average,tensor_batched,tensor_batched,cuda,1024,5,1,4,0,5,toy2_gpu_core_neural_output_average_tensor_batched_1024_cuda_repeat04,4,neural_policy,output_average,commit_actions,1.1031050235033035e-05
toy2,neural_output_average,tensor_batched,tensor_batched,cuda,1024,5,1,4,0,5,toy2_gpu_core_neural_output_average_tensor_batched_1024_cuda_repeat04,4,neural_policy,output_average,post_step_state_policy,3.050803206861019e-05
toy2,neural_output_average,tensor_batched,tensor_batched,cuda,1024,5,1,4,0,5,toy2_gpu_core_neural_output_average_tensor_batched_1024_cuda_repeat04,4,neural_policy,output_average,update_payoff_ema,5.352206062525511e-05
toy2,neural_output_average,tensor_batched,tensor_batched,cuda,1024,5,1,4,0,5,toy2_gpu_core_neural_output_average_tensor_batched_1024_cuda_repeat04,4,neural_policy,output_average,update_reputation_ema,4.696904215961695e-05
toy2,neural_output_average,tensor_batched,tensor_batched,cuda,1024,5,1,4,0,5,toy2_gpu_core_neural_output_average_tensor_batched_1024_cuda_repeat04,4,neural_policy,output_average,mobility_swaps,0.00039482908323407173
toy2,neural_output_average,tensor_batched,tensor_batched,cuda,1024,5,1,4,0,5,toy2_gpu_core_neural_output_average_tensor_batched_1024_cuda_repeat04,4,neural_policy,output_average,finalize_hook_step,2.2543012164533138e-05
toy2,neural_output_average,tensor_batched,tensor_batched,cuda,1024,5,1,4,0,5,toy2_gpu_core_neural_output_average_tensor_batched_1024_cuda_repeat04,4,neural_policy,output_average,hooked_step_total,0.006483348901383579
toy2,neural_output_average,tensor_batched,tensor_batched,cuda,1024,5,1,4,0,5,toy2_gpu_core_neural_output_average_tensor_batched_1024_cuda_repeat04,4,neural_policy,output_average,aggregate_row,0.0014421079540625215
toy2,neural_output_average,tensor_batched,tensor_batched,cuda,1024,5,1,4,0,5,toy2_gpu_core_neural_output_average_tensor_batched_1024_cuda_repeat04,4,neural_policy,output_average,write_aggregate,4.145805723965168e-05
toy2,neural_output_average,tensor_batched,tensor_batched,cuda,1024,5,1,4,0,5,toy2_gpu_core_neural_output_average_tensor_batched_1024_cuda_repeat04,5,neural_policy,output_average,sample_revision_mask,1.9817030988633633e-05
toy2,neural_output_average,tensor_batched,tensor_batched,cuda,1024,5,1,4,0,5,toy2_gpu_core_neural_output_average_tensor_batched_1024_cuda_repeat04,5,neural_policy,output_average,build_step_context,1.3165059499442577e-05
toy2,neural_output_average,tensor_batched,tensor_batched,cuda,1024,5,1,4,0,5,toy2_gpu_core_neural_output_average_tensor_batched_1024_cuda_repeat04,5,neural_policy,output_average,neural_context_peers,8.506001904606819e-06
toy2,neural_output_average,tensor_batched,tensor_batched,cuda,1024,5,1,4,0,5,toy2_gpu_core_neural_output_average_tensor_batched_1024_cuda_repeat04,5,neural_policy,output_average,build_observations,0.00019254605285823345
toy2,neural_output_average,tensor_batched,tensor_batched,cuda,1024,5,1,4,0,5,toy2_gpu_core_neural_output_average_tensor_batched_1024_cuda_repeat04,5,neural_policy,output_average,policy_readout,0.00020912697073072195
toy2,neural_output_average,tensor_batched,tensor_batched,cuda,1024,5,1,4,0,5,toy2_gpu_core_neural_output_average_tensor_batched_1024_cuda_repeat04,5,neural_policy,output_average,decision_selection,0.00020742393098771572
toy2,neural_output_average,tensor_batched,tensor_batched,cuda,1024,5,1,4,0,5,toy2_gpu_core_neural_output_average_tensor_batched_1024_cuda_repeat04,5,neural_policy,output_average,local_trainable_parameters,6.382109131664038e-05
toy2,neural_output_average,tensor_batched,tensor_batched,cuda,1024,5,1,4,0,5,toy2_gpu_core_neural_output_average_tensor_batched_1024_cuda_repeat04,5,neural_policy,output_average,local_loss_forward,0.000310619012452662
toy2,neural_output_average,tensor_batched,tensor_batched,cuda,1024,5,1,4,0,5,toy2_gpu_core_neural_output_average_tensor_batched_1024_cuda_repeat04,5,neural_policy,output_average,local_autograd_grad,0.00045541394501924515
toy2,neural_output_average,tensor_batched,tensor_batched,cuda,1024,5,1,4,0,5,toy2_gpu_core_neural_output_average_tensor_batched_1024_cuda_repeat04,5,neural_policy,output_average,local_adam_update,0.0005176629638299346
toy2,neural_output_average,tensor_batched,tensor_batched,cuda,1024,5,1,4,0,5,toy2_gpu_core_neural_output_average_tensor_batched_1024_cuda_repeat04,5,neural_policy,output_average,local_optimizer_update,0.001048389938659966
toy2,neural_output_average,tensor_batched,tensor_batched,cuda,1024,5,1,4,0,5,toy2_gpu_core_neural_output_average_tensor_batched_1024_cuda_repeat04,5,neural_policy,output_average,local_loss_update,0.00138753408100456
toy2,neural_output_average,tensor_batched,tensor_batched,cuda,1024,5,1,4,0,5,toy2_gpu_core_neural_output_average_tensor_batched_1024_cuda_repeat04,5,neural_policy,output_average,local_training,0.0017289830138906837
toy2,neural_output_average,tensor_batched,tensor_batched,cuda,1024,5,1,4,0,5,toy2_gpu_core_neural_output_average_tensor_batched_1024_cuda_repeat04,5,neural_policy,output_average,cache_refresh,8.005998097360134e-06
toy2,neural_output_average,tensor_batched,tensor_batched,cuda,1024,5,1,4,0,5,toy2_gpu_core_neural_output_average_tensor_batched_1024_cuda_repeat04,5,neural_policy,output_average,post_local_readout,0.00016342999879270792
toy2,neural_output_average,tensor_batched,tensor_batched,cuda,1024,5,1,4,0,5,toy2_gpu_core_neural_output_average_tensor_batched_1024_cuda_repeat04,5,neural_policy,output_average,local_step,0.0030207649106159806
toy2,neural_output_average,tensor_batched,tensor_batched,cuda,1024,5,1,4,0,5,toy2_gpu_core_neural_output_average_tensor_batched_1024_cuda_repeat04,5,neural_policy,output_average,select_peers,8.977018296718597e-06
toy2,neural_output_average,tensor_batched,tensor_batched,cuda,1024,5,1,4,0,5,toy2_gpu_core_neural_output_average_tensor_batched_1024_cuda_repeat04,5,neural_policy,output_average,social_mix,0.000396221992559731
toy2,neural_output_average,tensor_batched,tensor_batched,cuda,1024,5,1,4,0,5,toy2_gpu_core_neural_output_average_tensor_batched_1024_cuda_repeat04,5,neural_policy,output_average,social_trainable_parameters,5.23589551448822e-05
toy2,neural_output_average,tensor_batched,tensor_batched,cuda,1024,5,1,4,0,5,toy2_gpu_core_neural_output_average_tensor_batched_1024_cuda_repeat04,5,neural_policy,output_average,social_loss_forward,0.00021604006178677082
toy2,neural_output_average,tensor_batched,tensor_batched,cuda,1024,5,1,4,0,5,toy2_gpu_core_neural_output_average_tensor_batched_1024_cuda_repeat04,5,neural_policy,output_average,social_autograd_grad,0.00031442707404494286
toy2,neural_output_average,tensor_batched,tensor_batched,cuda,1024,5,1,4,0,5,toy2_gpu_core_neural_output_average_tensor_batched_1024_cuda_repeat04,5,neural_policy,output_average,social_adam_update,0.0005242949118837714
toy2,neural_output_average,tensor_batched,tensor_batched,cuda,1024,5,1,4,0,5,toy2_gpu_core_neural_output_average_tensor_batched_1024_cuda_repeat04,5,neural_policy,output_average,social_optimizer_update,0.0009133140556514263
toy2,neural_output_average,tensor_batched,tensor_batched,cuda,1024,5,1,4,0,5,toy2_gpu_core_neural_output_average_tensor_batched_1024_cuda_repeat04,5,neural_policy,output_average,social_loss_update,0.0011580679565668106
toy2,neural_output_average,tensor_batched,tensor_batched,cuda,1024,5,1,4,0,5,toy2_gpu_core_neural_output_average_tensor_batched_1024_cuda_repeat04,5,neural_policy,output_average,social_distillation,0.0019245140720158815
toy2,neural_output_average,tensor_batched,tensor_batched,cuda,1024,5,1,4,0,5,toy2_gpu_core_neural_output_average_tensor_batched_1024_cuda_repeat04,5,neural_policy,output_average,social_step,0.0019478279864415526
toy2,neural_output_average,tensor_batched,tensor_batched,cuda,1024,5,1,4,0,5,toy2_gpu_core_neural_output_average_tensor_batched_1024_cuda_repeat04,5,neural_policy,output_average,sample_actions,6.8730441853404045e-06
toy2,neural_output_average,tensor_batched,tensor_batched,cuda,1024,5,1,4,0,5,toy2_gpu_core_neural_output_average_tensor_batched_1024_cuda_repeat04,5,neural_policy,output_average,commit_actions,1.0961084626615047e-05
toy2,neural_output_average,tensor_batched,tensor_batched,cuda,1024,5,1,4,0,5,toy2_gpu_core_neural_output_average_tensor_batched_1024_cuda_repeat04,5,neural_policy,output_average,post_step_state_policy,1.629104372113943e-05
toy2,neural_output_average,tensor_batched,tensor_batched,cuda,1024,5,1,4,0,5,toy2_gpu_core_neural_output_average_tensor_batched_1024_cuda_repeat04,5,neural_policy,output_average,update_payoff_ema,4.9393973313272e-05
toy2,neural_output_average,tensor_batched,tensor_batched,cuda,1024,5,1,4,0,5,toy2_gpu_core_neural_output_average_tensor_batched_1024_cuda_repeat04,5,neural_policy,output_average,update_reputation_ema,4.2409985326230526e-05
toy2,neural_output_average,tensor_batched,tensor_batched,cuda,1024,5,1,4,0,5,toy2_gpu_core_neural_output_average_tensor_batched_1024_cuda_repeat04,5,neural_policy,output_average,mobility_swaps,0.00035772996488958597
toy2,neural_output_average,tensor_batched,tensor_batched,cuda,1024,5,1,4,0,5,toy2_gpu_core_neural_output_average_tensor_batched_1024_cuda_repeat04,5,neural_policy,output_average,finalize_hook_step,1.811492256820202e-05
toy2,neural_output_average,tensor_batched,tensor_batched,cuda,1024,5,1,4,0,5,toy2_gpu_core_neural_output_average_tensor_batched_1024_cuda_repeat04,5,neural_policy,output_average,hooked_step_total,0.00608267798088491
toy2,neural_output_average,tensor_batched,tensor_batched,cuda,1024,5,1,4,0,5,toy2_gpu_core_neural_output_average_tensor_batched_1024_cuda_repeat04,5,neural_policy,output_average,aggregate_row,0.0011252770200371742
toy2,neural_output_average,tensor_batched,tensor_batched,cuda,1024,5,1,4,0,5,toy2_gpu_core_neural_output_average_tensor_batched_1024_cuda_repeat04,5,neural_policy,output_average,write_aggregate,3.56980599462986e-05
toy2,neural_output_average,tensor_batched,tensor_batched,cpu,2048,5,1,0,0,5,toy2_gpu_core_neural_output_average_tensor_batched_2048_cpu_repeat00,0,neural_policy,output_average,make_run_dir,0.0006639299681410193
toy2,neural_output_average,tensor_batched,tensor_batched,cpu,2048,5,1,0,0,5,toy2_gpu_core_neural_output_average_tensor_batched_2048_cpu_repeat00,0,neural_policy,output_average,write_metadata,0.0044639139669016
toy2,neural_output_average,tensor_batched,tensor_batched,cpu,2048,5,1,0,0,5,toy2_gpu_core_neural_output_average_tensor_batched_2048_cpu_repeat00,0,neural_policy,output_average,initial_state,0.4319934669183567
toy2,neural_output_average,tensor_batched,tensor_batched,cpu,2048,5,1,0,0,5,toy2_gpu_core_neural_output_average_tensor_batched_2048_cpu_repeat00,0,neural_policy,output_average,writer_setup,0.000517292064614594
toy2,neural_output_average,tensor_batched,tensor_batched,cpu,2048,5,1,0,0,5,toy2_gpu_core_neural_output_average_tensor_batched_2048_cpu_repeat00,0,neural_policy,output_average,initial_step_result,0.0036513819359242916
toy2,neural_output_average,tensor_batched,tensor_batched,cpu,2048,5,1,0,0,5,toy2_gpu_core_neural_output_average_tensor_batched_2048_cpu_repeat00,0,neural_policy,output_average,initial_aggregate_row,0.004230501013807952
toy2,neural_output_average,tensor_batched,tensor_batched,cpu,2048,5,1,0,0,5,toy2_gpu_core_neural_output_average_tensor_batched_2048_cpu_repeat00,0,neural_policy,output_average,write_initial_aggregate,4.213000647723675e-05
toy2,neural_output_average,tensor_batched,tensor_batched,cpu,2048,5,1,0,0,5,toy2_gpu_core_neural_output_average_tensor_batched_2048_cpu_repeat00,1,neural_policy,output_average,sample_revision_mask,2.2182008251547813e-05
toy2,neural_output_average,tensor_batched,tensor_batched,cpu,2048,5,1,0,0,5,toy2_gpu_core_neural_output_average_tensor_batched_2048_cpu_repeat00,1,neural_policy,output_average,build_step_context,1.3264943845570087e-05
toy2,neural_output_average,tensor_batched,tensor_batched,cpu,2048,5,1,0,0,5,toy2_gpu_core_neural_output_average_tensor_batched_2048_cpu_repeat00,1,neural_policy,output_average,neural_context_peers,7.955008186399937e-06
toy2,neural_output_average,tensor_batched,tensor_batched,cpu,2048,5,1,0,0,5,toy2_gpu_core_neural_output_average_tensor_batched_2048_cpu_repeat00,1,neural_policy,output_average,build_observations,0.000310058007016778
toy2,neural_output_average,tensor_batched,tensor_batched,cpu,2048,5,1,0,0,5,toy2_gpu_core_neural_output_average_tensor_batched_2048_cpu_repeat00,1,neural_policy,output_average,policy_readout,0.0006330619798973203
toy2,neural_output_average,tensor_batched,tensor_batched,cpu,2048,5,1,0,0,5,toy2_gpu_core_neural_output_average_tensor_batched_2048_cpu_repeat00,1,neural_policy,output_average,decision_selection,0.00029437802731990814
toy2,neural_output_average,tensor_batched,tensor_batched,cpu,2048,5,1,0,0,5,toy2_gpu_core_neural_output_average_tensor_batched_2048_cpu_repeat00,1,neural_policy,output_average,local_trainable_parameters,0.003104945062659681
toy2,neural_output_average,tensor_batched,tensor_batched,cpu,2048,5,1,0,0,5,toy2_gpu_core_neural_output_average_tensor_batched_2048_cpu_repeat00,1,neural_policy,output_average,local_loss_forward,0.0017996070673689246
toy2,neural_output_average,tensor_batched,tensor_batched,cpu,2048,5,1,0,0,5,toy2_gpu_core_neural_output_average_tensor_batched_2048_cpu_repeat00,1,neural_policy,output_average,local_autograd_grad,0.0015747599536553025
toy2,neural_output_average,tensor_batched,tensor_batched,cpu,2048,5,1,0,0,5,toy2_gpu_core_neural_output_average_tensor_batched_2048_cpu_repeat00,1,neural_policy,output_average,local_adam_update,0.0036404209677129984
toy2,neural_output_average,tensor_batched,tensor_batched,cpu,2048,5,1,0,0,5,toy2_gpu_core_neural_output_average_tensor_batched_2048_cpu_repeat00,1,neural_policy,output_average,local_optimizer_update,0.005305111990310252
toy2,neural_output_average,tensor_batched,tensor_batched,cpu,2048,5,1,0,0,5,toy2_gpu_core_neural_output_average_tensor_batched_2048_cpu_repeat00,1,neural_policy,output_average,local_loss_update,0.007120979949831963
toy2,neural_output_average,tensor_batched,tensor_batched,cpu,2048,5,1,0,0,5,toy2_gpu_core_neural_output_average_tensor_batched_2048_cpu_repeat00,1,neural_policy,output_average,local_training,0.010615785024128854
toy2,neural_output_average,tensor_batched,tensor_batched,cpu,2048,5,1,0,0,5,toy2_gpu_core_neural_output_average_tensor_batched_2048_cpu_repeat00,1,neural_policy,output_average,cache_refresh,2.866028808057308e-06
toy2,neural_output_average,tensor_batched,tensor_batched,cpu,2048,5,1,0,0,5,toy2_gpu_core_neural_output_average_tensor_batched_2048_cpu_repeat00,1,neural_policy,output_average,post_local_readout,0.000557678984478116
toy2,neural_output_average,tensor_batched,tensor_batched,cpu,2048,5,1,0,0,5,toy2_gpu_core_neural_output_average_tensor_batched_2048_cpu_repeat00,1,neural_policy,output_average,local_step,0.013290082104504108
toy2,neural_output_average,tensor_batched,tensor_batched,cpu,2048,5,1,0,0,5,toy2_gpu_core_neural_output_average_tensor_batched_2048_cpu_repeat00,1,neural_policy,output_average,select_peers,1.1811964213848114e-05
toy2,neural_output_average,tensor_batched,tensor_batched,cpu,2048,5,1,0,0,5,toy2_gpu_core_neural_output_average_tensor_batched_2048_cpu_repeat00,1,neural_policy,output_average,social_mix,0.0007000589976087213
toy2,neural_output_average,tensor_batched,tensor_batched,cpu,2048,5,1,0,0,5,toy2_gpu_core_neural_output_average_tensor_batched_2048_cpu_repeat00,1,neural_policy,output_average,social_trainable_parameters,0.00011642195750027895
toy2,neural_output_average,tensor_batched,tensor_batched,cpu,2048,5,1,0,0,5,toy2_gpu_core_neural_output_average_tensor_batched_2048_cpu_repeat00,1,neural_policy,output_average,social_loss_forward,0.0005860729143023491
toy2,neural_output_average,tensor_batched,tensor_batched,cpu,2048,5,1,0,0,5,toy2_gpu_core_neural_output_average_tensor_batched_2048_cpu_repeat00,1,neural_policy,output_average,social_autograd_grad,0.0011555140372365713
toy2,neural_output_average,tensor_batched,tensor_batched,cpu,2048,5,1,0,0,5,toy2_gpu_core_neural_output_average_tensor_batched_2048_cpu_repeat00,1,neural_policy,output_average,social_adam_update,0.002978745033033192
toy2,neural_output_average,tensor_batched,tensor_batched,cpu,2048,5,1,0,0,5,toy2_gpu_core_neural_output_average_tensor_batched_2048_cpu_repeat00,1,neural_policy,output_average,social_optimizer_update,0.004212336963973939
toy2,neural_output_average,tensor_batched,tensor_batched,cpu,2048,5,1,0,0,5,toy2_gpu_core_neural_output_average_tensor_batched_2048_cpu_repeat00,1,neural_policy,output_average,social_loss_update,0.0048117650439962745
toy2,neural_output_average,tensor_batched,tensor_batched,cpu,2048,5,1,0,0,5,toy2_gpu_core_neural_output_average_tensor_batched_2048_cpu_repeat00,1,neural_policy,output_average,social_distillation,0.006393067073076963
toy2,neural_output_average,tensor_batched,tensor_batched,cpu,2048,5,1,0,0,5,toy2_gpu_core_neural_output_average_tensor_batched_2048_cpu_repeat00,1,neural_policy,output_average,social_step,0.006434906041249633
toy2,neural_output_average,tensor_batched,tensor_batched,cpu,2048,5,1,0,0,5,toy2_gpu_core_neural_output_average_tensor_batched_2048_cpu_repeat00,1,neural_policy,output_average,sample_actions,1.5030382201075554e-06
toy2,neural_output_average,tensor_batched,tensor_batched,cpu,2048,5,1,0,0,5,toy2_gpu_core_neural_output_average_tensor_batched_2048_cpu_repeat00,1,neural_policy,output_average,commit_actions,8.44593159854412e-06
toy2,neural_output_average,tensor_batched,tensor_batched,cpu,2048,5,1,0,0,5,toy2_gpu_core_neural_output_average_tensor_batched_2048_cpu_repeat00,1,neural_policy,output_average,post_step_state_policy,5.2600051276385784e-05
toy2,neural_output_average,tensor_batched,tensor_batched,cpu,2048,5,1,0,0,5,toy2_gpu_core_neural_output_average_tensor_batched_2048_cpu_repeat00,1,neural_policy,output_average,update_payoff_ema,6.496300920844078e-05
toy2,neural_output_average,tensor_batched,tensor_batched,cpu,2048,5,1,0,0,5,toy2_gpu_core_neural_output_average_tensor_batched_2048_cpu_repeat00,1,neural_policy,output_average,update_reputation_ema,6.19769562035799e-05
toy2,neural_output_average,tensor_batched,tensor_batched,cpu,2048,5,1,0,0,5,toy2_gpu_core_neural_output_average_tensor_batched_2048_cpu_repeat00,1,neural_policy,output_average,mobility_swaps,0.00016033498104661703
toy2,neural_output_average,tensor_batched,tensor_batched,cpu,2048,5,1,0,0,5,toy2_gpu_core_neural_output_average_tensor_batched_2048_cpu_repeat00,1,neural_policy,output_average,finalize_hook_step,1.0801013559103012e-05
toy2,neural_output_average,tensor_batched,tensor_batched,cpu,2048,5,1,0,0,5,toy2_gpu_core_neural_output_average_tensor_batched_2048_cpu_repeat00,1,neural_policy,output_average,hooked_step_total,0.02131569804623723
toy2,neural_output_average,tensor_batched,tensor_batched,cpu,2048,5,1,0,0,5,toy2_gpu_core_neural_output_average_tensor_batched_2048_cpu_repeat00,1,neural_policy,output_average,aggregate_row,0.0028406729688867927
toy2,neural_output_average,tensor_batched,tensor_batched,cpu,2048,5,1,0,0,5,toy2_gpu_core_neural_output_average_tensor_batched_2048_cpu_repeat00,1,neural_policy,output_average,write_aggregate,5.9672980569303036e-05
toy2,neural_output_average,tensor_batched,tensor_batched,cpu,2048,5,1,0,0,5,toy2_gpu_core_neural_output_average_tensor_batched_2048_cpu_repeat00,2,neural_policy,output_average,sample_revision_mask,1.433701254427433e-05
toy2,neural_output_average,tensor_batched,tensor_batched,cpu,2048,5,1,0,0,5,toy2_gpu_core_neural_output_average_tensor_batched_2048_cpu_repeat00,2,neural_policy,output_average,build_step_context,8.897040970623493e-06
toy2,neural_output_average,tensor_batched,tensor_batched,cpu,2048,5,1,0,0,5,toy2_gpu_core_neural_output_average_tensor_batched_2048_cpu_repeat00,2,neural_policy,output_average,neural_context_peers,2.7850037440657616e-06
toy2,neural_output_average,tensor_batched,tensor_batched,cpu,2048,5,1,0,0,5,toy2_gpu_core_neural_output_average_tensor_batched_2048_cpu_repeat00,2,neural_policy,output_average,build_observations,0.00026034400798380375
toy2,neural_output_average,tensor_batched,tensor_batched,cpu,2048,5,1,0,0,5,toy2_gpu_core_neural_output_average_tensor_batched_2048_cpu_repeat00,2,neural_policy,output_average,policy_readout,0.000291402917355299
toy2,neural_output_average,tensor_batched,tensor_batched,cpu,2048,5,1,0,0,5,toy2_gpu_core_neural_output_average_tensor_batched_2048_cpu_repeat00,2,neural_policy,output_average,decision_selection,0.0002672169357538223
toy2,neural_output_average,tensor_batched,tensor_batched,cpu,2048,5,1,0,0,5,toy2_gpu_core_neural_output_average_tensor_batched_2048_cpu_repeat00,2,neural_policy,output_average,local_trainable_parameters,0.00012774299830198288
toy2,neural_output_average,tensor_batched,tensor_batched,cpu,2048,5,1,0,0,5,toy2_gpu_core_neural_output_average_tensor_batched_2048_cpu_repeat00,2,neural_policy,output_average,local_loss_forward,0.0005345440004020929
toy2,neural_output_average,tensor_batched,tensor_batched,cpu,2048,5,1,0,0,5,toy2_gpu_core_neural_output_average_tensor_batched_2048_cpu_repeat00,2,neural_policy,output_average,local_autograd_grad,0.0009276820346713066
toy2,neural_output_average,tensor_batched,tensor_batched,cpu,2048,5,1,0,0,5,toy2_gpu_core_neural_output_average_tensor_batched_2048_cpu_repeat00,2,neural_policy,output_average,local_adam_update,0.001090089906938374
toy2,neural_output_average,tensor_batched,tensor_batched,cpu,2048,5,1,0,0,5,toy2_gpu_core_neural_output_average_tensor_batched_2048_cpu_repeat00,2,neural_policy,output_average,local_optimizer_update,0.002509474055841565
toy2,neural_output_average,tensor_batched,tensor_batched,cpu,2048,5,1,0,0,5,toy2_gpu_core_neural_output_average_tensor_batched_2048_cpu_repeat00,2,neural_policy,output_average,local_loss_update,0.0030575949931517243
toy2,neural_output_average,tensor_batched,tensor_batched,cpu,2048,5,1,0,0,5,toy2_gpu_core_neural_output_average_tensor_batched_2048_cpu_repeat00,2,neural_policy,output_average,local_training,0.0035087820142507553
toy2,neural_output_average,tensor_batched,tensor_batched,cpu,2048,5,1,0,0,5,toy2_gpu_core_neural_output_average_tensor_batched_2048_cpu_repeat00,2,neural_policy,output_average,cache_refresh,1.252046786248684e-06
toy2,neural_output_average,tensor_batched,tensor_batched,cpu,2048,5,1,0,0,5,toy2_gpu_core_neural_output_average_tensor_batched_2048_cpu_repeat00,2,neural_policy,output_average,post_local_readout,0.00034237990621477365
toy2,neural_output_average,tensor_batched,tensor_batched,cpu,2048,5,1,0,0,5,toy2_gpu_core_neural_output_average_tensor_batched_2048_cpu_repeat00,2,neural_policy,output_average,local_step,0.005228286026977003
toy2,neural_output_average,tensor_batched,tensor_batched,cpu,2048,5,1,0,0,5,toy2_gpu_core_neural_output_average_tensor_batched_2048_cpu_repeat00,2,neural_policy,output_average,select_peers,2.374988980591297e-06
toy2,neural_output_average,tensor_batched,tensor_batched,cpu,2048,5,1,0,0,5,toy2_gpu_core_neural_output_average_tensor_batched_2048_cpu_repeat00,2,neural_policy,output_average,social_mix,0.0003051490057259798
toy2,neural_output_average,tensor_batched,tensor_batched,cpu,2048,5,1,0,0,5,toy2_gpu_core_neural_output_average_tensor_batched_2048_cpu_repeat00,2,neural_policy,output_average,social_trainable_parameters,0.00017133494839072227
toy2,neural_output_average,tensor_batched,tensor_batched,cpu,2048,5,1,0,0,5,toy2_gpu_core_neural_output_average_tensor_batched_2048_cpu_repeat00,2,neural_policy,output_average,social_loss_forward,0.0005637910217046738
toy2,neural_output_average,tensor_batched,tensor_batched,cpu,2048,5,1,0,0,5,toy2_gpu_core_neural_output_average_tensor_batched_2048_cpu_repeat00,2,neural_policy,output_average,social_autograd_grad,0.001007382059469819
toy2,neural_output_average,tensor_batched,tensor_batched,cpu,2048,5,1,0,0,5,toy2_gpu_core_neural_output_average_tensor_batched_2048_cpu_repeat00,2,neural_policy,output_average,social_adam_update,0.0021137630101293325
toy2,neural_output_average,tensor_batched,tensor_batched,cpu,2048,5,1,0,0,5,toy2_gpu_core_neural_output_average_tensor_batched_2048_cpu_repeat00,2,neural_policy,output_average,social_optimizer_update,0.00315801496617496
toy2,neural_output_average,tensor_batched,tensor_batched,cpu,2048,5,1,0,0,5,toy2_gpu_core_neural_output_average_tensor_batched_2048_cpu_repeat00,2,neural_policy,output_average,social_loss_update,0.0037314639193937182
toy2,neural_output_average,tensor_batched,tensor_batched,cpu,2048,5,1,0,0,5,toy2_gpu_core_neural_output_average_tensor_batched_2048_cpu_repeat00,2,neural_policy,output_average,social_distillation,0.004724379978142679
toy2,neural_output_average,tensor_batched,tensor_batched,cpu,2048,5,1,0,0,5,toy2_gpu_core_neural_output_average_tensor_batched_2048_cpu_repeat00,2,neural_policy,output_average,social_step,0.004745619022287428
toy2,neural_output_average,tensor_batched,tensor_batched,cpu,2048,5,1,0,0,5,toy2_gpu_core_neural_output_average_tensor_batched_2048_cpu_repeat00,2,neural_policy,output_average,sample_actions,1.1220108717679977e-06
toy2,neural_output_average,tensor_batched,tensor_batched,cpu,2048,5,1,0,0,5,toy2_gpu_core_neural_output_average_tensor_batched_2048_cpu_repeat00,2,neural_policy,output_average,commit_actions,4.61796298623085e-06
toy2,neural_output_average,tensor_batched,tensor_batched,cpu,2048,5,1,0,0,5,toy2_gpu_core_neural_output_average_tensor_batched_2048_cpu_repeat00,2,neural_policy,output_average,post_step_state_policy,1.7583020962774754e-05
toy2,neural_output_average,tensor_batched,tensor_batched,cpu,2048,5,1,0,0,5,toy2_gpu_core_neural_output_average_tensor_batched_2048_cpu_repeat00,2,neural_policy,output_average,update_payoff_ema,2.110993955284357e-05
toy2,neural_output_average,tensor_batched,tensor_batched,cpu,2048,5,1,0,0,5,toy2_gpu_core_neural_output_average_tensor_batched_2048_cpu_repeat00,2,neural_policy,output_average,update_reputation_ema,1.7001992091536522e-05
toy2,neural_output_average,tensor_batched,tensor_batched,cpu,2048,5,1,0,0,5,toy2_gpu_core_neural_output_average_tensor_batched_2048_cpu_repeat00,2,neural_policy,output_average,mobility_swaps,8.504197467118502e-05
toy2,neural_output_average,tensor_batched,tensor_batched,cpu,2048,5,1,0,0,5,toy2_gpu_core_neural_output_average_tensor_batched_2048_cpu_repeat00,2,neural_policy,output_average,finalize_hook_step,1.0119983926415443e-05
toy2,neural_output_average,tensor_batched,tensor_batched,cpu,2048,5,1,0,0,5,toy2_gpu_core_neural_output_average_tensor_batched_2048_cpu_repeat00,2,neural_policy,output_average,hooked_step_total,0.010510053019970655
toy2,neural_output_average,tensor_batched,tensor_batched,cpu,2048,5,1,0,0,5,toy2_gpu_core_neural_output_average_tensor_batched_2048_cpu_repeat00,2,neural_policy,output_average,aggregate_row,0.002200347022153437
toy2,neural_output_average,tensor_batched,tensor_batched,cpu,2048,5,1,0,0,5,toy2_gpu_core_neural_output_average_tensor_batched_2048_cpu_repeat00,2,neural_policy,output_average,write_aggregate,4.250998608767986e-05
toy2,neural_output_average,tensor_batched,tensor_batched,cpu,2048,5,1,0,0,5,toy2_gpu_core_neural_output_average_tensor_batched_2048_cpu_repeat00,3,neural_policy,output_average,sample_revision_mask,1.130206510424614e-05
toy2,neural_output_average,tensor_batched,tensor_batched,cpu,2048,5,1,0,0,5,toy2_gpu_core_neural_output_average_tensor_batched_2048_cpu_repeat00,3,neural_policy,output_average,build_step_context,7.82497227191925e-06
toy2,neural_output_average,tensor_batched,tensor_batched,cpu,2048,5,1,0,0,5,toy2_gpu_core_neural_output_average_tensor_batched_2048_cpu_repeat00,3,neural_policy,output_average,neural_context_peers,2.453918568789959e-06
toy2,neural_output_average,tensor_batched,tensor_batched,cpu,2048,5,1,0,0,5,toy2_gpu_core_neural_output_average_tensor_batched_2048_cpu_repeat00,3,neural_policy,output_average,build_observations,0.00025255896616727114
toy2,neural_output_average,tensor_batched,tensor_batched,cpu,2048,5,1,0,0,5,toy2_gpu_core_neural_output_average_tensor_batched_2048_cpu_repeat00,3,neural_policy,output_average,policy_readout,0.0002424808917567134
toy2,neural_output_average,tensor_batched,tensor_batched,cpu,2048,5,1,0,0,5,toy2_gpu_core_neural_output_average_tensor_batched_2048_cpu_repeat00,3,neural_policy,output_average,decision_selection,0.00019034103024750948
toy2,neural_output_average,tensor_batched,tensor_batched,cpu,2048,5,1,0,0,5,toy2_gpu_core_neural_output_average_tensor_batched_2048_cpu_repeat00,3,neural_policy,output_average,local_trainable_parameters,0.00010844599455595016
toy2,neural_output_average,tensor_batched,tensor_batched,cpu,2048,5,1,0,0,5,toy2_gpu_core_neural_output_average_tensor_batched_2048_cpu_repeat00,3,neural_policy,output_average,local_loss_forward,0.00044857210014015436
toy2,neural_output_average,tensor_batched,tensor_batched,cpu,2048,5,1,0,0,5,toy2_gpu_core_neural_output_average_tensor_batched_2048_cpu_repeat00,3,neural_policy,output_average,local_autograd_grad,0.0007960119983181357
toy2,neural_output_average,tensor_batched,tensor_batched,cpu,2048,5,1,0,0,5,toy2_gpu_core_neural_output_average_tensor_batched_2048_cpu_repeat00,3,neural_policy,output_average,local_adam_update,0.001141738030128181
toy2,neural_output_average,tensor_batched,tensor_batched,cpu,2048,5,1,0,0,5,toy2_gpu_core_neural_output_average_tensor_batched_2048_cpu_repeat00,3,neural_policy,output_average,local_optimizer_update,0.002384536899626255
toy2,neural_output_average,tensor_batched,tensor_batched,cpu,2048,5,1,0,0,5,toy2_gpu_core_neural_output_average_tensor_batched_2048_cpu_repeat00,3,neural_policy,output_average,local_loss_update,0.002844881033524871
toy2,neural_output_average,tensor_batched,tensor_batched,cpu,2048,5,1,0,0,5,toy2_gpu_core_neural_output_average_tensor_batched_2048_cpu_repeat00,3,neural_policy,output_average,local_training,0.003209482994861901
toy2,neural_output_average,tensor_batched,tensor_batched,cpu,2048,5,1,0,0,5,toy2_gpu_core_neural_output_average_tensor_batched_2048_cpu_repeat00,3,neural_policy,output_average,cache_refresh,1.5329569578170776e-06
toy2,neural_output_average,tensor_batched,tensor_batched,cpu,2048,5,1,0,0,5,toy2_gpu_core_neural_output_average_tensor_batched_2048_cpu_repeat00,3,neural_policy,output_average,post_local_readout,0.00036303000524640083
toy2,neural_output_average,tensor_batched,tensor_batched,cpu,2048,5,1,0,0,5,toy2_gpu_core_neural_output_average_tensor_batched_2048_cpu_repeat00,3,neural_policy,output_average,local_step,0.0047434159787371755
toy2,neural_output_average,tensor_batched,tensor_batched,cpu,2048,5,1,0,0,5,toy2_gpu_core_neural_output_average_tensor_batched_2048_cpu_repeat00,3,neural_policy,output_average,select_peers,2.084067091345787e-06
toy2,neural_output_average,tensor_batched,tensor_batched,cpu,2048,5,1,0,0,5,toy2_gpu_core_neural_output_average_tensor_batched_2048_cpu_repeat00,3,neural_policy,output_average,social_mix,0.00030553003307431936
toy2,neural_output_average,tensor_batched,tensor_batched,cpu,2048,5,1,0,0,5,toy2_gpu_core_neural_output_average_tensor_batched_2048_cpu_repeat00,3,neural_policy,output_average,social_trainable_parameters,0.00019043206702917814
toy2,neural_output_average,tensor_batched,tensor_batched,cpu,2048,5,1,0,0,5,toy2_gpu_core_neural_output_average_tensor_batched_2048_cpu_repeat00,3,neural_policy,output_average,social_loss_forward,0.0005329119740054011
toy2,neural_output_average,tensor_batched,tensor_batched,cpu,2048,5,1,0,0,5,toy2_gpu_core_neural_output_average_tensor_batched_2048_cpu_repeat00,3,neural_policy,output_average,social_autograd_grad,0.001021128031425178
toy2,neural_output_average,tensor_batched,tensor_batched,cpu,2048,5,1,0,0,5,toy2_gpu_core_neural_output_average_tensor_batched_2048_cpu_repeat00,3,neural_policy,output_average,social_adam_update,0.002437167102470994
toy2,neural_output_average,tensor_batched,tensor_batched,cpu,2048,5,1,0,0,5,toy2_gpu_core_neural_output_average_tensor_batched_2048_cpu_repeat00,3,neural_policy,output_average,social_optimizer_update,0.00349344196729362
toy2,neural_output_average,tensor_batched,tensor_batched,cpu,2048,5,1,0,0,5,toy2_gpu_core_neural_output_average_tensor_batched_2048_cpu_repeat00,3,neural_policy,output_average,social_loss_update,0.004035671008750796
toy2,neural_output_average,tensor_batched,tensor_batched,cpu,2048,5,1,0,0,5,toy2_gpu_core_neural_output_average_tensor_batched_2048_cpu_repeat00,3,neural_policy,output_average,social_distillation,0.005091486033052206
toy2,neural_output_average,tensor_batched,tensor_batched,cpu,2048,5,1,0,0,5,toy2_gpu_core_neural_output_average_tensor_batched_2048_cpu_repeat00,3,neural_policy,output_average,social_step,0.005104670999571681
toy2,neural_output_average,tensor_batched,tensor_batched,cpu,2048,5,1,0,0,5,toy2_gpu_core_neural_output_average_tensor_batched_2048_cpu_repeat00,3,neural_policy,output_average,sample_actions,6.910413503646851e-07
toy2,neural_output_average,tensor_batched,tensor_batched,cpu,2048,5,1,0,0,5,toy2_gpu_core_neural_output_average_tensor_batched_2048_cpu_repeat00,3,neural_policy,output_average,commit_actions,3.647059202194214e-06
toy2,neural_output_average,tensor_batched,tensor_batched,cpu,2048,5,1,0,0,5,toy2_gpu_core_neural_output_average_tensor_batched_2048_cpu_repeat00,3,neural_policy,output_average,post_step_state_policy,1.2925011105835438e-05
toy2,neural_output_average,tensor_batched,tensor_batched,cpu,2048,5,1,0,0,5,toy2_gpu_core_neural_output_average_tensor_batched_2048_cpu_repeat00,3,neural_policy,output_average,update_payoff_ema,1.7332960851490498e-05
toy2,neural_output_average,tensor_batched,tensor_batched,cpu,2048,5,1,0,0,5,toy2_gpu_core_neural_output_average_tensor_batched_2048_cpu_repeat00,3,neural_policy,output_average,update_reputation_ema,1.5338999219238758e-05
toy2,neural_output_average,tensor_batched,tensor_batched,cpu,2048,5,1,0,0,5,toy2_gpu_core_neural_output_average_tensor_batched_2048_cpu_repeat00,3,neural_policy,output_average,mobility_swaps,6.614590529352427e-05
toy2,neural_output_average,tensor_batched,tensor_batched,cpu,2048,5,1,0,0,5,toy2_gpu_core_neural_output_average_tensor_batched_2048_cpu_repeat00,3,neural_policy,output_average,finalize_hook_step,8.69703944772482e-06
toy2,neural_output_average,tensor_batched,tensor_batched,cpu,2048,5,1,0,0,5,toy2_gpu_core_neural_output_average_tensor_batched_2048_cpu_repeat00,3,neural_policy,output_average,hooked_step_total,0.010345652000978589
toy2,neural_output_average,tensor_batched,tensor_batched,cpu,2048,5,1,0,0,5,toy2_gpu_core_neural_output_average_tensor_batched_2048_cpu_repeat00,3,neural_policy,output_average,aggregate_row,0.0020371481077745557
toy2,neural_output_average,tensor_batched,tensor_batched,cpu,2048,5,1,0,0,5,toy2_gpu_core_neural_output_average_tensor_batched_2048_cpu_repeat00,3,neural_policy,output_average,write_aggregate,3.263191320002079e-05
toy2,neural_output_average,tensor_batched,tensor_batched,cpu,2048,5,1,0,0,5,toy2_gpu_core_neural_output_average_tensor_batched_2048_cpu_repeat00,4,neural_policy,output_average,sample_revision_mask,1.0629999451339245e-05
toy2,neural_output_average,tensor_batched,tensor_batched,cpu,2048,5,1,0,0,5,toy2_gpu_core_neural_output_average_tensor_batched_2048_cpu_repeat00,4,neural_policy,output_average,build_step_context,6.832997314631939e-06
toy2,neural_output_average,tensor_batched,tensor_batched,cpu,2048,5,1,0,0,5,toy2_gpu_core_neural_output_average_tensor_batched_2048_cpu_repeat00,4,neural_policy,output_average,neural_context_peers,2.544955350458622e-06
toy2,neural_output_average,tensor_batched,tensor_batched,cpu,2048,5,1,0,0,5,toy2_gpu_core_neural_output_average_tensor_batched_2048_cpu_repeat00,4,neural_policy,output_average,build_observations,0.0002133749658241868
toy2,neural_output_average,tensor_batched,tensor_batched,cpu,2048,5,1,0,0,5,toy2_gpu_core_neural_output_average_tensor_batched_2048_cpu_repeat00,4,neural_policy,output_average,policy_readout,0.00022375502157956362
toy2,neural_output_average,tensor_batched,tensor_batched,cpu,2048,5,1,0,0,5,toy2_gpu_core_neural_output_average_tensor_batched_2048_cpu_repeat00,4,neural_policy,output_average,decision_selection,0.00016539404168725014
toy2,neural_output_average,tensor_batched,tensor_batched,cpu,2048,5,1,0,0,5,toy2_gpu_core_neural_output_average_tensor_batched_2048_cpu_repeat00,4,neural_policy,output_average,local_trainable_parameters,7.25769205018878e-05
toy2,neural_output_average,tensor_batched,tensor_batched,cpu,2048,5,1,0,0,5,toy2_gpu_core_neural_output_average_tensor_batched_2048_cpu_repeat00,4,neural_policy,output_average,local_loss_forward,0.00039141392335295677
toy2,neural_output_average,tensor_batched,tensor_batched,cpu,2048,5,1,0,0,5,toy2_gpu_core_neural_output_average_tensor_batched_2048_cpu_repeat00,4,neural_policy,output_average,local_autograd_grad,0.0007715850370004773
toy2,neural_output_average,tensor_batched,tensor_batched,cpu,2048,5,1,0,0,5,toy2_gpu_core_neural_output_average_tensor_batched_2048_cpu_repeat00,4,neural_policy,output_average,local_adam_update,0.0010874849976971745
toy2,neural_output_average,tensor_batched,tensor_batched,cpu,2048,5,1,0,0,5,toy2_gpu_core_neural_output_average_tensor_batched_2048_cpu_repeat00,4,neural_policy,output_average,local_optimizer_update,0.002358859055675566
toy2,neural_output_average,tensor_batched,tensor_batched,cpu,2048,5,1,0,0,5,toy2_gpu_core_neural_output_average_tensor_batched_2048_cpu_repeat00,4,neural_policy,output_average,local_loss_update,0.0027609120588749647
toy2,neural_output_average,tensor_batched,tensor_batched,cpu,2048,5,1,0,0,5,toy2_gpu_core_neural_output_average_tensor_batched_2048_cpu_repeat00,4,neural_policy,output_average,local_training,0.0030448799952864647
toy2,neural_output_average,tensor_batched,tensor_batched,cpu,2048,5,1,0,0,5,toy2_gpu_core_neural_output_average_tensor_batched_2048_cpu_repeat00,4,neural_policy,output_average,cache_refresh,1.3220123946666718e-06
toy2,neural_output_average,tensor_batched,tensor_batched,cpu,2048,5,1,0,0,5,toy2_gpu_core_neural_output_average_tensor_batched_2048_cpu_repeat00,4,neural_policy,output_average,post_local_readout,0.0003986869705840945
toy2,neural_output_average,tensor_batched,tensor_batched,cpu,2048,5,1,0,0,5,toy2_gpu_core_neural_output_average_tensor_batched_2048_cpu_repeat00,4,neural_policy,output_average,local_step,0.004541371017694473
toy2,neural_output_average,tensor_batched,tensor_batched,cpu,2048,5,1,0,0,5,toy2_gpu_core_neural_output_average_tensor_batched_2048_cpu_repeat00,4,neural_policy,output_average,select_peers,4.327972419559956e-06
toy2,neural_output_average,tensor_batched,tensor_batched,cpu,2048,5,1,0,0,5,toy2_gpu_core_neural_output_average_tensor_batched_2048_cpu_repeat00,4,neural_policy,output_average,social_mix,0.00031200191006064415
toy2,neural_output_average,tensor_batched,tensor_batched,cpu,2048,5,1,0,0,5,toy2_gpu_core_neural_output_average_tensor_batched_2048_cpu_repeat00,4,neural_policy,output_average,social_trainable_parameters,0.00036502291914075613
toy2,neural_output_average,tensor_batched,tensor_batched,cpu,2048,5,1,0,0,5,toy2_gpu_core_neural_output_average_tensor_batched_2048_cpu_repeat00,4,neural_policy,output_average,social_loss_forward,0.0007281620055437088
toy2,neural_output_average,tensor_batched,tensor_batched,cpu,2048,5,1,0,0,5,toy2_gpu_core_neural_output_average_tensor_batched_2048_cpu_repeat00,4,neural_policy,output_average,social_autograd_grad,0.0010885270312428474
toy2,neural_output_average,tensor_batched,tensor_batched,cpu,2048,5,1,0,0,5,toy2_gpu_core_neural_output_average_tensor_batched_2048_cpu_repeat00,4,neural_policy,output_average,social_adam_update,0.002941744984127581
toy2,neural_output_average,tensor_batched,tensor_batched,cpu,2048,5,1,0,0,5,toy2_gpu_core_neural_output_average_tensor_batched_2048_cpu_repeat00,4,neural_policy,output_average,social_optimizer_update,0.004068564041517675
toy2,neural_output_average,tensor_batched,tensor_batched,cpu,2048,5,1,0,0,5,toy2_gpu_core_neural_output_average_tensor_batched_2048_cpu_repeat00,4,neural_policy,output_average,social_loss_update,0.004807396908290684
toy2,neural_output_average,tensor_batched,tensor_batched,cpu,2048,5,1,0,0,5,toy2_gpu_core_neural_output_average_tensor_batched_2048_cpu_repeat00,4,neural_policy,output_average,social_distillation,0.0059842109913006425
toy2,neural_output_average,tensor_batched,tensor_batched,cpu,2048,5,1,0,0,5,toy2_gpu_core_neural_output_average_tensor_batched_2048_cpu_repeat00,4,neural_policy,output_average,social_step,0.005996975000016391
toy2,neural_output_average,tensor_batched,tensor_batched,cpu,2048,5,1,0,0,5,toy2_gpu_core_neural_output_average_tensor_batched_2048_cpu_repeat00,4,neural_policy,output_average,sample_actions,7.819617167115211e-07
toy2,neural_output_average,tensor_batched,tensor_batched,cpu,2048,5,1,0,0,5,toy2_gpu_core_neural_output_average_tensor_batched_2048_cpu_repeat00,4,neural_policy,output_average,commit_actions,2.94495839625597e-06
toy2,neural_output_average,tensor_batched,tensor_batched,cpu,2048,5,1,0,0,5,toy2_gpu_core_neural_output_average_tensor_batched_2048_cpu_repeat00,4,neural_policy,output_average,post_step_state_policy,1.3586017303168774e-05
toy2,neural_output_average,tensor_batched,tensor_batched,cpu,2048,5,1,0,0,5,toy2_gpu_core_neural_output_average_tensor_batched_2048_cpu_repeat00,4,neural_policy,output_average,update_payoff_ema,1.7813988961279392e-05
toy2,neural_output_average,tensor_batched,tensor_batched,cpu,2048,5,1,0,0,5,toy2_gpu_core_neural_output_average_tensor_batched_2048_cpu_repeat00,4,neural_policy,output_average,update_reputation_ema,1.5408964827656746e-05
toy2,neural_output_average,tensor_batched,tensor_batched,cpu,2048,5,1,0,0,5,toy2_gpu_core_neural_output_average_tensor_batched_2048_cpu_repeat00,4,neural_policy,output_average,mobility_swaps,7.236795499920845e-05
toy2,neural_output_average,tensor_batched,tensor_batched,cpu,2048,5,1,0,0,5,toy2_gpu_core_neural_output_average_tensor_batched_2048_cpu_repeat00,4,neural_policy,output_average,finalize_hook_step,9.206938557326794e-06
toy2,neural_output_average,tensor_batched,tensor_batched,cpu,2048,5,1,0,0,5,toy2_gpu_core_neural_output_average_tensor_batched_2048_cpu_repeat00,4,neural_policy,output_average,hooked_step_total,0.011027465923689306
toy2,neural_output_average,tensor_batched,tensor_batched,cpu,2048,5,1,0,0,5,toy2_gpu_core_neural_output_average_tensor_batched_2048_cpu_repeat00,4,neural_policy,output_average,aggregate_row,0.001805898966267705
toy2,neural_output_average,tensor_batched,tensor_batched,cpu,2048,5,1,0,0,5,toy2_gpu_core_neural_output_average_tensor_batched_2048_cpu_repeat00,4,neural_policy,output_average,write_aggregate,3.0267052352428436e-05
toy2,neural_output_average,tensor_batched,tensor_batched,cpu,2048,5,1,0,0,5,toy2_gpu_core_neural_output_average_tensor_batched_2048_cpu_repeat00,5,neural_policy,output_average,sample_revision_mask,1.0931049473583698e-05
toy2,neural_output_average,tensor_batched,tensor_batched,cpu,2048,5,1,0,0,5,toy2_gpu_core_neural_output_average_tensor_batched_2048_cpu_repeat00,5,neural_policy,output_average,build_step_context,6.092013791203499e-06
toy2,neural_output_average,tensor_batched,tensor_batched,cpu,2048,5,1,0,0,5,toy2_gpu_core_neural_output_average_tensor_batched_2048_cpu_repeat00,5,neural_policy,output_average,neural_context_peers,2.0939623937010765e-06
toy2,neural_output_average,tensor_batched,tensor_batched,cpu,2048,5,1,0,0,5,toy2_gpu_core_neural_output_average_tensor_batched_2048_cpu_repeat00,5,neural_policy,output_average,build_observations,0.00018407998140901327
toy2,neural_output_average,tensor_batched,tensor_batched,cpu,2048,5,1,0,0,5,toy2_gpu_core_neural_output_average_tensor_batched_2048_cpu_repeat00,5,neural_policy,output_average,policy_readout,0.0002393339527770877
toy2,neural_output_average,tensor_batched,tensor_batched,cpu,2048,5,1,0,0,5,toy2_gpu_core_neural_output_average_tensor_batched_2048_cpu_repeat00,5,neural_policy,output_average,decision_selection,0.0001591220498085022
toy2,neural_output_average,tensor_batched,tensor_batched,cpu,2048,5,1,0,0,5,toy2_gpu_core_neural_output_average_tensor_batched_2048_cpu_repeat00,5,neural_policy,output_average,local_trainable_parameters,0.00010690302588045597
toy2,neural_output_average,tensor_batched,tensor_batched,cpu,2048,5,1,0,0,5,toy2_gpu_core_neural_output_average_tensor_batched_2048_cpu_repeat00,5,neural_policy,output_average,local_loss_forward,0.00041166204027831554
toy2,neural_output_average,tensor_batched,tensor_batched,cpu,2048,5,1,0,0,5,toy2_gpu_core_neural_output_average_tensor_batched_2048_cpu_repeat00,5,neural_policy,output_average,local_autograd_grad,0.0008176920237019658
toy2,neural_output_average,tensor_batched,tensor_batched,cpu,2048,5,1,0,0,5,toy2_gpu_core_neural_output_average_tensor_batched_2048_cpu_repeat00,5,neural_policy,output_average,local_adam_update,0.0008831570157781243
toy2,neural_output_average,tensor_batched,tensor_batched,cpu,2048,5,1,0,0,5,toy2_gpu_core_neural_output_average_tensor_batched_2048_cpu_repeat00,5,neural_policy,output_average,local_optimizer_update,0.0017372079892084002
toy2,neural_output_average,tensor_batched,tensor_batched,cpu,2048,5,1,0,0,5,toy2_gpu_core_neural_output_average_tensor_batched_2048_cpu_repeat00,5,neural_policy,output_average,local_loss_update,0.0021588689414784312
toy2,neural_output_average,tensor_batched,tensor_batched,cpu,2048,5,1,0,0,5,toy2_gpu_core_neural_output_average_tensor_batched_2048_cpu_repeat00,5,neural_policy,output_average,local_training,0.00248237291816622
toy2,neural_output_average,tensor_batched,tensor_batched,cpu,2048,5,1,0,0,5,toy2_gpu_core_neural_output_average_tensor_batched_2048_cpu_repeat00,5,neural_policy,output_average,cache_refresh,1.2830132618546486e-06
toy2,neural_output_average,tensor_batched,tensor_batched,cpu,2048,5,1,0,0,5,toy2_gpu_core_neural_output_average_tensor_batched_2048_cpu_repeat00,5,neural_policy,output_average,post_local_readout,0.0002783280797302723
toy2,neural_output_average,tensor_batched,tensor_batched,cpu,2048,5,1,0,0,5,toy2_gpu_core_neural_output_average_tensor_batched_2048_cpu_repeat00,5,neural_policy,output_average,local_step,0.003824451006948948
toy2,neural_output_average,tensor_batched,tensor_batched,cpu,2048,5,1,0,0,5,toy2_gpu_core_neural_output_average_tensor_batched_2048_cpu_repeat00,5,neural_policy,output_average,select_peers,1.9329600036144257e-06
toy2,neural_output_average,tensor_batched,tensor_batched,cpu,2048,5,1,0,0,5,toy2_gpu_core_neural_output_average_tensor_batched_2048_cpu_repeat00,5,neural_policy,output_average,social_mix,0.0002748119877651334
toy2,neural_output_average,tensor_batched,tensor_batched,cpu,2048,5,1,0,0,5,toy2_gpu_core_neural_output_average_tensor_batched_2048_cpu_repeat00,5,neural_policy,output_average,social_trainable_parameters,7.343990728259087e-05
toy2,neural_output_average,tensor_batched,tensor_batched,cpu,2048,5,1,0,0,5,toy2_gpu_core_neural_output_average_tensor_batched_2048_cpu_repeat00,5,neural_policy,output_average,social_loss_forward,0.0003588619874790311
toy2,neural_output_average,tensor_batched,tensor_batched,cpu,2048,5,1,0,0,5,toy2_gpu_core_neural_output_average_tensor_batched_2048_cpu_repeat00,5,neural_policy,output_average,social_autograd_grad,0.0007264890009537339
toy2,neural_output_average,tensor_batched,tensor_batched,cpu,2048,5,1,0,0,5,toy2_gpu_core_neural_output_average_tensor_batched_2048_cpu_repeat00,5,neural_policy,output_average,social_adam_update,0.0012744689593091607
toy2,neural_output_average,tensor_batched,tensor_batched,cpu,2048,5,1,0,0,5,toy2_gpu_core_neural_output_average_tensor_batched_2048_cpu_repeat00,5,neural_policy,output_average,social_optimizer_update,0.0020367370452731848
toy2,neural_output_average,tensor_batched,tensor_batched,cpu,2048,5,1,0,0,5,toy2_gpu_core_neural_output_average_tensor_batched_2048_cpu_repeat00,5,neural_policy,output_average,social_loss_update,0.002404675935395062
toy2,neural_output_average,tensor_batched,tensor_batched,cpu,2048,5,1,0,0,5,toy2_gpu_core_neural_output_average_tensor_batched_2048_cpu_repeat00,5,neural_policy,output_average,social_distillation,0.0032335089053958654
toy2,neural_output_average,tensor_batched,tensor_batched,cpu,2048,5,1,0,0,5,toy2_gpu_core_neural_output_average_tensor_batched_2048_cpu_repeat00,5,neural_policy,output_average,social_step,0.0032440389040857553
toy2,neural_output_average,tensor_batched,tensor_batched,cpu,2048,5,1,0,0,5,toy2_gpu_core_neural_output_average_tensor_batched_2048_cpu_repeat00,5,neural_policy,output_average,sample_actions,6.509944796562195e-07
toy2,neural_output_average,tensor_batched,tensor_batched,cpu,2048,5,1,0,0,5,toy2_gpu_core_neural_output_average_tensor_batched_2048_cpu_repeat00,5,neural_policy,output_average,commit_actions,3.13599593937397e-06
toy2,neural_output_average,tensor_batched,tensor_batched,cpu,2048,5,1,0,0,5,toy2_gpu_core_neural_output_average_tensor_batched_2048_cpu_repeat00,5,neural_policy,output_average,post_step_state_policy,1.148204319179058e-05
toy2,neural_output_average,tensor_batched,tensor_batched,cpu,2048,5,1,0,0,5,toy2_gpu_core_neural_output_average_tensor_batched_2048_cpu_repeat00,5,neural_policy,output_average,update_payoff_ema,1.8425052985548973e-05
toy2,neural_output_average,tensor_batched,tensor_batched,cpu,2048,5,1,0,0,5,toy2_gpu_core_neural_output_average_tensor_batched_2048_cpu_repeat00,5,neural_policy,output_average,update_reputation_ema,1.7091981135308743e-05
toy2,neural_output_average,tensor_batched,tensor_batched,cpu,2048,5,1,0,0,5,toy2_gpu_core_neural_output_average_tensor_batched_2048_cpu_repeat00,5,neural_policy,output_average,mobility_swaps,6.752810440957546e-05
toy2,neural_output_average,tensor_batched,tensor_batched,cpu,2048,5,1,0,0,5,toy2_gpu_core_neural_output_average_tensor_batched_2048_cpu_repeat00,5,neural_policy,output_average,finalize_hook_step,8.837087079882622e-06
toy2,neural_output_average,tensor_batched,tensor_batched,cpu,2048,5,1,0,0,5,toy2_gpu_core_neural_output_average_tensor_batched_2048_cpu_repeat00,5,neural_policy,output_average,hooked_step_total,0.007552146911621094
toy2,neural_output_average,tensor_batched,tensor_batched,cpu,2048,5,1,0,0,5,toy2_gpu_core_neural_output_average_tensor_batched_2048_cpu_repeat00,5,neural_policy,output_average,aggregate_row,0.0015795789659023285
toy2,neural_output_average,tensor_batched,tensor_batched,cpu,2048,5,1,0,0,5,toy2_gpu_core_neural_output_average_tensor_batched_2048_cpu_repeat00,5,neural_policy,output_average,write_aggregate,3.08590242639184e-05
toy2,neural_output_average,tensor_batched,tensor_batched,cpu,2048,5,1,1,0,5,toy2_gpu_core_neural_output_average_tensor_batched_2048_cpu_repeat01,0,neural_policy,output_average,make_run_dir,0.00042037805542349815
toy2,neural_output_average,tensor_batched,tensor_batched,cpu,2048,5,1,1,0,5,toy2_gpu_core_neural_output_average_tensor_batched_2048_cpu_repeat01,0,neural_policy,output_average,write_metadata,0.0027834740467369556
toy2,neural_output_average,tensor_batched,tensor_batched,cpu,2048,5,1,1,0,5,toy2_gpu_core_neural_output_average_tensor_batched_2048_cpu_repeat01,0,neural_policy,output_average,initial_state,0.4356722020311281
toy2,neural_output_average,tensor_batched,tensor_batched,cpu,2048,5,1,1,0,5,toy2_gpu_core_neural_output_average_tensor_batched_2048_cpu_repeat01,0,neural_policy,output_average,writer_setup,0.0014469570014625788
toy2,neural_output_average,tensor_batched,tensor_batched,cpu,2048,5,1,1,0,5,toy2_gpu_core_neural_output_average_tensor_batched_2048_cpu_repeat01,0,neural_policy,output_average,initial_step_result,0.004445940023288131
toy2,neural_output_average,tensor_batched,tensor_batched,cpu,2048,5,1,1,0,5,toy2_gpu_core_neural_output_average_tensor_batched_2048_cpu_repeat01,0,neural_policy,output_average,initial_aggregate_row,0.004435451002791524
toy2,neural_output_average,tensor_batched,tensor_batched,cpu,2048,5,1,1,0,5,toy2_gpu_core_neural_output_average_tensor_batched_2048_cpu_repeat01,0,neural_policy,output_average,write_initial_aggregate,4.290102515369654e-05
toy2,neural_output_average,tensor_batched,tensor_batched,cpu,2048,5,1,1,0,5,toy2_gpu_core_neural_output_average_tensor_batched_2048_cpu_repeat01,1,neural_policy,output_average,sample_revision_mask,2.9406044632196426e-05
toy2,neural_output_average,tensor_batched,tensor_batched,cpu,2048,5,1,1,0,5,toy2_gpu_core_neural_output_average_tensor_batched_2048_cpu_repeat01,1,neural_policy,output_average,build_step_context,1.1472031474113464e-05
toy2,neural_output_average,tensor_batched,tensor_batched,cpu,2048,5,1,1,0,5,toy2_gpu_core_neural_output_average_tensor_batched_2048_cpu_repeat01,1,neural_policy,output_average,neural_context_peers,4.327972419559956e-06
toy2,neural_output_average,tensor_batched,tensor_batched,cpu,2048,5,1,1,0,5,toy2_gpu_core_neural_output_average_tensor_batched_2048_cpu_repeat01,1,neural_policy,output_average,build_observations,0.0003436420811340213
toy2,neural_output_average,tensor_batched,tensor_batched,cpu,2048,5,1,1,0,5,toy2_gpu_core_neural_output_average_tensor_batched_2048_cpu_repeat01,1,neural_policy,output_average,policy_readout,0.0005406760610640049
toy2,neural_output_average,tensor_batched,tensor_batched,cpu,2048,5,1,1,0,5,toy2_gpu_core_neural_output_average_tensor_batched_2048_cpu_repeat01,1,neural_policy,output_average,decision_selection,0.000343601917847991
toy2,neural_output_average,tensor_batched,tensor_batched,cpu,2048,5,1,1,0,5,toy2_gpu_core_neural_output_average_tensor_batched_2048_cpu_repeat01,1,neural_policy,output_average,local_trainable_parameters,0.0007410069229081273
toy2,neural_output_average,tensor_batched,tensor_batched,cpu,2048,5,1,1,0,5,toy2_gpu_core_neural_output_average_tensor_batched_2048_cpu_repeat01,1,neural_policy,output_average,local_loss_forward,0.0010624669957906008
toy2,neural_output_average,tensor_batched,tensor_batched,cpu,2048,5,1,1,0,5,toy2_gpu_core_neural_output_average_tensor_batched_2048_cpu_repeat01,1,neural_policy,output_average,local_autograd_grad,0.001719404011964798
toy2,neural_output_average,tensor_batched,tensor_batched,cpu,2048,5,1,1,0,5,toy2_gpu_core_neural_output_average_tensor_batched_2048_cpu_repeat01,1,neural_policy,output_average,local_adam_update,0.004043397027999163
toy2,neural_output_average,tensor_batched,tensor_batched,cpu,2048,5,1,1,0,5,toy2_gpu_core_neural_output_average_tensor_batched_2048_cpu_repeat01,1,neural_policy,output_average,local_optimizer_update,0.00584583799354732
toy2,neural_output_average,tensor_batched,tensor_batched,cpu,2048,5,1,1,0,5,toy2_gpu_core_neural_output_average_tensor_batched_2048_cpu_repeat01,1,neural_policy,output_average,local_loss_update,0.006921419990248978
toy2,neural_output_average,tensor_batched,tensor_batched,cpu,2048,5,1,1,0,5,toy2_gpu_core_neural_output_average_tensor_batched_2048_cpu_repeat01,1,neural_policy,output_average,local_training,0.008012742036953568
toy2,neural_output_average,tensor_batched,tensor_batched,cpu,2048,5,1,1,0,5,toy2_gpu_core_neural_output_average_tensor_batched_2048_cpu_repeat01,1,neural_policy,output_average,cache_refresh,1.7629936337471008e-06
toy2,neural_output_average,tensor_batched,tensor_batched,cpu,2048,5,1,1,0,5,toy2_gpu_core_neural_output_average_tensor_batched_2048_cpu_repeat01,1,neural_policy,output_average,post_local_readout,0.0003421800211071968
toy2,neural_output_average,tensor_batched,tensor_batched,cpu,2048,5,1,1,0,5,toy2_gpu_core_neural_output_average_tensor_batched_2048_cpu_repeat01,1,neural_policy,output_average,local_step,0.010601396905258298
toy2,neural_output_average,tensor_batched,tensor_batched,cpu,2048,5,1,1,0,5,toy2_gpu_core_neural_output_average_tensor_batched_2048_cpu_repeat01,1,neural_policy,output_average,select_peers,2.054031938314438e-06
toy2,neural_output_average,tensor_batched,tensor_batched,cpu,2048,5,1,1,0,5,toy2_gpu_core_neural_output_average_tensor_batched_2048_cpu_repeat01,1,neural_policy,output_average,social_mix,0.0003211490111425519
toy2,neural_output_average,tensor_batched,tensor_batched,cpu,2048,5,1,1,0,5,toy2_gpu_core_neural_output_average_tensor_batched_2048_cpu_repeat01,1,neural_policy,output_average,social_trainable_parameters,0.00011155207175761461
toy2,neural_output_average,tensor_batched,tensor_batched,cpu,2048,5,1,1,0,5,toy2_gpu_core_neural_output_average_tensor_batched_2048_cpu_repeat01,1,neural_policy,output_average,social_loss_forward,0.0003148779505863786
toy2,neural_output_average,tensor_batched,tensor_batched,cpu,2048,5,1,1,0,5,toy2_gpu_core_neural_output_average_tensor_batched_2048_cpu_repeat01,1,neural_policy,output_average,social_autograd_grad,0.0009221199434250593
toy2,neural_output_average,tensor_batched,tensor_batched,cpu,2048,5,1,1,0,5,toy2_gpu_core_neural_output_average_tensor_batched_2048_cpu_repeat01,1,neural_policy,output_average,social_adam_update,0.0013781760353595018
toy2,neural_output_average,tensor_batched,tensor_batched,cpu,2048,5,1,1,0,5,toy2_gpu_core_neural_output_average_tensor_batched_2048_cpu_repeat01,1,neural_policy,output_average,social_optimizer_update,0.0028484880458563566
toy2,neural_output_average,tensor_batched,tensor_batched,cpu,2048,5,1,1,0,5,toy2_gpu_core_neural_output_average_tensor_batched_2048_cpu_repeat01,1,neural_policy,output_average,social_loss_update,0.003181098960340023
toy2,neural_output_average,tensor_batched,tensor_batched,cpu,2048,5,1,1,0,5,toy2_gpu_core_neural_output_average_tensor_batched_2048_cpu_repeat01,1,neural_policy,output_average,social_distillation,0.003951722988858819
toy2,neural_output_average,tensor_batched,tensor_batched,cpu,2048,5,1,1,0,5,toy2_gpu_core_neural_output_average_tensor_batched_2048_cpu_repeat01,1,neural_policy,output_average,social_step,0.003964497009292245
toy2,neural_output_average,tensor_batched,tensor_batched,cpu,2048,5,1,1,0,5,toy2_gpu_core_neural_output_average_tensor_batched_2048_cpu_repeat01,1,neural_policy,output_average,sample_actions,7.109483703970909e-07
toy2,neural_output_average,tensor_batched,tensor_batched,cpu,2048,5,1,1,0,5,toy2_gpu_core_neural_output_average_tensor_batched_2048_cpu_repeat01,1,neural_policy,output_average,commit_actions,4.28792554885149e-06
toy2,neural_output_average,tensor_batched,tensor_batched,cpu,2048,5,1,1,0,5,toy2_gpu_core_neural_output_average_tensor_batched_2048_cpu_repeat01,1,neural_policy,output_average,post_step_state_policy,2.2171996533870697e-05
toy2,neural_output_average,tensor_batched,tensor_batched,cpu,2048,5,1,1,0,5,toy2_gpu_core_neural_output_average_tensor_batched_2048_cpu_repeat01,1,neural_policy,output_average,update_payoff_ema,4.9274065531790257e-05
toy2,neural_output_average,tensor_batched,tensor_batched,cpu,2048,5,1,1,0,5,toy2_gpu_core_neural_output_average_tensor_batched_2048_cpu_repeat01,1,neural_policy,output_average,update_reputation_ema,2.4846987798810005e-05
toy2,neural_output_average,tensor_batched,tensor_batched,cpu,2048,5,1,1,0,5,toy2_gpu_core_neural_output_average_tensor_batched_2048_cpu_repeat01,1,neural_policy,output_average,mobility_swaps,0.00011489796452224255
toy2,neural_output_average,tensor_batched,tensor_batched,cpu,2048,5,1,1,0,5,toy2_gpu_core_neural_output_average_tensor_batched_2048_cpu_repeat01,1,neural_policy,output_average,finalize_hook_step,9.468058124184608e-06
toy2,neural_output_average,tensor_batched,tensor_batched,cpu,2048,5,1,1,0,5,toy2_gpu_core_neural_output_average_tensor_batched_2048_cpu_repeat01,1,neural_policy,output_average,hooked_step_total,0.015224513947032392
toy2,neural_output_average,tensor_batched,tensor_batched,cpu,2048,5,1,1,0,5,toy2_gpu_core_neural_output_average_tensor_batched_2048_cpu_repeat01,1,neural_policy,output_average,aggregate_row,0.0025272680213674903
toy2,neural_output_average,tensor_batched,tensor_batched,cpu,2048,5,1,1,0,5,toy2_gpu_core_neural_output_average_tensor_batched_2048_cpu_repeat01,1,neural_policy,output_average,write_aggregate,3.2140989787876606e-05
toy2,neural_output_average,tensor_batched,tensor_batched,cpu,2048,5,1,1,0,5,toy2_gpu_core_neural_output_average_tensor_batched_2048_cpu_repeat01,2,neural_policy,output_average,sample_revision_mask,1.0731047950685024e-05
toy2,neural_output_average,tensor_batched,tensor_batched,cpu,2048,5,1,1,0,5,toy2_gpu_core_neural_output_average_tensor_batched_2048_cpu_repeat01,2,neural_policy,output_average,build_step_context,6.5820058807730675e-06
toy2,neural_output_average,tensor_batched,tensor_batched,cpu,2048,5,1,1,0,5,toy2_gpu_core_neural_output_average_tensor_batched_2048_cpu_repeat01,2,neural_policy,output_average,neural_context_peers,2.3740576580166817e-06
toy2,neural_output_average,tensor_batched,tensor_batched,cpu,2048,5,1,1,0,5,toy2_gpu_core_neural_output_average_tensor_batched_2048_cpu_repeat01,2,neural_policy,output_average,build_observations,0.0002295349258929491
toy2,neural_output_average,tensor_batched,tensor_batched,cpu,2048,5,1,1,0,5,toy2_gpu_core_neural_output_average_tensor_batched_2048_cpu_repeat01,2,neural_policy,output_average,policy_readout,0.00021181302145123482
toy2,neural_output_average,tensor_batched,tensor_batched,cpu,2048,5,1,1,0,5,toy2_gpu_core_neural_output_average_tensor_batched_2048_cpu_repeat01,2,neural_policy,output_average,decision_selection,0.00017547293100506067
toy2,neural_output_average,tensor_batched,tensor_batched,cpu,2048,5,1,1,0,5,toy2_gpu_core_neural_output_average_tensor_batched_2048_cpu_repeat01,2,neural_policy,output_average,local_trainable_parameters,0.00033669895492494106
toy2,neural_output_average,tensor_batched,tensor_batched,cpu,2048,5,1,1,0,5,toy2_gpu_core_neural_output_average_tensor_batched_2048_cpu_repeat01,2,neural_policy,output_average,local_loss_forward,0.00044818094465881586
toy2,neural_output_average,tensor_batched,tensor_batched,cpu,2048,5,1,1,0,5,toy2_gpu_core_neural_output_average_tensor_batched_2048_cpu_repeat01,2,neural_policy,output_average,local_autograd_grad,0.0010224409634247422
toy2,neural_output_average,tensor_batched,tensor_batched,cpu,2048,5,1,1,0,5,toy2_gpu_core_neural_output_average_tensor_batched_2048_cpu_repeat01,2,neural_policy,output_average,local_adam_update,0.0018219690537080169
toy2,neural_output_average,tensor_batched,tensor_batched,cpu,2048,5,1,1,0,5,toy2_gpu_core_neural_output_average_tensor_batched_2048_cpu_repeat01,2,neural_policy,output_average,local_optimizer_update,0.0028870210517197847
toy2,neural_output_average,tensor_batched,tensor_batched,cpu,2048,5,1,1,0,5,toy2_gpu_core_neural_output_average_tensor_batched_2048_cpu_repeat01,2,neural_policy,output_average,local_loss_update,0.0033452610950917006
toy2,neural_output_average,tensor_batched,tensor_batched,cpu,2048,5,1,1,0,5,toy2_gpu_core_neural_output_average_tensor_batched_2048_cpu_repeat01,2,neural_policy,output_average,local_training,0.003911055042408407
toy2,neural_output_average,tensor_batched,tensor_batched,cpu,2048,5,1,1,0,5,toy2_gpu_core_neural_output_average_tensor_batched_2048_cpu_repeat01,2,neural_policy,output_average,cache_refresh,2.284068614244461e-06
toy2,neural_output_average,tensor_batched,tensor_batched,cpu,2048,5,1,1,0,5,toy2_gpu_core_neural_output_average_tensor_batched_2048_cpu_repeat01,2,neural_policy,output_average,post_local_readout,0.0001957520144060254
toy2,neural_output_average,tensor_batched,tensor_batched,cpu,2048,5,1,1,0,5,toy2_gpu_core_neural_output_average_tensor_batched_2048_cpu_repeat01,2,neural_policy,output_average,local_step,0.0052005930338054895
toy2,neural_output_average,tensor_batched,tensor_batched,cpu,2048,5,1,1,0,5,toy2_gpu_core_neural_output_average_tensor_batched_2048_cpu_repeat01,2,neural_policy,output_average,select_peers,1.8640421330928802e-06
toy2,neural_output_average,tensor_batched,tensor_batched,cpu,2048,5,1,1,0,5,toy2_gpu_core_neural_output_average_tensor_batched_2048_cpu_repeat01,2,neural_policy,output_average,social_mix,0.0002760339993983507
toy2,neural_output_average,tensor_batched,tensor_batched,cpu,2048,5,1,1,0,5,toy2_gpu_core_neural_output_average_tensor_batched_2048_cpu_repeat01,2,neural_policy,output_average,social_trainable_parameters,5.776993930339813e-05
toy2,neural_output_average,tensor_batched,tensor_batched,cpu,2048,5,1,1,0,5,toy2_gpu_core_neural_output_average_tensor_batched_2048_cpu_repeat01,2,neural_policy,output_average,social_loss_forward,0.00022593897301703691
toy2,neural_output_average,tensor_batched,tensor_batched,cpu,2048,5,1,1,0,5,toy2_gpu_core_neural_output_average_tensor_batched_2048_cpu_repeat01,2,neural_policy,output_average,social_autograd_grad,0.0007508459966629744
toy2,neural_output_average,tensor_batched,tensor_batched,cpu,2048,5,1,1,0,5,toy2_gpu_core_neural_output_average_tensor_batched_2048_cpu_repeat01,2,neural_policy,output_average,social_adam_update,0.000821179011836648
toy2,neural_output_average,tensor_batched,tensor_batched,cpu,2048,5,1,1,0,5,toy2_gpu_core_neural_output_average_tensor_batched_2048_cpu_repeat01,2,neural_policy,output_average,social_optimizer_update,0.0020136829698458314
toy2,neural_output_average,tensor_batched,tensor_batched,cpu,2048,5,1,1,0,5,toy2_gpu_core_neural_output_average_tensor_batched_2048_cpu_repeat01,2,neural_policy,output_average,social_loss_update,0.002250933088362217
toy2,neural_output_average,tensor_batched,tensor_batched,cpu,2048,5,1,1,0,5,toy2_gpu_core_neural_output_average_tensor_batched_2048_cpu_repeat01,2,neural_policy,output_average,social_distillation,0.003049630089662969
toy2,neural_output_average,tensor_batched,tensor_batched,cpu,2048,5,1,1,0,5,toy2_gpu_core_neural_output_average_tensor_batched_2048_cpu_repeat01,2,neural_policy,output_average,social_step,0.003067544079385698
toy2,neural_output_average,tensor_batched,tensor_batched,cpu,2048,5,1,1,0,5,toy2_gpu_core_neural_output_average_tensor_batched_2048_cpu_repeat01,2,neural_policy,output_average,sample_actions,1.1119991540908813e-06
toy2,neural_output_average,tensor_batched,tensor_batched,cpu,2048,5,1,1,0,5,toy2_gpu_core_neural_output_average_tensor_batched_2048_cpu_repeat01,2,neural_policy,output_average,commit_actions,6.3820043578743935e-06
toy2,neural_output_average,tensor_batched,tensor_batched,cpu,2048,5,1,1,0,5,toy2_gpu_core_neural_output_average_tensor_batched_2048_cpu_repeat01,2,neural_policy,output_average,post_step_state_policy,3.624905366450548e-05
toy2,neural_output_average,tensor_batched,tensor_batched,cpu,2048,5,1,1,0,5,toy2_gpu_core_neural_output_average_tensor_batched_2048_cpu_repeat01,2,neural_policy,output_average,update_payoff_ema,5.525501910597086e-05
toy2,neural_output_average,tensor_batched,tensor_batched,cpu,2048,5,1,1,0,5,toy2_gpu_core_neural_output_average_tensor_batched_2048_cpu_repeat01,2,neural_policy,output_average,update_reputation_ema,5.064602009952068e-05
toy2,neural_output_average,tensor_batched,tensor_batched,cpu,2048,5,1,1,0,5,toy2_gpu_core_neural_output_average_tensor_batched_2048_cpu_repeat01,2,neural_policy,output_average,mobility_swaps,0.00015322992112487555
toy2,neural_output_average,tensor_batched,tensor_batched,cpu,2048,5,1,1,0,5,toy2_gpu_core_neural_output_average_tensor_batched_2048_cpu_repeat01,2,neural_policy,output_average,finalize_hook_step,3.013701643794775e-05
toy2,neural_output_average,tensor_batched,tensor_batched,cpu,2048,5,1,1,0,5,toy2_gpu_core_neural_output_average_tensor_batched_2048_cpu_repeat01,2,neural_policy,output_average,hooked_step_total,0.009300376987084746
toy2,neural_output_average,tensor_batched,tensor_batched,cpu,2048,5,1,1,0,5,toy2_gpu_core_neural_output_average_tensor_batched_2048_cpu_repeat01,2,neural_policy,output_average,aggregate_row,0.0023526169825345278
toy2,neural_output_average,tensor_batched,tensor_batched,cpu,2048,5,1,1,0,5,toy2_gpu_core_neural_output_average_tensor_batched_2048_cpu_repeat01,2,neural_policy,output_average,write_aggregate,3.579794429242611e-05
toy2,neural_output_average,tensor_batched,tensor_batched,cpu,2048,5,1,1,0,5,toy2_gpu_core_neural_output_average_tensor_batched_2048_cpu_repeat01,3,neural_policy,output_average,sample_revision_mask,1.306505873799324e-05
toy2,neural_output_average,tensor_batched,tensor_batched,cpu,2048,5,1,1,0,5,toy2_gpu_core_neural_output_average_tensor_batched_2048_cpu_repeat01,3,neural_policy,output_average,build_step_context,9.198090992867947e-06
toy2,neural_output_average,tensor_batched,tensor_batched,cpu,2048,5,1,1,0,5,toy2_gpu_core_neural_output_average_tensor_batched_2048_cpu_repeat01,3,neural_policy,output_average,neural_context_peers,3.2959505915641785e-06
toy2,neural_output_average,tensor_batched,tensor_batched,cpu,2048,5,1,1,0,5,toy2_gpu_core_neural_output_average_tensor_batched_2048_cpu_repeat01,3,neural_policy,output_average,build_observations,0.0002326619578525424
toy2,neural_output_average,tensor_batched,tensor_batched,cpu,2048,5,1,1,0,5,toy2_gpu_core_neural_output_average_tensor_batched_2048_cpu_repeat01,3,neural_policy,output_average,policy_readout,0.00035950192250311375
toy2,neural_output_average,tensor_batched,tensor_batched,cpu,2048,5,1,1,0,5,toy2_gpu_core_neural_output_average_tensor_batched_2048_cpu_repeat01,3,neural_policy,output_average,decision_selection,0.00020145205780863762
toy2,neural_output_average,tensor_batched,tensor_batched,cpu,2048,5,1,1,0,5,toy2_gpu_core_neural_output_average_tensor_batched_2048_cpu_repeat01,3,neural_policy,output_average,local_trainable_parameters,0.0006582400528714061
toy2,neural_output_average,tensor_batched,tensor_batched,cpu,2048,5,1,1,0,5,toy2_gpu_core_neural_output_average_tensor_batched_2048_cpu_repeat01,3,neural_policy,output_average,local_loss_forward,0.0007925340905785561
toy2,neural_output_average,tensor_batched,tensor_batched,cpu,2048,5,1,1,0,5,toy2_gpu_core_neural_output_average_tensor_batched_2048_cpu_repeat01,3,neural_policy,output_average,local_autograd_grad,0.0016985350521281362
toy2,neural_output_average,tensor_batched,tensor_batched,cpu,2048,5,1,1,0,5,toy2_gpu_core_neural_output_average_tensor_batched_2048_cpu_repeat01,3,neural_policy,output_average,local_adam_update,0.0035074889892712235
toy2,neural_output_average,tensor_batched,tensor_batched,cpu,2048,5,1,1,0,5,toy2_gpu_core_neural_output_average_tensor_batched_2048_cpu_repeat01,3,neural_policy,output_average,local_optimizer_update,0.005269363988190889
toy2,neural_output_average,tensor_batched,tensor_batched,cpu,2048,5,1,1,0,5,toy2_gpu_core_neural_output_average_tensor_batched_2048_cpu_repeat01,3,neural_policy,output_average,local_loss_update,0.006073860917240381
toy2,neural_output_average,tensor_batched,tensor_batched,cpu,2048,5,1,1,0,5,toy2_gpu_core_neural_output_average_tensor_batched_2048_cpu_repeat01,3,neural_policy,output_average,local_training,0.007036648923531175
toy2,neural_output_average,tensor_batched,tensor_batched,cpu,2048,5,1,1,0,5,toy2_gpu_core_neural_output_average_tensor_batched_2048_cpu_repeat01,3,neural_policy,output_average,cache_refresh,2.134009264409542e-06
toy2,neural_output_average,tensor_batched,tensor_batched,cpu,2048,5,1,1,0,5,toy2_gpu_core_neural_output_average_tensor_batched_2048_cpu_repeat01,3,neural_policy,output_average,post_local_readout,0.0002838490763679147
toy2,neural_output_average,tensor_batched,tensor_batched,cpu,2048,5,1,1,0,5,toy2_gpu_core_neural_output_average_tensor_batched_2048_cpu_repeat01,3,neural_policy,output_average,local_step,0.008721227990463376
toy2,neural_output_average,tensor_batched,tensor_batched,cpu,2048,5,1,1,0,5,toy2_gpu_core_neural_output_average_tensor_batched_2048_cpu_repeat01,3,neural_policy,output_average,select_peers,2.7350615710020065e-06
toy2,neural_output_average,tensor_batched,tensor_batched,cpu,2048,5,1,1,0,5,toy2_gpu_core_neural_output_average_tensor_batched_2048_cpu_repeat01,3,neural_policy,output_average,social_mix,0.0003525089705362916
toy2,neural_output_average,tensor_batched,tensor_batched,cpu,2048,5,1,1,0,5,toy2_gpu_core_neural_output_average_tensor_batched_2048_cpu_repeat01,3,neural_policy,output_average,social_trainable_parameters,0.0003222009399905801
toy2,neural_output_average,tensor_batched,tensor_batched,cpu,2048,5,1,1,0,5,toy2_gpu_core_neural_output_average_tensor_batched_2048_cpu_repeat01,3,neural_policy,output_average,social_loss_forward,0.00041124108247458935
toy2,neural_output_average,tensor_batched,tensor_batched,cpu,2048,5,1,1,0,5,toy2_gpu_core_neural_output_average_tensor_batched_2048_cpu_repeat01,3,neural_policy,output_average,social_autograd_grad,0.000877785962074995
toy2,neural_output_average,tensor_batched,tensor_batched,cpu,2048,5,1,1,0,5,toy2_gpu_core_neural_output_average_tensor_batched_2048_cpu_repeat01,3,neural_policy,output_average,social_adam_update,0.002270500990562141
toy2,neural_output_average,tensor_batched,tensor_batched,cpu,2048,5,1,1,0,5,toy2_gpu_core_neural_output_average_tensor_batched_2048_cpu_repeat01,3,neural_policy,output_average,social_optimizer_update,0.003193984040990472
toy2,neural_output_average,tensor_batched,tensor_batched,cpu,2048,5,1,1,0,5,toy2_gpu_core_neural_output_average_tensor_batched_2048_cpu_repeat01,3,neural_policy,output_average,social_loss_update,0.0036157340509817004
toy2,neural_output_average,tensor_batched,tensor_batched,cpu,2048,5,1,1,0,5,toy2_gpu_core_neural_output_average_tensor_batched_2048_cpu_repeat01,3,neural_policy,output_average,social_distillation,0.0046957849990576506
toy2,neural_output_average,tensor_batched,tensor_batched,cpu,2048,5,1,1,0,5,toy2_gpu_core_neural_output_average_tensor_batched_2048_cpu_repeat01,3,neural_policy,output_average,social_step,0.004709620960056782
toy2,neural_output_average,tensor_batched,tensor_batched,cpu,2048,5,1,1,0,5,toy2_gpu_core_neural_output_average_tensor_batched_2048_cpu_repeat01,3,neural_policy,output_average,sample_actions,1.0220101103186607e-06
toy2,neural_output_average,tensor_batched,tensor_batched,cpu,2048,5,1,1,0,5,toy2_gpu_core_neural_output_average_tensor_batched_2048_cpu_repeat01,3,neural_policy,output_average,commit_actions,4.49910294264555e-06
toy2,neural_output_average,tensor_batched,tensor_batched,cpu,2048,5,1,1,0,5,toy2_gpu_core_neural_output_average_tensor_batched_2048_cpu_repeat01,3,neural_policy,output_average,post_step_state_policy,2.781301736831665e-05
toy2,neural_output_average,tensor_batched,tensor_batched,cpu,2048,5,1,1,0,5,toy2_gpu_core_neural_output_average_tensor_batched_2048_cpu_repeat01,3,neural_policy,output_average,update_payoff_ema,2.2261985577642918e-05
toy2,neural_output_average,tensor_batched,tensor_batched,cpu,2048,5,1,1,0,5,toy2_gpu_core_neural_output_average_tensor_batched_2048_cpu_repeat01,3,neural_policy,output_average,update_reputation_ema,1.699291169643402e-05
toy2,neural_output_average,tensor_batched,tensor_batched,cpu,2048,5,1,1,0,5,toy2_gpu_core_neural_output_average_tensor_batched_2048_cpu_repeat01,3,neural_policy,output_average,mobility_swaps,7.986195851117373e-05
toy2,neural_output_average,tensor_batched,tensor_batched,cpu,2048,5,1,1,0,5,toy2_gpu_core_neural_output_average_tensor_batched_2048_cpu_repeat01,3,neural_policy,output_average,finalize_hook_step,1.0830000974237919e-05
toy2,neural_output_average,tensor_batched,tensor_batched,cpu,2048,5,1,1,0,5,toy2_gpu_core_neural_output_average_tensor_batched_2048_cpu_repeat01,3,neural_policy,output_average,hooked_step_total,0.014077796950004995
toy2,neural_output_average,tensor_batched,tensor_batched,cpu,2048,5,1,1,0,5,toy2_gpu_core_neural_output_average_tensor_batched_2048_cpu_repeat01,3,neural_policy,output_average,aggregate_row,0.002079176949337125
toy2,neural_output_average,tensor_batched,tensor_batched,cpu,2048,5,1,1,0,5,toy2_gpu_core_neural_output_average_tensor_batched_2048_cpu_repeat01,3,neural_policy,output_average,write_aggregate,3.341399133205414e-05
toy2,neural_output_average,tensor_batched,tensor_batched,cpu,2048,5,1,1,0,5,toy2_gpu_core_neural_output_average_tensor_batched_2048_cpu_repeat01,4,neural_policy,output_average,sample_revision_mask,1.4067045412957668e-05
toy2,neural_output_average,tensor_batched,tensor_batched,cpu,2048,5,1,1,0,5,toy2_gpu_core_neural_output_average_tensor_batched_2048_cpu_repeat01,4,neural_policy,output_average,build_step_context,1.067004632204771e-05
toy2,neural_output_average,tensor_batched,tensor_batched,cpu,2048,5,1,1,0,5,toy2_gpu_core_neural_output_average_tensor_batched_2048_cpu_repeat01,4,neural_policy,output_average,neural_context_peers,2.625049091875553e-06
toy2,neural_output_average,tensor_batched,tensor_batched,cpu,2048,5,1,1,0,5,toy2_gpu_core_neural_output_average_tensor_batched_2048_cpu_repeat01,4,neural_policy,output_average,build_observations,0.00024315202608704567
toy2,neural_output_average,tensor_batched,tensor_batched,cpu,2048,5,1,1,0,5,toy2_gpu_core_neural_output_average_tensor_batched_2048_cpu_repeat01,4,neural_policy,output_average,policy_readout,0.0002106999745592475
toy2,neural_output_average,tensor_batched,tensor_batched,cpu,2048,5,1,1,0,5,toy2_gpu_core_neural_output_average_tensor_batched_2048_cpu_repeat01,4,neural_policy,output_average,decision_selection,0.0001841289922595024
toy2,neural_output_average,tensor_batched,tensor_batched,cpu,2048,5,1,1,0,5,toy2_gpu_core_neural_output_average_tensor_batched_2048_cpu_repeat01,4,neural_policy,output_average,local_trainable_parameters,0.00018422002904117107
toy2,neural_output_average,tensor_batched,tensor_batched,cpu,2048,5,1,1,0,5,toy2_gpu_core_neural_output_average_tensor_batched_2048_cpu_repeat01,4,neural_policy,output_average,local_loss_forward,0.0003782480489462614
toy2,neural_output_average,tensor_batched,tensor_batched,cpu,2048,5,1,1,0,5,toy2_gpu_core_neural_output_average_tensor_batched_2048_cpu_repeat01,4,neural_policy,output_average,local_autograd_grad,0.0009039470460265875
toy2,neural_output_average,tensor_batched,tensor_batched,cpu,2048,5,1,1,0,5,toy2_gpu_core_neural_output_average_tensor_batched_2048_cpu_repeat01,4,neural_policy,output_average,local_adam_update,0.001062146038748324
toy2,neural_output_average,tensor_batched,tensor_batched,cpu,2048,5,1,1,0,5,toy2_gpu_core_neural_output_average_tensor_batched_2048_cpu_repeat01,4,neural_policy,output_average,local_optimizer_update,0.002641855040565133
toy2,neural_output_average,tensor_batched,tensor_batched,cpu,2048,5,1,1,0,5,toy2_gpu_core_neural_output_average_tensor_batched_2048_cpu_repeat01,4,neural_policy,output_average,local_loss_update,0.003031605971045792
toy2,neural_output_average,tensor_batched,tensor_batched,cpu,2048,5,1,1,0,5,toy2_gpu_core_neural_output_average_tensor_batched_2048_cpu_repeat01,4,neural_policy,output_average,local_training,0.0034574640449136496
toy2,neural_output_average,tensor_batched,tensor_batched,cpu,2048,5,1,1,0,5,toy2_gpu_core_neural_output_average_tensor_batched_2048_cpu_repeat01,4,neural_policy,output_average,cache_refresh,1.8329592421650887e-06
toy2,neural_output_average,tensor_batched,tensor_batched,cpu,2048,5,1,1,0,5,toy2_gpu_core_neural_output_average_tensor_batched_2048_cpu_repeat01,4,neural_policy,output_average,post_local_readout,0.00020539993420243263
toy2,neural_output_average,tensor_batched,tensor_batched,cpu,2048,5,1,1,0,5,toy2_gpu_core_neural_output_average_tensor_batched_2048_cpu_repeat01,4,neural_policy,output_average,local_step,0.004791556973941624
toy2,neural_output_average,tensor_batched,tensor_batched,cpu,2048,5,1,1,0,5,toy2_gpu_core_neural_output_average_tensor_batched_2048_cpu_repeat01,4,neural_policy,output_average,select_peers,2.2350577637553215e-06
toy2,neural_output_average,tensor_batched,tensor_batched,cpu,2048,5,1,1,0,5,toy2_gpu_core_neural_output_average_tensor_batched_2048_cpu_repeat01,4,neural_policy,output_average,social_mix,0.0003002299927175045
toy2,neural_output_average,tensor_batched,tensor_batched,cpu,2048,5,1,1,0,5,toy2_gpu_core_neural_output_average_tensor_batched_2048_cpu_repeat01,4,neural_policy,output_average,social_trainable_parameters,0.00036011403426527977
toy2,neural_output_average,tensor_batched,tensor_batched,cpu,2048,5,1,1,0,5,toy2_gpu_core_neural_output_average_tensor_batched_2048_cpu_repeat01,4,neural_policy,output_average,social_loss_forward,0.000447298982180655
toy2,neural_output_average,tensor_batched,tensor_batched,cpu,2048,5,1,1,0,5,toy2_gpu_core_neural_output_average_tensor_batched_2048_cpu_repeat01,4,neural_policy,output_average,social_autograd_grad,0.0009984149364754558
toy2,neural_output_average,tensor_batched,tensor_batched,cpu,2048,5,1,1,0,5,toy2_gpu_core_neural_output_average_tensor_batched_2048_cpu_repeat01,4,neural_policy,output_average,social_adam_update,0.0021496210247278214
toy2,neural_output_average,tensor_batched,tensor_batched,cpu,2048,5,1,1,0,5,toy2_gpu_core_neural_output_average_tensor_batched_2048_cpu_repeat01,4,neural_policy,output_average,social_optimizer_update,0.0031845959601923823
toy2,neural_output_average,tensor_batched,tensor_batched,cpu,2048,5,1,1,0,5,toy2_gpu_core_neural_output_average_tensor_batched_2048_cpu_repeat01,4,neural_policy,output_average,social_loss_update,0.003642746014520526
toy2,neural_output_average,tensor_batched,tensor_batched,cpu,2048,5,1,1,0,5,toy2_gpu_core_neural_output_average_tensor_batched_2048_cpu_repeat01,4,neural_policy,output_average,social_distillation,0.004672992043197155
toy2,neural_output_average,tensor_batched,tensor_batched,cpu,2048,5,1,1,0,5,toy2_gpu_core_neural_output_average_tensor_batched_2048_cpu_repeat01,4,neural_policy,output_average,social_step,0.004684022045694292
toy2,neural_output_average,tensor_batched,tensor_batched,cpu,2048,5,1,1,0,5,toy2_gpu_core_neural_output_average_tensor_batched_2048_cpu_repeat01,4,neural_policy,output_average,sample_actions,8.010538294911385e-07
toy2,neural_output_average,tensor_batched,tensor_batched,cpu,2048,5,1,1,0,5,toy2_gpu_core_neural_output_average_tensor_batched_2048_cpu_repeat01,4,neural_policy,output_average,commit_actions,3.196997568011284e-06
toy2,neural_output_average,tensor_batched,tensor_batched,cpu,2048,5,1,1,0,5,toy2_gpu_core_neural_output_average_tensor_batched_2048_cpu_repeat01,4,neural_policy,output_average,post_step_state_policy,1.21330376714468e-05
toy2,neural_output_average,tensor_batched,tensor_batched,cpu,2048,5,1,1,0,5,toy2_gpu_core_neural_output_average_tensor_batched_2048_cpu_repeat01,4,neural_policy,output_average,update_payoff_ema,1.80340139195323e-05
toy2,neural_output_average,tensor_batched,tensor_batched,cpu,2048,5,1,1,0,5,toy2_gpu_core_neural_output_average_tensor_batched_2048_cpu_repeat01,4,neural_policy,output_average,update_reputation_ema,1.661200076341629e-05
toy2,neural_output_average,tensor_batched,tensor_batched,cpu,2048,5,1,1,0,5,toy2_gpu_core_neural_output_average_tensor_batched_2048_cpu_repeat01,4,neural_policy,output_average,mobility_swaps,5.786004476249218e-05
toy2,neural_output_average,tensor_batched,tensor_batched,cpu,2048,5,1,1,0,5,toy2_gpu_core_neural_output_average_tensor_batched_2048_cpu_repeat01,4,neural_policy,output_average,finalize_hook_step,9.428011253476143e-06
toy2,neural_output_average,tensor_batched,tensor_batched,cpu,2048,5,1,1,0,5,toy2_gpu_core_neural_output_average_tensor_batched_2048_cpu_repeat01,4,neural_policy,output_average,hooked_step_total,0.00995111302472651
toy2,neural_output_average,tensor_batched,tensor_batched,cpu,2048,5,1,1,0,5,toy2_gpu_core_neural_output_average_tensor_batched_2048_cpu_repeat01,4,neural_policy,output_average,aggregate_row,0.0018031230429187417
toy2,neural_output_average,tensor_batched,tensor_batched,cpu,2048,5,1,1,0,5,toy2_gpu_core_neural_output_average_tensor_batched_2048_cpu_repeat01,4,neural_policy,output_average,write_aggregate,3.113900311291218e-05
toy2,neural_output_average,tensor_batched,tensor_batched,cpu,2048,5,1,1,0,5,toy2_gpu_core_neural_output_average_tensor_batched_2048_cpu_repeat01,5,neural_policy,output_average,sample_revision_mask,1.1140946298837662e-05
toy2,neural_output_average,tensor_batched,tensor_batched,cpu,2048,5,1,1,0,5,toy2_gpu_core_neural_output_average_tensor_batched_2048_cpu_repeat01,5,neural_policy,output_average,build_step_context,4.9390364438295364e-06
toy2,neural_output_average,tensor_batched,tensor_batched,cpu,2048,5,1,1,0,5,toy2_gpu_core_neural_output_average_tensor_batched_2048_cpu_repeat01,5,neural_policy,output_average,neural_context_peers,1.912936568260193e-06
toy2,neural_output_average,tensor_batched,tensor_batched,cpu,2048,5,1,1,0,5,toy2_gpu_core_neural_output_average_tensor_batched_2048_cpu_repeat01,5,neural_policy,output_average,build_observations,0.00019358692225068808
toy2,neural_output_average,tensor_batched,tensor_batched,cpu,2048,5,1,1,0,5,toy2_gpu_core_neural_output_average_tensor_batched_2048_cpu_repeat01,5,neural_policy,output_average,policy_readout,0.00022195104975253344
toy2,neural_output_average,tensor_batched,tensor_batched,cpu,2048,5,1,1,0,5,toy2_gpu_core_neural_output_average_tensor_batched_2048_cpu_repeat01,5,neural_policy,output_average,decision_selection,0.0001610859762877226
toy2,neural_output_average,tensor_batched,tensor_batched,cpu,2048,5,1,1,0,5,toy2_gpu_core_neural_output_average_tensor_batched_2048_cpu_repeat01,5,neural_policy,output_average,local_trainable_parameters,8.203508332371712e-05
toy2,neural_output_average,tensor_batched,tensor_batched,cpu,2048,5,1,1,0,5,toy2_gpu_core_neural_output_average_tensor_batched_2048_cpu_repeat01,5,neural_policy,output_average,local_loss_forward,0.00033549696672707796
toy2,neural_output_average,tensor_batched,tensor_batched,cpu,2048,5,1,1,0,5,toy2_gpu_core_neural_output_average_tensor_batched_2048_cpu_repeat01,5,neural_policy,output_average,local_autograd_grad,0.0009688088903203607
toy2,neural_output_average,tensor_batched,tensor_batched,cpu,2048,5,1,1,0,5,toy2_gpu_core_neural_output_average_tensor_batched_2048_cpu_repeat01,5,neural_policy,output_average,local_adam_update,0.0015239029889926314
toy2,neural_output_average,tensor_batched,tensor_batched,cpu,2048,5,1,1,0,5,toy2_gpu_core_neural_output_average_tensor_batched_2048_cpu_repeat01,5,neural_policy,output_average,local_optimizer_update,0.0025386189809069037
toy2,neural_output_average,tensor_batched,tensor_batched,cpu,2048,5,1,1,0,5,toy2_gpu_core_neural_output_average_tensor_batched_2048_cpu_repeat01,5,neural_policy,output_average,local_loss_update,0.0028847570065408945
toy2,neural_output_average,tensor_batched,tensor_batched,cpu,2048,5,1,1,0,5,toy2_gpu_core_neural_output_average_tensor_batched_2048_cpu_repeat01,5,neural_policy,output_average,local_training,0.0031924310605973005
toy2,neural_output_average,tensor_batched,tensor_batched,cpu,2048,5,1,1,0,5,toy2_gpu_core_neural_output_average_tensor_batched_2048_cpu_repeat01,5,neural_policy,output_average,cache_refresh,1.34296715259552e-06
toy2,neural_output_average,tensor_batched,tensor_batched,cpu,2048,5,1,1,0,5,toy2_gpu_core_neural_output_average_tensor_batched_2048_cpu_repeat01,5,neural_policy,output_average,post_local_readout,0.0003204989479854703
toy2,neural_output_average,tensor_batched,tensor_batched,cpu,2048,5,1,1,0,5,toy2_gpu_core_neural_output_average_tensor_batched_2048_cpu_repeat01,5,neural_policy,output_average,local_step,0.004589203046634793
toy2,neural_output_average,tensor_batched,tensor_batched,cpu,2048,5,1,1,0,5,toy2_gpu_core_neural_output_average_tensor_batched_2048_cpu_repeat01,5,neural_policy,output_average,select_peers,2.495013177394867e-06
toy2,neural_output_average,tensor_batched,tensor_batched,cpu,2048,5,1,1,0,5,toy2_gpu_core_neural_output_average_tensor_batched_2048_cpu_repeat01,5,neural_policy,output_average,social_mix,0.0003233740571886301
toy2,neural_output_average,tensor_batched,tensor_batched,cpu,2048,5,1,1,0,5,toy2_gpu_core_neural_output_average_tensor_batched_2048_cpu_repeat01,5,neural_policy,output_average,social_trainable_parameters,0.0002470390172675252
toy2,neural_output_average,tensor_batched,tensor_batched,cpu,2048,5,1,1,0,5,toy2_gpu_core_neural_output_average_tensor_batched_2048_cpu_repeat01,5,neural_policy,output_average,social_loss_forward,0.00038215494714677334
toy2,neural_output_average,tensor_batched,tensor_batched,cpu,2048,5,1,1,0,5,toy2_gpu_core_neural_output_average_tensor_batched_2048_cpu_repeat01,5,neural_policy,output_average,social_autograd_grad,0.0007684290176257491
toy2,neural_output_average,tensor_batched,tensor_batched,cpu,2048,5,1,1,0,5,toy2_gpu_core_neural_output_average_tensor_batched_2048_cpu_repeat01,5,neural_policy,output_average,social_adam_update,0.0017690079985186458
toy2,neural_output_average,tensor_batched,tensor_batched,cpu,2048,5,1,1,0,5,toy2_gpu_core_neural_output_average_tensor_batched_2048_cpu_repeat01,5,neural_policy,output_average,social_optimizer_update,0.002575509948655963
toy2,neural_output_average,tensor_batched,tensor_batched,cpu,2048,5,1,1,0,5,toy2_gpu_core_neural_output_average_tensor_batched_2048_cpu_repeat01,5,neural_policy,output_average,social_loss_update,0.002968766028061509
toy2,neural_output_average,tensor_batched,tensor_batched,cpu,2048,5,1,1,0,5,toy2_gpu_core_neural_output_average_tensor_batched_2048_cpu_repeat01,5,neural_policy,output_average,social_distillation,0.004062281921505928
toy2,neural_output_average,tensor_batched,tensor_batched,cpu,2048,5,1,1,0,5,toy2_gpu_core_neural_output_average_tensor_batched_2048_cpu_repeat01,5,neural_policy,output_average,social_step,0.0040748059982433915
toy2,neural_output_average,tensor_batched,tensor_batched,cpu,2048,5,1,1,0,5,toy2_gpu_core_neural_output_average_tensor_batched_2048_cpu_repeat01,5,neural_policy,output_average,sample_actions,7.810303941369057e-07
toy2,neural_output_average,tensor_batched,tensor_batched,cpu,2048,5,1,1,0,5,toy2_gpu_core_neural_output_average_tensor_batched_2048_cpu_repeat01,5,neural_policy,output_average,commit_actions,5.190027877688408e-06
toy2,neural_output_average,tensor_batched,tensor_batched,cpu,2048,5,1,1,0,5,toy2_gpu_core_neural_output_average_tensor_batched_2048_cpu_repeat01,5,neural_policy,output_average,post_step_state_policy,1.8854974769055843e-05
toy2,neural_output_average,tensor_batched,tensor_batched,cpu,2048,5,1,1,0,5,toy2_gpu_core_neural_output_average_tensor_batched_2048_cpu_repeat01,5,neural_policy,output_average,update_payoff_ema,2.8984970413148403e-05
toy2,neural_output_average,tensor_batched,tensor_batched,cpu,2048,5,1,1,0,5,toy2_gpu_core_neural_output_average_tensor_batched_2048_cpu_repeat01,5,neural_policy,output_average,update_reputation_ema,2.0249048247933388e-05
toy2,neural_output_average,tensor_batched,tensor_batched,cpu,2048,5,1,1,0,5,toy2_gpu_core_neural_output_average_tensor_batched_2048_cpu_repeat01,5,neural_policy,output_average,mobility_swaps,0.00012942496687173843
toy2,neural_output_average,tensor_batched,tensor_batched,cpu,2048,5,1,1,0,5,toy2_gpu_core_neural_output_average_tensor_batched_2048_cpu_repeat01,5,neural_policy,output_average,finalize_hook_step,1.3416050933301449e-05
toy2,neural_output_average,tensor_batched,tensor_batched,cpu,2048,5,1,1,0,5,toy2_gpu_core_neural_output_average_tensor_batched_2048_cpu_repeat01,5,neural_policy,output_average,hooked_step_total,0.00930531695485115
toy2,neural_output_average,tensor_batched,tensor_batched,cpu,2048,5,1,1,0,5,toy2_gpu_core_neural_output_average_tensor_batched_2048_cpu_repeat01,5,neural_policy,output_average,aggregate_row,0.001661814982071519
toy2,neural_output_average,tensor_batched,tensor_batched,cpu,2048,5,1,1,0,5,toy2_gpu_core_neural_output_average_tensor_batched_2048_cpu_repeat01,5,neural_policy,output_average,write_aggregate,3.2671960070729256e-05
toy2,neural_output_average,tensor_batched,tensor_batched,cpu,2048,5,1,2,0,5,toy2_gpu_core_neural_output_average_tensor_batched_2048_cpu_repeat02,0,neural_policy,output_average,make_run_dir,0.00028988008853048086
toy2,neural_output_average,tensor_batched,tensor_batched,cpu,2048,5,1,2,0,5,toy2_gpu_core_neural_output_average_tensor_batched_2048_cpu_repeat02,0,neural_policy,output_average,write_metadata,0.002866400987841189
toy2,neural_output_average,tensor_batched,tensor_batched,cpu,2048,5,1,2,0,5,toy2_gpu_core_neural_output_average_tensor_batched_2048_cpu_repeat02,0,neural_policy,output_average,initial_state,0.423660506028682
toy2,neural_output_average,tensor_batched,tensor_batched,cpu,2048,5,1,2,0,5,toy2_gpu_core_neural_output_average_tensor_batched_2048_cpu_repeat02,0,neural_policy,output_average,writer_setup,0.0004676980897784233
toy2,neural_output_average,tensor_batched,tensor_batched,cpu,2048,5,1,2,0,5,toy2_gpu_core_neural_output_average_tensor_batched_2048_cpu_repeat02,0,neural_policy,output_average,initial_step_result,0.004347494104877114
toy2,neural_output_average,tensor_batched,tensor_batched,cpu,2048,5,1,2,0,5,toy2_gpu_core_neural_output_average_tensor_batched_2048_cpu_repeat02,0,neural_policy,output_average,initial_aggregate_row,0.003173134056851268
toy2,neural_output_average,tensor_batched,tensor_batched,cpu,2048,5,1,2,0,5,toy2_gpu_core_neural_output_average_tensor_batched_2048_cpu_repeat02,0,neural_policy,output_average,write_initial_aggregate,3.8643949665129185e-05
toy2,neural_output_average,tensor_batched,tensor_batched,cpu,2048,5,1,2,0,5,toy2_gpu_core_neural_output_average_tensor_batched_2048_cpu_repeat02,1,neural_policy,output_average,sample_revision_mask,1.562002580612898e-05
toy2,neural_output_average,tensor_batched,tensor_batched,cpu,2048,5,1,2,0,5,toy2_gpu_core_neural_output_average_tensor_batched_2048_cpu_repeat02,1,neural_policy,output_average,build_step_context,9.6180010586977e-06
toy2,neural_output_average,tensor_batched,tensor_batched,cpu,2048,5,1,2,0,5,toy2_gpu_core_neural_output_average_tensor_batched_2048_cpu_repeat02,1,neural_policy,output_average,neural_context_peers,4.427973181009293e-06
toy2,neural_output_average,tensor_batched,tensor_batched,cpu,2048,5,1,2,0,5,toy2_gpu_core_neural_output_average_tensor_batched_2048_cpu_repeat02,1,neural_policy,output_average,build_observations,0.00029169407207518816
toy2,neural_output_average,tensor_batched,tensor_batched,cpu,2048,5,1,2,0,5,toy2_gpu_core_neural_output_average_tensor_batched_2048_cpu_repeat02,1,neural_policy,output_average,policy_readout,0.00048816693015396595
toy2,neural_output_average,tensor_batched,tensor_batched,cpu,2048,5,1,2,0,5,toy2_gpu_core_neural_output_average_tensor_batched_2048_cpu_repeat02,1,neural_policy,output_average,decision_selection,0.0002652229741215706
toy2,neural_output_average,tensor_batched,tensor_batched,cpu,2048,5,1,2,0,5,toy2_gpu_core_neural_output_average_tensor_batched_2048_cpu_repeat02,1,neural_policy,output_average,local_trainable_parameters,0.0007774360710754991
toy2,neural_output_average,tensor_batched,tensor_batched,cpu,2048,5,1,2,0,5,toy2_gpu_core_neural_output_average_tensor_batched_2048_cpu_repeat02,1,neural_policy,output_average,local_loss_forward,0.0010492820292711258
toy2,neural_output_average,tensor_batched,tensor_batched,cpu,2048,5,1,2,0,5,toy2_gpu_core_neural_output_average_tensor_batched_2048_cpu_repeat02,1,neural_policy,output_average,local_autograd_grad,0.0013509650016203523
toy2,neural_output_average,tensor_batched,tensor_batched,cpu,2048,5,1,2,0,5,toy2_gpu_core_neural_output_average_tensor_batched_2048_cpu_repeat02,1,neural_policy,output_average,local_adam_update,0.003352044033817947
toy2,neural_output_average,tensor_batched,tensor_batched,cpu,2048,5,1,2,0,5,toy2_gpu_core_neural_output_average_tensor_batched_2048_cpu_repeat02,1,neural_policy,output_average,local_optimizer_update,0.004774394095875323
toy2,neural_output_average,tensor_batched,tensor_batched,cpu,2048,5,1,2,0,5,toy2_gpu_core_neural_output_average_tensor_batched_2048_cpu_repeat02,1,neural_policy,output_average,local_loss_update,0.005833945935592055
toy2,neural_output_average,tensor_batched,tensor_batched,cpu,2048,5,1,2,0,5,toy2_gpu_core_neural_output_average_tensor_batched_2048_cpu_repeat02,1,neural_policy,output_average,local_training,0.006985552958212793
toy2,neural_output_average,tensor_batched,tensor_batched,cpu,2048,5,1,2,0,5,toy2_gpu_core_neural_output_average_tensor_batched_2048_cpu_repeat02,1,neural_policy,output_average,cache_refresh,3.235996700823307e-06
toy2,neural_output_average,tensor_batched,tensor_batched,cpu,2048,5,1,2,0,5,toy2_gpu_core_neural_output_average_tensor_batched_2048_cpu_repeat02,1,neural_policy,output_average,post_local_readout,0.0004084348911419511
toy2,neural_output_average,tensor_batched,tensor_batched,cpu,2048,5,1,2,0,5,toy2_gpu_core_neural_output_average_tensor_batched_2048_cpu_repeat02,1,neural_policy,output_average,local_step,0.009135343017987907
toy2,neural_output_average,tensor_batched,tensor_batched,cpu,2048,5,1,2,0,5,toy2_gpu_core_neural_output_average_tensor_batched_2048_cpu_repeat02,1,neural_policy,output_average,select_peers,4.037981852889061e-06
toy2,neural_output_average,tensor_batched,tensor_batched,cpu,2048,5,1,2,0,5,toy2_gpu_core_neural_output_average_tensor_batched_2048_cpu_repeat02,1,neural_policy,output_average,social_mix,0.00043958507012575865
toy2,neural_output_average,tensor_batched,tensor_batched,cpu,2048,5,1,2,0,5,toy2_gpu_core_neural_output_average_tensor_batched_2048_cpu_repeat02,1,neural_policy,output_average,social_trainable_parameters,0.00032925501000136137
toy2,neural_output_average,tensor_batched,tensor_batched,cpu,2048,5,1,2,0,5,toy2_gpu_core_neural_output_average_tensor_batched_2048_cpu_repeat02,1,neural_policy,output_average,social_loss_forward,0.000538212014362216
toy2,neural_output_average,tensor_batched,tensor_batched,cpu,2048,5,1,2,0,5,toy2_gpu_core_neural_output_average_tensor_batched_2048_cpu_repeat02,1,neural_policy,output_average,social_autograd_grad,0.0009822649881243706
toy2,neural_output_average,tensor_batched,tensor_batched,cpu,2048,5,1,2,0,5,toy2_gpu_core_neural_output_average_tensor_batched_2048_cpu_repeat02,1,neural_policy,output_average,social_adam_update,0.0020354239968582988
toy2,neural_output_average,tensor_batched,tensor_batched,cpu,2048,5,1,2,0,5,toy2_gpu_core_neural_output_average_tensor_batched_2048_cpu_repeat02,1,neural_policy,output_average,social_optimizer_update,0.00306712300516665
toy2,neural_output_average,tensor_batched,tensor_batched,cpu,2048,5,1,2,0,5,toy2_gpu_core_neural_output_average_tensor_batched_2048_cpu_repeat02,1,neural_policy,output_average,social_loss_update,0.003616836969740689
toy2,neural_output_average,tensor_batched,tensor_batched,cpu,2048,5,1,2,0,5,toy2_gpu_core_neural_output_average_tensor_batched_2048_cpu_repeat02,1,neural_policy,output_average,social_distillation,0.004804752068594098
toy2,neural_output_average,tensor_batched,tensor_batched,cpu,2048,5,1,2,0,5,toy2_gpu_core_neural_output_average_tensor_batched_2048_cpu_repeat02,1,neural_policy,output_average,social_step,0.0048239079769700766
toy2,neural_output_average,tensor_batched,tensor_batched,cpu,2048,5,1,2,0,5,toy2_gpu_core_neural_output_average_tensor_batched_2048_cpu_repeat02,1,neural_policy,output_average,sample_actions,1.392909325659275e-06
toy2,neural_output_average,tensor_batched,tensor_batched,cpu,2048,5,1,2,0,5,toy2_gpu_core_neural_output_average_tensor_batched_2048_cpu_repeat02,1,neural_policy,output_average,commit_actions,5.249981768429279e-06
toy2,neural_output_average,tensor_batched,tensor_batched,cpu,2048,5,1,2,0,5,toy2_gpu_core_neural_output_average_tensor_batched_2048_cpu_repeat02,1,neural_policy,output_average,post_step_state_policy,3.610900603234768e-05
toy2,neural_output_average,tensor_batched,tensor_batched,cpu,2048,5,1,2,0,5,toy2_gpu_core_neural_output_average_tensor_batched_2048_cpu_repeat02,1,neural_policy,output_average,update_payoff_ema,3.5337056033313274e-05
toy2,neural_output_average,tensor_batched,tensor_batched,cpu,2048,5,1,2,0,5,toy2_gpu_core_neural_output_average_tensor_batched_2048_cpu_repeat02,1,neural_policy,output_average,update_reputation_ema,3.3793970942497253e-05
toy2,neural_output_average,tensor_batched,tensor_batched,cpu,2048,5,1,2,0,5,toy2_gpu_core_neural_output_average_tensor_batched_2048_cpu_repeat02,1,neural_policy,output_average,mobility_swaps,8.214591071009636e-05
toy2,neural_output_average,tensor_batched,tensor_batched,cpu,2048,5,1,2,0,5,toy2_gpu_core_neural_output_average_tensor_batched_2048_cpu_repeat02,1,neural_policy,output_average,finalize_hook_step,1.1903000995516777e-05
toy2,neural_output_average,tensor_batched,tensor_batched,cpu,2048,5,1,2,0,5,toy2_gpu_core_neural_output_average_tensor_batched_2048_cpu_repeat02,1,neural_policy,output_average,hooked_step_total,0.014816118986345828
toy2,neural_output_average,tensor_batched,tensor_batched,cpu,2048,5,1,2,0,5,toy2_gpu_core_neural_output_average_tensor_batched_2048_cpu_repeat02,1,neural_policy,output_average,aggregate_row,0.002726727048866451
toy2,neural_output_average,tensor_batched,tensor_batched,cpu,2048,5,1,2,0,5,toy2_gpu_core_neural_output_average_tensor_batched_2048_cpu_repeat02,1,neural_policy,output_average,write_aggregate,5.926296580582857e-05
toy2,neural_output_average,tensor_batched,tensor_batched,cpu,2048,5,1,2,0,5,toy2_gpu_core_neural_output_average_tensor_batched_2048_cpu_repeat02,2,neural_policy,output_average,sample_revision_mask,1.2464006431400776e-05
toy2,neural_output_average,tensor_batched,tensor_batched,cpu,2048,5,1,2,0,5,toy2_gpu_core_neural_output_average_tensor_batched_2048_cpu_repeat02,2,neural_policy,output_average,build_step_context,7.874914444983006e-06
toy2,neural_output_average,tensor_batched,tensor_batched,cpu,2048,5,1,2,0,5,toy2_gpu_core_neural_output_average_tensor_batched_2048_cpu_repeat02,2,neural_policy,output_average,neural_context_peers,2.5049084797501564e-06
toy2,neural_output_average,tensor_batched,tensor_batched,cpu,2048,5,1,2,0,5,toy2_gpu_core_neural_output_average_tensor_batched_2048_cpu_repeat02,2,neural_policy,output_average,build_observations,0.00024579709861427546
toy2,neural_output_average,tensor_batched,tensor_batched,cpu,2048,5,1,2,0,5,toy2_gpu_core_neural_output_average_tensor_batched_2048_cpu_repeat02,2,neural_policy,output_average,policy_readout,0.00024384295102208853
toy2,neural_output_average,tensor_batched,tensor_batched,cpu,2048,5,1,2,0,5,toy2_gpu_core_neural_output_average_tensor_batched_2048_cpu_repeat02,2,neural_policy,output_average,decision_selection,0.0001857130555436015
toy2,neural_output_average,tensor_batched,tensor_batched,cpu,2048,5,1,2,0,5,toy2_gpu_core_neural_output_average_tensor_batched_2048_cpu_repeat02,2,neural_policy,output_average,local_trainable_parameters,0.00018034200184047222
toy2,neural_output_average,tensor_batched,tensor_batched,cpu,2048,5,1,2,0,5,toy2_gpu_core_neural_output_average_tensor_batched_2048_cpu_repeat02,2,neural_policy,output_average,local_loss_forward,0.0003777670208364725
toy2,neural_output_average,tensor_batched,tensor_batched,cpu,2048,5,1,2,0,5,toy2_gpu_core_neural_output_average_tensor_batched_2048_cpu_repeat02,2,neural_policy,output_average,local_autograd_grad,0.0007393540581688285
toy2,neural_output_average,tensor_batched,tensor_batched,cpu,2048,5,1,2,0,5,toy2_gpu_core_neural_output_average_tensor_batched_2048_cpu_repeat02,2,neural_policy,output_average,local_adam_update,0.001607532030902803
toy2,neural_output_average,tensor_batched,tensor_batched,cpu,2048,5,1,2,0,5,toy2_gpu_core_neural_output_average_tensor_batched_2048_cpu_repeat02,2,neural_policy,output_average,local_optimizer_update,0.0029005969408899546
toy2,neural_output_average,tensor_batched,tensor_batched,cpu,2048,5,1,2,0,5,toy2_gpu_core_neural_output_average_tensor_batched_2048_cpu_repeat02,2,neural_policy,output_average,local_loss_update,0.003289354033768177
toy2,neural_output_average,tensor_batched,tensor_batched,cpu,2048,5,1,2,0,5,toy2_gpu_core_neural_output_average_tensor_batched_2048_cpu_repeat02,2,neural_policy,output_average,local_training,0.0037380870198830962
toy2,neural_output_average,tensor_batched,tensor_batched,cpu,2048,5,1,2,0,5,toy2_gpu_core_neural_output_average_tensor_batched_2048_cpu_repeat02,2,neural_policy,output_average,cache_refresh,1.3819662854075432e-06
toy2,neural_output_average,tensor_batched,tensor_batched,cpu,2048,5,1,2,0,5,toy2_gpu_core_neural_output_average_tensor_batched_2048_cpu_repeat02,2,neural_policy,output_average,post_local_readout,0.0002469590399414301
toy2,neural_output_average,tensor_batched,tensor_batched,cpu,2048,5,1,2,0,5,toy2_gpu_core_neural_output_average_tensor_batched_2048_cpu_repeat02,2,neural_policy,output_average,local_step,0.005194973084144294
toy2,neural_output_average,tensor_batched,tensor_batched,cpu,2048,5,1,2,0,5,toy2_gpu_core_neural_output_average_tensor_batched_2048_cpu_repeat02,2,neural_policy,output_average,select_peers,2.7050264179706573e-06
toy2,neural_output_average,tensor_batched,tensor_batched,cpu,2048,5,1,2,0,5,toy2_gpu_core_neural_output_average_tensor_batched_2048_cpu_repeat02,2,neural_policy,output_average,social_mix,0.00030377600342035294
toy2,neural_output_average,tensor_batched,tensor_batched,cpu,2048,5,1,2,0,5,toy2_gpu_core_neural_output_average_tensor_batched_2048_cpu_repeat02,2,neural_policy,output_average,social_trainable_parameters,0.0003448950592428446
toy2,neural_output_average,tensor_batched,tensor_batched,cpu,2048,5,1,2,0,5,toy2_gpu_core_neural_output_average_tensor_batched_2048_cpu_repeat02,2,neural_policy,output_average,social_loss_forward,0.00030026002787053585
toy2,neural_output_average,tensor_batched,tensor_batched,cpu,2048,5,1,2,0,5,toy2_gpu_core_neural_output_average_tensor_batched_2048_cpu_repeat02,2,neural_policy,output_average,social_autograd_grad,0.0010504149831831455
toy2,neural_output_average,tensor_batched,tensor_batched,cpu,2048,5,1,2,0,5,toy2_gpu_core_neural_output_average_tensor_batched_2048_cpu_repeat02,2,neural_policy,output_average,social_adam_update,0.0028350320644676685
toy2,neural_output_average,tensor_batched,tensor_batched,cpu,2048,5,1,2,0,5,toy2_gpu_core_neural_output_average_tensor_batched_2048_cpu_repeat02,2,neural_policy,output_average,social_optimizer_update,0.003924580989405513
toy2,neural_output_average,tensor_batched,tensor_batched,cpu,2048,5,1,2,0,5,toy2_gpu_core_neural_output_average_tensor_batched_2048_cpu_repeat02,2,neural_policy,output_average,social_loss_update,0.004234438994899392
toy2,neural_output_average,tensor_batched,tensor_batched,cpu,2048,5,1,2,0,5,toy2_gpu_core_neural_output_average_tensor_batched_2048_cpu_repeat02,2,neural_policy,output_average,social_distillation,0.005384693038649857
toy2,neural_output_average,tensor_batched,tensor_batched,cpu,2048,5,1,2,0,5,toy2_gpu_core_neural_output_average_tensor_batched_2048_cpu_repeat02,2,neural_policy,output_average,social_step,0.005396716063842177
toy2,neural_output_average,tensor_batched,tensor_batched,cpu,2048,5,1,2,0,5,toy2_gpu_core_neural_output_average_tensor_batched_2048_cpu_repeat02,2,neural_policy,output_average,sample_actions,7.919734343886375e-07
toy2,neural_output_average,tensor_batched,tensor_batched,cpu,2048,5,1,2,0,5,toy2_gpu_core_neural_output_average_tensor_batched_2048_cpu_repeat02,2,neural_policy,output_average,commit_actions,3.3669639378786087e-06
toy2,neural_output_average,tensor_batched,tensor_batched,cpu,2048,5,1,2,0,5,toy2_gpu_core_neural_output_average_tensor_batched_2048_cpu_repeat02,2,neural_policy,output_average,post_step_state_policy,1.7051934264600277e-05
toy2,neural_output_average,tensor_batched,tensor_batched,cpu,2048,5,1,2,0,5,toy2_gpu_core_neural_output_average_tensor_batched_2048_cpu_repeat02,2,neural_policy,output_average,update_payoff_ema,5.3029973059892654e-05
toy2,neural_output_average,tensor_batched,tensor_batched,cpu,2048,5,1,2,0,5,toy2_gpu_core_neural_output_average_tensor_batched_2048_cpu_repeat02,2,neural_policy,output_average,update_reputation_ema,2.2392021492123604e-05
toy2,neural_output_average,tensor_batched,tensor_batched,cpu,2048,5,1,2,0,5,toy2_gpu_core_neural_output_average_tensor_batched_2048_cpu_repeat02,2,neural_policy,output_average,mobility_swaps,7.611396722495556e-05
toy2,neural_output_average,tensor_batched,tensor_batched,cpu,2048,5,1,2,0,5,toy2_gpu_core_neural_output_average_tensor_batched_2048_cpu_repeat02,2,neural_policy,output_average,finalize_hook_step,1.0509975254535675e-05
toy2,neural_output_average,tensor_batched,tensor_batched,cpu,2048,5,1,2,0,5,toy2_gpu_core_neural_output_average_tensor_batched_2048_cpu_repeat02,2,neural_policy,output_average,hooked_step_total,0.011162751936353743
toy2,neural_output_average,tensor_batched,tensor_batched,cpu,2048,5,1,2,0,5,toy2_gpu_core_neural_output_average_tensor_batched_2048_cpu_repeat02,2,neural_policy,output_average,aggregate_row,0.0021849280456081033
toy2,neural_output_average,tensor_batched,tensor_batched,cpu,2048,5,1,2,0,5,toy2_gpu_core_neural_output_average_tensor_batched_2048_cpu_repeat02,2,neural_policy,output_average,write_aggregate,3.2912008464336395e-05
toy2,neural_output_average,tensor_batched,tensor_batched,cpu,2048,5,1,2,0,5,toy2_gpu_core_neural_output_average_tensor_batched_2048_cpu_repeat02,3,neural_policy,output_average,sample_revision_mask,1.1160969734191895e-05
toy2,neural_output_average,tensor_batched,tensor_batched,cpu,2048,5,1,2,0,5,toy2_gpu_core_neural_output_average_tensor_batched_2048_cpu_repeat02,3,neural_policy,output_average,build_step_context,5.781068466603756e-06
toy2,neural_output_average,tensor_batched,tensor_batched,cpu,2048,5,1,2,0,5,toy2_gpu_core_neural_output_average_tensor_batched_2048_cpu_repeat02,3,neural_policy,output_average,neural_context_peers,2.0640436559915543e-06
toy2,neural_output_average,tensor_batched,tensor_batched,cpu,2048,5,1,2,0,5,toy2_gpu_core_neural_output_average_tensor_batched_2048_cpu_repeat02,3,neural_policy,output_average,build_observations,0.0002038970123976469
toy2,neural_output_average,tensor_batched,tensor_batched,cpu,2048,5,1,2,0,5,toy2_gpu_core_neural_output_average_tensor_batched_2048_cpu_repeat02,3,neural_policy,output_average,policy_readout,0.00022190099116414785
toy2,neural_output_average,tensor_batched,tensor_batched,cpu,2048,5,1,2,0,5,toy2_gpu_core_neural_output_average_tensor_batched_2048_cpu_repeat02,3,neural_policy,output_average,decision_selection,0.00018452992662787437
toy2,neural_output_average,tensor_batched,tensor_batched,cpu,2048,5,1,2,0,5,toy2_gpu_core_neural_output_average_tensor_batched_2048_cpu_repeat02,3,neural_policy,output_average,local_trainable_parameters,0.00017840799409896135
toy2,neural_output_average,tensor_batched,tensor_batched,cpu,2048,5,1,2,0,5,toy2_gpu_core_neural_output_average_tensor_batched_2048_cpu_repeat02,3,neural_policy,output_average,local_loss_forward,0.00034768006298691034
toy2,neural_output_average,tensor_batched,tensor_batched,cpu,2048,5,1,2,0,5,toy2_gpu_core_neural_output_average_tensor_batched_2048_cpu_repeat02,3,neural_policy,output_average,local_autograd_grad,0.0008631589589640498
toy2,neural_output_average,tensor_batched,tensor_batched,cpu,2048,5,1,2,0,5,toy2_gpu_core_neural_output_average_tensor_batched_2048_cpu_repeat02,3,neural_policy,output_average,local_adam_update,0.0017304749926552176
toy2,neural_output_average,tensor_batched,tensor_batched,cpu,2048,5,1,2,0,5,toy2_gpu_core_neural_output_average_tensor_batched_2048_cpu_repeat02,3,neural_policy,output_average,local_optimizer_update,0.003053185995668173
toy2,neural_output_average,tensor_batched,tensor_batched,cpu,2048,5,1,2,0,5,toy2_gpu_core_neural_output_average_tensor_batched_2048_cpu_repeat02,3,neural_policy,output_average,local_loss_update,0.0034127290127798915
toy2,neural_output_average,tensor_batched,tensor_batched,cpu,2048,5,1,2,0,5,toy2_gpu_core_neural_output_average_tensor_batched_2048_cpu_repeat02,3,neural_policy,output_average,local_training,0.0038258739514276385
toy2,neural_output_average,tensor_batched,tensor_batched,cpu,2048,5,1,2,0,5,toy2_gpu_core_neural_output_average_tensor_batched_2048_cpu_repeat02,3,neural_policy,output_average,cache_refresh,1.2629898265004158e-06
toy2,neural_output_average,tensor_batched,tensor_batched,cpu,2048,5,1,2,0,5,toy2_gpu_core_neural_output_average_tensor_batched_2048_cpu_repeat02,3,neural_policy,output_average,post_local_readout,0.0002470990875735879
toy2,neural_output_average,tensor_batched,tensor_batched,cpu,2048,5,1,2,0,5,toy2_gpu_core_neural_output_average_tensor_batched_2048_cpu_repeat02,3,neural_policy,output_average,local_step,0.005168632022105157
toy2,neural_output_average,tensor_batched,tensor_batched,cpu,2048,5,1,2,0,5,toy2_gpu_core_neural_output_average_tensor_batched_2048_cpu_repeat02,3,neural_policy,output_average,select_peers,2.495013177394867e-06
toy2,neural_output_average,tensor_batched,tensor_batched,cpu,2048,5,1,2,0,5,toy2_gpu_core_neural_output_average_tensor_batched_2048_cpu_repeat02,3,neural_policy,output_average,social_mix,0.0003344749566167593
toy2,neural_output_average,tensor_batched,tensor_batched,cpu,2048,5,1,2,0,5,toy2_gpu_core_neural_output_average_tensor_batched_2048_cpu_repeat02,3,neural_policy,output_average,social_trainable_parameters,0.00044176902156323195
toy2,neural_output_average,tensor_batched,tensor_batched,cpu,2048,5,1,2,0,5,toy2_gpu_core_neural_output_average_tensor_batched_2048_cpu_repeat02,3,neural_policy,output_average,social_loss_forward,0.000503825955092907
toy2,neural_output_average,tensor_batched,tensor_batched,cpu,2048,5,1,2,0,5,toy2_gpu_core_neural_output_average_tensor_batched_2048_cpu_repeat02,3,neural_policy,output_average,social_autograd_grad,0.0012145659420639277
toy2,neural_output_average,tensor_batched,tensor_batched,cpu,2048,5,1,2,0,5,toy2_gpu_core_neural_output_average_tensor_batched_2048_cpu_repeat02,3,neural_policy,output_average,social_adam_update,0.002891008974984288
toy2,neural_output_average,tensor_batched,tensor_batched,cpu,2048,5,1,2,0,5,toy2_gpu_core_neural_output_average_tensor_batched_2048_cpu_repeat02,3,neural_policy,output_average,social_optimizer_update,0.004143567057326436
toy2,neural_output_average,tensor_batched,tensor_batched,cpu,2048,5,1,2,0,5,toy2_gpu_core_neural_output_average_tensor_batched_2048_cpu_repeat02,3,neural_policy,output_average,social_loss_update,0.004657943034544587
toy2,neural_output_average,tensor_batched,tensor_batched,cpu,2048,5,1,2,0,5,toy2_gpu_core_neural_output_average_tensor_batched_2048_cpu_repeat02,3,neural_policy,output_average,social_distillation,0.005985133000649512
toy2,neural_output_average,tensor_batched,tensor_batched,cpu,2048,5,1,2,0,5,toy2_gpu_core_neural_output_average_tensor_batched_2048_cpu_repeat02,3,neural_policy,output_average,social_step,0.005997497006319463
toy2,neural_output_average,tensor_batched,tensor_batched,cpu,2048,5,1,2,0,5,toy2_gpu_core_neural_output_average_tensor_batched_2048_cpu_repeat02,3,neural_policy,output_average,sample_actions,7.509952411055565e-07
toy2,neural_output_average,tensor_batched,tensor_batched,cpu,2048,5,1,2,0,5,toy2_gpu_core_neural_output_average_tensor_batched_2048_cpu_repeat02,3,neural_policy,output_average,commit_actions,4.539033398032188e-06
toy2,neural_output_average,tensor_batched,tensor_batched,cpu,2048,5,1,2,0,5,toy2_gpu_core_neural_output_average_tensor_batched_2048_cpu_repeat02,3,neural_policy,output_average,post_step_state_policy,2.340390346944332e-05
toy2,neural_output_average,tensor_batched,tensor_batched,cpu,2048,5,1,2,0,5,toy2_gpu_core_neural_output_average_tensor_batched_2048_cpu_repeat02,3,neural_policy,output_average,update_payoff_ema,3.0057039111852646e-05
toy2,neural_output_average,tensor_batched,tensor_batched,cpu,2048,5,1,2,0,5,toy2_gpu_core_neural_output_average_tensor_batched_2048_cpu_repeat02,3,neural_policy,output_average,update_reputation_ema,1.9937986508011818e-05
toy2,neural_output_average,tensor_batched,tensor_batched,cpu,2048,5,1,2,0,5,toy2_gpu_core_neural_output_average_tensor_batched_2048_cpu_repeat02,3,neural_policy,output_average,mobility_swaps,8.576200343668461e-05
toy2,neural_output_average,tensor_batched,tensor_batched,cpu,2048,5,1,2,0,5,toy2_gpu_core_neural_output_average_tensor_batched_2048_cpu_repeat02,3,neural_policy,output_average,finalize_hook_step,9.326962754130363e-06
toy2,neural_output_average,tensor_batched,tensor_batched,cpu,2048,5,1,2,0,5,toy2_gpu_core_neural_output_average_tensor_batched_2048_cpu_repeat02,3,neural_policy,output_average,hooked_step_total,0.011768883909098804
toy2,neural_output_average,tensor_batched,tensor_batched,cpu,2048,5,1,2,0,5,toy2_gpu_core_neural_output_average_tensor_batched_2048_cpu_repeat02,3,neural_policy,output_average,aggregate_row,0.0020745889050886035
toy2,neural_output_average,tensor_batched,tensor_batched,cpu,2048,5,1,2,0,5,toy2_gpu_core_neural_output_average_tensor_batched_2048_cpu_repeat02,3,neural_policy,output_average,write_aggregate,3.389397170394659e-05
toy2,neural_output_average,tensor_batched,tensor_batched,cpu,2048,5,1,2,0,5,toy2_gpu_core_neural_output_average_tensor_batched_2048_cpu_repeat02,4,neural_policy,output_average,sample_revision_mask,1.0979943908751011e-05
toy2,neural_output_average,tensor_batched,tensor_batched,cpu,2048,5,1,2,0,5,toy2_gpu_core_neural_output_average_tensor_batched_2048_cpu_repeat02,4,neural_policy,output_average,build_step_context,8.63696914166212e-06
toy2,neural_output_average,tensor_batched,tensor_batched,cpu,2048,5,1,2,0,5,toy2_gpu_core_neural_output_average_tensor_batched_2048_cpu_repeat02,4,neural_policy,output_average,neural_context_peers,2.4049077183008194e-06
toy2,neural_output_average,tensor_batched,tensor_batched,cpu,2048,5,1,2,0,5,toy2_gpu_core_neural_output_average_tensor_batched_2048_cpu_repeat02,4,neural_policy,output_average,build_observations,0.0002204589545726776
toy2,neural_output_average,tensor_batched,tensor_batched,cpu,2048,5,1,2,0,5,toy2_gpu_core_neural_output_average_tensor_batched_2048_cpu_repeat02,4,neural_policy,output_average,policy_readout,0.00022228190209716558
toy2,neural_output_average,tensor_batched,tensor_batched,cpu,2048,5,1,2,0,5,toy2_gpu_core_neural_output_average_tensor_batched_2048_cpu_repeat02,4,neural_policy,output_average,decision_selection,0.0001902109943330288
toy2,neural_output_average,tensor_batched,tensor_batched,cpu,2048,5,1,2,0,5,toy2_gpu_core_neural_output_average_tensor_batched_2048_cpu_repeat02,4,neural_policy,output_average,local_trainable_parameters,0.00024762004613876343
toy2,neural_output_average,tensor_batched,tensor_batched,cpu,2048,5,1,2,0,5,toy2_gpu_core_neural_output_average_tensor_batched_2048_cpu_repeat02,4,neural_policy,output_average,local_loss_forward,0.00041562889236956835
toy2,neural_output_average,tensor_batched,tensor_batched,cpu,2048,5,1,2,0,5,toy2_gpu_core_neural_output_average_tensor_batched_2048_cpu_repeat02,4,neural_policy,output_average,local_autograd_grad,0.0008405860280618072
toy2,neural_output_average,tensor_batched,tensor_batched,cpu,2048,5,1,2,0,5,toy2_gpu_core_neural_output_average_tensor_batched_2048_cpu_repeat02,4,neural_policy,output_average,local_adam_update,0.0016298340633511543
toy2,neural_output_average,tensor_batched,tensor_batched,cpu,2048,5,1,2,0,5,toy2_gpu_core_neural_output_average_tensor_batched_2048_cpu_repeat02,4,neural_policy,output_average,local_optimizer_update,0.0029594089137390256
toy2,neural_output_average,tensor_batched,tensor_batched,cpu,2048,5,1,2,0,5,toy2_gpu_core_neural_output_average_tensor_batched_2048_cpu_repeat02,4,neural_policy,output_average,local_loss_update,0.0033890140475705266
toy2,neural_output_average,tensor_batched,tensor_batched,cpu,2048,5,1,2,0,5,toy2_gpu_core_neural_output_average_tensor_batched_2048_cpu_repeat02,4,neural_policy,output_average,local_training,0.0038821400376036763
toy2,neural_output_average,tensor_batched,tensor_batched,cpu,2048,5,1,2,0,5,toy2_gpu_core_neural_output_average_tensor_batched_2048_cpu_repeat02,4,neural_policy,output_average,cache_refresh,1.352047547698021e-06
toy2,neural_output_average,tensor_batched,tensor_batched,cpu,2048,5,1,2,0,5,toy2_gpu_core_neural_output_average_tensor_batched_2048_cpu_repeat02,4,neural_policy,output_average,post_local_readout,0.0003054100088775158
toy2,neural_output_average,tensor_batched,tensor_batched,cpu,2048,5,1,2,0,5,toy2_gpu_core_neural_output_average_tensor_batched_2048_cpu_repeat02,4,neural_policy,output_average,local_step,0.005301474942825735
toy2,neural_output_average,tensor_batched,tensor_batched,cpu,2048,5,1,2,0,5,toy2_gpu_core_neural_output_average_tensor_batched_2048_cpu_repeat02,4,neural_policy,output_average,select_peers,2.303975634276867e-06
toy2,neural_output_average,tensor_batched,tensor_batched,cpu,2048,5,1,2,0,5,toy2_gpu_core_neural_output_average_tensor_batched_2048_cpu_repeat02,4,neural_policy,output_average,social_mix,0.0003192260628566146
toy2,neural_output_average,tensor_batched,tensor_batched,cpu,2048,5,1,2,0,5,toy2_gpu_core_neural_output_average_tensor_batched_2048_cpu_repeat02,4,neural_policy,output_average,social_trainable_parameters,0.00036368099972605705
toy2,neural_output_average,tensor_batched,tensor_batched,cpu,2048,5,1,2,0,5,toy2_gpu_core_neural_output_average_tensor_batched_2048_cpu_repeat02,4,neural_policy,output_average,social_loss_forward,0.00044557603541761637
toy2,neural_output_average,tensor_batched,tensor_batched,cpu,2048,5,1,2,0,5,toy2_gpu_core_neural_output_average_tensor_batched_2048_cpu_repeat02,4,neural_policy,output_average,social_autograd_grad,0.0011507339077070355
toy2,neural_output_average,tensor_batched,tensor_batched,cpu,2048,5,1,2,0,5,toy2_gpu_core_neural_output_average_tensor_batched_2048_cpu_repeat02,4,neural_policy,output_average,social_adam_update,0.002725924947299063
toy2,neural_output_average,tensor_batched,tensor_batched,cpu,2048,5,1,2,0,5,toy2_gpu_core_neural_output_average_tensor_batched_2048_cpu_repeat02,4,neural_policy,output_average,social_optimizer_update,0.003914532018825412
toy2,neural_output_average,tensor_batched,tensor_batched,cpu,2048,5,1,2,0,5,toy2_gpu_core_neural_output_average_tensor_batched_2048_cpu_repeat02,4,neural_policy,output_average,social_loss_update,0.00437049800530076
toy2,neural_output_average,tensor_batched,tensor_batched,cpu,2048,5,1,2,0,5,toy2_gpu_core_neural_output_average_tensor_batched_2048_cpu_repeat02,4,neural_policy,output_average,social_distillation,0.0056849929969757795
toy2,neural_output_average,tensor_batched,tensor_batched,cpu,2048,5,1,2,0,5,toy2_gpu_core_neural_output_average_tensor_batched_2048_cpu_repeat02,4,neural_policy,output_average,social_step,0.005702827009372413
toy2,neural_output_average,tensor_batched,tensor_batched,cpu,2048,5,1,2,0,5,toy2_gpu_core_neural_output_average_tensor_batched_2048_cpu_repeat02,4,neural_policy,output_average,sample_actions,8.309725672006607e-07
toy2,neural_output_average,tensor_batched,tensor_batched,cpu,2048,5,1,2,0,5,toy2_gpu_core_neural_output_average_tensor_batched_2048_cpu_repeat02,4,neural_policy,output_average,commit_actions,3.446941263973713e-06
toy2,neural_output_average,tensor_batched,tensor_batched,cpu,2048,5,1,2,0,5,toy2_gpu_core_neural_output_average_tensor_batched_2048_cpu_repeat02,4,neural_policy,output_average,post_step_state_policy,1.715205144137144e-05
toy2,neural_output_average,tensor_batched,tensor_batched,cpu,2048,5,1,2,0,5,toy2_gpu_core_neural_output_average_tensor_batched_2048_cpu_repeat02,4,neural_policy,output_average,update_payoff_ema,2.6330002583563328e-05
toy2,neural_output_average,tensor_batched,tensor_batched,cpu,2048,5,1,2,0,5,toy2_gpu_core_neural_output_average_tensor_batched_2048_cpu_repeat02,4,neural_policy,output_average,update_reputation_ema,4.34329267591238e-05
toy2,neural_output_average,tensor_batched,tensor_batched,cpu,2048,5,1,2,0,5,toy2_gpu_core_neural_output_average_tensor_batched_2048_cpu_repeat02,4,neural_policy,output_average,mobility_swaps,0.00018444005399942398
toy2,neural_output_average,tensor_batched,tensor_batched,cpu,2048,5,1,2,0,5,toy2_gpu_core_neural_output_average_tensor_batched_2048_cpu_repeat02,4,neural_policy,output_average,finalize_hook_step,2.8103007934987545e-05
toy2,neural_output_average,tensor_batched,tensor_batched,cpu,2048,5,1,2,0,5,toy2_gpu_core_neural_output_average_tensor_batched_2048_cpu_repeat02,4,neural_policy,output_average,hooked_step_total,0.012009118916466832
toy2,neural_output_average,tensor_batched,tensor_batched,cpu,2048,5,1,2,0,5,toy2_gpu_core_neural_output_average_tensor_batched_2048_cpu_repeat02,4,neural_policy,output_average,aggregate_row,0.0020728150848299265
toy2,neural_output_average,tensor_batched,tensor_batched,cpu,2048,5,1,2,0,5,toy2_gpu_core_neural_output_average_tensor_batched_2048_cpu_repeat02,4,neural_policy,output_average,write_aggregate,3.4476048313081264e-05
toy2,neural_output_average,tensor_batched,tensor_batched,cpu,2048,5,1,2,0,5,toy2_gpu_core_neural_output_average_tensor_batched_2048_cpu_repeat02,5,neural_policy,output_average,sample_revision_mask,1.1150958016514778e-05
toy2,neural_output_average,tensor_batched,tensor_batched,cpu,2048,5,1,2,0,5,toy2_gpu_core_neural_output_average_tensor_batched_2048_cpu_repeat02,5,neural_policy,output_average,build_step_context,5.971989594399929e-06
toy2,neural_output_average,tensor_batched,tensor_batched,cpu,2048,5,1,2,0,5,toy2_gpu_core_neural_output_average_tensor_batched_2048_cpu_repeat02,5,neural_policy,output_average,neural_context_peers,2.7649803087115288e-06
toy2,neural_output_average,tensor_batched,tensor_batched,cpu,2048,5,1,2,0,5,toy2_gpu_core_neural_output_average_tensor_batched_2048_cpu_repeat02,5,neural_policy,output_average,build_observations,0.00021769304294139147
toy2,neural_output_average,tensor_batched,tensor_batched,cpu,2048,5,1,2,0,5,toy2_gpu_core_neural_output_average_tensor_batched_2048_cpu_repeat02,5,neural_policy,output_average,policy_readout,0.00024705904070287943
toy2,neural_output_average,tensor_batched,tensor_batched,cpu,2048,5,1,2,0,5,toy2_gpu_core_neural_output_average_tensor_batched_2048_cpu_repeat02,5,neural_policy,output_average,decision_selection,0.0001811030087992549
toy2,neural_output_average,tensor_batched,tensor_batched,cpu,2048,5,1,2,0,5,toy2_gpu_core_neural_output_average_tensor_batched_2048_cpu_repeat02,5,neural_policy,output_average,local_trainable_parameters,0.00030964799225330353
toy2,neural_output_average,tensor_batched,tensor_batched,cpu,2048,5,1,2,0,5,toy2_gpu_core_neural_output_average_tensor_batched_2048_cpu_repeat02,5,neural_policy,output_average,local_loss_forward,0.0004322299500927329
toy2,neural_output_average,tensor_batched,tensor_batched,cpu,2048,5,1,2,0,5,toy2_gpu_core_neural_output_average_tensor_batched_2048_cpu_repeat02,5,neural_policy,output_average,local_autograd_grad,0.0009729269659146667
toy2,neural_output_average,tensor_batched,tensor_batched,cpu,2048,5,1,2,0,5,toy2_gpu_core_neural_output_average_tensor_batched_2048_cpu_repeat02,5,neural_policy,output_average,local_adam_update,0.0019451830303296447
toy2,neural_output_average,tensor_batched,tensor_batched,cpu,2048,5,1,2,0,5,toy2_gpu_core_neural_output_average_tensor_batched_2048_cpu_repeat02,5,neural_policy,output_average,local_optimizer_update,0.002958256984129548
toy2,neural_output_average,tensor_batched,tensor_batched,cpu,2048,5,1,2,0,5,toy2_gpu_core_neural_output_average_tensor_batched_2048_cpu_repeat02,5,neural_policy,output_average,local_loss_update,0.003400484914891422
toy2,neural_output_average,tensor_batched,tensor_batched,cpu,2048,5,1,2,0,5,toy2_gpu_core_neural_output_average_tensor_batched_2048_cpu_repeat02,5,neural_policy,output_average,local_training,0.0039637950249016285
toy2,neural_output_average,tensor_batched,tensor_batched,cpu,2048,5,1,2,0,5,toy2_gpu_core_neural_output_average_tensor_batched_2048_cpu_repeat02,5,neural_policy,output_average,cache_refresh,1.442967914044857e-06
toy2,neural_output_average,tensor_batched,tensor_batched,cpu,2048,5,1,2,0,5,toy2_gpu_core_neural_output_average_tensor_batched_2048_cpu_repeat02,5,neural_policy,output_average,post_local_readout,0.00027720595244318247
toy2,neural_output_average,tensor_batched,tensor_batched,cpu,2048,5,1,2,0,5,toy2_gpu_core_neural_output_average_tensor_batched_2048_cpu_repeat02,5,neural_policy,output_average,local_step,0.005372219020500779
toy2,neural_output_average,tensor_batched,tensor_batched,cpu,2048,5,1,2,0,5,toy2_gpu_core_neural_output_average_tensor_batched_2048_cpu_repeat02,5,neural_policy,output_average,select_peers,3.205961547791958e-06
toy2,neural_output_average,tensor_batched,tensor_batched,cpu,2048,5,1,2,0,5,toy2_gpu_core_neural_output_average_tensor_batched_2048_cpu_repeat02,5,neural_policy,output_average,social_mix,0.0003023239551112056
toy2,neural_output_average,tensor_batched,tensor_batched,cpu,2048,5,1,2,0,5,toy2_gpu_core_neural_output_average_tensor_batched_2048_cpu_repeat02,5,neural_policy,output_average,social_trainable_parameters,0.00013289297930896282
toy2,neural_output_average,tensor_batched,tensor_batched,cpu,2048,5,1,2,0,5,toy2_gpu_core_neural_output_average_tensor_batched_2048_cpu_repeat02,5,neural_policy,output_average,social_loss_forward,0.00033359299413859844
toy2,neural_output_average,tensor_batched,tensor_batched,cpu,2048,5,1,2,0,5,toy2_gpu_core_neural_output_average_tensor_batched_2048_cpu_repeat02,5,neural_policy,output_average,social_autograd_grad,0.0008854910265654325
toy2,neural_output_average,tensor_batched,tensor_batched,cpu,2048,5,1,2,0,5,toy2_gpu_core_neural_output_average_tensor_batched_2048_cpu_repeat02,5,neural_policy,output_average,social_adam_update,0.0017328490503132343
toy2,neural_output_average,tensor_batched,tensor_batched,cpu,2048,5,1,2,0,5,toy2_gpu_core_neural_output_average_tensor_batched_2048_cpu_repeat02,5,neural_policy,output_average,social_optimizer_update,0.002653897972777486
toy2,neural_output_average,tensor_batched,tensor_batched,cpu,2048,5,1,2,0,5,toy2_gpu_core_neural_output_average_tensor_batched_2048_cpu_repeat02,5,neural_policy,output_average,social_loss_update,0.0029965790454298258
toy2,neural_output_average,tensor_batched,tensor_batched,cpu,2048,5,1,2,0,5,toy2_gpu_core_neural_output_average_tensor_batched_2048_cpu_repeat02,5,neural_policy,output_average,social_distillation,0.0038080390077084303
toy2,neural_output_average,tensor_batched,tensor_batched,cpu,2048,5,1,2,0,5,toy2_gpu_core_neural_output_average_tensor_batched_2048_cpu_repeat02,5,neural_policy,output_average,social_step,0.0038193409563973546
toy2,neural_output_average,tensor_batched,tensor_batched,cpu,2048,5,1,2,0,5,toy2_gpu_core_neural_output_average_tensor_batched_2048_cpu_repeat02,5,neural_policy,output_average,sample_actions,6.910413503646851e-07
toy2,neural_output_average,tensor_batched,tensor_batched,cpu,2048,5,1,2,0,5,toy2_gpu_core_neural_output_average_tensor_batched_2048_cpu_repeat02,5,neural_policy,output_average,commit_actions,3.386056050658226e-06
toy2,neural_output_average,tensor_batched,tensor_batched,cpu,2048,5,1,2,0,5,toy2_gpu_core_neural_output_average_tensor_batched_2048_cpu_repeat02,5,neural_policy,output_average,post_step_state_policy,1.6681035049259663e-05
toy2,neural_output_average,tensor_batched,tensor_batched,cpu,2048,5,1,2,0,5,toy2_gpu_core_neural_output_average_tensor_batched_2048_cpu_repeat02,5,neural_policy,output_average,update_payoff_ema,1.7654034309089184e-05
toy2,neural_output_average,tensor_batched,tensor_batched,cpu,2048,5,1,2,0,5,toy2_gpu_core_neural_output_average_tensor_batched_2048_cpu_repeat02,5,neural_policy,output_average,update_reputation_ema,1.6801990568637848e-05
toy2,neural_output_average,tensor_batched,tensor_batched,cpu,2048,5,1,2,0,5,toy2_gpu_core_neural_output_average_tensor_batched_2048_cpu_repeat02,5,neural_policy,output_average,mobility_swaps,6.549397949129343e-05
toy2,neural_output_average,tensor_batched,tensor_batched,cpu,2048,5,1,2,0,5,toy2_gpu_core_neural_output_average_tensor_batched_2048_cpu_repeat02,5,neural_policy,output_average,finalize_hook_step,8.5469800978899e-06
toy2,neural_output_average,tensor_batched,tensor_batched,cpu,2048,5,1,2,0,5,toy2_gpu_core_neural_output_average_tensor_batched_2048_cpu_repeat02,5,neural_policy,output_average,hooked_step_total,0.009696669061668217
toy2,neural_output_average,tensor_batched,tensor_batched,cpu,2048,5,1,2,0,5,toy2_gpu_core_neural_output_average_tensor_batched_2048_cpu_repeat02,5,neural_policy,output_average,aggregate_row,0.0016342320013791323
toy2,neural_output_average,tensor_batched,tensor_batched,cpu,2048,5,1,2,0,5,toy2_gpu_core_neural_output_average_tensor_batched_2048_cpu_repeat02,5,neural_policy,output_average,write_aggregate,4.1548977605998516e-05
toy2,neural_output_average,tensor_batched,tensor_batched,cpu,2048,5,1,3,0,5,toy2_gpu_core_neural_output_average_tensor_batched_2048_cpu_repeat03,0,neural_policy,output_average,make_run_dir,0.0005549240158870816
toy2,neural_output_average,tensor_batched,tensor_batched,cpu,2048,5,1,3,0,5,toy2_gpu_core_neural_output_average_tensor_batched_2048_cpu_repeat03,0,neural_policy,output_average,write_metadata,0.003336744965054095
toy2,neural_output_average,tensor_batched,tensor_batched,cpu,2048,5,1,3,0,5,toy2_gpu_core_neural_output_average_tensor_batched_2048_cpu_repeat03,0,neural_policy,output_average,initial_state,0.4268445809138939
toy2,neural_output_average,tensor_batched,tensor_batched,cpu,2048,5,1,3,0,5,toy2_gpu_core_neural_output_average_tensor_batched_2048_cpu_repeat03,0,neural_policy,output_average,writer_setup,0.0007623280398547649
toy2,neural_output_average,tensor_batched,tensor_batched,cpu,2048,5,1,3,0,5,toy2_gpu_core_neural_output_average_tensor_batched_2048_cpu_repeat03,0,neural_policy,output_average,initial_step_result,0.006655475008301437
toy2,neural_output_average,tensor_batched,tensor_batched,cpu,2048,5,1,3,0,5,toy2_gpu_core_neural_output_average_tensor_batched_2048_cpu_repeat03,0,neural_policy,output_average,initial_aggregate_row,0.00448290107306093
toy2,neural_output_average,tensor_batched,tensor_batched,cpu,2048,5,1,3,0,5,toy2_gpu_core_neural_output_average_tensor_batched_2048_cpu_repeat03,0,neural_policy,output_average,write_initial_aggregate,4.818197339773178e-05
toy2,neural_output_average,tensor_batched,tensor_batched,cpu,2048,5,1,3,0,5,toy2_gpu_core_neural_output_average_tensor_batched_2048_cpu_repeat03,1,neural_policy,output_average,sample_revision_mask,2.7803005650639534e-05
toy2,neural_output_average,tensor_batched,tensor_batched,cpu,2048,5,1,3,0,5,toy2_gpu_core_neural_output_average_tensor_batched_2048_cpu_repeat03,1,neural_policy,output_average,build_step_context,1.26339728012681e-05
toy2,neural_output_average,tensor_batched,tensor_batched,cpu,2048,5,1,3,0,5,toy2_gpu_core_neural_output_average_tensor_batched_2048_cpu_repeat03,1,neural_policy,output_average,neural_context_peers,4.39805444329977e-06
toy2,neural_output_average,tensor_batched,tensor_batched,cpu,2048,5,1,3,0,5,toy2_gpu_core_neural_output_average_tensor_batched_2048_cpu_repeat03,1,neural_policy,output_average,build_observations,0.0005329919513314962
toy2,neural_output_average,tensor_batched,tensor_batched,cpu,2048,5,1,3,0,5,toy2_gpu_core_neural_output_average_tensor_batched_2048_cpu_repeat03,1,neural_policy,output_average,policy_readout,0.0010985760018229485
toy2,neural_output_average,tensor_batched,tensor_batched,cpu,2048,5,1,3,0,5,toy2_gpu_core_neural_output_average_tensor_batched_2048_cpu_repeat03,1,neural_policy,output_average,decision_selection,0.0005455249920487404
toy2,neural_output_average,tensor_batched,tensor_batched,cpu,2048,5,1,3,0,5,toy2_gpu_core_neural_output_average_tensor_batched_2048_cpu_repeat03,1,neural_policy,output_average,local_trainable_parameters,0.0006959509337320924
toy2,neural_output_average,tensor_batched,tensor_batched,cpu,2048,5,1,3,0,5,toy2_gpu_core_neural_output_average_tensor_batched_2048_cpu_repeat03,1,neural_policy,output_average,local_loss_forward,0.0012625870294868946
toy2,neural_output_average,tensor_batched,tensor_batched,cpu,2048,5,1,3,0,5,toy2_gpu_core_neural_output_average_tensor_batched_2048_cpu_repeat03,1,neural_policy,output_average,local_autograd_grad,0.002310375915840268
toy2,neural_output_average,tensor_batched,tensor_batched,cpu,2048,5,1,3,0,5,toy2_gpu_core_neural_output_average_tensor_batched_2048_cpu_repeat03,1,neural_policy,output_average,local_adam_update,0.004232735955156386
toy2,neural_output_average,tensor_batched,tensor_batched,cpu,2048,5,1,3,0,5,toy2_gpu_core_neural_output_average_tensor_batched_2048_cpu_repeat03,1,neural_policy,output_average,local_optimizer_update,0.006640546955168247
toy2,neural_output_average,tensor_batched,tensor_batched,cpu,2048,5,1,3,0,5,toy2_gpu_core_neural_output_average_tensor_batched_2048_cpu_repeat03,1,neural_policy,output_average,local_loss_update,0.007916540023870766
toy2,neural_output_average,tensor_batched,tensor_batched,cpu,2048,5,1,3,0,5,toy2_gpu_core_neural_output_average_tensor_batched_2048_cpu_repeat03,1,neural_policy,output_average,local_training,0.009371362044475973
toy2,neural_output_average,tensor_batched,tensor_batched,cpu,2048,5,1,3,0,5,toy2_gpu_core_neural_output_average_tensor_batched_2048_cpu_repeat03,1,neural_policy,output_average,cache_refresh,4.81889583170414e-06
toy2,neural_output_average,tensor_batched,tensor_batched,cpu,2048,5,1,3,0,5,toy2_gpu_core_neural_output_average_tensor_batched_2048_cpu_repeat03,1,neural_policy,output_average,post_local_readout,0.00031697109807282686
toy2,neural_output_average,tensor_batched,tensor_batched,cpu,2048,5,1,3,0,5,toy2_gpu_core_neural_output_average_tensor_batched_2048_cpu_repeat03,1,neural_policy,output_average,local_step,0.012720459955744445
toy2,neural_output_average,tensor_batched,tensor_batched,cpu,2048,5,1,3,0,5,toy2_gpu_core_neural_output_average_tensor_batched_2048_cpu_repeat03,1,neural_policy,output_average,select_peers,3.2659154385328293e-06
toy2,neural_output_average,tensor_batched,tensor_batched,cpu,2048,5,1,3,0,5,toy2_gpu_core_neural_output_average_tensor_batched_2048_cpu_repeat03,1,neural_policy,output_average,social_mix,0.00040816504042595625
toy2,neural_output_average,tensor_batched,tensor_batched,cpu,2048,5,1,3,0,5,toy2_gpu_core_neural_output_average_tensor_batched_2048_cpu_repeat03,1,neural_policy,output_average,social_trainable_parameters,9.829702321439981e-05
toy2,neural_output_average,tensor_batched,tensor_batched,cpu,2048,5,1,3,0,5,toy2_gpu_core_neural_output_average_tensor_batched_2048_cpu_repeat03,1,neural_policy,output_average,social_loss_forward,0.0004343340406194329
toy2,neural_output_average,tensor_batched,tensor_batched,cpu,2048,5,1,3,0,5,toy2_gpu_core_neural_output_average_tensor_batched_2048_cpu_repeat03,1,neural_policy,output_average,social_autograd_grad,0.0009524580091238022
toy2,neural_output_average,tensor_batched,tensor_batched,cpu,2048,5,1,3,0,5,toy2_gpu_core_neural_output_average_tensor_batched_2048_cpu_repeat03,1,neural_policy,output_average,social_adam_update,0.001331808976829052
toy2,neural_output_average,tensor_batched,tensor_batched,cpu,2048,5,1,3,0,5,toy2_gpu_core_neural_output_average_tensor_batched_2048_cpu_repeat03,1,neural_policy,output_average,social_optimizer_update,0.002333870972506702
toy2,neural_output_average,tensor_batched,tensor_batched,cpu,2048,5,1,3,0,5,toy2_gpu_core_neural_output_average_tensor_batched_2048_cpu_repeat03,1,neural_policy,output_average,social_loss_update,0.0027794070774689317
toy2,neural_output_average,tensor_batched,tensor_batched,cpu,2048,5,1,3,0,5,toy2_gpu_core_neural_output_average_tensor_batched_2048_cpu_repeat03,1,neural_policy,output_average,social_distillation,0.00383955892175436
toy2,neural_output_average,tensor_batched,tensor_batched,cpu,2048,5,1,3,0,5,toy2_gpu_core_neural_output_average_tensor_batched_2048_cpu_repeat03,1,neural_policy,output_average,social_step,0.003862643032334745
toy2,neural_output_average,tensor_batched,tensor_batched,cpu,2048,5,1,3,0,5,toy2_gpu_core_neural_output_average_tensor_batched_2048_cpu_repeat03,1,neural_policy,output_average,sample_actions,1.001986674964428e-06
toy2,neural_output_average,tensor_batched,tensor_batched,cpu,2048,5,1,3,0,5,toy2_gpu_core_neural_output_average_tensor_batched_2048_cpu_repeat03,1,neural_policy,output_average,commit_actions,8.455943316221237e-06
toy2,neural_output_average,tensor_batched,tensor_batched,cpu,2048,5,1,3,0,5,toy2_gpu_core_neural_output_average_tensor_batched_2048_cpu_repeat03,1,neural_policy,output_average,post_step_state_policy,7.146608550101519e-05
toy2,neural_output_average,tensor_batched,tensor_batched,cpu,2048,5,1,3,0,5,toy2_gpu_core_neural_output_average_tensor_batched_2048_cpu_repeat03,1,neural_policy,output_average,update_payoff_ema,5.062599666416645e-05
toy2,neural_output_average,tensor_batched,tensor_batched,cpu,2048,5,1,3,0,5,toy2_gpu_core_neural_output_average_tensor_batched_2048_cpu_repeat03,1,neural_policy,output_average,update_reputation_ema,6.655603647232056e-05
toy2,neural_output_average,tensor_batched,tensor_batched,cpu,2048,5,1,3,0,5,toy2_gpu_core_neural_output_average_tensor_batched_2048_cpu_repeat03,1,neural_policy,output_average,mobility_swaps,0.0001872949069365859
toy2,neural_output_average,tensor_batched,tensor_batched,cpu,2048,5,1,3,0,5,toy2_gpu_core_neural_output_average_tensor_batched_2048_cpu_repeat03,1,neural_policy,output_average,finalize_hook_step,2.7131056413054466e-05
toy2,neural_output_average,tensor_batched,tensor_batched,cpu,2048,5,1,3,0,5,toy2_gpu_core_neural_output_average_tensor_batched_2048_cpu_repeat03,1,neural_policy,output_average,hooked_step_total,0.017790045007131994
toy2,neural_output_average,tensor_batched,tensor_batched,cpu,2048,5,1,3,0,5,toy2_gpu_core_neural_output_average_tensor_batched_2048_cpu_repeat03,1,neural_policy,output_average,aggregate_row,0.0028580459766089916
toy2,neural_output_average,tensor_batched,tensor_batched,cpu,2048,5,1,3,0,5,toy2_gpu_core_neural_output_average_tensor_batched_2048_cpu_repeat03,1,neural_policy,output_average,write_aggregate,5.075603257864714e-05
toy2,neural_output_average,tensor_batched,tensor_batched,cpu,2048,5,1,3,0,5,toy2_gpu_core_neural_output_average_tensor_batched_2048_cpu_repeat03,2,neural_policy,output_average,sample_revision_mask,1.5099067240953445e-05
toy2,neural_output_average,tensor_batched,tensor_batched,cpu,2048,5,1,3,0,5,toy2_gpu_core_neural_output_average_tensor_batched_2048_cpu_repeat03,2,neural_policy,output_average,build_step_context,1.5047960914671421e-05
toy2,neural_output_average,tensor_batched,tensor_batched,cpu,2048,5,1,3,0,5,toy2_gpu_core_neural_output_average_tensor_batched_2048_cpu_repeat03,2,neural_policy,output_average,neural_context_peers,3.6070123314857483e-06
toy2,neural_output_average,tensor_batched,tensor_batched,cpu,2048,5,1,3,0,5,toy2_gpu_core_neural_output_average_tensor_batched_2048_cpu_repeat03,2,neural_policy,output_average,build_observations,0.0002885169815272093
toy2,neural_output_average,tensor_batched,tensor_batched,cpu,2048,5,1,3,0,5,toy2_gpu_core_neural_output_average_tensor_batched_2048_cpu_repeat03,2,neural_policy,output_average,policy_readout,0.00027999200392514467
toy2,neural_output_average,tensor_batched,tensor_batched,cpu,2048,5,1,3,0,5,toy2_gpu_core_neural_output_average_tensor_batched_2048_cpu_repeat03,2,neural_policy,output_average,decision_selection,0.00022440601605921984
toy2,neural_output_average,tensor_batched,tensor_batched,cpu,2048,5,1,3,0,5,toy2_gpu_core_neural_output_average_tensor_batched_2048_cpu_repeat03,2,neural_policy,output_average,local_trainable_parameters,0.00017222703900188208
toy2,neural_output_average,tensor_batched,tensor_batched,cpu,2048,5,1,3,0,5,toy2_gpu_core_neural_output_average_tensor_batched_2048_cpu_repeat03,2,neural_policy,output_average,local_loss_forward,0.00048184499610215425
toy2,neural_output_average,tensor_batched,tensor_batched,cpu,2048,5,1,3,0,5,toy2_gpu_core_neural_output_average_tensor_batched_2048_cpu_repeat03,2,neural_policy,output_average,local_autograd_grad,0.0009739790111780167
toy2,neural_output_average,tensor_batched,tensor_batched,cpu,2048,5,1,3,0,5,toy2_gpu_core_neural_output_average_tensor_batched_2048_cpu_repeat03,2,neural_policy,output_average,local_adam_update,0.0022032830165699124
toy2,neural_output_average,tensor_batched,tensor_batched,cpu,2048,5,1,3,0,5,toy2_gpu_core_neural_output_average_tensor_batched_2048_cpu_repeat03,2,neural_policy,output_average,local_optimizer_update,0.0032260139705613256
toy2,neural_output_average,tensor_batched,tensor_batched,cpu,2048,5,1,3,0,5,toy2_gpu_core_neural_output_average_tensor_batched_2048_cpu_repeat03,2,neural_policy,output_average,local_loss_update,0.003717868006788194
toy2,neural_output_average,tensor_batched,tensor_batched,cpu,2048,5,1,3,0,5,toy2_gpu_core_neural_output_average_tensor_batched_2048_cpu_repeat03,2,neural_policy,output_average,local_training,0.0042669110698625445
toy2,neural_output_average,tensor_batched,tensor_batched,cpu,2048,5,1,3,0,5,toy2_gpu_core_neural_output_average_tensor_batched_2048_cpu_repeat03,2,neural_policy,output_average,cache_refresh,1.6629928722977638e-06
toy2,neural_output_average,tensor_batched,tensor_batched,cpu,2048,5,1,3,0,5,toy2_gpu_core_neural_output_average_tensor_batched_2048_cpu_repeat03,2,neural_policy,output_average,post_local_readout,0.00026628596242517233
toy2,neural_output_average,tensor_batched,tensor_batched,cpu,2048,5,1,3,0,5,toy2_gpu_core_neural_output_average_tensor_batched_2048_cpu_repeat03,2,neural_policy,output_average,local_step,0.006019167951308191
toy2,neural_output_average,tensor_batched,tensor_batched,cpu,2048,5,1,3,0,5,toy2_gpu_core_neural_output_average_tensor_batched_2048_cpu_repeat03,2,neural_policy,output_average,select_peers,4.39805444329977e-06
toy2,neural_output_average,tensor_batched,tensor_batched,cpu,2048,5,1,3,0,5,toy2_gpu_core_neural_output_average_tensor_batched_2048_cpu_repeat03,2,neural_policy,output_average,social_mix,0.000507232965901494
toy2,neural_output_average,tensor_batched,tensor_batched,cpu,2048,5,1,3,0,5,toy2_gpu_core_neural_output_average_tensor_batched_2048_cpu_repeat03,2,neural_policy,output_average,social_trainable_parameters,9.71140107139945e-05
toy2,neural_output_average,tensor_batched,tensor_batched,cpu,2048,5,1,3,0,5,toy2_gpu_core_neural_output_average_tensor_batched_2048_cpu_repeat03,2,neural_policy,output_average,social_loss_forward,0.00040434696711599827
toy2,neural_output_average,tensor_batched,tensor_batched,cpu,2048,5,1,3,0,5,toy2_gpu_core_neural_output_average_tensor_batched_2048_cpu_repeat03,2,neural_policy,output_average,social_autograd_grad,0.0008669160306453705
toy2,neural_output_average,tensor_batched,tensor_batched,cpu,2048,5,1,3,0,5,toy2_gpu_core_neural_output_average_tensor_batched_2048_cpu_repeat03,2,neural_policy,output_average,social_adam_update,0.0010239740367978811
toy2,neural_output_average,tensor_batched,tensor_batched,cpu,2048,5,1,3,0,5,toy2_gpu_core_neural_output_average_tensor_batched_2048_cpu_repeat03,2,neural_policy,output_average,social_optimizer_update,0.0027418049285188317
toy2,neural_output_average,tensor_batched,tensor_batched,cpu,2048,5,1,3,0,5,toy2_gpu_core_neural_output_average_tensor_batched_2048_cpu_repeat03,2,neural_policy,output_average,social_loss_update,0.0031620929948985577
toy2,neural_output_average,tensor_batched,tensor_batched,cpu,2048,5,1,3,0,5,toy2_gpu_core_neural_output_average_tensor_batched_2048_cpu_repeat03,2,neural_policy,output_average,social_distillation,0.004210914950817823
toy2,neural_output_average,tensor_batched,tensor_batched,cpu,2048,5,1,3,0,5,toy2_gpu_core_neural_output_average_tensor_batched_2048_cpu_repeat03,2,neural_policy,output_average,social_step,0.0042257929453626275
toy2,neural_output_average,tensor_batched,tensor_batched,cpu,2048,5,1,3,0,5,toy2_gpu_core_neural_output_average_tensor_batched_2048_cpu_repeat03,2,neural_policy,output_average,sample_actions,7.620546966791153e-07
toy2,neural_output_average,tensor_batched,tensor_batched,cpu,2048,5,1,3,0,5,toy2_gpu_core_neural_output_average_tensor_batched_2048_cpu_repeat03,2,neural_policy,output_average,commit_actions,6.111920811235905e-06
toy2,neural_output_average,tensor_batched,tensor_batched,cpu,2048,5,1,3,0,5,toy2_gpu_core_neural_output_average_tensor_batched_2048_cpu_repeat03,2,neural_policy,output_average,post_step_state_policy,5.140691064298153e-05
toy2,neural_output_average,tensor_batched,tensor_batched,cpu,2048,5,1,3,0,5,toy2_gpu_core_neural_output_average_tensor_batched_2048_cpu_repeat03,2,neural_policy,output_average,update_payoff_ema,3.0108029022812843e-05
toy2,neural_output_average,tensor_batched,tensor_batched,cpu,2048,5,1,3,0,5,toy2_gpu_core_neural_output_average_tensor_batched_2048_cpu_repeat03,2,neural_policy,output_average,update_reputation_ema,3.2972078770399094e-05
toy2,neural_output_average,tensor_batched,tensor_batched,cpu,2048,5,1,3,0,5,toy2_gpu_core_neural_output_average_tensor_batched_2048_cpu_repeat03,2,neural_policy,output_average,mobility_swaps,0.0001333929831162095
toy2,neural_output_average,tensor_batched,tensor_batched,cpu,2048,5,1,3,0,5,toy2_gpu_core_neural_output_average_tensor_batched_2048_cpu_repeat03,2,neural_policy,output_average,finalize_hook_step,1.3816985301673412e-05
toy2,neural_output_average,tensor_batched,tensor_batched,cpu,2048,5,1,3,0,5,toy2_gpu_core_neural_output_average_tensor_batched_2048_cpu_repeat03,2,neural_policy,output_average,hooked_step_total,0.011007927940227091
toy2,neural_output_average,tensor_batched,tensor_batched,cpu,2048,5,1,3,0,5,toy2_gpu_core_neural_output_average_tensor_batched_2048_cpu_repeat03,2,neural_policy,output_average,aggregate_row,0.0023587780306115746
toy2,neural_output_average,tensor_batched,tensor_batched,cpu,2048,5,1,3,0,5,toy2_gpu_core_neural_output_average_tensor_batched_2048_cpu_repeat03,2,neural_policy,output_average,write_aggregate,4.465493839234114e-05
toy2,neural_output_average,tensor_batched,tensor_batched,cpu,2048,5,1,3,0,5,toy2_gpu_core_neural_output_average_tensor_batched_2048_cpu_repeat03,3,neural_policy,output_average,sample_revision_mask,1.1582043953239918e-05
toy2,neural_output_average,tensor_batched,tensor_batched,cpu,2048,5,1,3,0,5,toy2_gpu_core_neural_output_average_tensor_batched_2048_cpu_repeat03,3,neural_policy,output_average,build_step_context,7.32403714209795e-06
toy2,neural_output_average,tensor_batched,tensor_batched,cpu,2048,5,1,3,0,5,toy2_gpu_core_neural_output_average_tensor_batched_2048_cpu_repeat03,3,neural_policy,output_average,neural_context_peers,2.7850037440657616e-06
toy2,neural_output_average,tensor_batched,tensor_batched,cpu,2048,5,1,3,0,5,toy2_gpu_core_neural_output_average_tensor_batched_2048_cpu_repeat03,3,neural_policy,output_average,build_observations,0.00025619694497436285
toy2,neural_output_average,tensor_batched,tensor_batched,cpu,2048,5,1,3,0,5,toy2_gpu_core_neural_output_average_tensor_batched_2048_cpu_repeat03,3,neural_policy,output_average,policy_readout,0.0002669470850378275
toy2,neural_output_average,tensor_batched,tensor_batched,cpu,2048,5,1,3,0,5,toy2_gpu_core_neural_output_average_tensor_batched_2048_cpu_repeat03,3,neural_policy,output_average,decision_selection,0.00022688100580126047
toy2,neural_output_average,tensor_batched,tensor_batched,cpu,2048,5,1,3,0,5,toy2_gpu_core_neural_output_average_tensor_batched_2048_cpu_repeat03,3,neural_policy,output_average,local_trainable_parameters,0.0002986169420182705
toy2,neural_output_average,tensor_batched,tensor_batched,cpu,2048,5,1,3,0,5,toy2_gpu_core_neural_output_average_tensor_batched_2048_cpu_repeat03,3,neural_policy,output_average,local_loss_forward,0.0008238339796662331
toy2,neural_output_average,tensor_batched,tensor_batched,cpu,2048,5,1,3,0,5,toy2_gpu_core_neural_output_average_tensor_batched_2048_cpu_repeat03,3,neural_policy,output_average,local_autograd_grad,0.0013808619696646929
toy2,neural_output_average,tensor_batched,tensor_batched,cpu,2048,5,1,3,0,5,toy2_gpu_core_neural_output_average_tensor_batched_2048_cpu_repeat03,3,neural_policy,output_average,local_adam_update,0.002858347026631236
toy2,neural_output_average,tensor_batched,tensor_batched,cpu,2048,5,1,3,0,5,toy2_gpu_core_neural_output_average_tensor_batched_2048_cpu_repeat03,3,neural_policy,output_average,local_optimizer_update,0.004299271968193352
toy2,neural_output_average,tensor_batched,tensor_batched,cpu,2048,5,1,3,0,5,toy2_gpu_core_neural_output_average_tensor_batched_2048_cpu_repeat03,3,neural_policy,output_average,local_loss_update,0.0051397980423644185
toy2,neural_output_average,tensor_batched,tensor_batched,cpu,2048,5,1,3,0,5,toy2_gpu_core_neural_output_average_tensor_batched_2048_cpu_repeat03,3,neural_policy,output_average,local_training,0.005775915924459696
toy2,neural_output_average,tensor_batched,tensor_batched,cpu,2048,5,1,3,0,5,toy2_gpu_core_neural_output_average_tensor_batched_2048_cpu_repeat03,3,neural_policy,output_average,cache_refresh,1.6330741345882416e-06
toy2,neural_output_average,tensor_batched,tensor_batched,cpu,2048,5,1,3,0,5,toy2_gpu_core_neural_output_average_tensor_batched_2048_cpu_repeat03,3,neural_policy,output_average,post_local_readout,0.000335326069034636
toy2,neural_output_average,tensor_batched,tensor_batched,cpu,2048,5,1,3,0,5,toy2_gpu_core_neural_output_average_tensor_batched_2048_cpu_repeat03,3,neural_policy,output_average,local_step,0.007419346016831696
toy2,neural_output_average,tensor_batched,tensor_batched,cpu,2048,5,1,3,0,5,toy2_gpu_core_neural_output_average_tensor_batched_2048_cpu_repeat03,3,neural_policy,output_average,select_peers,3.6669662222266197e-06
toy2,neural_output_average,tensor_batched,tensor_batched,cpu,2048,5,1,3,0,5,toy2_gpu_core_neural_output_average_tensor_batched_2048_cpu_repeat03,3,neural_policy,output_average,social_mix,0.000424204976297915
toy2,neural_output_average,tensor_batched,tensor_batched,cpu,2048,5,1,3,0,5,toy2_gpu_core_neural_output_average_tensor_batched_2048_cpu_repeat03,3,neural_policy,output_average,social_trainable_parameters,0.00014614698011428118
toy2,neural_output_average,tensor_batched,tensor_batched,cpu,2048,5,1,3,0,5,toy2_gpu_core_neural_output_average_tensor_batched_2048_cpu_repeat03,3,neural_policy,output_average,social_loss_forward,0.0005003999685868621
toy2,neural_output_average,tensor_batched,tensor_batched,cpu,2048,5,1,3,0,5,toy2_gpu_core_neural_output_average_tensor_batched_2048_cpu_repeat03,3,neural_policy,output_average,social_autograd_grad,0.0009016309631988406
toy2,neural_output_average,tensor_batched,tensor_batched,cpu,2048,5,1,3,0,5,toy2_gpu_core_neural_output_average_tensor_batched_2048_cpu_repeat03,3,neural_policy,output_average,social_adam_update,0.0010395540157333016
toy2,neural_output_average,tensor_batched,tensor_batched,cpu,2048,5,1,3,0,5,toy2_gpu_core_neural_output_average_tensor_batched_2048_cpu_repeat03,3,neural_policy,output_average,social_optimizer_update,0.00289142900146544
toy2,neural_output_average,tensor_batched,tensor_batched,cpu,2048,5,1,3,0,5,toy2_gpu_core_neural_output_average_tensor_batched_2048_cpu_repeat03,3,neural_policy,output_average,social_loss_update,0.003409654018469155
toy2,neural_output_average,tensor_batched,tensor_batched,cpu,2048,5,1,3,0,5,toy2_gpu_core_neural_output_average_tensor_batched_2048_cpu_repeat03,3,neural_policy,output_average,social_distillation,0.004435490933246911
toy2,neural_output_average,tensor_batched,tensor_batched,cpu,2048,5,1,3,0,5,toy2_gpu_core_neural_output_average_tensor_batched_2048_cpu_repeat03,3,neural_policy,output_average,social_step,0.004453725065104663
toy2,neural_output_average,tensor_batched,tensor_batched,cpu,2048,5,1,3,0,5,toy2_gpu_core_neural_output_average_tensor_batched_2048_cpu_repeat03,3,neural_policy,output_average,sample_actions,7.420312613248825e-07
toy2,neural_output_average,tensor_batched,tensor_batched,cpu,2048,5,1,3,0,5,toy2_gpu_core_neural_output_average_tensor_batched_2048_cpu_repeat03,3,neural_policy,output_average,commit_actions,6.482936441898346e-06
toy2,neural_output_average,tensor_batched,tensor_batched,cpu,2048,5,1,3,0,5,toy2_gpu_core_neural_output_average_tensor_batched_2048_cpu_repeat03,3,neural_policy,output_average,post_step_state_policy,3.4245080314576626e-05
toy2,neural_output_average,tensor_batched,tensor_batched,cpu,2048,5,1,3,0,5,toy2_gpu_core_neural_output_average_tensor_batched_2048_cpu_repeat03,3,neural_policy,output_average,update_payoff_ema,2.3946049623191357e-05
toy2,neural_output_average,tensor_batched,tensor_batched,cpu,2048,5,1,3,0,5,toy2_gpu_core_neural_output_average_tensor_batched_2048_cpu_repeat03,3,neural_policy,output_average,update_reputation_ema,1.695193350315094e-05
toy2,neural_output_average,tensor_batched,tensor_batched,cpu,2048,5,1,3,0,5,toy2_gpu_core_neural_output_average_tensor_batched_2048_cpu_repeat03,3,neural_policy,output_average,mobility_swaps,7.356901187449694e-05
toy2,neural_output_average,tensor_batched,tensor_batched,cpu,2048,5,1,3,0,5,toy2_gpu_core_neural_output_average_tensor_batched_2048_cpu_repeat03,3,neural_policy,output_average,finalize_hook_step,9.767943993210793e-06
toy2,neural_output_average,tensor_batched,tensor_batched,cpu,2048,5,1,3,0,5,toy2_gpu_core_neural_output_average_tensor_batched_2048_cpu_repeat03,3,neural_policy,output_average,hooked_step_total,0.012449825997464359
toy2,neural_output_average,tensor_batched,tensor_batched,cpu,2048,5,1,3,0,5,toy2_gpu_core_neural_output_average_tensor_batched_2048_cpu_repeat03,3,neural_policy,output_average,aggregate_row,0.0020625049946829677
toy2,neural_output_average,tensor_batched,tensor_batched,cpu,2048,5,1,3,0,5,toy2_gpu_core_neural_output_average_tensor_batched_2048_cpu_repeat03,3,neural_policy,output_average,write_aggregate,3.898399882018566e-05
toy2,neural_output_average,tensor_batched,tensor_batched,cpu,2048,5,1,3,0,5,toy2_gpu_core_neural_output_average_tensor_batched_2048_cpu_repeat03,4,neural_policy,output_average,sample_revision_mask,1.3286015018820763e-05
toy2,neural_output_average,tensor_batched,tensor_batched,cpu,2048,5,1,3,0,5,toy2_gpu_core_neural_output_average_tensor_batched_2048_cpu_repeat03,4,neural_policy,output_average,build_step_context,7.604015991091728e-06
toy2,neural_output_average,tensor_batched,tensor_batched,cpu,2048,5,1,3,0,5,toy2_gpu_core_neural_output_average_tensor_batched_2048_cpu_repeat03,4,neural_policy,output_average,neural_context_peers,2.625049091875553e-06
toy2,neural_output_average,tensor_batched,tensor_batched,cpu,2048,5,1,3,0,5,toy2_gpu_core_neural_output_average_tensor_batched_2048_cpu_repeat03,4,neural_policy,output_average,build_observations,0.00022747204639017582
toy2,neural_output_average,tensor_batched,tensor_batched,cpu,2048,5,1,3,0,5,toy2_gpu_core_neural_output_average_tensor_batched_2048_cpu_repeat03,4,neural_policy,output_average,policy_readout,0.00023887399584054947
toy2,neural_output_average,tensor_batched,tensor_batched,cpu,2048,5,1,3,0,5,toy2_gpu_core_neural_output_average_tensor_batched_2048_cpu_repeat03,4,neural_policy,output_average,decision_selection,0.00018927897326648235
toy2,neural_output_average,tensor_batched,tensor_batched,cpu,2048,5,1,3,0,5,toy2_gpu_core_neural_output_average_tensor_batched_2048_cpu_repeat03,4,neural_policy,output_average,local_trainable_parameters,0.00031220295932143927
toy2,neural_output_average,tensor_batched,tensor_batched,cpu,2048,5,1,3,0,5,toy2_gpu_core_neural_output_average_tensor_batched_2048_cpu_repeat03,4,neural_policy,output_average,local_loss_forward,0.0005578190321102738
toy2,neural_output_average,tensor_batched,tensor_batched,cpu,2048,5,1,3,0,5,toy2_gpu_core_neural_output_average_tensor_batched_2048_cpu_repeat03,4,neural_policy,output_average,local_autograd_grad,0.0010424390202388167
toy2,neural_output_average,tensor_batched,tensor_batched,cpu,2048,5,1,3,0,5,toy2_gpu_core_neural_output_average_tensor_batched_2048_cpu_repeat03,4,neural_policy,output_average,local_adam_update,0.002345693064853549
toy2,neural_output_average,tensor_batched,tensor_batched,cpu,2048,5,1,3,0,5,toy2_gpu_core_neural_output_average_tensor_batched_2048_cpu_repeat03,4,neural_policy,output_average,local_optimizer_update,0.003426605020649731
toy2,neural_output_average,tensor_batched,tensor_batched,cpu,2048,5,1,3,0,5,toy2_gpu_core_neural_output_average_tensor_batched_2048_cpu_repeat03,4,neural_policy,output_average,local_loss_update,0.003995775943621993
toy2,neural_output_average,tensor_batched,tensor_batched,cpu,2048,5,1,3,0,5,toy2_gpu_core_neural_output_average_tensor_batched_2048_cpu_repeat03,4,neural_policy,output_average,local_training,0.004566289018839598
toy2,neural_output_average,tensor_batched,tensor_batched,cpu,2048,5,1,3,0,5,toy2_gpu_core_neural_output_average_tensor_batched_2048_cpu_repeat03,4,neural_policy,output_average,cache_refresh,1.734006218612194e-06
toy2,neural_output_average,tensor_batched,tensor_batched,cpu,2048,5,1,3,0,5,toy2_gpu_core_neural_output_average_tensor_batched_2048_cpu_repeat03,4,neural_policy,output_average,post_local_readout,0.0002537620021030307
toy2,neural_output_average,tensor_batched,tensor_batched,cpu,2048,5,1,3,0,5,toy2_gpu_core_neural_output_average_tensor_batched_2048_cpu_repeat03,4,neural_policy,output_average,local_step,0.005971207050606608
toy2,neural_output_average,tensor_batched,tensor_batched,cpu,2048,5,1,3,0,5,toy2_gpu_core_neural_output_average_tensor_batched_2048_cpu_repeat03,4,neural_policy,output_average,select_peers,3.9370497688651085e-06
toy2,neural_output_average,tensor_batched,tensor_batched,cpu,2048,5,1,3,0,5,toy2_gpu_core_neural_output_average_tensor_batched_2048_cpu_repeat03,4,neural_policy,output_average,social_mix,0.00032578897662460804
toy2,neural_output_average,tensor_batched,tensor_batched,cpu,2048,5,1,3,0,5,toy2_gpu_core_neural_output_average_tensor_batched_2048_cpu_repeat03,4,neural_policy,output_average,social_trainable_parameters,0.00015867105685174465
toy2,neural_output_average,tensor_batched,tensor_batched,cpu,2048,5,1,3,0,5,toy2_gpu_core_neural_output_average_tensor_batched_2048_cpu_repeat03,4,neural_policy,output_average,social_loss_forward,0.00029264495242387056
toy2,neural_output_average,tensor_batched,tensor_batched,cpu,2048,5,1,3,0,5,toy2_gpu_core_neural_output_average_tensor_batched_2048_cpu_repeat03,4,neural_policy,output_average,social_autograd_grad,0.0008332220604643226
toy2,neural_output_average,tensor_batched,tensor_batched,cpu,2048,5,1,3,0,5,toy2_gpu_core_neural_output_average_tensor_batched_2048_cpu_repeat03,4,neural_policy,output_average,social_adam_update,0.0020871319575235248
toy2,neural_output_average,tensor_batched,tensor_batched,cpu,2048,5,1,3,0,5,toy2_gpu_core_neural_output_average_tensor_batched_2048_cpu_repeat03,4,neural_policy,output_average,social_optimizer_update,0.0029585770098492503
toy2,neural_output_average,tensor_batched,tensor_batched,cpu,2048,5,1,3,0,5,toy2_gpu_core_neural_output_average_tensor_batched_2048_cpu_repeat03,4,neural_policy,output_average,social_loss_update,0.0032607410103082657
toy2,neural_output_average,tensor_batched,tensor_batched,cpu,2048,5,1,3,0,5,toy2_gpu_core_neural_output_average_tensor_batched_2048_cpu_repeat03,4,neural_policy,output_average,social_distillation,0.004152092966251075
toy2,neural_output_average,tensor_batched,tensor_batched,cpu,2048,5,1,3,0,5,toy2_gpu_core_neural_output_average_tensor_batched_2048_cpu_repeat03,4,neural_policy,output_average,social_step,0.004166070022620261
toy2,neural_output_average,tensor_batched,tensor_batched,cpu,2048,5,1,3,0,5,toy2_gpu_core_neural_output_average_tensor_batched_2048_cpu_repeat03,4,neural_policy,output_average,sample_actions,8.009374141693115e-07
toy2,neural_output_average,tensor_batched,tensor_batched,cpu,2048,5,1,3,0,5,toy2_gpu_core_neural_output_average_tensor_batched_2048_cpu_repeat03,4,neural_policy,output_average,commit_actions,4.047993570566177e-06
toy2,neural_output_average,tensor_batched,tensor_batched,cpu,2048,5,1,3,0,5,toy2_gpu_core_neural_output_average_tensor_batched_2048_cpu_repeat03,4,neural_policy,output_average,post_step_state_policy,2.349505666643381e-05
toy2,neural_output_average,tensor_batched,tensor_batched,cpu,2048,5,1,3,0,5,toy2_gpu_core_neural_output_average_tensor_batched_2048_cpu_repeat03,4,neural_policy,output_average,update_payoff_ema,1.775298733264208e-05
toy2,neural_output_average,tensor_batched,tensor_batched,cpu,2048,5,1,3,0,5,toy2_gpu_core_neural_output_average_tensor_batched_2048_cpu_repeat03,4,neural_policy,output_average,update_reputation_ema,1.9086990505456924e-05
toy2,neural_output_average,tensor_batched,tensor_batched,cpu,2048,5,1,3,0,5,toy2_gpu_core_neural_output_average_tensor_batched_2048_cpu_repeat03,4,neural_policy,output_average,mobility_swaps,7.040402851998806e-05
toy2,neural_output_average,tensor_batched,tensor_batched,cpu,2048,5,1,3,0,5,toy2_gpu_core_neural_output_average_tensor_batched_2048_cpu_repeat03,4,neural_policy,output_average,finalize_hook_step,1.0008923709392548e-05
toy2,neural_output_average,tensor_batched,tensor_batched,cpu,2048,5,1,3,0,5,toy2_gpu_core_neural_output_average_tensor_batched_2048_cpu_repeat03,4,neural_policy,output_average,hooked_step_total,0.010666841990314424
toy2,neural_output_average,tensor_batched,tensor_batched,cpu,2048,5,1,3,0,5,toy2_gpu_core_neural_output_average_tensor_batched_2048_cpu_repeat03,4,neural_policy,output_average,aggregate_row,0.001924282987602055
toy2,neural_output_average,tensor_batched,tensor_batched,cpu,2048,5,1,3,0,5,toy2_gpu_core_neural_output_average_tensor_batched_2048_cpu_repeat03,4,neural_policy,output_average,write_aggregate,4.647905007004738e-05
toy2,neural_output_average,tensor_batched,tensor_batched,cpu,2048,5,1,3,0,5,toy2_gpu_core_neural_output_average_tensor_batched_2048_cpu_repeat03,5,neural_policy,output_average,sample_revision_mask,1.21330376714468e-05
toy2,neural_output_average,tensor_batched,tensor_batched,cpu,2048,5,1,3,0,5,toy2_gpu_core_neural_output_average_tensor_batched_2048_cpu_repeat03,5,neural_policy,output_average,build_step_context,6.8730441853404045e-06
toy2,neural_output_average,tensor_batched,tensor_batched,cpu,2048,5,1,3,0,5,toy2_gpu_core_neural_output_average_tensor_batched_2048_cpu_repeat03,5,neural_policy,output_average,neural_context_peers,2.2050226107239723e-06
toy2,neural_output_average,tensor_batched,tensor_batched,cpu,2048,5,1,3,0,5,toy2_gpu_core_neural_output_average_tensor_batched_2048_cpu_repeat03,5,neural_policy,output_average,build_observations,0.00021153106354176998
toy2,neural_output_average,tensor_batched,tensor_batched,cpu,2048,5,1,3,0,5,toy2_gpu_core_neural_output_average_tensor_batched_2048_cpu_repeat03,5,neural_policy,output_average,policy_readout,0.0003269410226494074
toy2,neural_output_average,tensor_batched,tensor_batched,cpu,2048,5,1,3,0,5,toy2_gpu_core_neural_output_average_tensor_batched_2048_cpu_repeat03,5,neural_policy,output_average,decision_selection,0.00018189498223364353
toy2,neural_output_average,tensor_batched,tensor_batched,cpu,2048,5,1,3,0,5,toy2_gpu_core_neural_output_average_tensor_batched_2048_cpu_repeat03,5,neural_policy,output_average,local_trainable_parameters,0.00010259496048092842
toy2,neural_output_average,tensor_batched,tensor_batched,cpu,2048,5,1,3,0,5,toy2_gpu_core_neural_output_average_tensor_batched_2048_cpu_repeat03,5,neural_policy,output_average,local_loss_forward,0.0004575379425659776
toy2,neural_output_average,tensor_batched,tensor_batched,cpu,2048,5,1,3,0,5,toy2_gpu_core_neural_output_average_tensor_batched_2048_cpu_repeat03,5,neural_policy,output_average,local_autograd_grad,0.0012963609769940376
toy2,neural_output_average,tensor_batched,tensor_batched,cpu,2048,5,1,3,0,5,toy2_gpu_core_neural_output_average_tensor_batched_2048_cpu_repeat03,5,neural_policy,output_average,local_adam_update,0.0012348750606179237
toy2,neural_output_average,tensor_batched,tensor_batched,cpu,2048,5,1,3,0,5,toy2_gpu_core_neural_output_average_tensor_batched_2048_cpu_repeat03,5,neural_policy,output_average,local_optimizer_update,0.0034433380933478475
toy2,neural_output_average,tensor_batched,tensor_batched,cpu,2048,5,1,3,0,5,toy2_gpu_core_neural_output_average_tensor_batched_2048_cpu_repeat03,5,neural_policy,output_average,local_loss_update,0.003914652043022215
toy2,neural_output_average,tensor_batched,tensor_batched,cpu,2048,5,1,3,0,5,toy2_gpu_core_neural_output_average_tensor_batched_2048_cpu_repeat03,5,neural_policy,output_average,local_training,0.004305363981984556
toy2,neural_output_average,tensor_batched,tensor_batched,cpu,2048,5,1,3,0,5,toy2_gpu_core_neural_output_average_tensor_batched_2048_cpu_repeat03,5,neural_policy,output_average,cache_refresh,1.7239945009350777e-06
toy2,neural_output_average,tensor_batched,tensor_batched,cpu,2048,5,1,3,0,5,toy2_gpu_core_neural_output_average_tensor_batched_2048_cpu_repeat03,5,neural_policy,output_average,post_local_readout,0.0002469089813530445
toy2,neural_output_average,tensor_batched,tensor_batched,cpu,2048,5,1,3,0,5,toy2_gpu_core_neural_output_average_tensor_batched_2048_cpu_repeat03,5,neural_policy,output_average,local_step,0.005778520950116217
toy2,neural_output_average,tensor_batched,tensor_batched,cpu,2048,5,1,3,0,5,toy2_gpu_core_neural_output_average_tensor_batched_2048_cpu_repeat03,5,neural_policy,output_average,select_peers,4.28792554885149e-06
toy2,neural_output_average,tensor_batched,tensor_batched,cpu,2048,5,1,3,0,5,toy2_gpu_core_neural_output_average_tensor_batched_2048_cpu_repeat03,5,neural_policy,output_average,social_mix,0.00035876105539500713
toy2,neural_output_average,tensor_batched,tensor_batched,cpu,2048,5,1,3,0,5,toy2_gpu_core_neural_output_average_tensor_batched_2048_cpu_repeat03,5,neural_policy,output_average,social_trainable_parameters,0.0003273109905421734
toy2,neural_output_average,tensor_batched,tensor_batched,cpu,2048,5,1,3,0,5,toy2_gpu_core_neural_output_average_tensor_batched_2048_cpu_repeat03,5,neural_policy,output_average,social_loss_forward,0.0006785989971831441
toy2,neural_output_average,tensor_batched,tensor_batched,cpu,2048,5,1,3,0,5,toy2_gpu_core_neural_output_average_tensor_batched_2048_cpu_repeat03,5,neural_policy,output_average,social_autograd_grad,0.0009631980210542679
toy2,neural_output_average,tensor_batched,tensor_batched,cpu,2048,5,1,3,0,5,toy2_gpu_core_neural_output_average_tensor_batched_2048_cpu_repeat03,5,neural_policy,output_average,social_adam_update,0.002319835009984672
toy2,neural_output_average,tensor_batched,tensor_batched,cpu,2048,5,1,3,0,5,toy2_gpu_core_neural_output_average_tensor_batched_2048_cpu_repeat03,5,neural_policy,output_average,social_optimizer_update,0.003326775971800089
toy2,neural_output_average,tensor_batched,tensor_batched,cpu,2048,5,1,3,0,5,toy2_gpu_core_neural_output_average_tensor_batched_2048_cpu_repeat03,5,neural_policy,output_average,social_loss_update,0.004018219071440399
toy2,neural_output_average,tensor_batched,tensor_batched,cpu,2048,5,1,3,0,5,toy2_gpu_core_neural_output_average_tensor_batched_2048_cpu_repeat03,5,neural_policy,output_average,social_distillation,0.00512415892444551
toy2,neural_output_average,tensor_batched,tensor_batched,cpu,2048,5,1,3,0,5,toy2_gpu_core_neural_output_average_tensor_batched_2048_cpu_repeat03,5,neural_policy,output_average,social_step,0.005138284992426634
toy2,neural_output_average,tensor_batched,tensor_batched,cpu,2048,5,1,3,0,5,toy2_gpu_core_neural_output_average_tensor_batched_2048_cpu_repeat03,5,neural_policy,output_average,sample_actions,8.509960025548935e-07
toy2,neural_output_average,tensor_batched,tensor_batched,cpu,2048,5,1,3,0,5,toy2_gpu_core_neural_output_average_tensor_batched_2048_cpu_repeat03,5,neural_policy,output_average,commit_actions,6.27199187874794e-06
toy2,neural_output_average,tensor_batched,tensor_batched,cpu,2048,5,1,3,0,5,toy2_gpu_core_neural_output_average_tensor_batched_2048_cpu_repeat03,5,neural_policy,output_average,post_step_state_policy,2.618902362883091e-05
toy2,neural_output_average,tensor_batched,tensor_batched,cpu,2048,5,1,3,0,5,toy2_gpu_core_neural_output_average_tensor_batched_2048_cpu_repeat03,5,neural_policy,output_average,update_payoff_ema,2.740207128226757e-05
toy2,neural_output_average,tensor_batched,tensor_batched,cpu,2048,5,1,3,0,5,toy2_gpu_core_neural_output_average_tensor_batched_2048_cpu_repeat03,5,neural_policy,output_average,update_reputation_ema,2.3083994165062904e-05
toy2,neural_output_average,tensor_batched,tensor_batched,cpu,2048,5,1,3,0,5,toy2_gpu_core_neural_output_average_tensor_batched_2048_cpu_repeat03,5,neural_policy,output_average,mobility_swaps,9.785604197531939e-05
toy2,neural_output_average,tensor_batched,tensor_batched,cpu,2048,5,1,3,0,5,toy2_gpu_core_neural_output_average_tensor_batched_2048_cpu_repeat03,5,neural_policy,output_average,finalize_hook_step,1.1170981451869011e-05
toy2,neural_output_average,tensor_batched,tensor_batched,cpu,2048,5,1,3,0,5,toy2_gpu_core_neural_output_average_tensor_batched_2048_cpu_repeat03,5,neural_policy,output_average,hooked_step_total,0.011569535010494292
toy2,neural_output_average,tensor_batched,tensor_batched,cpu,2048,5,1,3,0,5,toy2_gpu_core_neural_output_average_tensor_batched_2048_cpu_repeat03,5,neural_policy,output_average,aggregate_row,0.0017084929859265685
toy2,neural_output_average,tensor_batched,tensor_batched,cpu,2048,5,1,3,0,5,toy2_gpu_core_neural_output_average_tensor_batched_2048_cpu_repeat03,5,neural_policy,output_average,write_aggregate,4.0326034650206566e-05
toy2,neural_output_average,tensor_batched,tensor_batched,cpu,2048,5,1,4,0,5,toy2_gpu_core_neural_output_average_tensor_batched_2048_cpu_repeat04,0,neural_policy,output_average,make_run_dir,0.0006421799771487713
toy2,neural_output_average,tensor_batched,tensor_batched,cpu,2048,5,1,4,0,5,toy2_gpu_core_neural_output_average_tensor_batched_2048_cpu_repeat04,0,neural_policy,output_average,write_metadata,0.0034566730028018355
toy2,neural_output_average,tensor_batched,tensor_batched,cpu,2048,5,1,4,0,5,toy2_gpu_core_neural_output_average_tensor_batched_2048_cpu_repeat04,0,neural_policy,output_average,initial_state,0.42386941402219236
toy2,neural_output_average,tensor_batched,tensor_batched,cpu,2048,5,1,4,0,5,toy2_gpu_core_neural_output_average_tensor_batched_2048_cpu_repeat04,0,neural_policy,output_average,writer_setup,0.0006340439431369305
toy2,neural_output_average,tensor_batched,tensor_batched,cpu,2048,5,1,4,0,5,toy2_gpu_core_neural_output_average_tensor_batched_2048_cpu_repeat04,0,neural_policy,output_average,initial_step_result,0.004690614994615316
toy2,neural_output_average,tensor_batched,tensor_batched,cpu,2048,5,1,4,0,5,toy2_gpu_core_neural_output_average_tensor_batched_2048_cpu_repeat04,0,neural_policy,output_average,initial_aggregate_row,0.003103432012721896
toy2,neural_output_average,tensor_batched,tensor_batched,cpu,2048,5,1,4,0,5,toy2_gpu_core_neural_output_average_tensor_batched_2048_cpu_repeat04,0,neural_policy,output_average,write_initial_aggregate,4.162907134741545e-05
toy2,neural_output_average,tensor_batched,tensor_batched,cpu,2048,5,1,4,0,5,toy2_gpu_core_neural_output_average_tensor_batched_2048_cpu_repeat04,1,neural_policy,output_average,sample_revision_mask,1.5459023416042328e-05
toy2,neural_output_average,tensor_batched,tensor_batched,cpu,2048,5,1,4,0,5,toy2_gpu_core_neural_output_average_tensor_batched_2048_cpu_repeat04,1,neural_policy,output_average,build_step_context,7.8550074249506e-06
toy2,neural_output_average,tensor_batched,tensor_batched,cpu,2048,5,1,4,0,5,toy2_gpu_core_neural_output_average_tensor_batched_2048_cpu_repeat04,1,neural_policy,output_average,neural_context_peers,2.964981831610203e-06
toy2,neural_output_average,tensor_batched,tensor_batched,cpu,2048,5,1,4,0,5,toy2_gpu_core_neural_output_average_tensor_batched_2048_cpu_repeat04,1,neural_policy,output_average,build_observations,0.00025541498325765133
toy2,neural_output_average,tensor_batched,tensor_batched,cpu,2048,5,1,4,0,5,toy2_gpu_core_neural_output_average_tensor_batched_2048_cpu_repeat04,1,neural_policy,output_average,policy_readout,0.00031901593320071697
toy2,neural_output_average,tensor_batched,tensor_batched,cpu,2048,5,1,4,0,5,toy2_gpu_core_neural_output_average_tensor_batched_2048_cpu_repeat04,1,neural_policy,output_average,decision_selection,0.0002634410047903657
toy2,neural_output_average,tensor_batched,tensor_batched,cpu,2048,5,1,4,0,5,toy2_gpu_core_neural_output_average_tensor_batched_2048_cpu_repeat04,1,neural_policy,output_average,local_trainable_parameters,0.0005832470487803221
toy2,neural_output_average,tensor_batched,tensor_batched,cpu,2048,5,1,4,0,5,toy2_gpu_core_neural_output_average_tensor_batched_2048_cpu_repeat04,1,neural_policy,output_average,local_loss_forward,0.0007669159676879644
toy2,neural_output_average,tensor_batched,tensor_batched,cpu,2048,5,1,4,0,5,toy2_gpu_core_neural_output_average_tensor_batched_2048_cpu_repeat04,1,neural_policy,output_average,local_autograd_grad,0.001614305074326694
toy2,neural_output_average,tensor_batched,tensor_batched,cpu,2048,5,1,4,0,5,toy2_gpu_core_neural_output_average_tensor_batched_2048_cpu_repeat04,1,neural_policy,output_average,local_adam_update,0.003389023942872882
toy2,neural_output_average,tensor_batched,tensor_batched,cpu,2048,5,1,4,0,5,toy2_gpu_core_neural_output_average_tensor_batched_2048_cpu_repeat04,1,neural_policy,output_average,local_optimizer_update,0.005070816958323121
toy2,neural_output_average,tensor_batched,tensor_batched,cpu,2048,5,1,4,0,5,toy2_gpu_core_neural_output_average_tensor_batched_2048_cpu_repeat04,1,neural_policy,output_average,local_loss_update,0.0058480530278757215
toy2,neural_output_average,tensor_batched,tensor_batched,cpu,2048,5,1,4,0,5,toy2_gpu_core_neural_output_average_tensor_batched_2048_cpu_repeat04,1,neural_policy,output_average,local_training,0.006788116996176541
toy2,neural_output_average,tensor_batched,tensor_batched,cpu,2048,5,1,4,0,5,toy2_gpu_core_neural_output_average_tensor_batched_2048_cpu_repeat04,1,neural_policy,output_average,cache_refresh,1.7130514606833458e-06
toy2,neural_output_average,tensor_batched,tensor_batched,cpu,2048,5,1,4,0,5,toy2_gpu_core_neural_output_average_tensor_batched_2048_cpu_repeat04,1,neural_policy,output_average,post_local_readout,0.000280653010122478
toy2,neural_output_average,tensor_batched,tensor_batched,cpu,2048,5,1,4,0,5,toy2_gpu_core_neural_output_average_tensor_batched_2048_cpu_repeat04,1,neural_policy,output_average,local_step,0.008493924979120493
toy2,neural_output_average,tensor_batched,tensor_batched,cpu,2048,5,1,4,0,5,toy2_gpu_core_neural_output_average_tensor_batched_2048_cpu_repeat04,1,neural_policy,output_average,select_peers,3.396999090909958e-06
toy2,neural_output_average,tensor_batched,tensor_batched,cpu,2048,5,1,4,0,5,toy2_gpu_core_neural_output_average_tensor_batched_2048_cpu_repeat04,1,neural_policy,output_average,social_mix,0.00035519408993422985
toy2,neural_output_average,tensor_batched,tensor_batched,cpu,2048,5,1,4,0,5,toy2_gpu_core_neural_output_average_tensor_batched_2048_cpu_repeat04,1,neural_policy,output_average,social_trainable_parameters,0.00015840097330510616
toy2,neural_output_average,tensor_batched,tensor_batched,cpu,2048,5,1,4,0,5,toy2_gpu_core_neural_output_average_tensor_batched_2048_cpu_repeat04,1,neural_policy,output_average,social_loss_forward,0.00037337897811084986
toy2,neural_output_average,tensor_batched,tensor_batched,cpu,2048,5,1,4,0,5,toy2_gpu_core_neural_output_average_tensor_batched_2048_cpu_repeat04,1,neural_policy,output_average,social_autograd_grad,0.0009221910731866956
toy2,neural_output_average,tensor_batched,tensor_batched,cpu,2048,5,1,4,0,5,toy2_gpu_core_neural_output_average_tensor_batched_2048_cpu_repeat04,1,neural_policy,output_average,social_adam_update,0.001708874013274908
toy2,neural_output_average,tensor_batched,tensor_batched,cpu,2048,5,1,4,0,5,toy2_gpu_core_neural_output_average_tensor_batched_2048_cpu_repeat04,1,neural_policy,output_average,social_optimizer_update,0.0026674550026655197
toy2,neural_output_average,tensor_batched,tensor_batched,cpu,2048,5,1,4,0,5,toy2_gpu_core_neural_output_average_tensor_batched_2048_cpu_repeat04,1,neural_policy,output_average,social_loss_update,0.0030508519848808646
toy2,neural_output_average,tensor_batched,tensor_batched,cpu,2048,5,1,4,0,5,toy2_gpu_core_neural_output_average_tensor_batched_2048_cpu_repeat04,1,neural_policy,output_average,social_distillation,0.00442474998999387
toy2,neural_output_average,tensor_batched,tensor_batched,cpu,2048,5,1,4,0,5,toy2_gpu_core_neural_output_average_tensor_batched_2048_cpu_repeat04,1,neural_policy,output_average,social_step,0.004446010920219123
toy2,neural_output_average,tensor_batched,tensor_batched,cpu,2048,5,1,4,0,5,toy2_gpu_core_neural_output_average_tensor_batched_2048_cpu_repeat04,1,neural_policy,output_average,sample_actions,1.301988959312439e-06
toy2,neural_output_average,tensor_batched,tensor_batched,cpu,2048,5,1,4,0,5,toy2_gpu_core_neural_output_average_tensor_batched_2048_cpu_repeat04,1,neural_policy,output_average,commit_actions,4.978966899216175e-06
toy2,neural_output_average,tensor_batched,tensor_batched,cpu,2048,5,1,4,0,5,toy2_gpu_core_neural_output_average_tensor_batched_2048_cpu_repeat04,1,neural_policy,output_average,post_step_state_policy,2.238305751234293e-05
toy2,neural_output_average,tensor_batched,tensor_batched,cpu,2048,5,1,4,0,5,toy2_gpu_core_neural_output_average_tensor_batched_2048_cpu_repeat04,1,neural_policy,output_average,update_payoff_ema,1.823494676500559e-05
toy2,neural_output_average,tensor_batched,tensor_batched,cpu,2048,5,1,4,0,5,toy2_gpu_core_neural_output_average_tensor_batched_2048_cpu_repeat04,1,neural_policy,output_average,update_reputation_ema,1.9876984879374504e-05
toy2,neural_output_average,tensor_batched,tensor_batched,cpu,2048,5,1,4,0,5,toy2_gpu_core_neural_output_average_tensor_batched_2048_cpu_repeat04,1,neural_policy,output_average,mobility_swaps,6.493297405540943e-05
toy2,neural_output_average,tensor_batched,tensor_batched,cpu,2048,5,1,4,0,5,toy2_gpu_core_neural_output_average_tensor_batched_2048_cpu_repeat04,1,neural_policy,output_average,finalize_hook_step,9.387964382767677e-06
toy2,neural_output_average,tensor_batched,tensor_batched,cpu,2048,5,1,4,0,5,toy2_gpu_core_neural_output_average_tensor_batched_2048_cpu_repeat04,1,neural_policy,output_average,hooked_step_total,0.013525688904337585
toy2,neural_output_average,tensor_batched,tensor_batched,cpu,2048,5,1,4,0,5,toy2_gpu_core_neural_output_average_tensor_batched_2048_cpu_repeat04,1,neural_policy,output_average,aggregate_row,0.0025580370565876365
toy2,neural_output_average,tensor_batched,tensor_batched,cpu,2048,5,1,4,0,5,toy2_gpu_core_neural_output_average_tensor_batched_2048_cpu_repeat04,1,neural_policy,output_average,write_aggregate,3.615801688283682e-05
toy2,neural_output_average,tensor_batched,tensor_batched,cpu,2048,5,1,4,0,5,toy2_gpu_core_neural_output_average_tensor_batched_2048_cpu_repeat04,2,neural_policy,output_average,sample_revision_mask,1.1691940017044544e-05
toy2,neural_output_average,tensor_batched,tensor_batched,cpu,2048,5,1,4,0,5,toy2_gpu_core_neural_output_average_tensor_batched_2048_cpu_repeat04,2,neural_policy,output_average,build_step_context,6.902962923049927e-06
toy2,neural_output_average,tensor_batched,tensor_batched,cpu,2048,5,1,4,0,5,toy2_gpu_core_neural_output_average_tensor_batched_2048_cpu_repeat04,2,neural_policy,output_average,neural_context_peers,2.5649787858128548e-06
toy2,neural_output_average,tensor_batched,tensor_batched,cpu,2048,5,1,4,0,5,toy2_gpu_core_neural_output_average_tensor_batched_2048_cpu_repeat04,2,neural_policy,output_average,build_observations,0.00021290394943207502
toy2,neural_output_average,tensor_batched,tensor_batched,cpu,2048,5,1,4,0,5,toy2_gpu_core_neural_output_average_tensor_batched_2048_cpu_repeat04,2,neural_policy,output_average,policy_readout,0.00025333999656140804
toy2,neural_output_average,tensor_batched,tensor_batched,cpu,2048,5,1,4,0,5,toy2_gpu_core_neural_output_average_tensor_batched_2048_cpu_repeat04,2,neural_policy,output_average,decision_selection,0.00022728194016963243
toy2,neural_output_average,tensor_batched,tensor_batched,cpu,2048,5,1,4,0,5,toy2_gpu_core_neural_output_average_tensor_batched_2048_cpu_repeat04,2,neural_policy,output_average,local_trainable_parameters,0.00037813803646713495
toy2,neural_output_average,tensor_batched,tensor_batched,cpu,2048,5,1,4,0,5,toy2_gpu_core_neural_output_average_tensor_batched_2048_cpu_repeat04,2,neural_policy,output_average,local_loss_forward,0.0006395339732989669
toy2,neural_output_average,tensor_batched,tensor_batched,cpu,2048,5,1,4,0,5,toy2_gpu_core_neural_output_average_tensor_batched_2048_cpu_repeat04,2,neural_policy,output_average,local_autograd_grad,0.0013101480435580015
toy2,neural_output_average,tensor_batched,tensor_batched,cpu,2048,5,1,4,0,5,toy2_gpu_core_neural_output_average_tensor_batched_2048_cpu_repeat04,2,neural_policy,output_average,local_adam_update,0.0028607919812202454
toy2,neural_output_average,tensor_batched,tensor_batched,cpu,2048,5,1,4,0,5,toy2_gpu_core_neural_output_average_tensor_batched_2048_cpu_repeat04,2,neural_policy,output_average,local_optimizer_update,0.004221814917400479
toy2,neural_output_average,tensor_batched,tensor_batched,cpu,2048,5,1,4,0,5,toy2_gpu_core_neural_output_average_tensor_batched_2048_cpu_repeat04,2,neural_policy,output_average,local_loss_update,0.004872269928455353
toy2,neural_output_average,tensor_batched,tensor_batched,cpu,2048,5,1,4,0,5,toy2_gpu_core_neural_output_average_tensor_batched_2048_cpu_repeat04,2,neural_policy,output_average,local_training,0.005574973998591304
toy2,neural_output_average,tensor_batched,tensor_batched,cpu,2048,5,1,4,0,5,toy2_gpu_core_neural_output_average_tensor_batched_2048_cpu_repeat04,2,neural_policy,output_average,cache_refresh,2.3050233721733093e-06
toy2,neural_output_average,tensor_batched,tensor_batched,cpu,2048,5,1,4,0,5,toy2_gpu_core_neural_output_average_tensor_batched_2048_cpu_repeat04,2,neural_policy,output_average,post_local_readout,0.0002859130036085844
toy2,neural_output_average,tensor_batched,tensor_batched,cpu,2048,5,1,4,0,5,toy2_gpu_core_neural_output_average_tensor_batched_2048_cpu_repeat04,2,neural_policy,output_average,local_step,0.007152108009904623
toy2,neural_output_average,tensor_batched,tensor_batched,cpu,2048,5,1,4,0,5,toy2_gpu_core_neural_output_average_tensor_batched_2048_cpu_repeat04,2,neural_policy,output_average,select_peers,2.4850014597177505e-06
toy2,neural_output_average,tensor_batched,tensor_batched,cpu,2048,5,1,4,0,5,toy2_gpu_core_neural_output_average_tensor_batched_2048_cpu_repeat04,2,neural_policy,output_average,social_mix,0.0003893589600920677
toy2,neural_output_average,tensor_batched,tensor_batched,cpu,2048,5,1,4,0,5,toy2_gpu_core_neural_output_average_tensor_batched_2048_cpu_repeat04,2,neural_policy,output_average,social_trainable_parameters,0.00019766506738960743
toy2,neural_output_average,tensor_batched,tensor_batched,cpu,2048,5,1,4,0,5,toy2_gpu_core_neural_output_average_tensor_batched_2048_cpu_repeat04,2,neural_policy,output_average,social_loss_forward,0.00035139708779752254
toy2,neural_output_average,tensor_batched,tensor_batched,cpu,2048,5,1,4,0,5,toy2_gpu_core_neural_output_average_tensor_batched_2048_cpu_repeat04,2,neural_policy,output_average,social_autograd_grad,0.0007338430732488632
toy2,neural_output_average,tensor_batched,tensor_batched,cpu,2048,5,1,4,0,5,toy2_gpu_core_neural_output_average_tensor_batched_2048_cpu_repeat04,2,neural_policy,output_average,social_adam_update,0.001200219034217298
toy2,neural_output_average,tensor_batched,tensor_batched,cpu,2048,5,1,4,0,5,toy2_gpu_core_neural_output_average_tensor_batched_2048_cpu_repeat04,2,neural_policy,output_average,social_optimizer_update,0.002425794955343008
toy2,neural_output_average,tensor_batched,tensor_batched,cpu,2048,5,1,4,0,5,toy2_gpu_core_neural_output_average_tensor_batched_2048_cpu_repeat04,2,neural_policy,output_average,social_loss_update,0.002788193989545107
toy2,neural_output_average,tensor_batched,tensor_batched,cpu,2048,5,1,4,0,5,toy2_gpu_core_neural_output_average_tensor_batched_2048_cpu_repeat04,2,neural_policy,output_average,social_distillation,0.003780206898227334
toy2,neural_output_average,tensor_batched,tensor_batched,cpu,2048,5,1,4,0,5,toy2_gpu_core_neural_output_average_tensor_batched_2048_cpu_repeat04,2,neural_policy,output_average,social_step,0.0037958669709041715
toy2,neural_output_average,tensor_batched,tensor_batched,cpu,2048,5,1,4,0,5,toy2_gpu_core_neural_output_average_tensor_batched_2048_cpu_repeat04,2,neural_policy,output_average,sample_actions,9.419163689017296e-07
toy2,neural_output_average,tensor_batched,tensor_batched,cpu,2048,5,1,4,0,5,toy2_gpu_core_neural_output_average_tensor_batched_2048_cpu_repeat04,2,neural_policy,output_average,commit_actions,3.6570709198713303e-06
toy2,neural_output_average,tensor_batched,tensor_batched,cpu,2048,5,1,4,0,5,toy2_gpu_core_neural_output_average_tensor_batched_2048_cpu_repeat04,2,neural_policy,output_average,post_step_state_policy,1.864507794380188e-05
toy2,neural_output_average,tensor_batched,tensor_batched,cpu,2048,5,1,4,0,5,toy2_gpu_core_neural_output_average_tensor_batched_2048_cpu_repeat04,2,neural_policy,output_average,update_payoff_ema,2.2502965293824673e-05
toy2,neural_output_average,tensor_batched,tensor_batched,cpu,2048,5,1,4,0,5,toy2_gpu_core_neural_output_average_tensor_batched_2048_cpu_repeat04,2,neural_policy,output_average,update_reputation_ema,1.7222948372364044e-05
toy2,neural_output_average,tensor_batched,tensor_batched,cpu,2048,5,1,4,0,5,toy2_gpu_core_neural_output_average_tensor_batched_2048_cpu_repeat04,2,neural_policy,output_average,mobility_swaps,6.562506314367056e-05
toy2,neural_output_average,tensor_batched,tensor_batched,cpu,2048,5,1,4,0,5,toy2_gpu_core_neural_output_average_tensor_batched_2048_cpu_repeat04,2,neural_policy,output_average,finalize_hook_step,9.237905032932758e-06
toy2,neural_output_average,tensor_batched,tensor_batched,cpu,2048,5,1,4,0,5,toy2_gpu_core_neural_output_average_tensor_batched_2048_cpu_repeat04,2,neural_policy,output_average,hooked_step_total,0.011545790010131896
toy2,neural_output_average,tensor_batched,tensor_batched,cpu,2048,5,1,4,0,5,toy2_gpu_core_neural_output_average_tensor_batched_2048_cpu_repeat04,2,neural_policy,output_average,aggregate_row,0.0021756099304184318
toy2,neural_output_average,tensor_batched,tensor_batched,cpu,2048,5,1,4,0,5,toy2_gpu_core_neural_output_average_tensor_batched_2048_cpu_repeat04,2,neural_policy,output_average,write_aggregate,3.6488985642790794e-05
toy2,neural_output_average,tensor_batched,tensor_batched,cpu,2048,5,1,4,0,5,toy2_gpu_core_neural_output_average_tensor_batched_2048_cpu_repeat04,3,neural_policy,output_average,sample_revision_mask,1.0821036994457245e-05
toy2,neural_output_average,tensor_batched,tensor_batched,cpu,2048,5,1,4,0,5,toy2_gpu_core_neural_output_average_tensor_batched_2048_cpu_repeat04,3,neural_policy,output_average,build_step_context,5.590030923485756e-06
toy2,neural_output_average,tensor_batched,tensor_batched,cpu,2048,5,1,4,0,5,toy2_gpu_core_neural_output_average_tensor_batched_2048_cpu_repeat04,3,neural_policy,output_average,neural_context_peers,2.334010787308216e-06
toy2,neural_output_average,tensor_batched,tensor_batched,cpu,2048,5,1,4,0,5,toy2_gpu_core_neural_output_average_tensor_batched_2048_cpu_repeat04,3,neural_policy,output_average,build_observations,0.00020379701163619757
toy2,neural_output_average,tensor_batched,tensor_batched,cpu,2048,5,1,4,0,5,toy2_gpu_core_neural_output_average_tensor_batched_2048_cpu_repeat04,3,neural_policy,output_average,policy_readout,0.00021495798137038946
toy2,neural_output_average,tensor_batched,tensor_batched,cpu,2048,5,1,4,0,5,toy2_gpu_core_neural_output_average_tensor_batched_2048_cpu_repeat04,3,neural_policy,output_average,decision_selection,0.00017189700156450272
toy2,neural_output_average,tensor_batched,tensor_batched,cpu,2048,5,1,4,0,5,toy2_gpu_core_neural_output_average_tensor_batched_2048_cpu_repeat04,3,neural_policy,output_average,local_trainable_parameters,0.0004910520510748029
toy2,neural_output_average,tensor_batched,tensor_batched,cpu,2048,5,1,4,0,5,toy2_gpu_core_neural_output_average_tensor_batched_2048_cpu_repeat04,3,neural_policy,output_average,local_loss_forward,0.0005101080751046538
toy2,neural_output_average,tensor_batched,tensor_batched,cpu,2048,5,1,4,0,5,toy2_gpu_core_neural_output_average_tensor_batched_2048_cpu_repeat04,3,neural_policy,output_average,local_autograd_grad,0.0010879859328269958
toy2,neural_output_average,tensor_batched,tensor_batched,cpu,2048,5,1,4,0,5,toy2_gpu_core_neural_output_average_tensor_batched_2048_cpu_repeat04,3,neural_policy,output_average,local_adam_update,0.0023328890092670918
toy2,neural_output_average,tensor_batched,tensor_batched,cpu,2048,5,1,4,0,5,toy2_gpu_core_neural_output_average_tensor_batched_2048_cpu_repeat04,3,neural_policy,output_average,local_optimizer_update,0.003458706079982221
toy2,neural_output_average,tensor_batched,tensor_batched,cpu,2048,5,1,4,0,5,toy2_gpu_core_neural_output_average_tensor_batched_2048_cpu_repeat04,3,neural_policy,output_average,local_loss_update,0.0039788230787962675
toy2,neural_output_average,tensor_batched,tensor_batched,cpu,2048,5,1,4,0,5,toy2_gpu_core_neural_output_average_tensor_batched_2048_cpu_repeat04,3,neural_policy,output_average,local_training,0.004712867084890604
toy2,neural_output_average,tensor_batched,tensor_batched,cpu,2048,5,1,4,0,5,toy2_gpu_core_neural_output_average_tensor_batched_2048_cpu_repeat04,3,neural_policy,output_average,cache_refresh,1.4920951798558235e-06
toy2,neural_output_average,tensor_batched,tensor_batched,cpu,2048,5,1,4,0,5,toy2_gpu_core_neural_output_average_tensor_batched_2048_cpu_repeat04,3,neural_policy,output_average,post_local_readout,0.0002473390195518732
toy2,neural_output_average,tensor_batched,tensor_batched,cpu,2048,5,1,4,0,5,toy2_gpu_core_neural_output_average_tensor_batched_2048_cpu_repeat04,3,neural_policy,output_average,local_step,0.006042371038347483
toy2,neural_output_average,tensor_batched,tensor_batched,cpu,2048,5,1,4,0,5,toy2_gpu_core_neural_output_average_tensor_batched_2048_cpu_repeat04,3,neural_policy,output_average,select_peers,2.3440225049853325e-06
toy2,neural_output_average,tensor_batched,tensor_batched,cpu,2048,5,1,4,0,5,toy2_gpu_core_neural_output_average_tensor_batched_2048_cpu_repeat04,3,neural_policy,output_average,social_mix,0.0002885180292651057
toy2,neural_output_average,tensor_batched,tensor_batched,cpu,2048,5,1,4,0,5,toy2_gpu_core_neural_output_average_tensor_batched_2048_cpu_repeat04,3,neural_policy,output_average,social_trainable_parameters,0.00023381400387734175
toy2,neural_output_average,tensor_batched,tensor_batched,cpu,2048,5,1,4,0,5,toy2_gpu_core_neural_output_average_tensor_batched_2048_cpu_repeat04,3,neural_policy,output_average,social_loss_forward,0.00030193396378308535
toy2,neural_output_average,tensor_batched,tensor_batched,cpu,2048,5,1,4,0,5,toy2_gpu_core_neural_output_average_tensor_batched_2048_cpu_repeat04,3,neural_policy,output_average,social_autograd_grad,0.0007540120277553797
toy2,neural_output_average,tensor_batched,tensor_batched,cpu,2048,5,1,4,0,5,toy2_gpu_core_neural_output_average_tensor_batched_2048_cpu_repeat04,3,neural_policy,output_average,social_adam_update,0.001452437019906938
toy2,neural_output_average,tensor_batched,tensor_batched,cpu,2048,5,1,4,0,5,toy2_gpu_core_neural_output_average_tensor_batched_2048_cpu_repeat04,3,neural_policy,output_average,social_optimizer_update,0.0022414849372580647
toy2,neural_output_average,tensor_batched,tensor_batched,cpu,2048,5,1,4,0,5,toy2_gpu_core_neural_output_average_tensor_batched_2048_cpu_repeat04,3,neural_policy,output_average,social_loss_update,0.0025533579755574465
toy2,neural_output_average,tensor_batched,tensor_batched,cpu,2048,5,1,4,0,5,toy2_gpu_core_neural_output_average_tensor_batched_2048_cpu_repeat04,3,neural_policy,output_average,social_distillation,0.0034534569131210446
toy2,neural_output_average,tensor_batched,tensor_batched,cpu,2048,5,1,4,0,5,toy2_gpu_core_neural_output_average_tensor_batched_2048_cpu_repeat04,3,neural_policy,output_average,social_step,0.003464487032033503
toy2,neural_output_average,tensor_batched,tensor_batched,cpu,2048,5,1,4,0,5,toy2_gpu_core_neural_output_average_tensor_batched_2048_cpu_repeat04,3,neural_policy,output_average,sample_actions,7.109483703970909e-07
toy2,neural_output_average,tensor_batched,tensor_batched,cpu,2048,5,1,4,0,5,toy2_gpu_core_neural_output_average_tensor_batched_2048_cpu_repeat04,3,neural_policy,output_average,commit_actions,3.6169076338410378e-06
toy2,neural_output_average,tensor_batched,tensor_batched,cpu,2048,5,1,4,0,5,toy2_gpu_core_neural_output_average_tensor_batched_2048_cpu_repeat04,3,neural_policy,output_average,post_step_state_policy,2.392509486526251e-05
toy2,neural_output_average,tensor_batched,tensor_batched,cpu,2048,5,1,4,0,5,toy2_gpu_core_neural_output_average_tensor_batched_2048_cpu_repeat04,3,neural_policy,output_average,update_payoff_ema,1.7783953808248043e-05
toy2,neural_output_average,tensor_batched,tensor_batched,cpu,2048,5,1,4,0,5,toy2_gpu_core_neural_output_average_tensor_batched_2048_cpu_repeat04,3,neural_policy,output_average,update_reputation_ema,1.6971956938505173e-05
toy2,neural_output_average,tensor_batched,tensor_batched,cpu,2048,5,1,4,0,5,toy2_gpu_core_neural_output_average_tensor_batched_2048_cpu_repeat04,3,neural_policy,output_average,mobility_swaps,5.8962032198905945e-05
toy2,neural_output_average,tensor_batched,tensor_batched,cpu,2048,5,1,4,0,5,toy2_gpu_core_neural_output_average_tensor_batched_2048_cpu_repeat04,3,neural_policy,output_average,finalize_hook_step,8.906936272978783e-06
toy2,neural_output_average,tensor_batched,tensor_batched,cpu,2048,5,1,4,0,5,toy2_gpu_core_neural_output_average_tensor_batched_2048_cpu_repeat04,3,neural_policy,output_average,hooked_step_total,0.00999938405584544
toy2,neural_output_average,tensor_batched,tensor_batched,cpu,2048,5,1,4,0,5,toy2_gpu_core_neural_output_average_tensor_batched_2048_cpu_repeat04,3,neural_policy,output_average,aggregate_row,0.0019504530355334282
toy2,neural_output_average,tensor_batched,tensor_batched,cpu,2048,5,1,4,0,5,toy2_gpu_core_neural_output_average_tensor_batched_2048_cpu_repeat04,3,neural_policy,output_average,write_aggregate,3.279303200542927e-05
toy2,neural_output_average,tensor_batched,tensor_batched,cpu,2048,5,1,4,0,5,toy2_gpu_core_neural_output_average_tensor_batched_2048_cpu_repeat04,4,neural_policy,output_average,sample_revision_mask,1.1121039278805256e-05
toy2,neural_output_average,tensor_batched,tensor_batched,cpu,2048,5,1,4,0,5,toy2_gpu_core_neural_output_average_tensor_batched_2048_cpu_repeat04,4,neural_policy,output_average,build_step_context,5.0390372052788734e-06
toy2,neural_output_average,tensor_batched,tensor_batched,cpu,2048,5,1,4,0,5,toy2_gpu_core_neural_output_average_tensor_batched_2048_cpu_repeat04,4,neural_policy,output_average,neural_context_peers,2.474989742040634e-06
toy2,neural_output_average,tensor_batched,tensor_batched,cpu,2048,5,1,4,0,5,toy2_gpu_core_neural_output_average_tensor_batched_2048_cpu_repeat04,4,neural_policy,output_average,build_observations,0.00019035092554986477
toy2,neural_output_average,tensor_batched,tensor_batched,cpu,2048,5,1,4,0,5,toy2_gpu_core_neural_output_average_tensor_batched_2048_cpu_repeat04,4,neural_policy,output_average,policy_readout,0.00021028902847319841
toy2,neural_output_average,tensor_batched,tensor_batched,cpu,2048,5,1,4,0,5,toy2_gpu_core_neural_output_average_tensor_batched_2048_cpu_repeat04,4,neural_policy,output_average,decision_selection,0.00016976299230009317
toy2,neural_output_average,tensor_batched,tensor_batched,cpu,2048,5,1,4,0,5,toy2_gpu_core_neural_output_average_tensor_batched_2048_cpu_repeat04,4,neural_policy,output_average,local_trainable_parameters,0.00017405999824404716
toy2,neural_output_average,tensor_batched,tensor_batched,cpu,2048,5,1,4,0,5,toy2_gpu_core_neural_output_average_tensor_batched_2048_cpu_repeat04,4,neural_policy,output_average,local_loss_forward,0.00031252310145646334
toy2,neural_output_average,tensor_batched,tensor_batched,cpu,2048,5,1,4,0,5,toy2_gpu_core_neural_output_average_tensor_batched_2048_cpu_repeat04,4,neural_policy,output_average,local_autograd_grad,0.0009493120014667511
toy2,neural_output_average,tensor_batched,tensor_batched,cpu,2048,5,1,4,0,5,toy2_gpu_core_neural_output_average_tensor_batched_2048_cpu_repeat04,4,neural_policy,output_average,local_adam_update,0.0011893879855051637
toy2,neural_output_average,tensor_batched,tensor_batched,cpu,2048,5,1,4,0,5,toy2_gpu_core_neural_output_average_tensor_batched_2048_cpu_repeat04,4,neural_policy,output_average,local_optimizer_update,0.002174497931264341
toy2,neural_output_average,tensor_batched,tensor_batched,cpu,2048,5,1,4,0,5,toy2_gpu_core_neural_output_average_tensor_batched_2048_cpu_repeat04,4,neural_policy,output_average,local_loss_update,0.0024962390307337046
toy2,neural_output_average,tensor_batched,tensor_batched,cpu,2048,5,1,4,0,5,toy2_gpu_core_neural_output_average_tensor_batched_2048_cpu_repeat04,4,neural_policy,output_average,local_training,0.002904905006289482
toy2,neural_output_average,tensor_batched,tensor_batched,cpu,2048,5,1,4,0,5,toy2_gpu_core_neural_output_average_tensor_batched_2048_cpu_repeat04,4,neural_policy,output_average,cache_refresh,1.3819662854075432e-06
toy2,neural_output_average,tensor_batched,tensor_batched,cpu,2048,5,1,4,0,5,toy2_gpu_core_neural_output_average_tensor_batched_2048_cpu_repeat04,4,neural_policy,output_average,post_local_readout,0.000218475004658103
toy2,neural_output_average,tensor_batched,tensor_batched,cpu,2048,5,1,4,0,5,toy2_gpu_core_neural_output_average_tensor_batched_2048_cpu_repeat04,4,neural_policy,output_average,local_step,0.004182019969448447
toy2,neural_output_average,tensor_batched,tensor_batched,cpu,2048,5,1,4,0,5,toy2_gpu_core_neural_output_average_tensor_batched_2048_cpu_repeat04,4,neural_policy,output_average,select_peers,2.39501241594553e-06
toy2,neural_output_average,tensor_batched,tensor_batched,cpu,2048,5,1,4,0,5,toy2_gpu_core_neural_output_average_tensor_batched_2048_cpu_repeat04,4,neural_policy,output_average,social_mix,0.0002819950459524989
toy2,neural_output_average,tensor_batched,tensor_batched,cpu,2048,5,1,4,0,5,toy2_gpu_core_neural_output_average_tensor_batched_2048_cpu_repeat04,4,neural_policy,output_average,social_trainable_parameters,0.00021823495626449585
toy2,neural_output_average,tensor_batched,tensor_batched,cpu,2048,5,1,4,0,5,toy2_gpu_core_neural_output_average_tensor_batched_2048_cpu_repeat04,4,neural_policy,output_average,social_loss_forward,0.00029415800236165524
toy2,neural_output_average,tensor_batched,tensor_batched,cpu,2048,5,1,4,0,5,toy2_gpu_core_neural_output_average_tensor_batched_2048_cpu_repeat04,4,neural_policy,output_average,social_autograd_grad,0.0007423189235851169
toy2,neural_output_average,tensor_batched,tensor_batched,cpu,2048,5,1,4,0,5,toy2_gpu_core_neural_output_average_tensor_batched_2048_cpu_repeat04,4,neural_policy,output_average,social_adam_update,0.0013141250237822533
toy2,neural_output_average,tensor_batched,tensor_batched,cpu,2048,5,1,4,0,5,toy2_gpu_core_neural_output_average_tensor_batched_2048_cpu_repeat04,4,neural_policy,output_average,social_optimizer_update,0.002089997986331582
toy2,neural_output_average,tensor_batched,tensor_batched,cpu,2048,5,1,4,0,5,toy2_gpu_core_neural_output_average_tensor_batched_2048_cpu_repeat04,4,neural_policy,output_average,social_loss_update,0.0023931829491630197
toy2,neural_output_average,tensor_batched,tensor_batched,cpu,2048,5,1,4,0,5,toy2_gpu_core_neural_output_average_tensor_batched_2048_cpu_repeat04,4,neural_policy,output_average,social_distillation,0.0032820310443639755
toy2,neural_output_average,tensor_batched,tensor_batched,cpu,2048,5,1,4,0,5,toy2_gpu_core_neural_output_average_tensor_batched_2048_cpu_repeat04,4,neural_policy,output_average,social_step,0.0032926819985732436
toy2,neural_output_average,tensor_batched,tensor_batched,cpu,2048,5,1,4,0,5,toy2_gpu_core_neural_output_average_tensor_batched_2048_cpu_repeat04,4,neural_policy,output_average,sample_actions,7.220078259706497e-07
toy2,neural_output_average,tensor_batched,tensor_batched,cpu,2048,5,1,4,0,5,toy2_gpu_core_neural_output_average_tensor_batched_2048_cpu_repeat04,4,neural_policy,output_average,commit_actions,2.9959483072161674e-06
toy2,neural_output_average,tensor_batched,tensor_batched,cpu,2048,5,1,4,0,5,toy2_gpu_core_neural_output_average_tensor_batched_2048_cpu_repeat04,4,neural_policy,output_average,post_step_state_policy,1.7493031919002533e-05
toy2,neural_output_average,tensor_batched,tensor_batched,cpu,2048,5,1,4,0,5,toy2_gpu_core_neural_output_average_tensor_batched_2048_cpu_repeat04,4,neural_policy,output_average,update_payoff_ema,3.586895763874054e-05
toy2,neural_output_average,tensor_batched,tensor_batched,cpu,2048,5,1,4,0,5,toy2_gpu_core_neural_output_average_tensor_batched_2048_cpu_repeat04,4,neural_policy,output_average,update_reputation_ema,1.9046012312173843e-05
toy2,neural_output_average,tensor_batched,tensor_batched,cpu,2048,5,1,4,0,5,toy2_gpu_core_neural_output_average_tensor_batched_2048_cpu_repeat04,4,neural_policy,output_average,mobility_swaps,6.816897075623274e-05
toy2,neural_output_average,tensor_batched,tensor_batched,cpu,2048,5,1,4,0,5,toy2_gpu_core_neural_output_average_tensor_batched_2048_cpu_repeat04,4,neural_policy,output_average,finalize_hook_step,9.367009624838829e-06
toy2,neural_output_average,tensor_batched,tensor_batched,cpu,2048,5,1,4,0,5,toy2_gpu_core_neural_output_average_tensor_batched_2048_cpu_repeat04,4,neural_policy,output_average,hooked_step_total,0.00798476894851774
toy2,neural_output_average,tensor_batched,tensor_batched,cpu,2048,5,1,4,0,5,toy2_gpu_core_neural_output_average_tensor_batched_2048_cpu_repeat04,4,neural_policy,output_average,aggregate_row,0.0018333509797230363
toy2,neural_output_average,tensor_batched,tensor_batched,cpu,2048,5,1,4,0,5,toy2_gpu_core_neural_output_average_tensor_batched_2048_cpu_repeat04,4,neural_policy,output_average,write_aggregate,3.125902730971575e-05
toy2,neural_output_average,tensor_batched,tensor_batched,cpu,2048,5,1,4,0,5,toy2_gpu_core_neural_output_average_tensor_batched_2048_cpu_repeat04,5,neural_policy,output_average,sample_revision_mask,1.0711024515330791e-05
toy2,neural_output_average,tensor_batched,tensor_batched,cpu,2048,5,1,4,0,5,toy2_gpu_core_neural_output_average_tensor_batched_2048_cpu_repeat04,5,neural_policy,output_average,build_step_context,4.2280880734324455e-06
toy2,neural_output_average,tensor_batched,tensor_batched,cpu,2048,5,1,4,0,5,toy2_gpu_core_neural_output_average_tensor_batched_2048_cpu_repeat04,5,neural_policy,output_average,neural_context_peers,2.6649795472621918e-06
toy2,neural_output_average,tensor_batched,tensor_batched,cpu,2048,5,1,4,0,5,toy2_gpu_core_neural_output_average_tensor_batched_2048_cpu_repeat04,5,neural_policy,output_average,build_observations,0.00019622198306024075
toy2,neural_output_average,tensor_batched,tensor_batched,cpu,2048,5,1,4,0,5,toy2_gpu_core_neural_output_average_tensor_batched_2048_cpu_repeat04,5,neural_policy,output_average,policy_readout,0.00022153998725116253
toy2,neural_output_average,tensor_batched,tensor_batched,cpu,2048,5,1,4,0,5,toy2_gpu_core_neural_output_average_tensor_batched_2048_cpu_repeat04,5,neural_policy,output_average,decision_selection,0.00016153603792190552
toy2,neural_output_average,tensor_batched,tensor_batched,cpu,2048,5,1,4,0,5,toy2_gpu_core_neural_output_average_tensor_batched_2048_cpu_repeat04,5,neural_policy,output_average,local_trainable_parameters,0.0002085960004478693
toy2,neural_output_average,tensor_batched,tensor_batched,cpu,2048,5,1,4,0,5,toy2_gpu_core_neural_output_average_tensor_batched_2048_cpu_repeat04,5,neural_policy,output_average,local_loss_forward,0.00047133397310972214
toy2,neural_output_average,tensor_batched,tensor_batched,cpu,2048,5,1,4,0,5,toy2_gpu_core_neural_output_average_tensor_batched_2048_cpu_repeat04,5,neural_policy,output_average,local_autograd_grad,0.0009302760008722544
toy2,neural_output_average,tensor_batched,tensor_batched,cpu,2048,5,1,4,0,5,toy2_gpu_core_neural_output_average_tensor_batched_2048_cpu_repeat04,5,neural_policy,output_average,local_adam_update,0.0013097260380163789
toy2,neural_output_average,tensor_batched,tensor_batched,cpu,2048,5,1,4,0,5,toy2_gpu_core_neural_output_average_tensor_batched_2048_cpu_repeat04,5,neural_policy,output_average,local_optimizer_update,0.0028252440970391035
toy2,neural_output_average,tensor_batched,tensor_batched,cpu,2048,5,1,4,0,5,toy2_gpu_core_neural_output_average_tensor_batched_2048_cpu_repeat04,5,neural_policy,output_average,local_loss_update,0.0033075689570978284
toy2,neural_output_average,tensor_batched,tensor_batched,cpu,2048,5,1,4,0,5,toy2_gpu_core_neural_output_average_tensor_batched_2048_cpu_repeat04,5,neural_policy,output_average,local_training,0.003754889010451734
toy2,neural_output_average,tensor_batched,tensor_batched,cpu,2048,5,1,4,0,5,toy2_gpu_core_neural_output_average_tensor_batched_2048_cpu_repeat04,5,neural_policy,output_average,cache_refresh,1.6730045899748802e-06
toy2,neural_output_average,tensor_batched,tensor_batched,cpu,2048,5,1,4,0,5,toy2_gpu_core_neural_output_average_tensor_batched_2048_cpu_repeat04,5,neural_policy,output_average,post_local_readout,0.00025482301134616137
toy2,neural_output_average,tensor_batched,tensor_batched,cpu,2048,5,1,4,0,5,toy2_gpu_core_neural_output_average_tensor_batched_2048_cpu_repeat04,5,neural_policy,output_average,local_step,0.00509645591955632
toy2,neural_output_average,tensor_batched,tensor_batched,cpu,2048,5,1,4,0,5,toy2_gpu_core_neural_output_average_tensor_batched_2048_cpu_repeat04,5,neural_policy,output_average,select_peers,2.1740561351180077e-06
toy2,neural_output_average,tensor_batched,tensor_batched,cpu,2048,5,1,4,0,5,toy2_gpu_core_neural_output_average_tensor_batched_2048_cpu_repeat04,5,neural_policy,output_average,social_mix,0.0003179541090503335
toy2,neural_output_average,tensor_batched,tensor_batched,cpu,2048,5,1,4,0,5,toy2_gpu_core_neural_output_average_tensor_batched_2048_cpu_repeat04,5,neural_policy,output_average,social_trainable_parameters,0.0006155989831313491
toy2,neural_output_average,tensor_batched,tensor_batched,cpu,2048,5,1,4,0,5,toy2_gpu_core_neural_output_average_tensor_batched_2048_cpu_repeat04,5,neural_policy,output_average,social_loss_forward,0.000361587037332356
toy2,neural_output_average,tensor_batched,tensor_batched,cpu,2048,5,1,4,0,5,toy2_gpu_core_neural_output_average_tensor_batched_2048_cpu_repeat04,5,neural_policy,output_average,social_autograd_grad,0.0010233829962089658
toy2,neural_output_average,tensor_batched,tensor_batched,cpu,2048,5,1,4,0,5,toy2_gpu_core_neural_output_average_tensor_batched_2048_cpu_repeat04,5,neural_policy,output_average,social_adam_update,0.0029506919672712684
toy2,neural_output_average,tensor_batched,tensor_batched,cpu,2048,5,1,4,0,5,toy2_gpu_core_neural_output_average_tensor_batched_2048_cpu_repeat04,5,neural_policy,output_average,social_optimizer_update,0.0040145720122382045
toy2,neural_output_average,tensor_batched,tensor_batched,cpu,2048,5,1,4,0,5,toy2_gpu_core_neural_output_average_tensor_batched_2048_cpu_repeat04,5,neural_policy,output_average,social_loss_update,0.004385826992802322
toy2,neural_output_average,tensor_batched,tensor_batched,cpu,2048,5,1,4,0,5,toy2_gpu_core_neural_output_average_tensor_batched_2048_cpu_repeat04,5,neural_policy,output_average,social_distillation,0.005798037978820503
toy2,neural_output_average,tensor_batched,tensor_batched,cpu,2048,5,1,4,0,5,toy2_gpu_core_neural_output_average_tensor_batched_2048_cpu_repeat04,5,neural_policy,output_average,social_step,0.005812925985082984
toy2,neural_output_average,tensor_batched,tensor_batched,cpu,2048,5,1,4,0,5,toy2_gpu_core_neural_output_average_tensor_batched_2048_cpu_repeat04,5,neural_policy,output_average,sample_actions,7.309718057513237e-07
toy2,neural_output_average,tensor_batched,tensor_batched,cpu,2048,5,1,4,0,5,toy2_gpu_core_neural_output_average_tensor_batched_2048_cpu_repeat04,5,neural_policy,output_average,commit_actions,3.9869919419288635e-06
toy2,neural_output_average,tensor_batched,tensor_batched,cpu,2048,5,1,4,0,5,toy2_gpu_core_neural_output_average_tensor_batched_2048_cpu_repeat04,5,neural_policy,output_average,post_step_state_policy,2.6139896363019943e-05
toy2,neural_output_average,tensor_batched,tensor_batched,cpu,2048,5,1,4,0,5,toy2_gpu_core_neural_output_average_tensor_batched_2048_cpu_repeat04,5,neural_policy,output_average,update_payoff_ema,2.8003007173538208e-05
toy2,neural_output_average,tensor_batched,tensor_batched,cpu,2048,5,1,4,0,5,toy2_gpu_core_neural_output_average_tensor_batched_2048_cpu_repeat04,5,neural_policy,output_average,update_reputation_ema,2.0137988030910492e-05
toy2,neural_output_average,tensor_batched,tensor_batched,cpu,2048,5,1,4,0,5,toy2_gpu_core_neural_output_average_tensor_batched_2048_cpu_repeat04,5,neural_policy,output_average,mobility_swaps,7.516297046095133e-05
toy2,neural_output_average,tensor_batched,tensor_batched,cpu,2048,5,1,4,0,5,toy2_gpu_core_neural_output_average_tensor_batched_2048_cpu_repeat04,5,neural_policy,output_average,finalize_hook_step,9.077019058167934e-06
toy2,neural_output_average,tensor_batched,tensor_batched,cpu,2048,5,1,4,0,5,toy2_gpu_core_neural_output_average_tensor_batched_2048_cpu_repeat04,5,neural_policy,output_average,hooked_step_total,0.011514780926518142
toy2,neural_output_average,tensor_batched,tensor_batched,cpu,2048,5,1,4,0,5,toy2_gpu_core_neural_output_average_tensor_batched_2048_cpu_repeat04,5,neural_policy,output_average,aggregate_row,0.0016402739565819502
toy2,neural_output_average,tensor_batched,tensor_batched,cpu,2048,5,1,4,0,5,toy2_gpu_core_neural_output_average_tensor_batched_2048_cpu_repeat04,5,neural_policy,output_average,write_aggregate,3.2581971026957035e-05
toy2,neural_output_average,tensor_batched,tensor_batched,cuda,2048,5,1,0,0,5,toy2_gpu_core_neural_output_average_tensor_batched_2048_cuda_repeat00,0,neural_policy,output_average,make_run_dir,0.0009255979675799608
toy2,neural_output_average,tensor_batched,tensor_batched,cuda,2048,5,1,0,0,5,toy2_gpu_core_neural_output_average_tensor_batched_2048_cuda_repeat00,0,neural_policy,output_average,write_metadata,0.005391245009377599
toy2,neural_output_average,tensor_batched,tensor_batched,cuda,2048,5,1,0,0,5,toy2_gpu_core_neural_output_average_tensor_batched_2048_cuda_repeat00,0,neural_policy,output_average,initial_state,0.4375713460613042
toy2,neural_output_average,tensor_batched,tensor_batched,cuda,2048,5,1,0,0,5,toy2_gpu_core_neural_output_average_tensor_batched_2048_cuda_repeat00,0,neural_policy,output_average,writer_setup,0.0009075129637494683
toy2,neural_output_average,tensor_batched,tensor_batched,cuda,2048,5,1,0,0,5,toy2_gpu_core_neural_output_average_tensor_batched_2048_cuda_repeat00,0,neural_policy,output_average,initial_step_result,0.007446467061527073
toy2,neural_output_average,tensor_batched,tensor_batched,cuda,2048,5,1,0,0,5,toy2_gpu_core_neural_output_average_tensor_batched_2048_cuda_repeat00,0,neural_policy,output_average,initial_aggregate_row,0.0042022280395030975
toy2,neural_output_average,tensor_batched,tensor_batched,cuda,2048,5,1,0,0,5,toy2_gpu_core_neural_output_average_tensor_batched_2048_cuda_repeat00,0,neural_policy,output_average,write_initial_aggregate,5.0897011533379555e-05
toy2,neural_output_average,tensor_batched,tensor_batched,cuda,2048,5,1,0,0,5,toy2_gpu_core_neural_output_average_tensor_batched_2048_cuda_repeat00,1,neural_policy,output_average,sample_revision_mask,3.3643911592662334e-05
toy2,neural_output_average,tensor_batched,tensor_batched,cuda,2048,5,1,0,0,5,toy2_gpu_core_neural_output_average_tensor_batched_2048_cuda_repeat00,1,neural_policy,output_average,build_step_context,2.143008168786764e-05
toy2,neural_output_average,tensor_batched,tensor_batched,cuda,2048,5,1,0,0,5,toy2_gpu_core_neural_output_average_tensor_batched_2048_cuda_repeat00,1,neural_policy,output_average,neural_context_peers,9.948969818651676e-06
toy2,neural_output_average,tensor_batched,tensor_batched,cuda,2048,5,1,0,0,5,toy2_gpu_core_neural_output_average_tensor_batched_2048_cuda_repeat00,1,neural_policy,output_average,build_observations,0.0002546330215409398
toy2,neural_output_average,tensor_batched,tensor_batched,cuda,2048,5,1,0,0,5,toy2_gpu_core_neural_output_average_tensor_batched_2048_cuda_repeat00,1,neural_policy,output_average,policy_readout,0.00030404701828956604
toy2,neural_output_average,tensor_batched,tensor_batched,cuda,2048,5,1,0,0,5,toy2_gpu_core_neural_output_average_tensor_batched_2048_cuda_repeat00,1,neural_policy,output_average,decision_selection,0.00041969690937548876
toy2,neural_output_average,tensor_batched,tensor_batched,cuda,2048,5,1,0,0,5,toy2_gpu_core_neural_output_average_tensor_batched_2048_cuda_repeat00,1,neural_policy,output_average,local_trainable_parameters,7.890001870691776e-05
toy2,neural_output_average,tensor_batched,tensor_batched,cuda,2048,5,1,0,0,5,toy2_gpu_core_neural_output_average_tensor_batched_2048_cuda_repeat00,1,neural_policy,output_average,local_loss_forward,0.0005385520635172725
toy2,neural_output_average,tensor_batched,tensor_batched,cuda,2048,5,1,0,0,5,toy2_gpu_core_neural_output_average_tensor_batched_2048_cuda_repeat00,1,neural_policy,output_average,local_autograd_grad,0.001552267000079155
toy2,neural_output_average,tensor_batched,tensor_batched,cuda,2048,5,1,0,0,5,toy2_gpu_core_neural_output_average_tensor_batched_2048_cuda_repeat00,1,neural_policy,output_average,local_adam_update,0.0010119419312104583
toy2,neural_output_average,tensor_batched,tensor_batched,cuda,2048,5,1,0,0,5,toy2_gpu_core_neural_output_average_tensor_batched_2048_cuda_repeat00,1,neural_policy,output_average,local_optimizer_update,0.0026818420737981796
toy2,neural_output_average,tensor_batched,tensor_batched,cuda,2048,5,1,0,0,5,toy2_gpu_core_neural_output_average_tensor_batched_2048_cuda_repeat00,1,neural_policy,output_average,local_loss_update,0.0032513129990547895
toy2,neural_output_average,tensor_batched,tensor_batched,cuda,2048,5,1,0,0,5,toy2_gpu_core_neural_output_average_tensor_batched_2048_cuda_repeat00,1,neural_policy,output_average,local_training,0.0037565719103440642
toy2,neural_output_average,tensor_batched,tensor_batched,cuda,2048,5,1,0,0,5,toy2_gpu_core_neural_output_average_tensor_batched_2048_cuda_repeat00,1,neural_policy,output_average,cache_refresh,9.12696123123169e-06
toy2,neural_output_average,tensor_batched,tensor_batched,cuda,2048,5,1,0,0,5,toy2_gpu_core_neural_output_average_tensor_batched_2048_cuda_repeat00,1,neural_policy,output_average,post_local_readout,0.00018504098989069462
toy2,neural_output_average,tensor_batched,tensor_batched,cuda,2048,5,1,0,0,5,toy2_gpu_core_neural_output_average_tensor_batched_2048_cuda_repeat00,1,neural_policy,output_average,local_step,0.005804940941743553
toy2,neural_output_average,tensor_batched,tensor_batched,cuda,2048,5,1,0,0,5,toy2_gpu_core_neural_output_average_tensor_batched_2048_cuda_repeat00,1,neural_policy,output_average,select_peers,9.538023732602596e-06
toy2,neural_output_average,tensor_batched,tensor_batched,cuda,2048,5,1,0,0,5,toy2_gpu_core_neural_output_average_tensor_batched_2048_cuda_repeat00,1,neural_policy,output_average,social_mix,0.0005013509653508663
toy2,neural_output_average,tensor_batched,tensor_batched,cuda,2048,5,1,0,0,5,toy2_gpu_core_neural_output_average_tensor_batched_2048_cuda_repeat00,1,neural_policy,output_average,social_trainable_parameters,5.3611001931130886e-05
toy2,neural_output_average,tensor_batched,tensor_batched,cuda,2048,5,1,0,0,5,toy2_gpu_core_neural_output_average_tensor_batched_2048_cuda_repeat00,1,neural_policy,output_average,social_loss_forward,0.00023712997790426016
toy2,neural_output_average,tensor_batched,tensor_batched,cuda,2048,5,1,0,0,5,toy2_gpu_core_neural_output_average_tensor_batched_2048_cuda_repeat00,1,neural_policy,output_average,social_autograd_grad,0.0004590019816532731
toy2,neural_output_average,tensor_batched,tensor_batched,cuda,2048,5,1,0,0,5,toy2_gpu_core_neural_output_average_tensor_batched_2048_cuda_repeat00,1,neural_policy,output_average,social_adam_update,0.0005114610539749265
toy2,neural_output_average,tensor_batched,tensor_batched,cuda,2048,5,1,0,0,5,toy2_gpu_core_neural_output_average_tensor_batched_2048_cuda_repeat00,1,neural_policy,output_average,social_optimizer_update,0.001041898038238287
toy2,neural_output_average,tensor_batched,tensor_batched,cuda,2048,5,1,0,0,5,toy2_gpu_core_neural_output_average_tensor_batched_2048_cuda_repeat00,1,neural_policy,output_average,social_loss_update,0.0013075930764898658
toy2,neural_output_average,tensor_batched,tensor_batched,cuda,2048,5,1,0,0,5,toy2_gpu_core_neural_output_average_tensor_batched_2048_cuda_repeat00,1,neural_policy,output_average,social_distillation,0.002281041000969708
toy2,neural_output_average,tensor_batched,tensor_batched,cuda,2048,5,1,0,0,5,toy2_gpu_core_neural_output_average_tensor_batched_2048_cuda_repeat00,1,neural_policy,output_average,social_step,0.0023094339994713664
toy2,neural_output_average,tensor_batched,tensor_batched,cuda,2048,5,1,0,0,5,toy2_gpu_core_neural_output_average_tensor_batched_2048_cuda_repeat00,1,neural_policy,output_average,sample_actions,6.561982445418835e-06
toy2,neural_output_average,tensor_batched,tensor_batched,cuda,2048,5,1,0,0,5,toy2_gpu_core_neural_output_average_tensor_batched_2048_cuda_repeat00,1,neural_policy,output_average,commit_actions,1.2443982996046543e-05
toy2,neural_output_average,tensor_batched,tensor_batched,cuda,2048,5,1,0,0,5,toy2_gpu_core_neural_output_average_tensor_batched_2048_cuda_repeat00,1,neural_policy,output_average,post_step_state_policy,4.519603680819273e-05
toy2,neural_output_average,tensor_batched,tensor_batched,cuda,2048,5,1,0,0,5,toy2_gpu_core_neural_output_average_tensor_batched_2048_cuda_repeat00,1,neural_policy,output_average,update_payoff_ema,5.443301051855087e-05
toy2,neural_output_average,tensor_batched,tensor_batched,cuda,2048,5,1,0,0,5,toy2_gpu_core_neural_output_average_tensor_batched_2048_cuda_repeat00,1,neural_policy,output_average,update_reputation_ema,4.646799061447382e-05
toy2,neural_output_average,tensor_batched,tensor_batched,cuda,2048,5,1,0,0,5,toy2_gpu_core_neural_output_average_tensor_batched_2048_cuda_repeat00,1,neural_policy,output_average,mobility_swaps,0.0005056200316175818
toy2,neural_output_average,tensor_batched,tensor_batched,cuda,2048,5,1,0,0,5,toy2_gpu_core_neural_output_average_tensor_batched_2048_cuda_repeat00,1,neural_policy,output_average,finalize_hook_step,2.0739971660077572e-05
toy2,neural_output_average,tensor_batched,tensor_batched,cuda,2048,5,1,0,0,5,toy2_gpu_core_neural_output_average_tensor_batched_2048_cuda_repeat00,1,neural_policy,output_average,hooked_step_total,0.009681610972620547
toy2,neural_output_average,tensor_batched,tensor_batched,cuda,2048,5,1,0,0,5,toy2_gpu_core_neural_output_average_tensor_batched_2048_cuda_repeat00,1,neural_policy,output_average,aggregate_row,0.002644840977154672
toy2,neural_output_average,tensor_batched,tensor_batched,cuda,2048,5,1,0,0,5,toy2_gpu_core_neural_output_average_tensor_batched_2048_cuda_repeat00,1,neural_policy,output_average,write_aggregate,4.612794145941734e-05
toy2,neural_output_average,tensor_batched,tensor_batched,cuda,2048,5,1,0,0,5,toy2_gpu_core_neural_output_average_tensor_batched_2048_cuda_repeat00,2,neural_policy,output_average,sample_revision_mask,3.141001798212528e-05
toy2,neural_output_average,tensor_batched,tensor_batched,cuda,2048,5,1,0,0,5,toy2_gpu_core_neural_output_average_tensor_batched_2048_cuda_repeat00,2,neural_policy,output_average,build_step_context,1.4788005501031876e-05
toy2,neural_output_average,tensor_batched,tensor_batched,cuda,2048,5,1,0,0,5,toy2_gpu_core_neural_output_average_tensor_batched_2048_cuda_repeat00,2,neural_policy,output_average,neural_context_peers,7.2640832513570786e-06
toy2,neural_output_average,tensor_batched,tensor_batched,cuda,2048,5,1,0,0,5,toy2_gpu_core_neural_output_average_tensor_batched_2048_cuda_repeat00,2,neural_policy,output_average,build_observations,0.0001972439931705594
toy2,neural_output_average,tensor_batched,tensor_batched,cuda,2048,5,1,0,0,5,toy2_gpu_core_neural_output_average_tensor_batched_2048_cuda_repeat00,2,neural_policy,output_average,policy_readout,0.0001733090030029416
toy2,neural_output_average,tensor_batched,tensor_batched,cuda,2048,5,1,0,0,5,toy2_gpu_core_neural_output_average_tensor_batched_2048_cuda_repeat00,2,neural_policy,output_average,decision_selection,0.00021054001990705729
toy2,neural_output_average,tensor_batched,tensor_batched,cuda,2048,5,1,0,0,5,toy2_gpu_core_neural_output_average_tensor_batched_2048_cuda_repeat00,2,neural_policy,output_average,local_trainable_parameters,5.568598862737417e-05
toy2,neural_output_average,tensor_batched,tensor_batched,cuda,2048,5,1,0,0,5,toy2_gpu_core_neural_output_average_tensor_batched_2048_cuda_repeat00,2,neural_policy,output_average,local_loss_forward,0.0002889889292418957
toy2,neural_output_average,tensor_batched,tensor_batched,cuda,2048,5,1,0,0,5,toy2_gpu_core_neural_output_average_tensor_batched_2048_cuda_repeat00,2,neural_policy,output_average,local_autograd_grad,0.0005852309986948967
toy2,neural_output_average,tensor_batched,tensor_batched,cuda,2048,5,1,0,0,5,toy2_gpu_core_neural_output_average_tensor_batched_2048_cuda_repeat00,2,neural_policy,output_average,local_adam_update,0.0005033260677009821
toy2,neural_output_average,tensor_batched,tensor_batched,cuda,2048,5,1,0,0,5,toy2_gpu_core_neural_output_average_tensor_batched_2048_cuda_repeat00,2,neural_policy,output_average,local_optimizer_update,0.0011599330464378
toy2,neural_output_average,tensor_batched,tensor_batched,cuda,2048,5,1,0,0,5,toy2_gpu_core_neural_output_average_tensor_batched_2048_cuda_repeat00,2,neural_policy,output_average,local_loss_update,0.001475921948440373
toy2,neural_output_average,tensor_batched,tensor_batched,cuda,2048,5,1,0,0,5,toy2_gpu_core_neural_output_average_tensor_batched_2048_cuda_repeat00,2,neural_policy,output_average,local_training,0.0018119598971679807
toy2,neural_output_average,tensor_batched,tensor_batched,cuda,2048,5,1,0,0,5,toy2_gpu_core_neural_output_average_tensor_batched_2048_cuda_repeat00,2,neural_policy,output_average,cache_refresh,7.103080861270428e-06
toy2,neural_output_average,tensor_batched,tensor_batched,cuda,2048,5,1,0,0,5,toy2_gpu_core_neural_output_average_tensor_batched_2048_cuda_repeat00,2,neural_policy,output_average,post_local_readout,0.0001752530224621296
toy2,neural_output_average,tensor_batched,tensor_batched,cuda,2048,5,1,0,0,5,toy2_gpu_core_neural_output_average_tensor_batched_2048_cuda_repeat00,2,neural_policy,output_average,local_step,0.0032530659809708595
toy2,neural_output_average,tensor_batched,tensor_batched,cuda,2048,5,1,0,0,5,toy2_gpu_core_neural_output_average_tensor_batched_2048_cuda_repeat00,2,neural_policy,output_average,select_peers,9.168055839836597e-06
toy2,neural_output_average,tensor_batched,tensor_batched,cuda,2048,5,1,0,0,5,toy2_gpu_core_neural_output_average_tensor_batched_2048_cuda_repeat00,2,neural_policy,output_average,social_mix,0.0004381320904940367
toy2,neural_output_average,tensor_batched,tensor_batched,cuda,2048,5,1,0,0,5,toy2_gpu_core_neural_output_average_tensor_batched_2048_cuda_repeat00,2,neural_policy,output_average,social_trainable_parameters,5.171902012079954e-05
toy2,neural_output_average,tensor_batched,tensor_batched,cuda,2048,5,1,0,0,5,toy2_gpu_core_neural_output_average_tensor_batched_2048_cuda_repeat00,2,neural_policy,output_average,social_loss_forward,0.00022640894167125225
toy2,neural_output_average,tensor_batched,tensor_batched,cuda,2048,5,1,0,0,5,toy2_gpu_core_neural_output_average_tensor_batched_2048_cuda_repeat00,2,neural_policy,output_average,social_autograd_grad,0.0006378809921443462
toy2,neural_output_average,tensor_batched,tensor_batched,cuda,2048,5,1,0,0,5,toy2_gpu_core_neural_output_average_tensor_batched_2048_cuda_repeat00,2,neural_policy,output_average,social_adam_update,0.0007699009729549289
toy2,neural_output_average,tensor_batched,tensor_batched,cuda,2048,5,1,0,0,5,toy2_gpu_core_neural_output_average_tensor_batched_2048_cuda_repeat00,2,neural_policy,output_average,social_optimizer_update,0.0016536799957975745
toy2,neural_output_average,tensor_batched,tensor_batched,cuda,2048,5,1,0,0,5,toy2_gpu_core_neural_output_average_tensor_batched_2048_cuda_repeat00,2,neural_policy,output_average,social_loss_update,0.001909244921989739
toy2,neural_output_average,tensor_batched,tensor_batched,cuda,2048,5,1,0,0,5,toy2_gpu_core_neural_output_average_tensor_batched_2048_cuda_repeat00,2,neural_policy,output_average,social_distillation,0.0029096739599481225
toy2,neural_output_average,tensor_batched,tensor_batched,cuda,2048,5,1,0,0,5,toy2_gpu_core_neural_output_average_tensor_batched_2048_cuda_repeat00,2,neural_policy,output_average,social_step,0.002934491029009223
toy2,neural_output_average,tensor_batched,tensor_batched,cuda,2048,5,1,0,0,5,toy2_gpu_core_neural_output_average_tensor_batched_2048_cuda_repeat00,2,neural_policy,output_average,sample_actions,1.1791940778493881e-05
toy2,neural_output_average,tensor_batched,tensor_batched,cuda,2048,5,1,0,0,5,toy2_gpu_core_neural_output_average_tensor_batched_2048_cuda_repeat00,2,neural_policy,output_average,commit_actions,1.8745893612504005e-05
toy2,neural_output_average,tensor_batched,tensor_batched,cuda,2048,5,1,0,0,5,toy2_gpu_core_neural_output_average_tensor_batched_2048_cuda_repeat00,2,neural_policy,output_average,post_step_state_policy,9.252596646547318e-05
toy2,neural_output_average,tensor_batched,tensor_batched,cuda,2048,5,1,0,0,5,toy2_gpu_core_neural_output_average_tensor_batched_2048_cuda_repeat00,2,neural_policy,output_average,update_payoff_ema,8.153403177857399e-05
toy2,neural_output_average,tensor_batched,tensor_batched,cuda,2048,5,1,0,0,5,toy2_gpu_core_neural_output_average_tensor_batched_2048_cuda_repeat00,2,neural_policy,output_average,update_reputation_ema,5.9462967328727245e-05
toy2,neural_output_average,tensor_batched,tensor_batched,cuda,2048,5,1,0,0,5,toy2_gpu_core_neural_output_average_tensor_batched_2048_cuda_repeat00,2,neural_policy,output_average,mobility_swaps,0.002711868961341679
toy2,neural_output_average,tensor_batched,tensor_batched,cuda,2048,5,1,0,0,5,toy2_gpu_core_neural_output_average_tensor_batched_2048_cuda_repeat00,2,neural_policy,output_average,finalize_hook_step,5.0135073252022266e-05
toy2,neural_output_average,tensor_batched,tensor_batched,cuda,2048,5,1,0,0,5,toy2_gpu_core_neural_output_average_tensor_batched_2048_cuda_repeat00,2,neural_policy,output_average,hooked_step_total,0.010242245043627918
toy2,neural_output_average,tensor_batched,tensor_batched,cuda,2048,5,1,0,0,5,toy2_gpu_core_neural_output_average_tensor_batched_2048_cuda_repeat00,2,neural_policy,output_average,aggregate_row,0.002951163100078702
toy2,neural_output_average,tensor_batched,tensor_batched,cuda,2048,5,1,0,0,5,toy2_gpu_core_neural_output_average_tensor_batched_2048_cuda_repeat00,2,neural_policy,output_average,write_aggregate,5.1727984100580215e-05
toy2,neural_output_average,tensor_batched,tensor_batched,cuda,2048,5,1,0,0,5,toy2_gpu_core_neural_output_average_tensor_batched_2048_cuda_repeat00,3,neural_policy,output_average,sample_revision_mask,2.101995050907135e-05
toy2,neural_output_average,tensor_batched,tensor_batched,cuda,2048,5,1,0,0,5,toy2_gpu_core_neural_output_average_tensor_batched_2048_cuda_repeat00,3,neural_policy,output_average,build_step_context,1.6250996850430965e-05
toy2,neural_output_average,tensor_batched,tensor_batched,cuda,2048,5,1,0,0,5,toy2_gpu_core_neural_output_average_tensor_batched_2048_cuda_repeat00,3,neural_policy,output_average,neural_context_peers,7.2339316830039024e-06
toy2,neural_output_average,tensor_batched,tensor_batched,cuda,2048,5,1,0,0,5,toy2_gpu_core_neural_output_average_tensor_batched_2048_cuda_repeat00,3,neural_policy,output_average,build_observations,0.00023025705013424158
toy2,neural_output_average,tensor_batched,tensor_batched,cuda,2048,5,1,0,0,5,toy2_gpu_core_neural_output_average_tensor_batched_2048_cuda_repeat00,3,neural_policy,output_average,policy_readout,0.00022538797929883003
toy2,neural_output_average,tensor_batched,tensor_batched,cuda,2048,5,1,0,0,5,toy2_gpu_core_neural_output_average_tensor_batched_2048_cuda_repeat00,3,neural_policy,output_average,decision_selection,0.00025050609838217497
toy2,neural_output_average,tensor_batched,tensor_batched,cuda,2048,5,1,0,0,5,toy2_gpu_core_neural_output_average_tensor_batched_2048_cuda_repeat00,3,neural_policy,output_average,local_trainable_parameters,6.112607661634684e-05
toy2,neural_output_average,tensor_batched,tensor_batched,cuda,2048,5,1,0,0,5,toy2_gpu_core_neural_output_average_tensor_batched_2048_cuda_repeat00,3,neural_policy,output_average,local_loss_forward,0.00035989389289170504
toy2,neural_output_average,tensor_batched,tensor_batched,cuda,2048,5,1,0,0,5,toy2_gpu_core_neural_output_average_tensor_batched_2048_cuda_repeat00,3,neural_policy,output_average,local_autograd_grad,0.0005989070050418377
toy2,neural_output_average,tensor_batched,tensor_batched,cuda,2048,5,1,0,0,5,toy2_gpu_core_neural_output_average_tensor_batched_2048_cuda_repeat00,3,neural_policy,output_average,local_adam_update,0.001516949967481196
toy2,neural_output_average,tensor_batched,tensor_batched,cuda,2048,5,1,0,0,5,toy2_gpu_core_neural_output_average_tensor_batched_2048_cuda_repeat00,3,neural_policy,output_average,local_optimizer_update,0.0022684669820591807
toy2,neural_output_average,tensor_batched,tensor_batched,cuda,2048,5,1,0,0,5,toy2_gpu_core_neural_output_average_tensor_batched_2048_cuda_repeat00,3,neural_policy,output_average,local_loss_update,0.0026661320589482784
toy2,neural_output_average,tensor_batched,tensor_batched,cuda,2048,5,1,0,0,5,toy2_gpu_core_neural_output_average_tensor_batched_2048_cuda_repeat00,3,neural_policy,output_average,local_training,0.003719951957464218
toy2,neural_output_average,tensor_batched,tensor_batched,cuda,2048,5,1,0,0,5,toy2_gpu_core_neural_output_average_tensor_batched_2048_cuda_repeat00,3,neural_policy,output_average,cache_refresh,8.295057341456413e-06
toy2,neural_output_average,tensor_batched,tensor_batched,cuda,2048,5,1,0,0,5,toy2_gpu_core_neural_output_average_tensor_batched_2048_cuda_repeat00,3,neural_policy,output_average,post_local_readout,0.00021296401973813772
toy2,neural_output_average,tensor_batched,tensor_batched,cuda,2048,5,1,0,0,5,toy2_gpu_core_neural_output_average_tensor_batched_2048_cuda_repeat00,3,neural_policy,output_average,local_step,0.005684131057932973
toy2,neural_output_average,tensor_batched,tensor_batched,cuda,2048,5,1,0,0,5,toy2_gpu_core_neural_output_average_tensor_batched_2048_cuda_repeat00,3,neural_policy,output_average,select_peers,9.568990208208561e-06
toy2,neural_output_average,tensor_batched,tensor_batched,cuda,2048,5,1,0,0,5,toy2_gpu_core_neural_output_average_tensor_batched_2048_cuda_repeat00,3,neural_policy,output_average,social_mix,0.0004965430125594139
toy2,neural_output_average,tensor_batched,tensor_batched,cuda,2048,5,1,0,0,5,toy2_gpu_core_neural_output_average_tensor_batched_2048_cuda_repeat00,3,neural_policy,output_average,social_trainable_parameters,6.0014077462255955e-05
toy2,neural_output_average,tensor_batched,tensor_batched,cuda,2048,5,1,0,0,5,toy2_gpu_core_neural_output_average_tensor_batched_2048_cuda_repeat00,3,neural_policy,output_average,social_loss_forward,0.00029628199990838766
toy2,neural_output_average,tensor_batched,tensor_batched,cuda,2048,5,1,0,0,5,toy2_gpu_core_neural_output_average_tensor_batched_2048_cuda_repeat00,3,neural_policy,output_average,social_autograd_grad,0.00127188500482589
toy2,neural_output_average,tensor_batched,tensor_batched,cuda,2048,5,1,0,0,5,toy2_gpu_core_neural_output_average_tensor_batched_2048_cuda_repeat00,3,neural_policy,output_average,social_adam_update,0.0005571680376306176
toy2,neural_output_average,tensor_batched,tensor_batched,cuda,2048,5,1,0,0,5,toy2_gpu_core_neural_output_average_tensor_batched_2048_cuda_repeat00,3,neural_policy,output_average,social_optimizer_update,0.001914334949105978
toy2,neural_output_average,tensor_batched,tensor_batched,cuda,2048,5,1,0,0,5,toy2_gpu_core_neural_output_average_tensor_batched_2048_cuda_repeat00,3,neural_policy,output_average,social_loss_update,0.0022387710632756352
toy2,neural_output_average,tensor_batched,tensor_batched,cuda,2048,5,1,0,0,5,toy2_gpu_core_neural_output_average_tensor_batched_2048_cuda_repeat00,3,neural_policy,output_average,social_distillation,0.003257103031501174
toy2,neural_output_average,tensor_batched,tensor_batched,cuda,2048,5,1,0,0,5,toy2_gpu_core_neural_output_average_tensor_batched_2048_cuda_repeat00,3,neural_policy,output_average,social_step,0.0032882930245250463
toy2,neural_output_average,tensor_batched,tensor_batched,cuda,2048,5,1,0,0,5,toy2_gpu_core_neural_output_average_tensor_batched_2048_cuda_repeat00,3,neural_policy,output_average,sample_actions,7.473980076611042e-06
toy2,neural_output_average,tensor_batched,tensor_batched,cuda,2048,5,1,0,0,5,toy2_gpu_core_neural_output_average_tensor_batched_2048_cuda_repeat00,3,neural_policy,output_average,commit_actions,1.2553995475172997e-05
toy2,neural_output_average,tensor_batched,tensor_batched,cuda,2048,5,1,0,0,5,toy2_gpu_core_neural_output_average_tensor_batched_2048_cuda_repeat00,3,neural_policy,output_average,post_step_state_policy,3.230106085538864e-05
toy2,neural_output_average,tensor_batched,tensor_batched,cuda,2048,5,1,0,0,5,toy2_gpu_core_neural_output_average_tensor_batched_2048_cuda_repeat00,3,neural_policy,output_average,update_payoff_ema,5.3751980885863304e-05
toy2,neural_output_average,tensor_batched,tensor_batched,cuda,2048,5,1,0,0,5,toy2_gpu_core_neural_output_average_tensor_batched_2048_cuda_repeat00,3,neural_policy,output_average,update_reputation_ema,4.549603909254074e-05
toy2,neural_output_average,tensor_batched,tensor_batched,cuda,2048,5,1,0,0,5,toy2_gpu_core_neural_output_average_tensor_batched_2048_cuda_repeat00,3,neural_policy,output_average,mobility_swaps,0.0006471989909186959
toy2,neural_output_average,tensor_batched,tensor_batched,cuda,2048,5,1,0,0,5,toy2_gpu_core_neural_output_average_tensor_batched_2048_cuda_repeat00,3,neural_policy,output_average,finalize_hook_step,2.3675034753978252e-05
toy2,neural_output_average,tensor_batched,tensor_batched,cuda,2048,5,1,0,0,5,toy2_gpu_core_neural_output_average_tensor_batched_2048_cuda_repeat00,3,neural_policy,output_average,hooked_step_total,0.01072179595939815
toy2,neural_output_average,tensor_batched,tensor_batched,cuda,2048,5,1,0,0,5,toy2_gpu_core_neural_output_average_tensor_batched_2048_cuda_repeat00,3,neural_policy,output_average,aggregate_row,0.0023687370121479034
toy2,neural_output_average,tensor_batched,tensor_batched,cuda,2048,5,1,0,0,5,toy2_gpu_core_neural_output_average_tensor_batched_2048_cuda_repeat00,3,neural_policy,output_average,write_aggregate,4.734995309263468e-05
toy2,neural_output_average,tensor_batched,tensor_batched,cuda,2048,5,1,0,0,5,toy2_gpu_core_neural_output_average_tensor_batched_2048_cuda_repeat00,4,neural_policy,output_average,sample_revision_mask,1.8764985725283623e-05
toy2,neural_output_average,tensor_batched,tensor_batched,cuda,2048,5,1,0,0,5,toy2_gpu_core_neural_output_average_tensor_batched_2048_cuda_repeat00,4,neural_policy,output_average,build_step_context,1.3004988431930542e-05
toy2,neural_output_average,tensor_batched,tensor_batched,cuda,2048,5,1,0,0,5,toy2_gpu_core_neural_output_average_tensor_batched_2048_cuda_repeat00,4,neural_policy,output_average,neural_context_peers,7.224036380648613e-06
toy2,neural_output_average,tensor_batched,tensor_batched,cuda,2048,5,1,0,0,5,toy2_gpu_core_neural_output_average_tensor_batched_2048_cuda_repeat00,4,neural_policy,output_average,build_observations,0.00020725291687995195
toy2,neural_output_average,tensor_batched,tensor_batched,cuda,2048,5,1,0,0,5,toy2_gpu_core_neural_output_average_tensor_batched_2048_cuda_repeat00,4,neural_policy,output_average,policy_readout,0.0001948599237948656
toy2,neural_output_average,tensor_batched,tensor_batched,cuda,2048,5,1,0,0,5,toy2_gpu_core_neural_output_average_tensor_batched_2048_cuda_repeat00,4,neural_policy,output_average,decision_selection,0.00028093403670936823
toy2,neural_output_average,tensor_batched,tensor_batched,cuda,2048,5,1,0,0,5,toy2_gpu_core_neural_output_average_tensor_batched_2048_cuda_repeat00,4,neural_policy,output_average,local_trainable_parameters,8.319702465087175e-05
toy2,neural_output_average,tensor_batched,tensor_batched,cuda,2048,5,1,0,0,5,toy2_gpu_core_neural_output_average_tensor_batched_2048_cuda_repeat00,4,neural_policy,output_average,local_loss_forward,0.0004483410157263279
toy2,neural_output_average,tensor_batched,tensor_batched,cuda,2048,5,1,0,0,5,toy2_gpu_core_neural_output_average_tensor_batched_2048_cuda_repeat00,4,neural_policy,output_average,local_autograd_grad,0.0005769160343334079
toy2,neural_output_average,tensor_batched,tensor_batched,cuda,2048,5,1,0,0,5,toy2_gpu_core_neural_output_average_tensor_batched_2048_cuda_repeat00,4,neural_policy,output_average,local_adam_update,0.0009724559495225549
toy2,neural_output_average,tensor_batched,tensor_batched,cuda,2048,5,1,0,0,5,toy2_gpu_core_neural_output_average_tensor_batched_2048_cuda_repeat00,4,neural_policy,output_average,local_optimizer_update,0.0016639989335089922
toy2,neural_output_average,tensor_batched,tensor_batched,cuda,2048,5,1,0,0,5,toy2_gpu_core_neural_output_average_tensor_batched_2048_cuda_repeat00,4,neural_policy,output_average,local_loss_update,0.0021519759902730584
toy2,neural_output_average,tensor_batched,tensor_batched,cuda,2048,5,1,0,0,5,toy2_gpu_core_neural_output_average_tensor_batched_2048_cuda_repeat00,4,neural_policy,output_average,local_training,0.0025800690054893494
toy2,neural_output_average,tensor_batched,tensor_batched,cuda,2048,5,1,0,0,5,toy2_gpu_core_neural_output_average_tensor_batched_2048_cuda_repeat00,4,neural_policy,output_average,cache_refresh,1.185201108455658e-05
toy2,neural_output_average,tensor_batched,tensor_batched,cuda,2048,5,1,0,0,5,toy2_gpu_core_neural_output_average_tensor_batched_2048_cuda_repeat00,4,neural_policy,output_average,post_local_readout,0.00022993702441453934
toy2,neural_output_average,tensor_batched,tensor_batched,cuda,2048,5,1,0,0,5,toy2_gpu_core_neural_output_average_tensor_batched_2048_cuda_repeat00,4,neural_policy,output_average,local_step,0.0044467420084401965
toy2,neural_output_average,tensor_batched,tensor_batched,cuda,2048,5,1,0,0,5,toy2_gpu_core_neural_output_average_tensor_batched_2048_cuda_repeat00,4,neural_policy,output_average,select_peers,1.0229065082967281e-05
toy2,neural_output_average,tensor_batched,tensor_batched,cuda,2048,5,1,0,0,5,toy2_gpu_core_neural_output_average_tensor_batched_2048_cuda_repeat00,4,neural_policy,output_average,social_mix,0.0004490230930969119
toy2,neural_output_average,tensor_batched,tensor_batched,cuda,2048,5,1,0,0,5,toy2_gpu_core_neural_output_average_tensor_batched_2048_cuda_repeat00,4,neural_policy,output_average,social_trainable_parameters,5.293102003633976e-05
toy2,neural_output_average,tensor_batched,tensor_batched,cuda,2048,5,1,0,0,5,toy2_gpu_core_neural_output_average_tensor_batched_2048_cuda_repeat00,4,neural_policy,output_average,social_loss_forward,0.0002383330138400197
toy2,neural_output_average,tensor_batched,tensor_batched,cuda,2048,5,1,0,0,5,toy2_gpu_core_neural_output_average_tensor_batched_2048_cuda_repeat00,4,neural_policy,output_average,social_autograd_grad,0.0003897600108757615
toy2,neural_output_average,tensor_batched,tensor_batched,cuda,2048,5,1,0,0,5,toy2_gpu_core_neural_output_average_tensor_batched_2048_cuda_repeat00,4,neural_policy,output_average,social_adam_update,0.0005331329302862287
toy2,neural_output_average,tensor_batched,tensor_batched,cuda,2048,5,1,0,0,5,toy2_gpu_core_neural_output_average_tensor_batched_2048_cuda_repeat00,4,neural_policy,output_average,social_optimizer_update,0.0009953000117093325
toy2,neural_output_average,tensor_batched,tensor_batched,cuda,2048,5,1,0,0,5,toy2_gpu_core_neural_output_average_tensor_batched_2048_cuda_repeat00,4,neural_policy,output_average,social_loss_update,0.0012627269607037306
toy2,neural_output_average,tensor_batched,tensor_batched,cuda,2048,5,1,0,0,5,toy2_gpu_core_neural_output_average_tensor_batched_2048_cuda_repeat00,4,neural_policy,output_average,social_distillation,0.0021556930150836706
toy2,neural_output_average,tensor_batched,tensor_batched,cuda,2048,5,1,0,0,5,toy2_gpu_core_neural_output_average_tensor_batched_2048_cuda_repeat00,4,neural_policy,output_average,social_step,0.002181752002798021
toy2,neural_output_average,tensor_batched,tensor_batched,cuda,2048,5,1,0,0,5,toy2_gpu_core_neural_output_average_tensor_batched_2048_cuda_repeat00,4,neural_policy,output_average,sample_actions,7.123919203877449e-06
toy2,neural_output_average,tensor_batched,tensor_batched,cuda,2048,5,1,0,0,5,toy2_gpu_core_neural_output_average_tensor_batched_2048_cuda_repeat00,4,neural_policy,output_average,commit_actions,1.2393924407660961e-05
toy2,neural_output_average,tensor_batched,tensor_batched,cuda,2048,5,1,0,0,5,toy2_gpu_core_neural_output_average_tensor_batched_2048_cuda_repeat00,4,neural_policy,output_average,post_step_state_policy,3.411492798477411e-05
toy2,neural_output_average,tensor_batched,tensor_batched,cuda,2048,5,1,0,0,5,toy2_gpu_core_neural_output_average_tensor_batched_2048_cuda_repeat00,4,neural_policy,output_average,update_payoff_ema,5.115708336234093e-05
toy2,neural_output_average,tensor_batched,tensor_batched,cuda,2048,5,1,0,0,5,toy2_gpu_core_neural_output_average_tensor_batched_2048_cuda_repeat00,4,neural_policy,output_average,update_reputation_ema,4.6798959374427795e-05
toy2,neural_output_average,tensor_batched,tensor_batched,cuda,2048,5,1,0,0,5,toy2_gpu_core_neural_output_average_tensor_batched_2048_cuda_repeat00,4,neural_policy,output_average,mobility_swaps,0.0006871040677651763
toy2,neural_output_average,tensor_batched,tensor_batched,cuda,2048,5,1,0,0,5,toy2_gpu_core_neural_output_average_tensor_batched_2048_cuda_repeat00,4,neural_policy,output_average,finalize_hook_step,2.7362024411559105e-05
toy2,neural_output_average,tensor_batched,tensor_batched,cuda,2048,5,1,0,0,5,toy2_gpu_core_neural_output_average_tensor_batched_2048_cuda_repeat00,4,neural_policy,output_average,hooked_step_total,0.008293846040032804
toy2,neural_output_average,tensor_batched,tensor_batched,cuda,2048,5,1,0,0,5,toy2_gpu_core_neural_output_average_tensor_batched_2048_cuda_repeat00,4,neural_policy,output_average,aggregate_row,0.003482131054624915
toy2,neural_output_average,tensor_batched,tensor_batched,cuda,2048,5,1,0,0,5,toy2_gpu_core_neural_output_average_tensor_batched_2048_cuda_repeat00,4,neural_policy,output_average,write_aggregate,5.764898378401995e-05
toy2,neural_output_average,tensor_batched,tensor_batched,cuda,2048,5,1,0,0,5,toy2_gpu_core_neural_output_average_tensor_batched_2048_cuda_repeat00,5,neural_policy,output_average,sample_revision_mask,3.2581971026957035e-05
toy2,neural_output_average,tensor_batched,tensor_batched,cuda,2048,5,1,0,0,5,toy2_gpu_core_neural_output_average_tensor_batched_2048_cuda_repeat00,5,neural_policy,output_average,build_step_context,2.042902633547783e-05
toy2,neural_output_average,tensor_batched,tensor_batched,cuda,2048,5,1,0,0,5,toy2_gpu_core_neural_output_average_tensor_batched_2048_cuda_repeat00,5,neural_policy,output_average,neural_context_peers,1.049006823450327e-05
toy2,neural_output_average,tensor_batched,tensor_batched,cuda,2048,5,1,0,0,5,toy2_gpu_core_neural_output_average_tensor_batched_2048_cuda_repeat00,5,neural_policy,output_average,build_observations,0.0003089270321652293
toy2,neural_output_average,tensor_batched,tensor_batched,cuda,2048,5,1,0,0,5,toy2_gpu_core_neural_output_average_tensor_batched_2048_cuda_repeat00,5,neural_policy,output_average,policy_readout,0.00027206691447645426
toy2,neural_output_average,tensor_batched,tensor_batched,cuda,2048,5,1,0,0,5,toy2_gpu_core_neural_output_average_tensor_batched_2048_cuda_repeat00,5,neural_policy,output_average,decision_selection,0.00021338497754186392
toy2,neural_output_average,tensor_batched,tensor_batched,cuda,2048,5,1,0,0,5,toy2_gpu_core_neural_output_average_tensor_batched_2048_cuda_repeat00,5,neural_policy,output_average,local_trainable_parameters,6.374099757522345e-05
toy2,neural_output_average,tensor_batched,tensor_batched,cuda,2048,5,1,0,0,5,toy2_gpu_core_neural_output_average_tensor_batched_2048_cuda_repeat00,5,neural_policy,output_average,local_loss_forward,0.00036705692764371634
toy2,neural_output_average,tensor_batched,tensor_batched,cuda,2048,5,1,0,0,5,toy2_gpu_core_neural_output_average_tensor_batched_2048_cuda_repeat00,5,neural_policy,output_average,local_autograd_grad,0.00048324698582291603
toy2,neural_output_average,tensor_batched,tensor_batched,cuda,2048,5,1,0,0,5,toy2_gpu_core_neural_output_average_tensor_batched_2048_cuda_repeat00,5,neural_policy,output_average,local_adam_update,0.0005635600537061691
toy2,neural_output_average,tensor_batched,tensor_batched,cuda,2048,5,1,0,0,5,toy2_gpu_core_neural_output_average_tensor_batched_2048_cuda_repeat00,5,neural_policy,output_average,local_optimizer_update,0.0011239340528845787
toy2,neural_output_average,tensor_batched,tensor_batched,cuda,2048,5,1,0,0,5,toy2_gpu_core_neural_output_average_tensor_batched_2048_cuda_repeat00,5,neural_policy,output_average,local_loss_update,0.001520767924375832
toy2,neural_output_average,tensor_batched,tensor_batched,cuda,2048,5,1,0,0,5,toy2_gpu_core_neural_output_average_tensor_batched_2048_cuda_repeat00,5,neural_policy,output_average,local_training,0.0018770640017464757
toy2,neural_output_average,tensor_batched,tensor_batched,cuda,2048,5,1,0,0,5,toy2_gpu_core_neural_output_average_tensor_batched_2048_cuda_repeat00,5,neural_policy,output_average,cache_refresh,8.34604725241661e-06
toy2,neural_output_average,tensor_batched,tensor_batched,cuda,2048,5,1,0,0,5,toy2_gpu_core_neural_output_average_tensor_batched_2048_cuda_repeat00,5,neural_policy,output_average,post_local_readout,0.001343140029348433
toy2,neural_output_average,tensor_batched,tensor_batched,cuda,2048,5,1,0,0,5,toy2_gpu_core_neural_output_average_tensor_batched_2048_cuda_repeat00,5,neural_policy,output_average,local_step,0.0055974459974095225
toy2,neural_output_average,tensor_batched,tensor_batched,cuda,2048,5,1,0,0,5,toy2_gpu_core_neural_output_average_tensor_batched_2048_cuda_repeat00,5,neural_policy,output_average,select_peers,1.0220101103186607e-05
toy2,neural_output_average,tensor_batched,tensor_batched,cuda,2048,5,1,0,0,5,toy2_gpu_core_neural_output_average_tensor_batched_2048_cuda_repeat00,5,neural_policy,output_average,social_mix,0.0004813839914277196
toy2,neural_output_average,tensor_batched,tensor_batched,cuda,2048,5,1,0,0,5,toy2_gpu_core_neural_output_average_tensor_batched_2048_cuda_repeat00,5,neural_policy,output_average,social_trainable_parameters,0.00017895898781716824
toy2,neural_output_average,tensor_batched,tensor_batched,cuda,2048,5,1,0,0,5,toy2_gpu_core_neural_output_average_tensor_batched_2048_cuda_repeat00,5,neural_policy,output_average,social_loss_forward,0.0007986960699781775
toy2,neural_output_average,tensor_batched,tensor_batched,cuda,2048,5,1,0,0,5,toy2_gpu_core_neural_output_average_tensor_batched_2048_cuda_repeat00,5,neural_policy,output_average,social_autograd_grad,0.0004320510197430849
toy2,neural_output_average,tensor_batched,tensor_batched,cuda,2048,5,1,0,0,5,toy2_gpu_core_neural_output_average_tensor_batched_2048_cuda_repeat00,5,neural_policy,output_average,social_adam_update,0.0005634200060740113
toy2,neural_output_average,tensor_batched,tensor_batched,cuda,2048,5,1,0,0,5,toy2_gpu_core_neural_output_average_tensor_batched_2048_cuda_repeat00,5,neural_policy,output_average,social_optimizer_update,0.0011056390358135104
toy2,neural_output_average,tensor_batched,tensor_batched,cuda,2048,5,1,0,0,5,toy2_gpu_core_neural_output_average_tensor_batched_2048_cuda_repeat00,5,neural_policy,output_average,social_loss_update,0.0019384600454941392
toy2,neural_output_average,tensor_batched,tensor_batched,cuda,2048,5,1,0,0,5,toy2_gpu_core_neural_output_average_tensor_batched_2048_cuda_repeat00,5,neural_policy,output_average,social_distillation,0.0030985920457169414
toy2,neural_output_average,tensor_batched,tensor_batched,cuda,2048,5,1,0,0,5,toy2_gpu_core_neural_output_average_tensor_batched_2048_cuda_repeat00,5,neural_policy,output_average,social_step,0.0031286090379580855
toy2,neural_output_average,tensor_batched,tensor_batched,cuda,2048,5,1,0,0,5,toy2_gpu_core_neural_output_average_tensor_batched_2048_cuda_repeat00,5,neural_policy,output_average,sample_actions,7.394002750515938e-06
toy2,neural_output_average,tensor_batched,tensor_batched,cuda,2048,5,1,0,0,5,toy2_gpu_core_neural_output_average_tensor_batched_2048_cuda_repeat00,5,neural_policy,output_average,commit_actions,1.657207030802965e-05
toy2,neural_output_average,tensor_batched,tensor_batched,cuda,2048,5,1,0,0,5,toy2_gpu_core_neural_output_average_tensor_batched_2048_cuda_repeat00,5,neural_policy,output_average,post_step_state_policy,3.8763973861932755e-05
toy2,neural_output_average,tensor_batched,tensor_batched,cuda,2048,5,1,0,0,5,toy2_gpu_core_neural_output_average_tensor_batched_2048_cuda_repeat00,5,neural_policy,output_average,update_payoff_ema,7.157598156481981e-05
toy2,neural_output_average,tensor_batched,tensor_batched,cuda,2048,5,1,0,0,5,toy2_gpu_core_neural_output_average_tensor_batched_2048_cuda_repeat00,5,neural_policy,output_average,update_reputation_ema,6.358104292303324e-05
toy2,neural_output_average,tensor_batched,tensor_batched,cuda,2048,5,1,0,0,5,toy2_gpu_core_neural_output_average_tensor_batched_2048_cuda_repeat00,5,neural_policy,output_average,mobility_swaps,0.0006722859106957912
toy2,neural_output_average,tensor_batched,tensor_batched,cuda,2048,5,1,0,0,5,toy2_gpu_core_neural_output_average_tensor_batched_2048_cuda_repeat00,5,neural_policy,output_average,finalize_hook_step,2.7693109586834908e-05
toy2,neural_output_average,tensor_batched,tensor_batched,cuda,2048,5,1,0,0,5,toy2_gpu_core_neural_output_average_tensor_batched_2048_cuda_repeat00,5,neural_policy,output_average,hooked_step_total,0.0114066859241575
toy2,neural_output_average,tensor_batched,tensor_batched,cuda,2048,5,1,0,0,5,toy2_gpu_core_neural_output_average_tensor_batched_2048_cuda_repeat00,5,neural_policy,output_average,aggregate_row,0.0021478679263964295
toy2,neural_output_average,tensor_batched,tensor_batched,cuda,2048,5,1,0,0,5,toy2_gpu_core_neural_output_average_tensor_batched_2048_cuda_repeat00,5,neural_policy,output_average,write_aggregate,4.69390070065856e-05
toy2,neural_output_average,tensor_batched,tensor_batched,cuda,2048,5,1,1,0,5,toy2_gpu_core_neural_output_average_tensor_batched_2048_cuda_repeat01,0,neural_policy,output_average,make_run_dir,0.0005871140165254474
toy2,neural_output_average,tensor_batched,tensor_batched,cuda,2048,5,1,1,0,5,toy2_gpu_core_neural_output_average_tensor_batched_2048_cuda_repeat01,0,neural_policy,output_average,write_metadata,0.003624079981818795
toy2,neural_output_average,tensor_batched,tensor_batched,cuda,2048,5,1,1,0,5,toy2_gpu_core_neural_output_average_tensor_batched_2048_cuda_repeat01,0,neural_policy,output_average,initial_state,0.42066872597206384
toy2,neural_output_average,tensor_batched,tensor_batched,cuda,2048,5,1,1,0,5,toy2_gpu_core_neural_output_average_tensor_batched_2048_cuda_repeat01,0,neural_policy,output_average,writer_setup,0.00041588000021874905
toy2,neural_output_average,tensor_batched,tensor_batched,cuda,2048,5,1,1,0,5,toy2_gpu_core_neural_output_average_tensor_batched_2048_cuda_repeat01,0,neural_policy,output_average,initial_step_result,0.002596028964035213
toy2,neural_output_average,tensor_batched,tensor_batched,cuda,2048,5,1,1,0,5,toy2_gpu_core_neural_output_average_tensor_batched_2048_cuda_repeat01,0,neural_policy,output_average,initial_aggregate_row,0.004250669968314469
toy2,neural_output_average,tensor_batched,tensor_batched,cuda,2048,5,1,1,0,5,toy2_gpu_core_neural_output_average_tensor_batched_2048_cuda_repeat01,0,neural_policy,output_average,write_initial_aggregate,5.2279094234108925e-05
toy2,neural_output_average,tensor_batched,tensor_batched,cuda,2048,5,1,1,0,5,toy2_gpu_core_neural_output_average_tensor_batched_2048_cuda_repeat01,1,neural_policy,output_average,sample_revision_mask,3.050803206861019e-05
toy2,neural_output_average,tensor_batched,tensor_batched,cuda,2048,5,1,1,0,5,toy2_gpu_core_neural_output_average_tensor_batched_2048_cuda_repeat01,1,neural_policy,output_average,build_step_context,1.4006043784320354e-05
toy2,neural_output_average,tensor_batched,tensor_batched,cuda,2048,5,1,1,0,5,toy2_gpu_core_neural_output_average_tensor_batched_2048_cuda_repeat01,1,neural_policy,output_average,neural_context_peers,8.797040209174156e-06
toy2,neural_output_average,tensor_batched,tensor_batched,cuda,2048,5,1,1,0,5,toy2_gpu_core_neural_output_average_tensor_batched_2048_cuda_repeat01,1,neural_policy,output_average,build_observations,0.0002505549928173423
toy2,neural_output_average,tensor_batched,tensor_batched,cuda,2048,5,1,1,0,5,toy2_gpu_core_neural_output_average_tensor_batched_2048_cuda_repeat01,1,neural_policy,output_average,policy_readout,0.00024252000730484724
toy2,neural_output_average,tensor_batched,tensor_batched,cuda,2048,5,1,1,0,5,toy2_gpu_core_neural_output_average_tensor_batched_2048_cuda_repeat01,1,neural_policy,output_average,decision_selection,0.00043938402086496353
toy2,neural_output_average,tensor_batched,tensor_batched,cuda,2048,5,1,1,0,5,toy2_gpu_core_neural_output_average_tensor_batched_2048_cuda_repeat01,1,neural_policy,output_average,local_trainable_parameters,7.750699296593666e-05
toy2,neural_output_average,tensor_batched,tensor_batched,cuda,2048,5,1,1,0,5,toy2_gpu_core_neural_output_average_tensor_batched_2048_cuda_repeat01,1,neural_policy,output_average,local_loss_forward,0.000500219059176743
toy2,neural_output_average,tensor_batched,tensor_batched,cuda,2048,5,1,1,0,5,toy2_gpu_core_neural_output_average_tensor_batched_2048_cuda_repeat01,1,neural_policy,output_average,local_autograd_grad,0.0020228299545124173
toy2,neural_output_average,tensor_batched,tensor_batched,cuda,2048,5,1,1,0,5,toy2_gpu_core_neural_output_average_tensor_batched_2048_cuda_repeat01,1,neural_policy,output_average,local_adam_update,0.0008687900844961405
toy2,neural_output_average,tensor_batched,tensor_batched,cuda,2048,5,1,1,0,5,toy2_gpu_core_neural_output_average_tensor_batched_2048_cuda_repeat01,1,neural_policy,output_average,local_optimizer_update,0.0030098649440333247
toy2,neural_output_average,tensor_batched,tensor_batched,cuda,2048,5,1,1,0,5,toy2_gpu_core_neural_output_average_tensor_batched_2048_cuda_repeat01,1,neural_policy,output_average,local_loss_update,0.003541484009474516
toy2,neural_output_average,tensor_batched,tensor_batched,cuda,2048,5,1,1,0,5,toy2_gpu_core_neural_output_average_tensor_batched_2048_cuda_repeat01,1,neural_policy,output_average,local_training,0.004066930967383087
toy2,neural_output_average,tensor_batched,tensor_batched,cuda,2048,5,1,1,0,5,toy2_gpu_core_neural_output_average_tensor_batched_2048_cuda_repeat01,1,neural_policy,output_average,cache_refresh,9.6180010586977e-06
toy2,neural_output_average,tensor_batched,tensor_batched,cuda,2048,5,1,1,0,5,toy2_gpu_core_neural_output_average_tensor_batched_2048_cuda_repeat01,1,neural_policy,output_average,post_local_readout,0.00020672299433499575
toy2,neural_output_average,tensor_batched,tensor_batched,cuda,2048,5,1,1,0,5,toy2_gpu_core_neural_output_average_tensor_batched_2048_cuda_repeat01,1,neural_policy,output_average,local_step,0.007726058014668524
toy2,neural_output_average,tensor_batched,tensor_batched,cuda,2048,5,1,1,0,5,toy2_gpu_core_neural_output_average_tensor_batched_2048_cuda_repeat01,1,neural_policy,output_average,select_peers,9.958981536328793e-06
toy2,neural_output_average,tensor_batched,tensor_batched,cuda,2048,5,1,1,0,5,toy2_gpu_core_neural_output_average_tensor_batched_2048_cuda_repeat01,1,neural_policy,output_average,social_mix,0.0005652229301631451
toy2,neural_output_average,tensor_batched,tensor_batched,cuda,2048,5,1,1,0,5,toy2_gpu_core_neural_output_average_tensor_batched_2048_cuda_repeat01,1,neural_policy,output_average,social_trainable_parameters,5.8681005612015724e-05
toy2,neural_output_average,tensor_batched,tensor_batched,cuda,2048,5,1,1,0,5,toy2_gpu_core_neural_output_average_tensor_batched_2048_cuda_repeat01,1,neural_policy,output_average,social_loss_forward,0.0002596830017864704
toy2,neural_output_average,tensor_batched,tensor_batched,cuda,2048,5,1,1,0,5,toy2_gpu_core_neural_output_average_tensor_batched_2048_cuda_repeat01,1,neural_policy,output_average,social_autograd_grad,0.0004266500473022461
toy2,neural_output_average,tensor_batched,tensor_batched,cuda,2048,5,1,1,0,5,toy2_gpu_core_neural_output_average_tensor_batched_2048_cuda_repeat01,1,neural_policy,output_average,social_adam_update,0.0005105499876663089
toy2,neural_output_average,tensor_batched,tensor_batched,cuda,2048,5,1,1,0,5,toy2_gpu_core_neural_output_average_tensor_batched_2048_cuda_repeat01,1,neural_policy,output_average,social_optimizer_update,0.001015277928672731
toy2,neural_output_average,tensor_batched,tensor_batched,cuda,2048,5,1,1,0,5,toy2_gpu_core_neural_output_average_tensor_batched_2048_cuda_repeat01,1,neural_policy,output_average,social_loss_update,0.001305648940615356
toy2,neural_output_average,tensor_batched,tensor_batched,cuda,2048,5,1,1,0,5,toy2_gpu_core_neural_output_average_tensor_batched_2048_cuda_repeat01,1,neural_policy,output_average,social_distillation,0.002357254968956113
toy2,neural_output_average,tensor_batched,tensor_batched,cuda,2048,5,1,1,0,5,toy2_gpu_core_neural_output_average_tensor_batched_2048_cuda_repeat01,1,neural_policy,output_average,social_step,0.0023916499922052026
toy2,neural_output_average,tensor_batched,tensor_batched,cuda,2048,5,1,1,0,5,toy2_gpu_core_neural_output_average_tensor_batched_2048_cuda_repeat01,1,neural_policy,output_average,sample_actions,7.2229886427521706e-06
toy2,neural_output_average,tensor_batched,tensor_batched,cuda,2048,5,1,1,0,5,toy2_gpu_core_neural_output_average_tensor_batched_2048_cuda_repeat01,1,neural_policy,output_average,commit_actions,1.133093610405922e-05
toy2,neural_output_average,tensor_batched,tensor_batched,cuda,2048,5,1,1,0,5,toy2_gpu_core_neural_output_average_tensor_batched_2048_cuda_repeat01,1,neural_policy,output_average,post_step_state_policy,3.2171024940907955e-05
toy2,neural_output_average,tensor_batched,tensor_batched,cuda,2048,5,1,1,0,5,toy2_gpu_core_neural_output_average_tensor_batched_2048_cuda_repeat01,1,neural_policy,output_average,update_payoff_ema,5.064602009952068e-05
toy2,neural_output_average,tensor_batched,tensor_batched,cuda,2048,5,1,1,0,5,toy2_gpu_core_neural_output_average_tensor_batched_2048_cuda_repeat01,1,neural_policy,output_average,update_reputation_ema,4.243000876158476e-05
toy2,neural_output_average,tensor_batched,tensor_batched,cuda,2048,5,1,1,0,5,toy2_gpu_core_neural_output_average_tensor_batched_2048_cuda_repeat01,1,neural_policy,output_average,mobility_swaps,0.0004586100112646818
toy2,neural_output_average,tensor_batched,tensor_batched,cuda,2048,5,1,1,0,5,toy2_gpu_core_neural_output_average_tensor_batched_2048_cuda_repeat01,1,neural_policy,output_average,finalize_hook_step,2.150004729628563e-05
toy2,neural_output_average,tensor_batched,tensor_batched,cuda,2048,5,1,1,0,5,toy2_gpu_core_neural_output_average_tensor_batched_2048_cuda_repeat01,1,neural_policy,output_average,hooked_step_total,0.011634448077529669
toy2,neural_output_average,tensor_batched,tensor_batched,cuda,2048,5,1,1,0,5,toy2_gpu_core_neural_output_average_tensor_batched_2048_cuda_repeat01,1,neural_policy,output_average,aggregate_row,0.0026274280389770865
toy2,neural_output_average,tensor_batched,tensor_batched,cuda,2048,5,1,1,0,5,toy2_gpu_core_neural_output_average_tensor_batched_2048_cuda_repeat01,1,neural_policy,output_average,write_aggregate,4.006607923656702e-05
toy2,neural_output_average,tensor_batched,tensor_batched,cuda,2048,5,1,1,0,5,toy2_gpu_core_neural_output_average_tensor_batched_2048_cuda_repeat01,2,neural_policy,output_average,sample_revision_mask,1.8455088138580322e-05
toy2,neural_output_average,tensor_batched,tensor_batched,cuda,2048,5,1,1,0,5,toy2_gpu_core_neural_output_average_tensor_batched_2048_cuda_repeat01,2,neural_policy,output_average,build_step_context,1.21330376714468e-05
toy2,neural_output_average,tensor_batched,tensor_batched,cuda,2048,5,1,1,0,5,toy2_gpu_core_neural_output_average_tensor_batched_2048_cuda_repeat01,2,neural_policy,output_average,neural_context_peers,6.7320652306079865e-06
toy2,neural_output_average,tensor_batched,tensor_batched,cuda,2048,5,1,1,0,5,toy2_gpu_core_neural_output_average_tensor_batched_2048_cuda_repeat01,2,neural_policy,output_average,build_observations,0.00019104289822280407
toy2,neural_output_average,tensor_batched,tensor_batched,cuda,2048,5,1,1,0,5,toy2_gpu_core_neural_output_average_tensor_batched_2048_cuda_repeat01,2,neural_policy,output_average,policy_readout,0.0001704139867797494
toy2,neural_output_average,tensor_batched,tensor_batched,cuda,2048,5,1,1,0,5,toy2_gpu_core_neural_output_average_tensor_batched_2048_cuda_repeat01,2,neural_policy,output_average,decision_selection,0.00018098391592502594
toy2,neural_output_average,tensor_batched,tensor_batched,cuda,2048,5,1,1,0,5,toy2_gpu_core_neural_output_average_tensor_batched_2048_cuda_repeat01,2,neural_policy,output_average,local_trainable_parameters,5.603698082268238e-05
toy2,neural_output_average,tensor_batched,tensor_batched,cuda,2048,5,1,1,0,5,toy2_gpu_core_neural_output_average_tensor_batched_2048_cuda_repeat01,2,neural_policy,output_average,local_loss_forward,0.00030125188641250134
toy2,neural_output_average,tensor_batched,tensor_batched,cuda,2048,5,1,1,0,5,toy2_gpu_core_neural_output_average_tensor_batched_2048_cuda_repeat01,2,neural_policy,output_average,local_autograd_grad,0.0004611250478774309
toy2,neural_output_average,tensor_batched,tensor_batched,cuda,2048,5,1,1,0,5,toy2_gpu_core_neural_output_average_tensor_batched_2048_cuda_repeat01,2,neural_policy,output_average,local_adam_update,0.0005163899622857571
toy2,neural_output_average,tensor_batched,tensor_batched,cuda,2048,5,1,1,0,5,toy2_gpu_core_neural_output_average_tensor_batched_2048_cuda_repeat01,2,neural_policy,output_average,local_optimizer_update,0.0010508450213819742
toy2,neural_output_average,tensor_batched,tensor_batched,cuda,2048,5,1,1,0,5,toy2_gpu_core_neural_output_average_tensor_batched_2048_cuda_repeat01,2,neural_policy,output_average,local_loss_update,0.0013811419485136867
toy2,neural_output_average,tensor_batched,tensor_batched,cuda,2048,5,1,1,0,5,toy2_gpu_core_neural_output_average_tensor_batched_2048_cuda_repeat01,2,neural_policy,output_average,local_training,0.0017006890848279
toy2,neural_output_average,tensor_batched,tensor_batched,cuda,2048,5,1,1,0,5,toy2_gpu_core_neural_output_average_tensor_batched_2048_cuda_repeat01,2,neural_policy,output_average,cache_refresh,8.034985512495041e-06
toy2,neural_output_average,tensor_batched,tensor_batched,cuda,2048,5,1,1,0,5,toy2_gpu_core_neural_output_average_tensor_batched_2048_cuda_repeat01,2,neural_policy,output_average,post_local_readout,0.00016969197895377874
toy2,neural_output_average,tensor_batched,tensor_batched,cuda,2048,5,1,1,0,5,toy2_gpu_core_neural_output_average_tensor_batched_2048_cuda_repeat01,2,neural_policy,output_average,local_step,0.003088372992351651
toy2,neural_output_average,tensor_batched,tensor_batched,cuda,2048,5,1,1,0,5,toy2_gpu_core_neural_output_average_tensor_batched_2048_cuda_repeat01,2,neural_policy,output_average,select_peers,9.887968190014362e-06
toy2,neural_output_average,tensor_batched,tensor_batched,cuda,2048,5,1,1,0,5,toy2_gpu_core_neural_output_average_tensor_batched_2048_cuda_repeat01,2,neural_policy,output_average,social_mix,0.00038451002910733223
toy2,neural_output_average,tensor_batched,tensor_batched,cuda,2048,5,1,1,0,5,toy2_gpu_core_neural_output_average_tensor_batched_2048_cuda_repeat01,2,neural_policy,output_average,social_trainable_parameters,5.05959615111351e-05
toy2,neural_output_average,tensor_batched,tensor_batched,cuda,2048,5,1,1,0,5,toy2_gpu_core_neural_output_average_tensor_batched_2048_cuda_repeat01,2,neural_policy,output_average,social_loss_forward,0.0002196870045736432
toy2,neural_output_average,tensor_batched,tensor_batched,cuda,2048,5,1,1,0,5,toy2_gpu_core_neural_output_average_tensor_batched_2048_cuda_repeat01,2,neural_policy,output_average,social_autograd_grad,0.0003171319840475917
toy2,neural_output_average,tensor_batched,tensor_batched,cuda,2048,5,1,1,0,5,toy2_gpu_core_neural_output_average_tensor_batched_2048_cuda_repeat01,2,neural_policy,output_average,social_adam_update,0.0004968229914084077
toy2,neural_output_average,tensor_batched,tensor_batched,cuda,2048,5,1,1,0,5,toy2_gpu_core_neural_output_average_tensor_batched_2048_cuda_repeat01,2,neural_policy,output_average,social_optimizer_update,0.0008843289688229561
toy2,neural_output_average,tensor_batched,tensor_batched,cuda,2048,5,1,1,0,5,toy2_gpu_core_neural_output_average_tensor_batched_2048_cuda_repeat01,2,neural_policy,output_average,social_loss_update,0.0011322690406814218
toy2,neural_output_average,tensor_batched,tensor_batched,cuda,2048,5,1,1,0,5,toy2_gpu_core_neural_output_average_tensor_batched_2048_cuda_repeat01,2,neural_policy,output_average,social_distillation,0.0019547310657799244
toy2,neural_output_average,tensor_batched,tensor_batched,cuda,2048,5,1,1,0,5,toy2_gpu_core_neural_output_average_tensor_batched_2048_cuda_repeat01,2,neural_policy,output_average,social_step,0.0019787870114669204
toy2,neural_output_average,tensor_batched,tensor_batched,cuda,2048,5,1,1,0,5,toy2_gpu_core_neural_output_average_tensor_batched_2048_cuda_repeat01,2,neural_policy,output_average,sample_actions,7.102964445948601e-06
toy2,neural_output_average,tensor_batched,tensor_batched,cuda,2048,5,1,1,0,5,toy2_gpu_core_neural_output_average_tensor_batched_2048_cuda_repeat01,2,neural_policy,output_average,commit_actions,9.968993254005909e-06
toy2,neural_output_average,tensor_batched,tensor_batched,cuda,2048,5,1,1,0,5,toy2_gpu_core_neural_output_average_tensor_batched_2048_cuda_repeat01,2,neural_policy,output_average,post_step_state_policy,1.686194445937872e-05
toy2,neural_output_average,tensor_batched,tensor_batched,cuda,2048,5,1,1,0,5,toy2_gpu_core_neural_output_average_tensor_batched_2048_cuda_repeat01,2,neural_policy,output_average,update_payoff_ema,4.753097891807556e-05
toy2,neural_output_average,tensor_batched,tensor_batched,cuda,2048,5,1,1,0,5,toy2_gpu_core_neural_output_average_tensor_batched_2048_cuda_repeat01,2,neural_policy,output_average,update_reputation_ema,4.012696444988251e-05
toy2,neural_output_average,tensor_batched,tensor_batched,cuda,2048,5,1,1,0,5,toy2_gpu_core_neural_output_average_tensor_batched_2048_cuda_repeat01,2,neural_policy,output_average,mobility_swaps,0.00044808106031268835
toy2,neural_output_average,tensor_batched,tensor_batched,cuda,2048,5,1,1,0,5,toy2_gpu_core_neural_output_average_tensor_batched_2048_cuda_repeat01,2,neural_policy,output_average,finalize_hook_step,1.8754974007606506e-05
toy2,neural_output_average,tensor_batched,tensor_batched,cuda,2048,5,1,1,0,5,toy2_gpu_core_neural_output_average_tensor_batched_2048_cuda_repeat01,2,neural_policy,output_average,hooked_step_total,0.006301903980784118
toy2,neural_output_average,tensor_batched,tensor_batched,cuda,2048,5,1,1,0,5,toy2_gpu_core_neural_output_average_tensor_batched_2048_cuda_repeat01,2,neural_policy,output_average,aggregate_row,0.0023666329216212034
toy2,neural_output_average,tensor_batched,tensor_batched,cuda,2048,5,1,1,0,5,toy2_gpu_core_neural_output_average_tensor_batched_2048_cuda_repeat01,2,neural_policy,output_average,write_aggregate,3.936502616852522e-05
toy2,neural_output_average,tensor_batched,tensor_batched,cuda,2048,5,1,1,0,5,toy2_gpu_core_neural_output_average_tensor_batched_2048_cuda_repeat01,3,neural_policy,output_average,sample_revision_mask,1.8505961634218693e-05
toy2,neural_output_average,tensor_batched,tensor_batched,cuda,2048,5,1,1,0,5,toy2_gpu_core_neural_output_average_tensor_batched_2048_cuda_repeat01,3,neural_policy,output_average,build_step_context,1.1631986126303673e-05
toy2,neural_output_average,tensor_batched,tensor_batched,cuda,2048,5,1,1,0,5,toy2_gpu_core_neural_output_average_tensor_batched_2048_cuda_repeat01,3,neural_policy,output_average,neural_context_peers,6.362097337841988e-06
toy2,neural_output_average,tensor_batched,tensor_batched,cuda,2048,5,1,1,0,5,toy2_gpu_core_neural_output_average_tensor_batched_2048_cuda_repeat01,3,neural_policy,output_average,build_observations,0.00018308695871382952
toy2,neural_output_average,tensor_batched,tensor_batched,cuda,2048,5,1,1,0,5,toy2_gpu_core_neural_output_average_tensor_batched_2048_cuda_repeat01,3,neural_policy,output_average,policy_readout,0.00018723506946116686
toy2,neural_output_average,tensor_batched,tensor_batched,cuda,2048,5,1,1,0,5,toy2_gpu_core_neural_output_average_tensor_batched_2048_cuda_repeat01,3,neural_policy,output_average,decision_selection,0.00015358102973550558
toy2,neural_output_average,tensor_batched,tensor_batched,cuda,2048,5,1,1,0,5,toy2_gpu_core_neural_output_average_tensor_batched_2048_cuda_repeat01,3,neural_policy,output_average,local_trainable_parameters,5.577597767114639e-05
toy2,neural_output_average,tensor_batched,tensor_batched,cuda,2048,5,1,1,0,5,toy2_gpu_core_neural_output_average_tensor_batched_2048_cuda_repeat01,3,neural_policy,output_average,local_loss_forward,0.00028649403247982264
toy2,neural_output_average,tensor_batched,tensor_batched,cuda,2048,5,1,1,0,5,toy2_gpu_core_neural_output_average_tensor_batched_2048_cuda_repeat01,3,neural_policy,output_average,local_autograd_grad,0.00040396698750555515
toy2,neural_output_average,tensor_batched,tensor_batched,cuda,2048,5,1,1,0,5,toy2_gpu_core_neural_output_average_tensor_batched_2048_cuda_repeat01,3,neural_policy,output_average,local_adam_update,0.0005145659670233727
toy2,neural_output_average,tensor_batched,tensor_batched,cuda,2048,5,1,1,0,5,toy2_gpu_core_neural_output_average_tensor_batched_2048_cuda_repeat01,3,neural_policy,output_average,local_optimizer_update,0.0010014309082180262
toy2,neural_output_average,tensor_batched,tensor_batched,cuda,2048,5,1,1,0,5,toy2_gpu_core_neural_output_average_tensor_batched_2048_cuda_repeat01,3,neural_policy,output_average,local_loss_update,0.001316569047048688
toy2,neural_output_average,tensor_batched,tensor_batched,cuda,2048,5,1,1,0,5,toy2_gpu_core_neural_output_average_tensor_batched_2048_cuda_repeat01,3,neural_policy,output_average,local_training,0.0016334509709849954
toy2,neural_output_average,tensor_batched,tensor_batched,cuda,2048,5,1,1,0,5,toy2_gpu_core_neural_output_average_tensor_batched_2048_cuda_repeat01,3,neural_policy,output_average,cache_refresh,7.473980076611042e-06
toy2,neural_output_average,tensor_batched,tensor_batched,cuda,2048,5,1,1,0,5,toy2_gpu_core_neural_output_average_tensor_batched_2048_cuda_repeat01,3,neural_policy,output_average,post_local_readout,0.00016590498853474855
toy2,neural_output_average,tensor_batched,tensor_batched,cuda,2048,5,1,1,0,5,toy2_gpu_core_neural_output_average_tensor_batched_2048_cuda_repeat01,3,neural_policy,output_average,local_step,0.002961372025310993
toy2,neural_output_average,tensor_batched,tensor_batched,cuda,2048,5,1,1,0,5,toy2_gpu_core_neural_output_average_tensor_batched_2048_cuda_repeat01,3,neural_policy,output_average,select_peers,8.586910553276539e-06
toy2,neural_output_average,tensor_batched,tensor_batched,cuda,2048,5,1,1,0,5,toy2_gpu_core_neural_output_average_tensor_batched_2048_cuda_repeat01,3,neural_policy,output_average,social_mix,0.00041678198613226414
toy2,neural_output_average,tensor_batched,tensor_batched,cuda,2048,5,1,1,0,5,toy2_gpu_core_neural_output_average_tensor_batched_2048_cuda_repeat01,3,neural_policy,output_average,social_trainable_parameters,5.2318908274173737e-05
toy2,neural_output_average,tensor_batched,tensor_batched,cuda,2048,5,1,1,0,5,toy2_gpu_core_neural_output_average_tensor_batched_2048_cuda_repeat01,3,neural_policy,output_average,social_loss_forward,0.00022265291772782803
toy2,neural_output_average,tensor_batched,tensor_batched,cuda,2048,5,1,1,0,5,toy2_gpu_core_neural_output_average_tensor_batched_2048_cuda_repeat01,3,neural_policy,output_average,social_autograd_grad,0.0003331330372020602
toy2,neural_output_average,tensor_batched,tensor_batched,cuda,2048,5,1,1,0,5,toy2_gpu_core_neural_output_average_tensor_batched_2048_cuda_repeat01,3,neural_policy,output_average,social_adam_update,0.0005007910076528788
toy2,neural_output_average,tensor_batched,tensor_batched,cuda,2048,5,1,1,0,5,toy2_gpu_core_neural_output_average_tensor_batched_2048_cuda_repeat01,3,neural_policy,output_average,social_optimizer_update,0.0009023629827424884
toy2,neural_output_average,tensor_batched,tensor_batched,cuda,2048,5,1,1,0,5,toy2_gpu_core_neural_output_average_tensor_batched_2048_cuda_repeat01,3,neural_policy,output_average,social_loss_update,0.0011517169186845422
toy2,neural_output_average,tensor_batched,tensor_batched,cuda,2048,5,1,1,0,5,toy2_gpu_core_neural_output_average_tensor_batched_2048_cuda_repeat01,3,neural_policy,output_average,social_distillation,0.001993373967707157
toy2,neural_output_average,tensor_batched,tensor_batched,cuda,2048,5,1,1,0,5,toy2_gpu_core_neural_output_average_tensor_batched_2048_cuda_repeat01,3,neural_policy,output_average,social_step,0.0020169189665466547
toy2,neural_output_average,tensor_batched,tensor_batched,cuda,2048,5,1,1,0,5,toy2_gpu_core_neural_output_average_tensor_batched_2048_cuda_repeat01,3,neural_policy,output_average,sample_actions,6.3820043578743935e-06
toy2,neural_output_average,tensor_batched,tensor_batched,cuda,2048,5,1,1,0,5,toy2_gpu_core_neural_output_average_tensor_batched_2048_cuda_repeat01,3,neural_policy,output_average,commit_actions,1.0640011169016361e-05
toy2,neural_output_average,tensor_batched,tensor_batched,cuda,2048,5,1,1,0,5,toy2_gpu_core_neural_output_average_tensor_batched_2048_cuda_repeat01,3,neural_policy,output_average,post_step_state_policy,1.756299752742052e-05
toy2,neural_output_average,tensor_batched,tensor_batched,cuda,2048,5,1,1,0,5,toy2_gpu_core_neural_output_average_tensor_batched_2048_cuda_repeat01,3,neural_policy,output_average,update_payoff_ema,4.827091470360756e-05
toy2,neural_output_average,tensor_batched,tensor_batched,cuda,2048,5,1,1,0,5,toy2_gpu_core_neural_output_average_tensor_batched_2048_cuda_repeat01,3,neural_policy,output_average,update_reputation_ema,4.244106821715832e-05
toy2,neural_output_average,tensor_batched,tensor_batched,cuda,2048,5,1,1,0,5,toy2_gpu_core_neural_output_average_tensor_batched_2048_cuda_repeat01,3,neural_policy,output_average,mobility_swaps,0.0004229530459269881
toy2,neural_output_average,tensor_batched,tensor_batched,cuda,2048,5,1,1,0,5,toy2_gpu_core_neural_output_average_tensor_batched_2048_cuda_repeat01,3,neural_policy,output_average,finalize_hook_step,1.7662998288869858e-05
toy2,neural_output_average,tensor_batched,tensor_batched,cuda,2048,5,1,1,0,5,toy2_gpu_core_neural_output_average_tensor_batched_2048_cuda_repeat01,3,neural_policy,output_average,hooked_step_total,0.00624104798771441
toy2,neural_output_average,tensor_batched,tensor_batched,cuda,2048,5,1,1,0,5,toy2_gpu_core_neural_output_average_tensor_batched_2048_cuda_repeat01,3,neural_policy,output_average,aggregate_row,0.002167475060559809
toy2,neural_output_average,tensor_batched,tensor_batched,cuda,2048,5,1,1,0,5,toy2_gpu_core_neural_output_average_tensor_batched_2048_cuda_repeat01,3,neural_policy,output_average,write_aggregate,3.9965962059795856e-05
toy2,neural_output_average,tensor_batched,tensor_batched,cuda,2048,5,1,1,0,5,toy2_gpu_core_neural_output_average_tensor_batched_2048_cuda_repeat01,4,neural_policy,output_average,sample_revision_mask,1.819501630961895e-05
toy2,neural_output_average,tensor_batched,tensor_batched,cuda,2048,5,1,1,0,5,toy2_gpu_core_neural_output_average_tensor_batched_2048_cuda_repeat01,4,neural_policy,output_average,build_step_context,1.2123025953769684e-05
toy2,neural_output_average,tensor_batched,tensor_batched,cuda,2048,5,1,1,0,5,toy2_gpu_core_neural_output_average_tensor_batched_2048_cuda_repeat01,4,neural_policy,output_average,neural_context_peers,7.283990271389484e-06
toy2,neural_output_average,tensor_batched,tensor_batched,cuda,2048,5,1,1,0,5,toy2_gpu_core_neural_output_average_tensor_batched_2048_cuda_repeat01,4,neural_policy,output_average,build_observations,0.00017732591368258
toy2,neural_output_average,tensor_batched,tensor_batched,cuda,2048,5,1,1,0,5,toy2_gpu_core_neural_output_average_tensor_batched_2048_cuda_repeat01,4,neural_policy,output_average,policy_readout,0.00017734698485583067
toy2,neural_output_average,tensor_batched,tensor_batched,cuda,2048,5,1,1,0,5,toy2_gpu_core_neural_output_average_tensor_batched_2048_cuda_repeat01,4,neural_policy,output_average,decision_selection,0.0001533909235149622
toy2,neural_output_average,tensor_batched,tensor_batched,cuda,2048,5,1,1,0,5,toy2_gpu_core_neural_output_average_tensor_batched_2048_cuda_repeat01,4,neural_policy,output_average,local_trainable_parameters,5.484395660459995e-05
toy2,neural_output_average,tensor_batched,tensor_batched,cuda,2048,5,1,1,0,5,toy2_gpu_core_neural_output_average_tensor_batched_2048_cuda_repeat01,4,neural_policy,output_average,local_loss_forward,0.0002792599843814969
toy2,neural_output_average,tensor_batched,tensor_batched,cuda,2048,5,1,1,0,5,toy2_gpu_core_neural_output_average_tensor_batched_2048_cuda_repeat01,4,neural_policy,output_average,local_autograd_grad,0.0014899190282449126
toy2,neural_output_average,tensor_batched,tensor_batched,cuda,2048,5,1,1,0,5,toy2_gpu_core_neural_output_average_tensor_batched_2048_cuda_repeat01,4,neural_policy,output_average,local_adam_update,0.0007973030442371964
toy2,neural_output_average,tensor_batched,tensor_batched,cuda,2048,5,1,1,0,5,toy2_gpu_core_neural_output_average_tensor_batched_2048_cuda_repeat01,4,neural_policy,output_average,local_optimizer_update,0.002367944922298193
toy2,neural_output_average,tensor_batched,tensor_batched,cuda,2048,5,1,1,0,5,toy2_gpu_core_neural_output_average_tensor_batched_2048_cuda_repeat01,4,neural_policy,output_average,local_loss_update,0.0026746579678729177
toy2,neural_output_average,tensor_batched,tensor_batched,cuda,2048,5,1,1,0,5,toy2_gpu_core_neural_output_average_tensor_batched_2048_cuda_repeat01,4,neural_policy,output_average,local_training,0.002996449009515345
toy2,neural_output_average,tensor_batched,tensor_batched,cuda,2048,5,1,1,0,5,toy2_gpu_core_neural_output_average_tensor_batched_2048_cuda_repeat01,4,neural_policy,output_average,cache_refresh,7.272930815815926e-06
toy2,neural_output_average,tensor_batched,tensor_batched,cuda,2048,5,1,1,0,5,toy2_gpu_core_neural_output_average_tensor_batched_2048_cuda_repeat01,4,neural_policy,output_average,post_local_readout,0.0001666969619691372
toy2,neural_output_average,tensor_batched,tensor_batched,cuda,2048,5,1,1,0,5,toy2_gpu_core_neural_output_average_tensor_batched_2048_cuda_repeat01,4,neural_policy,output_average,local_step,0.004334499011747539
toy2,neural_output_average,tensor_batched,tensor_batched,cuda,2048,5,1,1,0,5,toy2_gpu_core_neural_output_average_tensor_batched_2048_cuda_repeat01,4,neural_policy,output_average,select_peers,9.056995622813702e-06
toy2,neural_output_average,tensor_batched,tensor_batched,cuda,2048,5,1,1,0,5,toy2_gpu_core_neural_output_average_tensor_batched_2048_cuda_repeat01,4,neural_policy,output_average,social_mix,0.0011278610909357667
toy2,neural_output_average,tensor_batched,tensor_batched,cuda,2048,5,1,1,0,5,toy2_gpu_core_neural_output_average_tensor_batched_2048_cuda_repeat01,4,neural_policy,output_average,social_trainable_parameters,5.2819959819316864e-05
toy2,neural_output_average,tensor_batched,tensor_batched,cuda,2048,5,1,1,0,5,toy2_gpu_core_neural_output_average_tensor_batched_2048_cuda_repeat01,4,neural_policy,output_average,social_loss_forward,0.00022252195049077272
toy2,neural_output_average,tensor_batched,tensor_batched,cuda,2048,5,1,1,0,5,toy2_gpu_core_neural_output_average_tensor_batched_2048_cuda_repeat01,4,neural_policy,output_average,social_autograd_grad,0.0004393740091472864
toy2,neural_output_average,tensor_batched,tensor_batched,cuda,2048,5,1,1,0,5,toy2_gpu_core_neural_output_average_tensor_batched_2048_cuda_repeat01,4,neural_policy,output_average,social_adam_update,0.001260052085854113
toy2,neural_output_average,tensor_batched,tensor_batched,cuda,2048,5,1,1,0,5,toy2_gpu_core_neural_output_average_tensor_batched_2048_cuda_repeat01,4,neural_policy,output_average,social_optimizer_update,0.0017740280600264668
toy2,neural_output_average,tensor_batched,tensor_batched,cuda,2048,5,1,1,0,5,toy2_gpu_core_neural_output_average_tensor_batched_2048_cuda_repeat01,4,neural_policy,output_average,social_loss_update,0.0020243130857124925
toy2,neural_output_average,tensor_batched,tensor_batched,cuda,2048,5,1,1,0,5,toy2_gpu_core_neural_output_average_tensor_batched_2048_cuda_repeat01,4,neural_policy,output_average,social_distillation,0.004524038988165557
toy2,neural_output_average,tensor_batched,tensor_batched,cuda,2048,5,1,1,0,5,toy2_gpu_core_neural_output_average_tensor_batched_2048_cuda_repeat01,4,neural_policy,output_average,social_step,0.004556771018542349
toy2,neural_output_average,tensor_batched,tensor_batched,cuda,2048,5,1,1,0,5,toy2_gpu_core_neural_output_average_tensor_batched_2048_cuda_repeat01,4,neural_policy,output_average,sample_actions,6.80296216160059e-06
toy2,neural_output_average,tensor_batched,tensor_batched,cuda,2048,5,1,1,0,5,toy2_gpu_core_neural_output_average_tensor_batched_2048_cuda_repeat01,4,neural_policy,output_average,commit_actions,1.096096821129322e-05
toy2,neural_output_average,tensor_batched,tensor_batched,cuda,2048,5,1,1,0,5,toy2_gpu_core_neural_output_average_tensor_batched_2048_cuda_repeat01,4,neural_policy,output_average,post_step_state_policy,2.1359999664127827e-05
toy2,neural_output_average,tensor_batched,tensor_batched,cuda,2048,5,1,1,0,5,toy2_gpu_core_neural_output_average_tensor_batched_2048_cuda_repeat01,4,neural_policy,output_average,update_payoff_ema,5.1418086513876915e-05
toy2,neural_output_average,tensor_batched,tensor_batched,cuda,2048,5,1,1,0,5,toy2_gpu_core_neural_output_average_tensor_batched_2048_cuda_repeat01,4,neural_policy,output_average,update_reputation_ema,4.329206421971321e-05
toy2,neural_output_average,tensor_batched,tensor_batched,cuda,2048,5,1,1,0,5,toy2_gpu_core_neural_output_average_tensor_batched_2048_cuda_repeat01,4,neural_policy,output_average,mobility_swaps,0.0004176730290055275
toy2,neural_output_average,tensor_batched,tensor_batched,cuda,2048,5,1,1,0,5,toy2_gpu_core_neural_output_average_tensor_batched_2048_cuda_repeat01,4,neural_policy,output_average,finalize_hook_step,1.8344959244132042e-05
toy2,neural_output_average,tensor_batched,tensor_batched,cuda,2048,5,1,1,0,5,toy2_gpu_core_neural_output_average_tensor_batched_2048_cuda_repeat01,4,neural_policy,output_average,hooked_step_total,0.011527364957146347
toy2,neural_output_average,tensor_batched,tensor_batched,cuda,2048,5,1,1,0,5,toy2_gpu_core_neural_output_average_tensor_batched_2048_cuda_repeat01,4,neural_policy,output_average,aggregate_row,0.001954760984517634
toy2,neural_output_average,tensor_batched,tensor_batched,cuda,2048,5,1,1,0,5,toy2_gpu_core_neural_output_average_tensor_batched_2048_cuda_repeat01,4,neural_policy,output_average,write_aggregate,4.0797051042318344e-05
toy2,neural_output_average,tensor_batched,tensor_batched,cuda,2048,5,1,1,0,5,toy2_gpu_core_neural_output_average_tensor_batched_2048_cuda_repeat01,5,neural_policy,output_average,sample_revision_mask,1.8415041267871857e-05
toy2,neural_output_average,tensor_batched,tensor_batched,cuda,2048,5,1,1,0,5,toy2_gpu_core_neural_output_average_tensor_batched_2048_cuda_repeat01,5,neural_policy,output_average,build_step_context,1.1671916581690311e-05
toy2,neural_output_average,tensor_batched,tensor_batched,cuda,2048,5,1,1,0,5,toy2_gpu_core_neural_output_average_tensor_batched_2048_cuda_repeat01,5,neural_policy,output_average,neural_context_peers,7.243943400681019e-06
toy2,neural_output_average,tensor_batched,tensor_batched,cuda,2048,5,1,1,0,5,toy2_gpu_core_neural_output_average_tensor_batched_2048_cuda_repeat01,5,neural_policy,output_average,build_observations,0.00018159497994929552
toy2,neural_output_average,tensor_batched,tensor_batched,cuda,2048,5,1,1,0,5,toy2_gpu_core_neural_output_average_tensor_batched_2048_cuda_repeat01,5,neural_policy,output_average,policy_readout,0.00018315797206014395
toy2,neural_output_average,tensor_batched,tensor_batched,cuda,2048,5,1,1,0,5,toy2_gpu_core_neural_output_average_tensor_batched_2048_cuda_repeat01,5,neural_policy,output_average,decision_selection,0.000167328049428761
toy2,neural_output_average,tensor_batched,tensor_batched,cuda,2048,5,1,1,0,5,toy2_gpu_core_neural_output_average_tensor_batched_2048_cuda_repeat01,5,neural_policy,output_average,local_trainable_parameters,5.4773990996181965e-05
toy2,neural_output_average,tensor_batched,tensor_batched,cuda,2048,5,1,1,0,5,toy2_gpu_core_neural_output_average_tensor_batched_2048_cuda_repeat01,5,neural_policy,output_average,local_loss_forward,0.00029473903123289347
toy2,neural_output_average,tensor_batched,tensor_batched,cuda,2048,5,1,1,0,5,toy2_gpu_core_neural_output_average_tensor_batched_2048_cuda_repeat01,5,neural_policy,output_average,local_autograd_grad,0.00044345203787088394
toy2,neural_output_average,tensor_batched,tensor_batched,cuda,2048,5,1,1,0,5,toy2_gpu_core_neural_output_average_tensor_batched_2048_cuda_repeat01,5,neural_policy,output_average,local_adam_update,0.0005107489414513111
toy2,neural_output_average,tensor_batched,tensor_batched,cuda,2048,5,1,1,0,5,toy2_gpu_core_neural_output_average_tensor_batched_2048_cuda_repeat01,5,neural_policy,output_average,local_optimizer_update,0.0010262680007144809
toy2,neural_output_average,tensor_batched,tensor_batched,cuda,2048,5,1,1,0,5,toy2_gpu_core_neural_output_average_tensor_batched_2048_cuda_repeat01,5,neural_policy,output_average,local_loss_update,0.001348600024357438
toy2,neural_output_average,tensor_batched,tensor_batched,cuda,2048,5,1,1,0,5,toy2_gpu_core_neural_output_average_tensor_batched_2048_cuda_repeat01,5,neural_policy,output_average,local_training,0.0016604019328951836
toy2,neural_output_average,tensor_batched,tensor_batched,cuda,2048,5,1,1,0,5,toy2_gpu_core_neural_output_average_tensor_batched_2048_cuda_repeat01,5,neural_policy,output_average,cache_refresh,7.0229871198534966e-06
toy2,neural_output_average,tensor_batched,tensor_batched,cuda,2048,5,1,1,0,5,toy2_gpu_core_neural_output_average_tensor_batched_2048_cuda_repeat01,5,neural_policy,output_average,post_local_readout,0.0001618770183995366
toy2,neural_output_average,tensor_batched,tensor_batched,cuda,2048,5,1,1,0,5,toy2_gpu_core_neural_output_average_tensor_batched_2048_cuda_repeat01,5,neural_policy,output_average,local_step,0.0029832839500159025
toy2,neural_output_average,tensor_batched,tensor_batched,cuda,2048,5,1,1,0,5,toy2_gpu_core_neural_output_average_tensor_batched_2048_cuda_repeat01,5,neural_policy,output_average,select_peers,9.989016689360142e-06
toy2,neural_output_average,tensor_batched,tensor_batched,cuda,2048,5,1,1,0,5,toy2_gpu_core_neural_output_average_tensor_batched_2048_cuda_repeat01,5,neural_policy,output_average,social_mix,0.00038082292303442955
toy2,neural_output_average,tensor_batched,tensor_batched,cuda,2048,5,1,1,0,5,toy2_gpu_core_neural_output_average_tensor_batched_2048_cuda_repeat01,5,neural_policy,output_average,social_trainable_parameters,5.0705973990261555e-05
toy2,neural_output_average,tensor_batched,tensor_batched,cuda,2048,5,1,1,0,5,toy2_gpu_core_neural_output_average_tensor_batched_2048_cuda_repeat01,5,neural_policy,output_average,social_loss_forward,0.00021100998856127262
toy2,neural_output_average,tensor_batched,tensor_batched,cuda,2048,5,1,1,0,5,toy2_gpu_core_neural_output_average_tensor_batched_2048_cuda_repeat01,5,neural_policy,output_average,social_autograd_grad,0.00032101990655064583
toy2,neural_output_average,tensor_batched,tensor_batched,cuda,2048,5,1,1,0,5,toy2_gpu_core_neural_output_average_tensor_batched_2048_cuda_repeat01,5,neural_policy,output_average,social_adam_update,0.0004902799846604466
toy2,neural_output_average,tensor_batched,tensor_batched,cuda,2048,5,1,1,0,5,toy2_gpu_core_neural_output_average_tensor_batched_2048_cuda_repeat01,5,neural_policy,output_average,social_optimizer_update,0.0008811730658635497
toy2,neural_output_average,tensor_batched,tensor_batched,cuda,2048,5,1,1,0,5,toy2_gpu_core_neural_output_average_tensor_batched_2048_cuda_repeat01,5,neural_policy,output_average,social_loss_update,0.0011197159765288234
toy2,neural_output_average,tensor_batched,tensor_batched,cuda,2048,5,1,1,0,5,toy2_gpu_core_neural_output_average_tensor_batched_2048_cuda_repeat01,5,neural_policy,output_average,social_distillation,0.0019311259966343641
toy2,neural_output_average,tensor_batched,tensor_batched,cuda,2048,5,1,1,0,5,toy2_gpu_core_neural_output_average_tensor_batched_2048_cuda_repeat01,5,neural_policy,output_average,social_step,0.001957116066478193
toy2,neural_output_average,tensor_batched,tensor_batched,cuda,2048,5,1,1,0,5,toy2_gpu_core_neural_output_average_tensor_batched_2048_cuda_repeat01,5,neural_policy,output_average,sample_actions,6.763031706213951e-06
toy2,neural_output_average,tensor_batched,tensor_batched,cuda,2048,5,1,1,0,5,toy2_gpu_core_neural_output_average_tensor_batched_2048_cuda_repeat01,5,neural_policy,output_average,commit_actions,1.049006823450327e-05
toy2,neural_output_average,tensor_batched,tensor_batched,cuda,2048,5,1,1,0,5,toy2_gpu_core_neural_output_average_tensor_batched_2048_cuda_repeat01,5,neural_policy,output_average,post_step_state_policy,1.8385006114840508e-05
toy2,neural_output_average,tensor_batched,tensor_batched,cuda,2048,5,1,1,0,5,toy2_gpu_core_neural_output_average_tensor_batched_2048_cuda_repeat01,5,neural_policy,output_average,update_payoff_ema,4.855298902839422e-05
toy2,neural_output_average,tensor_batched,tensor_batched,cuda,2048,5,1,1,0,5,toy2_gpu_core_neural_output_average_tensor_batched_2048_cuda_repeat01,5,neural_policy,output_average,update_reputation_ema,4.3002073653042316e-05
toy2,neural_output_average,tensor_batched,tensor_batched,cuda,2048,5,1,1,0,5,toy2_gpu_core_neural_output_average_tensor_batched_2048_cuda_repeat01,5,neural_policy,output_average,mobility_swaps,0.0004195370711386204
toy2,neural_output_average,tensor_batched,tensor_batched,cuda,2048,5,1,1,0,5,toy2_gpu_core_neural_output_average_tensor_batched_2048_cuda_repeat01,5,neural_policy,output_average,finalize_hook_step,1.7614103853702545e-05
toy2,neural_output_average,tensor_batched,tensor_batched,cuda,2048,5,1,1,0,5,toy2_gpu_core_neural_output_average_tensor_batched_2048_cuda_repeat01,5,neural_policy,output_average,hooked_step_total,0.006155165960080922
toy2,neural_output_average,tensor_batched,tensor_batched,cuda,2048,5,1,1,0,5,toy2_gpu_core_neural_output_average_tensor_batched_2048_cuda_repeat01,5,neural_policy,output_average,aggregate_row,0.0016753809759393334
toy2,neural_output_average,tensor_batched,tensor_batched,cuda,2048,5,1,1,0,5,toy2_gpu_core_neural_output_average_tensor_batched_2048_cuda_repeat01,5,neural_policy,output_average,write_aggregate,3.662006929516792e-05
toy2,neural_output_average,tensor_batched,tensor_batched,cuda,2048,5,1,2,0,5,toy2_gpu_core_neural_output_average_tensor_batched_2048_cuda_repeat02,0,neural_policy,output_average,make_run_dir,0.00036992295645177364
toy2,neural_output_average,tensor_batched,tensor_batched,cuda,2048,5,1,2,0,5,toy2_gpu_core_neural_output_average_tensor_batched_2048_cuda_repeat02,0,neural_policy,output_average,write_metadata,0.002565209986642003
toy2,neural_output_average,tensor_batched,tensor_batched,cuda,2048,5,1,2,0,5,toy2_gpu_core_neural_output_average_tensor_batched_2048_cuda_repeat02,0,neural_policy,output_average,initial_state,0.4191470369696617
toy2,neural_output_average,tensor_batched,tensor_batched,cuda,2048,5,1,2,0,5,toy2_gpu_core_neural_output_average_tensor_batched_2048_cuda_repeat02,0,neural_policy,output_average,writer_setup,0.0004348850343376398
toy2,neural_output_average,tensor_batched,tensor_batched,cuda,2048,5,1,2,0,5,toy2_gpu_core_neural_output_average_tensor_batched_2048_cuda_repeat02,0,neural_policy,output_average,initial_step_result,0.0022484579822048545
toy2,neural_output_average,tensor_batched,tensor_batched,cuda,2048,5,1,2,0,5,toy2_gpu_core_neural_output_average_tensor_batched_2048_cuda_repeat02,0,neural_policy,output_average,initial_aggregate_row,0.004333648015744984
toy2,neural_output_average,tensor_batched,tensor_batched,cuda,2048,5,1,2,0,5,toy2_gpu_core_neural_output_average_tensor_batched_2048_cuda_repeat02,0,neural_policy,output_average,write_initial_aggregate,4.335201811045408e-05
toy2,neural_output_average,tensor_batched,tensor_batched,cuda,2048,5,1,2,0,5,toy2_gpu_core_neural_output_average_tensor_batched_2048_cuda_repeat02,1,neural_policy,output_average,sample_revision_mask,2.1971063688397408e-05
toy2,neural_output_average,tensor_batched,tensor_batched,cuda,2048,5,1,2,0,5,toy2_gpu_core_neural_output_average_tensor_batched_2048_cuda_repeat02,1,neural_policy,output_average,build_step_context,1.4598015695810318e-05
toy2,neural_output_average,tensor_batched,tensor_batched,cuda,2048,5,1,2,0,5,toy2_gpu_core_neural_output_average_tensor_batched_2048_cuda_repeat02,1,neural_policy,output_average,neural_context_peers,7.272930815815926e-06
toy2,neural_output_average,tensor_batched,tensor_batched,cuda,2048,5,1,2,0,5,toy2_gpu_core_neural_output_average_tensor_batched_2048_cuda_repeat02,1,neural_policy,output_average,build_observations,0.00018596299923956394
toy2,neural_output_average,tensor_batched,tensor_batched,cuda,2048,5,1,2,0,5,toy2_gpu_core_neural_output_average_tensor_batched_2048_cuda_repeat02,1,neural_policy,output_average,policy_readout,0.0001882370561361313
toy2,neural_output_average,tensor_batched,tensor_batched,cuda,2048,5,1,2,0,5,toy2_gpu_core_neural_output_average_tensor_batched_2048_cuda_repeat02,1,neural_policy,output_average,decision_selection,0.00035248894710093737
toy2,neural_output_average,tensor_batched,tensor_batched,cuda,2048,5,1,2,0,5,toy2_gpu_core_neural_output_average_tensor_batched_2048_cuda_repeat02,1,neural_policy,output_average,local_trainable_parameters,7.213698700070381e-05
toy2,neural_output_average,tensor_batched,tensor_batched,cuda,2048,5,1,2,0,5,toy2_gpu_core_neural_output_average_tensor_batched_2048_cuda_repeat02,1,neural_policy,output_average,local_loss_forward,0.00044065702240914106
toy2,neural_output_average,tensor_batched,tensor_batched,cuda,2048,5,1,2,0,5,toy2_gpu_core_neural_output_average_tensor_batched_2048_cuda_repeat02,1,neural_policy,output_average,local_autograd_grad,0.0008743099169805646
toy2,neural_output_average,tensor_batched,tensor_batched,cuda,2048,5,1,2,0,5,toy2_gpu_core_neural_output_average_tensor_batched_2048_cuda_repeat02,1,neural_policy,output_average,local_adam_update,0.000663899932987988
toy2,neural_output_average,tensor_batched,tensor_batched,cuda,2048,5,1,2,0,5,toy2_gpu_core_neural_output_average_tensor_batched_2048_cuda_repeat02,1,neural_policy,output_average,local_optimizer_update,0.0016294940141960979
toy2,neural_output_average,tensor_batched,tensor_batched,cuda,2048,5,1,2,0,5,toy2_gpu_core_neural_output_average_tensor_batched_2048_cuda_repeat02,1,neural_policy,output_average,local_loss_update,0.002098914934322238
toy2,neural_output_average,tensor_batched,tensor_batched,cuda,2048,5,1,2,0,5,toy2_gpu_core_neural_output_average_tensor_batched_2048_cuda_repeat02,1,neural_policy,output_average,local_training,0.0025324280140921474
toy2,neural_output_average,tensor_batched,tensor_batched,cuda,2048,5,1,2,0,5,toy2_gpu_core_neural_output_average_tensor_batched_2048_cuda_repeat02,1,neural_policy,output_average,cache_refresh,7.683993317186832e-06
toy2,neural_output_average,tensor_batched,tensor_batched,cuda,2048,5,1,2,0,5,toy2_gpu_core_neural_output_average_tensor_batched_2048_cuda_repeat02,1,neural_policy,output_average,post_local_readout,0.0001690209610387683
toy2,neural_output_average,tensor_batched,tensor_batched,cuda,2048,5,1,2,0,5,toy2_gpu_core_neural_output_average_tensor_batched_2048_cuda_repeat02,1,neural_policy,output_average,local_step,0.004185516037978232
toy2,neural_output_average,tensor_batched,tensor_batched,cuda,2048,5,1,2,0,5,toy2_gpu_core_neural_output_average_tensor_batched_2048_cuda_repeat02,1,neural_policy,output_average,select_peers,9.647919796407223e-06
toy2,neural_output_average,tensor_batched,tensor_batched,cuda,2048,5,1,2,0,5,toy2_gpu_core_neural_output_average_tensor_batched_2048_cuda_repeat02,1,neural_policy,output_average,social_mix,0.0004552139434963465
toy2,neural_output_average,tensor_batched,tensor_batched,cuda,2048,5,1,2,0,5,toy2_gpu_core_neural_output_average_tensor_batched_2048_cuda_repeat02,1,neural_policy,output_average,social_trainable_parameters,5.096697714179754e-05
toy2,neural_output_average,tensor_batched,tensor_batched,cuda,2048,5,1,2,0,5,toy2_gpu_core_neural_output_average_tensor_batched_2048_cuda_repeat02,1,neural_policy,output_average,social_loss_forward,0.00022886402439326048
toy2,neural_output_average,tensor_batched,tensor_batched,cuda,2048,5,1,2,0,5,toy2_gpu_core_neural_output_average_tensor_batched_2048_cuda_repeat02,1,neural_policy,output_average,social_autograd_grad,0.00035274901892989874
toy2,neural_output_average,tensor_batched,tensor_batched,cuda,2048,5,1,2,0,5,toy2_gpu_core_neural_output_average_tensor_batched_2048_cuda_repeat02,1,neural_policy,output_average,social_adam_update,0.0005017219809815288
toy2,neural_output_average,tensor_batched,tensor_batched,cuda,2048,5,1,2,0,5,toy2_gpu_core_neural_output_average_tensor_batched_2048_cuda_repeat02,1,neural_policy,output_average,social_optimizer_update,0.0009251360315829515
toy2,neural_output_average,tensor_batched,tensor_batched,cuda,2048,5,1,2,0,5,toy2_gpu_core_neural_output_average_tensor_batched_2048_cuda_repeat02,1,neural_policy,output_average,social_loss_update,0.00118103192653507
toy2,neural_output_average,tensor_batched,tensor_batched,cuda,2048,5,1,2,0,5,toy2_gpu_core_neural_output_average_tensor_batched_2048_cuda_repeat02,1,neural_policy,output_average,social_distillation,0.0020844279788434505
toy2,neural_output_average,tensor_batched,tensor_batched,cuda,2048,5,1,2,0,5,toy2_gpu_core_neural_output_average_tensor_batched_2048_cuda_repeat02,1,neural_policy,output_average,social_step,0.00210988603066653
toy2,neural_output_average,tensor_batched,tensor_batched,cuda,2048,5,1,2,0,5,toy2_gpu_core_neural_output_average_tensor_batched_2048_cuda_repeat02,1,neural_policy,output_average,sample_actions,6.843009032309055e-06
toy2,neural_output_average,tensor_batched,tensor_batched,cuda,2048,5,1,2,0,5,toy2_gpu_core_neural_output_average_tensor_batched_2048_cuda_repeat02,1,neural_policy,output_average,commit_actions,9.979004971683025e-06
toy2,neural_output_average,tensor_batched,tensor_batched,cuda,2048,5,1,2,0,5,toy2_gpu_core_neural_output_average_tensor_batched_2048_cuda_repeat02,1,neural_policy,output_average,post_step_state_policy,2.9947026632726192e-05
toy2,neural_output_average,tensor_batched,tensor_batched,cuda,2048,5,1,2,0,5,toy2_gpu_core_neural_output_average_tensor_batched_2048_cuda_repeat02,1,neural_policy,output_average,update_payoff_ema,5.141703877598047e-05
toy2,neural_output_average,tensor_batched,tensor_batched,cuda,2048,5,1,2,0,5,toy2_gpu_core_neural_output_average_tensor_batched_2048_cuda_repeat02,1,neural_policy,output_average,update_reputation_ema,4.19089337810874e-05
toy2,neural_output_average,tensor_batched,tensor_batched,cuda,2048,5,1,2,0,5,toy2_gpu_core_neural_output_average_tensor_batched_2048_cuda_repeat02,1,neural_policy,output_average,mobility_swaps,0.00045026501175016165
toy2,neural_output_average,tensor_batched,tensor_batched,cuda,2048,5,1,2,0,5,toy2_gpu_core_neural_output_average_tensor_batched_2048_cuda_repeat02,1,neural_policy,output_average,finalize_hook_step,1.8295017071068287e-05
toy2,neural_output_average,tensor_batched,tensor_batched,cuda,2048,5,1,2,0,5,toy2_gpu_core_neural_output_average_tensor_batched_2048_cuda_repeat02,1,neural_policy,output_average,hooked_step_total,0.007710648933425546
toy2,neural_output_average,tensor_batched,tensor_batched,cuda,2048,5,1,2,0,5,toy2_gpu_core_neural_output_average_tensor_batched_2048_cuda_repeat02,1,neural_policy,output_average,aggregate_row,0.002516958978958428
toy2,neural_output_average,tensor_batched,tensor_batched,cuda,2048,5,1,2,0,5,toy2_gpu_core_neural_output_average_tensor_batched_2048_cuda_repeat02,1,neural_policy,output_average,write_aggregate,3.697990905493498e-05
toy2,neural_output_average,tensor_batched,tensor_batched,cuda,2048,5,1,2,0,5,toy2_gpu_core_neural_output_average_tensor_batched_2048_cuda_repeat02,2,neural_policy,output_average,sample_revision_mask,1.79739436134696e-05
toy2,neural_output_average,tensor_batched,tensor_batched,cuda,2048,5,1,2,0,5,toy2_gpu_core_neural_output_average_tensor_batched_2048_cuda_repeat02,2,neural_policy,output_average,build_step_context,1.0419986210763454e-05
toy2,neural_output_average,tensor_batched,tensor_batched,cuda,2048,5,1,2,0,5,toy2_gpu_core_neural_output_average_tensor_batched_2048_cuda_repeat02,2,neural_policy,output_average,neural_context_peers,6.441958248615265e-06
toy2,neural_output_average,tensor_batched,tensor_batched,cuda,2048,5,1,2,0,5,toy2_gpu_core_neural_output_average_tensor_batched_2048_cuda_repeat02,2,neural_policy,output_average,build_observations,0.00016614608466625214
toy2,neural_output_average,tensor_batched,tensor_batched,cuda,2048,5,1,2,0,5,toy2_gpu_core_neural_output_average_tensor_batched_2048_cuda_repeat02,2,neural_policy,output_average,policy_readout,0.0001809439854696393
toy2,neural_output_average,tensor_batched,tensor_batched,cuda,2048,5,1,2,0,5,toy2_gpu_core_neural_output_average_tensor_batched_2048_cuda_repeat02,2,neural_policy,output_average,decision_selection,0.00018534203991293907
toy2,neural_output_average,tensor_batched,tensor_batched,cuda,2048,5,1,2,0,5,toy2_gpu_core_neural_output_average_tensor_batched_2048_cuda_repeat02,2,neural_policy,output_average,local_trainable_parameters,7.227691821753979e-05
toy2,neural_output_average,tensor_batched,tensor_batched,cuda,2048,5,1,2,0,5,toy2_gpu_core_neural_output_average_tensor_batched_2048_cuda_repeat02,2,neural_policy,output_average,local_loss_forward,0.00033723004162311554
toy2,neural_output_average,tensor_batched,tensor_batched,cuda,2048,5,1,2,0,5,toy2_gpu_core_neural_output_average_tensor_batched_2048_cuda_repeat02,2,neural_policy,output_average,local_autograd_grad,0.0005114810774102807
toy2,neural_output_average,tensor_batched,tensor_batched,cuda,2048,5,1,2,0,5,toy2_gpu_core_neural_output_average_tensor_batched_2048_cuda_repeat02,2,neural_policy,output_average,local_adam_update,0.0004953909665346146
toy2,neural_output_average,tensor_batched,tensor_batched,cuda,2048,5,1,2,0,5,toy2_gpu_core_neural_output_average_tensor_batched_2048_cuda_repeat02,2,neural_policy,output_average,local_optimizer_update,0.0010789989028126001
toy2,neural_output_average,tensor_batched,tensor_batched,cuda,2048,5,1,2,0,5,toy2_gpu_core_neural_output_average_tensor_batched_2048_cuda_repeat02,2,neural_policy,output_average,local_loss_update,0.001446416019462049
toy2,neural_output_average,tensor_batched,tensor_batched,cuda,2048,5,1,2,0,5,toy2_gpu_core_neural_output_average_tensor_batched_2048_cuda_repeat02,2,neural_policy,output_average,local_training,0.0020406940020620823
toy2,neural_output_average,tensor_batched,tensor_batched,cuda,2048,5,1,2,0,5,toy2_gpu_core_neural_output_average_tensor_batched_2048_cuda_repeat02,2,neural_policy,output_average,cache_refresh,7.424037903547287e-06
toy2,neural_output_average,tensor_batched,tensor_batched,cuda,2048,5,1,2,0,5,toy2_gpu_core_neural_output_average_tensor_batched_2048_cuda_repeat02,2,neural_policy,output_average,post_local_readout,0.00017062400002032518
toy2,neural_output_average,tensor_batched,tensor_batched,cuda,2048,5,1,2,0,5,toy2_gpu_core_neural_output_average_tensor_batched_2048_cuda_repeat02,2,neural_policy,output_average,local_step,0.0035272660898044705
toy2,neural_output_average,tensor_batched,tensor_batched,cuda,2048,5,1,2,0,5,toy2_gpu_core_neural_output_average_tensor_batched_2048_cuda_repeat02,2,neural_policy,output_average,select_peers,8.867005817592144e-06
toy2,neural_output_average,tensor_batched,tensor_batched,cuda,2048,5,1,2,0,5,toy2_gpu_core_neural_output_average_tensor_batched_2048_cuda_repeat02,2,neural_policy,output_average,social_mix,0.00038208498153835535
toy2,neural_output_average,tensor_batched,tensor_batched,cuda,2048,5,1,2,0,5,toy2_gpu_core_neural_output_average_tensor_batched_2048_cuda_repeat02,2,neural_policy,output_average,social_trainable_parameters,5.42930793017149e-05
toy2,neural_output_average,tensor_batched,tensor_batched,cuda,2048,5,1,2,0,5,toy2_gpu_core_neural_output_average_tensor_batched_2048_cuda_repeat02,2,neural_policy,output_average,social_loss_forward,0.00022044801153242588
toy2,neural_output_average,tensor_batched,tensor_batched,cuda,2048,5,1,2,0,5,toy2_gpu_core_neural_output_average_tensor_batched_2048_cuda_repeat02,2,neural_policy,output_average,social_autograd_grad,0.00031582999508827925
toy2,neural_output_average,tensor_batched,tensor_batched,cuda,2048,5,1,2,0,5,toy2_gpu_core_neural_output_average_tensor_batched_2048_cuda_repeat02,2,neural_policy,output_average,social_adam_update,0.0005980959394946694
toy2,neural_output_average,tensor_batched,tensor_batched,cuda,2048,5,1,2,0,5,toy2_gpu_core_neural_output_average_tensor_batched_2048_cuda_repeat02,2,neural_policy,output_average,social_optimizer_update,0.0009861020371317863
toy2,neural_output_average,tensor_batched,tensor_batched,cuda,2048,5,1,2,0,5,toy2_gpu_core_neural_output_average_tensor_batched_2048_cuda_repeat02,2,neural_policy,output_average,social_loss_update,0.0012394730001688004
toy2,neural_output_average,tensor_batched,tensor_batched,cuda,2048,5,1,2,0,5,toy2_gpu_core_neural_output_average_tensor_batched_2048_cuda_repeat02,2,neural_policy,output_average,social_distillation,0.0020944069838151336
toy2,neural_output_average,tensor_batched,tensor_batched,cuda,2048,5,1,2,0,5,toy2_gpu_core_neural_output_average_tensor_batched_2048_cuda_repeat02,2,neural_policy,output_average,social_step,0.0021185920340940356
toy2,neural_output_average,tensor_batched,tensor_batched,cuda,2048,5,1,2,0,5,toy2_gpu_core_neural_output_average_tensor_batched_2048_cuda_repeat02,2,neural_policy,output_average,sample_actions,6.571994163095951e-06
toy2,neural_output_average,tensor_batched,tensor_batched,cuda,2048,5,1,2,0,5,toy2_gpu_core_neural_output_average_tensor_batched_2048_cuda_repeat02,2,neural_policy,output_average,commit_actions,1.0599964298307896e-05
toy2,neural_output_average,tensor_batched,tensor_batched,cuda,2048,5,1,2,0,5,toy2_gpu_core_neural_output_average_tensor_batched_2048_cuda_repeat02,2,neural_policy,output_average,post_step_state_policy,1.7924001440405846e-05
toy2,neural_output_average,tensor_batched,tensor_batched,cuda,2048,5,1,2,0,5,toy2_gpu_core_neural_output_average_tensor_batched_2048_cuda_repeat02,2,neural_policy,output_average,update_payoff_ema,9.21949977055192e-05
toy2,neural_output_average,tensor_batched,tensor_batched,cuda,2048,5,1,2,0,5,toy2_gpu_core_neural_output_average_tensor_batched_2048_cuda_repeat02,2,neural_policy,output_average,update_reputation_ema,4.46750782430172e-05
toy2,neural_output_average,tensor_batched,tensor_batched,cuda,2048,5,1,2,0,5,toy2_gpu_core_neural_output_average_tensor_batched_2048_cuda_repeat02,2,neural_policy,output_average,mobility_swaps,0.00043868308421224356
toy2,neural_output_average,tensor_batched,tensor_batched,cuda,2048,5,1,2,0,5,toy2_gpu_core_neural_output_average_tensor_batched_2048_cuda_repeat02,2,neural_policy,output_average,finalize_hook_step,1.8925988115370274e-05
toy2,neural_output_average,tensor_batched,tensor_batched,cuda,2048,5,1,2,0,5,toy2_gpu_core_neural_output_average_tensor_batched_2048_cuda_repeat02,2,neural_policy,output_average,hooked_step_total,0.006955715944059193
toy2,neural_output_average,tensor_batched,tensor_batched,cuda,2048,5,1,2,0,5,toy2_gpu_core_neural_output_average_tensor_batched_2048_cuda_repeat02,2,neural_policy,output_average,aggregate_row,0.0023573359940201044
toy2,neural_output_average,tensor_batched,tensor_batched,cuda,2048,5,1,2,0,5,toy2_gpu_core_neural_output_average_tensor_batched_2048_cuda_repeat02,2,neural_policy,output_average,write_aggregate,3.6048004403710365e-05
toy2,neural_output_average,tensor_batched,tensor_batched,cuda,2048,5,1,2,0,5,toy2_gpu_core_neural_output_average_tensor_batched_2048_cuda_repeat02,3,neural_policy,output_average,sample_revision_mask,1.7732963897287846e-05
toy2,neural_output_average,tensor_batched,tensor_batched,cuda,2048,5,1,2,0,5,toy2_gpu_core_neural_output_average_tensor_batched_2048_cuda_repeat02,3,neural_policy,output_average,build_step_context,1.0841060429811478e-05
toy2,neural_output_average,tensor_batched,tensor_batched,cuda,2048,5,1,2,0,5,toy2_gpu_core_neural_output_average_tensor_batched_2048_cuda_repeat02,3,neural_policy,output_average,neural_context_peers,7.082941010594368e-06
toy2,neural_output_average,tensor_batched,tensor_batched,cuda,2048,5,1,2,0,5,toy2_gpu_core_neural_output_average_tensor_batched_2048_cuda_repeat02,3,neural_policy,output_average,build_observations,0.00019079202320426702
toy2,neural_output_average,tensor_batched,tensor_batched,cuda,2048,5,1,2,0,5,toy2_gpu_core_neural_output_average_tensor_batched_2048_cuda_repeat02,3,neural_policy,output_average,policy_readout,0.00017199700232595205
toy2,neural_output_average,tensor_batched,tensor_batched,cuda,2048,5,1,2,0,5,toy2_gpu_core_neural_output_average_tensor_batched_2048_cuda_repeat02,3,neural_policy,output_average,decision_selection,0.0001907719997689128
toy2,neural_output_average,tensor_batched,tensor_batched,cuda,2048,5,1,2,0,5,toy2_gpu_core_neural_output_average_tensor_batched_2048_cuda_repeat02,3,neural_policy,output_average,local_trainable_parameters,5.6728022173047066e-05
toy2,neural_output_average,tensor_batched,tensor_batched,cuda,2048,5,1,2,0,5,toy2_gpu_core_neural_output_average_tensor_batched_2048_cuda_repeat02,3,neural_policy,output_average,local_loss_forward,0.0002966029569506645
toy2,neural_output_average,tensor_batched,tensor_batched,cuda,2048,5,1,2,0,5,toy2_gpu_core_neural_output_average_tensor_batched_2048_cuda_repeat02,3,neural_policy,output_average,local_autograd_grad,0.0006418380653485656
toy2,neural_output_average,tensor_batched,tensor_batched,cuda,2048,5,1,2,0,5,toy2_gpu_core_neural_output_average_tensor_batched_2048_cuda_repeat02,3,neural_policy,output_average,local_adam_update,0.0005141060100868344
toy2,neural_output_average,tensor_batched,tensor_batched,cuda,2048,5,1,2,0,5,toy2_gpu_core_neural_output_average_tensor_batched_2048_cuda_repeat02,3,neural_policy,output_average,local_optimizer_update,0.0012294139014557004
toy2,neural_output_average,tensor_batched,tensor_batched,cuda,2048,5,1,2,0,5,toy2_gpu_core_neural_output_average_tensor_batched_2048_cuda_repeat02,3,neural_policy,output_average,local_loss_update,0.0015536700375378132
toy2,neural_output_average,tensor_batched,tensor_batched,cuda,2048,5,1,2,0,5,toy2_gpu_core_neural_output_average_tensor_batched_2048_cuda_repeat02,3,neural_policy,output_average,local_training,0.001933551044203341
toy2,neural_output_average,tensor_batched,tensor_batched,cuda,2048,5,1,2,0,5,toy2_gpu_core_neural_output_average_tensor_batched_2048_cuda_repeat02,3,neural_policy,output_average,cache_refresh,7.183058187365532e-06
toy2,neural_output_average,tensor_batched,tensor_batched,cuda,2048,5,1,2,0,5,toy2_gpu_core_neural_output_average_tensor_batched_2048_cuda_repeat02,3,neural_policy,output_average,post_local_readout,0.0001680899877101183
toy2,neural_output_average,tensor_batched,tensor_batched,cuda,2048,5,1,2,0,5,toy2_gpu_core_neural_output_average_tensor_batched_2048_cuda_repeat02,3,neural_policy,output_average,local_step,0.0033851669868454337
toy2,neural_output_average,tensor_batched,tensor_batched,cuda,2048,5,1,2,0,5,toy2_gpu_core_neural_output_average_tensor_batched_2048_cuda_repeat02,3,neural_policy,output_average,select_peers,9.528943337500095e-06
toy2,neural_output_average,tensor_batched,tensor_batched,cuda,2048,5,1,2,0,5,toy2_gpu_core_neural_output_average_tensor_batched_2048_cuda_repeat02,3,neural_policy,output_average,social_mix,0.0028287810273468494
toy2,neural_output_average,tensor_batched,tensor_batched,cuda,2048,5,1,2,0,5,toy2_gpu_core_neural_output_average_tensor_batched_2048_cuda_repeat02,3,neural_policy,output_average,social_trainable_parameters,6.951193790882826e-05
toy2,neural_output_average,tensor_batched,tensor_batched,cuda,2048,5,1,2,0,5,toy2_gpu_core_neural_output_average_tensor_batched_2048_cuda_repeat02,3,neural_policy,output_average,social_loss_forward,0.000285772024653852
toy2,neural_output_average,tensor_batched,tensor_batched,cuda,2048,5,1,2,0,5,toy2_gpu_core_neural_output_average_tensor_batched_2048_cuda_repeat02,3,neural_policy,output_average,social_autograd_grad,0.0004904709057882428
toy2,neural_output_average,tensor_batched,tensor_batched,cuda,2048,5,1,2,0,5,toy2_gpu_core_neural_output_average_tensor_batched_2048_cuda_repeat02,3,neural_policy,output_average,social_adam_update,0.0006757730152457952
toy2,neural_output_average,tensor_batched,tensor_batched,cuda,2048,5,1,2,0,5,toy2_gpu_core_neural_output_average_tensor_batched_2048_cuda_repeat02,3,neural_policy,output_average,social_optimizer_update,0.0012475480325520039
toy2,neural_output_average,tensor_batched,tensor_batched,cuda,2048,5,1,2,0,5,toy2_gpu_core_neural_output_average_tensor_batched_2048_cuda_repeat02,3,neural_policy,output_average,social_loss_update,0.0015611039707437158
toy2,neural_output_average,tensor_batched,tensor_batched,cuda,2048,5,1,2,0,5,toy2_gpu_core_neural_output_average_tensor_batched_2048_cuda_repeat02,3,neural_policy,output_average,social_distillation,0.004933185991831124
toy2,neural_output_average,tensor_batched,tensor_batched,cuda,2048,5,1,2,0,5,toy2_gpu_core_neural_output_average_tensor_batched_2048_cuda_repeat02,3,neural_policy,output_average,social_step,0.004958614008501172
toy2,neural_output_average,tensor_batched,tensor_batched,cuda,2048,5,1,2,0,5,toy2_gpu_core_neural_output_average_tensor_batched_2048_cuda_repeat02,3,neural_policy,output_average,sample_actions,7.424037903547287e-06
toy2,neural_output_average,tensor_batched,tensor_batched,cuda,2048,5,1,2,0,5,toy2_gpu_core_neural_output_average_tensor_batched_2048_cuda_repeat02,3,neural_policy,output_average,commit_actions,1.2362957932054996e-05
toy2,neural_output_average,tensor_batched,tensor_batched,cuda,2048,5,1,2,0,5,toy2_gpu_core_neural_output_average_tensor_batched_2048_cuda_repeat02,3,neural_policy,output_average,post_step_state_policy,3.560795448720455e-05
toy2,neural_output_average,tensor_batched,tensor_batched,cuda,2048,5,1,2,0,5,toy2_gpu_core_neural_output_average_tensor_batched_2048_cuda_repeat02,3,neural_policy,output_average,update_payoff_ema,8.795701432973146e-05
toy2,neural_output_average,tensor_batched,tensor_batched,cuda,2048,5,1,2,0,5,toy2_gpu_core_neural_output_average_tensor_batched_2048_cuda_repeat02,3,neural_policy,output_average,update_reputation_ema,5.143694579601288e-05
toy2,neural_output_average,tensor_batched,tensor_batched,cuda,2048,5,1,2,0,5,toy2_gpu_core_neural_output_average_tensor_batched_2048_cuda_repeat02,3,neural_policy,output_average,mobility_swaps,0.0007079140050336719
toy2,neural_output_average,tensor_batched,tensor_batched,cuda,2048,5,1,2,0,5,toy2_gpu_core_neural_output_average_tensor_batched_2048_cuda_repeat02,3,neural_policy,output_average,finalize_hook_step,2.345407847315073e-05
toy2,neural_output_average,tensor_batched,tensor_batched,cuda,2048,5,1,2,0,5,toy2_gpu_core_neural_output_average_tensor_batched_2048_cuda_repeat02,3,neural_policy,output_average,hooked_step_total,0.010203721933066845
toy2,neural_output_average,tensor_batched,tensor_batched,cuda,2048,5,1,2,0,5,toy2_gpu_core_neural_output_average_tensor_batched_2048_cuda_repeat02,3,neural_policy,output_average,aggregate_row,0.0028023800114169717
toy2,neural_output_average,tensor_batched,tensor_batched,cuda,2048,5,1,2,0,5,toy2_gpu_core_neural_output_average_tensor_batched_2048_cuda_repeat02,3,neural_policy,output_average,write_aggregate,6.101606413722038e-05
toy2,neural_output_average,tensor_batched,tensor_batched,cuda,2048,5,1,2,0,5,toy2_gpu_core_neural_output_average_tensor_batched_2048_cuda_repeat02,4,neural_policy,output_average,sample_revision_mask,1.917604822665453e-05
toy2,neural_output_average,tensor_batched,tensor_batched,cuda,2048,5,1,2,0,5,toy2_gpu_core_neural_output_average_tensor_batched_2048_cuda_repeat02,4,neural_policy,output_average,build_step_context,1.2162956409156322e-05
toy2,neural_output_average,tensor_batched,tensor_batched,cuda,2048,5,1,2,0,5,toy2_gpu_core_neural_output_average_tensor_batched_2048_cuda_repeat02,4,neural_policy,output_average,neural_context_peers,7.704016752541065e-06
toy2,neural_output_average,tensor_batched,tensor_batched,cuda,2048,5,1,2,0,5,toy2_gpu_core_neural_output_average_tensor_batched_2048_cuda_repeat02,4,neural_policy,output_average,build_observations,0.00023311295080929995
toy2,neural_output_average,tensor_batched,tensor_batched,cuda,2048,5,1,2,0,5,toy2_gpu_core_neural_output_average_tensor_batched_2048_cuda_repeat02,4,neural_policy,output_average,policy_readout,0.0012734470656141639
toy2,neural_output_average,tensor_batched,tensor_batched,cuda,2048,5,1,2,0,5,toy2_gpu_core_neural_output_average_tensor_batched_2048_cuda_repeat02,4,neural_policy,output_average,decision_selection,0.001230334979481995
toy2,neural_output_average,tensor_batched,tensor_batched,cuda,2048,5,1,2,0,5,toy2_gpu_core_neural_output_average_tensor_batched_2048_cuda_repeat02,4,neural_policy,output_average,local_trainable_parameters,6.268895231187344e-05
toy2,neural_output_average,tensor_batched,tensor_batched,cuda,2048,5,1,2,0,5,toy2_gpu_core_neural_output_average_tensor_batched_2048_cuda_repeat02,4,neural_policy,output_average,local_loss_forward,0.00038242607843130827
toy2,neural_output_average,tensor_batched,tensor_batched,cuda,2048,5,1,2,0,5,toy2_gpu_core_neural_output_average_tensor_batched_2048_cuda_repeat02,4,neural_policy,output_average,local_autograd_grad,0.0011043270351365209
toy2,neural_output_average,tensor_batched,tensor_batched,cuda,2048,5,1,2,0,5,toy2_gpu_core_neural_output_average_tensor_batched_2048_cuda_repeat02,4,neural_policy,output_average,local_adam_update,0.0012923239264637232
toy2,neural_output_average,tensor_batched,tensor_batched,cuda,2048,5,1,2,0,5,toy2_gpu_core_neural_output_average_tensor_batched_2048_cuda_repeat02,4,neural_policy,output_average,local_optimizer_update,0.0024828839814290404
toy2,neural_output_average,tensor_batched,tensor_batched,cuda,2048,5,1,2,0,5,toy2_gpu_core_neural_output_average_tensor_batched_2048_cuda_repeat02,4,neural_policy,output_average,local_loss_update,0.0028943249490112066
toy2,neural_output_average,tensor_batched,tensor_batched,cuda,2048,5,1,2,0,5,toy2_gpu_core_neural_output_average_tensor_batched_2048_cuda_repeat02,4,neural_policy,output_average,local_training,0.003298322088085115
toy2,neural_output_average,tensor_batched,tensor_batched,cuda,2048,5,1,2,0,5,toy2_gpu_core_neural_output_average_tensor_batched_2048_cuda_repeat02,4,neural_policy,output_average,cache_refresh,7.775030098855495e-06
toy2,neural_output_average,tensor_batched,tensor_batched,cuda,2048,5,1,2,0,5,toy2_gpu_core_neural_output_average_tensor_batched_2048_cuda_repeat02,4,neural_policy,output_average,post_local_readout,0.0002014619531109929
toy2,neural_output_average,tensor_batched,tensor_batched,cuda,2048,5,1,2,0,5,toy2_gpu_core_neural_output_average_tensor_batched_2048_cuda_repeat02,4,neural_policy,output_average,local_step,0.008112340932711959
toy2,neural_output_average,tensor_batched,tensor_batched,cuda,2048,5,1,2,0,5,toy2_gpu_core_neural_output_average_tensor_batched_2048_cuda_repeat02,4,neural_policy,output_average,select_peers,9.056995622813702e-06
toy2,neural_output_average,tensor_batched,tensor_batched,cuda,2048,5,1,2,0,5,toy2_gpu_core_neural_output_average_tensor_batched_2048_cuda_repeat02,4,neural_policy,output_average,social_mix,0.0004702730802819133
toy2,neural_output_average,tensor_batched,tensor_batched,cuda,2048,5,1,2,0,5,toy2_gpu_core_neural_output_average_tensor_batched_2048_cuda_repeat02,4,neural_policy,output_average,social_trainable_parameters,5.281099583953619e-05
toy2,neural_output_average,tensor_batched,tensor_batched,cuda,2048,5,1,2,0,5,toy2_gpu_core_neural_output_average_tensor_batched_2048_cuda_repeat02,4,neural_policy,output_average,social_loss_forward,0.0002326619578525424
toy2,neural_output_average,tensor_batched,tensor_batched,cuda,2048,5,1,2,0,5,toy2_gpu_core_neural_output_average_tensor_batched_2048_cuda_repeat02,4,neural_policy,output_average,social_autograd_grad,0.0003904619952663779
toy2,neural_output_average,tensor_batched,tensor_batched,cuda,2048,5,1,2,0,5,toy2_gpu_core_neural_output_average_tensor_batched_2048_cuda_repeat02,4,neural_policy,output_average,social_adam_update,0.0005171120865270495
toy2,neural_output_average,tensor_batched,tensor_batched,cuda,2048,5,1,2,0,5,toy2_gpu_core_neural_output_average_tensor_batched_2048_cuda_repeat02,4,neural_policy,output_average,social_optimizer_update,0.0009797799866646528
toy2,neural_output_average,tensor_batched,tensor_batched,cuda,2048,5,1,2,0,5,toy2_gpu_core_neural_output_average_tensor_batched_2048_cuda_repeat02,4,neural_policy,output_average,social_loss_update,0.0012398139806464314
toy2,neural_output_average,tensor_batched,tensor_batched,cuda,2048,5,1,2,0,5,toy2_gpu_core_neural_output_average_tensor_batched_2048_cuda_repeat02,4,neural_policy,output_average,social_distillation,0.0021586980437859893
toy2,neural_output_average,tensor_batched,tensor_batched,cuda,2048,5,1,2,0,5,toy2_gpu_core_neural_output_average_tensor_batched_2048_cuda_repeat02,4,neural_policy,output_average,social_step,0.0021832339698448777
toy2,neural_output_average,tensor_batched,tensor_batched,cuda,2048,5,1,2,0,5,toy2_gpu_core_neural_output_average_tensor_batched_2048_cuda_repeat02,4,neural_policy,output_average,sample_actions,6.702030077576637e-06
toy2,neural_output_average,tensor_batched,tensor_batched,cuda,2048,5,1,2,0,5,toy2_gpu_core_neural_output_average_tensor_batched_2048_cuda_repeat02,4,neural_policy,output_average,commit_actions,1.2594042345881462e-05
toy2,neural_output_average,tensor_batched,tensor_batched,cuda,2048,5,1,2,0,5,toy2_gpu_core_neural_output_average_tensor_batched_2048_cuda_repeat02,4,neural_policy,output_average,post_step_state_policy,2.4226028472185135e-05
toy2,neural_output_average,tensor_batched,tensor_batched,cuda,2048,5,1,2,0,5,toy2_gpu_core_neural_output_average_tensor_batched_2048_cuda_repeat02,4,neural_policy,output_average,update_payoff_ema,5.256000440567732e-05
toy2,neural_output_average,tensor_batched,tensor_batched,cuda,2048,5,1,2,0,5,toy2_gpu_core_neural_output_average_tensor_batched_2048_cuda_repeat02,4,neural_policy,output_average,update_reputation_ema,4.6048080548644066e-05
toy2,neural_output_average,tensor_batched,tensor_batched,cuda,2048,5,1,2,0,5,toy2_gpu_core_neural_output_average_tensor_batched_2048_cuda_repeat02,4,neural_policy,output_average,mobility_swaps,0.0004920839564874768
toy2,neural_output_average,tensor_batched,tensor_batched,cuda,2048,5,1,2,0,5,toy2_gpu_core_neural_output_average_tensor_batched_2048_cuda_repeat02,4,neural_policy,output_average,finalize_hook_step,1.9236933439970016e-05
toy2,neural_output_average,tensor_batched,tensor_batched,cuda,2048,5,1,2,0,5,toy2_gpu_core_neural_output_average_tensor_batched_2048_cuda_repeat02,4,neural_policy,output_average,hooked_step_total,0.01170134509447962
toy2,neural_output_average,tensor_batched,tensor_batched,cuda,2048,5,1,2,0,5,toy2_gpu_core_neural_output_average_tensor_batched_2048_cuda_repeat02,4,neural_policy,output_average,aggregate_row,0.002066203043796122
toy2,neural_output_average,tensor_batched,tensor_batched,cuda,2048,5,1,2,0,5,toy2_gpu_core_neural_output_average_tensor_batched_2048_cuda_repeat02,4,neural_policy,output_average,write_aggregate,4.448497202247381e-05
toy2,neural_output_average,tensor_batched,tensor_batched,cuda,2048,5,1,2,0,5,toy2_gpu_core_neural_output_average_tensor_batched_2048_cuda_repeat02,5,neural_policy,output_average,sample_revision_mask,1.81649811565876e-05
toy2,neural_output_average,tensor_batched,tensor_batched,cuda,2048,5,1,2,0,5,toy2_gpu_core_neural_output_average_tensor_batched_2048_cuda_repeat02,5,neural_policy,output_average,build_step_context,1.2533972039818764e-05
toy2,neural_output_average,tensor_batched,tensor_batched,cuda,2048,5,1,2,0,5,toy2_gpu_core_neural_output_average_tensor_batched_2048_cuda_repeat02,5,neural_policy,output_average,neural_context_peers,7.214024662971497e-06
toy2,neural_output_average,tensor_batched,tensor_batched,cuda,2048,5,1,2,0,5,toy2_gpu_core_neural_output_average_tensor_batched_2048_cuda_repeat02,5,neural_policy,output_average,build_observations,0.00020199292339384556
toy2,neural_output_average,tensor_batched,tensor_batched,cuda,2048,5,1,2,0,5,toy2_gpu_core_neural_output_average_tensor_batched_2048_cuda_repeat02,5,neural_policy,output_average,policy_readout,0.00017919100355356932
toy2,neural_output_average,tensor_batched,tensor_batched,cuda,2048,5,1,2,0,5,toy2_gpu_core_neural_output_average_tensor_batched_2048_cuda_repeat02,5,neural_policy,output_average,decision_selection,0.00019776495173573494
toy2,neural_output_average,tensor_batched,tensor_batched,cuda,2048,5,1,2,0,5,toy2_gpu_core_neural_output_average_tensor_batched_2048_cuda_repeat02,5,neural_policy,output_average,local_trainable_parameters,5.6567019782960415e-05
toy2,neural_output_average,tensor_batched,tensor_batched,cuda,2048,5,1,2,0,5,toy2_gpu_core_neural_output_average_tensor_batched_2048_cuda_repeat02,5,neural_policy,output_average,local_loss_forward,0.00029384694062173367
toy2,neural_output_average,tensor_batched,tensor_batched,cuda,2048,5,1,2,0,5,toy2_gpu_core_neural_output_average_tensor_batched_2048_cuda_repeat02,5,neural_policy,output_average,local_autograd_grad,0.0005315690068528056
toy2,neural_output_average,tensor_batched,tensor_batched,cuda,2048,5,1,2,0,5,toy2_gpu_core_neural_output_average_tensor_batched_2048_cuda_repeat02,5,neural_policy,output_average,local_adam_update,0.0005152779631316662
toy2,neural_output_average,tensor_batched,tensor_batched,cuda,2048,5,1,2,0,5,toy2_gpu_core_neural_output_average_tensor_batched_2048_cuda_repeat02,5,neural_policy,output_average,local_optimizer_update,0.0011181130539625883
toy2,neural_output_average,tensor_batched,tensor_batched,cuda,2048,5,1,2,0,5,toy2_gpu_core_neural_output_average_tensor_batched_2048_cuda_repeat02,5,neural_policy,output_average,local_loss_update,0.001439312007278204
toy2,neural_output_average,tensor_batched,tensor_batched,cuda,2048,5,1,2,0,5,toy2_gpu_core_neural_output_average_tensor_batched_2048_cuda_repeat02,5,neural_policy,output_average,local_training,0.001791100949048996
toy2,neural_output_average,tensor_batched,tensor_batched,cuda,2048,5,1,2,0,5,toy2_gpu_core_neural_output_average_tensor_batched_2048_cuda_repeat02,5,neural_policy,output_average,cache_refresh,7.273978553712368e-06
toy2,neural_output_average,tensor_batched,tensor_batched,cuda,2048,5,1,2,0,5,toy2_gpu_core_neural_output_average_tensor_batched_2048_cuda_repeat02,5,neural_policy,output_average,post_local_readout,0.00016586505807936192
toy2,neural_output_average,tensor_batched,tensor_batched,cuda,2048,5,1,2,0,5,toy2_gpu_core_neural_output_average_tensor_batched_2048_cuda_repeat02,5,neural_policy,output_average,local_step,0.0032072190660983324
toy2,neural_output_average,tensor_batched,tensor_batched,cuda,2048,5,1,2,0,5,toy2_gpu_core_neural_output_average_tensor_batched_2048_cuda_repeat02,5,neural_policy,output_average,select_peers,8.69703944772482e-06
toy2,neural_output_average,tensor_batched,tensor_batched,cuda,2048,5,1,2,0,5,toy2_gpu_core_neural_output_average_tensor_batched_2048_cuda_repeat02,5,neural_policy,output_average,social_mix,0.00042255199514329433
toy2,neural_output_average,tensor_batched,tensor_batched,cuda,2048,5,1,2,0,5,toy2_gpu_core_neural_output_average_tensor_batched_2048_cuda_repeat02,5,neural_policy,output_average,social_trainable_parameters,5.246908403933048e-05
toy2,neural_output_average,tensor_batched,tensor_batched,cuda,2048,5,1,2,0,5,toy2_gpu_core_neural_output_average_tensor_batched_2048_cuda_repeat02,5,neural_policy,output_average,social_loss_forward,0.0002290140837430954
toy2,neural_output_average,tensor_batched,tensor_batched,cuda,2048,5,1,2,0,5,toy2_gpu_core_neural_output_average_tensor_batched_2048_cuda_repeat02,5,neural_policy,output_average,social_autograd_grad,0.00032355496659874916
toy2,neural_output_average,tensor_batched,tensor_batched,cuda,2048,5,1,2,0,5,toy2_gpu_core_neural_output_average_tensor_batched_2048_cuda_repeat02,5,neural_policy,output_average,social_adam_update,0.0005175520200282335
toy2,neural_output_average,tensor_batched,tensor_batched,cuda,2048,5,1,2,0,5,toy2_gpu_core_neural_output_average_tensor_batched_2048_cuda_repeat02,5,neural_policy,output_average,social_optimizer_update,0.0009134840220212936
toy2,neural_output_average,tensor_batched,tensor_batched,cuda,2048,5,1,2,0,5,toy2_gpu_core_neural_output_average_tensor_batched_2048_cuda_repeat02,5,neural_policy,output_average,social_loss_update,0.001169059076346457
toy2,neural_output_average,tensor_batched,tensor_batched,cuda,2048,5,1,2,0,5,toy2_gpu_core_neural_output_average_tensor_batched_2048_cuda_repeat02,5,neural_policy,output_average,social_distillation,0.002026356989517808
toy2,neural_output_average,tensor_batched,tensor_batched,cuda,2048,5,1,2,0,5,toy2_gpu_core_neural_output_average_tensor_batched_2048_cuda_repeat02,5,neural_policy,output_average,social_step,0.002050583017989993
toy2,neural_output_average,tensor_batched,tensor_batched,cuda,2048,5,1,2,0,5,toy2_gpu_core_neural_output_average_tensor_batched_2048_cuda_repeat02,5,neural_policy,output_average,sample_actions,6.443005986511707e-06
toy2,neural_output_average,tensor_batched,tensor_batched,cuda,2048,5,1,2,0,5,toy2_gpu_core_neural_output_average_tensor_batched_2048_cuda_repeat02,5,neural_policy,output_average,commit_actions,1.1372030712664127e-05
toy2,neural_output_average,tensor_batched,tensor_batched,cuda,2048,5,1,2,0,5,toy2_gpu_core_neural_output_average_tensor_batched_2048_cuda_repeat02,5,neural_policy,output_average,post_step_state_policy,3.933394327759743e-05
toy2,neural_output_average,tensor_batched,tensor_batched,cuda,2048,5,1,2,0,5,toy2_gpu_core_neural_output_average_tensor_batched_2048_cuda_repeat02,5,neural_policy,output_average,update_payoff_ema,5.122693255543709e-05
toy2,neural_output_average,tensor_batched,tensor_batched,cuda,2048,5,1,2,0,5,toy2_gpu_core_neural_output_average_tensor_batched_2048_cuda_repeat02,5,neural_policy,output_average,update_reputation_ema,4.388298839330673e-05
toy2,neural_output_average,tensor_batched,tensor_batched,cuda,2048,5,1,2,0,5,toy2_gpu_core_neural_output_average_tensor_batched_2048_cuda_repeat02,5,neural_policy,output_average,mobility_swaps,0.000647770008072257
toy2,neural_output_average,tensor_batched,tensor_batched,cuda,2048,5,1,2,0,5,toy2_gpu_core_neural_output_average_tensor_batched_2048_cuda_repeat02,5,neural_policy,output_average,finalize_hook_step,2.189201768487692e-05
toy2,neural_output_average,tensor_batched,tensor_batched,cuda,2048,5,1,2,0,5,toy2_gpu_core_neural_output_average_tensor_batched_2048_cuda_repeat02,5,neural_policy,output_average,hooked_step_total,0.006768821040168405
toy2,neural_output_average,tensor_batched,tensor_batched,cuda,2048,5,1,2,0,5,toy2_gpu_core_neural_output_average_tensor_batched_2048_cuda_repeat02,5,neural_policy,output_average,aggregate_row,0.0019964500097557902
toy2,neural_output_average,tensor_batched,tensor_batched,cuda,2048,5,1,2,0,5,toy2_gpu_core_neural_output_average_tensor_batched_2048_cuda_repeat02,5,neural_policy,output_average,write_aggregate,4.432396963238716e-05
toy2,neural_output_average,tensor_batched,tensor_batched,cuda,2048,5,1,3,0,5,toy2_gpu_core_neural_output_average_tensor_batched_2048_cuda_repeat03,0,neural_policy,output_average,make_run_dir,0.00037961103953421116
toy2,neural_output_average,tensor_batched,tensor_batched,cuda,2048,5,1,3,0,5,toy2_gpu_core_neural_output_average_tensor_batched_2048_cuda_repeat03,0,neural_policy,output_average,write_metadata,0.002906176960095763
toy2,neural_output_average,tensor_batched,tensor_batched,cuda,2048,5,1,3,0,5,toy2_gpu_core_neural_output_average_tensor_batched_2048_cuda_repeat03,0,neural_policy,output_average,initial_state,0.41818842804059386
toy2,neural_output_average,tensor_batched,tensor_batched,cuda,2048,5,1,3,0,5,toy2_gpu_core_neural_output_average_tensor_batched_2048_cuda_repeat03,0,neural_policy,output_average,writer_setup,0.0003838490229099989
toy2,neural_output_average,tensor_batched,tensor_batched,cuda,2048,5,1,3,0,5,toy2_gpu_core_neural_output_average_tensor_batched_2048_cuda_repeat03,0,neural_policy,output_average,initial_step_result,0.004000185057520866
toy2,neural_output_average,tensor_batched,tensor_batched,cuda,2048,5,1,3,0,5,toy2_gpu_core_neural_output_average_tensor_batched_2048_cuda_repeat03,0,neural_policy,output_average,initial_aggregate_row,0.0031080510234460235
toy2,neural_output_average,tensor_batched,tensor_batched,cuda,2048,5,1,3,0,5,toy2_gpu_core_neural_output_average_tensor_batched_2048_cuda_repeat03,0,neural_policy,output_average,write_initial_aggregate,4.1018007323145866e-05
toy2,neural_output_average,tensor_batched,tensor_batched,cuda,2048,5,1,3,0,5,toy2_gpu_core_neural_output_average_tensor_batched_2048_cuda_repeat03,1,neural_policy,output_average,sample_revision_mask,2.0449049770832062e-05
toy2,neural_output_average,tensor_batched,tensor_batched,cuda,2048,5,1,3,0,5,toy2_gpu_core_neural_output_average_tensor_batched_2048_cuda_repeat03,1,neural_policy,output_average,build_step_context,1.4186953194439411e-05
toy2,neural_output_average,tensor_batched,tensor_batched,cuda,2048,5,1,3,0,5,toy2_gpu_core_neural_output_average_tensor_batched_2048_cuda_repeat03,1,neural_policy,output_average,neural_context_peers,8.37608240544796e-06
toy2,neural_output_average,tensor_batched,tensor_batched,cuda,2048,5,1,3,0,5,toy2_gpu_core_neural_output_average_tensor_batched_2048_cuda_repeat03,1,neural_policy,output_average,build_observations,0.00020023994147777557
toy2,neural_output_average,tensor_batched,tensor_batched,cuda,2048,5,1,3,0,5,toy2_gpu_core_neural_output_average_tensor_batched_2048_cuda_repeat03,1,neural_policy,output_average,policy_readout,0.00019680301193147898
toy2,neural_output_average,tensor_batched,tensor_batched,cuda,2048,5,1,3,0,5,toy2_gpu_core_neural_output_average_tensor_batched_2048_cuda_repeat03,1,neural_policy,output_average,decision_selection,0.00041102105751633644
toy2,neural_output_average,tensor_batched,tensor_batched,cuda,2048,5,1,3,0,5,toy2_gpu_core_neural_output_average_tensor_batched_2048_cuda_repeat03,1,neural_policy,output_average,local_trainable_parameters,7.732701487839222e-05
toy2,neural_output_average,tensor_batched,tensor_batched,cuda,2048,5,1,3,0,5,toy2_gpu_core_neural_output_average_tensor_batched_2048_cuda_repeat03,1,neural_policy,output_average,local_loss_forward,0.0004798709414899349
toy2,neural_output_average,tensor_batched,tensor_batched,cuda,2048,5,1,3,0,5,toy2_gpu_core_neural_output_average_tensor_batched_2048_cuda_repeat03,1,neural_policy,output_average,local_autograd_grad,0.0010583690600469708
toy2,neural_output_average,tensor_batched,tensor_batched,cuda,2048,5,1,3,0,5,toy2_gpu_core_neural_output_average_tensor_batched_2048_cuda_repeat03,1,neural_policy,output_average,local_adam_update,0.0008289740653708577
toy2,neural_output_average,tensor_batched,tensor_batched,cuda,2048,5,1,3,0,5,toy2_gpu_core_neural_output_average_tensor_batched_2048_cuda_repeat03,1,neural_policy,output_average,local_optimizer_update,0.0020111980848014355
toy2,neural_output_average,tensor_batched,tensor_batched,cuda,2048,5,1,3,0,5,toy2_gpu_core_neural_output_average_tensor_batched_2048_cuda_repeat03,1,neural_policy,output_average,local_loss_update,0.002534150960855186
toy2,neural_output_average,tensor_batched,tensor_batched,cuda,2048,5,1,3,0,5,toy2_gpu_core_neural_output_average_tensor_batched_2048_cuda_repeat03,1,neural_policy,output_average,local_training,0.0029812700813636184
toy2,neural_output_average,tensor_batched,tensor_batched,cuda,2048,5,1,3,0,5,toy2_gpu_core_neural_output_average_tensor_batched_2048_cuda_repeat03,1,neural_policy,output_average,cache_refresh,8.736038580536842e-06
toy2,neural_output_average,tensor_batched,tensor_batched,cuda,2048,5,1,3,0,5,toy2_gpu_core_neural_output_average_tensor_batched_2048_cuda_repeat03,1,neural_policy,output_average,post_local_readout,0.0010800500167533755
toy2,neural_output_average,tensor_batched,tensor_batched,cuda,2048,5,1,3,0,5,toy2_gpu_core_neural_output_average_tensor_batched_2048_cuda_repeat03,1,neural_policy,output_average,local_step,0.006976824952289462
toy2,neural_output_average,tensor_batched,tensor_batched,cuda,2048,5,1,3,0,5,toy2_gpu_core_neural_output_average_tensor_batched_2048_cuda_repeat03,1,neural_policy,output_average,select_peers,1.3075070455670357e-05
toy2,neural_output_average,tensor_batched,tensor_batched,cuda,2048,5,1,3,0,5,toy2_gpu_core_neural_output_average_tensor_batched_2048_cuda_repeat03,1,neural_policy,output_average,social_mix,0.0022842970211058855
toy2,neural_output_average,tensor_batched,tensor_batched,cuda,2048,5,1,3,0,5,toy2_gpu_core_neural_output_average_tensor_batched_2048_cuda_repeat03,1,neural_policy,output_average,social_trainable_parameters,6.304995622485876e-05
toy2,neural_output_average,tensor_batched,tensor_batched,cuda,2048,5,1,3,0,5,toy2_gpu_core_neural_output_average_tensor_batched_2048_cuda_repeat03,1,neural_policy,output_average,social_loss_forward,0.00041823391802608967
toy2,neural_output_average,tensor_batched,tensor_batched,cuda,2048,5,1,3,0,5,toy2_gpu_core_neural_output_average_tensor_batched_2048_cuda_repeat03,1,neural_policy,output_average,social_autograd_grad,0.0014320589834824204
toy2,neural_output_average,tensor_batched,tensor_batched,cuda,2048,5,1,3,0,5,toy2_gpu_core_neural_output_average_tensor_batched_2048_cuda_repeat03,1,neural_policy,output_average,social_adam_update,0.0012583279749378562
toy2,neural_output_average,tensor_batched,tensor_batched,cuda,2048,5,1,3,0,5,toy2_gpu_core_neural_output_average_tensor_batched_2048_cuda_repeat03,1,neural_policy,output_average,social_optimizer_update,0.0029549499740824103
toy2,neural_output_average,tensor_batched,tensor_batched,cuda,2048,5,1,3,0,5,toy2_gpu_core_neural_output_average_tensor_batched_2048_cuda_repeat03,1,neural_policy,output_average,social_loss_update,0.003403110080398619
toy2,neural_output_average,tensor_batched,tensor_batched,cuda,2048,5,1,3,0,5,toy2_gpu_core_neural_output_average_tensor_batched_2048_cuda_repeat03,1,neural_policy,output_average,social_distillation,0.00621882698033005
toy2,neural_output_average,tensor_batched,tensor_batched,cuda,2048,5,1,3,0,5,toy2_gpu_core_neural_output_average_tensor_batched_2048_cuda_repeat03,1,neural_policy,output_average,social_step,0.00624835304915905
toy2,neural_output_average,tensor_batched,tensor_batched,cuda,2048,5,1,3,0,5,toy2_gpu_core_neural_output_average_tensor_batched_2048_cuda_repeat03,1,neural_policy,output_average,sample_actions,6.180955097079277e-06
toy2,neural_output_average,tensor_batched,tensor_batched,cuda,2048,5,1,3,0,5,toy2_gpu_core_neural_output_average_tensor_batched_2048_cuda_repeat03,1,neural_policy,output_average,commit_actions,1.5829922631382942e-05
toy2,neural_output_average,tensor_batched,tensor_batched,cuda,2048,5,1,3,0,5,toy2_gpu_core_neural_output_average_tensor_batched_2048_cuda_repeat03,1,neural_policy,output_average,post_step_state_policy,4.502502270042896e-05
toy2,neural_output_average,tensor_batched,tensor_batched,cuda,2048,5,1,3,0,5,toy2_gpu_core_neural_output_average_tensor_batched_2048_cuda_repeat03,1,neural_policy,output_average,update_payoff_ema,7.52030173316598e-05
toy2,neural_output_average,tensor_batched,tensor_batched,cuda,2048,5,1,3,0,5,toy2_gpu_core_neural_output_average_tensor_batched_2048_cuda_repeat03,1,neural_policy,output_average,update_reputation_ema,4.742003511637449e-05
toy2,neural_output_average,tensor_batched,tensor_batched,cuda,2048,5,1,3,0,5,toy2_gpu_core_neural_output_average_tensor_batched_2048_cuda_repeat03,1,neural_policy,output_average,mobility_swaps,0.0005250370595604181
toy2,neural_output_average,tensor_batched,tensor_batched,cuda,2048,5,1,3,0,5,toy2_gpu_core_neural_output_average_tensor_batched_2048_cuda_repeat03,1,neural_policy,output_average,finalize_hook_step,2.4206005036830902e-05
toy2,neural_output_average,tensor_batched,tensor_batched,cuda,2048,5,1,3,0,5,toy2_gpu_core_neural_output_average_tensor_batched_2048_cuda_repeat03,1,neural_policy,output_average,hooked_step_total,0.015893834992311895
toy2,neural_output_average,tensor_batched,tensor_batched,cuda,2048,5,1,3,0,5,toy2_gpu_core_neural_output_average_tensor_batched_2048_cuda_repeat03,1,neural_policy,output_average,aggregate_row,0.0028359140269458294
toy2,neural_output_average,tensor_batched,tensor_batched,cuda,2048,5,1,3,0,5,toy2_gpu_core_neural_output_average_tensor_batched_2048_cuda_repeat03,1,neural_policy,output_average,write_aggregate,4.643900319933891e-05
toy2,neural_output_average,tensor_batched,tensor_batched,cuda,2048,5,1,3,0,5,toy2_gpu_core_neural_output_average_tensor_batched_2048_cuda_repeat03,2,neural_policy,output_average,sample_revision_mask,1.854600850492716e-05
toy2,neural_output_average,tensor_batched,tensor_batched,cuda,2048,5,1,3,0,5,toy2_gpu_core_neural_output_average_tensor_batched_2048_cuda_repeat03,2,neural_policy,output_average,build_step_context,1.2653996236622334e-05
toy2,neural_output_average,tensor_batched,tensor_batched,cuda,2048,5,1,3,0,5,toy2_gpu_core_neural_output_average_tensor_batched_2048_cuda_repeat03,2,neural_policy,output_average,neural_context_peers,7.283990271389484e-06
toy2,neural_output_average,tensor_batched,tensor_batched,cuda,2048,5,1,3,0,5,toy2_gpu_core_neural_output_average_tensor_batched_2048_cuda_repeat03,2,neural_policy,output_average,build_observations,0.0002026950241997838
toy2,neural_output_average,tensor_batched,tensor_batched,cuda,2048,5,1,3,0,5,toy2_gpu_core_neural_output_average_tensor_batched_2048_cuda_repeat03,2,neural_policy,output_average,policy_readout,0.0002717460738494992
toy2,neural_output_average,tensor_batched,tensor_batched,cuda,2048,5,1,3,0,5,toy2_gpu_core_neural_output_average_tensor_batched_2048_cuda_repeat03,2,neural_policy,output_average,decision_selection,0.00023462600074708462
toy2,neural_output_average,tensor_batched,tensor_batched,cuda,2048,5,1,3,0,5,toy2_gpu_core_neural_output_average_tensor_batched_2048_cuda_repeat03,2,neural_policy,output_average,local_trainable_parameters,6.586499512195587e-05
toy2,neural_output_average,tensor_batched,tensor_batched,cuda,2048,5,1,3,0,5,toy2_gpu_core_neural_output_average_tensor_batched_2048_cuda_repeat03,2,neural_policy,output_average,local_loss_forward,0.0003023140598088503
toy2,neural_output_average,tensor_batched,tensor_batched,cuda,2048,5,1,3,0,5,toy2_gpu_core_neural_output_average_tensor_batched_2048_cuda_repeat03,2,neural_policy,output_average,local_autograd_grad,0.0004415980074554682
toy2,neural_output_average,tensor_batched,tensor_batched,cuda,2048,5,1,3,0,5,toy2_gpu_core_neural_output_average_tensor_batched_2048_cuda_repeat03,2,neural_policy,output_average,local_adam_update,0.0005277120508253574
toy2,neural_output_average,tensor_batched,tensor_batched,cuda,2048,5,1,3,0,5,toy2_gpu_core_neural_output_average_tensor_batched_2048_cuda_repeat03,2,neural_policy,output_average,local_optimizer_update,0.0010484900558367372
toy2,neural_output_average,tensor_batched,tensor_batched,cuda,2048,5,1,3,0,5,toy2_gpu_core_neural_output_average_tensor_batched_2048_cuda_repeat03,2,neural_policy,output_average,local_loss_update,0.0013816129649057984
toy2,neural_output_average,tensor_batched,tensor_batched,cuda,2048,5,1,3,0,5,toy2_gpu_core_neural_output_average_tensor_batched_2048_cuda_repeat03,2,neural_policy,output_average,local_training,0.001746836001984775
toy2,neural_output_average,tensor_batched,tensor_batched,cuda,2048,5,1,3,0,5,toy2_gpu_core_neural_output_average_tensor_batched_2048_cuda_repeat03,2,neural_policy,output_average,cache_refresh,8.094939403235912e-06
toy2,neural_output_average,tensor_batched,tensor_batched,cuda,2048,5,1,3,0,5,toy2_gpu_core_neural_output_average_tensor_batched_2048_cuda_repeat03,2,neural_policy,output_average,post_local_readout,0.00017461099196225405
toy2,neural_output_average,tensor_batched,tensor_batched,cuda,2048,5,1,3,0,5,toy2_gpu_core_neural_output_average_tensor_batched_2048_cuda_repeat03,2,neural_policy,output_average,local_step,0.003367162076756358
toy2,neural_output_average,tensor_batched,tensor_batched,cuda,2048,5,1,3,0,5,toy2_gpu_core_neural_output_average_tensor_batched_2048_cuda_repeat03,2,neural_policy,output_average,select_peers,1.0860036127269268e-05
toy2,neural_output_average,tensor_batched,tensor_batched,cuda,2048,5,1,3,0,5,toy2_gpu_core_neural_output_average_tensor_batched_2048_cuda_repeat03,2,neural_policy,output_average,social_mix,0.00040991802234202623
toy2,neural_output_average,tensor_batched,tensor_batched,cuda,2048,5,1,3,0,5,toy2_gpu_core_neural_output_average_tensor_batched_2048_cuda_repeat03,2,neural_policy,output_average,social_trainable_parameters,5.228002555668354e-05
toy2,neural_output_average,tensor_batched,tensor_batched,cuda,2048,5,1,3,0,5,toy2_gpu_core_neural_output_average_tensor_batched_2048_cuda_repeat03,2,neural_policy,output_average,social_loss_forward,0.00023251096718013287
toy2,neural_output_average,tensor_batched,tensor_batched,cuda,2048,5,1,3,0,5,toy2_gpu_core_neural_output_average_tensor_batched_2048_cuda_repeat03,2,neural_policy,output_average,social_autograd_grad,0.0003143469803035259
toy2,neural_output_average,tensor_batched,tensor_batched,cuda,2048,5,1,3,0,5,toy2_gpu_core_neural_output_average_tensor_batched_2048_cuda_repeat03,2,neural_policy,output_average,social_adam_update,0.0005119420820847154
toy2,neural_output_average,tensor_batched,tensor_batched,cuda,2048,5,1,3,0,5,toy2_gpu_core_neural_output_average_tensor_batched_2048_cuda_repeat03,2,neural_policy,output_average,social_optimizer_update,0.0008982149884104729
toy2,neural_output_average,tensor_batched,tensor_batched,cuda,2048,5,1,3,0,5,toy2_gpu_core_neural_output_average_tensor_batched_2048_cuda_repeat03,2,neural_policy,output_average,social_loss_update,0.0011607640190050006
toy2,neural_output_average,tensor_batched,tensor_batched,cuda,2048,5,1,3,0,5,toy2_gpu_core_neural_output_average_tensor_batched_2048_cuda_repeat03,2,neural_policy,output_average,social_distillation,0.0020033629843965173
toy2,neural_output_average,tensor_batched,tensor_batched,cuda,2048,5,1,3,0,5,toy2_gpu_core_neural_output_average_tensor_batched_2048_cuda_repeat03,2,neural_policy,output_average,social_step,0.002028601011261344
toy2,neural_output_average,tensor_batched,tensor_batched,cuda,2048,5,1,3,0,5,toy2_gpu_core_neural_output_average_tensor_batched_2048_cuda_repeat03,2,neural_policy,output_average,sample_actions,7.253955118358135e-06
toy2,neural_output_average,tensor_batched,tensor_batched,cuda,2048,5,1,3,0,5,toy2_gpu_core_neural_output_average_tensor_batched_2048_cuda_repeat03,2,neural_policy,output_average,commit_actions,1.1431053280830383e-05
toy2,neural_output_average,tensor_batched,tensor_batched,cuda,2048,5,1,3,0,5,toy2_gpu_core_neural_output_average_tensor_batched_2048_cuda_repeat03,2,neural_policy,output_average,post_step_state_policy,2.4206005036830902e-05
toy2,neural_output_average,tensor_batched,tensor_batched,cuda,2048,5,1,3,0,5,toy2_gpu_core_neural_output_average_tensor_batched_2048_cuda_repeat03,2,neural_policy,output_average,update_payoff_ema,4.926393739879131e-05
toy2,neural_output_average,tensor_batched,tensor_batched,cuda,2048,5,1,3,0,5,toy2_gpu_core_neural_output_average_tensor_batched_2048_cuda_repeat03,2,neural_policy,output_average,update_reputation_ema,4.173989873379469e-05
toy2,neural_output_average,tensor_batched,tensor_batched,cuda,2048,5,1,3,0,5,toy2_gpu_core_neural_output_average_tensor_batched_2048_cuda_repeat03,2,neural_policy,output_average,mobility_swaps,0.0004330019000917673
toy2,neural_output_average,tensor_batched,tensor_batched,cuda,2048,5,1,3,0,5,toy2_gpu_core_neural_output_average_tensor_batched_2048_cuda_repeat03,2,neural_policy,output_average,finalize_hook_step,1.9366969354450703e-05
toy2,neural_output_average,tensor_batched,tensor_batched,cuda,2048,5,1,3,0,5,toy2_gpu_core_neural_output_average_tensor_batched_2048_cuda_repeat03,2,neural_policy,output_average,hooked_step_total,0.006679671001620591
toy2,neural_output_average,tensor_batched,tensor_batched,cuda,2048,5,1,3,0,5,toy2_gpu_core_neural_output_average_tensor_batched_2048_cuda_repeat03,2,neural_policy,output_average,aggregate_row,0.002404234022833407
toy2,neural_output_average,tensor_batched,tensor_batched,cuda,2048,5,1,3,0,5,toy2_gpu_core_neural_output_average_tensor_batched_2048_cuda_repeat03,2,neural_policy,output_average,write_aggregate,4.241999704390764e-05
toy2,neural_output_average,tensor_batched,tensor_batched,cuda,2048,5,1,3,0,5,toy2_gpu_core_neural_output_average_tensor_batched_2048_cuda_repeat03,3,neural_policy,output_average,sample_revision_mask,1.893599983304739e-05
toy2,neural_output_average,tensor_batched,tensor_batched,cuda,2048,5,1,3,0,5,toy2_gpu_core_neural_output_average_tensor_batched_2048_cuda_repeat03,3,neural_policy,output_average,build_step_context,1.1051073670387268e-05
toy2,neural_output_average,tensor_batched,tensor_batched,cuda,2048,5,1,3,0,5,toy2_gpu_core_neural_output_average_tensor_batched_2048_cuda_repeat03,3,neural_policy,output_average,neural_context_peers,7.193069905042648e-06
toy2,neural_output_average,tensor_batched,tensor_batched,cuda,2048,5,1,3,0,5,toy2_gpu_core_neural_output_average_tensor_batched_2048_cuda_repeat03,3,neural_policy,output_average,build_observations,0.00018593308050185442
toy2,neural_output_average,tensor_batched,tensor_batched,cuda,2048,5,1,3,0,5,toy2_gpu_core_neural_output_average_tensor_batched_2048_cuda_repeat03,3,neural_policy,output_average,policy_readout,0.00016794900875538588
toy2,neural_output_average,tensor_batched,tensor_batched,cuda,2048,5,1,3,0,5,toy2_gpu_core_neural_output_average_tensor_batched_2048_cuda_repeat03,3,neural_policy,output_average,decision_selection,0.00014911300968378782
toy2,neural_output_average,tensor_batched,tensor_batched,cuda,2048,5,1,3,0,5,toy2_gpu_core_neural_output_average_tensor_batched_2048_cuda_repeat03,3,neural_policy,output_average,local_trainable_parameters,5.4804026149213314e-05
toy2,neural_output_average,tensor_batched,tensor_batched,cuda,2048,5,1,3,0,5,toy2_gpu_core_neural_output_average_tensor_batched_2048_cuda_repeat03,3,neural_policy,output_average,local_loss_forward,0.0002937579993158579
toy2,neural_output_average,tensor_batched,tensor_batched,cuda,2048,5,1,3,0,5,toy2_gpu_core_neural_output_average_tensor_batched_2048_cuda_repeat03,3,neural_policy,output_average,local_autograd_grad,0.0003942890325561166
toy2,neural_output_average,tensor_batched,tensor_batched,cuda,2048,5,1,3,0,5,toy2_gpu_core_neural_output_average_tensor_batched_2048_cuda_repeat03,3,neural_policy,output_average,local_adam_update,0.0005159300053492188
toy2,neural_output_average,tensor_batched,tensor_batched,cuda,2048,5,1,3,0,5,toy2_gpu_core_neural_output_average_tensor_batched_2048_cuda_repeat03,3,neural_policy,output_average,local_optimizer_update,0.0009815830271691084
toy2,neural_output_average,tensor_batched,tensor_batched,cuda,2048,5,1,3,0,5,toy2_gpu_core_neural_output_average_tensor_batched_2048_cuda_repeat03,3,neural_policy,output_average,local_loss_update,0.0013031240087002516
toy2,neural_output_average,tensor_batched,tensor_batched,cuda,2048,5,1,3,0,5,toy2_gpu_core_neural_output_average_tensor_batched_2048_cuda_repeat03,3,neural_policy,output_average,local_training,0.0016093150479719043
toy2,neural_output_average,tensor_batched,tensor_batched,cuda,2048,5,1,3,0,5,toy2_gpu_core_neural_output_average_tensor_batched_2048_cuda_repeat03,3,neural_policy,output_average,cache_refresh,7.243012078106403e-06
toy2,neural_output_average,tensor_batched,tensor_batched,cuda,2048,5,1,3,0,5,toy2_gpu_core_neural_output_average_tensor_batched_2048_cuda_repeat03,3,neural_policy,output_average,post_local_readout,0.0001629890175536275
toy2,neural_output_average,tensor_batched,tensor_batched,cuda,2048,5,1,3,0,5,toy2_gpu_core_neural_output_average_tensor_batched_2048_cuda_repeat03,3,neural_policy,output_average,local_step,0.0029154850635677576
toy2,neural_output_average,tensor_batched,tensor_batched,cuda,2048,5,1,3,0,5,toy2_gpu_core_neural_output_average_tensor_batched_2048_cuda_repeat03,3,neural_policy,output_average,select_peers,8.607050403952599e-06
toy2,neural_output_average,tensor_batched,tensor_batched,cuda,2048,5,1,3,0,5,toy2_gpu_core_neural_output_average_tensor_batched_2048_cuda_repeat03,3,neural_policy,output_average,social_mix,0.00038312794640660286
toy2,neural_output_average,tensor_batched,tensor_batched,cuda,2048,5,1,3,0,5,toy2_gpu_core_neural_output_average_tensor_batched_2048_cuda_repeat03,3,neural_policy,output_average,social_trainable_parameters,5.044601857662201e-05
toy2,neural_output_average,tensor_batched,tensor_batched,cuda,2048,5,1,3,0,5,toy2_gpu_core_neural_output_average_tensor_batched_2048_cuda_repeat03,3,neural_policy,output_average,social_loss_forward,0.00021081999875605106
toy2,neural_output_average,tensor_batched,tensor_batched,cuda,2048,5,1,3,0,5,toy2_gpu_core_neural_output_average_tensor_batched_2048_cuda_repeat03,3,neural_policy,output_average,social_autograd_grad,0.0003370000049471855
toy2,neural_output_average,tensor_batched,tensor_batched,cuda,2048,5,1,3,0,5,toy2_gpu_core_neural_output_average_tensor_batched_2048_cuda_repeat03,3,neural_policy,output_average,social_adam_update,0.0005026649450883269
toy2,neural_output_average,tensor_batched,tensor_batched,cuda,2048,5,1,3,0,5,toy2_gpu_core_neural_output_average_tensor_batched_2048_cuda_repeat03,3,neural_policy,output_average,social_optimizer_update,0.0009206379763782024
toy2,neural_output_average,tensor_batched,tensor_batched,cuda,2048,5,1,3,0,5,toy2_gpu_core_neural_output_average_tensor_batched_2048_cuda_repeat03,3,neural_policy,output_average,social_loss_update,0.00115805899258703
toy2,neural_output_average,tensor_batched,tensor_batched,cuda,2048,5,1,3,0,5,toy2_gpu_core_neural_output_average_tensor_batched_2048_cuda_repeat03,3,neural_policy,output_average,social_distillation,0.0019800789887085557
toy2,neural_output_average,tensor_batched,tensor_batched,cuda,2048,5,1,3,0,5,toy2_gpu_core_neural_output_average_tensor_batched_2048_cuda_repeat03,3,neural_policy,output_average,social_step,0.0020034529734402895
toy2,neural_output_average,tensor_batched,tensor_batched,cuda,2048,5,1,3,0,5,toy2_gpu_core_neural_output_average_tensor_batched_2048_cuda_repeat03,3,neural_policy,output_average,sample_actions,6.3320621848106384e-06
toy2,neural_output_average,tensor_batched,tensor_batched,cuda,2048,5,1,3,0,5,toy2_gpu_core_neural_output_average_tensor_batched_2048_cuda_repeat03,3,neural_policy,output_average,commit_actions,1.1221040040254593e-05
toy2,neural_output_average,tensor_batched,tensor_batched,cuda,2048,5,1,3,0,5,toy2_gpu_core_neural_output_average_tensor_batched_2048_cuda_repeat03,3,neural_policy,output_average,post_step_state_policy,2.1751970052719116e-05
toy2,neural_output_average,tensor_batched,tensor_batched,cuda,2048,5,1,3,0,5,toy2_gpu_core_neural_output_average_tensor_batched_2048_cuda_repeat03,3,neural_policy,output_average,update_payoff_ema,4.9764057621359825e-05
toy2,neural_output_average,tensor_batched,tensor_batched,cuda,2048,5,1,3,0,5,toy2_gpu_core_neural_output_average_tensor_batched_2048_cuda_repeat03,3,neural_policy,output_average,update_reputation_ema,4.451395943760872e-05
toy2,neural_output_average,tensor_batched,tensor_batched,cuda,2048,5,1,3,0,5,toy2_gpu_core_neural_output_average_tensor_batched_2048_cuda_repeat03,3,neural_policy,output_average,mobility_swaps,0.0006884069880470634
toy2,neural_output_average,tensor_batched,tensor_batched,cuda,2048,5,1,3,0,5,toy2_gpu_core_neural_output_average_tensor_batched_2048_cuda_repeat03,3,neural_policy,output_average,finalize_hook_step,2.3344997316598892e-05
toy2,neural_output_average,tensor_batched,tensor_batched,cuda,2048,5,1,3,0,5,toy2_gpu_core_neural_output_average_tensor_batched_2048_cuda_repeat03,3,neural_policy,output_average,hooked_step_total,0.006440787110477686
toy2,neural_output_average,tensor_batched,tensor_batched,cuda,2048,5,1,3,0,5,toy2_gpu_core_neural_output_average_tensor_batched_2048_cuda_repeat03,3,neural_policy,output_average,aggregate_row,0.002390878973528743
toy2,neural_output_average,tensor_batched,tensor_batched,cuda,2048,5,1,3,0,5,toy2_gpu_core_neural_output_average_tensor_batched_2048_cuda_repeat03,3,neural_policy,output_average,write_aggregate,4.829093813896179e-05
toy2,neural_output_average,tensor_batched,tensor_batched,cuda,2048,5,1,3,0,5,toy2_gpu_core_neural_output_average_tensor_batched_2048_cuda_repeat03,4,neural_policy,output_average,sample_revision_mask,1.8674996681511402e-05
toy2,neural_output_average,tensor_batched,tensor_batched,cuda,2048,5,1,3,0,5,toy2_gpu_core_neural_output_average_tensor_batched_2048_cuda_repeat03,4,neural_policy,output_average,build_step_context,1.4076009392738342e-05
toy2,neural_output_average,tensor_batched,tensor_batched,cuda,2048,5,1,3,0,5,toy2_gpu_core_neural_output_average_tensor_batched_2048_cuda_repeat03,4,neural_policy,output_average,neural_context_peers,7.363967597484589e-06
toy2,neural_output_average,tensor_batched,tensor_batched,cuda,2048,5,1,3,0,5,toy2_gpu_core_neural_output_average_tensor_batched_2048_cuda_repeat03,4,neural_policy,output_average,build_observations,0.00023684999905526638
toy2,neural_output_average,tensor_batched,tensor_batched,cuda,2048,5,1,3,0,5,toy2_gpu_core_neural_output_average_tensor_batched_2048_cuda_repeat03,4,neural_policy,output_average,policy_readout,0.00018746592104434967
toy2,neural_output_average,tensor_batched,tensor_batched,cuda,2048,5,1,3,0,5,toy2_gpu_core_neural_output_average_tensor_batched_2048_cuda_repeat03,4,neural_policy,output_average,decision_selection,0.00019298598635941744
toy2,neural_output_average,tensor_batched,tensor_batched,cuda,2048,5,1,3,0,5,toy2_gpu_core_neural_output_average_tensor_batched_2048_cuda_repeat03,4,neural_policy,output_average,local_trainable_parameters,5.756900645792484e-05
toy2,neural_output_average,tensor_batched,tensor_batched,cuda,2048,5,1,3,0,5,toy2_gpu_core_neural_output_average_tensor_batched_2048_cuda_repeat03,4,neural_policy,output_average,local_loss_forward,0.0003087259829044342
toy2,neural_output_average,tensor_batched,tensor_batched,cuda,2048,5,1,3,0,5,toy2_gpu_core_neural_output_average_tensor_batched_2048_cuda_repeat03,4,neural_policy,output_average,local_autograd_grad,0.00046916096471250057
toy2,neural_output_average,tensor_batched,tensor_batched,cuda,2048,5,1,3,0,5,toy2_gpu_core_neural_output_average_tensor_batched_2048_cuda_repeat03,4,neural_policy,output_average,local_adam_update,0.0004993380280211568
toy2,neural_output_average,tensor_batched,tensor_batched,cuda,2048,5,1,3,0,5,toy2_gpu_core_neural_output_average_tensor_batched_2048_cuda_repeat03,4,neural_policy,output_average,local_optimizer_update,0.0010425990913063288
toy2,neural_output_average,tensor_batched,tensor_batched,cuda,2048,5,1,3,0,5,toy2_gpu_core_neural_output_average_tensor_batched_2048_cuda_repeat03,4,neural_policy,output_average,local_loss_update,0.0013777859276160598
toy2,neural_output_average,tensor_batched,tensor_batched,cuda,2048,5,1,3,0,5,toy2_gpu_core_neural_output_average_tensor_batched_2048_cuda_repeat03,4,neural_policy,output_average,local_training,0.0016895579174160957
toy2,neural_output_average,tensor_batched,tensor_batched,cuda,2048,5,1,3,0,5,toy2_gpu_core_neural_output_average_tensor_batched_2048_cuda_repeat03,4,neural_policy,output_average,cache_refresh,6.91309105604887e-06
toy2,neural_output_average,tensor_batched,tensor_batched,cuda,2048,5,1,3,0,5,toy2_gpu_core_neural_output_average_tensor_batched_2048_cuda_repeat03,4,neural_policy,output_average,post_local_readout,0.0001566580031067133
toy2,neural_output_average,tensor_batched,tensor_batched,cuda,2048,5,1,3,0,5,toy2_gpu_core_neural_output_average_tensor_batched_2048_cuda_repeat03,4,neural_policy,output_average,local_step,0.0031208449508994818
toy2,neural_output_average,tensor_batched,tensor_batched,cuda,2048,5,1,3,0,5,toy2_gpu_core_neural_output_average_tensor_batched_2048_cuda_repeat03,4,neural_policy,output_average,select_peers,8.416012860834599e-06
toy2,neural_output_average,tensor_batched,tensor_batched,cuda,2048,5,1,3,0,5,toy2_gpu_core_neural_output_average_tensor_batched_2048_cuda_repeat03,4,neural_policy,output_average,social_mix,0.0005344739183783531
toy2,neural_output_average,tensor_batched,tensor_batched,cuda,2048,5,1,3,0,5,toy2_gpu_core_neural_output_average_tensor_batched_2048_cuda_repeat03,4,neural_policy,output_average,social_trainable_parameters,0.00017093506176024675
toy2,neural_output_average,tensor_batched,tensor_batched,cuda,2048,5,1,3,0,5,toy2_gpu_core_neural_output_average_tensor_batched_2048_cuda_repeat03,4,neural_policy,output_average,social_loss_forward,0.00022404594346880913
toy2,neural_output_average,tensor_batched,tensor_batched,cuda,2048,5,1,3,0,5,toy2_gpu_core_neural_output_average_tensor_batched_2048_cuda_repeat03,4,neural_policy,output_average,social_autograd_grad,0.0003136859741061926
toy2,neural_output_average,tensor_batched,tensor_batched,cuda,2048,5,1,3,0,5,toy2_gpu_core_neural_output_average_tensor_batched_2048_cuda_repeat03,4,neural_policy,output_average,social_adam_update,0.0005031450418755412
toy2,neural_output_average,tensor_batched,tensor_batched,cuda,2048,5,1,3,0,5,toy2_gpu_core_neural_output_average_tensor_batched_2048_cuda_repeat03,4,neural_policy,output_average,social_optimizer_update,0.0008844690164551139
toy2,neural_output_average,tensor_batched,tensor_batched,cuda,2048,5,1,3,0,5,toy2_gpu_core_neural_output_average_tensor_batched_2048_cuda_repeat03,4,neural_policy,output_average,social_loss_update,0.0011349240085110068
toy2,neural_output_average,tensor_batched,tensor_batched,cuda,2048,5,1,3,0,5,toy2_gpu_core_neural_output_average_tensor_batched_2048_cuda_repeat03,4,neural_policy,output_average,social_distillation,0.0022096949396654963
toy2,neural_output_average,tensor_batched,tensor_batched,cuda,2048,5,1,3,0,5,toy2_gpu_core_neural_output_average_tensor_batched_2048_cuda_repeat03,4,neural_policy,output_average,social_step,0.0022328089689835906
toy2,neural_output_average,tensor_batched,tensor_batched,cuda,2048,5,1,3,0,5,toy2_gpu_core_neural_output_average_tensor_batched_2048_cuda_repeat03,4,neural_policy,output_average,sample_actions,6.661983206868172e-06
toy2,neural_output_average,tensor_batched,tensor_batched,cuda,2048,5,1,3,0,5,toy2_gpu_core_neural_output_average_tensor_batched_2048_cuda_repeat03,4,neural_policy,output_average,commit_actions,1.0770978406071663e-05
toy2,neural_output_average,tensor_batched,tensor_batched,cuda,2048,5,1,3,0,5,toy2_gpu_core_neural_output_average_tensor_batched_2048_cuda_repeat03,4,neural_policy,output_average,post_step_state_policy,1.9467086531221867e-05
toy2,neural_output_average,tensor_batched,tensor_batched,cuda,2048,5,1,3,0,5,toy2_gpu_core_neural_output_average_tensor_batched_2048_cuda_repeat03,4,neural_policy,output_average,update_payoff_ema,4.7700945287942886e-05
toy2,neural_output_average,tensor_batched,tensor_batched,cuda,2048,5,1,3,0,5,toy2_gpu_core_neural_output_average_tensor_batched_2048_cuda_repeat03,4,neural_policy,output_average,update_reputation_ema,4.121800884604454e-05
toy2,neural_output_average,tensor_batched,tensor_batched,cuda,2048,5,1,3,0,5,toy2_gpu_core_neural_output_average_tensor_batched_2048_cuda_repeat03,4,neural_policy,output_average,mobility_swaps,0.0004351360257714987
toy2,neural_output_average,tensor_batched,tensor_batched,cuda,2048,5,1,3,0,5,toy2_gpu_core_neural_output_average_tensor_batched_2048_cuda_repeat03,4,neural_policy,output_average,finalize_hook_step,1.8395017832517624e-05
toy2,neural_output_average,tensor_batched,tensor_batched,cuda,2048,5,1,3,0,5,toy2_gpu_core_neural_output_average_tensor_batched_2048_cuda_repeat03,4,neural_policy,output_average,hooked_step_total,0.006675373995676637
toy2,neural_output_average,tensor_batched,tensor_batched,cuda,2048,5,1,3,0,5,toy2_gpu_core_neural_output_average_tensor_batched_2048_cuda_repeat03,4,neural_policy,output_average,aggregate_row,0.001909536076709628
toy2,neural_output_average,tensor_batched,tensor_batched,cuda,2048,5,1,3,0,5,toy2_gpu_core_neural_output_average_tensor_batched_2048_cuda_repeat03,4,neural_policy,output_average,write_aggregate,3.475602716207504e-05
toy2,neural_output_average,tensor_batched,tensor_batched,cuda,2048,5,1,3,0,5,toy2_gpu_core_neural_output_average_tensor_batched_2048_cuda_repeat03,5,neural_policy,output_average,sample_revision_mask,1.738301943987608e-05
toy2,neural_output_average,tensor_batched,tensor_batched,cuda,2048,5,1,3,0,5,toy2_gpu_core_neural_output_average_tensor_batched_2048_cuda_repeat03,5,neural_policy,output_average,build_step_context,9.368057362735271e-06
toy2,neural_output_average,tensor_batched,tensor_batched,cuda,2048,5,1,3,0,5,toy2_gpu_core_neural_output_average_tensor_batched_2048_cuda_repeat03,5,neural_policy,output_average,neural_context_peers,6.022048182785511e-06
toy2,neural_output_average,tensor_batched,tensor_batched,cuda,2048,5,1,3,0,5,toy2_gpu_core_neural_output_average_tensor_batched_2048_cuda_repeat03,5,neural_policy,output_average,build_observations,0.00017312902491539717
toy2,neural_output_average,tensor_batched,tensor_batched,cuda,2048,5,1,3,0,5,toy2_gpu_core_neural_output_average_tensor_batched_2048_cuda_repeat03,5,neural_policy,output_average,policy_readout,0.0001674680970609188
toy2,neural_output_average,tensor_batched,tensor_batched,cuda,2048,5,1,3,0,5,toy2_gpu_core_neural_output_average_tensor_batched_2048_cuda_repeat03,5,neural_policy,output_average,decision_selection,0.0001596229849383235
toy2,neural_output_average,tensor_batched,tensor_batched,cuda,2048,5,1,3,0,5,toy2_gpu_core_neural_output_average_tensor_batched_2048_cuda_repeat03,5,neural_policy,output_average,local_trainable_parameters,5.5885990150272846e-05
toy2,neural_output_average,tensor_batched,tensor_batched,cuda,2048,5,1,3,0,5,toy2_gpu_core_neural_output_average_tensor_batched_2048_cuda_repeat03,5,neural_policy,output_average,local_loss_forward,0.0002906220033764839
toy2,neural_output_average,tensor_batched,tensor_batched,cuda,2048,5,1,3,0,5,toy2_gpu_core_neural_output_average_tensor_batched_2048_cuda_repeat03,5,neural_policy,output_average,local_autograd_grad,0.00048205500934273005
toy2,neural_output_average,tensor_batched,tensor_batched,cuda,2048,5,1,3,0,5,toy2_gpu_core_neural_output_average_tensor_batched_2048_cuda_repeat03,5,neural_policy,output_average,local_adam_update,0.0006144969956949353
toy2,neural_output_average,tensor_batched,tensor_batched,cuda,2048,5,1,3,0,5,toy2_gpu_core_neural_output_average_tensor_batched_2048_cuda_repeat03,5,neural_policy,output_average,local_optimizer_update,0.0011738180182874203
toy2,neural_output_average,tensor_batched,tensor_batched,cuda,2048,5,1,3,0,5,toy2_gpu_core_neural_output_average_tensor_batched_2048_cuda_repeat03,5,neural_policy,output_average,local_loss_update,0.0014934360515326262
toy2,neural_output_average,tensor_batched,tensor_batched,cuda,2048,5,1,3,0,5,toy2_gpu_core_neural_output_average_tensor_batched_2048_cuda_repeat03,5,neural_policy,output_average,local_training,0.0018232919974252582
toy2,neural_output_average,tensor_batched,tensor_batched,cuda,2048,5,1,3,0,5,toy2_gpu_core_neural_output_average_tensor_batched_2048_cuda_repeat03,5,neural_policy,output_average,cache_refresh,7.443944923579693e-06
toy2,neural_output_average,tensor_batched,tensor_batched,cuda,2048,5,1,3,0,5,toy2_gpu_core_neural_output_average_tensor_batched_2048_cuda_repeat03,5,neural_policy,output_average,post_local_readout,0.0001732480013743043
toy2,neural_output_average,tensor_batched,tensor_batched,cuda,2048,5,1,3,0,5,toy2_gpu_core_neural_output_average_tensor_batched_2048_cuda_repeat03,5,neural_policy,output_average,local_step,0.0031346309697255492
toy2,neural_output_average,tensor_batched,tensor_batched,cuda,2048,5,1,3,0,5,toy2_gpu_core_neural_output_average_tensor_batched_2048_cuda_repeat03,5,neural_policy,output_average,select_peers,9.378069080412388e-06
toy2,neural_output_average,tensor_batched,tensor_batched,cuda,2048,5,1,3,0,5,toy2_gpu_core_neural_output_average_tensor_batched_2048_cuda_repeat03,5,neural_policy,output_average,social_mix,0.00124796899035573
toy2,neural_output_average,tensor_batched,tensor_batched,cuda,2048,5,1,3,0,5,toy2_gpu_core_neural_output_average_tensor_batched_2048_cuda_repeat03,5,neural_policy,output_average,social_trainable_parameters,5.717796739190817e-05
toy2,neural_output_average,tensor_batched,tensor_batched,cuda,2048,5,1,3,0,5,toy2_gpu_core_neural_output_average_tensor_batched_2048_cuda_repeat03,5,neural_policy,output_average,social_loss_forward,0.00022919499315321445
toy2,neural_output_average,tensor_batched,tensor_batched,cuda,2048,5,1,3,0,5,toy2_gpu_core_neural_output_average_tensor_batched_2048_cuda_repeat03,5,neural_policy,output_average,social_autograd_grad,0.0003155990270897746
toy2,neural_output_average,tensor_batched,tensor_batched,cuda,2048,5,1,3,0,5,toy2_gpu_core_neural_output_average_tensor_batched_2048_cuda_repeat03,5,neural_policy,output_average,social_adam_update,0.0006231630686670542
toy2,neural_output_average,tensor_batched,tensor_batched,cuda,2048,5,1,3,0,5,toy2_gpu_core_neural_output_average_tensor_batched_2048_cuda_repeat03,5,neural_policy,output_average,social_optimizer_update,0.0010220409603789449
toy2,neural_output_average,tensor_batched,tensor_batched,cuda,2048,5,1,3,0,5,toy2_gpu_core_neural_output_average_tensor_batched_2048_cuda_repeat03,5,neural_policy,output_average,social_loss_update,0.0012817529495805502
toy2,neural_output_average,tensor_batched,tensor_batched,cuda,2048,5,1,3,0,5,toy2_gpu_core_neural_output_average_tensor_batched_2048_cuda_repeat03,5,neural_policy,output_average,social_distillation,0.0029908480355516076
toy2,neural_output_average,tensor_batched,tensor_batched,cuda,2048,5,1,3,0,5,toy2_gpu_core_neural_output_average_tensor_batched_2048_cuda_repeat03,5,neural_policy,output_average,social_step,0.003017459064722061
toy2,neural_output_average,tensor_batched,tensor_batched,cuda,2048,5,1,3,0,5,toy2_gpu_core_neural_output_average_tensor_batched_2048_cuda_repeat03,5,neural_policy,output_average,sample_actions,7.01297540217638e-06
toy2,neural_output_average,tensor_batched,tensor_batched,cuda,2048,5,1,3,0,5,toy2_gpu_core_neural_output_average_tensor_batched_2048_cuda_repeat03,5,neural_policy,output_average,commit_actions,1.1071097105741501e-05
toy2,neural_output_average,tensor_batched,tensor_batched,cuda,2048,5,1,3,0,5,toy2_gpu_core_neural_output_average_tensor_batched_2048_cuda_repeat03,5,neural_policy,output_average,post_step_state_policy,1.7762999050319195e-05
toy2,neural_output_average,tensor_batched,tensor_batched,cuda,2048,5,1,3,0,5,toy2_gpu_core_neural_output_average_tensor_batched_2048_cuda_repeat03,5,neural_policy,output_average,update_payoff_ema,4.615797661244869e-05
toy2,neural_output_average,tensor_batched,tensor_batched,cuda,2048,5,1,3,0,5,toy2_gpu_core_neural_output_average_tensor_batched_2048_cuda_repeat03,5,neural_policy,output_average,update_reputation_ema,4.196993540972471e-05
toy2,neural_output_average,tensor_batched,tensor_batched,cuda,2048,5,1,3,0,5,toy2_gpu_core_neural_output_average_tensor_batched_2048_cuda_repeat03,5,neural_policy,output_average,mobility_swaps,0.00043938402086496353
toy2,neural_output_average,tensor_batched,tensor_batched,cuda,2048,5,1,3,0,5,toy2_gpu_core_neural_output_average_tensor_batched_2048_cuda_repeat03,5,neural_policy,output_average,finalize_hook_step,1.9237049855291843e-05
toy2,neural_output_average,tensor_batched,tensor_batched,cuda,2048,5,1,3,0,5,toy2_gpu_core_neural_output_average_tensor_batched_2048_cuda_repeat03,5,neural_policy,output_average,hooked_step_total,0.007422331953421235
toy2,neural_output_average,tensor_batched,tensor_batched,cuda,2048,5,1,3,0,5,toy2_gpu_core_neural_output_average_tensor_batched_2048_cuda_repeat03,5,neural_policy,output_average,aggregate_row,0.0017230309313163161
toy2,neural_output_average,tensor_batched,tensor_batched,cuda,2048,5,1,3,0,5,toy2_gpu_core_neural_output_average_tensor_batched_2048_cuda_repeat03,5,neural_policy,output_average,write_aggregate,3.6680023185908794e-05
toy2,neural_output_average,tensor_batched,tensor_batched,cuda,2048,5,1,4,0,5,toy2_gpu_core_neural_output_average_tensor_batched_2048_cuda_repeat04,0,neural_policy,output_average,make_run_dir,0.0005128340562805533
toy2,neural_output_average,tensor_batched,tensor_batched,cuda,2048,5,1,4,0,5,toy2_gpu_core_neural_output_average_tensor_batched_2048_cuda_repeat04,0,neural_policy,output_average,write_metadata,0.0030535570112988353
toy2,neural_output_average,tensor_batched,tensor_batched,cuda,2048,5,1,4,0,5,toy2_gpu_core_neural_output_average_tensor_batched_2048_cuda_repeat04,0,neural_policy,output_average,initial_state,0.4330581279937178
toy2,neural_output_average,tensor_batched,tensor_batched,cuda,2048,5,1,4,0,5,toy2_gpu_core_neural_output_average_tensor_batched_2048_cuda_repeat04,0,neural_policy,output_average,writer_setup,0.0007206279551610351
toy2,neural_output_average,tensor_batched,tensor_batched,cuda,2048,5,1,4,0,5,toy2_gpu_core_neural_output_average_tensor_batched_2048_cuda_repeat04,0,neural_policy,output_average,initial_step_result,0.005244055995717645
toy2,neural_output_average,tensor_batched,tensor_batched,cuda,2048,5,1,4,0,5,toy2_gpu_core_neural_output_average_tensor_batched_2048_cuda_repeat04,0,neural_policy,output_average,initial_aggregate_row,0.004429879947565496
toy2,neural_output_average,tensor_batched,tensor_batched,cuda,2048,5,1,4,0,5,toy2_gpu_core_neural_output_average_tensor_batched_2048_cuda_repeat04,0,neural_policy,output_average,write_initial_aggregate,7.643492426723242e-05
toy2,neural_output_average,tensor_batched,tensor_batched,cuda,2048,5,1,4,0,5,toy2_gpu_core_neural_output_average_tensor_batched_2048_cuda_repeat04,1,neural_policy,output_average,sample_revision_mask,4.079798236489296e-05
toy2,neural_output_average,tensor_batched,tensor_batched,cuda,2048,5,1,4,0,5,toy2_gpu_core_neural_output_average_tensor_batched_2048_cuda_repeat04,1,neural_policy,output_average,build_step_context,2.6208930648863316e-05
toy2,neural_output_average,tensor_batched,tensor_batched,cuda,2048,5,1,4,0,5,toy2_gpu_core_neural_output_average_tensor_batched_2048_cuda_repeat04,1,neural_policy,output_average,neural_context_peers,1.2482982128858566e-05
toy2,neural_output_average,tensor_batched,tensor_batched,cuda,2048,5,1,4,0,5,toy2_gpu_core_neural_output_average_tensor_batched_2048_cuda_repeat04,1,neural_policy,output_average,build_observations,0.0003554450813680887
toy2,neural_output_average,tensor_batched,tensor_batched,cuda,2048,5,1,4,0,5,toy2_gpu_core_neural_output_average_tensor_batched_2048_cuda_repeat04,1,neural_policy,output_average,policy_readout,0.0004136250354349613
toy2,neural_output_average,tensor_batched,tensor_batched,cuda,2048,5,1,4,0,5,toy2_gpu_core_neural_output_average_tensor_batched_2048_cuda_repeat04,1,neural_policy,output_average,decision_selection,0.0007567970314994454
toy2,neural_output_average,tensor_batched,tensor_batched,cuda,2048,5,1,4,0,5,toy2_gpu_core_neural_output_average_tensor_batched_2048_cuda_repeat04,1,neural_policy,output_average,local_trainable_parameters,8.928996976464987e-05
toy2,neural_output_average,tensor_batched,tensor_batched,cuda,2048,5,1,4,0,5,toy2_gpu_core_neural_output_average_tensor_batched_2048_cuda_repeat04,1,neural_policy,output_average,local_loss_forward,0.0006064110202714801
toy2,neural_output_average,tensor_batched,tensor_batched,cuda,2048,5,1,4,0,5,toy2_gpu_core_neural_output_average_tensor_batched_2048_cuda_repeat04,1,neural_policy,output_average,local_autograd_grad,0.0009770749602466822
toy2,neural_output_average,tensor_batched,tensor_batched,cuda,2048,5,1,4,0,5,toy2_gpu_core_neural_output_average_tensor_batched_2048_cuda_repeat04,1,neural_policy,output_average,local_adam_update,0.0007666760357096791
toy2,neural_output_average,tensor_batched,tensor_batched,cuda,2048,5,1,4,0,5,toy2_gpu_core_neural_output_average_tensor_batched_2048_cuda_repeat04,1,neural_policy,output_average,local_optimizer_update,0.0019223799463361502
toy2,neural_output_average,tensor_batched,tensor_batched,cuda,2048,5,1,4,0,5,toy2_gpu_core_neural_output_average_tensor_batched_2048_cuda_repeat04,1,neural_policy,output_average,local_loss_update,0.0025628349976614118
toy2,neural_output_average,tensor_batched,tensor_batched,cuda,2048,5,1,4,0,5,toy2_gpu_core_neural_output_average_tensor_batched_2048_cuda_repeat04,1,neural_policy,output_average,local_training,0.0032893350580707192
toy2,neural_output_average,tensor_batched,tensor_batched,cuda,2048,5,1,4,0,5,toy2_gpu_core_neural_output_average_tensor_batched_2048_cuda_repeat04,1,neural_policy,output_average,cache_refresh,8.706003427505493e-06
toy2,neural_output_average,tensor_batched,tensor_batched,cuda,2048,5,1,4,0,5,toy2_gpu_core_neural_output_average_tensor_batched_2048_cuda_repeat04,1,neural_policy,output_average,post_local_readout,0.00021931598894298077
toy2,neural_output_average,tensor_batched,tensor_batched,cuda,2048,5,1,4,0,5,toy2_gpu_core_neural_output_average_tensor_batched_2048_cuda_repeat04,1,neural_policy,output_average,local_step,0.006182797951623797
toy2,neural_output_average,tensor_batched,tensor_batched,cuda,2048,5,1,4,0,5,toy2_gpu_core_neural_output_average_tensor_batched_2048_cuda_repeat04,1,neural_policy,output_average,select_peers,1.2082979083061218e-05
toy2,neural_output_average,tensor_batched,tensor_batched,cuda,2048,5,1,4,0,5,toy2_gpu_core_neural_output_average_tensor_batched_2048_cuda_repeat04,1,neural_policy,output_average,social_mix,0.0006428809138014913
toy2,neural_output_average,tensor_batched,tensor_batched,cuda,2048,5,1,4,0,5,toy2_gpu_core_neural_output_average_tensor_batched_2048_cuda_repeat04,1,neural_policy,output_average,social_trainable_parameters,5.9734098613262177e-05
toy2,neural_output_average,tensor_batched,tensor_batched,cuda,2048,5,1,4,0,5,toy2_gpu_core_neural_output_average_tensor_batched_2048_cuda_repeat04,1,neural_policy,output_average,social_loss_forward,0.0002753729932010174
toy2,neural_output_average,tensor_batched,tensor_batched,cuda,2048,5,1,4,0,5,toy2_gpu_core_neural_output_average_tensor_batched_2048_cuda_repeat04,1,neural_policy,output_average,social_autograd_grad,0.0003860130673274398
toy2,neural_output_average,tensor_batched,tensor_batched,cuda,2048,5,1,4,0,5,toy2_gpu_core_neural_output_average_tensor_batched_2048_cuda_repeat04,1,neural_policy,output_average,social_adam_update,0.0005636300193145871
toy2,neural_output_average,tensor_batched,tensor_batched,cuda,2048,5,1,4,0,5,toy2_gpu_core_neural_output_average_tensor_batched_2048_cuda_repeat04,1,neural_policy,output_average,social_optimizer_update,0.0010307769989594817
toy2,neural_output_average,tensor_batched,tensor_batched,cuda,2048,5,1,4,0,5,toy2_gpu_core_neural_output_average_tensor_batched_2048_cuda_repeat04,1,neural_policy,output_average,social_loss_update,0.0013375499984249473
toy2,neural_output_average,tensor_batched,tensor_batched,cuda,2048,5,1,4,0,5,toy2_gpu_core_neural_output_average_tensor_batched_2048_cuda_repeat04,1,neural_policy,output_average,social_distillation,0.002498885034583509
toy2,neural_output_average,tensor_batched,tensor_batched,cuda,2048,5,1,4,0,5,toy2_gpu_core_neural_output_average_tensor_batched_2048_cuda_repeat04,1,neural_policy,output_average,social_step,0.0025312359211966395
toy2,neural_output_average,tensor_batched,tensor_batched,cuda,2048,5,1,4,0,5,toy2_gpu_core_neural_output_average_tensor_batched_2048_cuda_repeat04,1,neural_policy,output_average,sample_actions,8.936971426010132e-06
toy2,neural_output_average,tensor_batched,tensor_batched,cuda,2048,5,1,4,0,5,toy2_gpu_core_neural_output_average_tensor_batched_2048_cuda_repeat04,1,neural_policy,output_average,commit_actions,1.4037010259926319e-05
toy2,neural_output_average,tensor_batched,tensor_batched,cuda,2048,5,1,4,0,5,toy2_gpu_core_neural_output_average_tensor_batched_2048_cuda_repeat04,1,neural_policy,output_average,post_step_state_policy,4.978396464139223e-05
toy2,neural_output_average,tensor_batched,tensor_batched,cuda,2048,5,1,4,0,5,toy2_gpu_core_neural_output_average_tensor_batched_2048_cuda_repeat04,1,neural_policy,output_average,update_payoff_ema,6.598490290343761e-05
toy2,neural_output_average,tensor_batched,tensor_batched,cuda,2048,5,1,4,0,5,toy2_gpu_core_neural_output_average_tensor_batched_2048_cuda_repeat04,1,neural_policy,output_average,update_reputation_ema,0.0008108789334073663
toy2,neural_output_average,tensor_batched,tensor_batched,cuda,2048,5,1,4,0,5,toy2_gpu_core_neural_output_average_tensor_batched_2048_cuda_repeat04,1,neural_policy,output_average,mobility_swaps,0.0005500339902937412
toy2,neural_output_average,tensor_batched,tensor_batched,cuda,2048,5,1,4,0,5,toy2_gpu_core_neural_output_average_tensor_batched_2048_cuda_repeat04,1,neural_policy,output_average,finalize_hook_step,2.0739040337502956e-05
toy2,neural_output_average,tensor_batched,tensor_batched,cuda,2048,5,1,4,0,5,toy2_gpu_core_neural_output_average_tensor_batched_2048_cuda_repeat04,1,neural_policy,output_average,hooked_step_total,0.011363163008354604
toy2,neural_output_average,tensor_batched,tensor_batched,cuda,2048,5,1,4,0,5,toy2_gpu_core_neural_output_average_tensor_batched_2048_cuda_repeat04,1,neural_policy,output_average,aggregate_row,0.002702391007915139
toy2,neural_output_average,tensor_batched,tensor_batched,cuda,2048,5,1,4,0,5,toy2_gpu_core_neural_output_average_tensor_batched_2048_cuda_repeat04,1,neural_policy,output_average,write_aggregate,4.2940955609083176e-05
toy2,neural_output_average,tensor_batched,tensor_batched,cuda,2048,5,1,4,0,5,toy2_gpu_core_neural_output_average_tensor_batched_2048_cuda_repeat04,2,neural_policy,output_average,sample_revision_mask,2.0798994228243828e-05
toy2,neural_output_average,tensor_batched,tensor_batched,cuda,2048,5,1,4,0,5,toy2_gpu_core_neural_output_average_tensor_batched_2048_cuda_repeat04,2,neural_policy,output_average,build_step_context,1.4097080565989017e-05
toy2,neural_output_average,tensor_batched,tensor_batched,cuda,2048,5,1,4,0,5,toy2_gpu_core_neural_output_average_tensor_batched_2048_cuda_repeat04,2,neural_policy,output_average,neural_context_peers,7.784925401210785e-06
toy2,neural_output_average,tensor_batched,tensor_batched,cuda,2048,5,1,4,0,5,toy2_gpu_core_neural_output_average_tensor_batched_2048_cuda_repeat04,2,neural_policy,output_average,build_observations,0.00020597095135599375
toy2,neural_output_average,tensor_batched,tensor_batched,cuda,2048,5,1,4,0,5,toy2_gpu_core_neural_output_average_tensor_batched_2048_cuda_repeat04,2,neural_policy,output_average,policy_readout,0.00017920008394867182
toy2,neural_output_average,tensor_batched,tensor_batched,cuda,2048,5,1,4,0,5,toy2_gpu_core_neural_output_average_tensor_batched_2048_cuda_repeat04,2,neural_policy,output_average,decision_selection,0.00020652194507420063
toy2,neural_output_average,tensor_batched,tensor_batched,cuda,2048,5,1,4,0,5,toy2_gpu_core_neural_output_average_tensor_batched_2048_cuda_repeat04,2,neural_policy,output_average,local_trainable_parameters,5.748902913182974e-05
toy2,neural_output_average,tensor_batched,tensor_batched,cuda,2048,5,1,4,0,5,toy2_gpu_core_neural_output_average_tensor_batched_2048_cuda_repeat04,2,neural_policy,output_average,local_loss_forward,0.0002922849962487817
toy2,neural_output_average,tensor_batched,tensor_batched,cuda,2048,5,1,4,0,5,toy2_gpu_core_neural_output_average_tensor_batched_2048_cuda_repeat04,2,neural_policy,output_average,local_autograd_grad,0.00045315001625567675
toy2,neural_output_average,tensor_batched,tensor_batched,cuda,2048,5,1,4,0,5,toy2_gpu_core_neural_output_average_tensor_batched_2048_cuda_repeat04,2,neural_policy,output_average,local_adam_update,0.0005270210094749928
toy2,neural_output_average,tensor_batched,tensor_batched,cuda,2048,5,1,4,0,5,toy2_gpu_core_neural_output_average_tensor_batched_2048_cuda_repeat04,2,neural_policy,output_average,local_optimizer_update,0.0010555440094321966
toy2,neural_output_average,tensor_batched,tensor_batched,cuda,2048,5,1,4,0,5,toy2_gpu_core_neural_output_average_tensor_batched_2048_cuda_repeat04,2,neural_policy,output_average,local_loss_update,0.001388575998134911
toy2,neural_output_average,tensor_batched,tensor_batched,cuda,2048,5,1,4,0,5,toy2_gpu_core_neural_output_average_tensor_batched_2048_cuda_repeat04,2,neural_policy,output_average,local_training,0.0017237020656466484
toy2,neural_output_average,tensor_batched,tensor_batched,cuda,2048,5,1,4,0,5,toy2_gpu_core_neural_output_average_tensor_batched_2048_cuda_repeat04,2,neural_policy,output_average,cache_refresh,6.993068382143974e-06
toy2,neural_output_average,tensor_batched,tensor_batched,cuda,2048,5,1,4,0,5,toy2_gpu_core_neural_output_average_tensor_batched_2048_cuda_repeat04,2,neural_policy,output_average,post_local_readout,0.00018137495499104261
toy2,neural_output_average,tensor_batched,tensor_batched,cuda,2048,5,1,4,0,5,toy2_gpu_core_neural_output_average_tensor_batched_2048_cuda_repeat04,2,neural_policy,output_average,local_step,0.0032113869674503803
toy2,neural_output_average,tensor_batched,tensor_batched,cuda,2048,5,1,4,0,5,toy2_gpu_core_neural_output_average_tensor_batched_2048_cuda_repeat04,2,neural_policy,output_average,select_peers,9.046983905136585e-06
toy2,neural_output_average,tensor_batched,tensor_batched,cuda,2048,5,1,4,0,5,toy2_gpu_core_neural_output_average_tensor_batched_2048_cuda_repeat04,2,neural_policy,output_average,social_mix,0.00040476792491972446
toy2,neural_output_average,tensor_batched,tensor_batched,cuda,2048,5,1,4,0,5,toy2_gpu_core_neural_output_average_tensor_batched_2048_cuda_repeat04,2,neural_policy,output_average,social_trainable_parameters,5.133694503456354e-05
toy2,neural_output_average,tensor_batched,tensor_batched,cuda,2048,5,1,4,0,5,toy2_gpu_core_neural_output_average_tensor_batched_2048_cuda_repeat04,2,neural_policy,output_average,social_loss_forward,0.00022836297284811735
toy2,neural_output_average,tensor_batched,tensor_batched,cuda,2048,5,1,4,0,5,toy2_gpu_core_neural_output_average_tensor_batched_2048_cuda_repeat04,2,neural_policy,output_average,social_autograd_grad,0.00031540903728455305
toy2,neural_output_average,tensor_batched,tensor_batched,cuda,2048,5,1,4,0,5,toy2_gpu_core_neural_output_average_tensor_batched_2048_cuda_repeat04,2,neural_policy,output_average,social_adam_update,0.0005170819349586964
toy2,neural_output_average,tensor_batched,tensor_batched,cuda,2048,5,1,4,0,5,toy2_gpu_core_neural_output_average_tensor_batched_2048_cuda_repeat04,2,neural_policy,output_average,social_optimizer_update,0.0009039160795509815
toy2,neural_output_average,tensor_batched,tensor_batched,cuda,2048,5,1,4,0,5,toy2_gpu_core_neural_output_average_tensor_batched_2048_cuda_repeat04,2,neural_policy,output_average,social_loss_update,0.0011607439955696464
toy2,neural_output_average,tensor_batched,tensor_batched,cuda,2048,5,1,4,0,5,toy2_gpu_core_neural_output_average_tensor_batched_2048_cuda_repeat04,2,neural_policy,output_average,social_distillation,0.0019954690942540765
toy2,neural_output_average,tensor_batched,tensor_batched,cuda,2048,5,1,4,0,5,toy2_gpu_core_neural_output_average_tensor_batched_2048_cuda_repeat04,2,neural_policy,output_average,social_step,0.0020182309672236443
toy2,neural_output_average,tensor_batched,tensor_batched,cuda,2048,5,1,4,0,5,toy2_gpu_core_neural_output_average_tensor_batched_2048_cuda_repeat04,2,neural_policy,output_average,sample_actions,6.232061423361301e-06
toy2,neural_output_average,tensor_batched,tensor_batched,cuda,2048,5,1,4,0,5,toy2_gpu_core_neural_output_average_tensor_batched_2048_cuda_repeat04,2,neural_policy,output_average,commit_actions,1.025001984089613e-05
toy2,neural_output_average,tensor_batched,tensor_batched,cuda,2048,5,1,4,0,5,toy2_gpu_core_neural_output_average_tensor_batched_2048_cuda_repeat04,2,neural_policy,output_average,post_step_state_policy,1.7452985048294067e-05
toy2,neural_output_average,tensor_batched,tensor_batched,cuda,2048,5,1,4,0,5,toy2_gpu_core_neural_output_average_tensor_batched_2048_cuda_repeat04,2,neural_policy,output_average,update_payoff_ema,4.882202483713627e-05
toy2,neural_output_average,tensor_batched,tensor_batched,cuda,2048,5,1,4,0,5,toy2_gpu_core_neural_output_average_tensor_batched_2048_cuda_repeat04,2,neural_policy,output_average,update_reputation_ema,4.1087972931563854e-05
toy2,neural_output_average,tensor_batched,tensor_batched,cuda,2048,5,1,4,0,5,toy2_gpu_core_neural_output_average_tensor_batched_2048_cuda_repeat04,2,neural_policy,output_average,mobility_swaps,0.0005379409994930029
toy2,neural_output_average,tensor_batched,tensor_batched,cuda,2048,5,1,4,0,5,toy2_gpu_core_neural_output_average_tensor_batched_2048_cuda_repeat04,2,neural_policy,output_average,finalize_hook_step,2.0058942027390003e-05
toy2,neural_output_average,tensor_batched,tensor_batched,cuda,2048,5,1,4,0,5,toy2_gpu_core_neural_output_average_tensor_batched_2048_cuda_repeat04,2,neural_policy,output_average,hooked_step_total,0.0065889289835467935
toy2,neural_output_average,tensor_batched,tensor_batched,cuda,2048,5,1,4,0,5,toy2_gpu_core_neural_output_average_tensor_batched_2048_cuda_repeat04,2,neural_policy,output_average,aggregate_row,0.002356303040869534
toy2,neural_output_average,tensor_batched,tensor_batched,cuda,2048,5,1,4,0,5,toy2_gpu_core_neural_output_average_tensor_batched_2048_cuda_repeat04,2,neural_policy,output_average,write_aggregate,3.5146018490195274e-05
toy2,neural_output_average,tensor_batched,tensor_batched,cuda,2048,5,1,4,0,5,toy2_gpu_core_neural_output_average_tensor_batched_2048_cuda_repeat04,3,neural_policy,output_average,sample_revision_mask,1.799408346414566e-05
toy2,neural_output_average,tensor_batched,tensor_batched,cuda,2048,5,1,4,0,5,toy2_gpu_core_neural_output_average_tensor_batched_2048_cuda_repeat04,3,neural_policy,output_average,build_step_context,8.865958079695702e-06
toy2,neural_output_average,tensor_batched,tensor_batched,cuda,2048,5,1,4,0,5,toy2_gpu_core_neural_output_average_tensor_batched_2048_cuda_repeat04,3,neural_policy,output_average,neural_context_peers,6.361980922520161e-06
toy2,neural_output_average,tensor_batched,tensor_batched,cuda,2048,5,1,4,0,5,toy2_gpu_core_neural_output_average_tensor_batched_2048_cuda_repeat04,3,neural_policy,output_average,build_observations,0.0003031650558114052
toy2,neural_output_average,tensor_batched,tensor_batched,cuda,2048,5,1,4,0,5,toy2_gpu_core_neural_output_average_tensor_batched_2048_cuda_repeat04,3,neural_policy,output_average,policy_readout,0.0001778969308361411
toy2,neural_output_average,tensor_batched,tensor_batched,cuda,2048,5,1,4,0,5,toy2_gpu_core_neural_output_average_tensor_batched_2048_cuda_repeat04,3,neural_policy,output_average,decision_selection,0.0001575798960402608
toy2,neural_output_average,tensor_batched,tensor_batched,cuda,2048,5,1,4,0,5,toy2_gpu_core_neural_output_average_tensor_batched_2048_cuda_repeat04,3,neural_policy,output_average,local_trainable_parameters,5.928205791860819e-05
toy2,neural_output_average,tensor_batched,tensor_batched,cuda,2048,5,1,4,0,5,toy2_gpu_core_neural_output_average_tensor_batched_2048_cuda_repeat04,3,neural_policy,output_average,local_loss_forward,0.0002940481062978506
toy2,neural_output_average,tensor_batched,tensor_batched,cuda,2048,5,1,4,0,5,toy2_gpu_core_neural_output_average_tensor_batched_2048_cuda_repeat04,3,neural_policy,output_average,local_autograd_grad,0.00044318102300167084
toy2,neural_output_average,tensor_batched,tensor_batched,cuda,2048,5,1,4,0,5,toy2_gpu_core_neural_output_average_tensor_batched_2048_cuda_repeat04,3,neural_policy,output_average,local_adam_update,0.0005240240134298801
toy2,neural_output_average,tensor_batched,tensor_batched,cuda,2048,5,1,4,0,5,toy2_gpu_core_neural_output_average_tensor_batched_2048_cuda_repeat04,3,neural_policy,output_average,local_optimizer_update,0.0010412660194560885
toy2,neural_output_average,tensor_batched,tensor_batched,cuda,2048,5,1,4,0,5,toy2_gpu_core_neural_output_average_tensor_batched_2048_cuda_repeat04,3,neural_policy,output_average,local_loss_update,0.0013642400735989213
toy2,neural_output_average,tensor_batched,tensor_batched,cuda,2048,5,1,4,0,5,toy2_gpu_core_neural_output_average_tensor_batched_2048_cuda_repeat04,3,neural_policy,output_average,local_training,0.0016866420628502965
toy2,neural_output_average,tensor_batched,tensor_batched,cuda,2048,5,1,4,0,5,toy2_gpu_core_neural_output_average_tensor_batched_2048_cuda_repeat04,3,neural_policy,output_average,cache_refresh,6.972928531467915e-06
toy2,neural_output_average,tensor_batched,tensor_batched,cuda,2048,5,1,4,0,5,toy2_gpu_core_neural_output_average_tensor_batched_2048_cuda_repeat04,3,neural_policy,output_average,post_local_readout,0.00018032302614301443
toy2,neural_output_average,tensor_batched,tensor_batched,cuda,2048,5,1,4,0,5,toy2_gpu_core_neural_output_average_tensor_batched_2048_cuda_repeat04,3,neural_policy,output_average,local_step,0.0032080899691209197
toy2,neural_output_average,tensor_batched,tensor_batched,cuda,2048,5,1,4,0,5,toy2_gpu_core_neural_output_average_tensor_batched_2048_cuda_repeat04,3,neural_policy,output_average,select_peers,8.906936272978783e-06
toy2,neural_output_average,tensor_batched,tensor_batched,cuda,2048,5,1,4,0,5,toy2_gpu_core_neural_output_average_tensor_batched_2048_cuda_repeat04,3,neural_policy,output_average,social_mix,0.0004702529404312372
toy2,neural_output_average,tensor_batched,tensor_batched,cuda,2048,5,1,4,0,5,toy2_gpu_core_neural_output_average_tensor_batched_2048_cuda_repeat04,3,neural_policy,output_average,social_trainable_parameters,6.555498111993074e-05
toy2,neural_output_average,tensor_batched,tensor_batched,cuda,2048,5,1,4,0,5,toy2_gpu_core_neural_output_average_tensor_batched_2048_cuda_repeat04,3,neural_policy,output_average,social_loss_forward,0.00024420302361249924
toy2,neural_output_average,tensor_batched,tensor_batched,cuda,2048,5,1,4,0,5,toy2_gpu_core_neural_output_average_tensor_batched_2048_cuda_repeat04,3,neural_policy,output_average,social_autograd_grad,0.00034818099811673164
toy2,neural_output_average,tensor_batched,tensor_batched,cuda,2048,5,1,4,0,5,toy2_gpu_core_neural_output_average_tensor_batched_2048_cuda_repeat04,3,neural_policy,output_average,social_adam_update,0.0015945370541885495
toy2,neural_output_average,tensor_batched,tensor_batched,cuda,2048,5,1,4,0,5,toy2_gpu_core_neural_output_average_tensor_batched_2048_cuda_repeat04,3,neural_policy,output_average,social_optimizer_update,0.003147876006551087
toy2,neural_output_average,tensor_batched,tensor_batched,cuda,2048,5,1,4,0,5,toy2_gpu_core_neural_output_average_tensor_batched_2048_cuda_repeat04,3,neural_policy,output_average,social_loss_update,0.003420504042878747
toy2,neural_output_average,tensor_batched,tensor_batched,cuda,2048,5,1,4,0,5,toy2_gpu_core_neural_output_average_tensor_batched_2048_cuda_repeat04,3,neural_policy,output_average,social_distillation,0.0044332260731607676
toy2,neural_output_average,tensor_batched,tensor_batched,cuda,2048,5,1,4,0,5,toy2_gpu_core_neural_output_average_tensor_batched_2048_cuda_repeat04,3,neural_policy,output_average,social_step,0.004455709015019238
toy2,neural_output_average,tensor_batched,tensor_batched,cuda,2048,5,1,4,0,5,toy2_gpu_core_neural_output_average_tensor_batched_2048_cuda_repeat04,3,neural_policy,output_average,sample_actions,6.593065336346626e-06
toy2,neural_output_average,tensor_batched,tensor_batched,cuda,2048,5,1,4,0,5,toy2_gpu_core_neural_output_average_tensor_batched_2048_cuda_repeat04,3,neural_policy,output_average,commit_actions,1.0819989256560802e-05
toy2,neural_output_average,tensor_batched,tensor_batched,cuda,2048,5,1,4,0,5,toy2_gpu_core_neural_output_average_tensor_batched_2048_cuda_repeat04,3,neural_policy,output_average,post_step_state_policy,1.6290927305817604e-05
toy2,neural_output_average,tensor_batched,tensor_batched,cuda,2048,5,1,4,0,5,toy2_gpu_core_neural_output_average_tensor_batched_2048_cuda_repeat04,3,neural_policy,output_average,update_payoff_ema,5.1137059926986694e-05
toy2,neural_output_average,tensor_batched,tensor_batched,cuda,2048,5,1,4,0,5,toy2_gpu_core_neural_output_average_tensor_batched_2048_cuda_repeat04,3,neural_policy,output_average,update_reputation_ema,4.4154003262519836e-05
toy2,neural_output_average,tensor_batched,tensor_batched,cuda,2048,5,1,4,0,5,toy2_gpu_core_neural_output_average_tensor_batched_2048_cuda_repeat04,3,neural_policy,output_average,mobility_swaps,0.0004963820101693273
toy2,neural_output_average,tensor_batched,tensor_batched,cuda,2048,5,1,4,0,5,toy2_gpu_core_neural_output_average_tensor_batched_2048_cuda_repeat04,3,neural_policy,output_average,finalize_hook_step,1.8334947526454926e-05
toy2,neural_output_average,tensor_batched,tensor_batched,cuda,2048,5,1,4,0,5,toy2_gpu_core_neural_output_average_tensor_batched_2048_cuda_repeat04,3,neural_policy,output_average,hooked_step_total,0.009476240025833249
toy2,neural_output_average,tensor_batched,tensor_batched,cuda,2048,5,1,4,0,5,toy2_gpu_core_neural_output_average_tensor_batched_2048_cuda_repeat04,3,neural_policy,output_average,aggregate_row,0.002124713035300374
toy2,neural_output_average,tensor_batched,tensor_batched,cuda,2048,5,1,4,0,5,toy2_gpu_core_neural_output_average_tensor_batched_2048_cuda_repeat04,3,neural_policy,output_average,write_aggregate,3.717094659805298e-05
toy2,neural_output_average,tensor_batched,tensor_batched,cuda,2048,5,1,4,0,5,toy2_gpu_core_neural_output_average_tensor_batched_2048_cuda_repeat04,4,neural_policy,output_average,sample_revision_mask,1.8145074136555195e-05
toy2,neural_output_average,tensor_batched,tensor_batched,cuda,2048,5,1,4,0,5,toy2_gpu_core_neural_output_average_tensor_batched_2048_cuda_repeat04,4,neural_policy,output_average,build_step_context,9.748036973178387e-06
toy2,neural_output_average,tensor_batched,tensor_batched,cuda,2048,5,1,4,0,5,toy2_gpu_core_neural_output_average_tensor_batched_2048_cuda_repeat04,4,neural_policy,output_average,neural_context_peers,7.052905857563019e-06
toy2,neural_output_average,tensor_batched,tensor_batched,cuda,2048,5,1,4,0,5,toy2_gpu_core_neural_output_average_tensor_batched_2048_cuda_repeat04,4,neural_policy,output_average,build_observations,0.00017485208809375763
toy2,neural_output_average,tensor_batched,tensor_batched,cuda,2048,5,1,4,0,5,toy2_gpu_core_neural_output_average_tensor_batched_2048_cuda_repeat04,4,neural_policy,output_average,policy_readout,0.00018057296983897686
toy2,neural_output_average,tensor_batched,tensor_batched,cuda,2048,5,1,4,0,5,toy2_gpu_core_neural_output_average_tensor_batched_2048_cuda_repeat04,4,neural_policy,output_average,decision_selection,0.00014953396748751402
toy2,neural_output_average,tensor_batched,tensor_batched,cuda,2048,5,1,4,0,5,toy2_gpu_core_neural_output_average_tensor_batched_2048_cuda_repeat04,4,neural_policy,output_average,local_trainable_parameters,5.559599958360195e-05
toy2,neural_output_average,tensor_batched,tensor_batched,cuda,2048,5,1,4,0,5,toy2_gpu_core_neural_output_average_tensor_batched_2048_cuda_repeat04,4,neural_policy,output_average,local_loss_forward,0.00028469995595514774
toy2,neural_output_average,tensor_batched,tensor_batched,cuda,2048,5,1,4,0,5,toy2_gpu_core_neural_output_average_tensor_batched_2048_cuda_repeat04,4,neural_policy,output_average,local_autograd_grad,0.0004728970816358924
toy2,neural_output_average,tensor_batched,tensor_batched,cuda,2048,5,1,4,0,5,toy2_gpu_core_neural_output_average_tensor_batched_2048_cuda_repeat04,4,neural_policy,output_average,local_adam_update,0.0006302660331130028
toy2,neural_output_average,tensor_batched,tensor_batched,cuda,2048,5,1,4,0,5,toy2_gpu_core_neural_output_average_tensor_batched_2048_cuda_repeat04,4,neural_policy,output_average,local_optimizer_update,0.0011910520261153579
toy2,neural_output_average,tensor_batched,tensor_batched,cuda,2048,5,1,4,0,5,toy2_gpu_core_neural_output_average_tensor_batched_2048_cuda_repeat04,4,neural_policy,output_average,local_loss_update,0.001504326006397605
toy2,neural_output_average,tensor_batched,tensor_batched,cuda,2048,5,1,4,0,5,toy2_gpu_core_neural_output_average_tensor_batched_2048_cuda_repeat04,4,neural_policy,output_average,local_training,0.0018064900068566203
toy2,neural_output_average,tensor_batched,tensor_batched,cuda,2048,5,1,4,0,5,toy2_gpu_core_neural_output_average_tensor_batched_2048_cuda_repeat04,4,neural_policy,output_average,cache_refresh,7.724971510469913e-06
toy2,neural_output_average,tensor_batched,tensor_batched,cuda,2048,5,1,4,0,5,toy2_gpu_core_neural_output_average_tensor_batched_2048_cuda_repeat04,4,neural_policy,output_average,post_local_readout,0.0001750619849190116
toy2,neural_output_average,tensor_batched,tensor_batched,cuda,2048,5,1,4,0,5,toy2_gpu_core_neural_output_average_tensor_batched_2048_cuda_repeat04,4,neural_policy,output_average,local_step,0.003138338914141059
toy2,neural_output_average,tensor_batched,tensor_batched,cuda,2048,5,1,4,0,5,toy2_gpu_core_neural_output_average_tensor_batched_2048_cuda_repeat04,4,neural_policy,output_average,select_peers,8.527073077857494e-06
toy2,neural_output_average,tensor_batched,tensor_batched,cuda,2048,5,1,4,0,5,toy2_gpu_core_neural_output_average_tensor_batched_2048_cuda_repeat04,4,neural_policy,output_average,social_mix,0.0004213800420984626
toy2,neural_output_average,tensor_batched,tensor_batched,cuda,2048,5,1,4,0,5,toy2_gpu_core_neural_output_average_tensor_batched_2048_cuda_repeat04,4,neural_policy,output_average,social_trainable_parameters,5.5526033975183964e-05
toy2,neural_output_average,tensor_batched,tensor_batched,cuda,2048,5,1,4,0,5,toy2_gpu_core_neural_output_average_tensor_batched_2048_cuda_repeat04,4,neural_policy,output_average,social_loss_forward,0.0002225619973614812
toy2,neural_output_average,tensor_batched,tensor_batched,cuda,2048,5,1,4,0,5,toy2_gpu_core_neural_output_average_tensor_batched_2048_cuda_repeat04,4,neural_policy,output_average,social_autograd_grad,0.00034262100234627724
toy2,neural_output_average,tensor_batched,tensor_batched,cuda,2048,5,1,4,0,5,toy2_gpu_core_neural_output_average_tensor_batched_2048_cuda_repeat04,4,neural_policy,output_average,social_adam_update,0.0005065920995548368
toy2,neural_output_average,tensor_batched,tensor_batched,cuda,2048,5,1,4,0,5,toy2_gpu_core_neural_output_average_tensor_batched_2048_cuda_repeat04,4,neural_policy,output_average,social_optimizer_update,0.0009183239890262485
toy2,neural_output_average,tensor_batched,tensor_batched,cuda,2048,5,1,4,0,5,toy2_gpu_core_neural_output_average_tensor_batched_2048_cuda_repeat04,4,neural_policy,output_average,social_loss_update,0.0011685679201036692
toy2,neural_output_average,tensor_batched,tensor_batched,cuda,2048,5,1,4,0,5,toy2_gpu_core_neural_output_average_tensor_batched_2048_cuda_repeat04,4,neural_policy,output_average,social_distillation,0.002039883052930236
toy2,neural_output_average,tensor_batched,tensor_batched,cuda,2048,5,1,4,0,5,toy2_gpu_core_neural_output_average_tensor_batched_2048_cuda_repeat04,4,neural_policy,output_average,social_step,0.0020644989563152194
toy2,neural_output_average,tensor_batched,tensor_batched,cuda,2048,5,1,4,0,5,toy2_gpu_core_neural_output_average_tensor_batched_2048_cuda_repeat04,4,neural_policy,output_average,sample_actions,6.661983206868172e-06
toy2,neural_output_average,tensor_batched,tensor_batched,cuda,2048,5,1,4,0,5,toy2_gpu_core_neural_output_average_tensor_batched_2048_cuda_repeat04,4,neural_policy,output_average,commit_actions,1.0569929145276546e-05
toy2,neural_output_average,tensor_batched,tensor_batched,cuda,2048,5,1,4,0,5,toy2_gpu_core_neural_output_average_tensor_batched_2048_cuda_repeat04,4,neural_policy,output_average,post_step_state_policy,1.53400469571352e-05
toy2,neural_output_average,tensor_batched,tensor_batched,cuda,2048,5,1,4,0,5,toy2_gpu_core_neural_output_average_tensor_batched_2048_cuda_repeat04,4,neural_policy,output_average,update_payoff_ema,5.214905831962824e-05
toy2,neural_output_average,tensor_batched,tensor_batched,cuda,2048,5,1,4,0,5,toy2_gpu_core_neural_output_average_tensor_batched_2048_cuda_repeat04,4,neural_policy,output_average,update_reputation_ema,4.429405089467764e-05
toy2,neural_output_average,tensor_batched,tensor_batched,cuda,2048,5,1,4,0,5,toy2_gpu_core_neural_output_average_tensor_batched_2048_cuda_repeat04,4,neural_policy,output_average,mobility_swaps,0.0004894289886578918
toy2,neural_output_average,tensor_batched,tensor_batched,cuda,2048,5,1,4,0,5,toy2_gpu_core_neural_output_average_tensor_batched_2048_cuda_repeat04,4,neural_policy,output_average,finalize_hook_step,2.0629027858376503e-05
toy2,neural_output_average,tensor_batched,tensor_batched,cuda,2048,5,1,4,0,5,toy2_gpu_core_neural_output_average_tensor_batched_2048_cuda_repeat04,4,neural_policy,output_average,hooked_step_total,0.00653973501175642
toy2,neural_output_average,tensor_batched,tensor_batched,cuda,2048,5,1,4,0,5,toy2_gpu_core_neural_output_average_tensor_batched_2048_cuda_repeat04,4,neural_policy,output_average,aggregate_row,0.0019986650440841913
toy2,neural_output_average,tensor_batched,tensor_batched,cuda,2048,5,1,4,0,5,toy2_gpu_core_neural_output_average_tensor_batched_2048_cuda_repeat04,4,neural_policy,output_average,write_aggregate,3.7109944969415665e-05
toy2,neural_output_average,tensor_batched,tensor_batched,cuda,2048,5,1,4,0,5,toy2_gpu_core_neural_output_average_tensor_batched_2048_cuda_repeat04,5,neural_policy,output_average,sample_revision_mask,1.8505030311644077e-05
toy2,neural_output_average,tensor_batched,tensor_batched,cuda,2048,5,1,4,0,5,toy2_gpu_core_neural_output_average_tensor_batched_2048_cuda_repeat04,5,neural_policy,output_average,build_step_context,9.707990102469921e-06
toy2,neural_output_average,tensor_batched,tensor_batched,cuda,2048,5,1,4,0,5,toy2_gpu_core_neural_output_average_tensor_batched_2048_cuda_repeat04,5,neural_policy,output_average,neural_context_peers,6.241956725716591e-06
toy2,neural_output_average,tensor_batched,tensor_batched,cuda,2048,5,1,4,0,5,toy2_gpu_core_neural_output_average_tensor_batched_2048_cuda_repeat04,5,neural_policy,output_average,build_observations,0.00017021293751895428
toy2,neural_output_average,tensor_batched,tensor_batched,cuda,2048,5,1,4,0,5,toy2_gpu_core_neural_output_average_tensor_batched_2048_cuda_repeat04,5,neural_policy,output_average,policy_readout,0.0001757340505719185
toy2,neural_output_average,tensor_batched,tensor_batched,cuda,2048,5,1,4,0,5,toy2_gpu_core_neural_output_average_tensor_batched_2048_cuda_repeat04,5,neural_policy,output_average,decision_selection,0.00016128597781062126
toy2,neural_output_average,tensor_batched,tensor_batched,cuda,2048,5,1,4,0,5,toy2_gpu_core_neural_output_average_tensor_batched_2048_cuda_repeat04,5,neural_policy,output_average,local_trainable_parameters,5.836109630763531e-05
toy2,neural_output_average,tensor_batched,tensor_batched,cuda,2048,5,1,4,0,5,toy2_gpu_core_neural_output_average_tensor_batched_2048_cuda_repeat04,5,neural_policy,output_average,local_loss_forward,0.0003055799752473831
toy2,neural_output_average,tensor_batched,tensor_batched,cuda,2048,5,1,4,0,5,toy2_gpu_core_neural_output_average_tensor_batched_2048_cuda_repeat04,5,neural_policy,output_average,local_autograd_grad,0.0004575190832838416
toy2,neural_output_average,tensor_batched,tensor_batched,cuda,2048,5,1,4,0,5,toy2_gpu_core_neural_output_average_tensor_batched_2048_cuda_repeat04,5,neural_policy,output_average,local_adam_update,0.0005193259567022324
toy2,neural_output_average,tensor_batched,tensor_batched,cuda,2048,5,1,4,0,5,toy2_gpu_core_neural_output_average_tensor_batched_2048_cuda_repeat04,5,neural_policy,output_average,local_optimizer_update,0.0010554440086707473
toy2,neural_output_average,tensor_batched,tensor_batched,cuda,2048,5,1,4,0,5,toy2_gpu_core_neural_output_average_tensor_batched_2048_cuda_repeat04,5,neural_policy,output_average,local_loss_update,0.0013891069684177637
toy2,neural_output_average,tensor_batched,tensor_batched,cuda,2048,5,1,4,0,5,toy2_gpu_core_neural_output_average_tensor_batched_2048_cuda_repeat04,5,neural_policy,output_average,local_training,0.0017229910008609295
toy2,neural_output_average,tensor_batched,tensor_batched,cuda,2048,5,1,4,0,5,toy2_gpu_core_neural_output_average_tensor_batched_2048_cuda_repeat04,5,neural_policy,output_average,cache_refresh,7.383991032838821e-06
toy2,neural_output_average,tensor_batched,tensor_batched,cuda,2048,5,1,4,0,5,toy2_gpu_core_neural_output_average_tensor_batched_2048_cuda_repeat04,5,neural_policy,output_average,post_local_readout,0.00017475197091698647
toy2,neural_output_average,tensor_batched,tensor_batched,cuda,2048,5,1,4,0,5,toy2_gpu_core_neural_output_average_tensor_batched_2048_cuda_repeat04,5,neural_policy,output_average,local_step,0.003077272092923522
toy2,neural_output_average,tensor_batched,tensor_batched,cuda,2048,5,1,4,0,5,toy2_gpu_core_neural_output_average_tensor_batched_2048_cuda_repeat04,5,neural_policy,output_average,select_peers,8.205999620258808e-06
toy2,neural_output_average,tensor_batched,tensor_batched,cuda,2048,5,1,4,0,5,toy2_gpu_core_neural_output_average_tensor_batched_2048_cuda_repeat04,5,neural_policy,output_average,social_mix,0.00040643196552991867
toy2,neural_output_average,tensor_batched,tensor_batched,cuda,2048,5,1,4,0,5,toy2_gpu_core_neural_output_average_tensor_batched_2048_cuda_repeat04,5,neural_policy,output_average,social_trainable_parameters,5.388201680034399e-05
toy2,neural_output_average,tensor_batched,tensor_batched,cuda,2048,5,1,4,0,5,toy2_gpu_core_neural_output_average_tensor_batched_2048_cuda_repeat04,5,neural_policy,output_average,social_loss_forward,0.00022248202003538609
toy2,neural_output_average,tensor_batched,tensor_batched,cuda,2048,5,1,4,0,5,toy2_gpu_core_neural_output_average_tensor_batched_2048_cuda_repeat04,5,neural_policy,output_average,social_autograd_grad,0.00033098889980465174
toy2,neural_output_average,tensor_batched,tensor_batched,cuda,2048,5,1,4,0,5,toy2_gpu_core_neural_output_average_tensor_batched_2048_cuda_repeat04,5,neural_policy,output_average,social_adam_update,0.0005343450466170907
toy2,neural_output_average,tensor_batched,tensor_batched,cuda,2048,5,1,4,0,5,toy2_gpu_core_neural_output_average_tensor_batched_2048_cuda_repeat04,5,neural_policy,output_average,social_optimizer_update,0.000940044061280787
toy2,neural_output_average,tensor_batched,tensor_batched,cuda,2048,5,1,4,0,5,toy2_gpu_core_neural_output_average_tensor_batched_2048_cuda_repeat04,5,neural_policy,output_average,social_loss_update,0.0011901999823749065
toy2,neural_output_average,tensor_batched,tensor_batched,cuda,2048,5,1,4,0,5,toy2_gpu_core_neural_output_average_tensor_batched_2048_cuda_repeat04,5,neural_policy,output_average,social_distillation,0.0020301640033721924
toy2,neural_output_average,tensor_batched,tensor_batched,cuda,2048,5,1,4,0,5,toy2_gpu_core_neural_output_average_tensor_batched_2048_cuda_repeat04,5,neural_policy,output_average,social_step,0.0020529479952529073
toy2,neural_output_average,tensor_batched,tensor_batched,cuda,2048,5,1,4,0,5,toy2_gpu_core_neural_output_average_tensor_batched_2048_cuda_repeat04,5,neural_policy,output_average,sample_actions,6.441958248615265e-06
toy2,neural_output_average,tensor_batched,tensor_batched,cuda,2048,5,1,4,0,5,toy2_gpu_core_neural_output_average_tensor_batched_2048_cuda_repeat04,5,neural_policy,output_average,commit_actions,9.92906279861927e-06
toy2,neural_output_average,tensor_batched,tensor_batched,cuda,2048,5,1,4,0,5,toy2_gpu_core_neural_output_average_tensor_batched_2048_cuda_repeat04,5,neural_policy,output_average,post_step_state_policy,1.4959019608795643e-05
toy2,neural_output_average,tensor_batched,tensor_batched,cuda,2048,5,1,4,0,5,toy2_gpu_core_neural_output_average_tensor_batched_2048_cuda_repeat04,5,neural_policy,output_average,update_payoff_ema,4.8752990551292896e-05
toy2,neural_output_average,tensor_batched,tensor_batched,cuda,2048,5,1,4,0,5,toy2_gpu_core_neural_output_average_tensor_batched_2048_cuda_repeat04,5,neural_policy,output_average,update_reputation_ema,4.404399078339338e-05
toy2,neural_output_average,tensor_batched,tensor_batched,cuda,2048,5,1,4,0,5,toy2_gpu_core_neural_output_average_tensor_batched_2048_cuda_repeat04,5,neural_policy,output_average,mobility_swaps,0.0004813940031453967
toy2,neural_output_average,tensor_batched,tensor_batched,cuda,2048,5,1,4,0,5,toy2_gpu_core_neural_output_average_tensor_batched_2048_cuda_repeat04,5,neural_policy,output_average,finalize_hook_step,2.1871994249522686e-05
toy2,neural_output_average,tensor_batched,tensor_batched,cuda,2048,5,1,4,0,5,toy2_gpu_core_neural_output_average_tensor_batched_2048_cuda_repeat04,5,neural_policy,output_average,hooked_step_total,0.0064439240377396345
toy2,neural_output_average,tensor_batched,tensor_batched,cuda,2048,5,1,4,0,5,toy2_gpu_core_neural_output_average_tensor_batched_2048_cuda_repeat04,5,neural_policy,output_average,aggregate_row,0.0016997969942167401
toy2,neural_output_average,tensor_batched,tensor_batched,cuda,2048,5,1,4,0,5,toy2_gpu_core_neural_output_average_tensor_batched_2048_cuda_repeat04,5,neural_policy,output_average,write_aggregate,3.4525059163570404e-05
