toy,scenario,training_backend,resolved_training_backend,device,agent_count,epochs,seed,repeat_index,warmup_runs,repeats,run_id,epoch,policy_rule,coordination_mixer,stage,seconds
toy4,neural_output_average,batched,batched,cpu,1024,3,9,0,1,2,toy4_gpu_core_neural_output_average_batched_1024_cpu_repeat00,0,neural_policy,output_average,make_run_dir,0.0005865501007065177
toy4,neural_output_average,batched,batched,cpu,1024,3,9,0,1,2,toy4_gpu_core_neural_output_average_batched_1024_cpu_repeat00,0,neural_policy,output_average,write_metadata,0.0030314349569380283
toy4,neural_output_average,batched,batched,cpu,1024,3,9,0,1,2,toy4_gpu_core_neural_output_average_batched_1024_cpu_repeat00,0,neural_policy,output_average,initial_state,0.5717638169880956
toy4,neural_output_average,batched,batched,cpu,1024,3,9,0,1,2,toy4_gpu_core_neural_output_average_batched_1024_cpu_repeat00,0,neural_policy,output_average,writer_setup,0.001084711984731257
toy4,neural_output_average,batched,batched,cpu,1024,3,9,0,1,2,toy4_gpu_core_neural_output_average_batched_1024_cpu_repeat00,0,neural_policy,output_average,initial_step_result,0.011230516945943236
toy4,neural_output_average,batched,batched,cpu,1024,3,9,0,1,2,toy4_gpu_core_neural_output_average_batched_1024_cpu_repeat00,0,neural_policy,output_average,initial_aggregate_row,0.035654235049150884
toy4,neural_output_average,batched,batched,cpu,1024,3,9,0,1,2,toy4_gpu_core_neural_output_average_batched_1024_cpu_repeat00,0,neural_policy,output_average,write_initial_aggregate,0.00022918300237506628
toy4,neural_output_average,batched,batched,cpu,1024,3,9,0,1,2,toy4_gpu_core_neural_output_average_batched_1024_cpu_repeat00,1,neural_policy,output_average,sample_revision_mask,7.897999603301287e-05
toy4,neural_output_average,batched,batched,cpu,1024,3,9,0,1,2,toy4_gpu_core_neural_output_average_batched_1024_cpu_repeat00,1,neural_policy,output_average,build_step_context,3.244099207222462e-05
toy4,neural_output_average,batched,batched,cpu,1024,3,9,0,1,2,toy4_gpu_core_neural_output_average_batched_1024_cpu_repeat00,1,neural_policy,output_average,build_observations,0.011083498946391046
toy4,neural_output_average,batched,batched,cpu,1024,3,9,0,1,2,toy4_gpu_core_neural_output_average_batched_1024_cpu_repeat00,1,neural_policy,output_average,policy_readout,0.00375347095541656
toy4,neural_output_average,batched,batched,cpu,1024,3,9,0,1,2,toy4_gpu_core_neural_output_average_batched_1024_cpu_repeat00,1,neural_policy,output_average,decision_selection,0.005717547028325498
toy4,neural_output_average,batched,batched,cpu,1024,3,9,0,1,2,toy4_gpu_core_neural_output_average_batched_1024_cpu_repeat00,1,neural_policy,output_average,local_training,0.18268204806372523
toy4,neural_output_average,batched,batched,cpu,1024,3,9,0,1,2,toy4_gpu_core_neural_output_average_batched_1024_cpu_repeat00,1,neural_policy,output_average,cache_refresh,2.382509410381317e-05
toy4,neural_output_average,batched,batched,cpu,1024,3,9,0,1,2,toy4_gpu_core_neural_output_average_batched_1024_cpu_repeat00,1,neural_policy,output_average,post_local_readout,0.0018687150441110134
toy4,neural_output_average,batched,batched,cpu,1024,3,9,0,1,2,toy4_gpu_core_neural_output_average_batched_1024_cpu_repeat00,1,neural_policy,output_average,local_step,0.20604739396367222
toy4,neural_output_average,batched,batched,cpu,1024,3,9,0,1,2,toy4_gpu_core_neural_output_average_batched_1024_cpu_repeat00,1,neural_policy,output_average,select_peers,0.0001818239688873291
toy4,neural_output_average,batched,batched,cpu,1024,3,9,0,1,2,toy4_gpu_core_neural_output_average_batched_1024_cpu_repeat00,1,neural_policy,output_average,social_distillation,0.07944281899835914
toy4,neural_output_average,batched,batched,cpu,1024,3,9,0,1,2,toy4_gpu_core_neural_output_average_batched_1024_cpu_repeat00,1,neural_policy,output_average,social_step,0.07956211501732469
toy4,neural_output_average,batched,batched,cpu,1024,3,9,0,1,2,toy4_gpu_core_neural_output_average_batched_1024_cpu_repeat00,1,neural_policy,output_average,sample_actions,2.254033461213112e-06
toy4,neural_output_average,batched,batched,cpu,1024,3,9,0,1,2,toy4_gpu_core_neural_output_average_batched_1024_cpu_repeat00,1,neural_policy,output_average,commit_actions,1.3796030543744564e-05
toy4,neural_output_average,batched,batched,cpu,1024,3,9,0,1,2,toy4_gpu_core_neural_output_average_batched_1024_cpu_repeat00,1,neural_policy,output_average,post_step_state_policy,8.390902075916529e-05
toy4,neural_output_average,batched,batched,cpu,1024,3,9,0,1,2,toy4_gpu_core_neural_output_average_batched_1024_cpu_repeat00,1,neural_policy,output_average,update_payoff_ema,0.00011309399269521236
toy4,neural_output_average,batched,batched,cpu,1024,3,9,0,1,2,toy4_gpu_core_neural_output_average_batched_1024_cpu_repeat00,1,neural_policy,output_average,update_reputation_ema,3.465497866272926e-05
toy4,neural_output_average,batched,batched,cpu,1024,3,9,0,1,2,toy4_gpu_core_neural_output_average_batched_1024_cpu_repeat00,1,neural_policy,output_average,mobility_swaps,5.006499122828245e-05
toy4,neural_output_average,batched,batched,cpu,1024,3,9,0,1,2,toy4_gpu_core_neural_output_average_batched_1024_cpu_repeat00,1,neural_policy,output_average,finalize_hook_step,3.0247028917074203e-05
toy4,neural_output_average,batched,batched,cpu,1024,3,9,0,1,2,toy4_gpu_core_neural_output_average_batched_1024_cpu_repeat00,1,neural_policy,output_average,hooked_step_total,0.28857126203365624
toy4,neural_output_average,batched,batched,cpu,1024,3,9,0,1,2,toy4_gpu_core_neural_output_average_batched_1024_cpu_repeat00,1,neural_policy,output_average,aggregate_row,0.04745740501675755
toy4,neural_output_average,batched,batched,cpu,1024,3,9,0,1,2,toy4_gpu_core_neural_output_average_batched_1024_cpu_repeat00,1,neural_policy,output_average,write_aggregate,0.00024333002511411905
toy4,neural_output_average,batched,batched,cpu,1024,3,9,0,1,2,toy4_gpu_core_neural_output_average_batched_1024_cpu_repeat00,2,neural_policy,output_average,sample_revision_mask,9.09420195966959e-05
toy4,neural_output_average,batched,batched,cpu,1024,3,9,0,1,2,toy4_gpu_core_neural_output_average_batched_1024_cpu_repeat00,2,neural_policy,output_average,build_step_context,3.2311887480318546e-05
toy4,neural_output_average,batched,batched,cpu,1024,3,9,0,1,2,toy4_gpu_core_neural_output_average_batched_1024_cpu_repeat00,2,neural_policy,output_average,build_observations,0.011952011962421238
toy4,neural_output_average,batched,batched,cpu,1024,3,9,0,1,2,toy4_gpu_core_neural_output_average_batched_1024_cpu_repeat00,2,neural_policy,output_average,policy_readout,0.002350878086872399
toy4,neural_output_average,batched,batched,cpu,1024,3,9,0,1,2,toy4_gpu_core_neural_output_average_batched_1024_cpu_repeat00,2,neural_policy,output_average,decision_selection,0.005468836985528469
toy4,neural_output_average,batched,batched,cpu,1024,3,9,0,1,2,toy4_gpu_core_neural_output_average_batched_1024_cpu_repeat00,2,neural_policy,output_average,local_training,0.08888337993994355
toy4,neural_output_average,batched,batched,cpu,1024,3,9,0,1,2,toy4_gpu_core_neural_output_average_batched_1024_cpu_repeat00,2,neural_policy,output_average,cache_refresh,1.1070980690419674e-05
toy4,neural_output_average,batched,batched,cpu,1024,3,9,0,1,2,toy4_gpu_core_neural_output_average_batched_1024_cpu_repeat00,2,neural_policy,output_average,post_local_readout,0.0040525669464841485
toy4,neural_output_average,batched,batched,cpu,1024,3,9,0,1,2,toy4_gpu_core_neural_output_average_batched_1024_cpu_repeat00,2,neural_policy,output_average,local_step,0.113483119988814
toy4,neural_output_average,batched,batched,cpu,1024,3,9,0,1,2,toy4_gpu_core_neural_output_average_batched_1024_cpu_repeat00,2,neural_policy,output_average,select_peers,0.00012180092744529247
toy4,neural_output_average,batched,batched,cpu,1024,3,9,0,1,2,toy4_gpu_core_neural_output_average_batched_1024_cpu_repeat00,2,neural_policy,output_average,social_distillation,0.13011226092930883
toy4,neural_output_average,batched,batched,cpu,1024,3,9,0,1,2,toy4_gpu_core_neural_output_average_batched_1024_cpu_repeat00,2,neural_policy,output_average,social_step,0.130242437007837
toy4,neural_output_average,batched,batched,cpu,1024,3,9,0,1,2,toy4_gpu_core_neural_output_average_batched_1024_cpu_repeat00,2,neural_policy,output_average,sample_actions,7.844064384698868e-06
toy4,neural_output_average,batched,batched,cpu,1024,3,9,0,1,2,toy4_gpu_core_neural_output_average_batched_1024_cpu_repeat00,2,neural_policy,output_average,commit_actions,2.0529027096927166e-05
toy4,neural_output_average,batched,batched,cpu,1024,3,9,0,1,2,toy4_gpu_core_neural_output_average_batched_1024_cpu_repeat00,2,neural_policy,output_average,post_step_state_policy,9.672308806329966e-05
toy4,neural_output_average,batched,batched,cpu,1024,3,9,0,1,2,toy4_gpu_core_neural_output_average_batched_1024_cpu_repeat00,2,neural_policy,output_average,update_payoff_ema,0.00019245408475399017
toy4,neural_output_average,batched,batched,cpu,1024,3,9,0,1,2,toy4_gpu_core_neural_output_average_batched_1024_cpu_repeat00,2,neural_policy,output_average,update_reputation_ema,7.241708226501942e-05
toy4,neural_output_average,batched,batched,cpu,1024,3,9,0,1,2,toy4_gpu_core_neural_output_average_batched_1024_cpu_repeat00,2,neural_policy,output_average,mobility_swaps,7.814809214323759e-05
toy4,neural_output_average,batched,batched,cpu,1024,3,9,0,1,2,toy4_gpu_core_neural_output_average_batched_1024_cpu_repeat00,2,neural_policy,output_average,finalize_hook_step,2.7762027457356453e-05
toy4,neural_output_average,batched,batched,cpu,1024,3,9,0,1,2,toy4_gpu_core_neural_output_average_batched_1024_cpu_repeat00,2,neural_policy,output_average,hooked_step_total,0.24808713898528367
toy4,neural_output_average,batched,batched,cpu,1024,3,9,0,1,2,toy4_gpu_core_neural_output_average_batched_1024_cpu_repeat00,2,neural_policy,output_average,aggregate_row,0.05970207101199776
toy4,neural_output_average,batched,batched,cpu,1024,3,9,0,1,2,toy4_gpu_core_neural_output_average_batched_1024_cpu_repeat00,2,neural_policy,output_average,write_aggregate,0.00013376399874687195
toy4,neural_output_average,batched,batched,cpu,1024,3,9,0,1,2,toy4_gpu_core_neural_output_average_batched_1024_cpu_repeat00,3,neural_policy,output_average,sample_revision_mask,4.73089748993516e-05
toy4,neural_output_average,batched,batched,cpu,1024,3,9,0,1,2,toy4_gpu_core_neural_output_average_batched_1024_cpu_repeat00,3,neural_policy,output_average,build_step_context,1.6179983504116535e-05
toy4,neural_output_average,batched,batched,cpu,1024,3,9,0,1,2,toy4_gpu_core_neural_output_average_batched_1024_cpu_repeat00,3,neural_policy,output_average,build_observations,0.008735285955481231
toy4,neural_output_average,batched,batched,cpu,1024,3,9,0,1,2,toy4_gpu_core_neural_output_average_batched_1024_cpu_repeat00,3,neural_policy,output_average,policy_readout,0.002622831962071359
toy4,neural_output_average,batched,batched,cpu,1024,3,9,0,1,2,toy4_gpu_core_neural_output_average_batched_1024_cpu_repeat00,3,neural_policy,output_average,decision_selection,0.005527628003619611
toy4,neural_output_average,batched,batched,cpu,1024,3,9,0,1,2,toy4_gpu_core_neural_output_average_batched_1024_cpu_repeat00,3,neural_policy,output_average,local_training,0.06839347397908568
toy4,neural_output_average,batched,batched,cpu,1024,3,9,0,1,2,toy4_gpu_core_neural_output_average_batched_1024_cpu_repeat00,3,neural_policy,output_average,cache_refresh,8.38597770780325e-06
toy4,neural_output_average,batched,batched,cpu,1024,3,9,0,1,2,toy4_gpu_core_neural_output_average_batched_1024_cpu_repeat00,3,neural_policy,output_average,post_local_readout,0.0008062259294092655
toy4,neural_output_average,batched,batched,cpu,1024,3,9,0,1,2,toy4_gpu_core_neural_output_average_batched_1024_cpu_repeat00,3,neural_policy,output_average,local_step,0.08651487901806831
toy4,neural_output_average,batched,batched,cpu,1024,3,9,0,1,2,toy4_gpu_core_neural_output_average_batched_1024_cpu_repeat00,3,neural_policy,output_average,select_peers,6.2808976508677e-05
toy4,neural_output_average,batched,batched,cpu,1024,3,9,0,1,2,toy4_gpu_core_neural_output_average_batched_1024_cpu_repeat00,3,neural_policy,output_average,social_distillation,0.06187495298217982
toy4,neural_output_average,batched,batched,cpu,1024,3,9,0,1,2,toy4_gpu_core_neural_output_average_batched_1024_cpu_repeat00,3,neural_policy,output_average,social_step,0.06192519702017307
toy4,neural_output_average,batched,batched,cpu,1024,3,9,0,1,2,toy4_gpu_core_neural_output_average_batched_1024_cpu_repeat00,3,neural_policy,output_average,sample_actions,1.8730061128735542e-06
toy4,neural_output_average,batched,batched,cpu,1024,3,9,0,1,2,toy4_gpu_core_neural_output_average_batched_1024_cpu_repeat00,3,neural_policy,output_average,commit_actions,6.4319465309381485e-06
toy4,neural_output_average,batched,batched,cpu,1024,3,9,0,1,2,toy4_gpu_core_neural_output_average_batched_1024_cpu_repeat00,3,neural_policy,output_average,post_step_state_policy,3.945501521229744e-05
toy4,neural_output_average,batched,batched,cpu,1024,3,9,0,1,2,toy4_gpu_core_neural_output_average_batched_1024_cpu_repeat00,3,neural_policy,output_average,update_payoff_ema,5.631695967167616e-05
toy4,neural_output_average,batched,batched,cpu,1024,3,9,0,1,2,toy4_gpu_core_neural_output_average_batched_1024_cpu_repeat00,3,neural_policy,output_average,update_reputation_ema,2.3222994059324265e-05
toy4,neural_output_average,batched,batched,cpu,1024,3,9,0,1,2,toy4_gpu_core_neural_output_average_batched_1024_cpu_repeat00,3,neural_policy,output_average,mobility_swaps,3.286206629127264e-05
toy4,neural_output_average,batched,batched,cpu,1024,3,9,0,1,2,toy4_gpu_core_neural_output_average_batched_1024_cpu_repeat00,3,neural_policy,output_average,finalize_hook_step,1.990795135498047e-05
toy4,neural_output_average,batched,batched,cpu,1024,3,9,0,1,2,toy4_gpu_core_neural_output_average_batched_1024_cpu_repeat00,3,neural_policy,output_average,hooked_step_total,0.15017335501033813
toy4,neural_output_average,batched,batched,cpu,1024,3,9,0,1,2,toy4_gpu_core_neural_output_average_batched_1024_cpu_repeat00,3,neural_policy,output_average,aggregate_row,0.035968078998848796
toy4,neural_output_average,batched,batched,cpu,1024,3,9,0,1,2,toy4_gpu_core_neural_output_average_batched_1024_cpu_repeat00,3,neural_policy,output_average,write_aggregate,0.00016681593842804432
toy4,neural_output_average,batched,batched,cpu,1024,3,9,1,1,2,toy4_gpu_core_neural_output_average_batched_1024_cpu_repeat01,0,neural_policy,output_average,make_run_dir,0.00018143292982131243
toy4,neural_output_average,batched,batched,cpu,1024,3,9,1,1,2,toy4_gpu_core_neural_output_average_batched_1024_cpu_repeat01,0,neural_policy,output_average,write_metadata,0.002429025946184993
toy4,neural_output_average,batched,batched,cpu,1024,3,9,1,1,2,toy4_gpu_core_neural_output_average_batched_1024_cpu_repeat01,0,neural_policy,output_average,initial_state,0.7656322689726949
toy4,neural_output_average,batched,batched,cpu,1024,3,9,1,1,2,toy4_gpu_core_neural_output_average_batched_1024_cpu_repeat01,0,neural_policy,output_average,writer_setup,0.0019312440417706966
toy4,neural_output_average,batched,batched,cpu,1024,3,9,1,1,2,toy4_gpu_core_neural_output_average_batched_1024_cpu_repeat01,0,neural_policy,output_average,initial_step_result,0.015779132023453712
toy4,neural_output_average,batched,batched,cpu,1024,3,9,1,1,2,toy4_gpu_core_neural_output_average_batched_1024_cpu_repeat01,0,neural_policy,output_average,initial_aggregate_row,0.03991335292812437
toy4,neural_output_average,batched,batched,cpu,1024,3,9,1,1,2,toy4_gpu_core_neural_output_average_batched_1024_cpu_repeat01,0,neural_policy,output_average,write_initial_aggregate,0.00010246410965919495
toy4,neural_output_average,batched,batched,cpu,1024,3,9,1,1,2,toy4_gpu_core_neural_output_average_batched_1024_cpu_repeat01,1,neural_policy,output_average,sample_revision_mask,3.794196527451277e-05
toy4,neural_output_average,batched,batched,cpu,1024,3,9,1,1,2,toy4_gpu_core_neural_output_average_batched_1024_cpu_repeat01,1,neural_policy,output_average,build_step_context,1.393596176058054e-05
toy4,neural_output_average,batched,batched,cpu,1024,3,9,1,1,2,toy4_gpu_core_neural_output_average_batched_1024_cpu_repeat01,1,neural_policy,output_average,build_observations,0.008032466983422637
toy4,neural_output_average,batched,batched,cpu,1024,3,9,1,1,2,toy4_gpu_core_neural_output_average_batched_1024_cpu_repeat01,1,neural_policy,output_average,policy_readout,0.0015525479102507234
toy4,neural_output_average,batched,batched,cpu,1024,3,9,1,1,2,toy4_gpu_core_neural_output_average_batched_1024_cpu_repeat01,1,neural_policy,output_average,decision_selection,0.005878431024029851
toy4,neural_output_average,batched,batched,cpu,1024,3,9,1,1,2,toy4_gpu_core_neural_output_average_batched_1024_cpu_repeat01,1,neural_policy,output_average,local_training,0.15084648807533085
toy4,neural_output_average,batched,batched,cpu,1024,3,9,1,1,2,toy4_gpu_core_neural_output_average_batched_1024_cpu_repeat01,1,neural_policy,output_average,cache_refresh,1.0930001735687256e-05
toy4,neural_output_average,batched,batched,cpu,1024,3,9,1,1,2,toy4_gpu_core_neural_output_average_batched_1024_cpu_repeat01,1,neural_policy,output_average,post_local_readout,0.0007100639631971717
toy4,neural_output_average,batched,batched,cpu,1024,3,9,1,1,2,toy4_gpu_core_neural_output_average_batched_1024_cpu_repeat01,1,neural_policy,output_average,local_step,0.16753198602236807
toy4,neural_output_average,batched,batched,cpu,1024,3,9,1,1,2,toy4_gpu_core_neural_output_average_batched_1024_cpu_repeat01,1,neural_policy,output_average,select_peers,6.663589738309383e-05
toy4,neural_output_average,batched,batched,cpu,1024,3,9,1,1,2,toy4_gpu_core_neural_output_average_batched_1024_cpu_repeat01,1,neural_policy,output_average,social_distillation,0.080612922902219
toy4,neural_output_average,batched,batched,cpu,1024,3,9,1,1,2,toy4_gpu_core_neural_output_average_batched_1024_cpu_repeat01,1,neural_policy,output_average,social_step,0.08066302805673331
toy4,neural_output_average,batched,batched,cpu,1024,3,9,1,1,2,toy4_gpu_core_neural_output_average_batched_1024_cpu_repeat01,1,neural_policy,output_average,sample_actions,3.4959521144628525e-06
toy4,neural_output_average,batched,batched,cpu,1024,3,9,1,1,2,toy4_gpu_core_neural_output_average_batched_1024_cpu_repeat01,1,neural_policy,output_average,commit_actions,7.794937118887901e-06
toy4,neural_output_average,batched,batched,cpu,1024,3,9,1,1,2,toy4_gpu_core_neural_output_average_batched_1024_cpu_repeat01,1,neural_policy,output_average,post_step_state_policy,3.63390427082777e-05
toy4,neural_output_average,batched,batched,cpu,1024,3,9,1,1,2,toy4_gpu_core_neural_output_average_batched_1024_cpu_repeat01,1,neural_policy,output_average,update_payoff_ema,7.495202589780092e-05
toy4,neural_output_average,batched,batched,cpu,1024,3,9,1,1,2,toy4_gpu_core_neural_output_average_batched_1024_cpu_repeat01,1,neural_policy,output_average,update_reputation_ema,2.5116954930126667e-05
toy4,neural_output_average,batched,batched,cpu,1024,3,9,1,1,2,toy4_gpu_core_neural_output_average_batched_1024_cpu_repeat01,1,neural_policy,output_average,mobility_swaps,2.466596197336912e-05
toy4,neural_output_average,batched,batched,cpu,1024,3,9,1,1,2,toy4_gpu_core_neural_output_average_batched_1024_cpu_repeat01,1,neural_policy,output_average,finalize_hook_step,1.2593925930559635e-05
toy4,neural_output_average,batched,batched,cpu,1024,3,9,1,1,2,toy4_gpu_core_neural_output_average_batched_1024_cpu_repeat01,1,neural_policy,output_average,hooked_step_total,0.24963528802618384
toy4,neural_output_average,batched,batched,cpu,1024,3,9,1,1,2,toy4_gpu_core_neural_output_average_batched_1024_cpu_repeat01,1,neural_policy,output_average,aggregate_row,0.03969338606111705
toy4,neural_output_average,batched,batched,cpu,1024,3,9,1,1,2,toy4_gpu_core_neural_output_average_batched_1024_cpu_repeat01,1,neural_policy,output_average,write_aggregate,0.00013283092994242907
toy4,neural_output_average,batched,batched,cpu,1024,3,9,1,1,2,toy4_gpu_core_neural_output_average_batched_1024_cpu_repeat01,2,neural_policy,output_average,sample_revision_mask,4.447402898222208e-05
toy4,neural_output_average,batched,batched,cpu,1024,3,9,1,1,2,toy4_gpu_core_neural_output_average_batched_1024_cpu_repeat01,2,neural_policy,output_average,build_step_context,1.3235025107860565e-05
toy4,neural_output_average,batched,batched,cpu,1024,3,9,1,1,2,toy4_gpu_core_neural_output_average_batched_1024_cpu_repeat01,2,neural_policy,output_average,build_observations,0.008960993029177189
toy4,neural_output_average,batched,batched,cpu,1024,3,9,1,1,2,toy4_gpu_core_neural_output_average_batched_1024_cpu_repeat01,2,neural_policy,output_average,policy_readout,0.0009396770037710667
toy4,neural_output_average,batched,batched,cpu,1024,3,9,1,1,2,toy4_gpu_core_neural_output_average_batched_1024_cpu_repeat01,2,neural_policy,output_average,decision_selection,0.005580908968113363
toy4,neural_output_average,batched,batched,cpu,1024,3,9,1,1,2,toy4_gpu_core_neural_output_average_batched_1024_cpu_repeat01,2,neural_policy,output_average,local_training,0.07277877000160515
toy4,neural_output_average,batched,batched,cpu,1024,3,9,1,1,2,toy4_gpu_core_neural_output_average_batched_1024_cpu_repeat01,2,neural_policy,output_average,cache_refresh,7.714959792792797e-06
toy4,neural_output_average,batched,batched,cpu,1024,3,9,1,1,2,toy4_gpu_core_neural_output_average_batched_1024_cpu_repeat01,2,neural_policy,output_average,post_local_readout,0.0009287170832976699
toy4,neural_output_average,batched,batched,cpu,1024,3,9,1,1,2,toy4_gpu_core_neural_output_average_batched_1024_cpu_repeat01,2,neural_policy,output_average,local_step,0.08970852103084326
toy4,neural_output_average,batched,batched,cpu,1024,3,9,1,1,2,toy4_gpu_core_neural_output_average_batched_1024_cpu_repeat01,2,neural_policy,output_average,select_peers,9.11719398573041e-05
toy4,neural_output_average,batched,batched,cpu,1024,3,9,1,1,2,toy4_gpu_core_neural_output_average_batched_1024_cpu_repeat01,2,neural_policy,output_average,social_distillation,0.06015036907047033
toy4,neural_output_average,batched,batched,cpu,1024,3,9,1,1,2,toy4_gpu_core_neural_output_average_batched_1024_cpu_repeat01,2,neural_policy,output_average,social_step,0.0601899140747264
toy4,neural_output_average,batched,batched,cpu,1024,3,9,1,1,2,toy4_gpu_core_neural_output_average_batched_1024_cpu_repeat01,2,neural_policy,output_average,sample_actions,1.7330748960375786e-06
toy4,neural_output_average,batched,batched,cpu,1024,3,9,1,1,2,toy4_gpu_core_neural_output_average_batched_1024_cpu_repeat01,2,neural_policy,output_average,commit_actions,6.232061423361301e-06
toy4,neural_output_average,batched,batched,cpu,1024,3,9,1,1,2,toy4_gpu_core_neural_output_average_batched_1024_cpu_repeat01,2,neural_policy,output_average,post_step_state_policy,3.489595837891102e-05
toy4,neural_output_average,batched,batched,cpu,1024,3,9,1,1,2,toy4_gpu_core_neural_output_average_batched_1024_cpu_repeat01,2,neural_policy,output_average,update_payoff_ema,6.340001709759235e-05
toy4,neural_output_average,batched,batched,cpu,1024,3,9,1,1,2,toy4_gpu_core_neural_output_average_batched_1024_cpu_repeat01,2,neural_policy,output_average,update_reputation_ema,2.207199577242136e-05
toy4,neural_output_average,batched,batched,cpu,1024,3,9,1,1,2,toy4_gpu_core_neural_output_average_batched_1024_cpu_repeat01,2,neural_policy,output_average,mobility_swaps,2.665992360562086e-05
toy4,neural_output_average,batched,batched,cpu,1024,3,9,1,1,2,toy4_gpu_core_neural_output_average_batched_1024_cpu_repeat01,2,neural_policy,output_average,finalize_hook_step,1.2473086826503277e-05
toy4,neural_output_average,batched,batched,cpu,1024,3,9,1,1,2,toy4_gpu_core_neural_output_average_batched_1024_cpu_repeat01,2,neural_policy,output_average,hooked_step_total,0.15156365500297397
toy4,neural_output_average,batched,batched,cpu,1024,3,9,1,1,2,toy4_gpu_core_neural_output_average_batched_1024_cpu_repeat01,2,neural_policy,output_average,aggregate_row,0.05420029198285192
toy4,neural_output_average,batched,batched,cpu,1024,3,9,1,1,2,toy4_gpu_core_neural_output_average_batched_1024_cpu_repeat01,2,neural_policy,output_average,write_aggregate,0.00011651997920125723
toy4,neural_output_average,batched,batched,cpu,1024,3,9,1,1,2,toy4_gpu_core_neural_output_average_batched_1024_cpu_repeat01,3,neural_policy,output_average,sample_revision_mask,6.302900146692991e-05
toy4,neural_output_average,batched,batched,cpu,1024,3,9,1,1,2,toy4_gpu_core_neural_output_average_batched_1024_cpu_repeat01,3,neural_policy,output_average,build_step_context,1.3215001672506332e-05
toy4,neural_output_average,batched,batched,cpu,1024,3,9,1,1,2,toy4_gpu_core_neural_output_average_batched_1024_cpu_repeat01,3,neural_policy,output_average,build_observations,0.007863818085752428
toy4,neural_output_average,batched,batched,cpu,1024,3,9,1,1,2,toy4_gpu_core_neural_output_average_batched_1024_cpu_repeat01,3,neural_policy,output_average,policy_readout,0.0009005039464682341
toy4,neural_output_average,batched,batched,cpu,1024,3,9,1,1,2,toy4_gpu_core_neural_output_average_batched_1024_cpu_repeat01,3,neural_policy,output_average,decision_selection,0.006495068082585931
toy4,neural_output_average,batched,batched,cpu,1024,3,9,1,1,2,toy4_gpu_core_neural_output_average_batched_1024_cpu_repeat01,3,neural_policy,output_average,local_training,0.06522513995878398
toy4,neural_output_average,batched,batched,cpu,1024,3,9,1,1,2,toy4_gpu_core_neural_output_average_batched_1024_cpu_repeat01,3,neural_policy,output_average,cache_refresh,2.1110055968165398e-05
toy4,neural_output_average,batched,batched,cpu,1024,3,9,1,1,2,toy4_gpu_core_neural_output_average_batched_1024_cpu_repeat01,3,neural_policy,output_average,post_local_readout,0.0010732810478657484
toy4,neural_output_average,batched,batched,cpu,1024,3,9,1,1,2,toy4_gpu_core_neural_output_average_batched_1024_cpu_repeat01,3,neural_policy,output_average,local_step,0.08212703699246049
toy4,neural_output_average,batched,batched,cpu,1024,3,9,1,1,2,toy4_gpu_core_neural_output_average_batched_1024_cpu_repeat01,3,neural_policy,output_average,select_peers,9.16339922696352e-05
toy4,neural_output_average,batched,batched,cpu,1024,3,9,1,1,2,toy4_gpu_core_neural_output_average_batched_1024_cpu_repeat01,3,neural_policy,output_average,social_distillation,0.06848028802778572
toy4,neural_output_average,batched,batched,cpu,1024,3,9,1,1,2,toy4_gpu_core_neural_output_average_batched_1024_cpu_repeat01,3,neural_policy,output_average,social_step,0.06856625201180577
toy4,neural_output_average,batched,batched,cpu,1024,3,9,1,1,2,toy4_gpu_core_neural_output_average_batched_1024_cpu_repeat01,3,neural_policy,output_average,sample_actions,1.4130491763353348e-06
toy4,neural_output_average,batched,batched,cpu,1024,3,9,1,1,2,toy4_gpu_core_neural_output_average_batched_1024_cpu_repeat01,3,neural_policy,output_average,commit_actions,4.2780302464962006e-06
toy4,neural_output_average,batched,batched,cpu,1024,3,9,1,1,2,toy4_gpu_core_neural_output_average_batched_1024_cpu_repeat01,3,neural_policy,output_average,post_step_state_policy,3.057799767702818e-05
toy4,neural_output_average,batched,batched,cpu,1024,3,9,1,1,2,toy4_gpu_core_neural_output_average_batched_1024_cpu_repeat01,3,neural_policy,output_average,update_payoff_ema,4.754995461553335e-05
toy4,neural_output_average,batched,batched,cpu,1024,3,9,1,1,2,toy4_gpu_core_neural_output_average_batched_1024_cpu_repeat01,3,neural_policy,output_average,update_reputation_ema,2.3273983970284462e-05
toy4,neural_output_average,batched,batched,cpu,1024,3,9,1,1,2,toy4_gpu_core_neural_output_average_batched_1024_cpu_repeat01,3,neural_policy,output_average,mobility_swaps,2.867402508854866e-05
toy4,neural_output_average,batched,batched,cpu,1024,3,9,1,1,2,toy4_gpu_core_neural_output_average_batched_1024_cpu_repeat01,3,neural_policy,output_average,finalize_hook_step,1.6430974937975407e-05
toy4,neural_output_average,batched,batched,cpu,1024,3,9,1,1,2,toy4_gpu_core_neural_output_average_batched_1024_cpu_repeat01,3,neural_policy,output_average,hooked_step_total,0.1525274079758674
toy4,neural_output_average,batched,batched,cpu,1024,3,9,1,1,2,toy4_gpu_core_neural_output_average_batched_1024_cpu_repeat01,3,neural_policy,output_average,aggregate_row,0.02707774902228266
toy4,neural_output_average,batched,batched,cpu,1024,3,9,1,1,2,toy4_gpu_core_neural_output_average_batched_1024_cpu_repeat01,3,neural_policy,output_average,write_aggregate,7.906893733888865e-05
toy4,neural_output_average,batched,batched,cuda,1024,3,9,0,1,2,toy4_gpu_core_neural_output_average_batched_1024_cuda_repeat00,0,neural_policy,output_average,make_run_dir,0.00054400903172791
toy4,neural_output_average,batched,batched,cuda,1024,3,9,0,1,2,toy4_gpu_core_neural_output_average_batched_1024_cuda_repeat00,0,neural_policy,output_average,write_metadata,0.0027883759466931224
toy4,neural_output_average,batched,batched,cuda,1024,3,9,0,1,2,toy4_gpu_core_neural_output_average_batched_1024_cuda_repeat00,0,neural_policy,output_average,initial_state,0.8887148399371654
toy4,neural_output_average,batched,batched,cuda,1024,3,9,0,1,2,toy4_gpu_core_neural_output_average_batched_1024_cuda_repeat00,0,neural_policy,output_average,writer_setup,0.0010607269359752536
toy4,neural_output_average,batched,batched,cuda,1024,3,9,0,1,2,toy4_gpu_core_neural_output_average_batched_1024_cuda_repeat00,0,neural_policy,output_average,initial_step_result,0.013252572971396148
toy4,neural_output_average,batched,batched,cuda,1024,3,9,0,1,2,toy4_gpu_core_neural_output_average_batched_1024_cuda_repeat00,0,neural_policy,output_average,initial_aggregate_row,0.030366730992682278
toy4,neural_output_average,batched,batched,cuda,1024,3,9,0,1,2,toy4_gpu_core_neural_output_average_batched_1024_cuda_repeat00,0,neural_policy,output_average,write_initial_aggregate,0.00013475504238158464
toy4,neural_output_average,batched,batched,cuda,1024,3,9,0,1,2,toy4_gpu_core_neural_output_average_batched_1024_cuda_repeat00,1,neural_policy,output_average,sample_revision_mask,3.762100823223591e-05
toy4,neural_output_average,batched,batched,cuda,1024,3,9,0,1,2,toy4_gpu_core_neural_output_average_batched_1024_cuda_repeat00,1,neural_policy,output_average,build_step_context,2.158095594495535e-05
toy4,neural_output_average,batched,batched,cuda,1024,3,9,0,1,2,toy4_gpu_core_neural_output_average_batched_1024_cuda_repeat00,1,neural_policy,output_average,build_observations,0.008350988966412842
toy4,neural_output_average,batched,batched,cuda,1024,3,9,0,1,2,toy4_gpu_core_neural_output_average_batched_1024_cuda_repeat00,1,neural_policy,output_average,policy_readout,0.0009274149779230356
toy4,neural_output_average,batched,batched,cuda,1024,3,9,0,1,2,toy4_gpu_core_neural_output_average_batched_1024_cuda_repeat00,1,neural_policy,output_average,decision_selection,0.005098605994135141
toy4,neural_output_average,batched,batched,cuda,1024,3,9,0,1,2,toy4_gpu_core_neural_output_average_batched_1024_cuda_repeat00,1,neural_policy,output_average,local_training,0.31251013197470456
toy4,neural_output_average,batched,batched,cuda,1024,3,9,0,1,2,toy4_gpu_core_neural_output_average_batched_1024_cuda_repeat00,1,neural_policy,output_average,cache_refresh,2.374500036239624e-05
toy4,neural_output_average,batched,batched,cuda,1024,3,9,0,1,2,toy4_gpu_core_neural_output_average_batched_1024_cuda_repeat00,1,neural_policy,output_average,post_local_readout,0.0011971750063821673
toy4,neural_output_average,batched,batched,cuda,1024,3,9,0,1,2,toy4_gpu_core_neural_output_average_batched_1024_cuda_repeat00,1,neural_policy,output_average,local_step,0.3288048399845138
toy4,neural_output_average,batched,batched,cuda,1024,3,9,0,1,2,toy4_gpu_core_neural_output_average_batched_1024_cuda_repeat00,1,neural_policy,output_average,select_peers,0.00021633889991790056
toy4,neural_output_average,batched,batched,cuda,1024,3,9,0,1,2,toy4_gpu_core_neural_output_average_batched_1024_cuda_repeat00,1,neural_policy,output_average,social_distillation,0.16553780296817422
toy4,neural_output_average,batched,batched,cuda,1024,3,9,0,1,2,toy4_gpu_core_neural_output_average_batched_1024_cuda_repeat00,1,neural_policy,output_average,social_step,0.16561393695883453
toy4,neural_output_average,batched,batched,cuda,1024,3,9,0,1,2,toy4_gpu_core_neural_output_average_batched_1024_cuda_repeat00,1,neural_policy,output_average,sample_actions,7.44406133890152e-06
toy4,neural_output_average,batched,batched,cuda,1024,3,9,0,1,2,toy4_gpu_core_neural_output_average_batched_1024_cuda_repeat00,1,neural_policy,output_average,commit_actions,1.1933036148548126e-05
toy4,neural_output_average,batched,batched,cuda,1024,3,9,0,1,2,toy4_gpu_core_neural_output_average_batched_1024_cuda_repeat00,1,neural_policy,output_average,post_step_state_policy,4.2109983041882515e-05
toy4,neural_output_average,batched,batched,cuda,1024,3,9,0,1,2,toy4_gpu_core_neural_output_average_batched_1024_cuda_repeat00,1,neural_policy,output_average,update_payoff_ema,4.511501174420118e-05
toy4,neural_output_average,batched,batched,cuda,1024,3,9,0,1,2,toy4_gpu_core_neural_output_average_batched_1024_cuda_repeat00,1,neural_policy,output_average,update_reputation_ema,2.5368062779307365e-05
toy4,neural_output_average,batched,batched,cuda,1024,3,9,0,1,2,toy4_gpu_core_neural_output_average_batched_1024_cuda_repeat00,1,neural_policy,output_average,mobility_swaps,3.327301237732172e-05
toy4,neural_output_average,batched,batched,cuda,1024,3,9,0,1,2,toy4_gpu_core_neural_output_average_batched_1024_cuda_repeat00,1,neural_policy,output_average,finalize_hook_step,1.7522950656712055e-05
toy4,neural_output_average,batched,batched,cuda,1024,3,9,0,1,2,toy4_gpu_core_neural_output_average_batched_1024_cuda_repeat00,1,neural_policy,output_average,hooked_step_total,0.4963025110773742
toy4,neural_output_average,batched,batched,cuda,1024,3,9,0,1,2,toy4_gpu_core_neural_output_average_batched_1024_cuda_repeat00,1,neural_policy,output_average,aggregate_row,0.04592451499775052
toy4,neural_output_average,batched,batched,cuda,1024,3,9,0,1,2,toy4_gpu_core_neural_output_average_batched_1024_cuda_repeat00,1,neural_policy,output_average,write_aggregate,0.00019476900342851877
toy4,neural_output_average,batched,batched,cuda,1024,3,9,0,1,2,toy4_gpu_core_neural_output_average_batched_1024_cuda_repeat00,2,neural_policy,output_average,sample_revision_mask,7.135490886867046e-05
toy4,neural_output_average,batched,batched,cuda,1024,3,9,0,1,2,toy4_gpu_core_neural_output_average_batched_1024_cuda_repeat00,2,neural_policy,output_average,build_step_context,2.1551037207245827e-05
toy4,neural_output_average,batched,batched,cuda,1024,3,9,0,1,2,toy4_gpu_core_neural_output_average_batched_1024_cuda_repeat00,2,neural_policy,output_average,build_observations,0.010685867047868669
toy4,neural_output_average,batched,batched,cuda,1024,3,9,0,1,2,toy4_gpu_core_neural_output_average_batched_1024_cuda_repeat00,2,neural_policy,output_average,policy_readout,0.0024695220636203885
toy4,neural_output_average,batched,batched,cuda,1024,3,9,0,1,2,toy4_gpu_core_neural_output_average_batched_1024_cuda_repeat00,2,neural_policy,output_average,decision_selection,0.005534049938432872
toy4,neural_output_average,batched,batched,cuda,1024,3,9,0,1,2,toy4_gpu_core_neural_output_average_batched_1024_cuda_repeat00,2,neural_policy,output_average,local_training,0.10576025897171348
toy4,neural_output_average,batched,batched,cuda,1024,3,9,0,1,2,toy4_gpu_core_neural_output_average_batched_1024_cuda_repeat00,2,neural_policy,output_average,cache_refresh,1.6751931980252266e-05
toy4,neural_output_average,batched,batched,cuda,1024,3,9,0,1,2,toy4_gpu_core_neural_output_average_batched_1024_cuda_repeat00,2,neural_policy,output_average,post_local_readout,0.0005807681009173393
toy4,neural_output_average,batched,batched,cuda,1024,3,9,0,1,2,toy4_gpu_core_neural_output_average_batched_1024_cuda_repeat00,2,neural_policy,output_average,local_step,0.1255446100840345
toy4,neural_output_average,batched,batched,cuda,1024,3,9,0,1,2,toy4_gpu_core_neural_output_average_batched_1024_cuda_repeat00,2,neural_policy,output_average,select_peers,0.0001303069293498993
toy4,neural_output_average,batched,batched,cuda,1024,3,9,0,1,2,toy4_gpu_core_neural_output_average_batched_1024_cuda_repeat00,2,neural_policy,output_average,social_distillation,0.10176812706049532
toy4,neural_output_average,batched,batched,cuda,1024,3,9,0,1,2,toy4_gpu_core_neural_output_average_batched_1024_cuda_repeat00,2,neural_policy,output_average,social_step,0.10181532602291554
toy4,neural_output_average,batched,batched,cuda,1024,3,9,0,1,2,toy4_gpu_core_neural_output_average_batched_1024_cuda_repeat00,2,neural_policy,output_average,sample_actions,7.604015991091728e-06
toy4,neural_output_average,batched,batched,cuda,1024,3,9,0,1,2,toy4_gpu_core_neural_output_average_batched_1024_cuda_repeat00,2,neural_policy,output_average,commit_actions,1.368601806461811e-05
toy4,neural_output_average,batched,batched,cuda,1024,3,9,0,1,2,toy4_gpu_core_neural_output_average_batched_1024_cuda_repeat00,2,neural_policy,output_average,post_step_state_policy,4.032591823488474e-05
toy4,neural_output_average,batched,batched,cuda,1024,3,9,0,1,2,toy4_gpu_core_neural_output_average_batched_1024_cuda_repeat00,2,neural_policy,output_average,update_payoff_ema,8.177501149475574e-05
toy4,neural_output_average,batched,batched,cuda,1024,3,9,0,1,2,toy4_gpu_core_neural_output_average_batched_1024_cuda_repeat00,2,neural_policy,output_average,update_reputation_ema,5.014403723180294e-05
toy4,neural_output_average,batched,batched,cuda,1024,3,9,0,1,2,toy4_gpu_core_neural_output_average_batched_1024_cuda_repeat00,2,neural_policy,output_average,mobility_swaps,3.207102417945862e-05
toy4,neural_output_average,batched,batched,cuda,1024,3,9,0,1,2,toy4_gpu_core_neural_output_average_batched_1024_cuda_repeat00,2,neural_policy,output_average,finalize_hook_step,1.9066035747528076e-05
toy4,neural_output_average,batched,batched,cuda,1024,3,9,0,1,2,toy4_gpu_core_neural_output_average_batched_1024_cuda_repeat00,2,neural_policy,output_average,hooked_step_total,0.22918760206084698
toy4,neural_output_average,batched,batched,cuda,1024,3,9,0,1,2,toy4_gpu_core_neural_output_average_batched_1024_cuda_repeat00,2,neural_policy,output_average,aggregate_row,0.029802083037793636
toy4,neural_output_average,batched,batched,cuda,1024,3,9,0,1,2,toy4_gpu_core_neural_output_average_batched_1024_cuda_repeat00,2,neural_policy,output_average,write_aggregate,0.0002920319093391299
toy4,neural_output_average,batched,batched,cuda,1024,3,9,0,1,2,toy4_gpu_core_neural_output_average_batched_1024_cuda_repeat00,3,neural_policy,output_average,sample_revision_mask,0.00010327599011361599
toy4,neural_output_average,batched,batched,cuda,1024,3,9,0,1,2,toy4_gpu_core_neural_output_average_batched_1024_cuda_repeat00,3,neural_policy,output_average,build_step_context,2.2412044927477837e-05
toy4,neural_output_average,batched,batched,cuda,1024,3,9,0,1,2,toy4_gpu_core_neural_output_average_batched_1024_cuda_repeat00,3,neural_policy,output_average,build_observations,0.009134040912613273
toy4,neural_output_average,batched,batched,cuda,1024,3,9,0,1,2,toy4_gpu_core_neural_output_average_batched_1024_cuda_repeat00,3,neural_policy,output_average,policy_readout,0.0013594019692391157
toy4,neural_output_average,batched,batched,cuda,1024,3,9,0,1,2,toy4_gpu_core_neural_output_average_batched_1024_cuda_repeat00,3,neural_policy,output_average,decision_selection,0.005371571984142065
toy4,neural_output_average,batched,batched,cuda,1024,3,9,0,1,2,toy4_gpu_core_neural_output_average_batched_1024_cuda_repeat00,3,neural_policy,output_average,local_training,0.1143914390122518
toy4,neural_output_average,batched,batched,cuda,1024,3,9,0,1,2,toy4_gpu_core_neural_output_average_batched_1024_cuda_repeat00,3,neural_policy,output_average,cache_refresh,2.623000182211399e-05
toy4,neural_output_average,batched,batched,cuda,1024,3,9,0,1,2,toy4_gpu_core_neural_output_average_batched_1024_cuda_repeat00,3,neural_policy,output_average,post_local_readout,0.0010976570192724466
toy4,neural_output_average,batched,batched,cuda,1024,3,9,0,1,2,toy4_gpu_core_neural_output_average_batched_1024_cuda_repeat00,3,neural_policy,output_average,local_step,0.13212354597635567
toy4,neural_output_average,batched,batched,cuda,1024,3,9,0,1,2,toy4_gpu_core_neural_output_average_batched_1024_cuda_repeat00,3,neural_policy,output_average,select_peers,0.0002353450981900096
toy4,neural_output_average,batched,batched,cuda,1024,3,9,0,1,2,toy4_gpu_core_neural_output_average_batched_1024_cuda_repeat00,3,neural_policy,output_average,social_distillation,0.2948525049723685
toy4,neural_output_average,batched,batched,cuda,1024,3,9,0,1,2,toy4_gpu_core_neural_output_average_batched_1024_cuda_repeat00,3,neural_policy,output_average,social_step,0.2948967390693724
toy4,neural_output_average,batched,batched,cuda,1024,3,9,0,1,2,toy4_gpu_core_neural_output_average_batched_1024_cuda_repeat00,3,neural_policy,output_average,sample_actions,6.6320644691586494e-06
toy4,neural_output_average,batched,batched,cuda,1024,3,9,0,1,2,toy4_gpu_core_neural_output_average_batched_1024_cuda_repeat00,3,neural_policy,output_average,commit_actions,9.928015060722828e-06
toy4,neural_output_average,batched,batched,cuda,1024,3,9,0,1,2,toy4_gpu_core_neural_output_average_batched_1024_cuda_repeat00,3,neural_policy,output_average,post_step_state_policy,2.6189954951405525e-05
toy4,neural_output_average,batched,batched,cuda,1024,3,9,0,1,2,toy4_gpu_core_neural_output_average_batched_1024_cuda_repeat00,3,neural_policy,output_average,update_payoff_ema,3.323308192193508e-05
toy4,neural_output_average,batched,batched,cuda,1024,3,9,0,1,2,toy4_gpu_core_neural_output_average_batched_1024_cuda_repeat00,3,neural_policy,output_average,update_reputation_ema,1.9375933334231377e-05
toy4,neural_output_average,batched,batched,cuda,1024,3,9,0,1,2,toy4_gpu_core_neural_output_average_batched_1024_cuda_repeat00,3,neural_policy,output_average,mobility_swaps,2.5187968276441097e-05
toy4,neural_output_average,batched,batched,cuda,1024,3,9,0,1,2,toy4_gpu_core_neural_output_average_batched_1024_cuda_repeat00,3,neural_policy,output_average,finalize_hook_step,1.3735960237681866e-05
toy4,neural_output_average,batched,batched,cuda,1024,3,9,0,1,2,toy4_gpu_core_neural_output_average_batched_1024_cuda_repeat00,3,neural_policy,output_average,hooked_step_total,0.4287642240524292
toy4,neural_output_average,batched,batched,cuda,1024,3,9,0,1,2,toy4_gpu_core_neural_output_average_batched_1024_cuda_repeat00,3,neural_policy,output_average,aggregate_row,0.04553064098581672
toy4,neural_output_average,batched,batched,cuda,1024,3,9,0,1,2,toy4_gpu_core_neural_output_average_batched_1024_cuda_repeat00,3,neural_policy,output_average,write_aggregate,0.0004069599090144038
toy4,neural_output_average,batched,batched,cuda,1024,3,9,1,1,2,toy4_gpu_core_neural_output_average_batched_1024_cuda_repeat01,0,neural_policy,output_average,make_run_dir,0.0002374590840190649
toy4,neural_output_average,batched,batched,cuda,1024,3,9,1,1,2,toy4_gpu_core_neural_output_average_batched_1024_cuda_repeat01,0,neural_policy,output_average,write_metadata,0.002217915956862271
toy4,neural_output_average,batched,batched,cuda,1024,3,9,1,1,2,toy4_gpu_core_neural_output_average_batched_1024_cuda_repeat01,0,neural_policy,output_average,initial_state,0.5844746950315312
toy4,neural_output_average,batched,batched,cuda,1024,3,9,1,1,2,toy4_gpu_core_neural_output_average_batched_1024_cuda_repeat01,0,neural_policy,output_average,writer_setup,0.00047559000086039305
toy4,neural_output_average,batched,batched,cuda,1024,3,9,1,1,2,toy4_gpu_core_neural_output_average_batched_1024_cuda_repeat01,0,neural_policy,output_average,initial_step_result,0.009734957944601774
toy4,neural_output_average,batched,batched,cuda,1024,3,9,1,1,2,toy4_gpu_core_neural_output_average_batched_1024_cuda_repeat01,0,neural_policy,output_average,initial_aggregate_row,0.03668273100629449
toy4,neural_output_average,batched,batched,cuda,1024,3,9,1,1,2,toy4_gpu_core_neural_output_average_batched_1024_cuda_repeat01,0,neural_policy,output_average,write_initial_aggregate,0.00010090100113302469
toy4,neural_output_average,batched,batched,cuda,1024,3,9,1,1,2,toy4_gpu_core_neural_output_average_batched_1024_cuda_repeat01,1,neural_policy,output_average,sample_revision_mask,4.062603693455458e-05
toy4,neural_output_average,batched,batched,cuda,1024,3,9,1,1,2,toy4_gpu_core_neural_output_average_batched_1024_cuda_repeat01,1,neural_policy,output_average,build_step_context,1.6962061636149883e-05
toy4,neural_output_average,batched,batched,cuda,1024,3,9,1,1,2,toy4_gpu_core_neural_output_average_batched_1024_cuda_repeat01,1,neural_policy,output_average,build_observations,0.0076716040493920445
toy4,neural_output_average,batched,batched,cuda,1024,3,9,1,1,2,toy4_gpu_core_neural_output_average_batched_1024_cuda_repeat01,1,neural_policy,output_average,policy_readout,0.00032318197190761566
toy4,neural_output_average,batched,batched,cuda,1024,3,9,1,1,2,toy4_gpu_core_neural_output_average_batched_1024_cuda_repeat01,1,neural_policy,output_average,decision_selection,0.005216919933445752
toy4,neural_output_average,batched,batched,cuda,1024,3,9,1,1,2,toy4_gpu_core_neural_output_average_batched_1024_cuda_repeat01,1,neural_policy,output_average,local_training,0.2832280530128628
toy4,neural_output_average,batched,batched,cuda,1024,3,9,1,1,2,toy4_gpu_core_neural_output_average_batched_1024_cuda_repeat01,1,neural_policy,output_average,cache_refresh,1.605099532753229e-05
toy4,neural_output_average,batched,batched,cuda,1024,3,9,1,1,2,toy4_gpu_core_neural_output_average_batched_1024_cuda_repeat01,1,neural_policy,output_average,post_local_readout,0.0005606899503618479
toy4,neural_output_average,batched,batched,cuda,1024,3,9,1,1,2,toy4_gpu_core_neural_output_average_batched_1024_cuda_repeat01,1,neural_policy,output_average,local_step,0.29744505998678505
toy4,neural_output_average,batched,batched,cuda,1024,3,9,1,1,2,toy4_gpu_core_neural_output_average_batched_1024_cuda_repeat01,1,neural_policy,output_average,select_peers,0.00012625893577933311
toy4,neural_output_average,batched,batched,cuda,1024,3,9,1,1,2,toy4_gpu_core_neural_output_average_batched_1024_cuda_repeat01,1,neural_policy,output_average,social_distillation,0.08922125899698585
toy4,neural_output_average,batched,batched,cuda,1024,3,9,1,1,2,toy4_gpu_core_neural_output_average_batched_1024_cuda_repeat01,1,neural_policy,output_average,social_step,0.08926502102985978
toy4,neural_output_average,batched,batched,cuda,1024,3,9,1,1,2,toy4_gpu_core_neural_output_average_batched_1024_cuda_repeat01,1,neural_policy,output_average,sample_actions,8.075032383203506e-06
toy4,neural_output_average,batched,batched,cuda,1024,3,9,1,1,2,toy4_gpu_core_neural_output_average_batched_1024_cuda_repeat01,1,neural_policy,output_average,commit_actions,1.0950956493616104e-05
toy4,neural_output_average,batched,batched,cuda,1024,3,9,1,1,2,toy4_gpu_core_neural_output_average_batched_1024_cuda_repeat01,1,neural_policy,output_average,post_step_state_policy,3.182003274559975e-05
toy4,neural_output_average,batched,batched,cuda,1024,3,9,1,1,2,toy4_gpu_core_neural_output_average_batched_1024_cuda_repeat01,1,neural_policy,output_average,update_payoff_ema,3.982498310506344e-05
toy4,neural_output_average,batched,batched,cuda,1024,3,9,1,1,2,toy4_gpu_core_neural_output_average_batched_1024_cuda_repeat01,1,neural_policy,output_average,update_reputation_ema,1.961702946573496e-05
toy4,neural_output_average,batched,batched,cuda,1024,3,9,1,1,2,toy4_gpu_core_neural_output_average_batched_1024_cuda_repeat01,1,neural_policy,output_average,mobility_swaps,2.3934990167617798e-05
toy4,neural_output_average,batched,batched,cuda,1024,3,9,1,1,2,toy4_gpu_core_neural_output_average_batched_1024_cuda_repeat01,1,neural_policy,output_average,finalize_hook_step,1.4788005501031876e-05
toy4,neural_output_average,batched,batched,cuda,1024,3,9,1,1,2,toy4_gpu_core_neural_output_average_batched_1024_cuda_repeat01,1,neural_policy,output_average,hooked_step_total,0.3878953140228987
toy4,neural_output_average,batched,batched,cuda,1024,3,9,1,1,2,toy4_gpu_core_neural_output_average_batched_1024_cuda_repeat01,1,neural_policy,output_average,aggregate_row,0.03426290303468704
toy4,neural_output_average,batched,batched,cuda,1024,3,9,1,1,2,toy4_gpu_core_neural_output_average_batched_1024_cuda_repeat01,1,neural_policy,output_average,write_aggregate,0.00011514697689563036
toy4,neural_output_average,batched,batched,cuda,1024,3,9,1,1,2,toy4_gpu_core_neural_output_average_batched_1024_cuda_repeat01,2,neural_policy,output_average,sample_revision_mask,3.717001527547836e-05
toy4,neural_output_average,batched,batched,cuda,1024,3,9,1,1,2,toy4_gpu_core_neural_output_average_batched_1024_cuda_repeat01,2,neural_policy,output_average,build_step_context,1.5628989785909653e-05
toy4,neural_output_average,batched,batched,cuda,1024,3,9,1,1,2,toy4_gpu_core_neural_output_average_batched_1024_cuda_repeat01,2,neural_policy,output_average,build_observations,0.008226232952438295
toy4,neural_output_average,batched,batched,cuda,1024,3,9,1,1,2,toy4_gpu_core_neural_output_average_batched_1024_cuda_repeat01,2,neural_policy,output_average,policy_readout,0.0006972489645704627
toy4,neural_output_average,batched,batched,cuda,1024,3,9,1,1,2,toy4_gpu_core_neural_output_average_batched_1024_cuda_repeat01,2,neural_policy,output_average,decision_selection,0.005088395904749632
toy4,neural_output_average,batched,batched,cuda,1024,3,9,1,1,2,toy4_gpu_core_neural_output_average_batched_1024_cuda_repeat01,2,neural_policy,output_average,local_training,0.10478672804310918
toy4,neural_output_average,batched,batched,cuda,1024,3,9,1,1,2,toy4_gpu_core_neural_output_average_batched_1024_cuda_repeat01,2,neural_policy,output_average,cache_refresh,1.7093028873205185e-05
toy4,neural_output_average,batched,batched,cuda,1024,3,9,1,1,2,toy4_gpu_core_neural_output_average_batched_1024_cuda_repeat01,2,neural_policy,output_average,post_local_readout,0.001339334063231945
toy4,neural_output_average,batched,batched,cuda,1024,3,9,1,1,2,toy4_gpu_core_neural_output_average_batched_1024_cuda_repeat01,2,neural_policy,output_average,local_step,0.12102230300661176
toy4,neural_output_average,batched,batched,cuda,1024,3,9,1,1,2,toy4_gpu_core_neural_output_average_batched_1024_cuda_repeat01,2,neural_policy,output_average,select_peers,0.001672874903306365
toy4,neural_output_average,batched,batched,cuda,1024,3,9,1,1,2,toy4_gpu_core_neural_output_average_batched_1024_cuda_repeat01,2,neural_policy,output_average,social_distillation,0.1796671439660713
toy4,neural_output_average,batched,batched,cuda,1024,3,9,1,1,2,toy4_gpu_core_neural_output_average_batched_1024_cuda_repeat01,2,neural_policy,output_average,social_step,0.18001429096329957
toy4,neural_output_average,batched,batched,cuda,1024,3,9,1,1,2,toy4_gpu_core_neural_output_average_batched_1024_cuda_repeat01,2,neural_policy,output_average,sample_actions,7.20401294529438e-06
toy4,neural_output_average,batched,batched,cuda,1024,3,9,1,1,2,toy4_gpu_core_neural_output_average_batched_1024_cuda_repeat01,2,neural_policy,output_average,commit_actions,1.2504053302109241e-05
toy4,neural_output_average,batched,batched,cuda,1024,3,9,1,1,2,toy4_gpu_core_neural_output_average_batched_1024_cuda_repeat01,2,neural_policy,output_average,post_step_state_policy,3.631901927292347e-05
toy4,neural_output_average,batched,batched,cuda,1024,3,9,1,1,2,toy4_gpu_core_neural_output_average_batched_1024_cuda_repeat01,2,neural_policy,output_average,update_payoff_ema,4.122802056372166e-05
toy4,neural_output_average,batched,batched,cuda,1024,3,9,1,1,2,toy4_gpu_core_neural_output_average_batched_1024_cuda_repeat01,2,neural_policy,output_average,update_reputation_ema,2.1280022338032722e-05
toy4,neural_output_average,batched,batched,cuda,1024,3,9,1,1,2,toy4_gpu_core_neural_output_average_batched_1024_cuda_repeat01,2,neural_policy,output_average,mobility_swaps,3.766198642551899e-05
toy4,neural_output_average,batched,batched,cuda,1024,3,9,1,1,2,toy4_gpu_core_neural_output_average_batched_1024_cuda_repeat01,2,neural_policy,output_average,finalize_hook_step,1.7093028873205185e-05
toy4,neural_output_average,batched,batched,cuda,1024,3,9,1,1,2,toy4_gpu_core_neural_output_average_batched_1024_cuda_repeat01,2,neural_policy,output_average,hooked_step_total,0.3050857550697401
toy4,neural_output_average,batched,batched,cuda,1024,3,9,1,1,2,toy4_gpu_core_neural_output_average_batched_1024_cuda_repeat01,2,neural_policy,output_average,aggregate_row,0.02753324096556753
toy4,neural_output_average,batched,batched,cuda,1024,3,9,1,1,2,toy4_gpu_core_neural_output_average_batched_1024_cuda_repeat01,2,neural_policy,output_average,write_aggregate,9.15630953386426e-05
toy4,neural_output_average,batched,batched,cuda,1024,3,9,1,1,2,toy4_gpu_core_neural_output_average_batched_1024_cuda_repeat01,3,neural_policy,output_average,sample_revision_mask,3.863300662487745e-05
toy4,neural_output_average,batched,batched,cuda,1024,3,9,1,1,2,toy4_gpu_core_neural_output_average_batched_1024_cuda_repeat01,3,neural_policy,output_average,build_step_context,1.3805925846099854e-05
toy4,neural_output_average,batched,batched,cuda,1024,3,9,1,1,2,toy4_gpu_core_neural_output_average_batched_1024_cuda_repeat01,3,neural_policy,output_average,build_observations,0.00944444804918021
toy4,neural_output_average,batched,batched,cuda,1024,3,9,1,1,2,toy4_gpu_core_neural_output_average_batched_1024_cuda_repeat01,3,neural_policy,output_average,policy_readout,0.0010972860036417842
toy4,neural_output_average,batched,batched,cuda,1024,3,9,1,1,2,toy4_gpu_core_neural_output_average_batched_1024_cuda_repeat01,3,neural_policy,output_average,decision_selection,0.006509416038170457
toy4,neural_output_average,batched,batched,cuda,1024,3,9,1,1,2,toy4_gpu_core_neural_output_average_batched_1024_cuda_repeat01,3,neural_policy,output_average,local_training,0.11841741495300084
toy4,neural_output_average,batched,batched,cuda,1024,3,9,1,1,2,toy4_gpu_core_neural_output_average_batched_1024_cuda_repeat01,3,neural_policy,output_average,cache_refresh,1.3726064935326576e-05
toy4,neural_output_average,batched,batched,cuda,1024,3,9,1,1,2,toy4_gpu_core_neural_output_average_batched_1024_cuda_repeat01,3,neural_policy,output_average,post_local_readout,0.0005095039959996939
toy4,neural_output_average,batched,batched,cuda,1024,3,9,1,1,2,toy4_gpu_core_neural_output_average_batched_1024_cuda_repeat01,3,neural_policy,output_average,local_step,0.13642039499245584
toy4,neural_output_average,batched,batched,cuda,1024,3,9,1,1,2,toy4_gpu_core_neural_output_average_batched_1024_cuda_repeat01,3,neural_policy,output_average,select_peers,0.00011746189557015896
toy4,neural_output_average,batched,batched,cuda,1024,3,9,1,1,2,toy4_gpu_core_neural_output_average_batched_1024_cuda_repeat01,3,neural_policy,output_average,social_distillation,0.1968471179716289
toy4,neural_output_average,batched,batched,cuda,1024,3,9,1,1,2,toy4_gpu_core_neural_output_average_batched_1024_cuda_repeat01,3,neural_policy,output_average,social_step,0.19699063897132874
toy4,neural_output_average,batched,batched,cuda,1024,3,9,1,1,2,toy4_gpu_core_neural_output_average_batched_1024_cuda_repeat01,3,neural_policy,output_average,sample_actions,2.409599255770445e-05
toy4,neural_output_average,batched,batched,cuda,1024,3,9,1,1,2,toy4_gpu_core_neural_output_average_batched_1024_cuda_repeat01,3,neural_policy,output_average,commit_actions,4.660803824663162e-05
toy4,neural_output_average,batched,batched,cuda,1024,3,9,1,1,2,toy4_gpu_core_neural_output_average_batched_1024_cuda_repeat01,3,neural_policy,output_average,post_step_state_policy,0.00013888301327824593
toy4,neural_output_average,batched,batched,cuda,1024,3,9,1,1,2,toy4_gpu_core_neural_output_average_batched_1024_cuda_repeat01,3,neural_policy,output_average,update_payoff_ema,0.00029847491532564163
toy4,neural_output_average,batched,batched,cuda,1024,3,9,1,1,2,toy4_gpu_core_neural_output_average_batched_1024_cuda_repeat01,3,neural_policy,output_average,update_reputation_ema,0.00015623506624251604
toy4,neural_output_average,batched,batched,cuda,1024,3,9,1,1,2,toy4_gpu_core_neural_output_average_batched_1024_cuda_repeat01,3,neural_policy,output_average,mobility_swaps,0.0001986249117180705
toy4,neural_output_average,batched,batched,cuda,1024,3,9,1,1,2,toy4_gpu_core_neural_output_average_batched_1024_cuda_repeat01,3,neural_policy,output_average,finalize_hook_step,0.00010954705066978931
toy4,neural_output_average,batched,batched,cuda,1024,3,9,1,1,2,toy4_gpu_core_neural_output_average_batched_1024_cuda_repeat01,3,neural_policy,output_average,hooked_step_total,0.3382210839772597
toy4,neural_output_average,batched,batched,cuda,1024,3,9,1,1,2,toy4_gpu_core_neural_output_average_batched_1024_cuda_repeat01,3,neural_policy,output_average,aggregate_row,0.24992955510970205
toy4,neural_output_average,batched,batched,cuda,1024,3,9,1,1,2,toy4_gpu_core_neural_output_average_batched_1024_cuda_repeat01,3,neural_policy,output_average,write_aggregate,0.00015751796308904886
toy5,neural_output_average,batched,batched,cpu,1024,3,9,0,1,2,toy5_gpu_core_neural_output_average_batched_1024_cpu_repeat00,0,neural_policy,output_average,make_run_dir,0.0005145339528098702
toy5,neural_output_average,batched,batched,cpu,1024,3,9,0,1,2,toy5_gpu_core_neural_output_average_batched_1024_cpu_repeat00,0,neural_policy,output_average,write_metadata,0.002671303926035762
toy5,neural_output_average,batched,batched,cpu,1024,3,9,0,1,2,toy5_gpu_core_neural_output_average_batched_1024_cpu_repeat00,0,neural_policy,output_average,initial_state,0.7268872770946473
toy5,neural_output_average,batched,batched,cpu,1024,3,9,0,1,2,toy5_gpu_core_neural_output_average_batched_1024_cpu_repeat00,0,neural_policy,output_average,writer_setup,0.0004814410349354148
toy5,neural_output_average,batched,batched,cpu,1024,3,9,0,1,2,toy5_gpu_core_neural_output_average_batched_1024_cpu_repeat00,0,neural_policy,output_average,initial_step_result,0.0018276979681104422
toy5,neural_output_average,batched,batched,cpu,1024,3,9,0,1,2,toy5_gpu_core_neural_output_average_batched_1024_cpu_repeat00,0,neural_policy,output_average,initial_aggregate_row,0.008813614025712013
toy5,neural_output_average,batched,batched,cpu,1024,3,9,0,1,2,toy5_gpu_core_neural_output_average_batched_1024_cpu_repeat00,0,neural_policy,output_average,write_initial_aggregate,3.5797012969851494e-05
toy5,neural_output_average,batched,batched,cpu,1024,3,9,0,1,2,toy5_gpu_core_neural_output_average_batched_1024_cpu_repeat00,1,neural_policy,output_average,sample_revision_mask,8.556991815567017e-06
toy5,neural_output_average,batched,batched,cpu,1024,3,9,0,1,2,toy5_gpu_core_neural_output_average_batched_1024_cpu_repeat00,1,neural_policy,output_average,build_step_context,0.0027142349863424897
toy5,neural_output_average,batched,batched,cpu,1024,3,9,0,1,2,toy5_gpu_core_neural_output_average_batched_1024_cpu_repeat00,1,neural_policy,output_average,build_observations,0.004130876041017473
toy5,neural_output_average,batched,batched,cpu,1024,3,9,0,1,2,toy5_gpu_core_neural_output_average_batched_1024_cpu_repeat00,1,neural_policy,output_average,policy_readout,0.0009665490360930562
toy5,neural_output_average,batched,batched,cpu,1024,3,9,0,1,2,toy5_gpu_core_neural_output_average_batched_1024_cpu_repeat00,1,neural_policy,output_average,decision_selection,0.0011155010433867574
toy5,neural_output_average,batched,batched,cpu,1024,3,9,0,1,2,toy5_gpu_core_neural_output_average_batched_1024_cpu_repeat00,1,neural_policy,output_average,local_training,0.15910796797834337
toy5,neural_output_average,batched,batched,cpu,1024,3,9,0,1,2,toy5_gpu_core_neural_output_average_batched_1024_cpu_repeat00,1,neural_policy,output_average,cache_refresh,4.514504689723253e-05
toy5,neural_output_average,batched,batched,cpu,1024,3,9,0,1,2,toy5_gpu_core_neural_output_average_batched_1024_cpu_repeat00,1,neural_policy,output_average,post_local_readout,0.001445283996872604
toy5,neural_output_average,batched,batched,cpu,1024,3,9,0,1,2,toy5_gpu_core_neural_output_average_batched_1024_cpu_repeat00,1,neural_policy,output_average,local_step,0.1673146050889045
toy5,neural_output_average,batched,batched,cpu,1024,3,9,0,1,2,toy5_gpu_core_neural_output_average_batched_1024_cpu_repeat00,1,neural_policy,output_average,select_peers,7.205596193671227e-05
toy5,neural_output_average,batched,batched,cpu,1024,3,9,0,1,2,toy5_gpu_core_neural_output_average_batched_1024_cpu_repeat00,1,neural_policy,output_average,social_distillation,0.08003741397988051
toy5,neural_output_average,batched,batched,cpu,1024,3,9,0,1,2,toy5_gpu_core_neural_output_average_batched_1024_cpu_repeat00,1,neural_policy,output_average,social_step,0.08014979702420533
toy5,neural_output_average,batched,batched,cpu,1024,3,9,0,1,2,toy5_gpu_core_neural_output_average_batched_1024_cpu_repeat00,1,neural_policy,output_average,sample_actions,3.1760428100824356e-06
toy5,neural_output_average,batched,batched,cpu,1024,3,9,0,1,2,toy5_gpu_core_neural_output_average_batched_1024_cpu_repeat00,1,neural_policy,output_average,commit_actions,0.00010395597200840712
toy5,neural_output_average,batched,batched,cpu,1024,3,9,0,1,2,toy5_gpu_core_neural_output_average_batched_1024_cpu_repeat00,1,neural_policy,output_average,post_step_state_policy,3.134901635348797e-05
toy5,neural_output_average,batched,batched,cpu,1024,3,9,0,1,2,toy5_gpu_core_neural_output_average_batched_1024_cpu_repeat00,1,neural_policy,output_average,update_reputation_ema,6.851903162896633e-05
toy5,neural_output_average,batched,batched,cpu,1024,3,9,0,1,2,toy5_gpu_core_neural_output_average_batched_1024_cpu_repeat00,1,neural_policy,output_average,finalize_hook_step,7.194001227617264e-06
toy5,neural_output_average,batched,batched,cpu,1024,3,9,0,1,2,toy5_gpu_core_neural_output_average_batched_1024_cpu_repeat00,1,neural_policy,output_average,hooked_step_total,0.25239558098837733
toy5,neural_output_average,batched,batched,cpu,1024,3,9,0,1,2,toy5_gpu_core_neural_output_average_batched_1024_cpu_repeat00,1,neural_policy,output_average,aggregate_row,0.01308107899967581
toy5,neural_output_average,batched,batched,cpu,1024,3,9,0,1,2,toy5_gpu_core_neural_output_average_batched_1024_cpu_repeat00,1,neural_policy,output_average,write_aggregate,0.0001372889382764697
toy5,neural_output_average,batched,batched,cpu,1024,3,9,0,1,2,toy5_gpu_core_neural_output_average_batched_1024_cpu_repeat00,2,neural_policy,output_average,sample_revision_mask,3.41939739882946e-05
toy5,neural_output_average,batched,batched,cpu,1024,3,9,0,1,2,toy5_gpu_core_neural_output_average_batched_1024_cpu_repeat00,2,neural_policy,output_average,build_step_context,0.0027189539978280663
toy5,neural_output_average,batched,batched,cpu,1024,3,9,0,1,2,toy5_gpu_core_neural_output_average_batched_1024_cpu_repeat00,2,neural_policy,output_average,build_observations,0.005079941009171307
toy5,neural_output_average,batched,batched,cpu,1024,3,9,0,1,2,toy5_gpu_core_neural_output_average_batched_1024_cpu_repeat00,2,neural_policy,output_average,policy_readout,0.001526758074760437
toy5,neural_output_average,batched,batched,cpu,1024,3,9,0,1,2,toy5_gpu_core_neural_output_average_batched_1024_cpu_repeat00,2,neural_policy,output_average,decision_selection,0.0008511008927598596
toy5,neural_output_average,batched,batched,cpu,1024,3,9,0,1,2,toy5_gpu_core_neural_output_average_batched_1024_cpu_repeat00,2,neural_policy,output_average,local_training,0.11341324797831476
toy5,neural_output_average,batched,batched,cpu,1024,3,9,0,1,2,toy5_gpu_core_neural_output_average_batched_1024_cpu_repeat00,2,neural_policy,output_average,cache_refresh,1.5700003132224083e-05
toy5,neural_output_average,batched,batched,cpu,1024,3,9,0,1,2,toy5_gpu_core_neural_output_average_batched_1024_cpu_repeat00,2,neural_policy,output_average,post_local_readout,0.0017043139087036252
toy5,neural_output_average,batched,batched,cpu,1024,3,9,0,1,2,toy5_gpu_core_neural_output_average_batched_1024_cpu_repeat00,2,neural_policy,output_average,local_step,0.12360531103331596
toy5,neural_output_average,batched,batched,cpu,1024,3,9,0,1,2,toy5_gpu_core_neural_output_average_batched_1024_cpu_repeat00,2,neural_policy,output_average,select_peers,0.0001497629564255476
toy5,neural_output_average,batched,batched,cpu,1024,3,9,0,1,2,toy5_gpu_core_neural_output_average_batched_1024_cpu_repeat00,2,neural_policy,output_average,social_distillation,0.09251087310258299
toy5,neural_output_average,batched,batched,cpu,1024,3,9,0,1,2,toy5_gpu_core_neural_output_average_batched_1024_cpu_repeat00,2,neural_policy,output_average,social_step,0.09267429099418223
toy5,neural_output_average,batched,batched,cpu,1024,3,9,0,1,2,toy5_gpu_core_neural_output_average_batched_1024_cpu_repeat00,2,neural_policy,output_average,sample_actions,1.7730053514242172e-06
toy5,neural_output_average,batched,batched,cpu,1024,3,9,0,1,2,toy5_gpu_core_neural_output_average_batched_1024_cpu_repeat00,2,neural_policy,output_average,commit_actions,0.00013702898286283016
toy5,neural_output_average,batched,batched,cpu,1024,3,9,0,1,2,toy5_gpu_core_neural_output_average_batched_1024_cpu_repeat00,2,neural_policy,output_average,post_step_state_policy,2.957601100206375e-05
toy5,neural_output_average,batched,batched,cpu,1024,3,9,0,1,2,toy5_gpu_core_neural_output_average_batched_1024_cpu_repeat00,2,neural_policy,output_average,update_reputation_ema,5.4813106544315815e-05
toy5,neural_output_average,batched,batched,cpu,1024,3,9,0,1,2,toy5_gpu_core_neural_output_average_batched_1024_cpu_repeat00,2,neural_policy,output_average,finalize_hook_step,6.39201607555151e-06
toy5,neural_output_average,batched,batched,cpu,1024,3,9,0,1,2,toy5_gpu_core_neural_output_average_batched_1024_cpu_repeat00,2,neural_policy,output_average,hooked_step_total,0.22205044992733747
toy5,neural_output_average,batched,batched,cpu,1024,3,9,0,1,2,toy5_gpu_core_neural_output_average_batched_1024_cpu_repeat00,2,neural_policy,output_average,aggregate_row,0.013102528057061136
toy5,neural_output_average,batched,batched,cpu,1024,3,9,0,1,2,toy5_gpu_core_neural_output_average_batched_1024_cpu_repeat00,2,neural_policy,output_average,write_aggregate,6.273901090025902e-05
toy5,neural_output_average,batched,batched,cpu,1024,3,9,0,1,2,toy5_gpu_core_neural_output_average_batched_1024_cpu_repeat00,3,neural_policy,output_average,sample_revision_mask,1.72819709405303e-05
toy5,neural_output_average,batched,batched,cpu,1024,3,9,0,1,2,toy5_gpu_core_neural_output_average_batched_1024_cpu_repeat00,3,neural_policy,output_average,build_step_context,0.0027060789288952947
toy5,neural_output_average,batched,batched,cpu,1024,3,9,0,1,2,toy5_gpu_core_neural_output_average_batched_1024_cpu_repeat00,3,neural_policy,output_average,build_observations,0.004288203082978725
toy5,neural_output_average,batched,batched,cpu,1024,3,9,0,1,2,toy5_gpu_core_neural_output_average_batched_1024_cpu_repeat00,3,neural_policy,output_average,policy_readout,0.0010096299229189754
toy5,neural_output_average,batched,batched,cpu,1024,3,9,0,1,2,toy5_gpu_core_neural_output_average_batched_1024_cpu_repeat00,3,neural_policy,output_average,decision_selection,0.0005381780210882425
toy5,neural_output_average,batched,batched,cpu,1024,3,9,0,1,2,toy5_gpu_core_neural_output_average_batched_1024_cpu_repeat00,3,neural_policy,output_average,local_training,0.10870951903052628
toy5,neural_output_average,batched,batched,cpu,1024,3,9,0,1,2,toy5_gpu_core_neural_output_average_batched_1024_cpu_repeat00,3,neural_policy,output_average,cache_refresh,2.9094982892274857e-05
toy5,neural_output_average,batched,batched,cpu,1024,3,9,0,1,2,toy5_gpu_core_neural_output_average_batched_1024_cpu_repeat00,3,neural_policy,output_average,post_local_readout,0.0027957489946857095
toy5,neural_output_average,batched,batched,cpu,1024,3,9,0,1,2,toy5_gpu_core_neural_output_average_batched_1024_cpu_repeat00,3,neural_policy,output_average,local_step,0.11825208296068013
toy5,neural_output_average,batched,batched,cpu,1024,3,9,0,1,2,toy5_gpu_core_neural_output_average_batched_1024_cpu_repeat00,3,neural_policy,output_average,select_peers,0.00017834804020822048
toy5,neural_output_average,batched,batched,cpu,1024,3,9,0,1,2,toy5_gpu_core_neural_output_average_batched_1024_cpu_repeat00,3,neural_policy,output_average,social_distillation,0.13596063596196473
toy5,neural_output_average,batched,batched,cpu,1024,3,9,0,1,2,toy5_gpu_core_neural_output_average_batched_1024_cpu_repeat00,3,neural_policy,output_average,social_step,0.13611844496335834
toy5,neural_output_average,batched,batched,cpu,1024,3,9,0,1,2,toy5_gpu_core_neural_output_average_batched_1024_cpu_repeat00,3,neural_policy,output_average,sample_actions,5.4710544645786285e-06
toy5,neural_output_average,batched,batched,cpu,1024,3,9,0,1,2,toy5_gpu_core_neural_output_average_batched_1024_cpu_repeat00,3,neural_policy,output_average,commit_actions,0.00011629005894064903
toy5,neural_output_average,batched,batched,cpu,1024,3,9,0,1,2,toy5_gpu_core_neural_output_average_batched_1024_cpu_repeat00,3,neural_policy,output_average,post_step_state_policy,3.445497713983059e-05
toy5,neural_output_average,batched,batched,cpu,1024,3,9,0,1,2,toy5_gpu_core_neural_output_average_batched_1024_cpu_repeat00,3,neural_policy,output_average,update_reputation_ema,4.81409952044487e-05
toy5,neural_output_average,batched,batched,cpu,1024,3,9,0,1,2,toy5_gpu_core_neural_output_average_batched_1024_cpu_repeat00,3,neural_policy,output_average,finalize_hook_step,5.911104381084442e-06
toy5,neural_output_average,batched,batched,cpu,1024,3,9,0,1,2,toy5_gpu_core_neural_output_average_batched_1024_cpu_repeat00,3,neural_policy,output_average,hooked_step_total,0.26039335096720606
toy5,neural_output_average,batched,batched,cpu,1024,3,9,0,1,2,toy5_gpu_core_neural_output_average_batched_1024_cpu_repeat00,3,neural_policy,output_average,aggregate_row,0.014363805064931512
toy5,neural_output_average,batched,batched,cpu,1024,3,9,0,1,2,toy5_gpu_core_neural_output_average_batched_1024_cpu_repeat00,3,neural_policy,output_average,write_aggregate,0.00014305999502539635
toy5,neural_output_average,batched,batched,cpu,1024,3,9,1,1,2,toy5_gpu_core_neural_output_average_batched_1024_cpu_repeat01,0,neural_policy,output_average,make_run_dir,0.0009532739641144872
toy5,neural_output_average,batched,batched,cpu,1024,3,9,1,1,2,toy5_gpu_core_neural_output_average_batched_1024_cpu_repeat01,0,neural_policy,output_average,write_metadata,0.00325209298171103
toy5,neural_output_average,batched,batched,cpu,1024,3,9,1,1,2,toy5_gpu_core_neural_output_average_batched_1024_cpu_repeat01,0,neural_policy,output_average,initial_state,0.4488721659872681
toy5,neural_output_average,batched,batched,cpu,1024,3,9,1,1,2,toy5_gpu_core_neural_output_average_batched_1024_cpu_repeat01,0,neural_policy,output_average,writer_setup,0.00044445099774748087
toy5,neural_output_average,batched,batched,cpu,1024,3,9,1,1,2,toy5_gpu_core_neural_output_average_batched_1024_cpu_repeat01,0,neural_policy,output_average,initial_step_result,0.0035473110619932413
toy5,neural_output_average,batched,batched,cpu,1024,3,9,1,1,2,toy5_gpu_core_neural_output_average_batched_1024_cpu_repeat01,0,neural_policy,output_average,initial_aggregate_row,0.0519744009943679
toy5,neural_output_average,batched,batched,cpu,1024,3,9,1,1,2,toy5_gpu_core_neural_output_average_batched_1024_cpu_repeat01,0,neural_policy,output_average,write_initial_aggregate,6.936199497431517e-05
toy5,neural_output_average,batched,batched,cpu,1024,3,9,1,1,2,toy5_gpu_core_neural_output_average_batched_1024_cpu_repeat01,1,neural_policy,output_average,sample_revision_mask,3.6419020034372807e-05
toy5,neural_output_average,batched,batched,cpu,1024,3,9,1,1,2,toy5_gpu_core_neural_output_average_batched_1024_cpu_repeat01,1,neural_policy,output_average,build_step_context,0.0026888770516961813
toy5,neural_output_average,batched,batched,cpu,1024,3,9,1,1,2,toy5_gpu_core_neural_output_average_batched_1024_cpu_repeat01,1,neural_policy,output_average,build_observations,0.004058178048580885
toy5,neural_output_average,batched,batched,cpu,1024,3,9,1,1,2,toy5_gpu_core_neural_output_average_batched_1024_cpu_repeat01,1,neural_policy,output_average,policy_readout,0.0011796609032899141
toy5,neural_output_average,batched,batched,cpu,1024,3,9,1,1,2,toy5_gpu_core_neural_output_average_batched_1024_cpu_repeat01,1,neural_policy,output_average,decision_selection,0.0010832889238372445
toy5,neural_output_average,batched,batched,cpu,1024,3,9,1,1,2,toy5_gpu_core_neural_output_average_batched_1024_cpu_repeat01,1,neural_policy,output_average,local_training,0.2637760010547936
toy5,neural_output_average,batched,batched,cpu,1024,3,9,1,1,2,toy5_gpu_core_neural_output_average_batched_1024_cpu_repeat01,1,neural_policy,output_average,cache_refresh,1.0019051842391491e-05
toy5,neural_output_average,batched,batched,cpu,1024,3,9,1,1,2,toy5_gpu_core_neural_output_average_batched_1024_cpu_repeat01,1,neural_policy,output_average,post_local_readout,0.000530963996425271
toy5,neural_output_average,batched,batched,cpu,1024,3,9,1,1,2,toy5_gpu_core_neural_output_average_batched_1024_cpu_repeat01,1,neural_policy,output_average,local_step,0.2711866919416934
toy5,neural_output_average,batched,batched,cpu,1024,3,9,1,1,2,toy5_gpu_core_neural_output_average_batched_1024_cpu_repeat01,1,neural_policy,output_average,select_peers,6.07749680057168e-05
toy5,neural_output_average,batched,batched,cpu,1024,3,9,1,1,2,toy5_gpu_core_neural_output_average_batched_1024_cpu_repeat01,1,neural_policy,output_average,social_distillation,0.08208418590947986
toy5,neural_output_average,batched,batched,cpu,1024,3,9,1,1,2,toy5_gpu_core_neural_output_average_batched_1024_cpu_repeat01,1,neural_policy,output_average,social_step,0.0821783650899306
toy5,neural_output_average,batched,batched,cpu,1024,3,9,1,1,2,toy5_gpu_core_neural_output_average_batched_1024_cpu_repeat01,1,neural_policy,output_average,sample_actions,1.4030374586582184e-06
toy5,neural_output_average,batched,batched,cpu,1024,3,9,1,1,2,toy5_gpu_core_neural_output_average_batched_1024_cpu_repeat01,1,neural_policy,output_average,commit_actions,6.817898247390985e-05
toy5,neural_output_average,batched,batched,cpu,1024,3,9,1,1,2,toy5_gpu_core_neural_output_average_batched_1024_cpu_repeat01,1,neural_policy,output_average,post_step_state_policy,2.1000043489038944e-05
toy5,neural_output_average,batched,batched,cpu,1024,3,9,1,1,2,toy5_gpu_core_neural_output_average_batched_1024_cpu_repeat01,1,neural_policy,output_average,update_reputation_ema,3.334297798573971e-05
toy5,neural_output_average,batched,batched,cpu,1024,3,9,1,1,2,toy5_gpu_core_neural_output_average_batched_1024_cpu_repeat01,1,neural_policy,output_average,finalize_hook_step,4.317960701882839e-06
toy5,neural_output_average,batched,batched,cpu,1024,3,9,1,1,2,toy5_gpu_core_neural_output_average_batched_1024_cpu_repeat01,1,neural_policy,output_average,hooked_step_total,0.3575192450080067
toy5,neural_output_average,batched,batched,cpu,1024,3,9,1,1,2,toy5_gpu_core_neural_output_average_batched_1024_cpu_repeat01,1,neural_policy,output_average,aggregate_row,0.013244818081147969
toy5,neural_output_average,batched,batched,cpu,1024,3,9,1,1,2,toy5_gpu_core_neural_output_average_batched_1024_cpu_repeat01,1,neural_policy,output_average,write_aggregate,7.902004290372133e-05
toy5,neural_output_average,batched,batched,cpu,1024,3,9,1,1,2,toy5_gpu_core_neural_output_average_batched_1024_cpu_repeat01,2,neural_policy,output_average,sample_revision_mask,1.7092912457883358e-05
toy5,neural_output_average,batched,batched,cpu,1024,3,9,1,1,2,toy5_gpu_core_neural_output_average_batched_1024_cpu_repeat01,2,neural_policy,output_average,build_step_context,0.0030116570414975286
toy5,neural_output_average,batched,batched,cpu,1024,3,9,1,1,2,toy5_gpu_core_neural_output_average_batched_1024_cpu_repeat01,2,neural_policy,output_average,build_observations,0.004990141023881733
toy5,neural_output_average,batched,batched,cpu,1024,3,9,1,1,2,toy5_gpu_core_neural_output_average_batched_1024_cpu_repeat01,2,neural_policy,output_average,policy_readout,0.0027943860040977597
toy5,neural_output_average,batched,batched,cpu,1024,3,9,1,1,2,toy5_gpu_core_neural_output_average_batched_1024_cpu_repeat01,2,neural_policy,output_average,decision_selection,0.0010486639803275466
toy5,neural_output_average,batched,batched,cpu,1024,3,9,1,1,2,toy5_gpu_core_neural_output_average_batched_1024_cpu_repeat01,2,neural_policy,output_average,local_training,0.08575165399815887
toy5,neural_output_average,batched,batched,cpu,1024,3,9,1,1,2,toy5_gpu_core_neural_output_average_batched_1024_cpu_repeat01,2,neural_policy,output_average,cache_refresh,1.1631986126303673e-05
toy5,neural_output_average,batched,batched,cpu,1024,3,9,1,1,2,toy5_gpu_core_neural_output_average_batched_1024_cpu_repeat01,2,neural_policy,output_average,post_local_readout,0.0008524029981344938
toy5,neural_output_average,batched,batched,cpu,1024,3,9,1,1,2,toy5_gpu_core_neural_output_average_batched_1024_cpu_repeat01,2,neural_policy,output_average,local_step,0.09615366405341774
toy5,neural_output_average,batched,batched,cpu,1024,3,9,1,1,2,toy5_gpu_core_neural_output_average_batched_1024_cpu_repeat01,2,neural_policy,output_average,select_peers,7.6484982855618e-05
toy5,neural_output_average,batched,batched,cpu,1024,3,9,1,1,2,toy5_gpu_core_neural_output_average_batched_1024_cpu_repeat01,2,neural_policy,output_average,social_distillation,0.12350952893029898
toy5,neural_output_average,batched,batched,cpu,1024,3,9,1,1,2,toy5_gpu_core_neural_output_average_batched_1024_cpu_repeat01,2,neural_policy,output_average,social_step,0.12361057999078184
toy5,neural_output_average,batched,batched,cpu,1024,3,9,1,1,2,toy5_gpu_core_neural_output_average_batched_1024_cpu_repeat01,2,neural_policy,output_average,sample_actions,1.443084329366684e-06
toy5,neural_output_average,batched,batched,cpu,1024,3,9,1,1,2,toy5_gpu_core_neural_output_average_batched_1024_cpu_repeat01,2,neural_policy,output_average,commit_actions,8.880801033228636e-05
toy5,neural_output_average,batched,batched,cpu,1024,3,9,1,1,2,toy5_gpu_core_neural_output_average_batched_1024_cpu_repeat01,2,neural_policy,output_average,post_step_state_policy,3.147893585264683e-05
toy5,neural_output_average,batched,batched,cpu,1024,3,9,1,1,2,toy5_gpu_core_neural_output_average_batched_1024_cpu_repeat01,2,neural_policy,output_average,update_reputation_ema,6.2317936681211e-05
toy5,neural_output_average,batched,batched,cpu,1024,3,9,1,1,2,toy5_gpu_core_neural_output_average_batched_1024_cpu_repeat01,2,neural_policy,output_average,finalize_hook_step,8.676084689795971e-06
toy5,neural_output_average,batched,batched,cpu,1024,3,9,1,1,2,toy5_gpu_core_neural_output_average_batched_1024_cpu_repeat01,2,neural_policy,output_average,hooked_step_total,0.22477352200075984
toy5,neural_output_average,batched,batched,cpu,1024,3,9,1,1,2,toy5_gpu_core_neural_output_average_batched_1024_cpu_repeat01,2,neural_policy,output_average,aggregate_row,0.01362387603148818
toy5,neural_output_average,batched,batched,cpu,1024,3,9,1,1,2,toy5_gpu_core_neural_output_average_batched_1024_cpu_repeat01,2,neural_policy,output_average,write_aggregate,7.24269775673747e-05
toy5,neural_output_average,batched,batched,cpu,1024,3,9,1,1,2,toy5_gpu_core_neural_output_average_batched_1024_cpu_repeat01,3,neural_policy,output_average,sample_revision_mask,1.620105467736721e-05
toy5,neural_output_average,batched,batched,cpu,1024,3,9,1,1,2,toy5_gpu_core_neural_output_average_batched_1024_cpu_repeat01,3,neural_policy,output_average,build_step_context,0.0026881450321525335
toy5,neural_output_average,batched,batched,cpu,1024,3,9,1,1,2,toy5_gpu_core_neural_output_average_batched_1024_cpu_repeat01,3,neural_policy,output_average,build_observations,0.004278685082681477
toy5,neural_output_average,batched,batched,cpu,1024,3,9,1,1,2,toy5_gpu_core_neural_output_average_batched_1024_cpu_repeat01,3,neural_policy,output_average,policy_readout,0.001092456979677081
toy5,neural_output_average,batched,batched,cpu,1024,3,9,1,1,2,toy5_gpu_core_neural_output_average_batched_1024_cpu_repeat01,3,neural_policy,output_average,decision_selection,0.0005465439753606915
toy5,neural_output_average,batched,batched,cpu,1024,3,9,1,1,2,toy5_gpu_core_neural_output_average_batched_1024_cpu_repeat01,3,neural_policy,output_average,local_training,0.06612972193397582
toy5,neural_output_average,batched,batched,cpu,1024,3,9,1,1,2,toy5_gpu_core_neural_output_average_batched_1024_cpu_repeat01,3,neural_policy,output_average,cache_refresh,1.0819989256560802e-05
toy5,neural_output_average,batched,batched,cpu,1024,3,9,1,1,2,toy5_gpu_core_neural_output_average_batched_1024_cpu_repeat01,3,neural_policy,output_average,post_local_readout,0.0005863789701834321
toy5,neural_output_average,batched,batched,cpu,1024,3,9,1,1,2,toy5_gpu_core_neural_output_average_batched_1024_cpu_repeat01,3,neural_policy,output_average,local_step,0.07311180094256997
toy5,neural_output_average,batched,batched,cpu,1024,3,9,1,1,2,toy5_gpu_core_neural_output_average_batched_1024_cpu_repeat01,3,neural_policy,output_average,select_peers,6.493192631751299e-05
toy5,neural_output_average,batched,batched,cpu,1024,3,9,1,1,2,toy5_gpu_core_neural_output_average_batched_1024_cpu_repeat01,3,neural_policy,output_average,social_distillation,0.06018747005145997
toy5,neural_output_average,batched,batched,cpu,1024,3,9,1,1,2,toy5_gpu_core_neural_output_average_batched_1024_cpu_repeat01,3,neural_policy,output_average,social_step,0.060247683082707226
toy5,neural_output_average,batched,batched,cpu,1024,3,9,1,1,2,toy5_gpu_core_neural_output_average_batched_1024_cpu_repeat01,3,neural_policy,output_average,sample_actions,3.3460091799497604e-06
toy5,neural_output_average,batched,batched,cpu,1024,3,9,1,1,2,toy5_gpu_core_neural_output_average_batched_1024_cpu_repeat01,3,neural_policy,output_average,commit_actions,4.8551009967923164e-05
toy5,neural_output_average,batched,batched,cpu,1024,3,9,1,1,2,toy5_gpu_core_neural_output_average_batched_1024_cpu_repeat01,3,neural_policy,output_average,post_step_state_policy,1.5508965589106083e-05
toy5,neural_output_average,batched,batched,cpu,1024,3,9,1,1,2,toy5_gpu_core_neural_output_average_batched_1024_cpu_repeat01,3,neural_policy,output_average,update_reputation_ema,2.992700319737196e-05
toy5,neural_output_average,batched,batched,cpu,1024,3,9,1,1,2,toy5_gpu_core_neural_output_average_batched_1024_cpu_repeat01,3,neural_policy,output_average,finalize_hook_step,3.1660310924053192e-06
toy5,neural_output_average,batched,batched,cpu,1024,3,9,1,1,2,toy5_gpu_core_neural_output_average_batched_1024_cpu_repeat01,3,neural_policy,output_average,hooked_step_total,0.13723728095646948
toy5,neural_output_average,batched,batched,cpu,1024,3,9,1,1,2,toy5_gpu_core_neural_output_average_batched_1024_cpu_repeat01,3,neural_policy,output_average,aggregate_row,0.013391484972089529
toy5,neural_output_average,batched,batched,cpu,1024,3,9,1,1,2,toy5_gpu_core_neural_output_average_batched_1024_cpu_repeat01,3,neural_policy,output_average,write_aggregate,7.367902435362339e-05
toy5,neural_output_average,batched,batched,cuda,1024,3,9,0,1,2,toy5_gpu_core_neural_output_average_batched_1024_cuda_repeat00,0,neural_policy,output_average,make_run_dir,0.00022872304543852806
toy5,neural_output_average,batched,batched,cuda,1024,3,9,0,1,2,toy5_gpu_core_neural_output_average_batched_1024_cuda_repeat00,0,neural_policy,output_average,write_metadata,0.002011585049331188
toy5,neural_output_average,batched,batched,cuda,1024,3,9,0,1,2,toy5_gpu_core_neural_output_average_batched_1024_cuda_repeat00,0,neural_policy,output_average,initial_state,0.5624504770385101
toy5,neural_output_average,batched,batched,cuda,1024,3,9,0,1,2,toy5_gpu_core_neural_output_average_batched_1024_cuda_repeat00,0,neural_policy,output_average,writer_setup,0.0006431160727515817
toy5,neural_output_average,batched,batched,cuda,1024,3,9,0,1,2,toy5_gpu_core_neural_output_average_batched_1024_cuda_repeat00,0,neural_policy,output_average,initial_step_result,0.0022538640769198537
toy5,neural_output_average,batched,batched,cuda,1024,3,9,0,1,2,toy5_gpu_core_neural_output_average_batched_1024_cuda_repeat00,0,neural_policy,output_average,initial_aggregate_row,0.009763421025127172
toy5,neural_output_average,batched,batched,cuda,1024,3,9,0,1,2,toy5_gpu_core_neural_output_average_batched_1024_cuda_repeat00,0,neural_policy,output_average,write_initial_aggregate,0.0001816230360418558
toy5,neural_output_average,batched,batched,cuda,1024,3,9,0,1,2,toy5_gpu_core_neural_output_average_batched_1024_cuda_repeat00,1,neural_policy,output_average,sample_revision_mask,0.00014671694952994585
toy5,neural_output_average,batched,batched,cuda,1024,3,9,0,1,2,toy5_gpu_core_neural_output_average_batched_1024_cuda_repeat00,1,neural_policy,output_average,build_step_context,0.0033641851041465998
toy5,neural_output_average,batched,batched,cuda,1024,3,9,0,1,2,toy5_gpu_core_neural_output_average_batched_1024_cuda_repeat00,1,neural_policy,output_average,build_observations,0.0054263160564005375
toy5,neural_output_average,batched,batched,cuda,1024,3,9,0,1,2,toy5_gpu_core_neural_output_average_batched_1024_cuda_repeat00,1,neural_policy,output_average,policy_readout,0.006085674045607448
toy5,neural_output_average,batched,batched,cuda,1024,3,9,0,1,2,toy5_gpu_core_neural_output_average_batched_1024_cuda_repeat00,1,neural_policy,output_average,decision_selection,0.001999041996896267
toy5,neural_output_average,batched,batched,cuda,1024,3,9,0,1,2,toy5_gpu_core_neural_output_average_batched_1024_cuda_repeat00,1,neural_policy,output_average,local_training,0.3160717999562621
toy5,neural_output_average,batched,batched,cuda,1024,3,9,0,1,2,toy5_gpu_core_neural_output_average_batched_1024_cuda_repeat00,1,neural_policy,output_average,cache_refresh,1.7012003809213638e-05
toy5,neural_output_average,batched,batched,cuda,1024,3,9,0,1,2,toy5_gpu_core_neural_output_average_batched_1024_cuda_repeat00,1,neural_policy,output_average,post_local_readout,0.0016306149773299694
toy5,neural_output_average,batched,batched,cuda,1024,3,9,0,1,2,toy5_gpu_core_neural_output_average_batched_1024_cuda_repeat00,1,neural_policy,output_average,local_step,0.3349057430168614
toy5,neural_output_average,batched,batched,cuda,1024,3,9,0,1,2,toy5_gpu_core_neural_output_average_batched_1024_cuda_repeat00,1,neural_policy,output_average,select_peers,0.0006222379161044955
toy5,neural_output_average,batched,batched,cuda,1024,3,9,0,1,2,toy5_gpu_core_neural_output_average_batched_1024_cuda_repeat00,1,neural_policy,output_average,social_distillation,0.09783916303422302
toy5,neural_output_average,batched,batched,cuda,1024,3,9,0,1,2,toy5_gpu_core_neural_output_average_batched_1024_cuda_repeat00,1,neural_policy,output_average,social_step,0.09796878800261766
toy5,neural_output_average,batched,batched,cuda,1024,3,9,0,1,2,toy5_gpu_core_neural_output_average_batched_1024_cuda_repeat00,1,neural_policy,output_average,sample_actions,9.19797457754612e-06
toy5,neural_output_average,batched,batched,cuda,1024,3,9,0,1,2,toy5_gpu_core_neural_output_average_batched_1024_cuda_repeat00,1,neural_policy,output_average,commit_actions,9.610201232135296e-05
toy5,neural_output_average,batched,batched,cuda,1024,3,9,0,1,2,toy5_gpu_core_neural_output_average_batched_1024_cuda_repeat00,1,neural_policy,output_average,post_step_state_policy,4.261103458702564e-05
toy5,neural_output_average,batched,batched,cuda,1024,3,9,0,1,2,toy5_gpu_core_neural_output_average_batched_1024_cuda_repeat00,1,neural_policy,output_average,update_reputation_ema,7.054302841424942e-05
toy5,neural_output_average,batched,batched,cuda,1024,3,9,0,1,2,toy5_gpu_core_neural_output_average_batched_1024_cuda_repeat00,1,neural_policy,output_average,finalize_hook_step,1.722201704978943e-05
toy5,neural_output_average,batched,batched,cuda,1024,3,9,0,1,2,toy5_gpu_core_neural_output_average_batched_1024_cuda_repeat00,1,neural_policy,output_average,hooked_step_total,0.43906468199566007
toy5,neural_output_average,batched,batched,cuda,1024,3,9,0,1,2,toy5_gpu_core_neural_output_average_batched_1024_cuda_repeat00,1,neural_policy,output_average,aggregate_row,0.011399948038160801
toy5,neural_output_average,batched,batched,cuda,1024,3,9,0,1,2,toy5_gpu_core_neural_output_average_batched_1024_cuda_repeat00,1,neural_policy,output_average,write_aggregate,0.00012343400157988071
toy5,neural_output_average,batched,batched,cuda,1024,3,9,0,1,2,toy5_gpu_core_neural_output_average_batched_1024_cuda_repeat00,2,neural_policy,output_average,sample_revision_mask,3.730005118995905e-05
toy5,neural_output_average,batched,batched,cuda,1024,3,9,0,1,2,toy5_gpu_core_neural_output_average_batched_1024_cuda_repeat00,2,neural_policy,output_average,build_step_context,0.0027915920363739133
toy5,neural_output_average,batched,batched,cuda,1024,3,9,0,1,2,toy5_gpu_core_neural_output_average_batched_1024_cuda_repeat00,2,neural_policy,output_average,build_observations,0.004266432020813227
toy5,neural_output_average,batched,batched,cuda,1024,3,9,0,1,2,toy5_gpu_core_neural_output_average_batched_1024_cuda_repeat00,2,neural_policy,output_average,policy_readout,0.0007405610522255301
toy5,neural_output_average,batched,batched,cuda,1024,3,9,0,1,2,toy5_gpu_core_neural_output_average_batched_1024_cuda_repeat00,2,neural_policy,output_average,decision_selection,0.0006163659272715449
toy5,neural_output_average,batched,batched,cuda,1024,3,9,0,1,2,toy5_gpu_core_neural_output_average_batched_1024_cuda_repeat00,2,neural_policy,output_average,local_training,0.10061235004104674
toy5,neural_output_average,batched,batched,cuda,1024,3,9,0,1,2,toy5_gpu_core_neural_output_average_batched_1024_cuda_repeat00,2,neural_policy,output_average,cache_refresh,2.1741027012467384e-05
toy5,neural_output_average,batched,batched,cuda,1024,3,9,0,1,2,toy5_gpu_core_neural_output_average_batched_1024_cuda_repeat00,2,neural_policy,output_average,post_local_readout,0.0005684859352186322
toy5,neural_output_average,batched,batched,cuda,1024,3,9,0,1,2,toy5_gpu_core_neural_output_average_batched_1024_cuda_repeat00,2,neural_policy,output_average,local_step,0.10766057507134974
toy5,neural_output_average,batched,batched,cuda,1024,3,9,0,1,2,toy5_gpu_core_neural_output_average_batched_1024_cuda_repeat00,2,neural_policy,output_average,select_peers,0.00013278110418468714
toy5,neural_output_average,batched,batched,cuda,1024,3,9,0,1,2,toy5_gpu_core_neural_output_average_batched_1024_cuda_repeat00,2,neural_policy,output_average,social_distillation,0.12270562793128192
toy5,neural_output_average,batched,batched,cuda,1024,3,9,0,1,2,toy5_gpu_core_neural_output_average_batched_1024_cuda_repeat00,2,neural_policy,output_average,social_step,0.1228008889593184
toy5,neural_output_average,batched,batched,cuda,1024,3,9,0,1,2,toy5_gpu_core_neural_output_average_batched_1024_cuda_repeat00,2,neural_policy,output_average,sample_actions,7.483991794288158e-06
toy5,neural_output_average,batched,batched,cuda,1024,3,9,0,1,2,toy5_gpu_core_neural_output_average_batched_1024_cuda_repeat00,2,neural_policy,output_average,commit_actions,8.173496462404728e-05
toy5,neural_output_average,batched,batched,cuda,1024,3,9,0,1,2,toy5_gpu_core_neural_output_average_batched_1024_cuda_repeat00,2,neural_policy,output_average,post_step_state_policy,2.1651037968695164e-05
toy5,neural_output_average,batched,batched,cuda,1024,3,9,0,1,2,toy5_gpu_core_neural_output_average_batched_1024_cuda_repeat00,2,neural_policy,output_average,update_reputation_ema,3.4986063838005066e-05
toy5,neural_output_average,batched,batched,cuda,1024,3,9,0,1,2,toy5_gpu_core_neural_output_average_batched_1024_cuda_repeat00,2,neural_policy,output_average,finalize_hook_step,8.876901119947433e-06
toy5,neural_output_average,batched,batched,cuda,1024,3,9,0,1,2,toy5_gpu_core_neural_output_average_batched_1024_cuda_repeat00,2,neural_policy,output_average,hooked_step_total,0.23480789607856423
toy5,neural_output_average,batched,batched,cuda,1024,3,9,0,1,2,toy5_gpu_core_neural_output_average_batched_1024_cuda_repeat00,2,neural_policy,output_average,aggregate_row,0.01281688897870481
toy5,neural_output_average,batched,batched,cuda,1024,3,9,0,1,2,toy5_gpu_core_neural_output_average_batched_1024_cuda_repeat00,2,neural_policy,output_average,write_aggregate,4.98439185321331e-05
toy5,neural_output_average,batched,batched,cuda,1024,3,9,0,1,2,toy5_gpu_core_neural_output_average_batched_1024_cuda_repeat00,3,neural_policy,output_average,sample_revision_mask,1.4647957868874073e-05
toy5,neural_output_average,batched,batched,cuda,1024,3,9,0,1,2,toy5_gpu_core_neural_output_average_batched_1024_cuda_repeat00,3,neural_policy,output_average,build_step_context,0.0026497929356992245
toy5,neural_output_average,batched,batched,cuda,1024,3,9,0,1,2,toy5_gpu_core_neural_output_average_batched_1024_cuda_repeat00,3,neural_policy,output_average,build_observations,0.004736781003884971
toy5,neural_output_average,batched,batched,cuda,1024,3,9,0,1,2,toy5_gpu_core_neural_output_average_batched_1024_cuda_repeat00,3,neural_policy,output_average,policy_readout,0.0005842449609190226
toy5,neural_output_average,batched,batched,cuda,1024,3,9,0,1,2,toy5_gpu_core_neural_output_average_batched_1024_cuda_repeat00,3,neural_policy,output_average,decision_selection,0.0007142210379242897
toy5,neural_output_average,batched,batched,cuda,1024,3,9,0,1,2,toy5_gpu_core_neural_output_average_batched_1024_cuda_repeat00,3,neural_policy,output_average,local_training,0.15053400793112814
toy5,neural_output_average,batched,batched,cuda,1024,3,9,0,1,2,toy5_gpu_core_neural_output_average_batched_1024_cuda_repeat00,3,neural_policy,output_average,cache_refresh,2.4746987037360668e-05
toy5,neural_output_average,batched,batched,cuda,1024,3,9,0,1,2,toy5_gpu_core_neural_output_average_batched_1024_cuda_repeat00,3,neural_policy,output_average,post_local_readout,0.0007175570353865623
toy5,neural_output_average,batched,batched,cuda,1024,3,9,0,1,2,toy5_gpu_core_neural_output_average_batched_1024_cuda_repeat00,3,neural_policy,output_average,local_step,0.1579714680556208
toy5,neural_output_average,batched,batched,cuda,1024,3,9,0,1,2,toy5_gpu_core_neural_output_average_batched_1024_cuda_repeat00,3,neural_policy,output_average,select_peers,0.00013848207890987396
toy5,neural_output_average,batched,batched,cuda,1024,3,9,0,1,2,toy5_gpu_core_neural_output_average_batched_1024_cuda_repeat00,3,neural_policy,output_average,social_distillation,0.33394374302588403
toy5,neural_output_average,batched,batched,cuda,1024,3,9,0,1,2,toy5_gpu_core_neural_output_average_batched_1024_cuda_repeat00,3,neural_policy,output_average,social_step,0.3340842679608613
toy5,neural_output_average,batched,batched,cuda,1024,3,9,0,1,2,toy5_gpu_core_neural_output_average_batched_1024_cuda_repeat00,3,neural_policy,output_average,sample_actions,1.1150958016514778e-05
toy5,neural_output_average,batched,batched,cuda,1024,3,9,0,1,2,toy5_gpu_core_neural_output_average_batched_1024_cuda_repeat00,3,neural_policy,output_average,commit_actions,0.00011397595517337322
toy5,neural_output_average,batched,batched,cuda,1024,3,9,0,1,2,toy5_gpu_core_neural_output_average_batched_1024_cuda_repeat00,3,neural_policy,output_average,post_step_state_policy,3.8041966035962105e-05
toy5,neural_output_average,batched,batched,cuda,1024,3,9,0,1,2,toy5_gpu_core_neural_output_average_batched_1024_cuda_repeat00,3,neural_policy,output_average,update_reputation_ema,6.942101754248142e-05
toy5,neural_output_average,batched,batched,cuda,1024,3,9,0,1,2,toy5_gpu_core_neural_output_average_batched_1024_cuda_repeat00,3,neural_policy,output_average,finalize_hook_step,1.140194945037365e-05
toy5,neural_output_average,batched,batched,cuda,1024,3,9,0,1,2,toy5_gpu_core_neural_output_average_batched_1024_cuda_repeat00,3,neural_policy,output_average,hooked_step_total,0.4969945310149342
toy5,neural_output_average,batched,batched,cuda,1024,3,9,0,1,2,toy5_gpu_core_neural_output_average_batched_1024_cuda_repeat00,3,neural_policy,output_average,aggregate_row,0.01448135799728334
toy5,neural_output_average,batched,batched,cuda,1024,3,9,0,1,2,toy5_gpu_core_neural_output_average_batched_1024_cuda_repeat00,3,neural_policy,output_average,write_aggregate,7.50020844861865e-05
toy5,neural_output_average,batched,batched,cuda,1024,3,9,1,1,2,toy5_gpu_core_neural_output_average_batched_1024_cuda_repeat01,0,neural_policy,output_average,make_run_dir,0.00048037897795438766
toy5,neural_output_average,batched,batched,cuda,1024,3,9,1,1,2,toy5_gpu_core_neural_output_average_batched_1024_cuda_repeat01,0,neural_policy,output_average,write_metadata,0.0025256579974666238
toy5,neural_output_average,batched,batched,cuda,1024,3,9,1,1,2,toy5_gpu_core_neural_output_average_batched_1024_cuda_repeat01,0,neural_policy,output_average,initial_state,0.574514570995234
toy5,neural_output_average,batched,batched,cuda,1024,3,9,1,1,2,toy5_gpu_core_neural_output_average_batched_1024_cuda_repeat01,0,neural_policy,output_average,writer_setup,0.0005862199468538165
toy5,neural_output_average,batched,batched,cuda,1024,3,9,1,1,2,toy5_gpu_core_neural_output_average_batched_1024_cuda_repeat01,0,neural_policy,output_average,initial_step_result,0.00220318790525198
toy5,neural_output_average,batched,batched,cuda,1024,3,9,1,1,2,toy5_gpu_core_neural_output_average_batched_1024_cuda_repeat01,0,neural_policy,output_average,initial_aggregate_row,0.009362122043967247
toy5,neural_output_average,batched,batched,cuda,1024,3,9,1,1,2,toy5_gpu_core_neural_output_average_batched_1024_cuda_repeat01,0,neural_policy,output_average,write_initial_aggregate,4.416401498019695e-05
toy5,neural_output_average,batched,batched,cuda,1024,3,9,1,1,2,toy5_gpu_core_neural_output_average_batched_1024_cuda_repeat01,1,neural_policy,output_average,sample_revision_mask,1.8616090528666973e-05
toy5,neural_output_average,batched,batched,cuda,1024,3,9,1,1,2,toy5_gpu_core_neural_output_average_batched_1024_cuda_repeat01,1,neural_policy,output_average,build_step_context,0.0026149069890379906
toy5,neural_output_average,batched,batched,cuda,1024,3,9,1,1,2,toy5_gpu_core_neural_output_average_batched_1024_cuda_repeat01,1,neural_policy,output_average,build_observations,0.00402304099407047
toy5,neural_output_average,batched,batched,cuda,1024,3,9,1,1,2,toy5_gpu_core_neural_output_average_batched_1024_cuda_repeat01,1,neural_policy,output_average,policy_readout,0.0009122459450736642
toy5,neural_output_average,batched,batched,cuda,1024,3,9,1,1,2,toy5_gpu_core_neural_output_average_batched_1024_cuda_repeat01,1,neural_policy,output_average,decision_selection,0.0009178660111501813
toy5,neural_output_average,batched,batched,cuda,1024,3,9,1,1,2,toy5_gpu_core_neural_output_average_batched_1024_cuda_repeat01,1,neural_policy,output_average,local_training,0.2961823510704562
toy5,neural_output_average,batched,batched,cuda,1024,3,9,1,1,2,toy5_gpu_core_neural_output_average_batched_1024_cuda_repeat01,1,neural_policy,output_average,cache_refresh,9.520992171019316e-05
toy5,neural_output_average,batched,batched,cuda,1024,3,9,1,1,2,toy5_gpu_core_neural_output_average_batched_1024_cuda_repeat01,1,neural_policy,output_average,post_local_readout,0.005004298058338463
toy5,neural_output_average,batched,batched,cuda,1024,3,9,1,1,2,toy5_gpu_core_neural_output_average_batched_1024_cuda_repeat01,1,neural_policy,output_average,local_step,0.31036397092975676
toy5,neural_output_average,batched,batched,cuda,1024,3,9,1,1,2,toy5_gpu_core_neural_output_average_batched_1024_cuda_repeat01,1,neural_policy,output_average,select_peers,0.0009460198925808072
toy5,neural_output_average,batched,batched,cuda,1024,3,9,1,1,2,toy5_gpu_core_neural_output_average_batched_1024_cuda_repeat01,1,neural_policy,output_average,social_distillation,0.15525346505455673
toy5,neural_output_average,batched,batched,cuda,1024,3,9,1,1,2,toy5_gpu_core_neural_output_average_batched_1024_cuda_repeat01,1,neural_policy,output_average,social_step,0.1554006839869544
toy5,neural_output_average,batched,batched,cuda,1024,3,9,1,1,2,toy5_gpu_core_neural_output_average_batched_1024_cuda_repeat01,1,neural_policy,output_average,sample_actions,7.002963684499264e-06
toy5,neural_output_average,batched,batched,cuda,1024,3,9,1,1,2,toy5_gpu_core_neural_output_average_batched_1024_cuda_repeat01,1,neural_policy,output_average,commit_actions,7.460196502506733e-05
toy5,neural_output_average,batched,batched,cuda,1024,3,9,1,1,2,toy5_gpu_core_neural_output_average_batched_1024_cuda_repeat01,1,neural_policy,output_average,post_step_state_policy,2.7692061848938465e-05
toy5,neural_output_average,batched,batched,cuda,1024,3,9,1,1,2,toy5_gpu_core_neural_output_average_batched_1024_cuda_repeat01,1,neural_policy,output_average,update_reputation_ema,4.079693462699652e-05
toy5,neural_output_average,batched,batched,cuda,1024,3,9,1,1,2,toy5_gpu_core_neural_output_average_batched_1024_cuda_repeat01,1,neural_policy,output_average,finalize_hook_step,8.626957423985004e-06
toy5,neural_output_average,batched,batched,cuda,1024,3,9,1,1,2,toy5_gpu_core_neural_output_average_batched_1024_cuda_repeat01,1,neural_policy,output_average,hooked_step_total,0.4736705330433324
toy5,neural_output_average,batched,batched,cuda,1024,3,9,1,1,2,toy5_gpu_core_neural_output_average_batched_1024_cuda_repeat01,1,neural_policy,output_average,aggregate_row,0.010397511068731546
toy5,neural_output_average,batched,batched,cuda,1024,3,9,1,1,2,toy5_gpu_core_neural_output_average_batched_1024_cuda_repeat01,1,neural_policy,output_average,write_aggregate,5.166791379451752e-05
toy5,neural_output_average,batched,batched,cuda,1024,3,9,1,1,2,toy5_gpu_core_neural_output_average_batched_1024_cuda_repeat01,2,neural_policy,output_average,sample_revision_mask,1.554901245981455e-05
toy5,neural_output_average,batched,batched,cuda,1024,3,9,1,1,2,toy5_gpu_core_neural_output_average_batched_1024_cuda_repeat01,2,neural_policy,output_average,build_step_context,0.002661835984326899
toy5,neural_output_average,batched,batched,cuda,1024,3,9,1,1,2,toy5_gpu_core_neural_output_average_batched_1024_cuda_repeat01,2,neural_policy,output_average,build_observations,0.0040290020406246185
toy5,neural_output_average,batched,batched,cuda,1024,3,9,1,1,2,toy5_gpu_core_neural_output_average_batched_1024_cuda_repeat01,2,neural_policy,output_average,policy_readout,0.0003752800403162837
toy5,neural_output_average,batched,batched,cuda,1024,3,9,1,1,2,toy5_gpu_core_neural_output_average_batched_1024_cuda_repeat01,2,neural_policy,output_average,decision_selection,0.0006208949489519
toy5,neural_output_average,batched,batched,cuda,1024,3,9,1,1,2,toy5_gpu_core_neural_output_average_batched_1024_cuda_repeat01,2,neural_policy,output_average,local_training,0.12601432809606194
toy5,neural_output_average,batched,batched,cuda,1024,3,9,1,1,2,toy5_gpu_core_neural_output_average_batched_1024_cuda_repeat01,2,neural_policy,output_average,cache_refresh,1.550000160932541e-05
toy5,neural_output_average,batched,batched,cuda,1024,3,9,1,1,2,toy5_gpu_core_neural_output_average_batched_1024_cuda_repeat01,2,neural_policy,output_average,post_local_readout,0.0006042929599061608
toy5,neural_output_average,batched,batched,cuda,1024,3,9,1,1,2,toy5_gpu_core_neural_output_average_batched_1024_cuda_repeat01,2,neural_policy,output_average,local_step,0.13222041900735348
toy5,neural_output_average,batched,batched,cuda,1024,3,9,1,1,2,toy5_gpu_core_neural_output_average_batched_1024_cuda_repeat01,2,neural_policy,output_average,select_peers,0.0001348049845546484
toy5,neural_output_average,batched,batched,cuda,1024,3,9,1,1,2,toy5_gpu_core_neural_output_average_batched_1024_cuda_repeat01,2,neural_policy,output_average,social_distillation,0.12101775500923395
toy5,neural_output_average,batched,batched,cuda,1024,3,9,1,1,2,toy5_gpu_core_neural_output_average_batched_1024_cuda_repeat01,2,neural_policy,output_average,social_step,0.12114633806049824
toy5,neural_output_average,batched,batched,cuda,1024,3,9,1,1,2,toy5_gpu_core_neural_output_average_batched_1024_cuda_repeat01,2,neural_policy,output_average,sample_actions,8.406001143157482e-06
toy5,neural_output_average,batched,batched,cuda,1024,3,9,1,1,2,toy5_gpu_core_neural_output_average_batched_1024_cuda_repeat01,2,neural_policy,output_average,commit_actions,5.3149997256696224e-05
toy5,neural_output_average,batched,batched,cuda,1024,3,9,1,1,2,toy5_gpu_core_neural_output_average_batched_1024_cuda_repeat01,2,neural_policy,output_average,post_step_state_policy,2.183194737881422e-05
toy5,neural_output_average,batched,batched,cuda,1024,3,9,1,1,2,toy5_gpu_core_neural_output_average_batched_1024_cuda_repeat01,2,neural_policy,output_average,update_reputation_ema,3.806198947131634e-05
toy5,neural_output_average,batched,batched,cuda,1024,3,9,1,1,2,toy5_gpu_core_neural_output_average_batched_1024_cuda_repeat01,2,neural_policy,output_average,finalize_hook_step,8.57701525092125e-06
toy5,neural_output_average,batched,batched,cuda,1024,3,9,1,1,2,toy5_gpu_core_neural_output_average_batched_1024_cuda_repeat01,2,neural_policy,output_average,hooked_step_total,0.2575737270526588
toy5,neural_output_average,batched,batched,cuda,1024,3,9,1,1,2,toy5_gpu_core_neural_output_average_batched_1024_cuda_repeat01,2,neural_policy,output_average,aggregate_row,0.01344218198210001
toy5,neural_output_average,batched,batched,cuda,1024,3,9,1,1,2,toy5_gpu_core_neural_output_average_batched_1024_cuda_repeat01,2,neural_policy,output_average,write_aggregate,0.00016669498290866613
toy5,neural_output_average,batched,batched,cuda,1024,3,9,1,1,2,toy5_gpu_core_neural_output_average_batched_1024_cuda_repeat01,3,neural_policy,output_average,sample_revision_mask,3.0157039873301983e-05
toy5,neural_output_average,batched,batched,cuda,1024,3,9,1,1,2,toy5_gpu_core_neural_output_average_batched_1024_cuda_repeat01,3,neural_policy,output_average,build_step_context,0.003256991971284151
toy5,neural_output_average,batched,batched,cuda,1024,3,9,1,1,2,toy5_gpu_core_neural_output_average_batched_1024_cuda_repeat01,3,neural_policy,output_average,build_observations,0.004605563008226454
toy5,neural_output_average,batched,batched,cuda,1024,3,9,1,1,2,toy5_gpu_core_neural_output_average_batched_1024_cuda_repeat01,3,neural_policy,output_average,policy_readout,0.0008800351060926914
toy5,neural_output_average,batched,batched,cuda,1024,3,9,1,1,2,toy5_gpu_core_neural_output_average_batched_1024_cuda_repeat01,3,neural_policy,output_average,decision_selection,0.0006713499315083027
toy5,neural_output_average,batched,batched,cuda,1024,3,9,1,1,2,toy5_gpu_core_neural_output_average_batched_1024_cuda_repeat01,3,neural_policy,output_average,local_training,0.11138519097585231
toy5,neural_output_average,batched,batched,cuda,1024,3,9,1,1,2,toy5_gpu_core_neural_output_average_batched_1024_cuda_repeat01,3,neural_policy,output_average,cache_refresh,2.1992018446326256e-05
toy5,neural_output_average,batched,batched,cuda,1024,3,9,1,1,2,toy5_gpu_core_neural_output_average_batched_1024_cuda_repeat01,3,neural_policy,output_average,post_local_readout,0.000900162965990603
toy5,neural_output_average,batched,batched,cuda,1024,3,9,1,1,2,toy5_gpu_core_neural_output_average_batched_1024_cuda_repeat01,3,neural_policy,output_average,local_step,0.11957156902644783
toy5,neural_output_average,batched,batched,cuda,1024,3,9,1,1,2,toy5_gpu_core_neural_output_average_batched_1024_cuda_repeat01,3,neural_policy,output_average,select_peers,0.00022529601119458675
toy5,neural_output_average,batched,batched,cuda,1024,3,9,1,1,2,toy5_gpu_core_neural_output_average_batched_1024_cuda_repeat01,3,neural_policy,output_average,social_distillation,0.13428942405153066
toy5,neural_output_average,batched,batched,cuda,1024,3,9,1,1,2,toy5_gpu_core_neural_output_average_batched_1024_cuda_repeat01,3,neural_policy,output_average,social_step,0.13437203003559262
toy5,neural_output_average,batched,batched,cuda,1024,3,9,1,1,2,toy5_gpu_core_neural_output_average_batched_1024_cuda_repeat01,3,neural_policy,output_average,sample_actions,7.454073056578636e-06
toy5,neural_output_average,batched,batched,cuda,1024,3,9,1,1,2,toy5_gpu_core_neural_output_average_batched_1024_cuda_repeat01,3,neural_policy,output_average,commit_actions,4.9302936531603336e-05
toy5,neural_output_average,batched,batched,cuda,1024,3,9,1,1,2,toy5_gpu_core_neural_output_average_batched_1024_cuda_repeat01,3,neural_policy,output_average,post_step_state_policy,1.9627041183412075e-05
toy5,neural_output_average,batched,batched,cuda,1024,3,9,1,1,2,toy5_gpu_core_neural_output_average_batched_1024_cuda_repeat01,3,neural_policy,output_average,update_reputation_ema,3.2912008464336395e-05
toy5,neural_output_average,batched,batched,cuda,1024,3,9,1,1,2,toy5_gpu_core_neural_output_average_batched_1024_cuda_repeat01,3,neural_policy,output_average,finalize_hook_step,8.677016012370586e-06
toy5,neural_output_average,batched,batched,cuda,1024,3,9,1,1,2,toy5_gpu_core_neural_output_average_batched_1024_cuda_repeat01,3,neural_policy,output_average,hooked_step_total,0.25914993905462325
toy5,neural_output_average,batched,batched,cuda,1024,3,9,1,1,2,toy5_gpu_core_neural_output_average_batched_1024_cuda_repeat01,3,neural_policy,output_average,aggregate_row,0.07057376008015126
toy5,neural_output_average,batched,batched,cuda,1024,3,9,1,1,2,toy5_gpu_core_neural_output_average_batched_1024_cuda_repeat01,3,neural_policy,output_average,write_aggregate,8.554093074053526e-05
