toy,scenario,training_backend,resolved_training_backend,device,agent_count,epochs,seed,repeat_index,warmup_runs,repeats,run_id,epoch,policy_rule,coordination_mixer,stage,seconds
toy4,neural_output_average,batched,batched,cpu,1024,5,1,0,0,2,toy4_gpu_core_neural_output_average_batched_1024_cpu_repeat00,0,neural_policy,output_average,make_run_dir,0.0014861510135233402
toy4,neural_output_average,batched,batched,cpu,1024,5,1,0,0,2,toy4_gpu_core_neural_output_average_batched_1024_cpu_repeat00,0,neural_policy,output_average,write_metadata,0.005692773032933474
toy4,neural_output_average,batched,batched,cpu,1024,5,1,0,0,2,toy4_gpu_core_neural_output_average_batched_1024_cpu_repeat00,0,neural_policy,output_average,initial_state,3.9476262769894674
toy4,neural_output_average,batched,batched,cpu,1024,5,1,0,0,2,toy4_gpu_core_neural_output_average_batched_1024_cpu_repeat00,0,neural_policy,output_average,writer_setup,0.00672601000405848
toy4,neural_output_average,batched,batched,cpu,1024,5,1,0,0,2,toy4_gpu_core_neural_output_average_batched_1024_cpu_repeat00,0,neural_policy,output_average,initial_step_result,0.044947769958525896
toy4,neural_output_average,batched,batched,cpu,1024,5,1,0,0,2,toy4_gpu_core_neural_output_average_batched_1024_cpu_repeat00,0,neural_policy,output_average,initial_aggregate_row,0.21897334896493703
toy4,neural_output_average,batched,batched,cpu,1024,5,1,0,0,2,toy4_gpu_core_neural_output_average_batched_1024_cpu_repeat00,0,neural_policy,output_average,write_initial_aggregate,0.0005869310116395354
toy4,neural_output_average,batched,batched,cpu,1024,5,1,0,0,2,toy4_gpu_core_neural_output_average_batched_1024_cpu_repeat00,1,neural_policy,output_average,sample_revision_mask,0.00017265602946281433
toy4,neural_output_average,batched,batched,cpu,1024,5,1,0,0,2,toy4_gpu_core_neural_output_average_batched_1024_cpu_repeat00,1,neural_policy,output_average,build_step_context,0.0001748299691826105
toy4,neural_output_average,batched,batched,cpu,1024,5,1,0,0,2,toy4_gpu_core_neural_output_average_batched_1024_cpu_repeat00,1,neural_policy,output_average,build_observations,0.012170899077318609
toy4,neural_output_average,batched,batched,cpu,1024,5,1,0,0,2,toy4_gpu_core_neural_output_average_batched_1024_cpu_repeat00,1,neural_policy,output_average,policy_readout,0.0036764200776815414
toy4,neural_output_average,batched,batched,cpu,1024,5,1,0,0,2,toy4_gpu_core_neural_output_average_batched_1024_cpu_repeat00,1,neural_policy,output_average,decision_selection,0.005973106017336249
toy4,neural_output_average,batched,batched,cpu,1024,5,1,0,0,2,toy4_gpu_core_neural_output_average_batched_1024_cpu_repeat00,1,neural_policy,output_average,local_trainable_parameters,0.0020048179430887103
toy4,neural_output_average,batched,batched,cpu,1024,5,1,0,0,2,toy4_gpu_core_neural_output_average_batched_1024_cpu_repeat00,1,neural_policy,output_average,local_loss_forward,0.012397037935443223
toy4,neural_output_average,batched,batched,cpu,1024,5,1,0,0,2,toy4_gpu_core_neural_output_average_batched_1024_cpu_repeat00,1,neural_policy,output_average,local_autograd_grad,0.01018433494027704
toy4,neural_output_average,batched,batched,cpu,1024,5,1,0,0,2,toy4_gpu_core_neural_output_average_batched_1024_cpu_repeat00,1,neural_policy,output_average,local_adam_update,0.08753844897728413
toy4,neural_output_average,batched,batched,cpu,1024,5,1,0,0,2,toy4_gpu_core_neural_output_average_batched_1024_cpu_repeat00,1,neural_policy,output_average,local_optimizer_update,0.10019129305146635
toy4,neural_output_average,batched,batched,cpu,1024,5,1,0,0,2,toy4_gpu_core_neural_output_average_batched_1024_cpu_repeat00,1,neural_policy,output_average,local_loss_update,1.0289655830711126
toy4,neural_output_average,batched,batched,cpu,1024,5,1,0,0,2,toy4_gpu_core_neural_output_average_batched_1024_cpu_repeat00,1,neural_policy,output_average,local_training,1.031218733987771
toy4,neural_output_average,batched,batched,cpu,1024,5,1,0,0,2,toy4_gpu_core_neural_output_average_batched_1024_cpu_repeat00,1,neural_policy,output_average,cache_refresh,0.00013151601888239384
toy4,neural_output_average,batched,batched,cpu,1024,5,1,0,0,2,toy4_gpu_core_neural_output_average_batched_1024_cpu_repeat00,1,neural_policy,output_average,post_local_readout,0.004790936014614999
toy4,neural_output_average,batched,batched,cpu,1024,5,1,0,0,2,toy4_gpu_core_neural_output_average_batched_1024_cpu_repeat00,1,neural_policy,output_average,local_step,1.0635947060072795
toy4,neural_output_average,batched,batched,cpu,1024,5,1,0,0,2,toy4_gpu_core_neural_output_average_batched_1024_cpu_repeat00,1,neural_policy,output_average,select_peers,0.00033123395405709743
toy4,neural_output_average,batched,batched,cpu,1024,5,1,0,0,2,toy4_gpu_core_neural_output_average_batched_1024_cpu_repeat00,1,neural_policy,output_average,social_trainable_parameters,0.0011973090004175901
toy4,neural_output_average,batched,batched,cpu,1024,5,1,0,0,2,toy4_gpu_core_neural_output_average_batched_1024_cpu_repeat00,1,neural_policy,output_average,social_mix,0.0020935609936714172
toy4,neural_output_average,batched,batched,cpu,1024,5,1,0,0,2,toy4_gpu_core_neural_output_average_batched_1024_cpu_repeat00,1,neural_policy,output_average,social_loss_forward,0.001839125994592905
toy4,neural_output_average,batched,batched,cpu,1024,5,1,0,0,2,toy4_gpu_core_neural_output_average_batched_1024_cpu_repeat00,1,neural_policy,output_average,social_autograd_grad,0.002175110043026507
toy4,neural_output_average,batched,batched,cpu,1024,5,1,0,0,2,toy4_gpu_core_neural_output_average_batched_1024_cpu_repeat00,1,neural_policy,output_average,social_adam_update,0.11903965601231903
toy4,neural_output_average,batched,batched,cpu,1024,5,1,0,0,2,toy4_gpu_core_neural_output_average_batched_1024_cpu_repeat00,1,neural_policy,output_average,social_optimizer_update,0.12270142696797848
toy4,neural_output_average,batched,batched,cpu,1024,5,1,0,0,2,toy4_gpu_core_neural_output_average_batched_1024_cpu_repeat00,1,neural_policy,output_average,social_loss_update,0.12708452995866537
toy4,neural_output_average,batched,batched,cpu,1024,5,1,0,0,2,toy4_gpu_core_neural_output_average_batched_1024_cpu_repeat00,1,neural_policy,output_average,social_distillation,0.1350075879599899
toy4,neural_output_average,batched,batched,cpu,1024,5,1,0,0,2,toy4_gpu_core_neural_output_average_batched_1024_cpu_repeat00,1,neural_policy,output_average,social_step,0.13508542999625206
toy4,neural_output_average,batched,batched,cpu,1024,5,1,0,0,2,toy4_gpu_core_neural_output_average_batched_1024_cpu_repeat00,1,neural_policy,output_average,sample_actions,8.45699105411768e-06
toy4,neural_output_average,batched,batched,cpu,1024,5,1,0,0,2,toy4_gpu_core_neural_output_average_batched_1024_cpu_repeat00,1,neural_policy,output_average,commit_actions,6.594799924641848e-05
toy4,neural_output_average,batched,batched,cpu,1024,5,1,0,0,2,toy4_gpu_core_neural_output_average_batched_1024_cpu_repeat00,1,neural_policy,output_average,post_step_state_policy,0.0002374720061197877
toy4,neural_output_average,batched,batched,cpu,1024,5,1,0,0,2,toy4_gpu_core_neural_output_average_batched_1024_cpu_repeat00,1,neural_policy,output_average,update_payoff_ema,0.00033207598607987165
toy4,neural_output_average,batched,batched,cpu,1024,5,1,0,0,2,toy4_gpu_core_neural_output_average_batched_1024_cpu_repeat00,1,neural_policy,output_average,update_reputation_ema,0.00015503098256886005
toy4,neural_output_average,batched,batched,cpu,1024,5,1,0,0,2,toy4_gpu_core_neural_output_average_batched_1024_cpu_repeat00,1,neural_policy,output_average,mobility_swaps,0.00010820000898092985
toy4,neural_output_average,batched,batched,cpu,1024,5,1,0,0,2,toy4_gpu_core_neural_output_average_batched_1024_cpu_repeat00,1,neural_policy,output_average,finalize_hook_step,3.459700383245945e-05
toy4,neural_output_average,batched,batched,cpu,1024,5,1,0,0,2,toy4_gpu_core_neural_output_average_batched_1024_cpu_repeat00,1,neural_policy,output_average,hooked_step_total,1.2074141589691862
toy4,neural_output_average,batched,batched,cpu,1024,5,1,0,0,2,toy4_gpu_core_neural_output_average_batched_1024_cpu_repeat00,1,neural_policy,output_average,aggregate_row,0.1943771990481764
toy4,neural_output_average,batched,batched,cpu,1024,5,1,0,0,2,toy4_gpu_core_neural_output_average_batched_1024_cpu_repeat00,1,neural_policy,output_average,write_aggregate,0.0012160149635747075
toy4,neural_output_average,batched,batched,cpu,1024,5,1,0,0,2,toy4_gpu_core_neural_output_average_batched_1024_cpu_repeat00,2,neural_policy,output_average,sample_revision_mask,0.000493900035507977
toy4,neural_output_average,batched,batched,cpu,1024,5,1,0,0,2,toy4_gpu_core_neural_output_average_batched_1024_cpu_repeat00,2,neural_policy,output_average,build_step_context,0.0001291619846597314
toy4,neural_output_average,batched,batched,cpu,1024,5,1,0,0,2,toy4_gpu_core_neural_output_average_batched_1024_cpu_repeat00,2,neural_policy,output_average,build_observations,0.014417315949685872
toy4,neural_output_average,batched,batched,cpu,1024,5,1,0,0,2,toy4_gpu_core_neural_output_average_batched_1024_cpu_repeat00,2,neural_policy,output_average,policy_readout,0.0053475190652534366
toy4,neural_output_average,batched,batched,cpu,1024,5,1,0,0,2,toy4_gpu_core_neural_output_average_batched_1024_cpu_repeat00,2,neural_policy,output_average,decision_selection,0.007863131002523005
toy4,neural_output_average,batched,batched,cpu,1024,5,1,0,0,2,toy4_gpu_core_neural_output_average_batched_1024_cpu_repeat00,2,neural_policy,output_average,local_trainable_parameters,0.0020023739198222756
toy4,neural_output_average,batched,batched,cpu,1024,5,1,0,0,2,toy4_gpu_core_neural_output_average_batched_1024_cpu_repeat00,2,neural_policy,output_average,local_loss_forward,0.004403562983497977
toy4,neural_output_average,batched,batched,cpu,1024,5,1,0,0,2,toy4_gpu_core_neural_output_average_batched_1024_cpu_repeat00,2,neural_policy,output_average,local_autograd_grad,0.0041438579792156816
toy4,neural_output_average,batched,batched,cpu,1024,5,1,0,0,2,toy4_gpu_core_neural_output_average_batched_1024_cpu_repeat00,2,neural_policy,output_average,local_adam_update,0.07627863204106688
toy4,neural_output_average,batched,batched,cpu,1024,5,1,0,0,2,toy4_gpu_core_neural_output_average_batched_1024_cpu_repeat00,2,neural_policy,output_average,local_optimizer_update,0.08332914300262928
toy4,neural_output_average,batched,batched,cpu,1024,5,1,0,0,2,toy4_gpu_core_neural_output_average_batched_1024_cpu_repeat00,2,neural_policy,output_average,local_loss_update,0.0892573919845745
toy4,neural_output_average,batched,batched,cpu,1024,5,1,0,0,2,toy4_gpu_core_neural_output_average_batched_1024_cpu_repeat00,2,neural_policy,output_average,local_training,0.0915089100599289
toy4,neural_output_average,batched,batched,cpu,1024,5,1,0,0,2,toy4_gpu_core_neural_output_average_batched_1024_cpu_repeat00,2,neural_policy,output_average,cache_refresh,4.8554036766290665e-05
toy4,neural_output_average,batched,batched,cpu,1024,5,1,0,0,2,toy4_gpu_core_neural_output_average_batched_1024_cpu_repeat00,2,neural_policy,output_average,post_local_readout,0.0029067019931972027
toy4,neural_output_average,batched,batched,cpu,1024,5,1,0,0,2,toy4_gpu_core_neural_output_average_batched_1024_cpu_repeat00,2,neural_policy,output_average,local_step,0.1266675490187481
toy4,neural_output_average,batched,batched,cpu,1024,5,1,0,0,2,toy4_gpu_core_neural_output_average_batched_1024_cpu_repeat00,2,neural_policy,output_average,select_peers,0.00012693693861365318
toy4,neural_output_average,batched,batched,cpu,1024,5,1,0,0,2,toy4_gpu_core_neural_output_average_batched_1024_cpu_repeat00,2,neural_policy,output_average,social_trainable_parameters,0.0002767379628494382
toy4,neural_output_average,batched,batched,cpu,1024,5,1,0,0,2,toy4_gpu_core_neural_output_average_batched_1024_cpu_repeat00,2,neural_policy,output_average,social_mix,0.0009744750568643212
toy4,neural_output_average,batched,batched,cpu,1024,5,1,0,0,2,toy4_gpu_core_neural_output_average_batched_1024_cpu_repeat00,2,neural_policy,output_average,social_loss_forward,0.0008627671049907804
toy4,neural_output_average,batched,batched,cpu,1024,5,1,0,0,2,toy4_gpu_core_neural_output_average_batched_1024_cpu_repeat00,2,neural_policy,output_average,social_autograd_grad,0.0018486250191926956
toy4,neural_output_average,batched,batched,cpu,1024,5,1,0,0,2,toy4_gpu_core_neural_output_average_batched_1024_cpu_repeat00,2,neural_policy,output_average,social_adam_update,0.17037835996598005
toy4,neural_output_average,batched,batched,cpu,1024,5,1,0,0,2,toy4_gpu_core_neural_output_average_batched_1024_cpu_repeat00,2,neural_policy,output_average,social_optimizer_update,0.1748352269642055
toy4,neural_output_average,batched,batched,cpu,1024,5,1,0,0,2,toy4_gpu_core_neural_output_average_batched_1024_cpu_repeat00,2,neural_policy,output_average,social_loss_update,0.17742748802993447
toy4,neural_output_average,batched,batched,cpu,1024,5,1,0,0,2,toy4_gpu_core_neural_output_average_batched_1024_cpu_repeat00,2,neural_policy,output_average,social_distillation,0.1853825970320031
toy4,neural_output_average,batched,batched,cpu,1024,5,1,0,0,2,toy4_gpu_core_neural_output_average_batched_1024_cpu_repeat00,2,neural_policy,output_average,social_step,0.1854260420659557
toy4,neural_output_average,batched,batched,cpu,1024,5,1,0,0,2,toy4_gpu_core_neural_output_average_batched_1024_cpu_repeat00,2,neural_policy,output_average,sample_actions,1.1602998711168766e-05
toy4,neural_output_average,batched,batched,cpu,1024,5,1,0,0,2,toy4_gpu_core_neural_output_average_batched_1024_cpu_repeat00,2,neural_policy,output_average,commit_actions,5.255197174847126e-05
toy4,neural_output_average,batched,batched,cpu,1024,5,1,0,0,2,toy4_gpu_core_neural_output_average_batched_1024_cpu_repeat00,2,neural_policy,output_average,post_step_state_policy,0.00019119109492748976
toy4,neural_output_average,batched,batched,cpu,1024,5,1,0,0,2,toy4_gpu_core_neural_output_average_batched_1024_cpu_repeat00,2,neural_policy,output_average,update_payoff_ema,0.00027642701752483845
toy4,neural_output_average,batched,batched,cpu,1024,5,1,0,0,2,toy4_gpu_core_neural_output_average_batched_1024_cpu_repeat00,2,neural_policy,output_average,update_reputation_ema,0.00014324893709272146
toy4,neural_output_average,batched,batched,cpu,1024,5,1,0,0,2,toy4_gpu_core_neural_output_average_batched_1024_cpu_repeat00,2,neural_policy,output_average,mobility_swaps,0.0002477919915691018
toy4,neural_output_average,batched,batched,cpu,1024,5,1,0,0,2,toy4_gpu_core_neural_output_average_batched_1024_cpu_repeat00,2,neural_policy,output_average,finalize_hook_step,3.0428986065089703e-05
toy4,neural_output_average,batched,batched,cpu,1024,5,1,0,0,2,toy4_gpu_core_neural_output_average_batched_1024_cpu_repeat00,2,neural_policy,output_average,hooked_step_total,0.31872271094471216
toy4,neural_output_average,batched,batched,cpu,1024,5,1,0,0,2,toy4_gpu_core_neural_output_average_batched_1024_cpu_repeat00,2,neural_policy,output_average,aggregate_row,0.1447395799914375
toy4,neural_output_average,batched,batched,cpu,1024,5,1,0,0,2,toy4_gpu_core_neural_output_average_batched_1024_cpu_repeat00,2,neural_policy,output_average,write_aggregate,0.000424135010689497
toy4,neural_output_average,batched,batched,cpu,1024,5,1,0,0,2,toy4_gpu_core_neural_output_average_batched_1024_cpu_repeat00,3,neural_policy,output_average,sample_revision_mask,0.00018724403344094753
toy4,neural_output_average,batched,batched,cpu,1024,5,1,0,0,2,toy4_gpu_core_neural_output_average_batched_1024_cpu_repeat00,3,neural_policy,output_average,build_step_context,4.974706098437309e-05
toy4,neural_output_average,batched,batched,cpu,1024,5,1,0,0,2,toy4_gpu_core_neural_output_average_batched_1024_cpu_repeat00,3,neural_policy,output_average,build_observations,0.013713616062887013
toy4,neural_output_average,batched,batched,cpu,1024,5,1,0,0,2,toy4_gpu_core_neural_output_average_batched_1024_cpu_repeat00,3,neural_policy,output_average,policy_readout,0.005959798931144178
toy4,neural_output_average,batched,batched,cpu,1024,5,1,0,0,2,toy4_gpu_core_neural_output_average_batched_1024_cpu_repeat00,3,neural_policy,output_average,decision_selection,0.007761030923575163
toy4,neural_output_average,batched,batched,cpu,1024,5,1,0,0,2,toy4_gpu_core_neural_output_average_batched_1024_cpu_repeat00,3,neural_policy,output_average,local_trainable_parameters,0.0028939280891790986
toy4,neural_output_average,batched,batched,cpu,1024,5,1,0,0,2,toy4_gpu_core_neural_output_average_batched_1024_cpu_repeat00,3,neural_policy,output_average,local_loss_forward,0.004753633053041995
toy4,neural_output_average,batched,batched,cpu,1024,5,1,0,0,2,toy4_gpu_core_neural_output_average_batched_1024_cpu_repeat00,3,neural_policy,output_average,local_autograd_grad,0.003838764037936926
toy4,neural_output_average,batched,batched,cpu,1024,5,1,0,0,2,toy4_gpu_core_neural_output_average_batched_1024_cpu_repeat00,3,neural_policy,output_average,local_adam_update,0.0655206359224394
toy4,neural_output_average,batched,batched,cpu,1024,5,1,0,0,2,toy4_gpu_core_neural_output_average_batched_1024_cpu_repeat00,3,neural_policy,output_average,local_optimizer_update,0.07142035895958543
toy4,neural_output_average,batched,batched,cpu,1024,5,1,0,0,2,toy4_gpu_core_neural_output_average_batched_1024_cpu_repeat00,3,neural_policy,output_average,local_loss_update,0.07725373189896345
toy4,neural_output_average,batched,batched,cpu,1024,5,1,0,0,2,toy4_gpu_core_neural_output_average_batched_1024_cpu_repeat00,3,neural_policy,output_average,local_training,0.08035039296373725
toy4,neural_output_average,batched,batched,cpu,1024,5,1,0,0,2,toy4_gpu_core_neural_output_average_batched_1024_cpu_repeat00,3,neural_policy,output_average,cache_refresh,5.0517963245511055e-05
toy4,neural_output_average,batched,batched,cpu,1024,5,1,0,0,2,toy4_gpu_core_neural_output_average_batched_1024_cpu_repeat00,3,neural_policy,output_average,post_local_readout,0.004184586927294731
toy4,neural_output_average,batched,batched,cpu,1024,5,1,0,0,2,toy4_gpu_core_neural_output_average_batched_1024_cpu_repeat00,3,neural_policy,output_average,local_step,0.11527712899260223
toy4,neural_output_average,batched,batched,cpu,1024,5,1,0,0,2,toy4_gpu_core_neural_output_average_batched_1024_cpu_repeat00,3,neural_policy,output_average,select_peers,0.0003639879869297147
toy4,neural_output_average,batched,batched,cpu,1024,5,1,0,0,2,toy4_gpu_core_neural_output_average_batched_1024_cpu_repeat00,3,neural_policy,output_average,social_trainable_parameters,0.0022187349386513233
toy4,neural_output_average,batched,batched,cpu,1024,5,1,0,0,2,toy4_gpu_core_neural_output_average_batched_1024_cpu_repeat00,3,neural_policy,output_average,social_mix,0.0022169110598042607
toy4,neural_output_average,batched,batched,cpu,1024,5,1,0,0,2,toy4_gpu_core_neural_output_average_batched_1024_cpu_repeat00,3,neural_policy,output_average,social_loss_forward,0.0017849910072982311
toy4,neural_output_average,batched,batched,cpu,1024,5,1,0,0,2,toy4_gpu_core_neural_output_average_batched_1024_cpu_repeat00,3,neural_policy,output_average,social_autograd_grad,0.0031317189568653703
toy4,neural_output_average,batched,batched,cpu,1024,5,1,0,0,2,toy4_gpu_core_neural_output_average_batched_1024_cpu_repeat00,3,neural_policy,output_average,social_adam_update,0.12412976298946887
toy4,neural_output_average,batched,batched,cpu,1024,5,1,0,0,2,toy4_gpu_core_neural_output_average_batched_1024_cpu_repeat00,3,neural_policy,output_average,social_optimizer_update,0.12855897704139352
toy4,neural_output_average,batched,batched,cpu,1024,5,1,0,0,2,toy4_gpu_core_neural_output_average_batched_1024_cpu_repeat00,3,neural_policy,output_average,social_loss_update,0.13280820904765278
toy4,neural_output_average,batched,batched,cpu,1024,5,1,0,0,2,toy4_gpu_core_neural_output_average_batched_1024_cpu_repeat00,3,neural_policy,output_average,social_distillation,0.13853180909063667
toy4,neural_output_average,batched,batched,cpu,1024,5,1,0,0,2,toy4_gpu_core_neural_output_average_batched_1024_cpu_repeat00,3,neural_policy,output_average,social_step,0.1386000020429492
toy4,neural_output_average,batched,batched,cpu,1024,5,1,0,0,2,toy4_gpu_core_neural_output_average_batched_1024_cpu_repeat00,3,neural_policy,output_average,sample_actions,1.4529796317219734e-06
toy4,neural_output_average,batched,batched,cpu,1024,5,1,0,0,2,toy4_gpu_core_neural_output_average_batched_1024_cpu_repeat00,3,neural_policy,output_average,commit_actions,1.086108386516571e-05
toy4,neural_output_average,batched,batched,cpu,1024,5,1,0,0,2,toy4_gpu_core_neural_output_average_batched_1024_cpu_repeat00,3,neural_policy,output_average,post_step_state_policy,6.79120421409607e-05
toy4,neural_output_average,batched,batched,cpu,1024,5,1,0,0,2,toy4_gpu_core_neural_output_average_batched_1024_cpu_repeat00,3,neural_policy,output_average,update_payoff_ema,5.823303945362568e-05
toy4,neural_output_average,batched,batched,cpu,1024,5,1,0,0,2,toy4_gpu_core_neural_output_average_batched_1024_cpu_repeat00,3,neural_policy,output_average,update_reputation_ema,2.3706001229584217e-05
toy4,neural_output_average,batched,batched,cpu,1024,5,1,0,0,2,toy4_gpu_core_neural_output_average_batched_1024_cpu_repeat00,3,neural_policy,output_average,mobility_swaps,5.1149982027709484e-05
toy4,neural_output_average,batched,batched,cpu,1024,5,1,0,0,2,toy4_gpu_core_neural_output_average_batched_1024_cpu_repeat00,3,neural_policy,output_average,finalize_hook_step,1.6381964087486267e-05
toy4,neural_output_average,batched,batched,cpu,1024,5,1,0,0,2,toy4_gpu_core_neural_output_average_batched_1024_cpu_repeat00,3,neural_policy,output_average,hooked_step_total,0.25888384599238634
toy4,neural_output_average,batched,batched,cpu,1024,5,1,0,0,2,toy4_gpu_core_neural_output_average_batched_1024_cpu_repeat00,3,neural_policy,output_average,aggregate_row,0.15681217494420707
toy4,neural_output_average,batched,batched,cpu,1024,5,1,0,0,2,toy4_gpu_core_neural_output_average_batched_1024_cpu_repeat00,3,neural_policy,output_average,write_aggregate,0.00047887093387544155
toy4,neural_output_average,batched,batched,cpu,1024,5,1,0,0,2,toy4_gpu_core_neural_output_average_batched_1024_cpu_repeat00,4,neural_policy,output_average,sample_revision_mask,0.0001969530712813139
toy4,neural_output_average,batched,batched,cpu,1024,5,1,0,0,2,toy4_gpu_core_neural_output_average_batched_1024_cpu_repeat00,4,neural_policy,output_average,build_step_context,5.5728014558553696e-05
toy4,neural_output_average,batched,batched,cpu,1024,5,1,0,0,2,toy4_gpu_core_neural_output_average_batched_1024_cpu_repeat00,4,neural_policy,output_average,build_observations,0.011010470101609826
toy4,neural_output_average,batched,batched,cpu,1024,5,1,0,0,2,toy4_gpu_core_neural_output_average_batched_1024_cpu_repeat00,4,neural_policy,output_average,policy_readout,0.005051011918112636
toy4,neural_output_average,batched,batched,cpu,1024,5,1,0,0,2,toy4_gpu_core_neural_output_average_batched_1024_cpu_repeat00,4,neural_policy,output_average,decision_selection,0.005927516962401569
toy4,neural_output_average,batched,batched,cpu,1024,5,1,0,0,2,toy4_gpu_core_neural_output_average_batched_1024_cpu_repeat00,4,neural_policy,output_average,local_trainable_parameters,0.00361644197255373
toy4,neural_output_average,batched,batched,cpu,1024,5,1,0,0,2,toy4_gpu_core_neural_output_average_batched_1024_cpu_repeat00,4,neural_policy,output_average,local_loss_forward,0.001918590976856649
toy4,neural_output_average,batched,batched,cpu,1024,5,1,0,0,2,toy4_gpu_core_neural_output_average_batched_1024_cpu_repeat00,4,neural_policy,output_average,local_autograd_grad,0.002793662017211318
toy4,neural_output_average,batched,batched,cpu,1024,5,1,0,0,2,toy4_gpu_core_neural_output_average_batched_1024_cpu_repeat00,4,neural_policy,output_average,local_adam_update,0.05444664298556745
toy4,neural_output_average,batched,batched,cpu,1024,5,1,0,0,2,toy4_gpu_core_neural_output_average_batched_1024_cpu_repeat00,4,neural_policy,output_average,local_optimizer_update,0.05834765802137554
toy4,neural_output_average,batched,batched,cpu,1024,5,1,0,0,2,toy4_gpu_core_neural_output_average_batched_1024_cpu_repeat00,4,neural_policy,output_average,local_loss_update,0.06075482000596821
toy4,neural_output_average,batched,batched,cpu,1024,5,1,0,0,2,toy4_gpu_core_neural_output_average_batched_1024_cpu_repeat00,4,neural_policy,output_average,local_training,0.06446171796415001
toy4,neural_output_average,batched,batched,cpu,1024,5,1,0,0,2,toy4_gpu_core_neural_output_average_batched_1024_cpu_repeat00,4,neural_policy,output_average,cache_refresh,2.7043046429753304e-05
toy4,neural_output_average,batched,batched,cpu,1024,5,1,0,0,2,toy4_gpu_core_neural_output_average_batched_1024_cpu_repeat00,4,neural_policy,output_average,post_local_readout,0.0034646770218387246
toy4,neural_output_average,batched,batched,cpu,1024,5,1,0,0,2,toy4_gpu_core_neural_output_average_batched_1024_cpu_repeat00,4,neural_policy,output_average,local_step,0.0920303959865123
toy4,neural_output_average,batched,batched,cpu,1024,5,1,0,0,2,toy4_gpu_core_neural_output_average_batched_1024_cpu_repeat00,4,neural_policy,output_average,select_peers,0.00022236199583858252
toy4,neural_output_average,batched,batched,cpu,1024,5,1,0,0,2,toy4_gpu_core_neural_output_average_batched_1024_cpu_repeat00,4,neural_policy,output_average,social_trainable_parameters,0.0012198520125821233
toy4,neural_output_average,batched,batched,cpu,1024,5,1,0,0,2,toy4_gpu_core_neural_output_average_batched_1024_cpu_repeat00,4,neural_policy,output_average,social_mix,0.001581745920702815
toy4,neural_output_average,batched,batched,cpu,1024,5,1,0,0,2,toy4_gpu_core_neural_output_average_batched_1024_cpu_repeat00,4,neural_policy,output_average,social_loss_forward,0.0012680260697379708
toy4,neural_output_average,batched,batched,cpu,1024,5,1,0,0,2,toy4_gpu_core_neural_output_average_batched_1024_cpu_repeat00,4,neural_policy,output_average,social_autograd_grad,0.0030053429072722793
toy4,neural_output_average,batched,batched,cpu,1024,5,1,0,0,2,toy4_gpu_core_neural_output_average_batched_1024_cpu_repeat00,4,neural_policy,output_average,social_adam_update,0.14710851688869298
toy4,neural_output_average,batched,batched,cpu,1024,5,1,0,0,2,toy4_gpu_core_neural_output_average_batched_1024_cpu_repeat00,4,neural_policy,output_average,social_optimizer_update,0.1513118000002578
toy4,neural_output_average,batched,batched,cpu,1024,5,1,0,0,2,toy4_gpu_core_neural_output_average_batched_1024_cpu_repeat00,4,neural_policy,output_average,social_loss_update,0.15455011697486043
toy4,neural_output_average,batched,batched,cpu,1024,5,1,0,0,2,toy4_gpu_core_neural_output_average_batched_1024_cpu_repeat00,4,neural_policy,output_average,social_distillation,0.1615872810361907
toy4,neural_output_average,batched,batched,cpu,1024,5,1,0,0,2,toy4_gpu_core_neural_output_average_batched_1024_cpu_repeat00,4,neural_policy,output_average,social_step,0.16164943191688508
toy4,neural_output_average,batched,batched,cpu,1024,5,1,0,0,2,toy4_gpu_core_neural_output_average_batched_1024_cpu_repeat00,4,neural_policy,output_average,sample_actions,5.560927093029022e-06
toy4,neural_output_average,batched,batched,cpu,1024,5,1,0,0,2,toy4_gpu_core_neural_output_average_batched_1024_cpu_repeat00,4,neural_policy,output_average,commit_actions,1.7644953913986683e-05
toy4,neural_output_average,batched,batched,cpu,1024,5,1,0,0,2,toy4_gpu_core_neural_output_average_batched_1024_cpu_repeat00,4,neural_policy,output_average,post_step_state_policy,9.010499343276024e-05
toy4,neural_output_average,batched,batched,cpu,1024,5,1,0,0,2,toy4_gpu_core_neural_output_average_batched_1024_cpu_repeat00,4,neural_policy,output_average,update_payoff_ema,9.602599311619997e-05
toy4,neural_output_average,batched,batched,cpu,1024,5,1,0,0,2,toy4_gpu_core_neural_output_average_batched_1024_cpu_repeat00,4,neural_policy,output_average,update_reputation_ema,4.415609873831272e-05
toy4,neural_output_average,batched,batched,cpu,1024,5,1,0,0,2,toy4_gpu_core_neural_output_average_batched_1024_cpu_repeat00,4,neural_policy,output_average,mobility_swaps,6.0237012803554535e-05
toy4,neural_output_average,batched,batched,cpu,1024,5,1,0,0,2,toy4_gpu_core_neural_output_average_batched_1024_cpu_repeat00,4,neural_policy,output_average,finalize_hook_step,1.5570083633065224e-05
toy4,neural_output_average,batched,batched,cpu,1024,5,1,0,0,2,toy4_gpu_core_neural_output_average_batched_1024_cpu_repeat00,4,neural_policy,output_average,hooked_step_total,0.25865290802903473
toy4,neural_output_average,batched,batched,cpu,1024,5,1,0,0,2,toy4_gpu_core_neural_output_average_batched_1024_cpu_repeat00,4,neural_policy,output_average,aggregate_row,0.15944353200029582
toy4,neural_output_average,batched,batched,cpu,1024,5,1,0,0,2,toy4_gpu_core_neural_output_average_batched_1024_cpu_repeat00,4,neural_policy,output_average,write_aggregate,0.0005230370443314314
toy4,neural_output_average,batched,batched,cpu,1024,5,1,0,0,2,toy4_gpu_core_neural_output_average_batched_1024_cpu_repeat00,5,neural_policy,output_average,sample_revision_mask,0.0002738820621743798
toy4,neural_output_average,batched,batched,cpu,1024,5,1,0,0,2,toy4_gpu_core_neural_output_average_batched_1024_cpu_repeat00,5,neural_policy,output_average,build_step_context,5.129002965986729e-05
toy4,neural_output_average,batched,batched,cpu,1024,5,1,0,0,2,toy4_gpu_core_neural_output_average_batched_1024_cpu_repeat00,5,neural_policy,output_average,build_observations,0.013356831041164696
toy4,neural_output_average,batched,batched,cpu,1024,5,1,0,0,2,toy4_gpu_core_neural_output_average_batched_1024_cpu_repeat00,5,neural_policy,output_average,policy_readout,0.0059221850242465734
toy4,neural_output_average,batched,batched,cpu,1024,5,1,0,0,2,toy4_gpu_core_neural_output_average_batched_1024_cpu_repeat00,5,neural_policy,output_average,decision_selection,0.008882352034561336
toy4,neural_output_average,batched,batched,cpu,1024,5,1,0,0,2,toy4_gpu_core_neural_output_average_batched_1024_cpu_repeat00,5,neural_policy,output_average,local_trainable_parameters,0.0014273860724642873
toy4,neural_output_average,batched,batched,cpu,1024,5,1,0,0,2,toy4_gpu_core_neural_output_average_batched_1024_cpu_repeat00,5,neural_policy,output_average,local_loss_forward,0.0016470019472762942
toy4,neural_output_average,batched,batched,cpu,1024,5,1,0,0,2,toy4_gpu_core_neural_output_average_batched_1024_cpu_repeat00,5,neural_policy,output_average,local_autograd_grad,0.002605726942420006
toy4,neural_output_average,batched,batched,cpu,1024,5,1,0,0,2,toy4_gpu_core_neural_output_average_batched_1024_cpu_repeat00,5,neural_policy,output_average,local_adam_update,0.057912306976504624
toy4,neural_output_average,batched,batched,cpu,1024,5,1,0,0,2,toy4_gpu_core_neural_output_average_batched_1024_cpu_repeat00,5,neural_policy,output_average,local_optimizer_update,0.061788282939232886
toy4,neural_output_average,batched,batched,cpu,1024,5,1,0,0,2,toy4_gpu_core_neural_output_average_batched_1024_cpu_repeat00,5,neural_policy,output_average,local_loss_update,0.06402686599176377
toy4,neural_output_average,batched,batched,cpu,1024,5,1,0,0,2,toy4_gpu_core_neural_output_average_batched_1024_cpu_repeat00,5,neural_policy,output_average,local_training,0.06556099909357727
toy4,neural_output_average,batched,batched,cpu,1024,5,1,0,0,2,toy4_gpu_core_neural_output_average_batched_1024_cpu_repeat00,5,neural_policy,output_average,cache_refresh,2.226303331553936e-05
toy4,neural_output_average,batched,batched,cpu,1024,5,1,0,0,2,toy4_gpu_core_neural_output_average_batched_1024_cpu_repeat00,5,neural_policy,output_average,post_local_readout,0.002856915001757443
toy4,neural_output_average,batched,batched,cpu,1024,5,1,0,0,2,toy4_gpu_core_neural_output_average_batched_1024_cpu_repeat00,5,neural_policy,output_average,local_step,0.09927605604752898
toy4,neural_output_average,batched,batched,cpu,1024,5,1,0,0,2,toy4_gpu_core_neural_output_average_batched_1024_cpu_repeat00,5,neural_policy,output_average,select_peers,0.00036921806167811155
toy4,neural_output_average,batched,batched,cpu,1024,5,1,0,0,2,toy4_gpu_core_neural_output_average_batched_1024_cpu_repeat00,5,neural_policy,output_average,social_trainable_parameters,0.0010065470123663545
toy4,neural_output_average,batched,batched,cpu,1024,5,1,0,0,2,toy4_gpu_core_neural_output_average_batched_1024_cpu_repeat00,5,neural_policy,output_average,social_mix,0.0019003149354830384
toy4,neural_output_average,batched,batched,cpu,1024,5,1,0,0,2,toy4_gpu_core_neural_output_average_batched_1024_cpu_repeat00,5,neural_policy,output_average,social_loss_forward,0.001289858017116785
toy4,neural_output_average,batched,batched,cpu,1024,5,1,0,0,2,toy4_gpu_core_neural_output_average_batched_1024_cpu_repeat00,5,neural_policy,output_average,social_autograd_grad,0.0018135859863832593
toy4,neural_output_average,batched,batched,cpu,1024,5,1,0,0,2,toy4_gpu_core_neural_output_average_batched_1024_cpu_repeat00,5,neural_policy,output_average,social_adam_update,0.13780187699012458
toy4,neural_output_average,batched,batched,cpu,1024,5,1,0,0,2,toy4_gpu_core_neural_output_average_batched_1024_cpu_repeat00,5,neural_policy,output_average,social_optimizer_update,0.1414262040052563
toy4,neural_output_average,batched,batched,cpu,1024,5,1,0,0,2,toy4_gpu_core_neural_output_average_batched_1024_cpu_repeat00,5,neural_policy,output_average,social_loss_update,0.14504514099098742
toy4,neural_output_average,batched,batched,cpu,1024,5,1,0,0,2,toy4_gpu_core_neural_output_average_batched_1024_cpu_repeat00,5,neural_policy,output_average,social_distillation,0.15187134488951415
toy4,neural_output_average,batched,batched,cpu,1024,5,1,0,0,2,toy4_gpu_core_neural_output_average_batched_1024_cpu_repeat00,5,neural_policy,output_average,social_step,0.15192652109544724
toy4,neural_output_average,batched,batched,cpu,1024,5,1,0,0,2,toy4_gpu_core_neural_output_average_batched_1024_cpu_repeat00,5,neural_policy,output_average,sample_actions,3.0960654839873314e-06
toy4,neural_output_average,batched,batched,cpu,1024,5,1,0,0,2,toy4_gpu_core_neural_output_average_batched_1024_cpu_repeat00,5,neural_policy,output_average,commit_actions,2.539902925491333e-05
toy4,neural_output_average,batched,batched,cpu,1024,5,1,0,0,2,toy4_gpu_core_neural_output_average_batched_1024_cpu_repeat00,5,neural_policy,output_average,post_step_state_policy,0.00010594609193503857
toy4,neural_output_average,batched,batched,cpu,1024,5,1,0,0,2,toy4_gpu_core_neural_output_average_batched_1024_cpu_repeat00,5,neural_policy,output_average,update_payoff_ema,0.00014778703916817904
toy4,neural_output_average,batched,batched,cpu,1024,5,1,0,0,2,toy4_gpu_core_neural_output_average_batched_1024_cpu_repeat00,5,neural_policy,output_average,update_reputation_ema,3.375508822500706e-05
toy4,neural_output_average,batched,batched,cpu,1024,5,1,0,0,2,toy4_gpu_core_neural_output_average_batched_1024_cpu_repeat00,5,neural_policy,output_average,mobility_swaps,7.757998537272215e-05
toy4,neural_output_average,batched,batched,cpu,1024,5,1,0,0,2,toy4_gpu_core_neural_output_average_batched_1024_cpu_repeat00,5,neural_policy,output_average,finalize_hook_step,1.5189987607300282e-05
toy4,neural_output_average,batched,batched,cpu,1024,5,1,0,0,2,toy4_gpu_core_neural_output_average_batched_1024_cpu_repeat00,5,neural_policy,output_average,hooked_step_total,0.25671875302214175
toy4,neural_output_average,batched,batched,cpu,1024,5,1,0,0,2,toy4_gpu_core_neural_output_average_batched_1024_cpu_repeat00,5,neural_policy,output_average,aggregate_row,0.13243290805257857
toy4,neural_output_average,batched,batched,cpu,1024,5,1,0,0,2,toy4_gpu_core_neural_output_average_batched_1024_cpu_repeat00,5,neural_policy,output_average,write_aggregate,0.00022842397447675467
toy4,neural_output_average,batched,batched,cpu,1024,5,1,1,0,2,toy4_gpu_core_neural_output_average_batched_1024_cpu_repeat01,0,neural_policy,output_average,make_run_dir,0.0009330739267170429
toy4,neural_output_average,batched,batched,cpu,1024,5,1,1,0,2,toy4_gpu_core_neural_output_average_batched_1024_cpu_repeat01,0,neural_policy,output_average,write_metadata,0.0036118439165875316
toy4,neural_output_average,batched,batched,cpu,1024,5,1,1,0,2,toy4_gpu_core_neural_output_average_batched_1024_cpu_repeat01,0,neural_policy,output_average,initial_state,0.566585524007678
toy4,neural_output_average,batched,batched,cpu,1024,5,1,1,0,2,toy4_gpu_core_neural_output_average_batched_1024_cpu_repeat01,0,neural_policy,output_average,writer_setup,0.0022670580074191093
toy4,neural_output_average,batched,batched,cpu,1024,5,1,1,0,2,toy4_gpu_core_neural_output_average_batched_1024_cpu_repeat01,0,neural_policy,output_average,initial_step_result,0.015189304016530514
toy4,neural_output_average,batched,batched,cpu,1024,5,1,1,0,2,toy4_gpu_core_neural_output_average_batched_1024_cpu_repeat01,0,neural_policy,output_average,initial_aggregate_row,0.0767091999296099
toy4,neural_output_average,batched,batched,cpu,1024,5,1,1,0,2,toy4_gpu_core_neural_output_average_batched_1024_cpu_repeat01,0,neural_policy,output_average,write_initial_aggregate,0.00021580897737294436
toy4,neural_output_average,batched,batched,cpu,1024,5,1,1,0,2,toy4_gpu_core_neural_output_average_batched_1024_cpu_repeat01,1,neural_policy,output_average,sample_revision_mask,9.231001604348421e-05
toy4,neural_output_average,batched,batched,cpu,1024,5,1,1,0,2,toy4_gpu_core_neural_output_average_batched_1024_cpu_repeat01,1,neural_policy,output_average,build_step_context,2.4768058210611343e-05
toy4,neural_output_average,batched,batched,cpu,1024,5,1,1,0,2,toy4_gpu_core_neural_output_average_batched_1024_cpu_repeat01,1,neural_policy,output_average,build_observations,0.010438877041451633
toy4,neural_output_average,batched,batched,cpu,1024,5,1,1,0,2,toy4_gpu_core_neural_output_average_batched_1024_cpu_repeat01,1,neural_policy,output_average,policy_readout,0.004607048002071679
toy4,neural_output_average,batched,batched,cpu,1024,5,1,1,0,2,toy4_gpu_core_neural_output_average_batched_1024_cpu_repeat01,1,neural_policy,output_average,decision_selection,0.006245955009944737
toy4,neural_output_average,batched,batched,cpu,1024,5,1,1,0,2,toy4_gpu_core_neural_output_average_batched_1024_cpu_repeat01,1,neural_policy,output_average,local_trainable_parameters,0.0010910909622907639
toy4,neural_output_average,batched,batched,cpu,1024,5,1,1,0,2,toy4_gpu_core_neural_output_average_batched_1024_cpu_repeat01,1,neural_policy,output_average,local_loss_forward,0.004123867955058813
toy4,neural_output_average,batched,batched,cpu,1024,5,1,1,0,2,toy4_gpu_core_neural_output_average_batched_1024_cpu_repeat01,1,neural_policy,output_average,local_autograd_grad,0.00205869204364717
toy4,neural_output_average,batched,batched,cpu,1024,5,1,1,0,2,toy4_gpu_core_neural_output_average_batched_1024_cpu_repeat01,1,neural_policy,output_average,local_adam_update,0.032863097032532096
toy4,neural_output_average,batched,batched,cpu,1024,5,1,1,0,2,toy4_gpu_core_neural_output_average_batched_1024_cpu_repeat01,1,neural_policy,output_average,local_optimizer_update,0.035874151973985136
toy4,neural_output_average,batched,batched,cpu,1024,5,1,1,0,2,toy4_gpu_core_neural_output_average_batched_1024_cpu_repeat01,1,neural_policy,output_average,local_loss_update,0.1578684620326385
toy4,neural_output_average,batched,batched,cpu,1024,5,1,1,0,2,toy4_gpu_core_neural_output_average_batched_1024_cpu_repeat01,1,neural_policy,output_average,local_training,0.15903136203996837
toy4,neural_output_average,batched,batched,cpu,1024,5,1,1,0,2,toy4_gpu_core_neural_output_average_batched_1024_cpu_repeat01,1,neural_policy,output_average,cache_refresh,2.3685977794229984e-05
toy4,neural_output_average,batched,batched,cpu,1024,5,1,1,0,2,toy4_gpu_core_neural_output_average_batched_1024_cpu_repeat01,1,neural_policy,output_average,post_local_readout,0.0019589680014178157
toy4,neural_output_average,batched,batched,cpu,1024,5,1,1,0,2,toy4_gpu_core_neural_output_average_batched_1024_cpu_repeat01,1,neural_policy,output_average,local_step,0.1838291169842705
toy4,neural_output_average,batched,batched,cpu,1024,5,1,1,0,2,toy4_gpu_core_neural_output_average_batched_1024_cpu_repeat01,1,neural_policy,output_average,select_peers,0.00017778598703444004
toy4,neural_output_average,batched,batched,cpu,1024,5,1,1,0,2,toy4_gpu_core_neural_output_average_batched_1024_cpu_repeat01,1,neural_policy,output_average,social_trainable_parameters,0.000791780068539083
toy4,neural_output_average,batched,batched,cpu,1024,5,1,1,0,2,toy4_gpu_core_neural_output_average_batched_1024_cpu_repeat01,1,neural_policy,output_average,social_mix,0.001072905957698822
toy4,neural_output_average,batched,batched,cpu,1024,5,1,1,0,2,toy4_gpu_core_neural_output_average_batched_1024_cpu_repeat01,1,neural_policy,output_average,social_loss_forward,0.0013257579412311316
toy4,neural_output_average,batched,batched,cpu,1024,5,1,1,0,2,toy4_gpu_core_neural_output_average_batched_1024_cpu_repeat01,1,neural_policy,output_average,social_autograd_grad,0.0016506690299138427
toy4,neural_output_average,batched,batched,cpu,1024,5,1,1,0,2,toy4_gpu_core_neural_output_average_batched_1024_cpu_repeat01,1,neural_policy,output_average,social_adam_update,0.08925106504466385
toy4,neural_output_average,batched,batched,cpu,1024,5,1,1,0,2,toy4_gpu_core_neural_output_average_batched_1024_cpu_repeat01,1,neural_policy,output_average,social_optimizer_update,0.09194761794060469
toy4,neural_output_average,batched,batched,cpu,1024,5,1,1,0,2,toy4_gpu_core_neural_output_average_batched_1024_cpu_repeat01,1,neural_policy,output_average,social_loss_update,0.09456999693065882
toy4,neural_output_average,batched,batched,cpu,1024,5,1,1,0,2,toy4_gpu_core_neural_output_average_batched_1024_cpu_repeat01,1,neural_policy,output_average,social_distillation,0.09864260500762612
toy4,neural_output_average,batched,batched,cpu,1024,5,1,1,0,2,toy4_gpu_core_neural_output_average_batched_1024_cpu_repeat01,1,neural_policy,output_average,social_step,0.09868511802051216
toy4,neural_output_average,batched,batched,cpu,1024,5,1,1,0,2,toy4_gpu_core_neural_output_average_batched_1024_cpu_repeat01,1,neural_policy,output_average,sample_actions,3.838096745312214e-06
toy4,neural_output_average,batched,batched,cpu,1024,5,1,1,0,2,toy4_gpu_core_neural_output_average_batched_1024_cpu_repeat01,1,neural_policy,output_average,commit_actions,1.5590107068419456e-05
toy4,neural_output_average,batched,batched,cpu,1024,5,1,1,0,2,toy4_gpu_core_neural_output_average_batched_1024_cpu_repeat01,1,neural_policy,output_average,post_step_state_policy,6.605894304811954e-05
toy4,neural_output_average,batched,batched,cpu,1024,5,1,1,0,2,toy4_gpu_core_neural_output_average_batched_1024_cpu_repeat01,1,neural_policy,output_average,update_payoff_ema,0.00011593499220907688
toy4,neural_output_average,batched,batched,cpu,1024,5,1,1,0,2,toy4_gpu_core_neural_output_average_batched_1024_cpu_repeat01,1,neural_policy,output_average,update_reputation_ema,4.0207989513874054e-05
toy4,neural_output_average,batched,batched,cpu,1024,5,1,1,0,2,toy4_gpu_core_neural_output_average_batched_1024_cpu_repeat01,1,neural_policy,output_average,mobility_swaps,6.62290258333087e-05
toy4,neural_output_average,batched,batched,cpu,1024,5,1,1,0,2,toy4_gpu_core_neural_output_average_batched_1024_cpu_repeat01,1,neural_policy,output_average,finalize_hook_step,2.4407985620200634e-05
toy4,neural_output_average,batched,batched,cpu,1024,5,1,1,0,2,toy4_gpu_core_neural_output_average_batched_1024_cpu_repeat01,1,neural_policy,output_average,hooked_step_total,0.2865448519587517
toy4,neural_output_average,batched,batched,cpu,1024,5,1,1,0,2,toy4_gpu_core_neural_output_average_batched_1024_cpu_repeat01,1,neural_policy,output_average,aggregate_row,0.06876986299175769
toy4,neural_output_average,batched,batched,cpu,1024,5,1,1,0,2,toy4_gpu_core_neural_output_average_batched_1024_cpu_repeat01,1,neural_policy,output_average,write_aggregate,0.0003741169348359108
toy4,neural_output_average,batched,batched,cpu,1024,5,1,1,0,2,toy4_gpu_core_neural_output_average_batched_1024_cpu_repeat01,2,neural_policy,output_average,sample_revision_mask,0.00011907191947102547
toy4,neural_output_average,batched,batched,cpu,1024,5,1,1,0,2,toy4_gpu_core_neural_output_average_batched_1024_cpu_repeat01,2,neural_policy,output_average,build_step_context,2.788403071463108e-05
toy4,neural_output_average,batched,batched,cpu,1024,5,1,1,0,2,toy4_gpu_core_neural_output_average_batched_1024_cpu_repeat01,2,neural_policy,output_average,build_observations,0.010709933005273342
toy4,neural_output_average,batched,batched,cpu,1024,5,1,1,0,2,toy4_gpu_core_neural_output_average_batched_1024_cpu_repeat01,2,neural_policy,output_average,policy_readout,0.003966673044487834
toy4,neural_output_average,batched,batched,cpu,1024,5,1,1,0,2,toy4_gpu_core_neural_output_average_batched_1024_cpu_repeat01,2,neural_policy,output_average,decision_selection,0.005886615952476859
toy4,neural_output_average,batched,batched,cpu,1024,5,1,1,0,2,toy4_gpu_core_neural_output_average_batched_1024_cpu_repeat01,2,neural_policy,output_average,local_trainable_parameters,0.0014575329842045903
toy4,neural_output_average,batched,batched,cpu,1024,5,1,1,0,2,toy4_gpu_core_neural_output_average_batched_1024_cpu_repeat01,2,neural_policy,output_average,local_loss_forward,0.0017842890229076147
toy4,neural_output_average,batched,batched,cpu,1024,5,1,1,0,2,toy4_gpu_core_neural_output_average_batched_1024_cpu_repeat01,2,neural_policy,output_average,local_autograd_grad,0.002938804100267589
toy4,neural_output_average,batched,batched,cpu,1024,5,1,1,0,2,toy4_gpu_core_neural_output_average_batched_1024_cpu_repeat01,2,neural_policy,output_average,local_adam_update,0.03874604601878673
toy4,neural_output_average,batched,batched,cpu,1024,5,1,1,0,2,toy4_gpu_core_neural_output_average_batched_1024_cpu_repeat01,2,neural_policy,output_average,local_optimizer_update,0.04250533506274223
toy4,neural_output_average,batched,batched,cpu,1024,5,1,1,0,2,toy4_gpu_core_neural_output_average_batched_1024_cpu_repeat01,2,neural_policy,output_average,local_loss_update,0.04466350201983005
toy4,neural_output_average,batched,batched,cpu,1024,5,1,1,0,2,toy4_gpu_core_neural_output_average_batched_1024_cpu_repeat01,2,neural_policy,output_average,local_training,0.046198204974643886
toy4,neural_output_average,batched,batched,cpu,1024,5,1,1,0,2,toy4_gpu_core_neural_output_average_batched_1024_cpu_repeat01,2,neural_policy,output_average,cache_refresh,1.6031088307499886e-05
toy4,neural_output_average,batched,batched,cpu,1024,5,1,1,0,2,toy4_gpu_core_neural_output_average_batched_1024_cpu_repeat01,2,neural_policy,output_average,post_local_readout,0.0015689400024712086
toy4,neural_output_average,batched,batched,cpu,1024,5,1,1,0,2,toy4_gpu_core_neural_output_average_batched_1024_cpu_repeat01,2,neural_policy,output_average,local_step,0.06971982994582504
toy4,neural_output_average,batched,batched,cpu,1024,5,1,1,0,2,toy4_gpu_core_neural_output_average_batched_1024_cpu_repeat01,2,neural_policy,output_average,select_peers,0.00013233697973191738
toy4,neural_output_average,batched,batched,cpu,1024,5,1,1,0,2,toy4_gpu_core_neural_output_average_batched_1024_cpu_repeat01,2,neural_policy,output_average,social_trainable_parameters,0.0006665259134024382
toy4,neural_output_average,batched,batched,cpu,1024,5,1,1,0,2,toy4_gpu_core_neural_output_average_batched_1024_cpu_repeat01,2,neural_policy,output_average,social_mix,0.0008929669857025146
toy4,neural_output_average,batched,batched,cpu,1024,5,1,1,0,2,toy4_gpu_core_neural_output_average_batched_1024_cpu_repeat01,2,neural_policy,output_average,social_loss_forward,0.000909097958356142
toy4,neural_output_average,batched,batched,cpu,1024,5,1,1,0,2,toy4_gpu_core_neural_output_average_batched_1024_cpu_repeat01,2,neural_policy,output_average,social_autograd_grad,0.0014839250361546874
toy4,neural_output_average,batched,batched,cpu,1024,5,1,1,0,2,toy4_gpu_core_neural_output_average_batched_1024_cpu_repeat01,2,neural_policy,output_average,social_adam_update,0.0786887879949063
toy4,neural_output_average,batched,batched,cpu,1024,5,1,1,0,2,toy4_gpu_core_neural_output_average_batched_1024_cpu_repeat01,2,neural_policy,output_average,social_optimizer_update,0.08119355805683881
toy4,neural_output_average,batched,batched,cpu,1024,5,1,1,0,2,toy4_gpu_core_neural_output_average_batched_1024_cpu_repeat01,2,neural_policy,output_average,social_loss_update,0.08326045703142881
toy4,neural_output_average,batched,batched,cpu,1024,5,1,1,0,2,toy4_gpu_core_neural_output_average_batched_1024_cpu_repeat01,2,neural_policy,output_average,social_distillation,0.08704258198849857
toy4,neural_output_average,batched,batched,cpu,1024,5,1,1,0,2,toy4_gpu_core_neural_output_average_batched_1024_cpu_repeat01,2,neural_policy,output_average,social_step,0.08706660801544785
toy4,neural_output_average,batched,batched,cpu,1024,5,1,1,0,2,toy4_gpu_core_neural_output_average_batched_1024_cpu_repeat01,2,neural_policy,output_average,sample_actions,3.276974894106388e-06
toy4,neural_output_average,batched,batched,cpu,1024,5,1,1,0,2,toy4_gpu_core_neural_output_average_batched_1024_cpu_repeat01,2,neural_policy,output_average,commit_actions,2.1882005967199802e-05
toy4,neural_output_average,batched,batched,cpu,1024,5,1,1,0,2,toy4_gpu_core_neural_output_average_batched_1024_cpu_repeat01,2,neural_policy,output_average,post_step_state_policy,0.0001542100217193365
toy4,neural_output_average,batched,batched,cpu,1024,5,1,1,0,2,toy4_gpu_core_neural_output_average_batched_1024_cpu_repeat01,2,neural_policy,output_average,update_payoff_ema,0.0001581370597705245
toy4,neural_output_average,batched,batched,cpu,1024,5,1,1,0,2,toy4_gpu_core_neural_output_average_batched_1024_cpu_repeat01,2,neural_policy,output_average,update_reputation_ema,5.817296914756298e-05
toy4,neural_output_average,batched,batched,cpu,1024,5,1,1,0,2,toy4_gpu_core_neural_output_average_batched_1024_cpu_repeat01,2,neural_policy,output_average,mobility_swaps,8.059700485318899e-05
toy4,neural_output_average,batched,batched,cpu,1024,5,1,1,0,2,toy4_gpu_core_neural_output_average_batched_1024_cpu_repeat01,2,neural_policy,output_average,finalize_hook_step,3.459805157035589e-05
toy4,neural_output_average,batched,batched,cpu,1024,5,1,1,0,2,toy4_gpu_core_neural_output_average_batched_1024_cpu_repeat01,2,neural_policy,output_average,hooked_step_total,0.16142357303760946
toy4,neural_output_average,batched,batched,cpu,1024,5,1,1,0,2,toy4_gpu_core_neural_output_average_batched_1024_cpu_repeat01,2,neural_policy,output_average,aggregate_row,0.058749970048666
toy4,neural_output_average,batched,batched,cpu,1024,5,1,1,0,2,toy4_gpu_core_neural_output_average_batched_1024_cpu_repeat01,2,neural_policy,output_average,write_aggregate,0.00018166296649724245
toy4,neural_output_average,batched,batched,cpu,1024,5,1,1,0,2,toy4_gpu_core_neural_output_average_batched_1024_cpu_repeat01,3,neural_policy,output_average,sample_revision_mask,7.067795377224684e-05
toy4,neural_output_average,batched,batched,cpu,1024,5,1,1,0,2,toy4_gpu_core_neural_output_average_batched_1024_cpu_repeat01,3,neural_policy,output_average,build_step_context,1.581106334924698e-05
toy4,neural_output_average,batched,batched,cpu,1024,5,1,1,0,2,toy4_gpu_core_neural_output_average_batched_1024_cpu_repeat01,3,neural_policy,output_average,build_observations,0.008948758943006396
toy4,neural_output_average,batched,batched,cpu,1024,5,1,1,0,2,toy4_gpu_core_neural_output_average_batched_1024_cpu_repeat01,3,neural_policy,output_average,policy_readout,0.0022820570738986135
toy4,neural_output_average,batched,batched,cpu,1024,5,1,1,0,2,toy4_gpu_core_neural_output_average_batched_1024_cpu_repeat01,3,neural_policy,output_average,decision_selection,0.005289605003781617
toy4,neural_output_average,batched,batched,cpu,1024,5,1,1,0,2,toy4_gpu_core_neural_output_average_batched_1024_cpu_repeat01,3,neural_policy,output_average,local_trainable_parameters,0.0008552819490432739
toy4,neural_output_average,batched,batched,cpu,1024,5,1,1,0,2,toy4_gpu_core_neural_output_average_batched_1024_cpu_repeat01,3,neural_policy,output_average,local_loss_forward,0.0012772129848599434
toy4,neural_output_average,batched,batched,cpu,1024,5,1,1,0,2,toy4_gpu_core_neural_output_average_batched_1024_cpu_repeat01,3,neural_policy,output_average,local_autograd_grad,0.002255755942314863
toy4,neural_output_average,batched,batched,cpu,1024,5,1,1,0,2,toy4_gpu_core_neural_output_average_batched_1024_cpu_repeat01,3,neural_policy,output_average,local_adam_update,0.03134497592691332
toy4,neural_output_average,batched,batched,cpu,1024,5,1,1,0,2,toy4_gpu_core_neural_output_average_batched_1024_cpu_repeat01,3,neural_policy,output_average,local_optimizer_update,0.03414586093276739
toy4,neural_output_average,batched,batched,cpu,1024,5,1,1,0,2,toy4_gpu_core_neural_output_average_batched_1024_cpu_repeat01,3,neural_policy,output_average,local_loss_update,0.035687559051439166
toy4,neural_output_average,batched,batched,cpu,1024,5,1,1,0,2,toy4_gpu_core_neural_output_average_batched_1024_cpu_repeat01,3,neural_policy,output_average,local_training,0.03658925194758922
toy4,neural_output_average,batched,batched,cpu,1024,5,1,1,0,2,toy4_gpu_core_neural_output_average_batched_1024_cpu_repeat01,3,neural_policy,output_average,cache_refresh,1.7333077266812325e-05
toy4,neural_output_average,batched,batched,cpu,1024,5,1,1,0,2,toy4_gpu_core_neural_output_average_batched_1024_cpu_repeat01,3,neural_policy,output_average,post_local_readout,0.0013761059381067753
toy4,neural_output_average,batched,batched,cpu,1024,5,1,1,0,2,toy4_gpu_core_neural_output_average_batched_1024_cpu_repeat01,3,neural_policy,output_average,local_step,0.05573801405262202
toy4,neural_output_average,batched,batched,cpu,1024,5,1,1,0,2,toy4_gpu_core_neural_output_average_batched_1024_cpu_repeat01,3,neural_policy,output_average,select_peers,0.0003061660099774599
toy4,neural_output_average,batched,batched,cpu,1024,5,1,1,0,2,toy4_gpu_core_neural_output_average_batched_1024_cpu_repeat01,3,neural_policy,output_average,social_trainable_parameters,0.0008288309909403324
toy4,neural_output_average,batched,batched,cpu,1024,5,1,1,0,2,toy4_gpu_core_neural_output_average_batched_1024_cpu_repeat01,3,neural_policy,output_average,social_mix,0.0006389019545167685
toy4,neural_output_average,batched,batched,cpu,1024,5,1,1,0,2,toy4_gpu_core_neural_output_average_batched_1024_cpu_repeat01,3,neural_policy,output_average,social_loss_forward,0.0006922660395503044
toy4,neural_output_average,batched,batched,cpu,1024,5,1,1,0,2,toy4_gpu_core_neural_output_average_batched_1024_cpu_repeat01,3,neural_policy,output_average,social_autograd_grad,0.0014577939873561263
toy4,neural_output_average,batched,batched,cpu,1024,5,1,1,0,2,toy4_gpu_core_neural_output_average_batched_1024_cpu_repeat01,3,neural_policy,output_average,social_adam_update,0.07372989703435451
toy4,neural_output_average,batched,batched,cpu,1024,5,1,1,0,2,toy4_gpu_core_neural_output_average_batched_1024_cpu_repeat01,3,neural_policy,output_average,social_optimizer_update,0.075794862001203
toy4,neural_output_average,batched,batched,cpu,1024,5,1,1,0,2,toy4_gpu_core_neural_output_average_batched_1024_cpu_repeat01,3,neural_policy,output_average,social_loss_update,0.07733956503216177
toy4,neural_output_average,batched,batched,cpu,1024,5,1,1,0,2,toy4_gpu_core_neural_output_average_batched_1024_cpu_repeat01,3,neural_policy,output_average,social_distillation,0.08134632499422878
toy4,neural_output_average,batched,batched,cpu,1024,5,1,1,0,2,toy4_gpu_core_neural_output_average_batched_1024_cpu_repeat01,3,neural_policy,output_average,social_step,0.08141367591451854
toy4,neural_output_average,batched,batched,cpu,1024,5,1,1,0,2,toy4_gpu_core_neural_output_average_batched_1024_cpu_repeat01,3,neural_policy,output_average,sample_actions,4.3389154598116875e-06
toy4,neural_output_average,batched,batched,cpu,1024,5,1,1,0,2,toy4_gpu_core_neural_output_average_batched_1024_cpu_repeat01,3,neural_policy,output_average,commit_actions,1.4699064195156097e-05
toy4,neural_output_average,batched,batched,cpu,1024,5,1,1,0,2,toy4_gpu_core_neural_output_average_batched_1024_cpu_repeat01,3,neural_policy,output_average,post_step_state_policy,9.71390400081873e-05
toy4,neural_output_average,batched,batched,cpu,1024,5,1,1,0,2,toy4_gpu_core_neural_output_average_batched_1024_cpu_repeat01,3,neural_policy,output_average,update_payoff_ema,0.00011168699711561203
toy4,neural_output_average,batched,batched,cpu,1024,5,1,1,0,2,toy4_gpu_core_neural_output_average_batched_1024_cpu_repeat01,3,neural_policy,output_average,update_reputation_ema,0.00010084605310112238
toy4,neural_output_average,batched,batched,cpu,1024,5,1,1,0,2,toy4_gpu_core_neural_output_average_batched_1024_cpu_repeat01,3,neural_policy,output_average,mobility_swaps,6.621796637773514e-05
toy4,neural_output_average,batched,batched,cpu,1024,5,1,1,0,2,toy4_gpu_core_neural_output_average_batched_1024_cpu_repeat01,3,neural_policy,output_average,finalize_hook_step,2.1091080270707607e-05
toy4,neural_output_average,batched,batched,cpu,1024,5,1,1,0,2,toy4_gpu_core_neural_output_average_batched_1024_cpu_repeat01,3,neural_policy,output_average,hooked_step_total,0.14129654003772885
toy4,neural_output_average,batched,batched,cpu,1024,5,1,1,0,2,toy4_gpu_core_neural_output_average_batched_1024_cpu_repeat01,3,neural_policy,output_average,aggregate_row,0.09326161607168615
toy4,neural_output_average,batched,batched,cpu,1024,5,1,1,0,2,toy4_gpu_core_neural_output_average_batched_1024_cpu_repeat01,3,neural_policy,output_average,write_aggregate,0.00022084999363869429
toy4,neural_output_average,batched,batched,cpu,1024,5,1,1,0,2,toy4_gpu_core_neural_output_average_batched_1024_cpu_repeat01,4,neural_policy,output_average,sample_revision_mask,0.00010055594611912966
toy4,neural_output_average,batched,batched,cpu,1024,5,1,1,0,2,toy4_gpu_core_neural_output_average_batched_1024_cpu_repeat01,4,neural_policy,output_average,build_step_context,2.9738061130046844e-05
toy4,neural_output_average,batched,batched,cpu,1024,5,1,1,0,2,toy4_gpu_core_neural_output_average_batched_1024_cpu_repeat01,4,neural_policy,output_average,build_observations,0.0102170140016824
toy4,neural_output_average,batched,batched,cpu,1024,5,1,1,0,2,toy4_gpu_core_neural_output_average_batched_1024_cpu_repeat01,4,neural_policy,output_average,policy_readout,0.0031188440043479204
toy4,neural_output_average,batched,batched,cpu,1024,5,1,1,0,2,toy4_gpu_core_neural_output_average_batched_1024_cpu_repeat01,4,neural_policy,output_average,decision_selection,0.006113125942647457
toy4,neural_output_average,batched,batched,cpu,1024,5,1,1,0,2,toy4_gpu_core_neural_output_average_batched_1024_cpu_repeat01,4,neural_policy,output_average,local_trainable_parameters,0.0010141120292246342
toy4,neural_output_average,batched,batched,cpu,1024,5,1,1,0,2,toy4_gpu_core_neural_output_average_batched_1024_cpu_repeat01,4,neural_policy,output_average,local_loss_forward,0.0028309939661994576
toy4,neural_output_average,batched,batched,cpu,1024,5,1,1,0,2,toy4_gpu_core_neural_output_average_batched_1024_cpu_repeat01,4,neural_policy,output_average,local_autograd_grad,0.0018022849690169096
toy4,neural_output_average,batched,batched,cpu,1024,5,1,1,0,2,toy4_gpu_core_neural_output_average_batched_1024_cpu_repeat01,4,neural_policy,output_average,local_adam_update,0.03319921705406159
toy4,neural_output_average,batched,batched,cpu,1024,5,1,1,0,2,toy4_gpu_core_neural_output_average_batched_1024_cpu_repeat01,4,neural_policy,output_average,local_optimizer_update,0.03578828100580722
toy4,neural_output_average,batched,batched,cpu,1024,5,1,1,0,2,toy4_gpu_core_neural_output_average_batched_1024_cpu_repeat01,4,neural_policy,output_average,local_loss_update,0.03897303401026875
toy4,neural_output_average,batched,batched,cpu,1024,5,1,1,0,2,toy4_gpu_core_neural_output_average_batched_1024_cpu_repeat01,4,neural_policy,output_average,local_training,0.04004241293296218
toy4,neural_output_average,batched,batched,cpu,1024,5,1,1,0,2,toy4_gpu_core_neural_output_average_batched_1024_cpu_repeat01,4,neural_policy,output_average,cache_refresh,1.6903039067983627e-05
toy4,neural_output_average,batched,batched,cpu,1024,5,1,1,0,2,toy4_gpu_core_neural_output_average_batched_1024_cpu_repeat01,4,neural_policy,output_average,post_local_readout,0.0017014580080285668
toy4,neural_output_average,batched,batched,cpu,1024,5,1,1,0,2,toy4_gpu_core_neural_output_average_batched_1024_cpu_repeat01,4,neural_policy,output_average,local_step,0.06234888301696628
toy4,neural_output_average,batched,batched,cpu,1024,5,1,1,0,2,toy4_gpu_core_neural_output_average_batched_1024_cpu_repeat01,4,neural_policy,output_average,select_peers,0.00014710600953549147
toy4,neural_output_average,batched,batched,cpu,1024,5,1,1,0,2,toy4_gpu_core_neural_output_average_batched_1024_cpu_repeat01,4,neural_policy,output_average,social_trainable_parameters,0.0004327520728111267
toy4,neural_output_average,batched,batched,cpu,1024,5,1,1,0,2,toy4_gpu_core_neural_output_average_batched_1024_cpu_repeat01,4,neural_policy,output_average,social_mix,0.0013328109635040164
toy4,neural_output_average,batched,batched,cpu,1024,5,1,1,0,2,toy4_gpu_core_neural_output_average_batched_1024_cpu_repeat01,4,neural_policy,output_average,social_loss_forward,0.001045812969096005
toy4,neural_output_average,batched,batched,cpu,1024,5,1,1,0,2,toy4_gpu_core_neural_output_average_batched_1024_cpu_repeat01,4,neural_policy,output_average,social_autograd_grad,0.001859836047515273
toy4,neural_output_average,batched,batched,cpu,1024,5,1,1,0,2,toy4_gpu_core_neural_output_average_batched_1024_cpu_repeat01,4,neural_policy,output_average,social_adam_update,0.07388245698530227
toy4,neural_output_average,batched,batched,cpu,1024,5,1,1,0,2,toy4_gpu_core_neural_output_average_batched_1024_cpu_repeat01,4,neural_policy,output_average,social_optimizer_update,0.0766386449104175
toy4,neural_output_average,batched,batched,cpu,1024,5,1,1,0,2,toy4_gpu_core_neural_output_average_batched_1024_cpu_repeat01,4,neural_policy,output_average,social_loss_update,0.07923632604070008
toy4,neural_output_average,batched,batched,cpu,1024,5,1,1,0,2,toy4_gpu_core_neural_output_average_batched_1024_cpu_repeat01,4,neural_policy,output_average,social_distillation,0.08201270399149507
toy4,neural_output_average,batched,batched,cpu,1024,5,1,1,0,2,toy4_gpu_core_neural_output_average_batched_1024_cpu_repeat01,4,neural_policy,output_average,social_step,0.08203519706148654
toy4,neural_output_average,batched,batched,cpu,1024,5,1,1,0,2,toy4_gpu_core_neural_output_average_batched_1024_cpu_repeat01,4,neural_policy,output_average,sample_actions,2.4550827220082283e-06
toy4,neural_output_average,batched,batched,cpu,1024,5,1,1,0,2,toy4_gpu_core_neural_output_average_batched_1024_cpu_repeat01,4,neural_policy,output_average,commit_actions,1.670198980718851e-05
toy4,neural_output_average,batched,batched,cpu,1024,5,1,1,0,2,toy4_gpu_core_neural_output_average_batched_1024_cpu_repeat01,4,neural_policy,output_average,post_step_state_policy,8.237094152718782e-05
toy4,neural_output_average,batched,batched,cpu,1024,5,1,1,0,2,toy4_gpu_core_neural_output_average_batched_1024_cpu_repeat01,4,neural_policy,output_average,update_payoff_ema,0.00010268902406096458
toy4,neural_output_average,batched,batched,cpu,1024,5,1,1,0,2,toy4_gpu_core_neural_output_average_batched_1024_cpu_repeat01,4,neural_policy,output_average,update_reputation_ema,3.523810300976038e-05
toy4,neural_output_average,batched,batched,cpu,1024,5,1,1,0,2,toy4_gpu_core_neural_output_average_batched_1024_cpu_repeat01,4,neural_policy,output_average,mobility_swaps,5.5889016948640347e-05
toy4,neural_output_average,batched,batched,cpu,1024,5,1,1,0,2,toy4_gpu_core_neural_output_average_batched_1024_cpu_repeat01,4,neural_policy,output_average,finalize_hook_step,1.7854035831987858e-05
toy4,neural_output_average,batched,batched,cpu,1024,5,1,1,0,2,toy4_gpu_core_neural_output_average_batched_1024_cpu_repeat01,4,neural_policy,output_average,hooked_step_total,0.14765538997016847
toy4,neural_output_average,batched,batched,cpu,1024,5,1,1,0,2,toy4_gpu_core_neural_output_average_batched_1024_cpu_repeat01,4,neural_policy,output_average,aggregate_row,0.07838244491722435
toy4,neural_output_average,batched,batched,cpu,1024,5,1,1,0,2,toy4_gpu_core_neural_output_average_batched_1024_cpu_repeat01,4,neural_policy,output_average,write_aggregate,0.00023022794630378485
toy4,neural_output_average,batched,batched,cpu,1024,5,1,1,0,2,toy4_gpu_core_neural_output_average_batched_1024_cpu_repeat01,5,neural_policy,output_average,sample_revision_mask,7.657904643565416e-05
toy4,neural_output_average,batched,batched,cpu,1024,5,1,1,0,2,toy4_gpu_core_neural_output_average_batched_1024_cpu_repeat01,5,neural_policy,output_average,build_step_context,3.1321076676249504e-05
toy4,neural_output_average,batched,batched,cpu,1024,5,1,1,0,2,toy4_gpu_core_neural_output_average_batched_1024_cpu_repeat01,5,neural_policy,output_average,build_observations,0.010054206941276789
toy4,neural_output_average,batched,batched,cpu,1024,5,1,1,0,2,toy4_gpu_core_neural_output_average_batched_1024_cpu_repeat01,5,neural_policy,output_average,policy_readout,0.0034013629192486405
toy4,neural_output_average,batched,batched,cpu,1024,5,1,1,0,2,toy4_gpu_core_neural_output_average_batched_1024_cpu_repeat01,5,neural_policy,output_average,decision_selection,0.005677557899616659
toy4,neural_output_average,batched,batched,cpu,1024,5,1,1,0,2,toy4_gpu_core_neural_output_average_batched_1024_cpu_repeat01,5,neural_policy,output_average,local_trainable_parameters,0.0011069029569625854
toy4,neural_output_average,batched,batched,cpu,1024,5,1,1,0,2,toy4_gpu_core_neural_output_average_batched_1024_cpu_repeat01,5,neural_policy,output_average,local_loss_forward,0.0010838470188900828
toy4,neural_output_average,batched,batched,cpu,1024,5,1,1,0,2,toy4_gpu_core_neural_output_average_batched_1024_cpu_repeat01,5,neural_policy,output_average,local_autograd_grad,0.002312095952220261
toy4,neural_output_average,batched,batched,cpu,1024,5,1,1,0,2,toy4_gpu_core_neural_output_average_batched_1024_cpu_repeat01,5,neural_policy,output_average,local_adam_update,0.034948159009218216
toy4,neural_output_average,batched,batched,cpu,1024,5,1,1,0,2,toy4_gpu_core_neural_output_average_batched_1024_cpu_repeat01,5,neural_policy,output_average,local_optimizer_update,0.03809177002403885
toy4,neural_output_average,batched,batched,cpu,1024,5,1,1,0,2,toy4_gpu_core_neural_output_average_batched_1024_cpu_repeat01,5,neural_policy,output_average,local_loss_update,0.039516469929367304
toy4,neural_output_average,batched,batched,cpu,1024,5,1,1,0,2,toy4_gpu_core_neural_output_average_batched_1024_cpu_repeat01,5,neural_policy,output_average,local_training,0.04068093397654593
toy4,neural_output_average,batched,batched,cpu,1024,5,1,1,0,2,toy4_gpu_core_neural_output_average_batched_1024_cpu_repeat01,5,neural_policy,output_average,cache_refresh,1.5520025044679642e-05
toy4,neural_output_average,batched,batched,cpu,1024,5,1,1,0,2,toy4_gpu_core_neural_output_average_batched_1024_cpu_repeat01,5,neural_policy,output_average,post_local_readout,0.0013213990023359656
toy4,neural_output_average,batched,batched,cpu,1024,5,1,1,0,2,toy4_gpu_core_neural_output_average_batched_1024_cpu_repeat01,5,neural_policy,output_average,local_step,0.06258773698937148
toy4,neural_output_average,batched,batched,cpu,1024,5,1,1,0,2,toy4_gpu_core_neural_output_average_batched_1024_cpu_repeat01,5,neural_policy,output_average,select_peers,0.0001474160235375166
toy4,neural_output_average,batched,batched,cpu,1024,5,1,1,0,2,toy4_gpu_core_neural_output_average_batched_1024_cpu_repeat01,5,neural_policy,output_average,social_trainable_parameters,0.000637408928014338
toy4,neural_output_average,batched,batched,cpu,1024,5,1,1,0,2,toy4_gpu_core_neural_output_average_batched_1024_cpu_repeat01,5,neural_policy,output_average,social_mix,0.000782090937718749
toy4,neural_output_average,batched,batched,cpu,1024,5,1,1,0,2,toy4_gpu_core_neural_output_average_batched_1024_cpu_repeat01,5,neural_policy,output_average,social_loss_forward,0.0008989779744297266
toy4,neural_output_average,batched,batched,cpu,1024,5,1,1,0,2,toy4_gpu_core_neural_output_average_batched_1024_cpu_repeat01,5,neural_policy,output_average,social_autograd_grad,0.0018300380324944854
toy4,neural_output_average,batched,batched,cpu,1024,5,1,1,0,2,toy4_gpu_core_neural_output_average_batched_1024_cpu_repeat01,5,neural_policy,output_average,social_adam_update,0.0747615760192275
toy4,neural_output_average,batched,batched,cpu,1024,5,1,1,0,2,toy4_gpu_core_neural_output_average_batched_1024_cpu_repeat01,5,neural_policy,output_average,social_optimizer_update,0.07747342891525477
toy4,neural_output_average,batched,batched,cpu,1024,5,1,1,0,2,toy4_gpu_core_neural_output_average_batched_1024_cpu_repeat01,5,neural_policy,output_average,social_loss_update,0.07936317299026996
toy4,neural_output_average,batched,batched,cpu,1024,5,1,1,0,2,toy4_gpu_core_neural_output_average_batched_1024_cpu_repeat01,5,neural_policy,output_average,social_distillation,0.08242556697223336
toy4,neural_output_average,batched,batched,cpu,1024,5,1,1,0,2,toy4_gpu_core_neural_output_average_batched_1024_cpu_repeat01,5,neural_policy,output_average,social_step,0.08245793008245528
toy4,neural_output_average,batched,batched,cpu,1024,5,1,1,0,2,toy4_gpu_core_neural_output_average_batched_1024_cpu_repeat01,5,neural_policy,output_average,sample_actions,5.361041985452175e-06
toy4,neural_output_average,batched,batched,cpu,1024,5,1,1,0,2,toy4_gpu_core_neural_output_average_batched_1024_cpu_repeat01,5,neural_policy,output_average,commit_actions,1.0721036233007908e-05
toy4,neural_output_average,batched,batched,cpu,1024,5,1,1,0,2,toy4_gpu_core_neural_output_average_batched_1024_cpu_repeat01,5,neural_policy,output_average,post_step_state_policy,6.593810394406319e-05
toy4,neural_output_average,batched,batched,cpu,1024,5,1,1,0,2,toy4_gpu_core_neural_output_average_batched_1024_cpu_repeat01,5,neural_policy,output_average,update_payoff_ema,7.308204658329487e-05
toy4,neural_output_average,batched,batched,cpu,1024,5,1,1,0,2,toy4_gpu_core_neural_output_average_batched_1024_cpu_repeat01,5,neural_policy,output_average,update_reputation_ema,3.9146048948168755e-05
toy4,neural_output_average,batched,batched,cpu,1024,5,1,1,0,2,toy4_gpu_core_neural_output_average_batched_1024_cpu_repeat01,5,neural_policy,output_average,mobility_swaps,6.293202750384808e-05
toy4,neural_output_average,batched,batched,cpu,1024,5,1,1,0,2,toy4_gpu_core_neural_output_average_batched_1024_cpu_repeat01,5,neural_policy,output_average,finalize_hook_step,2.220296300947666e-05
toy4,neural_output_average,batched,batched,cpu,1024,5,1,1,0,2,toy4_gpu_core_neural_output_average_batched_1024_cpu_repeat01,5,neural_policy,output_average,hooked_step_total,0.1486119800247252
toy4,neural_output_average,batched,batched,cpu,1024,5,1,1,0,2,toy4_gpu_core_neural_output_average_batched_1024_cpu_repeat01,5,neural_policy,output_average,aggregate_row,0.057692107977345586
toy4,neural_output_average,batched,batched,cpu,1024,5,1,1,0,2,toy4_gpu_core_neural_output_average_batched_1024_cpu_repeat01,5,neural_policy,output_average,write_aggregate,0.00018027005717158318
toy4,neural_output_average,batched,batched,cuda,1024,5,1,0,0,2,toy4_gpu_core_neural_output_average_batched_1024_cuda_repeat00,0,neural_policy,output_average,make_run_dir,0.0007880120538175106
toy4,neural_output_average,batched,batched,cuda,1024,5,1,0,0,2,toy4_gpu_core_neural_output_average_batched_1024_cuda_repeat00,0,neural_policy,output_average,write_metadata,0.004114839946851134
toy4,neural_output_average,batched,batched,cuda,1024,5,1,0,0,2,toy4_gpu_core_neural_output_average_batched_1024_cuda_repeat00,0,neural_policy,output_average,initial_state,1.0158453719923273
toy4,neural_output_average,batched,batched,cuda,1024,5,1,0,0,2,toy4_gpu_core_neural_output_average_batched_1024_cuda_repeat00,0,neural_policy,output_average,writer_setup,0.003615238005295396
toy4,neural_output_average,batched,batched,cuda,1024,5,1,0,0,2,toy4_gpu_core_neural_output_average_batched_1024_cuda_repeat00,0,neural_policy,output_average,initial_step_result,0.6375653099967167
toy4,neural_output_average,batched,batched,cuda,1024,5,1,0,0,2,toy4_gpu_core_neural_output_average_batched_1024_cuda_repeat00,0,neural_policy,output_average,initial_aggregate_row,0.11062603490427136
toy4,neural_output_average,batched,batched,cuda,1024,5,1,0,0,2,toy4_gpu_core_neural_output_average_batched_1024_cuda_repeat00,0,neural_policy,output_average,write_initial_aggregate,0.00016091298311948776
toy4,neural_output_average,batched,batched,cuda,1024,5,1,0,0,2,toy4_gpu_core_neural_output_average_batched_1024_cuda_repeat00,1,neural_policy,output_average,sample_revision_mask,7.713993545621634e-05
toy4,neural_output_average,batched,batched,cuda,1024,5,1,0,0,2,toy4_gpu_core_neural_output_average_batched_1024_cuda_repeat00,1,neural_policy,output_average,build_step_context,4.389591049402952e-05
toy4,neural_output_average,batched,batched,cuda,1024,5,1,0,0,2,toy4_gpu_core_neural_output_average_batched_1024_cuda_repeat00,1,neural_policy,output_average,build_observations,0.010069655952975154
toy4,neural_output_average,batched,batched,cuda,1024,5,1,0,0,2,toy4_gpu_core_neural_output_average_batched_1024_cuda_repeat00,1,neural_policy,output_average,policy_readout,0.002912161056883633
toy4,neural_output_average,batched,batched,cuda,1024,5,1,0,0,2,toy4_gpu_core_neural_output_average_batched_1024_cuda_repeat00,1,neural_policy,output_average,decision_selection,0.005360320908948779
toy4,neural_output_average,batched,batched,cuda,1024,5,1,0,0,2,toy4_gpu_core_neural_output_average_batched_1024_cuda_repeat00,1,neural_policy,output_average,local_trainable_parameters,0.00018822599668055773
toy4,neural_output_average,batched,batched,cuda,1024,5,1,0,0,2,toy4_gpu_core_neural_output_average_batched_1024_cuda_repeat00,1,neural_policy,output_average,local_loss_forward,0.18662156199570745
toy4,neural_output_average,batched,batched,cuda,1024,5,1,0,0,2,toy4_gpu_core_neural_output_average_batched_1024_cuda_repeat00,1,neural_policy,output_average,local_autograd_grad,0.0505377349909395
toy4,neural_output_average,batched,batched,cuda,1024,5,1,0,0,2,toy4_gpu_core_neural_output_average_batched_1024_cuda_repeat00,1,neural_policy,output_average,local_adam_update,0.29301229398697615
toy4,neural_output_average,batched,batched,cuda,1024,5,1,0,0,2,toy4_gpu_core_neural_output_average_batched_1024_cuda_repeat00,1,neural_policy,output_average,local_optimizer_update,0.3450783899752423
toy4,neural_output_average,batched,batched,cuda,1024,5,1,0,0,2,toy4_gpu_core_neural_output_average_batched_1024_cuda_repeat00,1,neural_policy,output_average,local_loss_update,0.7719688890501857
toy4,neural_output_average,batched,batched,cuda,1024,5,1,0,0,2,toy4_gpu_core_neural_output_average_batched_1024_cuda_repeat00,1,neural_policy,output_average,local_training,0.7722181041026488
toy4,neural_output_average,batched,batched,cuda,1024,5,1,0,0,2,toy4_gpu_core_neural_output_average_batched_1024_cuda_repeat00,1,neural_policy,output_average,cache_refresh,3.1130039133131504e-05
toy4,neural_output_average,batched,batched,cuda,1024,5,1,0,0,2,toy4_gpu_core_neural_output_average_batched_1024_cuda_repeat00,1,neural_policy,output_average,post_local_readout,0.0010003750212490559
toy4,neural_output_average,batched,batched,cuda,1024,5,1,0,0,2,toy4_gpu_core_neural_output_average_batched_1024_cuda_repeat00,1,neural_policy,output_average,local_step,0.7928270380944014
toy4,neural_output_average,batched,batched,cuda,1024,5,1,0,0,2,toy4_gpu_core_neural_output_average_batched_1024_cuda_repeat00,1,neural_policy,output_average,select_peers,0.0007346189813688397
toy4,neural_output_average,batched,batched,cuda,1024,5,1,0,0,2,toy4_gpu_core_neural_output_average_batched_1024_cuda_repeat00,1,neural_policy,output_average,social_trainable_parameters,0.00018929806537926197
toy4,neural_output_average,batched,batched,cuda,1024,5,1,0,0,2,toy4_gpu_core_neural_output_average_batched_1024_cuda_repeat00,1,neural_policy,output_average,social_mix,0.10437511501368135
toy4,neural_output_average,batched,batched,cuda,1024,5,1,0,0,2,toy4_gpu_core_neural_output_average_batched_1024_cuda_repeat00,1,neural_policy,output_average,social_loss_forward,0.0018887320766225457
toy4,neural_output_average,batched,batched,cuda,1024,5,1,0,0,2,toy4_gpu_core_neural_output_average_batched_1024_cuda_repeat00,1,neural_policy,output_average,social_autograd_grad,0.0015663150697946548
toy4,neural_output_average,batched,batched,cuda,1024,5,1,0,0,2,toy4_gpu_core_neural_output_average_batched_1024_cuda_repeat00,1,neural_policy,output_average,social_adam_update,0.1667181799421087
toy4,neural_output_average,batched,batched,cuda,1024,5,1,0,0,2,toy4_gpu_core_neural_output_average_batched_1024_cuda_repeat00,1,neural_policy,output_average,social_optimizer_update,0.16943366802297533
toy4,neural_output_average,batched,batched,cuda,1024,5,1,0,0,2,toy4_gpu_core_neural_output_average_batched_1024_cuda_repeat00,1,neural_policy,output_average,social_loss_update,0.2760688860435039
toy4,neural_output_average,batched,batched,cuda,1024,5,1,0,0,2,toy4_gpu_core_neural_output_average_batched_1024_cuda_repeat00,1,neural_policy,output_average,social_distillation,0.2787875810172409
toy4,neural_output_average,batched,batched,cuda,1024,5,1,0,0,2,toy4_gpu_core_neural_output_average_batched_1024_cuda_repeat00,1,neural_policy,output_average,social_step,0.2788333399221301
toy4,neural_output_average,batched,batched,cuda,1024,5,1,0,0,2,toy4_gpu_core_neural_output_average_batched_1024_cuda_repeat00,1,neural_policy,output_average,sample_actions,8.97690188139677e-06
toy4,neural_output_average,batched,batched,cuda,1024,5,1,0,0,2,toy4_gpu_core_neural_output_average_batched_1024_cuda_repeat00,1,neural_policy,output_average,commit_actions,2.0288978703320026e-05
toy4,neural_output_average,batched,batched,cuda,1024,5,1,0,0,2,toy4_gpu_core_neural_output_average_batched_1024_cuda_repeat00,1,neural_policy,output_average,post_step_state_policy,8.582696318626404e-05
toy4,neural_output_average,batched,batched,cuda,1024,5,1,0,0,2,toy4_gpu_core_neural_output_average_batched_1024_cuda_repeat00,1,neural_policy,output_average,update_payoff_ema,0.00012346997391432524
toy4,neural_output_average,batched,batched,cuda,1024,5,1,0,0,2,toy4_gpu_core_neural_output_average_batched_1024_cuda_repeat00,1,neural_policy,output_average,update_reputation_ema,4.175095818936825e-05
toy4,neural_output_average,batched,batched,cuda,1024,5,1,0,0,2,toy4_gpu_core_neural_output_average_batched_1024_cuda_repeat00,1,neural_policy,output_average,mobility_swaps,6.230105645954609e-05
toy4,neural_output_average,batched,batched,cuda,1024,5,1,0,0,2,toy4_gpu_core_neural_output_average_batched_1024_cuda_repeat00,1,neural_policy,output_average,finalize_hook_step,2.4456996470689774e-05
toy4,neural_output_average,batched,batched,cuda,1024,5,1,0,0,2,toy4_gpu_core_neural_output_average_batched_1024_cuda_repeat00,1,neural_policy,output_average,hooked_step_total,1.1901891690213233
toy4,neural_output_average,batched,batched,cuda,1024,5,1,0,0,2,toy4_gpu_core_neural_output_average_batched_1024_cuda_repeat00,1,neural_policy,output_average,aggregate_row,0.04272206802852452
toy4,neural_output_average,batched,batched,cuda,1024,5,1,0,0,2,toy4_gpu_core_neural_output_average_batched_1024_cuda_repeat00,1,neural_policy,output_average,write_aggregate,0.00011372100561857224
toy4,neural_output_average,batched,batched,cuda,1024,5,1,0,0,2,toy4_gpu_core_neural_output_average_batched_1024_cuda_repeat00,2,neural_policy,output_average,sample_revision_mask,4.695099778473377e-05
toy4,neural_output_average,batched,batched,cuda,1024,5,1,0,0,2,toy4_gpu_core_neural_output_average_batched_1024_cuda_repeat00,2,neural_policy,output_average,build_step_context,1.7374055460095406e-05
toy4,neural_output_average,batched,batched,cuda,1024,5,1,0,0,2,toy4_gpu_core_neural_output_average_batched_1024_cuda_repeat00,2,neural_policy,output_average,build_observations,0.009683514013886452
toy4,neural_output_average,batched,batched,cuda,1024,5,1,0,0,2,toy4_gpu_core_neural_output_average_batched_1024_cuda_repeat00,2,neural_policy,output_average,policy_readout,0.001242734957486391
toy4,neural_output_average,batched,batched,cuda,1024,5,1,0,0,2,toy4_gpu_core_neural_output_average_batched_1024_cuda_repeat00,2,neural_policy,output_average,decision_selection,0.005242821993306279
toy4,neural_output_average,batched,batched,cuda,1024,5,1,0,0,2,toy4_gpu_core_neural_output_average_batched_1024_cuda_repeat00,2,neural_policy,output_average,local_trainable_parameters,0.00019653199706226587
toy4,neural_output_average,batched,batched,cuda,1024,5,1,0,0,2,toy4_gpu_core_neural_output_average_batched_1024_cuda_repeat00,2,neural_policy,output_average,local_loss_forward,0.000762962969020009
toy4,neural_output_average,batched,batched,cuda,1024,5,1,0,0,2,toy4_gpu_core_neural_output_average_batched_1024_cuda_repeat00,2,neural_policy,output_average,local_autograd_grad,0.00298943102825433
toy4,neural_output_average,batched,batched,cuda,1024,5,1,0,0,2,toy4_gpu_core_neural_output_average_batched_1024_cuda_repeat00,2,neural_policy,output_average,local_adam_update,0.027954460005275905
toy4,neural_output_average,batched,batched,cuda,1024,5,1,0,0,2,toy4_gpu_core_neural_output_average_batched_1024_cuda_repeat00,2,neural_policy,output_average,local_optimizer_update,0.03149488300550729
toy4,neural_output_average,batched,batched,cuda,1024,5,1,0,0,2,toy4_gpu_core_neural_output_average_batched_1024_cuda_repeat00,2,neural_policy,output_average,local_loss_update,0.03257021401077509
toy4,neural_output_average,batched,batched,cuda,1024,5,1,0,0,2,toy4_gpu_core_neural_output_average_batched_1024_cuda_repeat00,2,neural_policy,output_average,local_training,0.032826070906594396
toy4,neural_output_average,batched,batched,cuda,1024,5,1,0,0,2,toy4_gpu_core_neural_output_average_batched_1024_cuda_repeat00,2,neural_policy,output_average,cache_refresh,3.472797106951475e-05
toy4,neural_output_average,batched,batched,cuda,1024,5,1,0,0,2,toy4_gpu_core_neural_output_average_batched_1024_cuda_repeat00,2,neural_policy,output_average,post_local_readout,0.0008923050481826067
toy4,neural_output_average,batched,batched,cuda,1024,5,1,0,0,2,toy4_gpu_core_neural_output_average_batched_1024_cuda_repeat00,2,neural_policy,output_average,local_step,0.0516003459924832
toy4,neural_output_average,batched,batched,cuda,1024,5,1,0,0,2,toy4_gpu_core_neural_output_average_batched_1024_cuda_repeat00,2,neural_policy,output_average,select_peers,0.00028194801416248083
toy4,neural_output_average,batched,batched,cuda,1024,5,1,0,0,2,toy4_gpu_core_neural_output_average_batched_1024_cuda_repeat00,2,neural_policy,output_average,social_trainable_parameters,8.7910913862288e-05
toy4,neural_output_average,batched,batched,cuda,1024,5,1,0,0,2,toy4_gpu_core_neural_output_average_batched_1024_cuda_repeat00,2,neural_policy,output_average,social_mix,0.001147952047176659
toy4,neural_output_average,batched,batched,cuda,1024,5,1,0,0,2,toy4_gpu_core_neural_output_average_batched_1024_cuda_repeat00,2,neural_policy,output_average,social_loss_forward,0.0010535280453041196
toy4,neural_output_average,batched,batched,cuda,1024,5,1,0,0,2,toy4_gpu_core_neural_output_average_batched_1024_cuda_repeat00,2,neural_policy,output_average,social_autograd_grad,0.001237755990587175
toy4,neural_output_average,batched,batched,cuda,1024,5,1,0,0,2,toy4_gpu_core_neural_output_average_batched_1024_cuda_repeat00,2,neural_policy,output_average,social_adam_update,0.11465293494984508
toy4,neural_output_average,batched,batched,cuda,1024,5,1,0,0,2,toy4_gpu_core_neural_output_average_batched_1024_cuda_repeat00,2,neural_policy,output_average,social_optimizer_update,0.11677931807935238
toy4,neural_output_average,batched,batched,cuda,1024,5,1,0,0,2,toy4_gpu_core_neural_output_average_batched_1024_cuda_repeat00,2,neural_policy,output_average,social_loss_update,0.11918501497711986
toy4,neural_output_average,batched,batched,cuda,1024,5,1,0,0,2,toy4_gpu_core_neural_output_average_batched_1024_cuda_repeat00,2,neural_policy,output_average,social_distillation,0.12093967502005398
toy4,neural_output_average,batched,batched,cuda,1024,5,1,0,0,2,toy4_gpu_core_neural_output_average_batched_1024_cuda_repeat00,2,neural_policy,output_average,social_step,0.12097712804097682
toy4,neural_output_average,batched,batched,cuda,1024,5,1,0,0,2,toy4_gpu_core_neural_output_average_batched_1024_cuda_repeat00,2,neural_policy,output_average,sample_actions,7.755006663501263e-06
toy4,neural_output_average,batched,batched,cuda,1024,5,1,0,0,2,toy4_gpu_core_neural_output_average_batched_1024_cuda_repeat00,2,neural_policy,output_average,commit_actions,1.7713988199830055e-05
toy4,neural_output_average,batched,batched,cuda,1024,5,1,0,0,2,toy4_gpu_core_neural_output_average_batched_1024_cuda_repeat00,2,neural_policy,output_average,post_step_state_policy,5.068792961537838e-05
toy4,neural_output_average,batched,batched,cuda,1024,5,1,0,0,2,toy4_gpu_core_neural_output_average_batched_1024_cuda_repeat00,2,neural_policy,output_average,update_payoff_ema,7.821200415492058e-05
toy4,neural_output_average,batched,batched,cuda,1024,5,1,0,0,2,toy4_gpu_core_neural_output_average_batched_1024_cuda_repeat00,2,neural_policy,output_average,update_reputation_ema,3.2152049243450165e-05
toy4,neural_output_average,batched,batched,cuda,1024,5,1,0,0,2,toy4_gpu_core_neural_output_average_batched_1024_cuda_repeat00,2,neural_policy,output_average,mobility_swaps,4.053895827382803e-05
toy4,neural_output_average,batched,batched,cuda,1024,5,1,0,0,2,toy4_gpu_core_neural_output_average_batched_1024_cuda_repeat00,2,neural_policy,output_average,finalize_hook_step,1.8696999177336693e-05
toy4,neural_output_average,batched,batched,cuda,1024,5,1,0,0,2,toy4_gpu_core_neural_output_average_batched_1024_cuda_repeat00,2,neural_policy,output_average,hooked_step_total,0.17579704301897436
toy4,neural_output_average,batched,batched,cuda,1024,5,1,0,0,2,toy4_gpu_core_neural_output_average_batched_1024_cuda_repeat00,2,neural_policy,output_average,aggregate_row,0.04346358997281641
toy4,neural_output_average,batched,batched,cuda,1024,5,1,0,0,2,toy4_gpu_core_neural_output_average_batched_1024_cuda_repeat00,2,neural_policy,output_average,write_aggregate,0.00013497204054147005
toy4,neural_output_average,batched,batched,cuda,1024,5,1,0,0,2,toy4_gpu_core_neural_output_average_batched_1024_cuda_repeat00,3,neural_policy,output_average,sample_revision_mask,6.752205081284046e-05
toy4,neural_output_average,batched,batched,cuda,1024,5,1,0,0,2,toy4_gpu_core_neural_output_average_batched_1024_cuda_repeat00,3,neural_policy,output_average,build_step_context,1.7715035937726498e-05
toy4,neural_output_average,batched,batched,cuda,1024,5,1,0,0,2,toy4_gpu_core_neural_output_average_batched_1024_cuda_repeat00,3,neural_policy,output_average,build_observations,0.009971152991056442
toy4,neural_output_average,batched,batched,cuda,1024,5,1,0,0,2,toy4_gpu_core_neural_output_average_batched_1024_cuda_repeat00,3,neural_policy,output_average,policy_readout,0.002353534917347133
toy4,neural_output_average,batched,batched,cuda,1024,5,1,0,0,2,toy4_gpu_core_neural_output_average_batched_1024_cuda_repeat00,3,neural_policy,output_average,decision_selection,0.006604838999919593
toy4,neural_output_average,batched,batched,cuda,1024,5,1,0,0,2,toy4_gpu_core_neural_output_average_batched_1024_cuda_repeat00,3,neural_policy,output_average,local_trainable_parameters,0.0005177170969545841
toy4,neural_output_average,batched,batched,cuda,1024,5,1,0,0,2,toy4_gpu_core_neural_output_average_batched_1024_cuda_repeat00,3,neural_policy,output_average,local_loss_forward,0.0019783260067924857
toy4,neural_output_average,batched,batched,cuda,1024,5,1,0,0,2,toy4_gpu_core_neural_output_average_batched_1024_cuda_repeat00,3,neural_policy,output_average,local_autograd_grad,0.00342869502492249
toy4,neural_output_average,batched,batched,cuda,1024,5,1,0,0,2,toy4_gpu_core_neural_output_average_batched_1024_cuda_repeat00,3,neural_policy,output_average,local_adam_update,0.025439962977543473
toy4,neural_output_average,batched,batched,cuda,1024,5,1,0,0,2,toy4_gpu_core_neural_output_average_batched_1024_cuda_repeat00,3,neural_policy,output_average,local_optimizer_update,0.029758067103102803
toy4,neural_output_average,batched,batched,cuda,1024,5,1,0,0,2,toy4_gpu_core_neural_output_average_batched_1024_cuda_repeat00,3,neural_policy,output_average,local_loss_update,0.032080671982839704
toy4,neural_output_average,batched,batched,cuda,1024,5,1,0,0,2,toy4_gpu_core_neural_output_average_batched_1024_cuda_repeat00,3,neural_policy,output_average,local_training,0.0328429740620777
toy4,neural_output_average,batched,batched,cuda,1024,5,1,0,0,2,toy4_gpu_core_neural_output_average_batched_1024_cuda_repeat00,3,neural_policy,output_average,cache_refresh,2.1431013010442257e-05
toy4,neural_output_average,batched,batched,cuda,1024,5,1,0,0,2,toy4_gpu_core_neural_output_average_batched_1024_cuda_repeat00,3,neural_policy,output_average,post_local_readout,0.0011159490095451474
toy4,neural_output_average,batched,batched,cuda,1024,5,1,0,0,2,toy4_gpu_core_neural_output_average_batched_1024_cuda_repeat00,3,neural_policy,output_average,local_step,0.05414338002447039
toy4,neural_output_average,batched,batched,cuda,1024,5,1,0,0,2,toy4_gpu_core_neural_output_average_batched_1024_cuda_repeat00,3,neural_policy,output_average,select_peers,0.00015860795974731445
toy4,neural_output_average,batched,batched,cuda,1024,5,1,0,0,2,toy4_gpu_core_neural_output_average_batched_1024_cuda_repeat00,3,neural_policy,output_average,social_trainable_parameters,7.847195956856012e-05
toy4,neural_output_average,batched,batched,cuda,1024,5,1,0,0,2,toy4_gpu_core_neural_output_average_batched_1024_cuda_repeat00,3,neural_policy,output_average,social_mix,0.0009993130806833506
toy4,neural_output_average,batched,batched,cuda,1024,5,1,0,0,2,toy4_gpu_core_neural_output_average_batched_1024_cuda_repeat00,3,neural_policy,output_average,social_loss_forward,0.0006186719983816147
toy4,neural_output_average,batched,batched,cuda,1024,5,1,0,0,2,toy4_gpu_core_neural_output_average_batched_1024_cuda_repeat00,3,neural_policy,output_average,social_autograd_grad,0.001024972996674478
toy4,neural_output_average,batched,batched,cuda,1024,5,1,0,0,2,toy4_gpu_core_neural_output_average_batched_1024_cuda_repeat00,3,neural_policy,output_average,social_adam_update,0.11979932896792889
toy4,neural_output_average,batched,batched,cuda,1024,5,1,0,0,2,toy4_gpu_core_neural_output_average_batched_1024_cuda_repeat00,3,neural_policy,output_average,social_optimizer_update,0.12166016595438123
toy4,neural_output_average,batched,batched,cuda,1024,5,1,0,0,2,toy4_gpu_core_neural_output_average_batched_1024_cuda_repeat00,3,neural_policy,output_average,social_loss_update,0.12345046596601605
toy4,neural_output_average,batched,batched,cuda,1024,5,1,0,0,2,toy4_gpu_core_neural_output_average_batched_1024_cuda_repeat00,3,neural_policy,output_average,social_distillation,0.12546453101094812
toy4,neural_output_average,batched,batched,cuda,1024,5,1,0,0,2,toy4_gpu_core_neural_output_average_batched_1024_cuda_repeat00,3,neural_policy,output_average,social_step,0.12550092197488993
toy4,neural_output_average,batched,batched,cuda,1024,5,1,0,0,2,toy4_gpu_core_neural_output_average_batched_1024_cuda_repeat00,3,neural_policy,output_average,sample_actions,9.038019925355911e-06
toy4,neural_output_average,batched,batched,cuda,1024,5,1,0,0,2,toy4_gpu_core_neural_output_average_batched_1024_cuda_repeat00,3,neural_policy,output_average,commit_actions,1.2835022062063217e-05
toy4,neural_output_average,batched,batched,cuda,1024,5,1,0,0,2,toy4_gpu_core_neural_output_average_batched_1024_cuda_repeat00,3,neural_policy,output_average,post_step_state_policy,5.2952906116843224e-05
toy4,neural_output_average,batched,batched,cuda,1024,5,1,0,0,2,toy4_gpu_core_neural_output_average_batched_1024_cuda_repeat00,3,neural_policy,output_average,update_payoff_ema,6.188999395817518e-05
toy4,neural_output_average,batched,batched,cuda,1024,5,1,0,0,2,toy4_gpu_core_neural_output_average_batched_1024_cuda_repeat00,3,neural_policy,output_average,update_reputation_ema,3.490806557238102e-05
toy4,neural_output_average,batched,batched,cuda,1024,5,1,0,0,2,toy4_gpu_core_neural_output_average_batched_1024_cuda_repeat00,3,neural_policy,output_average,mobility_swaps,4.75830165669322e-05
toy4,neural_output_average,batched,batched,cuda,1024,5,1,0,0,2,toy4_gpu_core_neural_output_average_batched_1024_cuda_repeat00,3,neural_policy,output_average,finalize_hook_step,2.0229024812579155e-05
toy4,neural_output_average,batched,batched,cuda,1024,5,1,0,0,2,toy4_gpu_core_neural_output_average_batched_1024_cuda_repeat00,3,neural_policy,output_average,hooked_step_total,0.18246640707366168
toy4,neural_output_average,batched,batched,cuda,1024,5,1,0,0,2,toy4_gpu_core_neural_output_average_batched_1024_cuda_repeat00,3,neural_policy,output_average,aggregate_row,0.06405864399857819
toy4,neural_output_average,batched,batched,cuda,1024,5,1,0,0,2,toy4_gpu_core_neural_output_average_batched_1024_cuda_repeat00,3,neural_policy,output_average,write_aggregate,0.00025039701722562313
toy4,neural_output_average,batched,batched,cuda,1024,5,1,0,0,2,toy4_gpu_core_neural_output_average_batched_1024_cuda_repeat00,4,neural_policy,output_average,sample_revision_mask,0.00011258909944444895
toy4,neural_output_average,batched,batched,cuda,1024,5,1,0,0,2,toy4_gpu_core_neural_output_average_batched_1024_cuda_repeat00,4,neural_policy,output_average,build_step_context,1.6601989045739174e-05
toy4,neural_output_average,batched,batched,cuda,1024,5,1,0,0,2,toy4_gpu_core_neural_output_average_batched_1024_cuda_repeat00,4,neural_policy,output_average,build_observations,0.009272344992496073
toy4,neural_output_average,batched,batched,cuda,1024,5,1,0,0,2,toy4_gpu_core_neural_output_average_batched_1024_cuda_repeat00,4,neural_policy,output_average,policy_readout,0.0016970490105450153
toy4,neural_output_average,batched,batched,cuda,1024,5,1,0,0,2,toy4_gpu_core_neural_output_average_batched_1024_cuda_repeat00,4,neural_policy,output_average,decision_selection,0.00562030600849539
toy4,neural_output_average,batched,batched,cuda,1024,5,1,0,0,2,toy4_gpu_core_neural_output_average_batched_1024_cuda_repeat00,4,neural_policy,output_average,local_trainable_parameters,0.0001504829851910472
toy4,neural_output_average,batched,batched,cuda,1024,5,1,0,0,2,toy4_gpu_core_neural_output_average_batched_1024_cuda_repeat00,4,neural_policy,output_average,local_loss_forward,0.0010247919708490372
toy4,neural_output_average,batched,batched,cuda,1024,5,1,0,0,2,toy4_gpu_core_neural_output_average_batched_1024_cuda_repeat00,4,neural_policy,output_average,local_autograd_grad,0.00240461400244385
toy4,neural_output_average,batched,batched,cuda,1024,5,1,0,0,2,toy4_gpu_core_neural_output_average_batched_1024_cuda_repeat00,4,neural_policy,output_average,local_adam_update,0.02613947307690978
toy4,neural_output_average,batched,batched,cuda,1024,5,1,0,0,2,toy4_gpu_core_neural_output_average_batched_1024_cuda_repeat00,4,neural_policy,output_average,local_optimizer_update,0.02912331302650273
toy4,neural_output_average,batched,batched,cuda,1024,5,1,0,0,2,toy4_gpu_core_neural_output_average_batched_1024_cuda_repeat00,4,neural_policy,output_average,local_loss_update,0.03037659008987248
toy4,neural_output_average,batched,batched,cuda,1024,5,1,0,0,2,toy4_gpu_core_neural_output_average_batched_1024_cuda_repeat00,4,neural_policy,output_average,local_training,0.03057778102811426
toy4,neural_output_average,batched,batched,cuda,1024,5,1,0,0,2,toy4_gpu_core_neural_output_average_batched_1024_cuda_repeat00,4,neural_policy,output_average,cache_refresh,2.0980951376259327e-05
toy4,neural_output_average,batched,batched,cuda,1024,5,1,0,0,2,toy4_gpu_core_neural_output_average_batched_1024_cuda_repeat00,4,neural_policy,output_average,post_local_readout,0.0007569009903818369
toy4,neural_output_average,batched,batched,cuda,1024,5,1,0,0,2,toy4_gpu_core_neural_output_average_batched_1024_cuda_repeat00,4,neural_policy,output_average,local_step,0.049126847996376455
toy4,neural_output_average,batched,batched,cuda,1024,5,1,0,0,2,toy4_gpu_core_neural_output_average_batched_1024_cuda_repeat00,4,neural_policy,output_average,select_peers,0.00018170406110584736
toy4,neural_output_average,batched,batched,cuda,1024,5,1,0,0,2,toy4_gpu_core_neural_output_average_batched_1024_cuda_repeat00,4,neural_policy,output_average,social_trainable_parameters,8.423393592238426e-05
toy4,neural_output_average,batched,batched,cuda,1024,5,1,0,0,2,toy4_gpu_core_neural_output_average_batched_1024_cuda_repeat00,4,neural_policy,output_average,social_mix,0.0010060559725388885
toy4,neural_output_average,batched,batched,cuda,1024,5,1,0,0,2,toy4_gpu_core_neural_output_average_batched_1024_cuda_repeat00,4,neural_policy,output_average,social_loss_forward,0.0006128209643065929
toy4,neural_output_average,batched,batched,cuda,1024,5,1,0,0,2,toy4_gpu_core_neural_output_average_batched_1024_cuda_repeat00,4,neural_policy,output_average,social_autograd_grad,0.0012312829494476318
toy4,neural_output_average,batched,batched,cuda,1024,5,1,0,0,2,toy4_gpu_core_neural_output_average_batched_1024_cuda_repeat00,4,neural_policy,output_average,social_adam_update,0.3891308041056618
toy4,neural_output_average,batched,batched,cuda,1024,5,1,0,0,2,toy4_gpu_core_neural_output_average_batched_1024_cuda_repeat00,4,neural_policy,output_average,social_optimizer_update,0.3912591220578179
toy4,neural_output_average,batched,batched,cuda,1024,5,1,0,0,2,toy4_gpu_core_neural_output_average_batched_1024_cuda_repeat00,4,neural_policy,output_average,social_loss_update,0.3931363800074905
toy4,neural_output_average,batched,batched,cuda,1024,5,1,0,0,2,toy4_gpu_core_neural_output_average_batched_1024_cuda_repeat00,4,neural_policy,output_average,social_distillation,0.3955204349476844
toy4,neural_output_average,batched,batched,cuda,1024,5,1,0,0,2,toy4_gpu_core_neural_output_average_batched_1024_cuda_repeat00,4,neural_policy,output_average,social_step,0.39555404998827726
toy4,neural_output_average,batched,batched,cuda,1024,5,1,0,0,2,toy4_gpu_core_neural_output_average_batched_1024_cuda_repeat00,4,neural_policy,output_average,sample_actions,1.4549004845321178e-05
toy4,neural_output_average,batched,batched,cuda,1024,5,1,0,0,2,toy4_gpu_core_neural_output_average_batched_1024_cuda_repeat00,4,neural_policy,output_average,commit_actions,4.540802910923958e-05
toy4,neural_output_average,batched,batched,cuda,1024,5,1,0,0,2,toy4_gpu_core_neural_output_average_batched_1024_cuda_repeat00,4,neural_policy,output_average,post_step_state_policy,6.699992809444666e-05
toy4,neural_output_average,batched,batched,cuda,1024,5,1,0,0,2,toy4_gpu_core_neural_output_average_batched_1024_cuda_repeat00,4,neural_policy,output_average,update_payoff_ema,8.72600357979536e-05
toy4,neural_output_average,batched,batched,cuda,1024,5,1,0,0,2,toy4_gpu_core_neural_output_average_batched_1024_cuda_repeat00,4,neural_policy,output_average,update_reputation_ema,5.6699966080486774e-05
toy4,neural_output_average,batched,batched,cuda,1024,5,1,0,0,2,toy4_gpu_core_neural_output_average_batched_1024_cuda_repeat00,4,neural_policy,output_average,mobility_swaps,6.162002682685852e-05
toy4,neural_output_average,batched,batched,cuda,1024,5,1,0,0,2,toy4_gpu_core_neural_output_average_batched_1024_cuda_repeat00,4,neural_policy,output_average,finalize_hook_step,3.1872070394456387e-05
toy4,neural_output_average,batched,batched,cuda,1024,5,1,0,0,2,toy4_gpu_core_neural_output_average_batched_1024_cuda_repeat00,4,neural_policy,output_average,hooked_step_total,0.4479729480808601
toy4,neural_output_average,batched,batched,cuda,1024,5,1,0,0,2,toy4_gpu_core_neural_output_average_batched_1024_cuda_repeat00,4,neural_policy,output_average,aggregate_row,0.058730895980261266
toy4,neural_output_average,batched,batched,cuda,1024,5,1,0,0,2,toy4_gpu_core_neural_output_average_batched_1024_cuda_repeat00,4,neural_policy,output_average,write_aggregate,0.00020772300194948912
toy4,neural_output_average,batched,batched,cuda,1024,5,1,0,0,2,toy4_gpu_core_neural_output_average_batched_1024_cuda_repeat00,5,neural_policy,output_average,sample_revision_mask,7.757009007036686e-05
toy4,neural_output_average,batched,batched,cuda,1024,5,1,0,0,2,toy4_gpu_core_neural_output_average_batched_1024_cuda_repeat00,5,neural_policy,output_average,build_step_context,2.674199640750885e-05
toy4,neural_output_average,batched,batched,cuda,1024,5,1,0,0,2,toy4_gpu_core_neural_output_average_batched_1024_cuda_repeat00,5,neural_policy,output_average,build_observations,0.00966947607230395
toy4,neural_output_average,batched,batched,cuda,1024,5,1,0,0,2,toy4_gpu_core_neural_output_average_batched_1024_cuda_repeat00,5,neural_policy,output_average,policy_readout,0.0017311649862676859
toy4,neural_output_average,batched,batched,cuda,1024,5,1,0,0,2,toy4_gpu_core_neural_output_average_batched_1024_cuda_repeat00,5,neural_policy,output_average,decision_selection,0.005628349957987666
toy4,neural_output_average,batched,batched,cuda,1024,5,1,0,0,2,toy4_gpu_core_neural_output_average_batched_1024_cuda_repeat00,5,neural_policy,output_average,local_trainable_parameters,0.0001801599282771349
toy4,neural_output_average,batched,batched,cuda,1024,5,1,0,0,2,toy4_gpu_core_neural_output_average_batched_1024_cuda_repeat00,5,neural_policy,output_average,local_loss_forward,0.0012889850186184049
toy4,neural_output_average,batched,batched,cuda,1024,5,1,0,0,2,toy4_gpu_core_neural_output_average_batched_1024_cuda_repeat00,5,neural_policy,output_average,local_autograd_grad,0.005114221014082432
toy4,neural_output_average,batched,batched,cuda,1024,5,1,0,0,2,toy4_gpu_core_neural_output_average_batched_1024_cuda_repeat00,5,neural_policy,output_average,local_adam_update,0.030931315035559237
toy4,neural_output_average,batched,batched,cuda,1024,5,1,0,0,2,toy4_gpu_core_neural_output_average_batched_1024_cuda_repeat00,5,neural_policy,output_average,local_optimizer_update,0.03681786800734699
toy4,neural_output_average,batched,batched,cuda,1024,5,1,0,0,2,toy4_gpu_core_neural_output_average_batched_1024_cuda_repeat00,5,neural_policy,output_average,local_loss_update,0.03847941698040813
toy4,neural_output_average,batched,batched,cuda,1024,5,1,0,0,2,toy4_gpu_core_neural_output_average_batched_1024_cuda_repeat00,5,neural_policy,output_average,local_training,0.03880753496196121
toy4,neural_output_average,batched,batched,cuda,1024,5,1,0,0,2,toy4_gpu_core_neural_output_average_batched_1024_cuda_repeat00,5,neural_policy,output_average,cache_refresh,2.9067043215036392e-05
toy4,neural_output_average,batched,batched,cuda,1024,5,1,0,0,2,toy4_gpu_core_neural_output_average_batched_1024_cuda_repeat00,5,neural_policy,output_average,post_local_readout,0.0011611570371314883
toy4,neural_output_average,batched,batched,cuda,1024,5,1,0,0,2,toy4_gpu_core_neural_output_average_batched_1024_cuda_repeat00,5,neural_policy,output_average,local_step,0.05869438103400171
toy4,neural_output_average,batched,batched,cuda,1024,5,1,0,0,2,toy4_gpu_core_neural_output_average_batched_1024_cuda_repeat00,5,neural_policy,output_average,select_peers,0.00021038891281932592
toy4,neural_output_average,batched,batched,cuda,1024,5,1,0,0,2,toy4_gpu_core_neural_output_average_batched_1024_cuda_repeat00,5,neural_policy,output_average,social_trainable_parameters,9.848095942288637e-05
toy4,neural_output_average,batched,batched,cuda,1024,5,1,0,0,2,toy4_gpu_core_neural_output_average_batched_1024_cuda_repeat00,5,neural_policy,output_average,social_mix,0.0009263809770345688
toy4,neural_output_average,batched,batched,cuda,1024,5,1,0,0,2,toy4_gpu_core_neural_output_average_batched_1024_cuda_repeat00,5,neural_policy,output_average,social_loss_forward,0.0005097710527479649
toy4,neural_output_average,batched,batched,cuda,1024,5,1,0,0,2,toy4_gpu_core_neural_output_average_batched_1024_cuda_repeat00,5,neural_policy,output_average,social_autograd_grad,0.002141022006981075
toy4,neural_output_average,batched,batched,cuda,1024,5,1,0,0,2,toy4_gpu_core_neural_output_average_batched_1024_cuda_repeat00,5,neural_policy,output_average,social_adam_update,0.12277063401415944
toy4,neural_output_average,batched,batched,cuda,1024,5,1,0,0,2,toy4_gpu_core_neural_output_average_batched_1024_cuda_repeat00,5,neural_policy,output_average,social_optimizer_update,0.1256737270159647
toy4,neural_output_average,batched,batched,cuda,1024,5,1,0,0,2,toy4_gpu_core_neural_output_average_batched_1024_cuda_repeat00,5,neural_policy,output_average,social_loss_update,0.12730792292859405
toy4,neural_output_average,batched,batched,cuda,1024,5,1,0,0,2,toy4_gpu_core_neural_output_average_batched_1024_cuda_repeat00,5,neural_policy,output_average,social_distillation,0.13013274397235364
toy4,neural_output_average,batched,batched,cuda,1024,5,1,0,0,2,toy4_gpu_core_neural_output_average_batched_1024_cuda_repeat00,5,neural_policy,output_average,social_step,0.1301750660641119
toy4,neural_output_average,batched,batched,cuda,1024,5,1,0,0,2,toy4_gpu_core_neural_output_average_batched_1024_cuda_repeat00,5,neural_policy,output_average,sample_actions,6.983987987041473e-06
toy4,neural_output_average,batched,batched,cuda,1024,5,1,0,0,2,toy4_gpu_core_neural_output_average_batched_1024_cuda_repeat00,5,neural_policy,output_average,commit_actions,1.3716984540224075e-05
toy4,neural_output_average,batched,batched,cuda,1024,5,1,0,0,2,toy4_gpu_core_neural_output_average_batched_1024_cuda_repeat00,5,neural_policy,output_average,post_step_state_policy,0.00024089799262583256
toy4,neural_output_average,batched,batched,cuda,1024,5,1,0,0,2,toy4_gpu_core_neural_output_average_batched_1024_cuda_repeat00,5,neural_policy,output_average,update_payoff_ema,7.04469857737422e-05
toy4,neural_output_average,batched,batched,cuda,1024,5,1,0,0,2,toy4_gpu_core_neural_output_average_batched_1024_cuda_repeat00,5,neural_policy,output_average,update_reputation_ema,5.9295096434652805e-05
toy4,neural_output_average,batched,batched,cuda,1024,5,1,0,0,2,toy4_gpu_core_neural_output_average_batched_1024_cuda_repeat00,5,neural_policy,output_average,mobility_swaps,5.2702962420880795e-05
toy4,neural_output_average,batched,batched,cuda,1024,5,1,0,0,2,toy4_gpu_core_neural_output_average_batched_1024_cuda_repeat00,5,neural_policy,output_average,finalize_hook_step,2.47579300776124e-05
toy4,neural_output_average,batched,batched,cuda,1024,5,1,0,0,2,toy4_gpu_core_neural_output_average_batched_1024_cuda_repeat00,5,neural_policy,output_average,hooked_step_total,0.19253977201879025
toy4,neural_output_average,batched,batched,cuda,1024,5,1,0,0,2,toy4_gpu_core_neural_output_average_batched_1024_cuda_repeat00,5,neural_policy,output_average,aggregate_row,0.04802620399277657
toy4,neural_output_average,batched,batched,cuda,1024,5,1,0,0,2,toy4_gpu_core_neural_output_average_batched_1024_cuda_repeat00,5,neural_policy,output_average,write_aggregate,0.00015956000424921513
toy4,neural_output_average,batched,batched,cuda,1024,5,1,1,0,2,toy4_gpu_core_neural_output_average_batched_1024_cuda_repeat01,0,neural_policy,output_average,make_run_dir,0.0005140500143170357
toy4,neural_output_average,batched,batched,cuda,1024,5,1,1,0,2,toy4_gpu_core_neural_output_average_batched_1024_cuda_repeat01,0,neural_policy,output_average,write_metadata,0.006381012964993715
toy4,neural_output_average,batched,batched,cuda,1024,5,1,1,0,2,toy4_gpu_core_neural_output_average_batched_1024_cuda_repeat01,0,neural_policy,output_average,initial_state,0.9197322279214859
toy4,neural_output_average,batched,batched,cuda,1024,5,1,1,0,2,toy4_gpu_core_neural_output_average_batched_1024_cuda_repeat01,0,neural_policy,output_average,writer_setup,0.005251606926321983
toy4,neural_output_average,batched,batched,cuda,1024,5,1,1,0,2,toy4_gpu_core_neural_output_average_batched_1024_cuda_repeat01,0,neural_policy,output_average,initial_step_result,0.026307333959266543
toy4,neural_output_average,batched,batched,cuda,1024,5,1,1,0,2,toy4_gpu_core_neural_output_average_batched_1024_cuda_repeat01,0,neural_policy,output_average,initial_aggregate_row,0.18921668594703078
toy4,neural_output_average,batched,batched,cuda,1024,5,1,1,0,2,toy4_gpu_core_neural_output_average_batched_1024_cuda_repeat01,0,neural_policy,output_average,write_initial_aggregate,0.0006113590206950903
toy4,neural_output_average,batched,batched,cuda,1024,5,1,1,0,2,toy4_gpu_core_neural_output_average_batched_1024_cuda_repeat01,1,neural_policy,output_average,sample_revision_mask,0.0004078829661011696
toy4,neural_output_average,batched,batched,cuda,1024,5,1,1,0,2,toy4_gpu_core_neural_output_average_batched_1024_cuda_repeat01,1,neural_policy,output_average,build_step_context,6.068800576031208e-05
toy4,neural_output_average,batched,batched,cuda,1024,5,1,1,0,2,toy4_gpu_core_neural_output_average_batched_1024_cuda_repeat01,1,neural_policy,output_average,build_observations,0.013501342968083918
toy4,neural_output_average,batched,batched,cuda,1024,5,1,1,0,2,toy4_gpu_core_neural_output_average_batched_1024_cuda_repeat01,1,neural_policy,output_average,policy_readout,0.004779169918037951
toy4,neural_output_average,batched,batched,cuda,1024,5,1,1,0,2,toy4_gpu_core_neural_output_average_batched_1024_cuda_repeat01,1,neural_policy,output_average,decision_selection,0.007012540008872747
toy4,neural_output_average,batched,batched,cuda,1024,5,1,1,0,2,toy4_gpu_core_neural_output_average_batched_1024_cuda_repeat01,1,neural_policy,output_average,local_trainable_parameters,0.0005298800533637404
toy4,neural_output_average,batched,batched,cuda,1024,5,1,1,0,2,toy4_gpu_core_neural_output_average_batched_1024_cuda_repeat01,1,neural_policy,output_average,local_loss_forward,0.008349539013579488
toy4,neural_output_average,batched,batched,cuda,1024,5,1,1,0,2,toy4_gpu_core_neural_output_average_batched_1024_cuda_repeat01,1,neural_policy,output_average,local_autograd_grad,0.005203725071623921
toy4,neural_output_average,batched,batched,cuda,1024,5,1,1,0,2,toy4_gpu_core_neural_output_average_batched_1024_cuda_repeat01,1,neural_policy,output_average,local_adam_update,0.04808479407802224
toy4,neural_output_average,batched,batched,cuda,1024,5,1,1,0,2,toy4_gpu_core_neural_output_average_batched_1024_cuda_repeat01,1,neural_policy,output_average,local_optimizer_update,0.055473615997470915
toy4,neural_output_average,batched,batched,cuda,1024,5,1,1,0,2,toy4_gpu_core_neural_output_average_batched_1024_cuda_repeat01,1,neural_policy,output_average,local_loss_update,0.39690356398932636
toy4,neural_output_average,batched,batched,cuda,1024,5,1,1,0,2,toy4_gpu_core_neural_output_average_batched_1024_cuda_repeat01,1,neural_policy,output_average,local_training,0.3975940759992227
toy4,neural_output_average,batched,batched,cuda,1024,5,1,1,0,2,toy4_gpu_core_neural_output_average_batched_1024_cuda_repeat01,1,neural_policy,output_average,cache_refresh,9.11779934540391e-05
toy4,neural_output_average,batched,batched,cuda,1024,5,1,1,0,2,toy4_gpu_core_neural_output_average_batched_1024_cuda_repeat01,1,neural_policy,output_average,post_local_readout,0.0038866050308570266
toy4,neural_output_average,batched,batched,cuda,1024,5,1,1,0,2,toy4_gpu_core_neural_output_average_batched_1024_cuda_repeat01,1,neural_policy,output_average,local_step,0.43195652693975717
toy4,neural_output_average,batched,batched,cuda,1024,5,1,1,0,2,toy4_gpu_core_neural_output_average_batched_1024_cuda_repeat01,1,neural_policy,output_average,select_peers,0.0006167689571157098
toy4,neural_output_average,batched,batched,cuda,1024,5,1,1,0,2,toy4_gpu_core_neural_output_average_batched_1024_cuda_repeat01,1,neural_policy,output_average,social_trainable_parameters,0.0004341138992458582
toy4,neural_output_average,batched,batched,cuda,1024,5,1,1,0,2,toy4_gpu_core_neural_output_average_batched_1024_cuda_repeat01,1,neural_policy,output_average,social_mix,0.004154545022174716
toy4,neural_output_average,batched,batched,cuda,1024,5,1,1,0,2,toy4_gpu_core_neural_output_average_batched_1024_cuda_repeat01,1,neural_policy,output_average,social_loss_forward,0.0017905199201777577
toy4,neural_output_average,batched,batched,cuda,1024,5,1,1,0,2,toy4_gpu_core_neural_output_average_batched_1024_cuda_repeat01,1,neural_policy,output_average,social_autograd_grad,0.00413338397629559
toy4,neural_output_average,batched,batched,cuda,1024,5,1,1,0,2,toy4_gpu_core_neural_output_average_batched_1024_cuda_repeat01,1,neural_policy,output_average,social_adam_update,0.22121782309841365
toy4,neural_output_average,batched,batched,cuda,1024,5,1,1,0,2,toy4_gpu_core_neural_output_average_batched_1024_cuda_repeat01,1,neural_policy,output_average,social_optimizer_update,0.22765843104571104
toy4,neural_output_average,batched,batched,cuda,1024,5,1,1,0,2,toy4_gpu_core_neural_output_average_batched_1024_cuda_repeat01,1,neural_policy,output_average,social_loss_update,0.23423403198830783
toy4,neural_output_average,batched,batched,cuda,1024,5,1,1,0,2,toy4_gpu_core_neural_output_average_batched_1024_cuda_repeat01,1,neural_policy,output_average,social_distillation,0.24328012496698648
toy4,neural_output_average,batched,batched,cuda,1024,5,1,1,0,2,toy4_gpu_core_neural_output_average_batched_1024_cuda_repeat01,1,neural_policy,output_average,social_step,0.24340809299610555
toy4,neural_output_average,batched,batched,cuda,1024,5,1,1,0,2,toy4_gpu_core_neural_output_average_batched_1024_cuda_repeat01,1,neural_policy,output_average,sample_actions,1.5650992281734943e-05
toy4,neural_output_average,batched,batched,cuda,1024,5,1,1,0,2,toy4_gpu_core_neural_output_average_batched_1024_cuda_repeat01,1,neural_policy,output_average,commit_actions,3.892602398991585e-05
toy4,neural_output_average,batched,batched,cuda,1024,5,1,1,0,2,toy4_gpu_core_neural_output_average_batched_1024_cuda_repeat01,1,neural_policy,output_average,post_step_state_policy,0.0001411339035257697
toy4,neural_output_average,batched,batched,cuda,1024,5,1,1,0,2,toy4_gpu_core_neural_output_average_batched_1024_cuda_repeat01,1,neural_policy,output_average,update_payoff_ema,0.0002049580216407776
toy4,neural_output_average,batched,batched,cuda,1024,5,1,1,0,2,toy4_gpu_core_neural_output_average_batched_1024_cuda_repeat01,1,neural_policy,output_average,update_reputation_ema,8.90830997377634e-05
toy4,neural_output_average,batched,batched,cuda,1024,5,1,1,0,2,toy4_gpu_core_neural_output_average_batched_1024_cuda_repeat01,1,neural_policy,output_average,mobility_swaps,0.00012910098303109407
toy4,neural_output_average,batched,batched,cuda,1024,5,1,1,0,2,toy4_gpu_core_neural_output_average_batched_1024_cuda_repeat01,1,neural_policy,output_average,finalize_hook_step,4.962598904967308e-05
toy4,neural_output_average,batched,batched,cuda,1024,5,1,1,0,2,toy4_gpu_core_neural_output_average_batched_1024_cuda_repeat01,1,neural_policy,output_average,hooked_step_total,0.6835250220028684
toy4,neural_output_average,batched,batched,cuda,1024,5,1,1,0,2,toy4_gpu_core_neural_output_average_batched_1024_cuda_repeat01,1,neural_policy,output_average,aggregate_row,0.1795823839493096
toy4,neural_output_average,batched,batched,cuda,1024,5,1,1,0,2,toy4_gpu_core_neural_output_average_batched_1024_cuda_repeat01,1,neural_policy,output_average,write_aggregate,0.00045723794028162956
toy4,neural_output_average,batched,batched,cuda,1024,5,1,1,0,2,toy4_gpu_core_neural_output_average_batched_1024_cuda_repeat01,2,neural_policy,output_average,sample_revision_mask,0.00021699105855077505
toy4,neural_output_average,batched,batched,cuda,1024,5,1,1,0,2,toy4_gpu_core_neural_output_average_batched_1024_cuda_repeat01,2,neural_policy,output_average,build_step_context,5.4545933380723e-05
toy4,neural_output_average,batched,batched,cuda,1024,5,1,1,0,2,toy4_gpu_core_neural_output_average_batched_1024_cuda_repeat01,2,neural_policy,output_average,build_observations,0.012894402025267482
toy4,neural_output_average,batched,batched,cuda,1024,5,1,1,0,2,toy4_gpu_core_neural_output_average_batched_1024_cuda_repeat01,2,neural_policy,output_average,policy_readout,0.0038143140263855457
toy4,neural_output_average,batched,batched,cuda,1024,5,1,1,0,2,toy4_gpu_core_neural_output_average_batched_1024_cuda_repeat01,2,neural_policy,output_average,decision_selection,0.006789696984924376
toy4,neural_output_average,batched,batched,cuda,1024,5,1,1,0,2,toy4_gpu_core_neural_output_average_batched_1024_cuda_repeat01,2,neural_policy,output_average,local_trainable_parameters,0.00044502492528408766
toy4,neural_output_average,batched,batched,cuda,1024,5,1,1,0,2,toy4_gpu_core_neural_output_average_batched_1024_cuda_repeat01,2,neural_policy,output_average,local_loss_forward,0.003345823031850159
toy4,neural_output_average,batched,batched,cuda,1024,5,1,1,0,2,toy4_gpu_core_neural_output_average_batched_1024_cuda_repeat01,2,neural_policy,output_average,local_autograd_grad,0.003845142899081111
toy4,neural_output_average,batched,batched,cuda,1024,5,1,1,0,2,toy4_gpu_core_neural_output_average_batched_1024_cuda_repeat01,2,neural_policy,output_average,local_adam_update,0.05056540097575635
toy4,neural_output_average,batched,batched,cuda,1024,5,1,1,0,2,toy4_gpu_core_neural_output_average_batched_1024_cuda_repeat01,2,neural_policy,output_average,local_optimizer_update,0.056261793011799455
toy4,neural_output_average,batched,batched,cuda,1024,5,1,1,0,2,toy4_gpu_core_neural_output_average_batched_1024_cuda_repeat01,2,neural_policy,output_average,local_loss_update,0.060631757020018995
toy4,neural_output_average,batched,batched,cuda,1024,5,1,1,0,2,toy4_gpu_core_neural_output_average_batched_1024_cuda_repeat01,2,neural_policy,output_average,local_training,0.0612281960202381
toy4,neural_output_average,batched,batched,cuda,1024,5,1,1,0,2,toy4_gpu_core_neural_output_average_batched_1024_cuda_repeat01,2,neural_policy,output_average,cache_refresh,0.00014557293616235256
toy4,neural_output_average,batched,batched,cuda,1024,5,1,1,0,2,toy4_gpu_core_neural_output_average_batched_1024_cuda_repeat01,2,neural_policy,output_average,post_local_readout,0.004102765000425279
toy4,neural_output_average,batched,batched,cuda,1024,5,1,1,0,2,toy4_gpu_core_neural_output_average_batched_1024_cuda_repeat01,2,neural_policy,output_average,local_step,0.09454076399561018
toy4,neural_output_average,batched,batched,cuda,1024,5,1,1,0,2,toy4_gpu_core_neural_output_average_batched_1024_cuda_repeat01,2,neural_policy,output_average,select_peers,0.0006835180101916194
toy4,neural_output_average,batched,batched,cuda,1024,5,1,1,0,2,toy4_gpu_core_neural_output_average_batched_1024_cuda_repeat01,2,neural_policy,output_average,social_trainable_parameters,0.0003553710412234068
toy4,neural_output_average,batched,batched,cuda,1024,5,1,1,0,2,toy4_gpu_core_neural_output_average_batched_1024_cuda_repeat01,2,neural_policy,output_average,social_mix,0.003948363941162825
toy4,neural_output_average,batched,batched,cuda,1024,5,1,1,0,2,toy4_gpu_core_neural_output_average_batched_1024_cuda_repeat01,2,neural_policy,output_average,social_loss_forward,0.002091736067086458
toy4,neural_output_average,batched,batched,cuda,1024,5,1,1,0,2,toy4_gpu_core_neural_output_average_batched_1024_cuda_repeat01,2,neural_policy,output_average,social_autograd_grad,0.0033918420085683465
toy4,neural_output_average,batched,batched,cuda,1024,5,1,1,0,2,toy4_gpu_core_neural_output_average_batched_1024_cuda_repeat01,2,neural_policy,output_average,social_adam_update,0.21394374000374228
toy4,neural_output_average,batched,batched,cuda,1024,5,1,1,0,2,toy4_gpu_core_neural_output_average_batched_1024_cuda_repeat01,2,neural_policy,output_average,social_optimizer_update,0.21950729400850832
toy4,neural_output_average,batched,batched,cuda,1024,5,1,1,0,2,toy4_gpu_core_neural_output_average_batched_1024_cuda_repeat01,2,neural_policy,output_average,social_loss_update,0.22631731000728905
toy4,neural_output_average,batched,batched,cuda,1024,5,1,1,0,2,toy4_gpu_core_neural_output_average_batched_1024_cuda_repeat01,2,neural_policy,output_average,social_distillation,0.23601720307487994
toy4,neural_output_average,batched,batched,cuda,1024,5,1,1,0,2,toy4_gpu_core_neural_output_average_batched_1024_cuda_repeat01,2,neural_policy,output_average,social_step,0.23614794795867056
toy4,neural_output_average,batched,batched,cuda,1024,5,1,1,0,2,toy4_gpu_core_neural_output_average_batched_1024_cuda_repeat01,2,neural_policy,output_average,sample_actions,1.8847058527171612e-05
toy4,neural_output_average,batched,batched,cuda,1024,5,1,1,0,2,toy4_gpu_core_neural_output_average_batched_1024_cuda_repeat01,2,neural_policy,output_average,commit_actions,5.175010301172733e-05
toy4,neural_output_average,batched,batched,cuda,1024,5,1,1,0,2,toy4_gpu_core_neural_output_average_batched_1024_cuda_repeat01,2,neural_policy,output_average,post_step_state_policy,0.00015244598034769297
toy4,neural_output_average,batched,batched,cuda,1024,5,1,1,0,2,toy4_gpu_core_neural_output_average_batched_1024_cuda_repeat01,2,neural_policy,output_average,update_payoff_ema,0.00021726195700466633
toy4,neural_output_average,batched,batched,cuda,1024,5,1,1,0,2,toy4_gpu_core_neural_output_average_batched_1024_cuda_repeat01,2,neural_policy,output_average,update_reputation_ema,0.00010349100921303034
toy4,neural_output_average,batched,batched,cuda,1024,5,1,1,0,2,toy4_gpu_core_neural_output_average_batched_1024_cuda_repeat01,2,neural_policy,output_average,mobility_swaps,0.00017728505190461874
toy4,neural_output_average,batched,batched,cuda,1024,5,1,1,0,2,toy4_gpu_core_neural_output_average_batched_1024_cuda_repeat01,2,neural_policy,output_average,finalize_hook_step,6.464601028710604e-05
toy4,neural_output_average,batched,batched,cuda,1024,5,1,1,0,2,toy4_gpu_core_neural_output_average_batched_1024_cuda_repeat01,2,neural_policy,output_average,hooked_step_total,0.34024623699951917
toy4,neural_output_average,batched,batched,cuda,1024,5,1,1,0,2,toy4_gpu_core_neural_output_average_batched_1024_cuda_repeat01,2,neural_policy,output_average,aggregate_row,0.1638927690219134
toy4,neural_output_average,batched,batched,cuda,1024,5,1,1,0,2,toy4_gpu_core_neural_output_average_batched_1024_cuda_repeat01,2,neural_policy,output_average,write_aggregate,0.00045118702109903097
toy4,neural_output_average,batched,batched,cuda,1024,5,1,1,0,2,toy4_gpu_core_neural_output_average_batched_1024_cuda_repeat01,3,neural_policy,output_average,sample_revision_mask,0.00025022600311785936
toy4,neural_output_average,batched,batched,cuda,1024,5,1,1,0,2,toy4_gpu_core_neural_output_average_batched_1024_cuda_repeat01,3,neural_policy,output_average,build_step_context,4.6331086196005344e-05
toy4,neural_output_average,batched,batched,cuda,1024,5,1,1,0,2,toy4_gpu_core_neural_output_average_batched_1024_cuda_repeat01,3,neural_policy,output_average,build_observations,0.0143636679276824
toy4,neural_output_average,batched,batched,cuda,1024,5,1,1,0,2,toy4_gpu_core_neural_output_average_batched_1024_cuda_repeat01,3,neural_policy,output_average,policy_readout,0.004233798012137413
toy4,neural_output_average,batched,batched,cuda,1024,5,1,1,0,2,toy4_gpu_core_neural_output_average_batched_1024_cuda_repeat01,3,neural_policy,output_average,decision_selection,0.007374183041974902
toy4,neural_output_average,batched,batched,cuda,1024,5,1,1,0,2,toy4_gpu_core_neural_output_average_batched_1024_cuda_repeat01,3,neural_policy,output_average,local_trainable_parameters,0.00044299091678112745
toy4,neural_output_average,batched,batched,cuda,1024,5,1,1,0,2,toy4_gpu_core_neural_output_average_batched_1024_cuda_repeat01,3,neural_policy,output_average,local_loss_forward,0.0033988660434260964
toy4,neural_output_average,batched,batched,cuda,1024,5,1,1,0,2,toy4_gpu_core_neural_output_average_batched_1024_cuda_repeat01,3,neural_policy,output_average,local_autograd_grad,0.012922646943479776
toy4,neural_output_average,batched,batched,cuda,1024,5,1,1,0,2,toy4_gpu_core_neural_output_average_batched_1024_cuda_repeat01,3,neural_policy,output_average,local_adam_update,0.0625461480813101
toy4,neural_output_average,batched,batched,cuda,1024,5,1,1,0,2,toy4_gpu_core_neural_output_average_batched_1024_cuda_repeat01,3,neural_policy,output_average,local_optimizer_update,0.07795142906252295
toy4,neural_output_average,batched,batched,cuda,1024,5,1,1,0,2,toy4_gpu_core_neural_output_average_batched_1024_cuda_repeat01,3,neural_policy,output_average,local_loss_update,0.08268770494032651
toy4,neural_output_average,batched,batched,cuda,1024,5,1,1,0,2,toy4_gpu_core_neural_output_average_batched_1024_cuda_repeat01,3,neural_policy,output_average,local_training,0.08333775901701301
toy4,neural_output_average,batched,batched,cuda,1024,5,1,1,0,2,toy4_gpu_core_neural_output_average_batched_1024_cuda_repeat01,3,neural_policy,output_average,cache_refresh,0.0002831009915098548
toy4,neural_output_average,batched,batched,cuda,1024,5,1,1,0,2,toy4_gpu_core_neural_output_average_batched_1024_cuda_repeat01,3,neural_policy,output_average,post_local_readout,0.0052720269886776805
toy4,neural_output_average,batched,batched,cuda,1024,5,1,1,0,2,toy4_gpu_core_neural_output_average_batched_1024_cuda_repeat01,3,neural_policy,output_average,local_step,0.12229763297364116
toy4,neural_output_average,batched,batched,cuda,1024,5,1,1,0,2,toy4_gpu_core_neural_output_average_batched_1024_cuda_repeat01,3,neural_policy,output_average,select_peers,0.0005983730079606175
toy4,neural_output_average,batched,batched,cuda,1024,5,1,1,0,2,toy4_gpu_core_neural_output_average_batched_1024_cuda_repeat01,3,neural_policy,output_average,social_trainable_parameters,0.0003980930196121335
toy4,neural_output_average,batched,batched,cuda,1024,5,1,1,0,2,toy4_gpu_core_neural_output_average_batched_1024_cuda_repeat01,3,neural_policy,output_average,social_mix,0.0026499099330976605
toy4,neural_output_average,batched,batched,cuda,1024,5,1,1,0,2,toy4_gpu_core_neural_output_average_batched_1024_cuda_repeat01,3,neural_policy,output_average,social_loss_forward,0.0017381180077791214
toy4,neural_output_average,batched,batched,cuda,1024,5,1,1,0,2,toy4_gpu_core_neural_output_average_batched_1024_cuda_repeat01,3,neural_policy,output_average,social_autograd_grad,0.007341037970036268
toy4,neural_output_average,batched,batched,cuda,1024,5,1,1,0,2,toy4_gpu_core_neural_output_average_batched_1024_cuda_repeat01,3,neural_policy,output_average,social_adam_update,0.23868664097972214
toy4,neural_output_average,batched,batched,cuda,1024,5,1,1,0,2,toy4_gpu_core_neural_output_average_batched_1024_cuda_repeat01,3,neural_policy,output_average,social_optimizer_update,0.24844986700918525
toy4,neural_output_average,batched,batched,cuda,1024,5,1,1,0,2,toy4_gpu_core_neural_output_average_batched_1024_cuda_repeat01,3,neural_policy,output_average,social_loss_update,0.25356545904651284
toy4,neural_output_average,batched,batched,cuda,1024,5,1,1,0,2,toy4_gpu_core_neural_output_average_batched_1024_cuda_repeat01,3,neural_policy,output_average,social_distillation,0.26555131399072707
toy4,neural_output_average,batched,batched,cuda,1024,5,1,1,0,2,toy4_gpu_core_neural_output_average_batched_1024_cuda_repeat01,3,neural_policy,output_average,social_step,0.2657409720122814
toy4,neural_output_average,batched,batched,cuda,1024,5,1,1,0,2,toy4_gpu_core_neural_output_average_batched_1024_cuda_repeat01,3,neural_policy,output_average,sample_actions,2.8986018151044846e-05
toy4,neural_output_average,batched,batched,cuda,1024,5,1,1,0,2,toy4_gpu_core_neural_output_average_batched_1024_cuda_repeat01,3,neural_policy,output_average,commit_actions,5.2561983466148376e-05
toy4,neural_output_average,batched,batched,cuda,1024,5,1,1,0,2,toy4_gpu_core_neural_output_average_batched_1024_cuda_repeat01,3,neural_policy,output_average,post_step_state_policy,0.00018808594904839993
toy4,neural_output_average,batched,batched,cuda,1024,5,1,1,0,2,toy4_gpu_core_neural_output_average_batched_1024_cuda_repeat01,3,neural_policy,output_average,update_payoff_ema,0.0003924629418179393
toy4,neural_output_average,batched,batched,cuda,1024,5,1,1,0,2,toy4_gpu_core_neural_output_average_batched_1024_cuda_repeat01,3,neural_policy,output_average,update_reputation_ema,0.00017679401207715273
toy4,neural_output_average,batched,batched,cuda,1024,5,1,1,0,2,toy4_gpu_core_neural_output_average_batched_1024_cuda_repeat01,3,neural_policy,output_average,mobility_swaps,0.0002172419335693121
toy4,neural_output_average,batched,batched,cuda,1024,5,1,1,0,2,toy4_gpu_core_neural_output_average_batched_1024_cuda_repeat01,3,neural_policy,output_average,finalize_hook_step,0.00011535396333783865
toy4,neural_output_average,batched,batched,cuda,1024,5,1,1,0,2,toy4_gpu_core_neural_output_average_batched_1024_cuda_repeat01,3,neural_policy,output_average,hooked_step_total,0.3998152039712295
toy4,neural_output_average,batched,batched,cuda,1024,5,1,1,0,2,toy4_gpu_core_neural_output_average_batched_1024_cuda_repeat01,3,neural_policy,output_average,aggregate_row,0.20941487897653133
toy4,neural_output_average,batched,batched,cuda,1024,5,1,1,0,2,toy4_gpu_core_neural_output_average_batched_1024_cuda_repeat01,3,neural_policy,output_average,write_aggregate,0.0008274880237877369
toy4,neural_output_average,batched,batched,cuda,1024,5,1,1,0,2,toy4_gpu_core_neural_output_average_batched_1024_cuda_repeat01,4,neural_policy,output_average,sample_revision_mask,0.0004487429978325963
toy4,neural_output_average,batched,batched,cuda,1024,5,1,1,0,2,toy4_gpu_core_neural_output_average_batched_1024_cuda_repeat01,4,neural_policy,output_average,build_step_context,8.977402467280626e-05
toy4,neural_output_average,batched,batched,cuda,1024,5,1,1,0,2,toy4_gpu_core_neural_output_average_batched_1024_cuda_repeat01,4,neural_policy,output_average,build_observations,0.0170277840225026
toy4,neural_output_average,batched,batched,cuda,1024,5,1,1,0,2,toy4_gpu_core_neural_output_average_batched_1024_cuda_repeat01,4,neural_policy,output_average,policy_readout,0.005238792044110596
toy4,neural_output_average,batched,batched,cuda,1024,5,1,1,0,2,toy4_gpu_core_neural_output_average_batched_1024_cuda_repeat01,4,neural_policy,output_average,decision_selection,0.007174163009040058
toy4,neural_output_average,batched,batched,cuda,1024,5,1,1,0,2,toy4_gpu_core_neural_output_average_batched_1024_cuda_repeat01,4,neural_policy,output_average,local_trainable_parameters,0.000478119938634336
toy4,neural_output_average,batched,batched,cuda,1024,5,1,1,0,2,toy4_gpu_core_neural_output_average_batched_1024_cuda_repeat01,4,neural_policy,output_average,local_loss_forward,0.003957772045396268
toy4,neural_output_average,batched,batched,cuda,1024,5,1,1,0,2,toy4_gpu_core_neural_output_average_batched_1024_cuda_repeat01,4,neural_policy,output_average,local_autograd_grad,0.005200548097491264
toy4,neural_output_average,batched,batched,cuda,1024,5,1,1,0,2,toy4_gpu_core_neural_output_average_batched_1024_cuda_repeat01,4,neural_policy,output_average,local_adam_update,0.060749410069547594
toy4,neural_output_average,batched,batched,cuda,1024,5,1,1,0,2,toy4_gpu_core_neural_output_average_batched_1024_cuda_repeat01,4,neural_policy,output_average,local_optimizer_update,0.06845139991492033
toy4,neural_output_average,batched,batched,cuda,1024,5,1,1,0,2,toy4_gpu_core_neural_output_average_batched_1024_cuda_repeat01,4,neural_policy,output_average,local_loss_update,0.073586629005149
toy4,neural_output_average,batched,batched,cuda,1024,5,1,1,0,2,toy4_gpu_core_neural_output_average_batched_1024_cuda_repeat01,4,neural_policy,output_average,local_training,0.07429073797538877
toy4,neural_output_average,batched,batched,cuda,1024,5,1,1,0,2,toy4_gpu_core_neural_output_average_batched_1024_cuda_repeat01,4,neural_policy,output_average,cache_refresh,8.157803677022457e-05
toy4,neural_output_average,batched,batched,cuda,1024,5,1,1,0,2,toy4_gpu_core_neural_output_average_batched_1024_cuda_repeat01,4,neural_policy,output_average,post_local_readout,0.004371797083877027
toy4,neural_output_average,batched,batched,cuda,1024,5,1,1,0,2,toy4_gpu_core_neural_output_average_batched_1024_cuda_repeat01,4,neural_policy,output_average,local_step,0.11555070907343179
toy4,neural_output_average,batched,batched,cuda,1024,5,1,1,0,2,toy4_gpu_core_neural_output_average_batched_1024_cuda_repeat01,4,neural_policy,output_average,select_peers,0.0009323019767180085
toy4,neural_output_average,batched,batched,cuda,1024,5,1,1,0,2,toy4_gpu_core_neural_output_average_batched_1024_cuda_repeat01,4,neural_policy,output_average,social_trainable_parameters,0.00038590002804994583
toy4,neural_output_average,batched,batched,cuda,1024,5,1,1,0,2,toy4_gpu_core_neural_output_average_batched_1024_cuda_repeat01,4,neural_policy,output_average,social_mix,0.0039888020837679505
toy4,neural_output_average,batched,batched,cuda,1024,5,1,1,0,2,toy4_gpu_core_neural_output_average_batched_1024_cuda_repeat01,4,neural_policy,output_average,social_loss_forward,0.002256095060147345
toy4,neural_output_average,batched,batched,cuda,1024,5,1,1,0,2,toy4_gpu_core_neural_output_average_batched_1024_cuda_repeat01,4,neural_policy,output_average,social_autograd_grad,0.006531805032864213
toy4,neural_output_average,batched,batched,cuda,1024,5,1,1,0,2,toy4_gpu_core_neural_output_average_batched_1024_cuda_repeat01,4,neural_policy,output_average,social_adam_update,0.43009385699406266
toy4,neural_output_average,batched,batched,cuda,1024,5,1,1,0,2,toy4_gpu_core_neural_output_average_batched_1024_cuda_repeat01,4,neural_policy,output_average,social_optimizer_update,0.44035145197995007
toy4,neural_output_average,batched,batched,cuda,1024,5,1,1,0,2,toy4_gpu_core_neural_output_average_batched_1024_cuda_repeat01,4,neural_policy,output_average,social_loss_update,0.44814363692421466
toy4,neural_output_average,batched,batched,cuda,1024,5,1,1,0,2,toy4_gpu_core_neural_output_average_batched_1024_cuda_repeat01,4,neural_policy,output_average,social_distillation,0.4617588670225814
toy4,neural_output_average,batched,batched,cuda,1024,5,1,1,0,2,toy4_gpu_core_neural_output_average_batched_1024_cuda_repeat01,4,neural_policy,output_average,social_step,0.46188164595514536
toy4,neural_output_average,batched,batched,cuda,1024,5,1,1,0,2,toy4_gpu_core_neural_output_average_batched_1024_cuda_repeat01,4,neural_policy,output_average,sample_actions,2.07400880753994e-05
toy4,neural_output_average,batched,batched,cuda,1024,5,1,1,0,2,toy4_gpu_core_neural_output_average_batched_1024_cuda_repeat01,4,neural_policy,output_average,commit_actions,6.704998668283224e-05
toy4,neural_output_average,batched,batched,cuda,1024,5,1,1,0,2,toy4_gpu_core_neural_output_average_batched_1024_cuda_repeat01,4,neural_policy,output_average,post_step_state_policy,0.00021740200463682413
toy4,neural_output_average,batched,batched,cuda,1024,5,1,1,0,2,toy4_gpu_core_neural_output_average_batched_1024_cuda_repeat01,4,neural_policy,output_average,update_payoff_ema,0.0003505609929561615
toy4,neural_output_average,batched,batched,cuda,1024,5,1,1,0,2,toy4_gpu_core_neural_output_average_batched_1024_cuda_repeat01,4,neural_policy,output_average,update_reputation_ema,0.000130373053252697
toy4,neural_output_average,batched,batched,cuda,1024,5,1,1,0,2,toy4_gpu_core_neural_output_average_batched_1024_cuda_repeat01,4,neural_policy,output_average,mobility_swaps,0.00013469206169247627
toy4,neural_output_average,batched,batched,cuda,1024,5,1,1,0,2,toy4_gpu_core_neural_output_average_batched_1024_cuda_repeat01,4,neural_policy,output_average,finalize_hook_step,7.720990106463432e-05
toy4,neural_output_average,batched,batched,cuda,1024,5,1,1,0,2,toy4_gpu_core_neural_output_average_batched_1024_cuda_repeat01,4,neural_policy,output_average,hooked_step_total,0.5890990300104022
toy4,neural_output_average,batched,batched,cuda,1024,5,1,1,0,2,toy4_gpu_core_neural_output_average_batched_1024_cuda_repeat01,4,neural_policy,output_average,aggregate_row,1.123962759040296
toy4,neural_output_average,batched,batched,cuda,1024,5,1,1,0,2,toy4_gpu_core_neural_output_average_batched_1024_cuda_repeat01,4,neural_policy,output_average,write_aggregate,0.000621677958406508
toy4,neural_output_average,batched,batched,cuda,1024,5,1,1,0,2,toy4_gpu_core_neural_output_average_batched_1024_cuda_repeat01,5,neural_policy,output_average,sample_revision_mask,0.0003003830788657069
toy4,neural_output_average,batched,batched,cuda,1024,5,1,1,0,2,toy4_gpu_core_neural_output_average_batched_1024_cuda_repeat01,5,neural_policy,output_average,build_step_context,9.035598486661911e-05
toy4,neural_output_average,batched,batched,cuda,1024,5,1,1,0,2,toy4_gpu_core_neural_output_average_batched_1024_cuda_repeat01,5,neural_policy,output_average,build_observations,0.01601116603706032
toy4,neural_output_average,batched,batched,cuda,1024,5,1,1,0,2,toy4_gpu_core_neural_output_average_batched_1024_cuda_repeat01,5,neural_policy,output_average,policy_readout,0.006519710063003004
toy4,neural_output_average,batched,batched,cuda,1024,5,1,1,0,2,toy4_gpu_core_neural_output_average_batched_1024_cuda_repeat01,5,neural_policy,output_average,decision_selection,0.010464054998010397
toy4,neural_output_average,batched,batched,cuda,1024,5,1,1,0,2,toy4_gpu_core_neural_output_average_batched_1024_cuda_repeat01,5,neural_policy,output_average,local_trainable_parameters,0.0007705379975959659
toy4,neural_output_average,batched,batched,cuda,1024,5,1,1,0,2,toy4_gpu_core_neural_output_average_batched_1024_cuda_repeat01,5,neural_policy,output_average,local_loss_forward,0.004847309901379049
toy4,neural_output_average,batched,batched,cuda,1024,5,1,1,0,2,toy4_gpu_core_neural_output_average_batched_1024_cuda_repeat01,5,neural_policy,output_average,local_autograd_grad,0.007289086002856493
toy4,neural_output_average,batched,batched,cuda,1024,5,1,1,0,2,toy4_gpu_core_neural_output_average_batched_1024_cuda_repeat01,5,neural_policy,output_average,local_adam_update,0.08582735504023731
toy4,neural_output_average,batched,batched,cuda,1024,5,1,1,0,2,toy4_gpu_core_neural_output_average_batched_1024_cuda_repeat01,5,neural_policy,output_average,local_optimizer_update,0.09609222400467843
toy4,neural_output_average,batched,batched,cuda,1024,5,1,1,0,2,toy4_gpu_core_neural_output_average_batched_1024_cuda_repeat01,5,neural_policy,output_average,local_loss_update,0.1029982449254021
toy4,neural_output_average,batched,batched,cuda,1024,5,1,1,0,2,toy4_gpu_core_neural_output_average_batched_1024_cuda_repeat01,5,neural_policy,output_average,local_training,0.10404322599060833
toy4,neural_output_average,batched,batched,cuda,1024,5,1,1,0,2,toy4_gpu_core_neural_output_average_batched_1024_cuda_repeat01,5,neural_policy,output_average,cache_refresh,0.00018335599452257156
toy4,neural_output_average,batched,batched,cuda,1024,5,1,1,0,2,toy4_gpu_core_neural_output_average_batched_1024_cuda_repeat01,5,neural_policy,output_average,post_local_readout,0.007292662048712373
toy4,neural_output_average,batched,batched,cuda,1024,5,1,1,0,2,toy4_gpu_core_neural_output_average_batched_1024_cuda_repeat01,5,neural_policy,output_average,local_step,0.15502089401707053
toy4,neural_output_average,batched,batched,cuda,1024,5,1,1,0,2,toy4_gpu_core_neural_output_average_batched_1024_cuda_repeat01,5,neural_policy,output_average,select_peers,0.0010939959902316332
toy4,neural_output_average,batched,batched,cuda,1024,5,1,1,0,2,toy4_gpu_core_neural_output_average_batched_1024_cuda_repeat01,5,neural_policy,output_average,social_trainable_parameters,0.0005720020271837711
toy4,neural_output_average,batched,batched,cuda,1024,5,1,1,0,2,toy4_gpu_core_neural_output_average_batched_1024_cuda_repeat01,5,neural_policy,output_average,social_mix,0.005187531001865864
toy4,neural_output_average,batched,batched,cuda,1024,5,1,1,0,2,toy4_gpu_core_neural_output_average_batched_1024_cuda_repeat01,5,neural_policy,output_average,social_loss_forward,0.003032884909771383
toy4,neural_output_average,batched,batched,cuda,1024,5,1,1,0,2,toy4_gpu_core_neural_output_average_batched_1024_cuda_repeat01,5,neural_policy,output_average,social_autograd_grad,0.006641236017458141
toy4,neural_output_average,batched,batched,cuda,1024,5,1,1,0,2,toy4_gpu_core_neural_output_average_batched_1024_cuda_repeat01,5,neural_policy,output_average,social_adam_update,0.2958929929882288
toy4,neural_output_average,batched,batched,cuda,1024,5,1,1,0,2,toy4_gpu_core_neural_output_average_batched_1024_cuda_repeat01,5,neural_policy,output_average,social_optimizer_update,0.3057773420587182
toy4,neural_output_average,batched,batched,cuda,1024,5,1,1,0,2,toy4_gpu_core_neural_output_average_batched_1024_cuda_repeat01,5,neural_policy,output_average,social_loss_update,0.31492224405519664
toy4,neural_output_average,batched,batched,cuda,1024,5,1,1,0,2,toy4_gpu_core_neural_output_average_batched_1024_cuda_repeat01,5,neural_policy,output_average,social_distillation,0.3280964969890192
toy4,neural_output_average,batched,batched,cuda,1024,5,1,1,0,2,toy4_gpu_core_neural_output_average_batched_1024_cuda_repeat01,5,neural_policy,output_average,social_step,0.3282584920525551
toy4,neural_output_average,batched,batched,cuda,1024,5,1,1,0,2,toy4_gpu_core_neural_output_average_batched_1024_cuda_repeat01,5,neural_policy,output_average,sample_actions,4.203105345368385e-05
toy4,neural_output_average,batched,batched,cuda,1024,5,1,1,0,2,toy4_gpu_core_neural_output_average_batched_1024_cuda_repeat01,5,neural_policy,output_average,commit_actions,3.914698027074337e-05
toy4,neural_output_average,batched,batched,cuda,1024,5,1,1,0,2,toy4_gpu_core_neural_output_average_batched_1024_cuda_repeat01,5,neural_policy,output_average,post_step_state_policy,0.00015441002324223518
toy4,neural_output_average,batched,batched,cuda,1024,5,1,1,0,2,toy4_gpu_core_neural_output_average_batched_1024_cuda_repeat01,5,neural_policy,output_average,update_payoff_ema,0.0003057739231735468
toy4,neural_output_average,batched,batched,cuda,1024,5,1,1,0,2,toy4_gpu_core_neural_output_average_batched_1024_cuda_repeat01,5,neural_policy,output_average,update_reputation_ema,0.00012728699948638678
toy4,neural_output_average,batched,batched,cuda,1024,5,1,1,0,2,toy4_gpu_core_neural_output_average_batched_1024_cuda_repeat01,5,neural_policy,output_average,mobility_swaps,0.00018643203657120466
toy4,neural_output_average,batched,batched,cuda,1024,5,1,1,0,2,toy4_gpu_core_neural_output_average_batched_1024_cuda_repeat01,5,neural_policy,output_average,finalize_hook_step,8.36830586194992e-05
toy4,neural_output_average,batched,batched,cuda,1024,5,1,1,0,2,toy4_gpu_core_neural_output_average_batched_1024_cuda_repeat01,5,neural_policy,output_average,hooked_step_total,0.49714837002102286
toy4,neural_output_average,batched,batched,cuda,1024,5,1,1,0,2,toy4_gpu_core_neural_output_average_batched_1024_cuda_repeat01,5,neural_policy,output_average,aggregate_row,0.19876247097272426
toy4,neural_output_average,batched,batched,cuda,1024,5,1,1,0,2,toy4_gpu_core_neural_output_average_batched_1024_cuda_repeat01,5,neural_policy,output_average,write_aggregate,0.0005826529813930392
toy4,neural_output_average,tensor_batched,tensor_batched,cpu,1024,5,1,0,0,2,toy4_gpu_core_neural_output_average_tensor_batched_1024_cpu_repeat00,0,neural_policy,output_average,make_run_dir,0.003114533028565347
toy4,neural_output_average,tensor_batched,tensor_batched,cpu,1024,5,1,0,0,2,toy4_gpu_core_neural_output_average_tensor_batched_1024_cpu_repeat00,0,neural_policy,output_average,write_metadata,0.009818980935961008
toy4,neural_output_average,tensor_batched,tensor_batched,cpu,1024,5,1,0,0,2,toy4_gpu_core_neural_output_average_tensor_batched_1024_cpu_repeat00,0,neural_policy,output_average,initial_state,0.6627594369929284
toy4,neural_output_average,tensor_batched,tensor_batched,cpu,1024,5,1,0,0,2,toy4_gpu_core_neural_output_average_tensor_batched_1024_cpu_repeat00,0,neural_policy,output_average,writer_setup,0.0013179510133340955
toy4,neural_output_average,tensor_batched,tensor_batched,cpu,1024,5,1,0,0,2,toy4_gpu_core_neural_output_average_tensor_batched_1024_cpu_repeat00,0,neural_policy,output_average,initial_step_result,0.013538249069824815
toy4,neural_output_average,tensor_batched,tensor_batched,cpu,1024,5,1,0,0,2,toy4_gpu_core_neural_output_average_tensor_batched_1024_cpu_repeat00,0,neural_policy,output_average,initial_aggregate_row,0.05160162702668458
toy4,neural_output_average,tensor_batched,tensor_batched,cpu,1024,5,1,0,0,2,toy4_gpu_core_neural_output_average_tensor_batched_1024_cpu_repeat00,0,neural_policy,output_average,write_initial_aggregate,0.00018991006072610617
toy4,neural_output_average,tensor_batched,tensor_batched,cpu,1024,5,1,0,0,2,toy4_gpu_core_neural_output_average_tensor_batched_1024_cpu_repeat00,1,neural_policy,output_average,sample_revision_mask,0.00010195793583989143
toy4,neural_output_average,tensor_batched,tensor_batched,cpu,1024,5,1,0,0,2,toy4_gpu_core_neural_output_average_tensor_batched_1024_cpu_repeat00,1,neural_policy,output_average,build_step_context,2.01190123334527e-05
toy4,neural_output_average,tensor_batched,tensor_batched,cpu,1024,5,1,0,0,2,toy4_gpu_core_neural_output_average_tensor_batched_1024_cpu_repeat00,1,neural_policy,output_average,build_observations,0.009267970104701817
toy4,neural_output_average,tensor_batched,tensor_batched,cpu,1024,5,1,0,0,2,toy4_gpu_core_neural_output_average_tensor_batched_1024_cpu_repeat00,1,neural_policy,output_average,policy_readout,0.003741992055438459
toy4,neural_output_average,tensor_batched,tensor_batched,cpu,1024,5,1,0,0,2,toy4_gpu_core_neural_output_average_tensor_batched_1024_cpu_repeat00,1,neural_policy,output_average,decision_selection,0.006838609930127859
toy4,neural_output_average,tensor_batched,tensor_batched,cpu,1024,5,1,0,0,2,toy4_gpu_core_neural_output_average_tensor_batched_1024_cpu_repeat00,1,neural_policy,output_average,local_trainable_parameters,0.000793042010627687
toy4,neural_output_average,tensor_batched,tensor_batched,cpu,1024,5,1,0,0,2,toy4_gpu_core_neural_output_average_tensor_batched_1024_cpu_repeat00,1,neural_policy,output_average,local_loss_forward,0.0015526269562542439
toy4,neural_output_average,tensor_batched,tensor_batched,cpu,1024,5,1,0,0,2,toy4_gpu_core_neural_output_average_tensor_batched_1024_cpu_repeat00,1,neural_policy,output_average,local_autograd_grad,0.002068298985250294
toy4,neural_output_average,tensor_batched,tensor_batched,cpu,1024,5,1,0,0,2,toy4_gpu_core_neural_output_average_tensor_batched_1024_cpu_repeat00,1,neural_policy,output_average,local_adam_update,0.004237144021317363
toy4,neural_output_average,tensor_batched,tensor_batched,cpu,1024,5,1,0,0,2,toy4_gpu_core_neural_output_average_tensor_batched_1024_cpu_repeat00,1,neural_policy,output_average,local_optimizer_update,0.0068244419526308775
toy4,neural_output_average,tensor_batched,tensor_batched,cpu,1024,5,1,0,0,2,toy4_gpu_core_neural_output_average_tensor_batched_1024_cpu_repeat00,1,neural_policy,output_average,local_loss_update,0.008397417957894504
toy4,neural_output_average,tensor_batched,tensor_batched,cpu,1024,5,1,0,0,2,toy4_gpu_core_neural_output_average_tensor_batched_1024_cpu_repeat00,1,neural_policy,output_average,local_training,0.009319570963270962
toy4,neural_output_average,tensor_batched,tensor_batched,cpu,1024,5,1,0,0,2,toy4_gpu_core_neural_output_average_tensor_batched_1024_cpu_repeat00,1,neural_policy,output_average,cache_refresh,6.112037226557732e-06
toy4,neural_output_average,tensor_batched,tensor_batched,cpu,1024,5,1,0,0,2,toy4_gpu_core_neural_output_average_tensor_batched_1024_cpu_repeat00,1,neural_policy,output_average,post_local_readout,0.00029078603256493807
toy4,neural_output_average,tensor_batched,tensor_batched,cpu,1024,5,1,0,0,2,toy4_gpu_core_neural_output_average_tensor_batched_1024_cpu_repeat00,1,neural_policy,output_average,local_step,0.030069424072280526
toy4,neural_output_average,tensor_batched,tensor_batched,cpu,1024,5,1,0,0,2,toy4_gpu_core_neural_output_average_tensor_batched_1024_cpu_repeat00,1,neural_policy,output_average,select_peers,9.381200652569532e-05
toy4,neural_output_average,tensor_batched,tensor_batched,cpu,1024,5,1,0,0,2,toy4_gpu_core_neural_output_average_tensor_batched_1024_cpu_repeat00,1,neural_policy,output_average,social_mix,0.0006064489716663957
toy4,neural_output_average,tensor_batched,tensor_batched,cpu,1024,5,1,0,0,2,toy4_gpu_core_neural_output_average_tensor_batched_1024_cpu_repeat00,1,neural_policy,output_average,social_loss_forward,0.000542024034075439
toy4,neural_output_average,tensor_batched,tensor_batched,cpu,1024,5,1,0,0,2,toy4_gpu_core_neural_output_average_tensor_batched_1024_cpu_repeat00,1,neural_policy,output_average,social_autograd_grad,0.0008468050509691238
toy4,neural_output_average,tensor_batched,tensor_batched,cpu,1024,5,1,0,0,2,toy4_gpu_core_neural_output_average_tensor_batched_1024_cpu_repeat00,1,neural_policy,output_average,social_adam_update,0.0021426239982247353
toy4,neural_output_average,tensor_batched,tensor_batched,cpu,1024,5,1,0,0,2,toy4_gpu_core_neural_output_average_tensor_batched_1024_cpu_repeat00,1,neural_policy,output_average,social_optimizer_update,0.0033532660454511642
toy4,neural_output_average,tensor_batched,tensor_batched,cpu,1024,5,1,0,0,2,toy4_gpu_core_neural_output_average_tensor_batched_1024_cpu_repeat00,1,neural_policy,output_average,social_distillation,0.0051517520332708955
toy4,neural_output_average,tensor_batched,tensor_batched,cpu,1024,5,1,0,0,2,toy4_gpu_core_neural_output_average_tensor_batched_1024_cpu_repeat00,1,neural_policy,output_average,social_step,0.00517062796279788
toy4,neural_output_average,tensor_batched,tensor_batched,cpu,1024,5,1,0,0,2,toy4_gpu_core_neural_output_average_tensor_batched_1024_cpu_repeat00,1,neural_policy,output_average,sample_actions,1.193024218082428e-06
toy4,neural_output_average,tensor_batched,tensor_batched,cpu,1024,5,1,0,0,2,toy4_gpu_core_neural_output_average_tensor_batched_1024_cpu_repeat00,1,neural_policy,output_average,commit_actions,7.754890248179436e-06
toy4,neural_output_average,tensor_batched,tensor_batched,cpu,1024,5,1,0,0,2,toy4_gpu_core_neural_output_average_tensor_batched_1024_cpu_repeat00,1,neural_policy,output_average,post_step_state_policy,5.345395766198635e-05
toy4,neural_output_average,tensor_batched,tensor_batched,cpu,1024,5,1,0,0,2,toy4_gpu_core_neural_output_average_tensor_batched_1024_cpu_repeat00,1,neural_policy,output_average,update_payoff_ema,4.75229462608695e-05
toy4,neural_output_average,tensor_batched,tensor_batched,cpu,1024,5,1,0,0,2,toy4_gpu_core_neural_output_average_tensor_batched_1024_cpu_repeat00,1,neural_policy,output_average,update_reputation_ema,2.337503246963024e-05
toy4,neural_output_average,tensor_batched,tensor_batched,cpu,1024,5,1,0,0,2,toy4_gpu_core_neural_output_average_tensor_batched_1024_cpu_repeat00,1,neural_policy,output_average,mobility_swaps,2.7864007279276848e-05
toy4,neural_output_average,tensor_batched,tensor_batched,cpu,1024,5,1,0,0,2,toy4_gpu_core_neural_output_average_tensor_batched_1024_cpu_repeat00,1,neural_policy,output_average,finalize_hook_step,1.2384029105305672e-05
toy4,neural_output_average,tensor_batched,tensor_batched,cpu,1024,5,1,0,0,2,toy4_gpu_core_neural_output_average_tensor_batched_1024_cpu_repeat00,1,neural_policy,output_average,hooked_step_total,0.036539366003125906
toy4,neural_output_average,tensor_batched,tensor_batched,cpu,1024,5,1,0,0,2,toy4_gpu_core_neural_output_average_tensor_batched_1024_cpu_repeat00,1,neural_policy,output_average,aggregate_row,0.0945587590103969
toy4,neural_output_average,tensor_batched,tensor_batched,cpu,1024,5,1,0,0,2,toy4_gpu_core_neural_output_average_tensor_batched_1024_cpu_repeat00,1,neural_policy,output_average,write_aggregate,0.0015569750685244799
toy4,neural_output_average,tensor_batched,tensor_batched,cpu,1024,5,1,0,0,2,toy4_gpu_core_neural_output_average_tensor_batched_1024_cpu_repeat00,2,neural_policy,output_average,sample_revision_mask,0.0006093640113249421
toy4,neural_output_average,tensor_batched,tensor_batched,cpu,1024,5,1,0,0,2,toy4_gpu_core_neural_output_average_tensor_batched_1024_cpu_repeat00,2,neural_policy,output_average,build_step_context,0.00018761493265628815
toy4,neural_output_average,tensor_batched,tensor_batched,cpu,1024,5,1,0,0,2,toy4_gpu_core_neural_output_average_tensor_batched_1024_cpu_repeat00,2,neural_policy,output_average,build_observations,0.016700954060070217
toy4,neural_output_average,tensor_batched,tensor_batched,cpu,1024,5,1,0,0,2,toy4_gpu_core_neural_output_average_tensor_batched_1024_cpu_repeat00,2,neural_policy,output_average,policy_readout,0.010748325963504612
toy4,neural_output_average,tensor_batched,tensor_batched,cpu,1024,5,1,0,0,2,toy4_gpu_core_neural_output_average_tensor_batched_1024_cpu_repeat00,2,neural_policy,output_average,decision_selection,0.008148673921823502
toy4,neural_output_average,tensor_batched,tensor_batched,cpu,1024,5,1,0,0,2,toy4_gpu_core_neural_output_average_tensor_batched_1024_cpu_repeat00,2,neural_policy,output_average,local_trainable_parameters,0.002968639018945396
toy4,neural_output_average,tensor_batched,tensor_batched,cpu,1024,5,1,0,0,2,toy4_gpu_core_neural_output_average_tensor_batched_1024_cpu_repeat00,2,neural_policy,output_average,local_loss_forward,0.006348376045934856
toy4,neural_output_average,tensor_batched,tensor_batched,cpu,1024,5,1,0,0,2,toy4_gpu_core_neural_output_average_tensor_batched_1024_cpu_repeat00,2,neural_policy,output_average,local_autograd_grad,0.011987964971922338
toy4,neural_output_average,tensor_batched,tensor_batched,cpu,1024,5,1,0,0,2,toy4_gpu_core_neural_output_average_tensor_batched_1024_cpu_repeat00,2,neural_policy,output_average,local_adam_update,0.01512824697420001
toy4,neural_output_average,tensor_batched,tensor_batched,cpu,1024,5,1,0,0,2,toy4_gpu_core_neural_output_average_tensor_batched_1024_cpu_repeat00,2,neural_policy,output_average,local_optimizer_update,0.028951528947800398
toy4,neural_output_average,tensor_batched,tensor_batched,cpu,1024,5,1,0,0,2,toy4_gpu_core_neural_output_average_tensor_batched_1024_cpu_repeat00,2,neural_policy,output_average,local_loss_update,0.03539186296984553
toy4,neural_output_average,tensor_batched,tensor_batched,cpu,1024,5,1,0,0,2,toy4_gpu_core_neural_output_average_tensor_batched_1024_cpu_repeat00,2,neural_policy,output_average,local_training,0.03890617296565324
toy4,neural_output_average,tensor_batched,tensor_batched,cpu,1024,5,1,0,0,2,toy4_gpu_core_neural_output_average_tensor_batched_1024_cpu_repeat00,2,neural_policy,output_average,cache_refresh,2.612103708088398e-05
toy4,neural_output_average,tensor_batched,tensor_batched,cpu,1024,5,1,0,0,2,toy4_gpu_core_neural_output_average_tensor_batched_1024_cpu_repeat00,2,neural_policy,output_average,post_local_readout,0.0022411150857806206
toy4,neural_output_average,tensor_batched,tensor_batched,cpu,1024,5,1,0,0,2,toy4_gpu_core_neural_output_average_tensor_batched_1024_cpu_repeat00,2,neural_policy,output_average,local_step,0.08032893599011004
toy4,neural_output_average,tensor_batched,tensor_batched,cpu,1024,5,1,0,0,2,toy4_gpu_core_neural_output_average_tensor_batched_1024_cpu_repeat00,2,neural_policy,output_average,select_peers,0.0007607580628246069
toy4,neural_output_average,tensor_batched,tensor_batched,cpu,1024,5,1,0,0,2,toy4_gpu_core_neural_output_average_tensor_batched_1024_cpu_repeat00,2,neural_policy,output_average,social_mix,0.005206136964261532
toy4,neural_output_average,tensor_batched,tensor_batched,cpu,1024,5,1,0,0,2,toy4_gpu_core_neural_output_average_tensor_batched_1024_cpu_repeat00,2,neural_policy,output_average,social_loss_forward,0.002780121983960271
toy4,neural_output_average,tensor_batched,tensor_batched,cpu,1024,5,1,0,0,2,toy4_gpu_core_neural_output_average_tensor_batched_1024_cpu_repeat00,2,neural_policy,output_average,social_autograd_grad,0.003615124966017902
toy4,neural_output_average,tensor_batched,tensor_batched,cpu,1024,5,1,0,0,2,toy4_gpu_core_neural_output_average_tensor_batched_1024_cpu_repeat00,2,neural_policy,output_average,social_adam_update,0.00922631798312068
toy4,neural_output_average,tensor_batched,tensor_batched,cpu,1024,5,1,0,0,2,toy4_gpu_core_neural_output_average_tensor_batched_1024_cpu_repeat00,2,neural_policy,output_average,social_optimizer_update,0.013735049986280501
toy4,neural_output_average,tensor_batched,tensor_batched,cpu,1024,5,1,0,0,2,toy4_gpu_core_neural_output_average_tensor_batched_1024_cpu_repeat00,2,neural_policy,output_average,social_distillation,0.027706920984201133
toy4,neural_output_average,tensor_batched,tensor_batched,cpu,1024,5,1,0,0,2,toy4_gpu_core_neural_output_average_tensor_batched_1024_cpu_repeat00,2,neural_policy,output_average,social_step,0.027811564039438963
toy4,neural_output_average,tensor_batched,tensor_batched,cpu,1024,5,1,0,0,2,toy4_gpu_core_neural_output_average_tensor_batched_1024_cpu_repeat00,2,neural_policy,output_average,sample_actions,1.3576005585491657e-05
toy4,neural_output_average,tensor_batched,tensor_batched,cpu,1024,5,1,0,0,2,toy4_gpu_core_neural_output_average_tensor_batched_1024_cpu_repeat00,2,neural_policy,output_average,commit_actions,5.1941024139523506e-05
toy4,neural_output_average,tensor_batched,tensor_batched,cpu,1024,5,1,0,0,2,toy4_gpu_core_neural_output_average_tensor_batched_1024_cpu_repeat00,2,neural_policy,output_average,post_step_state_policy,0.0003141510533168912
toy4,neural_output_average,tensor_batched,tensor_batched,cpu,1024,5,1,0,0,2,toy4_gpu_core_neural_output_average_tensor_batched_1024_cpu_repeat00,2,neural_policy,output_average,update_payoff_ema,0.00033995090052485466
toy4,neural_output_average,tensor_batched,tensor_batched,cpu,1024,5,1,0,0,2,toy4_gpu_core_neural_output_average_tensor_batched_1024_cpu_repeat00,2,neural_policy,output_average,update_reputation_ema,0.00014360900968313217
toy4,neural_output_average,tensor_batched,tensor_batched,cpu,1024,5,1,0,0,2,toy4_gpu_core_neural_output_average_tensor_batched_1024_cpu_repeat00,2,neural_policy,output_average,mobility_swaps,0.00018364598508924246
toy4,neural_output_average,tensor_batched,tensor_batched,cpu,1024,5,1,0,0,2,toy4_gpu_core_neural_output_average_tensor_batched_1024_cpu_repeat00,2,neural_policy,output_average,finalize_hook_step,6.240198854357004e-05
toy4,neural_output_average,tensor_batched,tensor_batched,cpu,1024,5,1,0,0,2,toy4_gpu_core_neural_output_average_tensor_batched_1024_cpu_repeat00,2,neural_policy,output_average,hooked_step_total,0.1179193020798266
toy4,neural_output_average,tensor_batched,tensor_batched,cpu,1024,5,1,0,0,2,toy4_gpu_core_neural_output_average_tensor_batched_1024_cpu_repeat00,2,neural_policy,output_average,aggregate_row,0.25261937198229134
toy4,neural_output_average,tensor_batched,tensor_batched,cpu,1024,5,1,0,0,2,toy4_gpu_core_neural_output_average_tensor_batched_1024_cpu_repeat00,2,neural_policy,output_average,write_aggregate,0.000916621065698564
toy4,neural_output_average,tensor_batched,tensor_batched,cpu,1024,5,1,0,0,2,toy4_gpu_core_neural_output_average_tensor_batched_1024_cpu_repeat00,3,neural_policy,output_average,sample_revision_mask,0.0005301600322127342
toy4,neural_output_average,tensor_batched,tensor_batched,cpu,1024,5,1,0,0,2,toy4_gpu_core_neural_output_average_tensor_batched_1024_cpu_repeat00,3,neural_policy,output_average,build_step_context,0.00013826903887093067
toy4,neural_output_average,tensor_batched,tensor_batched,cpu,1024,5,1,0,0,2,toy4_gpu_core_neural_output_average_tensor_batched_1024_cpu_repeat00,3,neural_policy,output_average,build_observations,0.019076699973084033
toy4,neural_output_average,tensor_batched,tensor_batched,cpu,1024,5,1,0,0,2,toy4_gpu_core_neural_output_average_tensor_batched_1024_cpu_repeat00,3,neural_policy,output_average,policy_readout,0.012824060046114028
toy4,neural_output_average,tensor_batched,tensor_batched,cpu,1024,5,1,0,0,2,toy4_gpu_core_neural_output_average_tensor_batched_1024_cpu_repeat00,3,neural_policy,output_average,decision_selection,0.01047502493020147
toy4,neural_output_average,tensor_batched,tensor_batched,cpu,1024,5,1,0,0,2,toy4_gpu_core_neural_output_average_tensor_batched_1024_cpu_repeat00,3,neural_policy,output_average,local_trainable_parameters,0.005057377042248845
toy4,neural_output_average,tensor_batched,tensor_batched,cpu,1024,5,1,0,0,2,toy4_gpu_core_neural_output_average_tensor_batched_1024_cpu_repeat00,3,neural_policy,output_average,local_loss_forward,0.0074571610894054174
toy4,neural_output_average,tensor_batched,tensor_batched,cpu,1024,5,1,0,0,2,toy4_gpu_core_neural_output_average_tensor_batched_1024_cpu_repeat00,3,neural_policy,output_average,local_autograd_grad,0.011158372974023223
toy4,neural_output_average,tensor_batched,tensor_batched,cpu,1024,5,1,0,0,2,toy4_gpu_core_neural_output_average_tensor_batched_1024_cpu_repeat00,3,neural_policy,output_average,local_adam_update,0.019366622902452946
toy4,neural_output_average,tensor_batched,tensor_batched,cpu,1024,5,1,0,0,2,toy4_gpu_core_neural_output_average_tensor_batched_1024_cpu_repeat00,3,neural_policy,output_average,local_optimizer_update,0.03218910004943609
toy4,neural_output_average,tensor_batched,tensor_batched,cpu,1024,5,1,0,0,2,toy4_gpu_core_neural_output_average_tensor_batched_1024_cpu_repeat00,3,neural_policy,output_average,local_loss_update,0.03973464295268059
toy4,neural_output_average,tensor_batched,tensor_batched,cpu,1024,5,1,0,0,2,toy4_gpu_core_neural_output_average_tensor_batched_1024_cpu_repeat00,3,neural_policy,output_average,local_training,0.045482301036827266
toy4,neural_output_average,tensor_batched,tensor_batched,cpu,1024,5,1,0,0,2,toy4_gpu_core_neural_output_average_tensor_batched_1024_cpu_repeat00,3,neural_policy,output_average,cache_refresh,1.6411067917943e-05
toy4,neural_output_average,tensor_batched,tensor_batched,cpu,1024,5,1,0,0,2,toy4_gpu_core_neural_output_average_tensor_batched_1024_cpu_repeat00,3,neural_policy,output_average,post_local_readout,0.000993529916740954
toy4,neural_output_average,tensor_batched,tensor_batched,cpu,1024,5,1,0,0,2,toy4_gpu_core_neural_output_average_tensor_batched_1024_cpu_repeat00,3,neural_policy,output_average,local_step,0.09122305491473526
toy4,neural_output_average,tensor_batched,tensor_batched,cpu,1024,5,1,0,0,2,toy4_gpu_core_neural_output_average_tensor_batched_1024_cpu_repeat00,3,neural_policy,output_average,select_peers,0.00012793904170393944
toy4,neural_output_average,tensor_batched,tensor_batched,cpu,1024,5,1,0,0,2,toy4_gpu_core_neural_output_average_tensor_batched_1024_cpu_repeat00,3,neural_policy,output_average,social_mix,0.0007869800319895148
toy4,neural_output_average,tensor_batched,tensor_batched,cpu,1024,5,1,0,0,2,toy4_gpu_core_neural_output_average_tensor_batched_1024_cpu_repeat00,3,neural_policy,output_average,social_loss_forward,0.0008087609894573689
toy4,neural_output_average,tensor_batched,tensor_batched,cpu,1024,5,1,0,0,2,toy4_gpu_core_neural_output_average_tensor_batched_1024_cpu_repeat00,3,neural_policy,output_average,social_autograd_grad,0.0016849539242684841
toy4,neural_output_average,tensor_batched,tensor_batched,cpu,1024,5,1,0,0,2,toy4_gpu_core_neural_output_average_tensor_batched_1024_cpu_repeat00,3,neural_policy,output_average,social_adam_update,0.002371107926592231
toy4,neural_output_average,tensor_batched,tensor_batched,cpu,1024,5,1,0,0,2,toy4_gpu_core_neural_output_average_tensor_batched_1024_cpu_repeat00,3,neural_policy,output_average,social_optimizer_update,0.004463774035684764
toy4,neural_output_average,tensor_batched,tensor_batched,cpu,1024,5,1,0,0,2,toy4_gpu_core_neural_output_average_tensor_batched_1024_cpu_repeat00,3,neural_policy,output_average,social_distillation,0.007218227023258805
toy4,neural_output_average,tensor_batched,tensor_batched,cpu,1024,5,1,0,0,2,toy4_gpu_core_neural_output_average_tensor_batched_1024_cpu_repeat00,3,neural_policy,output_average,social_step,0.0072399890050292015
toy4,neural_output_average,tensor_batched,tensor_batched,cpu,1024,5,1,0,0,2,toy4_gpu_core_neural_output_average_tensor_batched_1024_cpu_repeat00,3,neural_policy,output_average,sample_actions,2.334010787308216e-06
toy4,neural_output_average,tensor_batched,tensor_batched,cpu,1024,5,1,0,0,2,toy4_gpu_core_neural_output_average_tensor_batched_1024_cpu_repeat00,3,neural_policy,output_average,commit_actions,1.1792988516390324e-05
toy4,neural_output_average,tensor_batched,tensor_batched,cpu,1024,5,1,0,0,2,toy4_gpu_core_neural_output_average_tensor_batched_1024_cpu_repeat00,3,neural_policy,output_average,post_step_state_policy,0.00011040398385375738
toy4,neural_output_average,tensor_batched,tensor_batched,cpu,1024,5,1,0,0,2,toy4_gpu_core_neural_output_average_tensor_batched_1024_cpu_repeat00,3,neural_policy,output_average,update_payoff_ema,6.768200546503067e-05
toy4,neural_output_average,tensor_batched,tensor_batched,cpu,1024,5,1,0,0,2,toy4_gpu_core_neural_output_average_tensor_batched_1024_cpu_repeat00,3,neural_policy,output_average,update_reputation_ema,4.544795956462622e-05
toy4,neural_output_average,tensor_batched,tensor_batched,cpu,1024,5,1,0,0,2,toy4_gpu_core_neural_output_average_tensor_batched_1024_cpu_repeat00,3,neural_policy,output_average,mobility_swaps,7.778091821819544e-05
toy4,neural_output_average,tensor_batched,tensor_batched,cpu,1024,5,1,0,0,2,toy4_gpu_core_neural_output_average_tensor_batched_1024_cpu_repeat00,3,neural_policy,output_average,finalize_hook_step,1.876696478575468e-05
toy4,neural_output_average,tensor_batched,tensor_batched,cpu,1024,5,1,0,0,2,toy4_gpu_core_neural_output_average_tensor_batched_1024_cpu_repeat00,3,neural_policy,output_average,hooked_step_total,0.10154998302459717
toy4,neural_output_average,tensor_batched,tensor_batched,cpu,1024,5,1,0,0,2,toy4_gpu_core_neural_output_average_tensor_batched_1024_cpu_repeat00,3,neural_policy,output_average,aggregate_row,0.042544562951661646
toy4,neural_output_average,tensor_batched,tensor_batched,cpu,1024,5,1,0,0,2,toy4_gpu_core_neural_output_average_tensor_batched_1024_cpu_repeat00,3,neural_policy,output_average,write_aggregate,0.00021473807282745838
toy4,neural_output_average,tensor_batched,tensor_batched,cpu,1024,5,1,0,0,2,toy4_gpu_core_neural_output_average_tensor_batched_1024_cpu_repeat00,4,neural_policy,output_average,sample_revision_mask,8.774991147220135e-05
toy4,neural_output_average,tensor_batched,tensor_batched,cpu,1024,5,1,0,0,2,toy4_gpu_core_neural_output_average_tensor_batched_1024_cpu_repeat00,4,neural_policy,output_average,build_step_context,2.850499004125595e-05
toy4,neural_output_average,tensor_batched,tensor_batched,cpu,1024,5,1,0,0,2,toy4_gpu_core_neural_output_average_tensor_batched_1024_cpu_repeat00,4,neural_policy,output_average,build_observations,0.009640773991122842
toy4,neural_output_average,tensor_batched,tensor_batched,cpu,1024,5,1,0,0,2,toy4_gpu_core_neural_output_average_tensor_batched_1024_cpu_repeat00,4,neural_policy,output_average,policy_readout,0.0032711669337004423
toy4,neural_output_average,tensor_batched,tensor_batched,cpu,1024,5,1,0,0,2,toy4_gpu_core_neural_output_average_tensor_batched_1024_cpu_repeat00,4,neural_policy,output_average,decision_selection,0.006889077019877732
toy4,neural_output_average,tensor_batched,tensor_batched,cpu,1024,5,1,0,0,2,toy4_gpu_core_neural_output_average_tensor_batched_1024_cpu_repeat00,4,neural_policy,output_average,local_trainable_parameters,0.0009026839397847652
toy4,neural_output_average,tensor_batched,tensor_batched,cpu,1024,5,1,0,0,2,toy4_gpu_core_neural_output_average_tensor_batched_1024_cpu_repeat00,4,neural_policy,output_average,local_loss_forward,0.0016673700883984566
toy4,neural_output_average,tensor_batched,tensor_batched,cpu,1024,5,1,0,0,2,toy4_gpu_core_neural_output_average_tensor_batched_1024_cpu_repeat00,4,neural_policy,output_average,local_autograd_grad,0.002144687925465405
toy4,neural_output_average,tensor_batched,tensor_batched,cpu,1024,5,1,0,0,2,toy4_gpu_core_neural_output_average_tensor_batched_1024_cpu_repeat00,4,neural_policy,output_average,local_adam_update,0.0058081059250980616
toy4,neural_output_average,tensor_batched,tensor_batched,cpu,1024,5,1,0,0,2,toy4_gpu_core_neural_output_average_tensor_batched_1024_cpu_repeat00,4,neural_policy,output_average,local_optimizer_update,0.00852050690446049
toy4,neural_output_average,tensor_batched,tensor_batched,cpu,1024,5,1,0,0,2,toy4_gpu_core_neural_output_average_tensor_batched_1024_cpu_repeat00,4,neural_policy,output_average,local_loss_update,0.0102113529574126
toy4,neural_output_average,tensor_batched,tensor_batched,cpu,1024,5,1,0,0,2,toy4_gpu_core_neural_output_average_tensor_batched_1024_cpu_repeat00,4,neural_policy,output_average,local_training,0.011241834959946573
toy4,neural_output_average,tensor_batched,tensor_batched,cpu,1024,5,1,0,0,2,toy4_gpu_core_neural_output_average_tensor_batched_1024_cpu_repeat00,4,neural_policy,output_average,cache_refresh,9.53790731728077e-06
toy4,neural_output_average,tensor_batched,tensor_batched,cpu,1024,5,1,0,0,2,toy4_gpu_core_neural_output_average_tensor_batched_1024_cpu_repeat00,4,neural_policy,output_average,post_local_readout,0.0003800889244303107
toy4,neural_output_average,tensor_batched,tensor_batched,cpu,1024,5,1,0,0,2,toy4_gpu_core_neural_output_average_tensor_batched_1024_cpu_repeat00,4,neural_policy,output_average,local_step,0.032271840958856046
toy4,neural_output_average,tensor_batched,tensor_batched,cpu,1024,5,1,0,0,2,toy4_gpu_core_neural_output_average_tensor_batched_1024_cpu_repeat00,4,neural_policy,output_average,select_peers,0.00010019494220614433
toy4,neural_output_average,tensor_batched,tensor_batched,cpu,1024,5,1,0,0,2,toy4_gpu_core_neural_output_average_tensor_batched_1024_cpu_repeat00,4,neural_policy,output_average,social_mix,0.0007175439968705177
toy4,neural_output_average,tensor_batched,tensor_batched,cpu,1024,5,1,0,0,2,toy4_gpu_core_neural_output_average_tensor_batched_1024_cpu_repeat00,4,neural_policy,output_average,social_loss_forward,0.0007944240933284163
toy4,neural_output_average,tensor_batched,tensor_batched,cpu,1024,5,1,0,0,2,toy4_gpu_core_neural_output_average_tensor_batched_1024_cpu_repeat00,4,neural_policy,output_average,social_autograd_grad,0.001250279019586742
toy4,neural_output_average,tensor_batched,tensor_batched,cpu,1024,5,1,0,0,2,toy4_gpu_core_neural_output_average_tensor_batched_1024_cpu_repeat00,4,neural_policy,output_average,social_adam_update,0.0025367389898747206
toy4,neural_output_average,tensor_batched,tensor_batched,cpu,1024,5,1,0,0,2,toy4_gpu_core_neural_output_average_tensor_batched_1024_cpu_repeat00,4,neural_policy,output_average,social_optimizer_update,0.00415207794867456
toy4,neural_output_average,tensor_batched,tensor_batched,cpu,1024,5,1,0,0,2,toy4_gpu_core_neural_output_average_tensor_batched_1024_cpu_repeat00,4,neural_policy,output_average,social_distillation,0.006443200982175767
toy4,neural_output_average,tensor_batched,tensor_batched,cpu,1024,5,1,0,0,2,toy4_gpu_core_neural_output_average_tensor_batched_1024_cpu_repeat00,4,neural_policy,output_average,social_step,0.006468620034866035
toy4,neural_output_average,tensor_batched,tensor_batched,cpu,1024,5,1,0,0,2,toy4_gpu_core_neural_output_average_tensor_batched_1024_cpu_repeat00,4,neural_policy,output_average,sample_actions,2.2440217435359955e-06
toy4,neural_output_average,tensor_batched,tensor_batched,cpu,1024,5,1,0,0,2,toy4_gpu_core_neural_output_average_tensor_batched_1024_cpu_repeat00,4,neural_policy,output_average,commit_actions,1.0820920579135418e-05
toy4,neural_output_average,tensor_batched,tensor_batched,cpu,1024,5,1,0,0,2,toy4_gpu_core_neural_output_average_tensor_batched_1024_cpu_repeat00,4,neural_policy,output_average,post_step_state_policy,0.00010938302148133516
toy4,neural_output_average,tensor_batched,tensor_batched,cpu,1024,5,1,0,0,2,toy4_gpu_core_neural_output_average_tensor_batched_1024_cpu_repeat00,4,neural_policy,output_average,update_payoff_ema,4.9626920372247696e-05
toy4,neural_output_average,tensor_batched,tensor_batched,cpu,1024,5,1,0,0,2,toy4_gpu_core_neural_output_average_tensor_batched_1024_cpu_repeat00,4,neural_policy,output_average,update_reputation_ema,4.154001362621784e-05
toy4,neural_output_average,tensor_batched,tensor_batched,cpu,1024,5,1,0,0,2,toy4_gpu_core_neural_output_average_tensor_batched_1024_cpu_repeat00,4,neural_policy,output_average,mobility_swaps,6.204098463058472e-05
toy4,neural_output_average,tensor_batched,tensor_batched,cpu,1024,5,1,0,0,2,toy4_gpu_core_neural_output_average_tensor_batched_1024_cpu_repeat00,4,neural_policy,output_average,finalize_hook_step,2.1331943571567535e-05
toy4,neural_output_average,tensor_batched,tensor_batched,cpu,1024,5,1,0,0,2,toy4_gpu_core_neural_output_average_tensor_batched_1024_cpu_repeat00,4,neural_policy,output_average,hooked_step_total,0.04061823000665754
toy4,neural_output_average,tensor_batched,tensor_batched,cpu,1024,5,1,0,0,2,toy4_gpu_core_neural_output_average_tensor_batched_1024_cpu_repeat00,4,neural_policy,output_average,aggregate_row,0.036494186031632125
toy4,neural_output_average,tensor_batched,tensor_batched,cpu,1024,5,1,0,0,2,toy4_gpu_core_neural_output_average_tensor_batched_1024_cpu_repeat00,4,neural_policy,output_average,write_aggregate,0.0001944579416885972
toy4,neural_output_average,tensor_batched,tensor_batched,cpu,1024,5,1,0,0,2,toy4_gpu_core_neural_output_average_tensor_batched_1024_cpu_repeat00,5,neural_policy,output_average,sample_revision_mask,8.848193101584911e-05
toy4,neural_output_average,tensor_batched,tensor_batched,cpu,1024,5,1,0,0,2,toy4_gpu_core_neural_output_average_tensor_batched_1024_cpu_repeat00,5,neural_policy,output_average,build_step_context,4.476692993193865e-05
toy4,neural_output_average,tensor_batched,tensor_batched,cpu,1024,5,1,0,0,2,toy4_gpu_core_neural_output_average_tensor_batched_1024_cpu_repeat00,5,neural_policy,output_average,build_observations,0.00927505292929709
toy4,neural_output_average,tensor_batched,tensor_batched,cpu,1024,5,1,0,0,2,toy4_gpu_core_neural_output_average_tensor_batched_1024_cpu_repeat00,5,neural_policy,output_average,policy_readout,0.0032557169906795025
toy4,neural_output_average,tensor_batched,tensor_batched,cpu,1024,5,1,0,0,2,toy4_gpu_core_neural_output_average_tensor_batched_1024_cpu_repeat00,5,neural_policy,output_average,decision_selection,0.0070488570490852
toy4,neural_output_average,tensor_batched,tensor_batched,cpu,1024,5,1,0,0,2,toy4_gpu_core_neural_output_average_tensor_batched_1024_cpu_repeat00,5,neural_policy,output_average,local_trainable_parameters,0.001360623980872333
toy4,neural_output_average,tensor_batched,tensor_batched,cpu,1024,5,1,0,0,2,toy4_gpu_core_neural_output_average_tensor_batched_1024_cpu_repeat00,5,neural_policy,output_average,local_loss_forward,0.0021391069749370217
toy4,neural_output_average,tensor_batched,tensor_batched,cpu,1024,5,1,0,0,2,toy4_gpu_core_neural_output_average_tensor_batched_1024_cpu_repeat00,5,neural_policy,output_average,local_autograd_grad,0.0026326359948143363
toy4,neural_output_average,tensor_batched,tensor_batched,cpu,1024,5,1,0,0,2,toy4_gpu_core_neural_output_average_tensor_batched_1024_cpu_repeat00,5,neural_policy,output_average,local_adam_update,0.005221636965870857
toy4,neural_output_average,tensor_batched,tensor_batched,cpu,1024,5,1,0,0,2,toy4_gpu_core_neural_output_average_tensor_batched_1024_cpu_repeat00,5,neural_policy,output_average,local_optimizer_update,0.008459327975288033
toy4,neural_output_average,tensor_batched,tensor_batched,cpu,1024,5,1,0,0,2,toy4_gpu_core_neural_output_average_tensor_batched_1024_cpu_repeat00,5,neural_policy,output_average,local_loss_update,0.010625187074765563
toy4,neural_output_average,tensor_batched,tensor_batched,cpu,1024,5,1,0,0,2,toy4_gpu_core_neural_output_average_tensor_batched_1024_cpu_repeat00,5,neural_policy,output_average,local_training,0.01212613401003182
toy4,neural_output_average,tensor_batched,tensor_batched,cpu,1024,5,1,0,0,2,toy4_gpu_core_neural_output_average_tensor_batched_1024_cpu_repeat00,5,neural_policy,output_average,cache_refresh,9.02707688510418e-06
toy4,neural_output_average,tensor_batched,tensor_batched,cpu,1024,5,1,0,0,2,toy4_gpu_core_neural_output_average_tensor_batched_1024_cpu_repeat00,5,neural_policy,output_average,post_local_readout,0.0004622980486601591
toy4,neural_output_average,tensor_batched,tensor_batched,cpu,1024,5,1,0,0,2,toy4_gpu_core_neural_output_average_tensor_batched_1024_cpu_repeat00,5,neural_policy,output_average,local_step,0.0330454739741981
toy4,neural_output_average,tensor_batched,tensor_batched,cpu,1024,5,1,0,0,2,toy4_gpu_core_neural_output_average_tensor_batched_1024_cpu_repeat00,5,neural_policy,output_average,select_peers,0.0001037410693243146
toy4,neural_output_average,tensor_batched,tensor_batched,cpu,1024,5,1,0,0,2,toy4_gpu_core_neural_output_average_tensor_batched_1024_cpu_repeat00,5,neural_policy,output_average,social_mix,0.0006183020304888487
toy4,neural_output_average,tensor_batched,tensor_batched,cpu,1024,5,1,0,0,2,toy4_gpu_core_neural_output_average_tensor_batched_1024_cpu_repeat00,5,neural_policy,output_average,social_loss_forward,0.0005125959869474173
toy4,neural_output_average,tensor_batched,tensor_batched,cpu,1024,5,1,0,0,2,toy4_gpu_core_neural_output_average_tensor_batched_1024_cpu_repeat00,5,neural_policy,output_average,social_autograd_grad,0.0009249469731003046
toy4,neural_output_average,tensor_batched,tensor_batched,cpu,1024,5,1,0,0,2,toy4_gpu_core_neural_output_average_tensor_batched_1024_cpu_repeat00,5,neural_policy,output_average,social_adam_update,0.0030121629824861884
toy4,neural_output_average,tensor_batched,tensor_batched,cpu,1024,5,1,0,0,2,toy4_gpu_core_neural_output_average_tensor_batched_1024_cpu_repeat00,5,neural_policy,output_average,social_optimizer_update,0.004282120964489877
toy4,neural_output_average,tensor_batched,tensor_batched,cpu,1024,5,1,0,0,2,toy4_gpu_core_neural_output_average_tensor_batched_1024_cpu_repeat00,5,neural_policy,output_average,social_distillation,0.006167885032482445
toy4,neural_output_average,tensor_batched,tensor_batched,cpu,1024,5,1,0,0,2,toy4_gpu_core_neural_output_average_tensor_batched_1024_cpu_repeat00,5,neural_policy,output_average,social_step,0.006184759084135294
toy4,neural_output_average,tensor_batched,tensor_batched,cpu,1024,5,1,0,0,2,toy4_gpu_core_neural_output_average_tensor_batched_1024_cpu_repeat00,5,neural_policy,output_average,sample_actions,3.2660318538546562e-06
toy4,neural_output_average,tensor_batched,tensor_batched,cpu,1024,5,1,0,0,2,toy4_gpu_core_neural_output_average_tensor_batched_1024_cpu_repeat00,5,neural_policy,output_average,commit_actions,1.7815036699175835e-05
toy4,neural_output_average,tensor_batched,tensor_batched,cpu,1024,5,1,0,0,2,toy4_gpu_core_neural_output_average_tensor_batched_1024_cpu_repeat00,5,neural_policy,output_average,post_step_state_policy,0.00010407296940684319
toy4,neural_output_average,tensor_batched,tensor_batched,cpu,1024,5,1,0,0,2,toy4_gpu_core_neural_output_average_tensor_batched_1024_cpu_repeat00,5,neural_policy,output_average,update_payoff_ema,6.20309729129076e-05
toy4,neural_output_average,tensor_batched,tensor_batched,cpu,1024,5,1,0,0,2,toy4_gpu_core_neural_output_average_tensor_batched_1024_cpu_repeat00,5,neural_policy,output_average,update_reputation_ema,2.7843983843922615e-05
toy4,neural_output_average,tensor_batched,tensor_batched,cpu,1024,5,1,0,0,2,toy4_gpu_core_neural_output_average_tensor_batched_1024_cpu_repeat00,5,neural_policy,output_average,mobility_swaps,7.405399810522795e-05
toy4,neural_output_average,tensor_batched,tensor_batched,cpu,1024,5,1,0,0,2,toy4_gpu_core_neural_output_average_tensor_batched_1024_cpu_repeat00,5,neural_policy,output_average,finalize_hook_step,2.8905924409627914e-05
toy4,neural_output_average,tensor_batched,tensor_batched,cpu,1024,5,1,0,0,2,toy4_gpu_core_neural_output_average_tensor_batched_1024_cpu_repeat00,5,neural_policy,output_average,hooked_step_total,0.04153540194965899
toy4,neural_output_average,tensor_batched,tensor_batched,cpu,1024,5,1,0,0,2,toy4_gpu_core_neural_output_average_tensor_batched_1024_cpu_repeat00,5,neural_policy,output_average,aggregate_row,0.035403466084972024
toy4,neural_output_average,tensor_batched,tensor_batched,cpu,1024,5,1,0,0,2,toy4_gpu_core_neural_output_average_tensor_batched_1024_cpu_repeat00,5,neural_policy,output_average,write_aggregate,0.00027297099586576223
toy4,neural_output_average,tensor_batched,tensor_batched,cpu,1024,5,1,1,0,2,toy4_gpu_core_neural_output_average_tensor_batched_1024_cpu_repeat01,0,neural_policy,output_average,make_run_dir,0.0013549430295825005
toy4,neural_output_average,tensor_batched,tensor_batched,cpu,1024,5,1,1,0,2,toy4_gpu_core_neural_output_average_tensor_batched_1024_cpu_repeat01,0,neural_policy,output_average,write_metadata,0.004514431930147111
toy4,neural_output_average,tensor_batched,tensor_batched,cpu,1024,5,1,1,0,2,toy4_gpu_core_neural_output_average_tensor_batched_1024_cpu_repeat01,0,neural_policy,output_average,initial_state,1.3684507829602808
toy4,neural_output_average,tensor_batched,tensor_batched,cpu,1024,5,1,1,0,2,toy4_gpu_core_neural_output_average_tensor_batched_1024_cpu_repeat01,0,neural_policy,output_average,writer_setup,0.004447911982424557
toy4,neural_output_average,tensor_batched,tensor_batched,cpu,1024,5,1,1,0,2,toy4_gpu_core_neural_output_average_tensor_batched_1024_cpu_repeat01,0,neural_policy,output_average,initial_step_result,0.026859369012527168
toy4,neural_output_average,tensor_batched,tensor_batched,cpu,1024,5,1,1,0,2,toy4_gpu_core_neural_output_average_tensor_batched_1024_cpu_repeat01,0,neural_policy,output_average,initial_aggregate_row,0.039973360020667315
toy4,neural_output_average,tensor_batched,tensor_batched,cpu,1024,5,1,1,0,2,toy4_gpu_core_neural_output_average_tensor_batched_1024_cpu_repeat01,0,neural_policy,output_average,write_initial_aggregate,0.00033185502979904413
toy4,neural_output_average,tensor_batched,tensor_batched,cpu,1024,5,1,1,0,2,toy4_gpu_core_neural_output_average_tensor_batched_1024_cpu_repeat01,1,neural_policy,output_average,sample_revision_mask,0.00010645703878253698
toy4,neural_output_average,tensor_batched,tensor_batched,cpu,1024,5,1,1,0,2,toy4_gpu_core_neural_output_average_tensor_batched_1024_cpu_repeat01,1,neural_policy,output_average,build_step_context,3.779295366257429e-05
toy4,neural_output_average,tensor_batched,tensor_batched,cpu,1024,5,1,1,0,2,toy4_gpu_core_neural_output_average_tensor_batched_1024_cpu_repeat01,1,neural_policy,output_average,build_observations,0.013327565044164658
toy4,neural_output_average,tensor_batched,tensor_batched,cpu,1024,5,1,1,0,2,toy4_gpu_core_neural_output_average_tensor_batched_1024_cpu_repeat01,1,neural_policy,output_average,policy_readout,0.012084019952453673
toy4,neural_output_average,tensor_batched,tensor_batched,cpu,1024,5,1,1,0,2,toy4_gpu_core_neural_output_average_tensor_batched_1024_cpu_repeat01,1,neural_policy,output_average,decision_selection,0.011677289963699877
toy4,neural_output_average,tensor_batched,tensor_batched,cpu,1024,5,1,1,0,2,toy4_gpu_core_neural_output_average_tensor_batched_1024_cpu_repeat01,1,neural_policy,output_average,local_trainable_parameters,0.005581324105150998
toy4,neural_output_average,tensor_batched,tensor_batched,cpu,1024,5,1,1,0,2,toy4_gpu_core_neural_output_average_tensor_batched_1024_cpu_repeat01,1,neural_policy,output_average,local_loss_forward,0.006491693085990846
toy4,neural_output_average,tensor_batched,tensor_batched,cpu,1024,5,1,1,0,2,toy4_gpu_core_neural_output_average_tensor_batched_1024_cpu_repeat01,1,neural_policy,output_average,local_autograd_grad,0.00867993594147265
toy4,neural_output_average,tensor_batched,tensor_batched,cpu,1024,5,1,1,0,2,toy4_gpu_core_neural_output_average_tensor_batched_1024_cpu_repeat01,1,neural_policy,output_average,local_adam_update,0.007546312059275806
toy4,neural_output_average,tensor_batched,tensor_batched,cpu,1024,5,1,1,0,2,toy4_gpu_core_neural_output_average_tensor_batched_1024_cpu_repeat01,1,neural_policy,output_average,local_optimizer_update,0.017905461019836366
toy4,neural_output_average,tensor_batched,tensor_batched,cpu,1024,5,1,1,0,2,toy4_gpu_core_neural_output_average_tensor_batched_1024_cpu_repeat01,1,neural_policy,output_average,local_loss_update,0.0244806669652462
toy4,neural_output_average,tensor_batched,tensor_batched,cpu,1024,5,1,1,0,2,toy4_gpu_core_neural_output_average_tensor_batched_1024_cpu_repeat01,1,neural_policy,output_average,local_training,0.030988001031801105
toy4,neural_output_average,tensor_batched,tensor_batched,cpu,1024,5,1,1,0,2,toy4_gpu_core_neural_output_average_tensor_batched_1024_cpu_repeat01,1,neural_policy,output_average,cache_refresh,1.3966928236186504e-05
toy4,neural_output_average,tensor_batched,tensor_batched,cpu,1024,5,1,1,0,2,toy4_gpu_core_neural_output_average_tensor_batched_1024_cpu_repeat01,1,neural_policy,output_average,post_local_readout,0.0010927040129899979
toy4,neural_output_average,tensor_batched,tensor_batched,cpu,1024,5,1,1,0,2,toy4_gpu_core_neural_output_average_tensor_batched_1024_cpu_repeat01,1,neural_policy,output_average,local_step,0.0717300440883264
toy4,neural_output_average,tensor_batched,tensor_batched,cpu,1024,5,1,1,0,2,toy4_gpu_core_neural_output_average_tensor_batched_1024_cpu_repeat01,1,neural_policy,output_average,select_peers,0.00020669202785938978
toy4,neural_output_average,tensor_batched,tensor_batched,cpu,1024,5,1,1,0,2,toy4_gpu_core_neural_output_average_tensor_batched_1024_cpu_repeat01,1,neural_policy,output_average,social_mix,0.0011392929591238499
toy4,neural_output_average,tensor_batched,tensor_batched,cpu,1024,5,1,1,0,2,toy4_gpu_core_neural_output_average_tensor_batched_1024_cpu_repeat01,1,neural_policy,output_average,social_loss_forward,0.0011711659608408809
toy4,neural_output_average,tensor_batched,tensor_batched,cpu,1024,5,1,1,0,2,toy4_gpu_core_neural_output_average_tensor_batched_1024_cpu_repeat01,1,neural_policy,output_average,social_autograd_grad,0.0023653260432183743
toy4,neural_output_average,tensor_batched,tensor_batched,cpu,1024,5,1,1,0,2,toy4_gpu_core_neural_output_average_tensor_batched_1024_cpu_repeat01,1,neural_policy,output_average,social_adam_update,0.003091626917012036
toy4,neural_output_average,tensor_batched,tensor_batched,cpu,1024,5,1,1,0,2,toy4_gpu_core_neural_output_average_tensor_batched_1024_cpu_repeat01,1,neural_policy,output_average,social_optimizer_update,0.005865375977009535
toy4,neural_output_average,tensor_batched,tensor_batched,cpu,1024,5,1,1,0,2,toy4_gpu_core_neural_output_average_tensor_batched_1024_cpu_repeat01,1,neural_policy,output_average,social_distillation,0.009451864985749125
toy4,neural_output_average,tensor_batched,tensor_batched,cpu,1024,5,1,1,0,2,toy4_gpu_core_neural_output_average_tensor_batched_1024_cpu_repeat01,1,neural_policy,output_average,social_step,0.009483025991357863
toy4,neural_output_average,tensor_batched,tensor_batched,cpu,1024,5,1,1,0,2,toy4_gpu_core_neural_output_average_tensor_batched_1024_cpu_repeat01,1,neural_policy,output_average,sample_actions,2.3350585252046585e-06
toy4,neural_output_average,tensor_batched,tensor_batched,cpu,1024,5,1,1,0,2,toy4_gpu_core_neural_output_average_tensor_batched_1024_cpu_repeat01,1,neural_policy,output_average,commit_actions,2.217304427176714e-05
toy4,neural_output_average,tensor_batched,tensor_batched,cpu,1024,5,1,1,0,2,toy4_gpu_core_neural_output_average_tensor_batched_1024_cpu_repeat01,1,neural_policy,output_average,post_step_state_policy,0.00020746304653584957
toy4,neural_output_average,tensor_batched,tensor_batched,cpu,1024,5,1,1,0,2,toy4_gpu_core_neural_output_average_tensor_batched_1024_cpu_repeat01,1,neural_policy,output_average,update_payoff_ema,0.00010417308658361435
toy4,neural_output_average,tensor_batched,tensor_batched,cpu,1024,5,1,1,0,2,toy4_gpu_core_neural_output_average_tensor_batched_1024_cpu_repeat01,1,neural_policy,output_average,update_reputation_ema,5.2592018619179726e-05
toy4,neural_output_average,tensor_batched,tensor_batched,cpu,1024,5,1,1,0,2,toy4_gpu_core_neural_output_average_tensor_batched_1024_cpu_repeat01,1,neural_policy,output_average,mobility_swaps,9.143794886767864e-05
toy4,neural_output_average,tensor_batched,tensor_batched,cpu,1024,5,1,1,0,2,toy4_gpu_core_neural_output_average_tensor_batched_1024_cpu_repeat01,1,neural_policy,output_average,finalize_hook_step,2.6792054995894432e-05
toy4,neural_output_average,tensor_batched,tensor_batched,cpu,1024,5,1,1,0,2,toy4_gpu_core_neural_output_average_tensor_batched_1024_cpu_repeat01,1,neural_policy,output_average,hooked_step_total,0.08447413600515574
toy4,neural_output_average,tensor_batched,tensor_batched,cpu,1024,5,1,1,0,2,toy4_gpu_core_neural_output_average_tensor_batched_1024_cpu_repeat01,1,neural_policy,output_average,aggregate_row,0.07605621998663992
toy4,neural_output_average,tensor_batched,tensor_batched,cpu,1024,5,1,1,0,2,toy4_gpu_core_neural_output_average_tensor_batched_1024_cpu_repeat01,1,neural_policy,output_average,write_aggregate,0.0005478640086948872
toy4,neural_output_average,tensor_batched,tensor_batched,cpu,1024,5,1,1,0,2,toy4_gpu_core_neural_output_average_tensor_batched_1024_cpu_repeat01,2,neural_policy,output_average,sample_revision_mask,0.00019491894636303186
toy4,neural_output_average,tensor_batched,tensor_batched,cpu,1024,5,1,1,0,2,toy4_gpu_core_neural_output_average_tensor_batched_1024_cpu_repeat01,2,neural_policy,output_average,build_step_context,6.895395927131176e-05
toy4,neural_output_average,tensor_batched,tensor_batched,cpu,1024,5,1,1,0,2,toy4_gpu_core_neural_output_average_tensor_batched_1024_cpu_repeat01,2,neural_policy,output_average,build_observations,0.011880203965120018
toy4,neural_output_average,tensor_batched,tensor_batched,cpu,1024,5,1,1,0,2,toy4_gpu_core_neural_output_average_tensor_batched_1024_cpu_repeat01,2,neural_policy,output_average,policy_readout,0.005398289067670703
toy4,neural_output_average,tensor_batched,tensor_batched,cpu,1024,5,1,1,0,2,toy4_gpu_core_neural_output_average_tensor_batched_1024_cpu_repeat01,2,neural_policy,output_average,decision_selection,0.007115837070159614
toy4,neural_output_average,tensor_batched,tensor_batched,cpu,1024,5,1,1,0,2,toy4_gpu_core_neural_output_average_tensor_batched_1024_cpu_repeat01,2,neural_policy,output_average,local_trainable_parameters,0.0015115159330889583
toy4,neural_output_average,tensor_batched,tensor_batched,cpu,1024,5,1,1,0,2,toy4_gpu_core_neural_output_average_tensor_batched_1024_cpu_repeat01,2,neural_policy,output_average,local_loss_forward,0.0027018690016120672
toy4,neural_output_average,tensor_batched,tensor_batched,cpu,1024,5,1,1,0,2,toy4_gpu_core_neural_output_average_tensor_batched_1024_cpu_repeat01,2,neural_policy,output_average,local_autograd_grad,0.003608340979553759
toy4,neural_output_average,tensor_batched,tensor_batched,cpu,1024,5,1,1,0,2,toy4_gpu_core_neural_output_average_tensor_batched_1024_cpu_repeat01,2,neural_policy,output_average,local_adam_update,0.005646069999784231
toy4,neural_output_average,tensor_batched,tensor_batched,cpu,1024,5,1,1,0,2,toy4_gpu_core_neural_output_average_tensor_batched_1024_cpu_repeat01,2,neural_policy,output_average,local_optimizer_update,0.009959341026842594
toy4,neural_output_average,tensor_batched,tensor_batched,cpu,1024,5,1,1,0,2,toy4_gpu_core_neural_output_average_tensor_batched_1024_cpu_repeat01,2,neural_policy,output_average,local_loss_update,0.012701019062660635
toy4,neural_output_average,tensor_batched,tensor_batched,cpu,1024,5,1,1,0,2,toy4_gpu_core_neural_output_average_tensor_batched_1024_cpu_repeat01,2,neural_policy,output_average,local_training,0.014399728970602155
toy4,neural_output_average,tensor_batched,tensor_batched,cpu,1024,5,1,1,0,2,toy4_gpu_core_neural_output_average_tensor_batched_1024_cpu_repeat01,2,neural_policy,output_average,cache_refresh,1.6662990674376488e-05
toy4,neural_output_average,tensor_batched,tensor_batched,cpu,1024,5,1,1,0,2,toy4_gpu_core_neural_output_average_tensor_batched_1024_cpu_repeat01,2,neural_policy,output_average,post_local_readout,0.0003591169370338321
toy4,neural_output_average,tensor_batched,tensor_batched,cpu,1024,5,1,1,0,2,toy4_gpu_core_neural_output_average_tensor_batched_1024_cpu_repeat01,2,neural_policy,output_average,local_step,0.04024270398076624
toy4,neural_output_average,tensor_batched,tensor_batched,cpu,1024,5,1,1,0,2,toy4_gpu_core_neural_output_average_tensor_batched_1024_cpu_repeat01,2,neural_policy,output_average,select_peers,0.00014487106818705797
toy4,neural_output_average,tensor_batched,tensor_batched,cpu,1024,5,1,1,0,2,toy4_gpu_core_neural_output_average_tensor_batched_1024_cpu_repeat01,2,neural_policy,output_average,social_mix,0.00093869399279356
toy4,neural_output_average,tensor_batched,tensor_batched,cpu,1024,5,1,1,0,2,toy4_gpu_core_neural_output_average_tensor_batched_1024_cpu_repeat01,2,neural_policy,output_average,social_loss_forward,0.000750859035179019
toy4,neural_output_average,tensor_batched,tensor_batched,cpu,1024,5,1,1,0,2,toy4_gpu_core_neural_output_average_tensor_batched_1024_cpu_repeat01,2,neural_policy,output_average,social_autograd_grad,0.0010507419938221574
toy4,neural_output_average,tensor_batched,tensor_batched,cpu,1024,5,1,1,0,2,toy4_gpu_core_neural_output_average_tensor_batched_1024_cpu_repeat01,2,neural_policy,output_average,social_adam_update,0.0017241400200873613
toy4,neural_output_average,tensor_batched,tensor_batched,cpu,1024,5,1,1,0,2,toy4_gpu_core_neural_output_average_tensor_batched_1024_cpu_repeat01,2,neural_policy,output_average,social_optimizer_update,0.003154680016450584
toy4,neural_output_average,tensor_batched,tensor_batched,cpu,1024,5,1,1,0,2,toy4_gpu_core_neural_output_average_tensor_batched_1024_cpu_repeat01,2,neural_policy,output_average,social_distillation,0.005597917013801634
toy4,neural_output_average,tensor_batched,tensor_batched,cpu,1024,5,1,1,0,2,toy4_gpu_core_neural_output_average_tensor_batched_1024_cpu_repeat01,2,neural_policy,output_average,social_step,0.005620521027594805
toy4,neural_output_average,tensor_batched,tensor_batched,cpu,1024,5,1,1,0,2,toy4_gpu_core_neural_output_average_tensor_batched_1024_cpu_repeat01,2,neural_policy,output_average,sample_actions,9.320210665464401e-07
toy4,neural_output_average,tensor_batched,tensor_batched,cpu,1024,5,1,1,0,2,toy4_gpu_core_neural_output_average_tensor_batched_1024_cpu_repeat01,2,neural_policy,output_average,commit_actions,1.918699126690626e-05
toy4,neural_output_average,tensor_batched,tensor_batched,cpu,1024,5,1,1,0,2,toy4_gpu_core_neural_output_average_tensor_batched_1024_cpu_repeat01,2,neural_policy,output_average,post_step_state_policy,0.0001446909736841917
toy4,neural_output_average,tensor_batched,tensor_batched,cpu,1024,5,1,1,0,2,toy4_gpu_core_neural_output_average_tensor_batched_1024_cpu_repeat01,2,neural_policy,output_average,update_payoff_ema,5.411496385931969e-05
toy4,neural_output_average,tensor_batched,tensor_batched,cpu,1024,5,1,1,0,2,toy4_gpu_core_neural_output_average_tensor_batched_1024_cpu_repeat01,2,neural_policy,output_average,update_reputation_ema,4.022801294922829e-05
toy4,neural_output_average,tensor_batched,tensor_batched,cpu,1024,5,1,1,0,2,toy4_gpu_core_neural_output_average_tensor_batched_1024_cpu_repeat01,2,neural_policy,output_average,mobility_swaps,5.4495991207659245e-05
toy4,neural_output_average,tensor_batched,tensor_batched,cpu,1024,5,1,1,0,2,toy4_gpu_core_neural_output_average_tensor_batched_1024_cpu_repeat01,2,neural_policy,output_average,finalize_hook_step,2.2502965293824673e-05
toy4,neural_output_average,tensor_batched,tensor_batched,cpu,1024,5,1,1,0,2,toy4_gpu_core_neural_output_average_tensor_batched_1024_cpu_repeat01,2,neural_policy,output_average,hooked_step_total,0.04813688201829791
toy4,neural_output_average,tensor_batched,tensor_batched,cpu,1024,5,1,1,0,2,toy4_gpu_core_neural_output_average_tensor_batched_1024_cpu_repeat01,2,neural_policy,output_average,aggregate_row,0.052436165045946836
toy4,neural_output_average,tensor_batched,tensor_batched,cpu,1024,5,1,1,0,2,toy4_gpu_core_neural_output_average_tensor_batched_1024_cpu_repeat01,2,neural_policy,output_average,write_aggregate,0.00040939601603895426
toy4,neural_output_average,tensor_batched,tensor_batched,cpu,1024,5,1,1,0,2,toy4_gpu_core_neural_output_average_tensor_batched_1024_cpu_repeat01,3,neural_policy,output_average,sample_revision_mask,0.0002022130647674203
toy4,neural_output_average,tensor_batched,tensor_batched,cpu,1024,5,1,1,0,2,toy4_gpu_core_neural_output_average_tensor_batched_1024_cpu_repeat01,3,neural_policy,output_average,build_step_context,7.602805271744728e-05
toy4,neural_output_average,tensor_batched,tensor_batched,cpu,1024,5,1,1,0,2,toy4_gpu_core_neural_output_average_tensor_batched_1024_cpu_repeat01,3,neural_policy,output_average,build_observations,0.01212292502168566
toy4,neural_output_average,tensor_batched,tensor_batched,cpu,1024,5,1,1,0,2,toy4_gpu_core_neural_output_average_tensor_batched_1024_cpu_repeat01,3,neural_policy,output_average,policy_readout,0.005420181900262833
toy4,neural_output_average,tensor_batched,tensor_batched,cpu,1024,5,1,1,0,2,toy4_gpu_core_neural_output_average_tensor_batched_1024_cpu_repeat01,3,neural_policy,output_average,decision_selection,0.007482468034140766
toy4,neural_output_average,tensor_batched,tensor_batched,cpu,1024,5,1,1,0,2,toy4_gpu_core_neural_output_average_tensor_batched_1024_cpu_repeat01,3,neural_policy,output_average,local_trainable_parameters,0.0016710470663383603
toy4,neural_output_average,tensor_batched,tensor_batched,cpu,1024,5,1,1,0,2,toy4_gpu_core_neural_output_average_tensor_batched_1024_cpu_repeat01,3,neural_policy,output_average,local_loss_forward,0.0043211160227656364
toy4,neural_output_average,tensor_batched,tensor_batched,cpu,1024,5,1,1,0,2,toy4_gpu_core_neural_output_average_tensor_batched_1024_cpu_repeat01,3,neural_policy,output_average,local_autograd_grad,0.0059495699824765325
toy4,neural_output_average,tensor_batched,tensor_batched,cpu,1024,5,1,1,0,2,toy4_gpu_core_neural_output_average_tensor_batched_1024_cpu_repeat01,3,neural_policy,output_average,local_adam_update,0.010395618970505893
toy4,neural_output_average,tensor_batched,tensor_batched,cpu,1024,5,1,1,0,2,toy4_gpu_core_neural_output_average_tensor_batched_1024_cpu_repeat01,3,neural_policy,output_average,local_optimizer_update,0.017425758996978402
toy4,neural_output_average,tensor_batched,tensor_batched,cpu,1024,5,1,1,0,2,toy4_gpu_core_neural_output_average_tensor_batched_1024_cpu_repeat01,3,neural_policy,output_average,local_loss_update,0.021863380912691355
toy4,neural_output_average,tensor_batched,tensor_batched,cpu,1024,5,1,1,0,2,toy4_gpu_core_neural_output_average_tensor_batched_1024_cpu_repeat01,3,neural_policy,output_average,local_training,0.023813940933905542
toy4,neural_output_average,tensor_batched,tensor_batched,cpu,1024,5,1,1,0,2,toy4_gpu_core_neural_output_average_tensor_batched_1024_cpu_repeat01,3,neural_policy,output_average,cache_refresh,2.3055006749927998e-05
toy4,neural_output_average,tensor_batched,tensor_batched,cpu,1024,5,1,1,0,2,toy4_gpu_core_neural_output_average_tensor_batched_1024_cpu_repeat01,3,neural_policy,output_average,post_local_readout,0.0013264070730656385
toy4,neural_output_average,tensor_batched,tensor_batched,cpu,1024,5,1,1,0,2,toy4_gpu_core_neural_output_average_tensor_batched_1024_cpu_repeat01,3,neural_policy,output_average,local_step,0.05230755498632789
toy4,neural_output_average,tensor_batched,tensor_batched,cpu,1024,5,1,1,0,2,toy4_gpu_core_neural_output_average_tensor_batched_1024_cpu_repeat01,3,neural_policy,output_average,select_peers,0.00023379398044198751
toy4,neural_output_average,tensor_batched,tensor_batched,cpu,1024,5,1,1,0,2,toy4_gpu_core_neural_output_average_tensor_batched_1024_cpu_repeat01,3,neural_policy,output_average,social_mix,0.0013675580266863108
toy4,neural_output_average,tensor_batched,tensor_batched,cpu,1024,5,1,1,0,2,toy4_gpu_core_neural_output_average_tensor_batched_1024_cpu_repeat01,3,neural_policy,output_average,social_loss_forward,0.0012246700935065746
toy4,neural_output_average,tensor_batched,tensor_batched,cpu,1024,5,1,1,0,2,toy4_gpu_core_neural_output_average_tensor_batched_1024_cpu_repeat01,3,neural_policy,output_average,social_autograd_grad,0.0022231489419937134
toy4,neural_output_average,tensor_batched,tensor_batched,cpu,1024,5,1,1,0,2,toy4_gpu_core_neural_output_average_tensor_batched_1024_cpu_repeat01,3,neural_policy,output_average,social_adam_update,0.003039585892111063
toy4,neural_output_average,tensor_batched,tensor_batched,cpu,1024,5,1,1,0,2,toy4_gpu_core_neural_output_average_tensor_batched_1024_cpu_repeat01,3,neural_policy,output_average,social_optimizer_update,0.005660378956235945
toy4,neural_output_average,tensor_batched,tensor_batched,cpu,1024,5,1,1,0,2,toy4_gpu_core_neural_output_average_tensor_batched_1024_cpu_repeat01,3,neural_policy,output_average,social_distillation,0.009476191946305335
toy4,neural_output_average,tensor_batched,tensor_batched,cpu,1024,5,1,1,0,2,toy4_gpu_core_neural_output_average_tensor_batched_1024_cpu_repeat01,3,neural_policy,output_average,social_step,0.00951279397122562
toy4,neural_output_average,tensor_batched,tensor_batched,cpu,1024,5,1,1,0,2,toy4_gpu_core_neural_output_average_tensor_batched_1024_cpu_repeat01,3,neural_policy,output_average,sample_actions,1.252046786248684e-06
toy4,neural_output_average,tensor_batched,tensor_batched,cpu,1024,5,1,1,0,2,toy4_gpu_core_neural_output_average_tensor_batched_1024_cpu_repeat01,3,neural_policy,output_average,commit_actions,1.1743046343326569e-05
toy4,neural_output_average,tensor_batched,tensor_batched,cpu,1024,5,1,1,0,2,toy4_gpu_core_neural_output_average_tensor_batched_1024_cpu_repeat01,3,neural_policy,output_average,post_step_state_policy,0.00016769603826105595
toy4,neural_output_average,tensor_batched,tensor_batched,cpu,1024,5,1,1,0,2,toy4_gpu_core_neural_output_average_tensor_batched_1024_cpu_repeat01,3,neural_policy,output_average,update_payoff_ema,0.00010517507325857878
toy4,neural_output_average,tensor_batched,tensor_batched,cpu,1024,5,1,1,0,2,toy4_gpu_core_neural_output_average_tensor_batched_1024_cpu_repeat01,3,neural_policy,output_average,update_reputation_ema,6.185006350278854e-05
toy4,neural_output_average,tensor_batched,tensor_batched,cpu,1024,5,1,1,0,2,toy4_gpu_core_neural_output_average_tensor_batched_1024_cpu_repeat01,3,neural_policy,output_average,mobility_swaps,0.00011290900874882936
toy4,neural_output_average,tensor_batched,tensor_batched,cpu,1024,5,1,1,0,2,toy4_gpu_core_neural_output_average_tensor_batched_1024_cpu_repeat01,3,neural_policy,output_average,finalize_hook_step,2.327596303075552e-05
toy4,neural_output_average,tensor_batched,tensor_batched,cpu,1024,5,1,1,0,2,toy4_gpu_core_neural_output_average_tensor_batched_1024_cpu_repeat01,3,neural_policy,output_average,hooked_step_total,0.06574038590770215
toy4,neural_output_average,tensor_batched,tensor_batched,cpu,1024,5,1,1,0,2,toy4_gpu_core_neural_output_average_tensor_batched_1024_cpu_repeat01,3,neural_policy,output_average,aggregate_row,0.1340621670242399
toy4,neural_output_average,tensor_batched,tensor_batched,cpu,1024,5,1,1,0,2,toy4_gpu_core_neural_output_average_tensor_batched_1024_cpu_repeat01,3,neural_policy,output_average,write_aggregate,0.0009167710086330771
toy4,neural_output_average,tensor_batched,tensor_batched,cpu,1024,5,1,1,0,2,toy4_gpu_core_neural_output_average_tensor_batched_1024_cpu_repeat01,4,neural_policy,output_average,sample_revision_mask,0.00031555304303765297
toy4,neural_output_average,tensor_batched,tensor_batched,cpu,1024,5,1,1,0,2,toy4_gpu_core_neural_output_average_tensor_batched_1024_cpu_repeat01,4,neural_policy,output_average,build_step_context,0.00021041894797235727
toy4,neural_output_average,tensor_batched,tensor_batched,cpu,1024,5,1,1,0,2,toy4_gpu_core_neural_output_average_tensor_batched_1024_cpu_repeat01,4,neural_policy,output_average,build_observations,0.014737836900167167
toy4,neural_output_average,tensor_batched,tensor_batched,cpu,1024,5,1,1,0,2,toy4_gpu_core_neural_output_average_tensor_batched_1024_cpu_repeat01,4,neural_policy,output_average,policy_readout,0.006096586002968252
toy4,neural_output_average,tensor_batched,tensor_batched,cpu,1024,5,1,1,0,2,toy4_gpu_core_neural_output_average_tensor_batched_1024_cpu_repeat01,4,neural_policy,output_average,decision_selection,0.007658299989998341
toy4,neural_output_average,tensor_batched,tensor_batched,cpu,1024,5,1,1,0,2,toy4_gpu_core_neural_output_average_tensor_batched_1024_cpu_repeat01,4,neural_policy,output_average,local_trainable_parameters,0.002756365924142301
toy4,neural_output_average,tensor_batched,tensor_batched,cpu,1024,5,1,1,0,2,toy4_gpu_core_neural_output_average_tensor_batched_1024_cpu_repeat01,4,neural_policy,output_average,local_loss_forward,0.0037463000044226646
toy4,neural_output_average,tensor_batched,tensor_batched,cpu,1024,5,1,1,0,2,toy4_gpu_core_neural_output_average_tensor_batched_1024_cpu_repeat01,4,neural_policy,output_average,local_autograd_grad,0.010274773929268122
toy4,neural_output_average,tensor_batched,tensor_batched,cpu,1024,5,1,1,0,2,toy4_gpu_core_neural_output_average_tensor_batched_1024_cpu_repeat01,4,neural_policy,output_average,local_adam_update,0.012999307946301997
toy4,neural_output_average,tensor_batched,tensor_batched,cpu,1024,5,1,1,0,2,toy4_gpu_core_neural_output_average_tensor_batched_1024_cpu_repeat01,4,neural_policy,output_average,local_optimizer_update,0.024635017034597695
toy4,neural_output_average,tensor_batched,tensor_batched,cpu,1024,5,1,1,0,2,toy4_gpu_core_neural_output_average_tensor_batched_1024_cpu_repeat01,4,neural_policy,output_average,local_loss_update,0.02845102094579488
toy4,neural_output_average,tensor_batched,tensor_batched,cpu,1024,5,1,1,0,2,toy4_gpu_core_neural_output_average_tensor_batched_1024_cpu_repeat01,4,neural_policy,output_average,local_training,0.031615900923497975
toy4,neural_output_average,tensor_batched,tensor_batched,cpu,1024,5,1,1,0,2,toy4_gpu_core_neural_output_average_tensor_batched_1024_cpu_repeat01,4,neural_policy,output_average,cache_refresh,1.484900712966919e-05
toy4,neural_output_average,tensor_batched,tensor_batched,cpu,1024,5,1,1,0,2,toy4_gpu_core_neural_output_average_tensor_batched_1024_cpu_repeat01,4,neural_policy,output_average,post_local_readout,0.0012603190261870623
toy4,neural_output_average,tensor_batched,tensor_batched,cpu,1024,5,1,1,0,2,toy4_gpu_core_neural_output_average_tensor_batched_1024_cpu_repeat01,4,neural_policy,output_average,local_step,0.06422872806433588
toy4,neural_output_average,tensor_batched,tensor_batched,cpu,1024,5,1,1,0,2,toy4_gpu_core_neural_output_average_tensor_batched_1024_cpu_repeat01,4,neural_policy,output_average,select_peers,0.0004469190025702119
toy4,neural_output_average,tensor_batched,tensor_batched,cpu,1024,5,1,1,0,2,toy4_gpu_core_neural_output_average_tensor_batched_1024_cpu_repeat01,4,neural_policy,output_average,social_mix,0.006380978971719742
toy4,neural_output_average,tensor_batched,tensor_batched,cpu,1024,5,1,1,0,2,toy4_gpu_core_neural_output_average_tensor_batched_1024_cpu_repeat01,4,neural_policy,output_average,social_loss_forward,0.0038626049645245075
toy4,neural_output_average,tensor_batched,tensor_batched,cpu,1024,5,1,1,0,2,toy4_gpu_core_neural_output_average_tensor_batched_1024_cpu_repeat01,4,neural_policy,output_average,social_autograd_grad,0.005308715044520795
toy4,neural_output_average,tensor_batched,tensor_batched,cpu,1024,5,1,1,0,2,toy4_gpu_core_neural_output_average_tensor_batched_1024_cpu_repeat01,4,neural_policy,output_average,social_adam_update,0.013095192960463464
toy4,neural_output_average,tensor_batched,tensor_batched,cpu,1024,5,1,1,0,2,toy4_gpu_core_neural_output_average_tensor_batched_1024_cpu_repeat01,4,neural_policy,output_average,social_optimizer_update,0.019610021961852908
toy4,neural_output_average,tensor_batched,tensor_batched,cpu,1024,5,1,1,0,2,toy4_gpu_core_neural_output_average_tensor_batched_1024_cpu_repeat01,4,neural_policy,output_average,social_distillation,0.03495407500304282
toy4,neural_output_average,tensor_batched,tensor_batched,cpu,1024,5,1,1,0,2,toy4_gpu_core_neural_output_average_tensor_batched_1024_cpu_repeat01,4,neural_policy,output_average,social_step,0.03503250691574067
toy4,neural_output_average,tensor_batched,tensor_batched,cpu,1024,5,1,1,0,2,toy4_gpu_core_neural_output_average_tensor_batched_1024_cpu_repeat01,4,neural_policy,output_average,sample_actions,4.468951374292374e-06
toy4,neural_output_average,tensor_batched,tensor_batched,cpu,1024,5,1,1,0,2,toy4_gpu_core_neural_output_average_tensor_batched_1024_cpu_repeat01,4,neural_policy,output_average,commit_actions,4.254304803907871e-05
toy4,neural_output_average,tensor_batched,tensor_batched,cpu,1024,5,1,1,0,2,toy4_gpu_core_neural_output_average_tensor_batched_1024_cpu_repeat01,4,neural_policy,output_average,post_step_state_policy,0.00026421307120472193
toy4,neural_output_average,tensor_batched,tensor_batched,cpu,1024,5,1,1,0,2,toy4_gpu_core_neural_output_average_tensor_batched_1024_cpu_repeat01,4,neural_policy,output_average,update_payoff_ema,0.00024481595028191805
toy4,neural_output_average,tensor_batched,tensor_batched,cpu,1024,5,1,1,0,2,toy4_gpu_core_neural_output_average_tensor_batched_1024_cpu_repeat01,4,neural_policy,output_average,update_reputation_ema,0.0001741980668157339
toy4,neural_output_average,tensor_batched,tensor_batched,cpu,1024,5,1,1,0,2,toy4_gpu_core_neural_output_average_tensor_batched_1024_cpu_repeat01,4,neural_policy,output_average,mobility_swaps,0.00019764399621635675
toy4,neural_output_average,tensor_batched,tensor_batched,cpu,1024,5,1,1,0,2,toy4_gpu_core_neural_output_average_tensor_batched_1024_cpu_repeat01,4,neural_policy,output_average,finalize_hook_step,6.579793989658356e-05
toy4,neural_output_average,tensor_batched,tensor_batched,cpu,1024,5,1,1,0,2,toy4_gpu_core_neural_output_average_tensor_batched_1024_cpu_repeat01,4,neural_policy,output_average,hooked_step_total,0.10764047596603632
toy4,neural_output_average,tensor_batched,tensor_batched,cpu,1024,5,1,1,0,2,toy4_gpu_core_neural_output_average_tensor_batched_1024_cpu_repeat01,4,neural_policy,output_average,aggregate_row,0.2597499709809199
toy4,neural_output_average,tensor_batched,tensor_batched,cpu,1024,5,1,1,0,2,toy4_gpu_core_neural_output_average_tensor_batched_1024_cpu_repeat01,4,neural_policy,output_average,write_aggregate,0.000972759909927845
toy4,neural_output_average,tensor_batched,tensor_batched,cpu,1024,5,1,1,0,2,toy4_gpu_core_neural_output_average_tensor_batched_1024_cpu_repeat01,5,neural_policy,output_average,sample_revision_mask,0.000401680008508265
toy4,neural_output_average,tensor_batched,tensor_batched,cpu,1024,5,1,1,0,2,toy4_gpu_core_neural_output_average_tensor_batched_1024_cpu_repeat01,5,neural_policy,output_average,build_step_context,0.00010917196050286293
toy4,neural_output_average,tensor_batched,tensor_batched,cpu,1024,5,1,1,0,2,toy4_gpu_core_neural_output_average_tensor_batched_1024_cpu_repeat01,5,neural_policy,output_average,build_observations,0.01690012705512345
toy4,neural_output_average,tensor_batched,tensor_batched,cpu,1024,5,1,1,0,2,toy4_gpu_core_neural_output_average_tensor_batched_1024_cpu_repeat01,5,neural_policy,output_average,policy_readout,0.010640063090249896
toy4,neural_output_average,tensor_batched,tensor_batched,cpu,1024,5,1,1,0,2,toy4_gpu_core_neural_output_average_tensor_batched_1024_cpu_repeat01,5,neural_policy,output_average,decision_selection,0.008306429022923112
toy4,neural_output_average,tensor_batched,tensor_batched,cpu,1024,5,1,1,0,2,toy4_gpu_core_neural_output_average_tensor_batched_1024_cpu_repeat01,5,neural_policy,output_average,local_trainable_parameters,0.003937950939871371
toy4,neural_output_average,tensor_batched,tensor_batched,cpu,1024,5,1,1,0,2,toy4_gpu_core_neural_output_average_tensor_batched_1024_cpu_repeat01,5,neural_policy,output_average,local_loss_forward,0.006842515082098544
toy4,neural_output_average,tensor_batched,tensor_batched,cpu,1024,5,1,1,0,2,toy4_gpu_core_neural_output_average_tensor_batched_1024_cpu_repeat01,5,neural_policy,output_average,local_autograd_grad,0.009912188979797065
toy4,neural_output_average,tensor_batched,tensor_batched,cpu,1024,5,1,1,0,2,toy4_gpu_core_neural_output_average_tensor_batched_1024_cpu_repeat01,5,neural_policy,output_average,local_adam_update,0.016908421996049583
toy4,neural_output_average,tensor_batched,tensor_batched,cpu,1024,5,1,1,0,2,toy4_gpu_core_neural_output_average_tensor_batched_1024_cpu_repeat01,5,neural_policy,output_average,local_optimizer_update,0.028683140059001744
toy4,neural_output_average,tensor_batched,tensor_batched,cpu,1024,5,1,1,0,2,toy4_gpu_core_neural_output_average_tensor_batched_1024_cpu_repeat01,5,neural_policy,output_average,local_loss_update,0.035618975991383195
toy4,neural_output_average,tensor_batched,tensor_batched,cpu,1024,5,1,1,0,2,toy4_gpu_core_neural_output_average_tensor_batched_1024_cpu_repeat01,5,neural_policy,output_average,local_training,0.04006140702404082
toy4,neural_output_average,tensor_batched,tensor_batched,cpu,1024,5,1,1,0,2,toy4_gpu_core_neural_output_average_tensor_batched_1024_cpu_repeat01,5,neural_policy,output_average,cache_refresh,3.3525051549077034e-05
toy4,neural_output_average,tensor_batched,tensor_batched,cpu,1024,5,1,1,0,2,toy4_gpu_core_neural_output_average_tensor_batched_1024_cpu_repeat01,5,neural_policy,output_average,post_local_readout,0.0014315210282802582
toy4,neural_output_average,tensor_batched,tensor_batched,cpu,1024,5,1,1,0,2,toy4_gpu_core_neural_output_average_tensor_batched_1024_cpu_repeat01,5,neural_policy,output_average,local_step,0.08100840600673109
toy4,neural_output_average,tensor_batched,tensor_batched,cpu,1024,5,1,1,0,2,toy4_gpu_core_neural_output_average_tensor_batched_1024_cpu_repeat01,5,neural_policy,output_average,select_peers,0.00030143605545163155
toy4,neural_output_average,tensor_batched,tensor_batched,cpu,1024,5,1,1,0,2,toy4_gpu_core_neural_output_average_tensor_batched_1024_cpu_repeat01,5,neural_policy,output_average,social_mix,0.004128792090341449
toy4,neural_output_average,tensor_batched,tensor_batched,cpu,1024,5,1,1,0,2,toy4_gpu_core_neural_output_average_tensor_batched_1024_cpu_repeat01,5,neural_policy,output_average,social_loss_forward,0.0021300490479916334
toy4,neural_output_average,tensor_batched,tensor_batched,cpu,1024,5,1,1,0,2,toy4_gpu_core_neural_output_average_tensor_batched_1024_cpu_repeat01,5,neural_policy,output_average,social_autograd_grad,0.004143381025642157
toy4,neural_output_average,tensor_batched,tensor_batched,cpu,1024,5,1,1,0,2,toy4_gpu_core_neural_output_average_tensor_batched_1024_cpu_repeat01,5,neural_policy,output_average,social_adam_update,0.00824424799066037
toy4,neural_output_average,tensor_batched,tensor_batched,cpu,1024,5,1,1,0,2,toy4_gpu_core_neural_output_average_tensor_batched_1024_cpu_repeat01,5,neural_policy,output_average,social_optimizer_update,0.013357863062992692
toy4,neural_output_average,tensor_batched,tensor_batched,cpu,1024,5,1,1,0,2,toy4_gpu_core_neural_output_average_tensor_batched_1024_cpu_repeat01,5,neural_policy,output_average,social_distillation,0.02430048503447324
toy4,neural_output_average,tensor_batched,tensor_batched,cpu,1024,5,1,1,0,2,toy4_gpu_core_neural_output_average_tensor_batched_1024_cpu_repeat01,5,neural_policy,output_average,social_step,0.024396461085416377
toy4,neural_output_average,tensor_batched,tensor_batched,cpu,1024,5,1,1,0,2,toy4_gpu_core_neural_output_average_tensor_batched_1024_cpu_repeat01,5,neural_policy,output_average,sample_actions,2.4649780243635178e-06
toy4,neural_output_average,tensor_batched,tensor_batched,cpu,1024,5,1,1,0,2,toy4_gpu_core_neural_output_average_tensor_batched_1024_cpu_repeat01,5,neural_policy,output_average,commit_actions,2.1170941181480885e-05
toy4,neural_output_average,tensor_batched,tensor_batched,cpu,1024,5,1,1,0,2,toy4_gpu_core_neural_output_average_tensor_batched_1024_cpu_repeat01,5,neural_policy,output_average,post_step_state_policy,0.00019776506815105677
toy4,neural_output_average,tensor_batched,tensor_batched,cpu,1024,5,1,1,0,2,toy4_gpu_core_neural_output_average_tensor_batched_1024_cpu_repeat01,5,neural_policy,output_average,update_payoff_ema,0.0002935800002887845
toy4,neural_output_average,tensor_batched,tensor_batched,cpu,1024,5,1,1,0,2,toy4_gpu_core_neural_output_average_tensor_batched_1024_cpu_repeat01,5,neural_policy,output_average,update_reputation_ema,0.0001373870763927698
toy4,neural_output_average,tensor_batched,tensor_batched,cpu,1024,5,1,1,0,2,toy4_gpu_core_neural_output_average_tensor_batched_1024_cpu_repeat01,5,neural_policy,output_average,mobility_swaps,0.00017289596144109964
toy4,neural_output_average,tensor_batched,tensor_batched,cpu,1024,5,1,1,0,2,toy4_gpu_core_neural_output_average_tensor_batched_1024_cpu_repeat01,5,neural_policy,output_average,finalize_hook_step,4.1350023820996284e-05
toy4,neural_output_average,tensor_batched,tensor_batched,cpu,1024,5,1,1,0,2,toy4_gpu_core_neural_output_average_tensor_batched_1024_cpu_repeat01,5,neural_policy,output_average,hooked_step_total,0.11305102205369622
toy4,neural_output_average,tensor_batched,tensor_batched,cpu,1024,5,1,1,0,2,toy4_gpu_core_neural_output_average_tensor_batched_1024_cpu_repeat01,5,neural_policy,output_average,aggregate_row,0.2231893460266292
toy4,neural_output_average,tensor_batched,tensor_batched,cpu,1024,5,1,1,0,2,toy4_gpu_core_neural_output_average_tensor_batched_1024_cpu_repeat01,5,neural_policy,output_average,write_aggregate,0.0008915129583328962
toy4,neural_output_average,tensor_batched,tensor_batched,cuda,1024,5,1,0,0,2,toy4_gpu_core_neural_output_average_tensor_batched_1024_cuda_repeat00,0,neural_policy,output_average,make_run_dir,0.003660441027022898
toy4,neural_output_average,tensor_batched,tensor_batched,cuda,1024,5,1,0,0,2,toy4_gpu_core_neural_output_average_tensor_batched_1024_cuda_repeat00,0,neural_policy,output_average,write_metadata,0.010492936009541154
toy4,neural_output_average,tensor_batched,tensor_batched,cuda,1024,5,1,0,0,2,toy4_gpu_core_neural_output_average_tensor_batched_1024_cuda_repeat00,0,neural_policy,output_average,initial_state,3.1446938229491934
toy4,neural_output_average,tensor_batched,tensor_batched,cuda,1024,5,1,0,0,2,toy4_gpu_core_neural_output_average_tensor_batched_1024_cuda_repeat00,0,neural_policy,output_average,writer_setup,0.006835088017396629
toy4,neural_output_average,tensor_batched,tensor_batched,cuda,1024,5,1,0,0,2,toy4_gpu_core_neural_output_average_tensor_batched_1024_cuda_repeat00,0,neural_policy,output_average,initial_step_result,0.029532831045798957
toy4,neural_output_average,tensor_batched,tensor_batched,cuda,1024,5,1,0,0,2,toy4_gpu_core_neural_output_average_tensor_batched_1024_cuda_repeat00,0,neural_policy,output_average,initial_aggregate_row,0.25231177208479494
toy4,neural_output_average,tensor_batched,tensor_batched,cuda,1024,5,1,0,0,2,toy4_gpu_core_neural_output_average_tensor_batched_1024_cuda_repeat00,0,neural_policy,output_average,write_initial_aggregate,0.0010175170609727502
toy4,neural_output_average,tensor_batched,tensor_batched,cuda,1024,5,1,0,0,2,toy4_gpu_core_neural_output_average_tensor_batched_1024_cuda_repeat00,1,neural_policy,output_average,sample_revision_mask,0.0004321798915043473
toy4,neural_output_average,tensor_batched,tensor_batched,cuda,1024,5,1,0,0,2,toy4_gpu_core_neural_output_average_tensor_batched_1024_cuda_repeat00,1,neural_policy,output_average,build_step_context,9.129696991294622e-05
toy4,neural_output_average,tensor_batched,tensor_batched,cuda,1024,5,1,0,0,2,toy4_gpu_core_neural_output_average_tensor_batched_1024_cuda_repeat00,1,neural_policy,output_average,build_observations,0.017164504039101303
toy4,neural_output_average,tensor_batched,tensor_batched,cuda,1024,5,1,0,0,2,toy4_gpu_core_neural_output_average_tensor_batched_1024_cuda_repeat00,1,neural_policy,output_average,policy_readout,0.009861045982688665
toy4,neural_output_average,tensor_batched,tensor_batched,cuda,1024,5,1,0,0,2,toy4_gpu_core_neural_output_average_tensor_batched_1024_cuda_repeat00,1,neural_policy,output_average,decision_selection,0.009164453018456697
toy4,neural_output_average,tensor_batched,tensor_batched,cuda,1024,5,1,0,0,2,toy4_gpu_core_neural_output_average_tensor_batched_1024_cuda_repeat00,1,neural_policy,output_average,local_trainable_parameters,0.000930998008698225
toy4,neural_output_average,tensor_batched,tensor_batched,cuda,1024,5,1,0,0,2,toy4_gpu_core_neural_output_average_tensor_batched_1024_cuda_repeat00,1,neural_policy,output_average,local_loss_forward,0.006269247969612479
toy4,neural_output_average,tensor_batched,tensor_batched,cuda,1024,5,1,0,0,2,toy4_gpu_core_neural_output_average_tensor_batched_1024_cuda_repeat00,1,neural_policy,output_average,local_autograd_grad,0.010025204974226654
toy4,neural_output_average,tensor_batched,tensor_batched,cuda,1024,5,1,0,0,2,toy4_gpu_core_neural_output_average_tensor_batched_1024_cuda_repeat00,1,neural_policy,output_average,local_adam_update,0.007657064939849079
toy4,neural_output_average,tensor_batched,tensor_batched,cuda,1024,5,1,0,0,2,toy4_gpu_core_neural_output_average_tensor_batched_1024_cuda_repeat00,1,neural_policy,output_average,local_optimizer_update,0.01963287894614041
toy4,neural_output_average,tensor_batched,tensor_batched,cuda,1024,5,1,0,0,2,toy4_gpu_core_neural_output_average_tensor_batched_1024_cuda_repeat00,1,neural_policy,output_average,local_loss_update,0.0260925879701972
toy4,neural_output_average,tensor_batched,tensor_batched,cuda,1024,5,1,0,0,2,toy4_gpu_core_neural_output_average_tensor_batched_1024_cuda_repeat00,1,neural_policy,output_average,local_training,0.027538958005607128
toy4,neural_output_average,tensor_batched,tensor_batched,cuda,1024,5,1,0,0,2,toy4_gpu_core_neural_output_average_tensor_batched_1024_cuda_repeat00,1,neural_policy,output_average,cache_refresh,3.8744998164474964e-05
toy4,neural_output_average,tensor_batched,tensor_batched,cuda,1024,5,1,0,0,2,toy4_gpu_core_neural_output_average_tensor_batched_1024_cuda_repeat00,1,neural_policy,output_average,post_local_readout,0.0015159150352701545
toy4,neural_output_average,tensor_batched,tensor_batched,cuda,1024,5,1,0,0,2,toy4_gpu_core_neural_output_average_tensor_batched_1024_cuda_repeat00,1,neural_policy,output_average,local_step,0.06945549498777837
toy4,neural_output_average,tensor_batched,tensor_batched,cuda,1024,5,1,0,0,2,toy4_gpu_core_neural_output_average_tensor_batched_1024_cuda_repeat00,1,neural_policy,output_average,select_peers,0.0004878779873251915
toy4,neural_output_average,tensor_batched,tensor_batched,cuda,1024,5,1,0,0,2,toy4_gpu_core_neural_output_average_tensor_batched_1024_cuda_repeat00,1,neural_policy,output_average,social_mix,0.003512313007377088
toy4,neural_output_average,tensor_batched,tensor_batched,cuda,1024,5,1,0,0,2,toy4_gpu_core_neural_output_average_tensor_batched_1024_cuda_repeat00,1,neural_policy,output_average,social_loss_forward,0.0013193939812481403
toy4,neural_output_average,tensor_batched,tensor_batched,cuda,1024,5,1,0,0,2,toy4_gpu_core_neural_output_average_tensor_batched_1024_cuda_repeat00,1,neural_policy,output_average,social_autograd_grad,0.004479091032408178
toy4,neural_output_average,tensor_batched,tensor_batched,cuda,1024,5,1,0,0,2,toy4_gpu_core_neural_output_average_tensor_batched_1024_cuda_repeat00,1,neural_policy,output_average,social_adam_update,0.002187418984249234
toy4,neural_output_average,tensor_batched,tensor_batched,cuda,1024,5,1,0,0,2,toy4_gpu_core_neural_output_average_tensor_batched_1024_cuda_repeat00,1,neural_policy,output_average,social_optimizer_update,0.007568281958810985
toy4,neural_output_average,tensor_batched,tensor_batched,cuda,1024,5,1,0,0,2,toy4_gpu_core_neural_output_average_tensor_batched_1024_cuda_repeat00,1,neural_policy,output_average,social_distillation,0.015260074054822326
toy4,neural_output_average,tensor_batched,tensor_batched,cuda,1024,5,1,0,0,2,toy4_gpu_core_neural_output_average_tensor_batched_1024_cuda_repeat00,1,neural_policy,output_average,social_step,0.01536274398677051
toy4,neural_output_average,tensor_batched,tensor_batched,cuda,1024,5,1,0,0,2,toy4_gpu_core_neural_output_average_tensor_batched_1024_cuda_repeat00,1,neural_policy,output_average,sample_actions,1.980806700885296e-05
toy4,neural_output_average,tensor_batched,tensor_batched,cuda,1024,5,1,0,0,2,toy4_gpu_core_neural_output_average_tensor_batched_1024_cuda_repeat00,1,neural_policy,output_average,commit_actions,5.042809061706066e-05
toy4,neural_output_average,tensor_batched,tensor_batched,cuda,1024,5,1,0,0,2,toy4_gpu_core_neural_output_average_tensor_batched_1024_cuda_repeat00,1,neural_policy,output_average,post_step_state_policy,0.0002892320044338703
toy4,neural_output_average,tensor_batched,tensor_batched,cuda,1024,5,1,0,0,2,toy4_gpu_core_neural_output_average_tensor_batched_1024_cuda_repeat00,1,neural_policy,output_average,update_payoff_ema,0.0003366139717400074
toy4,neural_output_average,tensor_batched,tensor_batched,cuda,1024,5,1,0,0,2,toy4_gpu_core_neural_output_average_tensor_batched_1024_cuda_repeat00,1,neural_policy,output_average,update_reputation_ema,0.00015365798026323318
toy4,neural_output_average,tensor_batched,tensor_batched,cuda,1024,5,1,0,0,2,toy4_gpu_core_neural_output_average_tensor_batched_1024_cuda_repeat00,1,neural_policy,output_average,mobility_swaps,0.00019820500165224075
toy4,neural_output_average,tensor_batched,tensor_batched,cuda,1024,5,1,0,0,2,toy4_gpu_core_neural_output_average_tensor_batched_1024_cuda_repeat00,1,neural_policy,output_average,finalize_hook_step,8.879206143319607e-05
toy4,neural_output_average,tensor_batched,tensor_batched,cuda,1024,5,1,0,0,2,toy4_gpu_core_neural_output_average_tensor_batched_1024_cuda_repeat00,1,neural_policy,output_average,hooked_step_total,0.09376339497976005
toy4,neural_output_average,tensor_batched,tensor_batched,cuda,1024,5,1,0,0,2,toy4_gpu_core_neural_output_average_tensor_batched_1024_cuda_repeat00,1,neural_policy,output_average,aggregate_row,0.2557491899933666
toy4,neural_output_average,tensor_batched,tensor_batched,cuda,1024,5,1,0,0,2,toy4_gpu_core_neural_output_average_tensor_batched_1024_cuda_repeat00,1,neural_policy,output_average,write_aggregate,0.0010238590184599161
toy4,neural_output_average,tensor_batched,tensor_batched,cuda,1024,5,1,0,0,2,toy4_gpu_core_neural_output_average_tensor_batched_1024_cuda_repeat00,2,neural_policy,output_average,sample_revision_mask,0.00037205195985734463
toy4,neural_output_average,tensor_batched,tensor_batched,cuda,1024,5,1,0,0,2,toy4_gpu_core_neural_output_average_tensor_batched_1024_cuda_repeat00,2,neural_policy,output_average,build_step_context,0.00010039506014436483
toy4,neural_output_average,tensor_batched,tensor_batched,cuda,1024,5,1,0,0,2,toy4_gpu_core_neural_output_average_tensor_batched_1024_cuda_repeat00,2,neural_policy,output_average,build_observations,0.02034555107820779
toy4,neural_output_average,tensor_batched,tensor_batched,cuda,1024,5,1,0,0,2,toy4_gpu_core_neural_output_average_tensor_batched_1024_cuda_repeat00,2,neural_policy,output_average,policy_readout,0.009891003021039069
toy4,neural_output_average,tensor_batched,tensor_batched,cuda,1024,5,1,0,0,2,toy4_gpu_core_neural_output_average_tensor_batched_1024_cuda_repeat00,2,neural_policy,output_average,decision_selection,0.007907410035841167
toy4,neural_output_average,tensor_batched,tensor_batched,cuda,1024,5,1,0,0,2,toy4_gpu_core_neural_output_average_tensor_batched_1024_cuda_repeat00,2,neural_policy,output_average,local_trainable_parameters,0.0009612169815227389
toy4,neural_output_average,tensor_batched,tensor_batched,cuda,1024,5,1,0,0,2,toy4_gpu_core_neural_output_average_tensor_batched_1024_cuda_repeat00,2,neural_policy,output_average,local_loss_forward,0.005675124004483223
toy4,neural_output_average,tensor_batched,tensor_batched,cuda,1024,5,1,0,0,2,toy4_gpu_core_neural_output_average_tensor_batched_1024_cuda_repeat00,2,neural_policy,output_average,local_autograd_grad,0.02287899295333773
toy4,neural_output_average,tensor_batched,tensor_batched,cuda,1024,5,1,0,0,2,toy4_gpu_core_neural_output_average_tensor_batched_1024_cuda_repeat00,2,neural_policy,output_average,local_adam_update,0.011368324048817158
toy4,neural_output_average,tensor_batched,tensor_batched,cuda,1024,5,1,0,0,2,toy4_gpu_core_neural_output_average_tensor_batched_1024_cuda_repeat00,2,neural_policy,output_average,local_optimizer_update,0.03653030004352331
toy4,neural_output_average,tensor_batched,tensor_batched,cuda,1024,5,1,0,0,2,toy4_gpu_core_neural_output_average_tensor_batched_1024_cuda_repeat00,2,neural_policy,output_average,local_loss_update,0.04238055401947349
toy4,neural_output_average,tensor_batched,tensor_batched,cuda,1024,5,1,0,0,2,toy4_gpu_core_neural_output_average_tensor_batched_1024_cuda_repeat00,2,neural_policy,output_average,local_training,0.04389158100821078
toy4,neural_output_average,tensor_batched,tensor_batched,cuda,1024,5,1,0,0,2,toy4_gpu_core_neural_output_average_tensor_batched_1024_cuda_repeat00,2,neural_policy,output_average,cache_refresh,4.116003401577473e-05
toy4,neural_output_average,tensor_batched,tensor_batched,cuda,1024,5,1,0,0,2,toy4_gpu_core_neural_output_average_tensor_batched_1024_cuda_repeat00,2,neural_policy,output_average,post_local_readout,0.0024790660245344043
toy4,neural_output_average,tensor_batched,tensor_batched,cuda,1024,5,1,0,0,2,toy4_gpu_core_neural_output_average_tensor_batched_1024_cuda_repeat00,2,neural_policy,output_average,local_step,0.09070333302952349
toy4,neural_output_average,tensor_batched,tensor_batched,cuda,1024,5,1,0,0,2,toy4_gpu_core_neural_output_average_tensor_batched_1024_cuda_repeat00,2,neural_policy,output_average,select_peers,0.0008775049354881048
toy4,neural_output_average,tensor_batched,tensor_batched,cuda,1024,5,1,0,0,2,toy4_gpu_core_neural_output_average_tensor_batched_1024_cuda_repeat00,2,neural_policy,output_average,social_mix,0.00478522595949471
toy4,neural_output_average,tensor_batched,tensor_batched,cuda,1024,5,1,0,0,2,toy4_gpu_core_neural_output_average_tensor_batched_1024_cuda_repeat00,2,neural_policy,output_average,social_loss_forward,0.0019513909937813878
toy4,neural_output_average,tensor_batched,tensor_batched,cuda,1024,5,1,0,0,2,toy4_gpu_core_neural_output_average_tensor_batched_1024_cuda_repeat00,2,neural_policy,output_average,social_autograd_grad,0.013936661998741329
toy4,neural_output_average,tensor_batched,tensor_batched,cuda,1024,5,1,0,0,2,toy4_gpu_core_neural_output_average_tensor_batched_1024_cuda_repeat00,2,neural_policy,output_average,social_adam_update,0.00447882991284132
toy4,neural_output_average,tensor_batched,tensor_batched,cuda,1024,5,1,0,0,2,toy4_gpu_core_neural_output_average_tensor_batched_1024_cuda_repeat00,2,neural_policy,output_average,social_optimizer_update,0.019927929970435798
toy4,neural_output_average,tensor_batched,tensor_batched,cuda,1024,5,1,0,0,2,toy4_gpu_core_neural_output_average_tensor_batched_1024_cuda_repeat00,2,neural_policy,output_average,social_distillation,0.030638745985925198
toy4,neural_output_average,tensor_batched,tensor_batched,cuda,1024,5,1,0,0,2,toy4_gpu_core_neural_output_average_tensor_batched_1024_cuda_repeat00,2,neural_policy,output_average,social_step,0.0307537600165233
toy4,neural_output_average,tensor_batched,tensor_batched,cuda,1024,5,1,0,0,2,toy4_gpu_core_neural_output_average_tensor_batched_1024_cuda_repeat00,2,neural_policy,output_average,sample_actions,1.599104143679142e-05
toy4,neural_output_average,tensor_batched,tensor_batched,cuda,1024,5,1,0,0,2,toy4_gpu_core_neural_output_average_tensor_batched_1024_cuda_repeat00,2,neural_policy,output_average,commit_actions,6.345391739159822e-05
toy4,neural_output_average,tensor_batched,tensor_batched,cuda,1024,5,1,0,0,2,toy4_gpu_core_neural_output_average_tensor_batched_1024_cuda_repeat00,2,neural_policy,output_average,post_step_state_policy,0.00034126301761716604
toy4,neural_output_average,tensor_batched,tensor_batched,cuda,1024,5,1,0,0,2,toy4_gpu_core_neural_output_average_tensor_batched_1024_cuda_repeat00,2,neural_policy,output_average,update_payoff_ema,0.0003558810567483306
toy4,neural_output_average,tensor_batched,tensor_batched,cuda,1024,5,1,0,0,2,toy4_gpu_core_neural_output_average_tensor_batched_1024_cuda_repeat00,2,neural_policy,output_average,update_reputation_ema,0.00016200391110032797
toy4,neural_output_average,tensor_batched,tensor_batched,cuda,1024,5,1,0,0,2,toy4_gpu_core_neural_output_average_tensor_batched_1024_cuda_repeat00,2,neural_policy,output_average,mobility_swaps,0.0002867069561034441
toy4,neural_output_average,tensor_batched,tensor_batched,cuda,1024,5,1,0,0,2,toy4_gpu_core_neural_output_average_tensor_batched_1024_cuda_repeat00,2,neural_policy,output_average,finalize_hook_step,7.314200047403574e-05
toy4,neural_output_average,tensor_batched,tensor_batched,cuda,1024,5,1,0,0,2,toy4_gpu_core_neural_output_average_tensor_batched_1024_cuda_repeat00,2,neural_policy,output_average,hooked_step_total,0.13344734394922853
toy4,neural_output_average,tensor_batched,tensor_batched,cuda,1024,5,1,0,0,2,toy4_gpu_core_neural_output_average_tensor_batched_1024_cuda_repeat00,2,neural_policy,output_average,aggregate_row,0.26524040498770773
toy4,neural_output_average,tensor_batched,tensor_batched,cuda,1024,5,1,0,0,2,toy4_gpu_core_neural_output_average_tensor_batched_1024_cuda_repeat00,2,neural_policy,output_average,write_aggregate,0.0013020089827477932
toy4,neural_output_average,tensor_batched,tensor_batched,cuda,1024,5,1,0,0,2,toy4_gpu_core_neural_output_average_tensor_batched_1024_cuda_repeat00,3,neural_policy,output_average,sample_revision_mask,0.0007936819456517696
toy4,neural_output_average,tensor_batched,tensor_batched,cuda,1024,5,1,0,0,2,toy4_gpu_core_neural_output_average_tensor_batched_1024_cuda_repeat00,3,neural_policy,output_average,build_step_context,0.00012805801816284657
toy4,neural_output_average,tensor_batched,tensor_batched,cuda,1024,5,1,0,0,2,toy4_gpu_core_neural_output_average_tensor_batched_1024_cuda_repeat00,3,neural_policy,output_average,build_observations,0.02271193894557655
toy4,neural_output_average,tensor_batched,tensor_batched,cuda,1024,5,1,0,0,2,toy4_gpu_core_neural_output_average_tensor_batched_1024_cuda_repeat00,3,neural_policy,output_average,policy_readout,0.009704541997052729
toy4,neural_output_average,tensor_batched,tensor_batched,cuda,1024,5,1,0,0,2,toy4_gpu_core_neural_output_average_tensor_batched_1024_cuda_repeat00,3,neural_policy,output_average,decision_selection,0.00997511693276465
toy4,neural_output_average,tensor_batched,tensor_batched,cuda,1024,5,1,0,0,2,toy4_gpu_core_neural_output_average_tensor_batched_1024_cuda_repeat00,3,neural_policy,output_average,local_trainable_parameters,0.0009445949690416455
toy4,neural_output_average,tensor_batched,tensor_batched,cuda,1024,5,1,0,0,2,toy4_gpu_core_neural_output_average_tensor_batched_1024_cuda_repeat00,3,neural_policy,output_average,local_loss_forward,0.007004346931353211
toy4,neural_output_average,tensor_batched,tensor_batched,cuda,1024,5,1,0,0,2,toy4_gpu_core_neural_output_average_tensor_batched_1024_cuda_repeat00,3,neural_policy,output_average,local_autograd_grad,0.009232884971424937
toy4,neural_output_average,tensor_batched,tensor_batched,cuda,1024,5,1,0,0,2,toy4_gpu_core_neural_output_average_tensor_batched_1024_cuda_repeat00,3,neural_policy,output_average,local_adam_update,0.00411323003936559
toy4,neural_output_average,tensor_batched,tensor_batched,cuda,1024,5,1,0,0,2,toy4_gpu_core_neural_output_average_tensor_batched_1024_cuda_repeat00,3,neural_policy,output_average,local_optimizer_update,0.015662133926525712
toy4,neural_output_average,tensor_batched,tensor_batched,cuda,1024,5,1,0,0,2,toy4_gpu_core_neural_output_average_tensor_batched_1024_cuda_repeat00,3,neural_policy,output_average,local_loss_update,0.02277285698801279
toy4,neural_output_average,tensor_batched,tensor_batched,cuda,1024,5,1,0,0,2,toy4_gpu_core_neural_output_average_tensor_batched_1024_cuda_repeat00,3,neural_policy,output_average,local_training,0.024215710000135005
toy4,neural_output_average,tensor_batched,tensor_batched,cuda,1024,5,1,0,0,2,toy4_gpu_core_neural_output_average_tensor_batched_1024_cuda_repeat00,3,neural_policy,output_average,cache_refresh,1.5650992281734943e-05
toy4,neural_output_average,tensor_batched,tensor_batched,cuda,1024,5,1,0,0,2,toy4_gpu_core_neural_output_average_tensor_batched_1024_cuda_repeat00,3,neural_policy,output_average,post_local_readout,0.0013886169763281941
toy4,neural_output_average,tensor_batched,tensor_batched,cuda,1024,5,1,0,0,2,toy4_gpu_core_neural_output_average_tensor_batched_1024_cuda_repeat00,3,neural_policy,output_average,local_step,0.07102285290602595
toy4,neural_output_average,tensor_batched,tensor_batched,cuda,1024,5,1,0,0,2,toy4_gpu_core_neural_output_average_tensor_batched_1024_cuda_repeat00,3,neural_policy,output_average,select_peers,0.0002015508944168687
toy4,neural_output_average,tensor_batched,tensor_batched,cuda,1024,5,1,0,0,2,toy4_gpu_core_neural_output_average_tensor_batched_1024_cuda_repeat00,3,neural_policy,output_average,social_mix,0.0053741500014439225
toy4,neural_output_average,tensor_batched,tensor_batched,cuda,1024,5,1,0,0,2,toy4_gpu_core_neural_output_average_tensor_batched_1024_cuda_repeat00,3,neural_policy,output_average,social_loss_forward,0.001661025919020176
toy4,neural_output_average,tensor_batched,tensor_batched,cuda,1024,5,1,0,0,2,toy4_gpu_core_neural_output_average_tensor_batched_1024_cuda_repeat00,3,neural_policy,output_average,social_autograd_grad,0.00303825200535357
toy4,neural_output_average,tensor_batched,tensor_batched,cuda,1024,5,1,0,0,2,toy4_gpu_core_neural_output_average_tensor_batched_1024_cuda_repeat00,3,neural_policy,output_average,social_adam_update,0.003911459003575146
toy4,neural_output_average,tensor_batched,tensor_batched,cuda,1024,5,1,0,0,2,toy4_gpu_core_neural_output_average_tensor_batched_1024_cuda_repeat00,3,neural_policy,output_average,social_optimizer_update,0.007976904977113008
toy4,neural_output_average,tensor_batched,tensor_batched,cuda,1024,5,1,0,0,2,toy4_gpu_core_neural_output_average_tensor_batched_1024_cuda_repeat00,3,neural_policy,output_average,social_distillation,0.018675898085348308
toy4,neural_output_average,tensor_batched,tensor_batched,cuda,1024,5,1,0,0,2,toy4_gpu_core_neural_output_average_tensor_batched_1024_cuda_repeat00,3,neural_policy,output_average,social_step,0.018753338954411447
toy4,neural_output_average,tensor_batched,tensor_batched,cuda,1024,5,1,0,0,2,toy4_gpu_core_neural_output_average_tensor_batched_1024_cuda_repeat00,3,neural_policy,output_average,sample_actions,1.6011064872145653e-05
toy4,neural_output_average,tensor_batched,tensor_batched,cuda,1024,5,1,0,0,2,toy4_gpu_core_neural_output_average_tensor_batched_1024_cuda_repeat00,3,neural_policy,output_average,commit_actions,5.338399205356836e-05
toy4,neural_output_average,tensor_batched,tensor_batched,cuda,1024,5,1,0,0,2,toy4_gpu_core_neural_output_average_tensor_batched_1024_cuda_repeat00,3,neural_policy,output_average,post_step_state_policy,0.00030426098965108395
toy4,neural_output_average,tensor_batched,tensor_batched,cuda,1024,5,1,0,0,2,toy4_gpu_core_neural_output_average_tensor_batched_1024_cuda_repeat00,3,neural_policy,output_average,update_payoff_ema,0.0005297689931467175
toy4,neural_output_average,tensor_batched,tensor_batched,cuda,1024,5,1,0,0,2,toy4_gpu_core_neural_output_average_tensor_batched_1024_cuda_repeat00,3,neural_policy,output_average,update_reputation_ema,0.00017417792696505785
toy4,neural_output_average,tensor_batched,tensor_batched,cuda,1024,5,1,0,0,2,toy4_gpu_core_neural_output_average_tensor_batched_1024_cuda_repeat00,3,neural_policy,output_average,mobility_swaps,0.00021509791258722544
toy4,neural_output_average,tensor_batched,tensor_batched,cuda,1024,5,1,0,0,2,toy4_gpu_core_neural_output_average_tensor_batched_1024_cuda_repeat00,3,neural_policy,output_average,finalize_hook_step,7.05269630998373e-05
toy4,neural_output_average,tensor_batched,tensor_batched,cuda,1024,5,1,0,0,2,toy4_gpu_core_neural_output_average_tensor_batched_1024_cuda_repeat00,3,neural_policy,output_average,hooked_step_total,0.09930104506202042
toy4,neural_output_average,tensor_batched,tensor_batched,cuda,1024,5,1,0,0,2,toy4_gpu_core_neural_output_average_tensor_batched_1024_cuda_repeat00,3,neural_policy,output_average,aggregate_row,0.2311534610344097
toy4,neural_output_average,tensor_batched,tensor_batched,cuda,1024,5,1,0,0,2,toy4_gpu_core_neural_output_average_tensor_batched_1024_cuda_repeat00,3,neural_policy,output_average,write_aggregate,0.0009242660598829389
toy4,neural_output_average,tensor_batched,tensor_batched,cuda,1024,5,1,0,0,2,toy4_gpu_core_neural_output_average_tensor_batched_1024_cuda_repeat00,4,neural_policy,output_average,sample_revision_mask,0.00032843800727277994
toy4,neural_output_average,tensor_batched,tensor_batched,cuda,1024,5,1,0,0,2,toy4_gpu_core_neural_output_average_tensor_batched_1024_cuda_repeat00,4,neural_policy,output_average,build_step_context,6.495695561170578e-05
toy4,neural_output_average,tensor_batched,tensor_batched,cuda,1024,5,1,0,0,2,toy4_gpu_core_neural_output_average_tensor_batched_1024_cuda_repeat00,4,neural_policy,output_average,build_observations,0.016232591937296093
toy4,neural_output_average,tensor_batched,tensor_batched,cuda,1024,5,1,0,0,2,toy4_gpu_core_neural_output_average_tensor_batched_1024_cuda_repeat00,4,neural_policy,output_average,policy_readout,0.00612562894821167
toy4,neural_output_average,tensor_batched,tensor_batched,cuda,1024,5,1,0,0,2,toy4_gpu_core_neural_output_average_tensor_batched_1024_cuda_repeat00,4,neural_policy,output_average,decision_selection,0.006723551079630852
toy4,neural_output_average,tensor_batched,tensor_batched,cuda,1024,5,1,0,0,2,toy4_gpu_core_neural_output_average_tensor_batched_1024_cuda_repeat00,4,neural_policy,output_average,local_trainable_parameters,0.0006325090071186423
toy4,neural_output_average,tensor_batched,tensor_batched,cuda,1024,5,1,0,0,2,toy4_gpu_core_neural_output_average_tensor_batched_1024_cuda_repeat00,4,neural_policy,output_average,local_loss_forward,0.005346224992536008
toy4,neural_output_average,tensor_batched,tensor_batched,cuda,1024,5,1,0,0,2,toy4_gpu_core_neural_output_average_tensor_batched_1024_cuda_repeat00,4,neural_policy,output_average,local_autograd_grad,0.011332624009810388
toy4,neural_output_average,tensor_batched,tensor_batched,cuda,1024,5,1,0,0,2,toy4_gpu_core_neural_output_average_tensor_batched_1024_cuda_repeat00,4,neural_policy,output_average,local_adam_update,0.005129304016008973
toy4,neural_output_average,tensor_batched,tensor_batched,cuda,1024,5,1,0,0,2,toy4_gpu_core_neural_output_average_tensor_batched_1024_cuda_repeat00,4,neural_policy,output_average,local_optimizer_update,0.017885954002849758
toy4,neural_output_average,tensor_batched,tensor_batched,cuda,1024,5,1,0,0,2,toy4_gpu_core_neural_output_average_tensor_batched_1024_cuda_repeat00,4,neural_policy,output_average,local_loss_update,0.02336624008603394
toy4,neural_output_average,tensor_batched,tensor_batched,cuda,1024,5,1,0,0,2,toy4_gpu_core_neural_output_average_tensor_batched_1024_cuda_repeat00,4,neural_policy,output_average,local_training,0.024467578972689807
toy4,neural_output_average,tensor_batched,tensor_batched,cuda,1024,5,1,0,0,2,toy4_gpu_core_neural_output_average_tensor_batched_1024_cuda_repeat00,4,neural_policy,output_average,cache_refresh,3.327499143779278e-05
toy4,neural_output_average,tensor_batched,tensor_batched,cuda,1024,5,1,0,0,2,toy4_gpu_core_neural_output_average_tensor_batched_1024_cuda_repeat00,4,neural_policy,output_average,post_local_readout,0.0009259480284526944
toy4,neural_output_average,tensor_batched,tensor_batched,cuda,1024,5,1,0,0,2,toy4_gpu_core_neural_output_average_tensor_batched_1024_cuda_repeat00,4,neural_policy,output_average,local_step,0.05832031893078238
toy4,neural_output_average,tensor_batched,tensor_batched,cuda,1024,5,1,0,0,2,toy4_gpu_core_neural_output_average_tensor_batched_1024_cuda_repeat00,4,neural_policy,output_average,select_peers,0.00048498203977942467
toy4,neural_output_average,tensor_batched,tensor_batched,cuda,1024,5,1,0,0,2,toy4_gpu_core_neural_output_average_tensor_batched_1024_cuda_repeat00,4,neural_policy,output_average,social_mix,0.0027194820577278733
toy4,neural_output_average,tensor_batched,tensor_batched,cuda,1024,5,1,0,0,2,toy4_gpu_core_neural_output_average_tensor_batched_1024_cuda_repeat00,4,neural_policy,output_average,social_loss_forward,0.000837066094391048
toy4,neural_output_average,tensor_batched,tensor_batched,cuda,1024,5,1,0,0,2,toy4_gpu_core_neural_output_average_tensor_batched_1024_cuda_repeat00,4,neural_policy,output_average,social_autograd_grad,0.004641174920834601
toy4,neural_output_average,tensor_batched,tensor_batched,cuda,1024,5,1,0,0,2,toy4_gpu_core_neural_output_average_tensor_batched_1024_cuda_repeat00,4,neural_policy,output_average,social_adam_update,0.008871844038367271
toy4,neural_output_average,tensor_batched,tensor_batched,cuda,1024,5,1,0,0,2,toy4_gpu_core_neural_output_average_tensor_batched_1024_cuda_repeat00,4,neural_policy,output_average,social_optimizer_update,0.01528757601045072
toy4,neural_output_average,tensor_batched,tensor_batched,cuda,1024,5,1,0,0,2,toy4_gpu_core_neural_output_average_tensor_batched_1024_cuda_repeat00,4,neural_policy,output_average,social_distillation,0.022416754974983633
toy4,neural_output_average,tensor_batched,tensor_batched,cuda,1024,5,1,0,0,2,toy4_gpu_core_neural_output_average_tensor_batched_1024_cuda_repeat00,4,neural_policy,output_average,social_step,0.022566866944544017
toy4,neural_output_average,tensor_batched,tensor_batched,cuda,1024,5,1,0,0,2,toy4_gpu_core_neural_output_average_tensor_batched_1024_cuda_repeat00,4,neural_policy,output_average,sample_actions,6.0398015193641186e-05
toy4,neural_output_average,tensor_batched,tensor_batched,cuda,1024,5,1,0,0,2,toy4_gpu_core_neural_output_average_tensor_batched_1024_cuda_repeat00,4,neural_policy,output_average,commit_actions,5.6750024668872356e-05
toy4,neural_output_average,tensor_batched,tensor_batched,cuda,1024,5,1,0,0,2,toy4_gpu_core_neural_output_average_tensor_batched_1024_cuda_repeat00,4,neural_policy,output_average,post_step_state_policy,0.000290815019980073
toy4,neural_output_average,tensor_batched,tensor_batched,cuda,1024,5,1,0,0,2,toy4_gpu_core_neural_output_average_tensor_batched_1024_cuda_repeat00,4,neural_policy,output_average,update_payoff_ema,0.0002756449393928051
toy4,neural_output_average,tensor_batched,tensor_batched,cuda,1024,5,1,0,0,2,toy4_gpu_core_neural_output_average_tensor_batched_1024_cuda_repeat00,4,neural_policy,output_average,update_reputation_ema,0.0002831199672073126
toy4,neural_output_average,tensor_batched,tensor_batched,cuda,1024,5,1,0,0,2,toy4_gpu_core_neural_output_average_tensor_batched_1024_cuda_repeat00,4,neural_policy,output_average,mobility_swaps,0.00027125701308250427
toy4,neural_output_average,tensor_batched,tensor_batched,cuda,1024,5,1,0,0,2,toy4_gpu_core_neural_output_average_tensor_batched_1024_cuda_repeat00,4,neural_policy,output_average,finalize_hook_step,0.00010992307215929031
toy4,neural_output_average,tensor_batched,tensor_batched,cuda,1024,5,1,0,0,2,toy4_gpu_core_neural_output_average_tensor_batched_1024_cuda_repeat00,4,neural_policy,output_average,hooked_step_total,0.09094817796722054
toy4,neural_output_average,tensor_batched,tensor_batched,cuda,1024,5,1,0,0,2,toy4_gpu_core_neural_output_average_tensor_batched_1024_cuda_repeat00,4,neural_policy,output_average,aggregate_row,0.14516123908106238
toy4,neural_output_average,tensor_batched,tensor_batched,cuda,1024,5,1,0,0,2,toy4_gpu_core_neural_output_average_tensor_batched_1024_cuda_repeat00,4,neural_policy,output_average,write_aggregate,0.0003653690218925476
toy4,neural_output_average,tensor_batched,tensor_batched,cuda,1024,5,1,0,0,2,toy4_gpu_core_neural_output_average_tensor_batched_1024_cuda_repeat00,5,neural_policy,output_average,sample_revision_mask,0.0002155490219593048
toy4,neural_output_average,tensor_batched,tensor_batched,cuda,1024,5,1,0,0,2,toy4_gpu_core_neural_output_average_tensor_batched_1024_cuda_repeat00,5,neural_policy,output_average,build_step_context,4.195095971226692e-05
toy4,neural_output_average,tensor_batched,tensor_batched,cuda,1024,5,1,0,0,2,toy4_gpu_core_neural_output_average_tensor_batched_1024_cuda_repeat00,5,neural_policy,output_average,build_observations,0.012853899039328098
toy4,neural_output_average,tensor_batched,tensor_batched,cuda,1024,5,1,0,0,2,toy4_gpu_core_neural_output_average_tensor_batched_1024_cuda_repeat00,5,neural_policy,output_average,policy_readout,0.006639737985096872
toy4,neural_output_average,tensor_batched,tensor_batched,cuda,1024,5,1,0,0,2,toy4_gpu_core_neural_output_average_tensor_batched_1024_cuda_repeat00,5,neural_policy,output_average,decision_selection,0.007562699960544705
toy4,neural_output_average,tensor_batched,tensor_batched,cuda,1024,5,1,0,0,2,toy4_gpu_core_neural_output_average_tensor_batched_1024_cuda_repeat00,5,neural_policy,output_average,local_trainable_parameters,0.0005224350607022643
toy4,neural_output_average,tensor_batched,tensor_batched,cuda,1024,5,1,0,0,2,toy4_gpu_core_neural_output_average_tensor_batched_1024_cuda_repeat00,5,neural_policy,output_average,local_loss_forward,0.003463977947831154
toy4,neural_output_average,tensor_batched,tensor_batched,cuda,1024,5,1,0,0,2,toy4_gpu_core_neural_output_average_tensor_batched_1024_cuda_repeat00,5,neural_policy,output_average,local_autograd_grad,0.02105540898628533
toy4,neural_output_average,tensor_batched,tensor_batched,cuda,1024,5,1,0,0,2,toy4_gpu_core_neural_output_average_tensor_batched_1024_cuda_repeat00,5,neural_policy,output_average,local_adam_update,0.006052276003174484
toy4,neural_output_average,tensor_batched,tensor_batched,cuda,1024,5,1,0,0,2,toy4_gpu_core_neural_output_average_tensor_batched_1024_cuda_repeat00,5,neural_policy,output_average,local_optimizer_update,0.02878441195935011
toy4,neural_output_average,tensor_batched,tensor_batched,cuda,1024,5,1,0,0,2,toy4_gpu_core_neural_output_average_tensor_batched_1024_cuda_repeat00,5,neural_policy,output_average,local_loss_update,0.03256335202604532
toy4,neural_output_average,tensor_batched,tensor_batched,cuda,1024,5,1,0,0,2,toy4_gpu_core_neural_output_average_tensor_batched_1024_cuda_repeat00,5,neural_policy,output_average,local_training,0.033443161053583026
toy4,neural_output_average,tensor_batched,tensor_batched,cuda,1024,5,1,0,0,2,toy4_gpu_core_neural_output_average_tensor_batched_1024_cuda_repeat00,5,neural_policy,output_average,cache_refresh,3.7492020055651665e-05
toy4,neural_output_average,tensor_batched,tensor_batched,cuda,1024,5,1,0,0,2,toy4_gpu_core_neural_output_average_tensor_batched_1024_cuda_repeat00,5,neural_policy,output_average,post_local_readout,0.002785882097668946
toy4,neural_output_average,tensor_batched,tensor_batched,cuda,1024,5,1,0,0,2,toy4_gpu_core_neural_output_average_tensor_batched_1024_cuda_repeat00,5,neural_policy,output_average,local_step,0.0677059160079807
toy4,neural_output_average,tensor_batched,tensor_batched,cuda,1024,5,1,0,0,2,toy4_gpu_core_neural_output_average_tensor_batched_1024_cuda_repeat00,5,neural_policy,output_average,select_peers,0.0005895149661228061
toy4,neural_output_average,tensor_batched,tensor_batched,cuda,1024,5,1,0,0,2,toy4_gpu_core_neural_output_average_tensor_batched_1024_cuda_repeat00,5,neural_policy,output_average,social_mix,0.0027844180585816503
toy4,neural_output_average,tensor_batched,tensor_batched,cuda,1024,5,1,0,0,2,toy4_gpu_core_neural_output_average_tensor_batched_1024_cuda_repeat00,5,neural_policy,output_average,social_loss_forward,0.00157094094902277
toy4,neural_output_average,tensor_batched,tensor_batched,cuda,1024,5,1,0,0,2,toy4_gpu_core_neural_output_average_tensor_batched_1024_cuda_repeat00,5,neural_policy,output_average,social_autograd_grad,0.003323325072415173
toy4,neural_output_average,tensor_batched,tensor_batched,cuda,1024,5,1,0,0,2,toy4_gpu_core_neural_output_average_tensor_batched_1024_cuda_repeat00,5,neural_policy,output_average,social_adam_update,0.0023278320441022515
toy4,neural_output_average,tensor_batched,tensor_batched,cuda,1024,5,1,0,0,2,toy4_gpu_core_neural_output_average_tensor_batched_1024_cuda_repeat00,5,neural_policy,output_average,social_optimizer_update,0.006618035025894642
toy4,neural_output_average,tensor_batched,tensor_batched,cuda,1024,5,1,0,0,2,toy4_gpu_core_neural_output_average_tensor_batched_1024_cuda_repeat00,5,neural_policy,output_average,social_distillation,0.012926107970997691
toy4,neural_output_average,tensor_batched,tensor_batched,cuda,1024,5,1,0,0,2,toy4_gpu_core_neural_output_average_tensor_batched_1024_cuda_repeat00,5,neural_policy,output_average,social_step,0.013002436025999486
toy4,neural_output_average,tensor_batched,tensor_batched,cuda,1024,5,1,0,0,2,toy4_gpu_core_neural_output_average_tensor_batched_1024_cuda_repeat00,5,neural_policy,output_average,sample_actions,8.146045729517937e-06
toy4,neural_output_average,tensor_batched,tensor_batched,cuda,1024,5,1,0,0,2,toy4_gpu_core_neural_output_average_tensor_batched_1024_cuda_repeat00,5,neural_policy,output_average,commit_actions,2.857495564967394e-05
toy4,neural_output_average,tensor_batched,tensor_batched,cuda,1024,5,1,0,0,2,toy4_gpu_core_neural_output_average_tensor_batched_1024_cuda_repeat00,5,neural_policy,output_average,post_step_state_policy,0.00016035104636102915
toy4,neural_output_average,tensor_batched,tensor_batched,cuda,1024,5,1,0,0,2,toy4_gpu_core_neural_output_average_tensor_batched_1024_cuda_repeat00,5,neural_policy,output_average,update_payoff_ema,0.00013161601964384317
toy4,neural_output_average,tensor_batched,tensor_batched,cuda,1024,5,1,0,0,2,toy4_gpu_core_neural_output_average_tensor_batched_1024_cuda_repeat00,5,neural_policy,output_average,update_reputation_ema,8.009595330804586e-05
toy4,neural_output_average,tensor_batched,tensor_batched,cuda,1024,5,1,0,0,2,toy4_gpu_core_neural_output_average_tensor_batched_1024_cuda_repeat00,5,neural_policy,output_average,mobility_swaps,0.00010625598952174187
toy4,neural_output_average,tensor_batched,tensor_batched,cuda,1024,5,1,0,0,2,toy4_gpu_core_neural_output_average_tensor_batched_1024_cuda_repeat00,5,neural_policy,output_average,finalize_hook_step,5.820300430059433e-05
toy4,neural_output_average,tensor_batched,tensor_batched,cuda,1024,5,1,0,0,2,toy4_gpu_core_neural_output_average_tensor_batched_1024_cuda_repeat00,5,neural_policy,output_average,hooked_step_total,0.08672598109114915
toy4,neural_output_average,tensor_batched,tensor_batched,cuda,1024,5,1,0,0,2,toy4_gpu_core_neural_output_average_tensor_batched_1024_cuda_repeat00,5,neural_policy,output_average,aggregate_row,0.0776526948902756
toy4,neural_output_average,tensor_batched,tensor_batched,cuda,1024,5,1,0,0,2,toy4_gpu_core_neural_output_average_tensor_batched_1024_cuda_repeat00,5,neural_policy,output_average,write_aggregate,0.0005268029635772109
toy4,neural_output_average,tensor_batched,tensor_batched,cuda,1024,5,1,1,0,2,toy4_gpu_core_neural_output_average_tensor_batched_1024_cuda_repeat01,0,neural_policy,output_average,make_run_dir,0.004216900910250843
toy4,neural_output_average,tensor_batched,tensor_batched,cuda,1024,5,1,1,0,2,toy4_gpu_core_neural_output_average_tensor_batched_1024_cuda_repeat01,0,neural_policy,output_average,write_metadata,0.011508825002238154
toy4,neural_output_average,tensor_batched,tensor_batched,cuda,1024,5,1,1,0,2,toy4_gpu_core_neural_output_average_tensor_batched_1024_cuda_repeat01,0,neural_policy,output_average,initial_state,3.1195611760485917
toy4,neural_output_average,tensor_batched,tensor_batched,cuda,1024,5,1,1,0,2,toy4_gpu_core_neural_output_average_tensor_batched_1024_cuda_repeat01,0,neural_policy,output_average,writer_setup,0.007520615006797016
toy4,neural_output_average,tensor_batched,tensor_batched,cuda,1024,5,1,1,0,2,toy4_gpu_core_neural_output_average_tensor_batched_1024_cuda_repeat01,0,neural_policy,output_average,initial_step_result,0.03504783695098013
toy4,neural_output_average,tensor_batched,tensor_batched,cuda,1024,5,1,1,0,2,toy4_gpu_core_neural_output_average_tensor_batched_1024_cuda_repeat01,0,neural_policy,output_average,initial_aggregate_row,0.22886027896311134
toy4,neural_output_average,tensor_batched,tensor_batched,cuda,1024,5,1,1,0,2,toy4_gpu_core_neural_output_average_tensor_batched_1024_cuda_repeat01,0,neural_policy,output_average,write_initial_aggregate,0.0013927549589425325
toy4,neural_output_average,tensor_batched,tensor_batched,cuda,1024,5,1,1,0,2,toy4_gpu_core_neural_output_average_tensor_batched_1024_cuda_repeat01,1,neural_policy,output_average,sample_revision_mask,0.0006300229579210281
toy4,neural_output_average,tensor_batched,tensor_batched,cuda,1024,5,1,1,0,2,toy4_gpu_core_neural_output_average_tensor_batched_1024_cuda_repeat01,1,neural_policy,output_average,build_step_context,0.00018459896091371775
toy4,neural_output_average,tensor_batched,tensor_batched,cuda,1024,5,1,1,0,2,toy4_gpu_core_neural_output_average_tensor_batched_1024_cuda_repeat01,1,neural_policy,output_average,build_observations,0.022586014005355537
toy4,neural_output_average,tensor_batched,tensor_batched,cuda,1024,5,1,1,0,2,toy4_gpu_core_neural_output_average_tensor_batched_1024_cuda_repeat01,1,neural_policy,output_average,policy_readout,0.0111554249888286
toy4,neural_output_average,tensor_batched,tensor_batched,cuda,1024,5,1,1,0,2,toy4_gpu_core_neural_output_average_tensor_batched_1024_cuda_repeat01,1,neural_policy,output_average,decision_selection,0.008260402013547719
toy4,neural_output_average,tensor_batched,tensor_batched,cuda,1024,5,1,1,0,2,toy4_gpu_core_neural_output_average_tensor_batched_1024_cuda_repeat01,1,neural_policy,output_average,local_trainable_parameters,0.0008232491090893745
toy4,neural_output_average,tensor_batched,tensor_batched,cuda,1024,5,1,1,0,2,toy4_gpu_core_neural_output_average_tensor_batched_1024_cuda_repeat01,1,neural_policy,output_average,local_loss_forward,0.006121939048171043
toy4,neural_output_average,tensor_batched,tensor_batched,cuda,1024,5,1,1,0,2,toy4_gpu_core_neural_output_average_tensor_batched_1024_cuda_repeat01,1,neural_policy,output_average,local_autograd_grad,0.019467719015665352
toy4,neural_output_average,tensor_batched,tensor_batched,cuda,1024,5,1,1,0,2,toy4_gpu_core_neural_output_average_tensor_batched_1024_cuda_repeat01,1,neural_policy,output_average,local_adam_update,0.00615472299978137
toy4,neural_output_average,tensor_batched,tensor_batched,cuda,1024,5,1,1,0,2,toy4_gpu_core_neural_output_average_tensor_batched_1024_cuda_repeat01,1,neural_policy,output_average,local_optimizer_update,0.027446002000942826
toy4,neural_output_average,tensor_batched,tensor_batched,cuda,1024,5,1,1,0,2,toy4_gpu_core_neural_output_average_tensor_batched_1024_cuda_repeat01,1,neural_policy,output_average,local_loss_update,0.033784623024985194
toy4,neural_output_average,tensor_batched,tensor_batched,cuda,1024,5,1,1,0,2,toy4_gpu_core_neural_output_average_tensor_batched_1024_cuda_repeat01,1,neural_policy,output_average,local_training,0.0350484469672665
toy4,neural_output_average,tensor_batched,tensor_batched,cuda,1024,5,1,1,0,2,toy4_gpu_core_neural_output_average_tensor_batched_1024_cuda_repeat01,1,neural_policy,output_average,cache_refresh,7.58980168029666e-05
toy4,neural_output_average,tensor_batched,tensor_batched,cuda,1024,5,1,1,0,2,toy4_gpu_core_neural_output_average_tensor_batched_1024_cuda_repeat01,1,neural_policy,output_average,post_local_readout,0.0014442449901252985
toy4,neural_output_average,tensor_batched,tensor_batched,cuda,1024,5,1,1,0,2,toy4_gpu_core_neural_output_average_tensor_batched_1024_cuda_repeat01,1,neural_policy,output_average,local_step,0.08457525295671076
toy4,neural_output_average,tensor_batched,tensor_batched,cuda,1024,5,1,1,0,2,toy4_gpu_core_neural_output_average_tensor_batched_1024_cuda_repeat01,1,neural_policy,output_average,select_peers,0.0011812440352514386
toy4,neural_output_average,tensor_batched,tensor_batched,cuda,1024,5,1,1,0,2,toy4_gpu_core_neural_output_average_tensor_batched_1024_cuda_repeat01,1,neural_policy,output_average,social_mix,0.005288520944304764
toy4,neural_output_average,tensor_batched,tensor_batched,cuda,1024,5,1,1,0,2,toy4_gpu_core_neural_output_average_tensor_batched_1024_cuda_repeat01,1,neural_policy,output_average,social_loss_forward,0.0018557040020823479
toy4,neural_output_average,tensor_batched,tensor_batched,cuda,1024,5,1,1,0,2,toy4_gpu_core_neural_output_average_tensor_batched_1024_cuda_repeat01,1,neural_policy,output_average,social_autograd_grad,0.004068330978043377
toy4,neural_output_average,tensor_batched,tensor_batched,cuda,1024,5,1,1,0,2,toy4_gpu_core_neural_output_average_tensor_batched_1024_cuda_repeat01,1,neural_policy,output_average,social_adam_update,0.002234599902294576
toy4,neural_output_average,tensor_batched,tensor_batched,cuda,1024,5,1,1,0,2,toy4_gpu_core_neural_output_average_tensor_batched_1024_cuda_repeat01,1,neural_policy,output_average,social_optimizer_update,0.007495306083001196
toy4,neural_output_average,tensor_batched,tensor_batched,cuda,1024,5,1,1,0,2,toy4_gpu_core_neural_output_average_tensor_batched_1024_cuda_repeat01,1,neural_policy,output_average,social_distillation,0.017599611077457666
toy4,neural_output_average,tensor_batched,tensor_batched,cuda,1024,5,1,1,0,2,toy4_gpu_core_neural_output_average_tensor_batched_1024_cuda_repeat01,1,neural_policy,output_average,social_step,0.017721857992000878
toy4,neural_output_average,tensor_batched,tensor_batched,cuda,1024,5,1,1,0,2,toy4_gpu_core_neural_output_average_tensor_batched_1024_cuda_repeat01,1,neural_policy,output_average,sample_actions,1.7382903024554253e-05
toy4,neural_output_average,tensor_batched,tensor_batched,cuda,1024,5,1,1,0,2,toy4_gpu_core_neural_output_average_tensor_batched_1024_cuda_repeat01,1,neural_policy,output_average,commit_actions,7.334293331950903e-05
toy4,neural_output_average,tensor_batched,tensor_batched,cuda,1024,5,1,1,0,2,toy4_gpu_core_neural_output_average_tensor_batched_1024_cuda_repeat01,1,neural_policy,output_average,post_step_state_policy,0.00020372599828988314
toy4,neural_output_average,tensor_batched,tensor_batched,cuda,1024,5,1,1,0,2,toy4_gpu_core_neural_output_average_tensor_batched_1024_cuda_repeat01,1,neural_policy,output_average,update_payoff_ema,0.0002900229301303625
toy4,neural_output_average,tensor_batched,tensor_batched,cuda,1024,5,1,1,0,2,toy4_gpu_core_neural_output_average_tensor_batched_1024_cuda_repeat01,1,neural_policy,output_average,update_reputation_ema,0.00019979802891612053
toy4,neural_output_average,tensor_batched,tensor_batched,cuda,1024,5,1,1,0,2,toy4_gpu_core_neural_output_average_tensor_batched_1024_cuda_repeat01,1,neural_policy,output_average,mobility_swaps,0.00019840500317513943
toy4,neural_output_average,tensor_batched,tensor_batched,cuda,1024,5,1,1,0,2,toy4_gpu_core_neural_output_average_tensor_batched_1024_cuda_repeat01,1,neural_policy,output_average,finalize_hook_step,7.219996768981218e-05
toy4,neural_output_average,tensor_batched,tensor_batched,cuda,1024,5,1,1,0,2,toy4_gpu_core_neural_output_average_tensor_batched_1024_cuda_repeat01,1,neural_policy,output_average,hooked_step_total,0.11385754297953099
toy4,neural_output_average,tensor_batched,tensor_batched,cuda,1024,5,1,1,0,2,toy4_gpu_core_neural_output_average_tensor_batched_1024_cuda_repeat01,1,neural_policy,output_average,aggregate_row,0.29437609703745693
toy4,neural_output_average,tensor_batched,tensor_batched,cuda,1024,5,1,1,0,2,toy4_gpu_core_neural_output_average_tensor_batched_1024_cuda_repeat01,1,neural_policy,output_average,write_aggregate,0.0006913320394232869
toy4,neural_output_average,tensor_batched,tensor_batched,cuda,1024,5,1,1,0,2,toy4_gpu_core_neural_output_average_tensor_batched_1024_cuda_repeat01,2,neural_policy,output_average,sample_revision_mask,0.00042698904871940613
toy4,neural_output_average,tensor_batched,tensor_batched,cuda,1024,5,1,1,0,2,toy4_gpu_core_neural_output_average_tensor_batched_1024_cuda_repeat01,2,neural_policy,output_average,build_step_context,8.954398799687624e-05
toy4,neural_output_average,tensor_batched,tensor_batched,cuda,1024,5,1,1,0,2,toy4_gpu_core_neural_output_average_tensor_batched_1024_cuda_repeat01,2,neural_policy,output_average,build_observations,0.015495945001021028
toy4,neural_output_average,tensor_batched,tensor_batched,cuda,1024,5,1,1,0,2,toy4_gpu_core_neural_output_average_tensor_batched_1024_cuda_repeat01,2,neural_policy,output_average,policy_readout,0.00714944489300251
toy4,neural_output_average,tensor_batched,tensor_batched,cuda,1024,5,1,1,0,2,toy4_gpu_core_neural_output_average_tensor_batched_1024_cuda_repeat01,2,neural_policy,output_average,decision_selection,0.007396204047836363
toy4,neural_output_average,tensor_batched,tensor_batched,cuda,1024,5,1,1,0,2,toy4_gpu_core_neural_output_average_tensor_batched_1024_cuda_repeat01,2,neural_policy,output_average,local_trainable_parameters,0.0006997999735176563
toy4,neural_output_average,tensor_batched,tensor_batched,cuda,1024,5,1,1,0,2,toy4_gpu_core_neural_output_average_tensor_batched_1024_cuda_repeat01,2,neural_policy,output_average,local_loss_forward,0.004329808987677097
toy4,neural_output_average,tensor_batched,tensor_batched,cuda,1024,5,1,1,0,2,toy4_gpu_core_neural_output_average_tensor_batched_1024_cuda_repeat01,2,neural_policy,output_average,local_autograd_grad,0.013394394074566662
toy4,neural_output_average,tensor_batched,tensor_batched,cuda,1024,5,1,1,0,2,toy4_gpu_core_neural_output_average_tensor_batched_1024_cuda_repeat01,2,neural_policy,output_average,local_adam_update,0.004973719012923539
toy4,neural_output_average,tensor_batched,tensor_batched,cuda,1024,5,1,1,0,2,toy4_gpu_core_neural_output_average_tensor_batched_1024_cuda_repeat01,2,neural_policy,output_average,local_optimizer_update,0.01990288298111409
toy4,neural_output_average,tensor_batched,tensor_batched,cuda,1024,5,1,1,0,2,toy4_gpu_core_neural_output_average_tensor_batched_1024_cuda_repeat01,2,neural_policy,output_average,local_loss_update,0.02437198197003454
toy4,neural_output_average,tensor_batched,tensor_batched,cuda,1024,5,1,1,0,2,toy4_gpu_core_neural_output_average_tensor_batched_1024_cuda_repeat01,2,neural_policy,output_average,local_training,0.025468171923421323
toy4,neural_output_average,tensor_batched,tensor_batched,cuda,1024,5,1,1,0,2,toy4_gpu_core_neural_output_average_tensor_batched_1024_cuda_repeat01,2,neural_policy,output_average,cache_refresh,3.468804061412811e-05
toy4,neural_output_average,tensor_batched,tensor_batched,cuda,1024,5,1,1,0,2,toy4_gpu_core_neural_output_average_tensor_batched_1024_cuda_repeat01,2,neural_policy,output_average,post_local_readout,0.001749587943777442
toy4,neural_output_average,tensor_batched,tensor_batched,cuda,1024,5,1,1,0,2,toy4_gpu_core_neural_output_average_tensor_batched_1024_cuda_repeat01,2,neural_policy,output_average,local_step,0.06186324392911047
toy4,neural_output_average,tensor_batched,tensor_batched,cuda,1024,5,1,1,0,2,toy4_gpu_core_neural_output_average_tensor_batched_1024_cuda_repeat01,2,neural_policy,output_average,select_peers,0.0007860270561650395
toy4,neural_output_average,tensor_batched,tensor_batched,cuda,1024,5,1,1,0,2,toy4_gpu_core_neural_output_average_tensor_batched_1024_cuda_repeat01,2,neural_policy,output_average,social_mix,0.00424808997195214
toy4,neural_output_average,tensor_batched,tensor_batched,cuda,1024,5,1,1,0,2,toy4_gpu_core_neural_output_average_tensor_batched_1024_cuda_repeat01,2,neural_policy,output_average,social_loss_forward,0.00239108398091048
toy4,neural_output_average,tensor_batched,tensor_batched,cuda,1024,5,1,1,0,2,toy4_gpu_core_neural_output_average_tensor_batched_1024_cuda_repeat01,2,neural_policy,output_average,social_autograd_grad,0.017561075976118445
toy4,neural_output_average,tensor_batched,tensor_batched,cuda,1024,5,1,1,0,2,toy4_gpu_core_neural_output_average_tensor_batched_1024_cuda_repeat01,2,neural_policy,output_average,social_adam_update,0.005372895044274628
toy4,neural_output_average,tensor_batched,tensor_batched,cuda,1024,5,1,1,0,2,toy4_gpu_core_neural_output_average_tensor_batched_1024_cuda_repeat01,2,neural_policy,output_average,social_optimizer_update,0.024803130887448788
toy4,neural_output_average,tensor_batched,tensor_batched,cuda,1024,5,1,1,0,2,toy4_gpu_core_neural_output_average_tensor_batched_1024_cuda_repeat01,2,neural_policy,output_average,social_distillation,0.03684139996767044
toy4,neural_output_average,tensor_batched,tensor_batched,cuda,1024,5,1,1,0,2,toy4_gpu_core_neural_output_average_tensor_batched_1024_cuda_repeat01,2,neural_policy,output_average,social_step,0.0369778840104118
toy4,neural_output_average,tensor_batched,tensor_batched,cuda,1024,5,1,1,0,2,toy4_gpu_core_neural_output_average_tensor_batched_1024_cuda_repeat01,2,neural_policy,output_average,sample_actions,2.832501195371151e-05
toy4,neural_output_average,tensor_batched,tensor_batched,cuda,1024,5,1,1,0,2,toy4_gpu_core_neural_output_average_tensor_batched_1024_cuda_repeat01,2,neural_policy,output_average,commit_actions,8.134800009429455e-05
toy4,neural_output_average,tensor_batched,tensor_batched,cuda,1024,5,1,1,0,2,toy4_gpu_core_neural_output_average_tensor_batched_1024_cuda_repeat01,2,neural_policy,output_average,post_step_state_policy,0.0003713010810315609
toy4,neural_output_average,tensor_batched,tensor_batched,cuda,1024,5,1,1,0,2,toy4_gpu_core_neural_output_average_tensor_batched_1024_cuda_repeat01,2,neural_policy,output_average,update_payoff_ema,0.00039620010647922754
toy4,neural_output_average,tensor_batched,tensor_batched,cuda,1024,5,1,1,0,2,toy4_gpu_core_neural_output_average_tensor_batched_1024_cuda_repeat01,2,neural_policy,output_average,update_reputation_ema,0.0001795790158212185
toy4,neural_output_average,tensor_batched,tensor_batched,cuda,1024,5,1,1,0,2,toy4_gpu_core_neural_output_average_tensor_batched_1024_cuda_repeat01,2,neural_policy,output_average,mobility_swaps,0.0002852840116247535
toy4,neural_output_average,tensor_batched,tensor_batched,cuda,1024,5,1,1,0,2,toy4_gpu_core_neural_output_average_tensor_batched_1024_cuda_repeat01,2,neural_policy,output_average,finalize_hook_step,0.00011830998118966818
toy4,neural_output_average,tensor_batched,tensor_batched,cuda,1024,5,1,1,0,2,toy4_gpu_core_neural_output_average_tensor_batched_1024_cuda_repeat01,2,neural_policy,output_average,hooked_step_total,0.11155869800131768
toy4,neural_output_average,tensor_batched,tensor_batched,cuda,1024,5,1,1,0,2,toy4_gpu_core_neural_output_average_tensor_batched_1024_cuda_repeat01,2,neural_policy,output_average,aggregate_row,0.29413251497317106
toy4,neural_output_average,tensor_batched,tensor_batched,cuda,1024,5,1,1,0,2,toy4_gpu_core_neural_output_average_tensor_batched_1024_cuda_repeat01,2,neural_policy,output_average,write_aggregate,0.0010563209652900696
toy4,neural_output_average,tensor_batched,tensor_batched,cuda,1024,5,1,1,0,2,toy4_gpu_core_neural_output_average_tensor_batched_1024_cuda_repeat01,3,neural_policy,output_average,sample_revision_mask,0.0005779520142823458
toy4,neural_output_average,tensor_batched,tensor_batched,cuda,1024,5,1,1,0,2,toy4_gpu_core_neural_output_average_tensor_batched_1024_cuda_repeat01,3,neural_policy,output_average,build_step_context,0.00012123503256589174
toy4,neural_output_average,tensor_batched,tensor_batched,cuda,1024,5,1,1,0,2,toy4_gpu_core_neural_output_average_tensor_batched_1024_cuda_repeat01,3,neural_policy,output_average,build_observations,0.030377533053979278
toy4,neural_output_average,tensor_batched,tensor_batched,cuda,1024,5,1,1,0,2,toy4_gpu_core_neural_output_average_tensor_batched_1024_cuda_repeat01,3,neural_policy,output_average,policy_readout,0.013197648921050131
toy4,neural_output_average,tensor_batched,tensor_batched,cuda,1024,5,1,1,0,2,toy4_gpu_core_neural_output_average_tensor_batched_1024_cuda_repeat01,3,neural_policy,output_average,decision_selection,0.00815588899422437
toy4,neural_output_average,tensor_batched,tensor_batched,cuda,1024,5,1,1,0,2,toy4_gpu_core_neural_output_average_tensor_batched_1024_cuda_repeat01,3,neural_policy,output_average,local_trainable_parameters,0.00035872706212103367
toy4,neural_output_average,tensor_batched,tensor_batched,cuda,1024,5,1,1,0,2,toy4_gpu_core_neural_output_average_tensor_batched_1024_cuda_repeat01,3,neural_policy,output_average,local_loss_forward,0.0033904339652508497
toy4,neural_output_average,tensor_batched,tensor_batched,cuda,1024,5,1,1,0,2,toy4_gpu_core_neural_output_average_tensor_batched_1024_cuda_repeat01,3,neural_policy,output_average,local_autograd_grad,0.007927384926006198
toy4,neural_output_average,tensor_batched,tensor_batched,cuda,1024,5,1,1,0,2,toy4_gpu_core_neural_output_average_tensor_batched_1024_cuda_repeat01,3,neural_policy,output_average,local_adam_update,0.0040962150087580085
toy4,neural_output_average,tensor_batched,tensor_batched,cuda,1024,5,1,1,0,2,toy4_gpu_core_neural_output_average_tensor_batched_1024_cuda_repeat01,3,neural_policy,output_average,local_optimizer_update,0.013407537015154958
toy4,neural_output_average,tensor_batched,tensor_batched,cuda,1024,5,1,1,0,2,toy4_gpu_core_neural_output_average_tensor_batched_1024_cuda_repeat01,3,neural_policy,output_average,local_loss_update,0.016860733972862363
toy4,neural_output_average,tensor_batched,tensor_batched,cuda,1024,5,1,1,0,2,toy4_gpu_core_neural_output_average_tensor_batched_1024_cuda_repeat01,3,neural_policy,output_average,local_training,0.017558148014359176
toy4,neural_output_average,tensor_batched,tensor_batched,cuda,1024,5,1,1,0,2,toy4_gpu_core_neural_output_average_tensor_batched_1024_cuda_repeat01,3,neural_policy,output_average,cache_refresh,2.0739971660077572e-05
toy4,neural_output_average,tensor_batched,tensor_batched,cuda,1024,5,1,1,0,2,toy4_gpu_core_neural_output_average_tensor_batched_1024_cuda_repeat01,3,neural_policy,output_average,post_local_readout,0.0013507730327546597
toy4,neural_output_average,tensor_batched,tensor_batched,cuda,1024,5,1,1,0,2,toy4_gpu_core_neural_output_average_tensor_batched_1024_cuda_repeat01,3,neural_policy,output_average,local_step,0.07551082293502986
toy4,neural_output_average,tensor_batched,tensor_batched,cuda,1024,5,1,1,0,2,toy4_gpu_core_neural_output_average_tensor_batched_1024_cuda_repeat01,3,neural_policy,output_average,select_peers,0.00048561301082372665
toy4,neural_output_average,tensor_batched,tensor_batched,cuda,1024,5,1,1,0,2,toy4_gpu_core_neural_output_average_tensor_batched_1024_cuda_repeat01,3,neural_policy,output_average,social_mix,0.003249240107834339
toy4,neural_output_average,tensor_batched,tensor_batched,cuda,1024,5,1,1,0,2,toy4_gpu_core_neural_output_average_tensor_batched_1024_cuda_repeat01,3,neural_policy,output_average,social_loss_forward,0.0013190909521654248
toy4,neural_output_average,tensor_batched,tensor_batched,cuda,1024,5,1,1,0,2,toy4_gpu_core_neural_output_average_tensor_batched_1024_cuda_repeat01,3,neural_policy,output_average,social_autograd_grad,0.0025148040149360895
toy4,neural_output_average,tensor_batched,tensor_batched,cuda,1024,5,1,1,0,2,toy4_gpu_core_neural_output_average_tensor_batched_1024_cuda_repeat01,3,neural_policy,output_average,social_adam_update,0.01973581698257476
toy4,neural_output_average,tensor_batched,tensor_batched,cuda,1024,5,1,1,0,2,toy4_gpu_core_neural_output_average_tensor_batched_1024_cuda_repeat01,3,neural_policy,output_average,social_optimizer_update,0.02543143799994141
toy4,neural_output_average,tensor_batched,tensor_batched,cuda,1024,5,1,1,0,2,toy4_gpu_core_neural_output_average_tensor_batched_1024_cuda_repeat01,3,neural_policy,output_average,social_distillation,0.04363972903229296
toy4,neural_output_average,tensor_batched,tensor_batched,cuda,1024,5,1,1,0,2,toy4_gpu_core_neural_output_average_tensor_batched_1024_cuda_repeat01,3,neural_policy,output_average,social_step,0.04397667397279292
toy4,neural_output_average,tensor_batched,tensor_batched,cuda,1024,5,1,1,0,2,toy4_gpu_core_neural_output_average_tensor_batched_1024_cuda_repeat01,3,neural_policy,output_average,sample_actions,3.617000766098499e-05
toy4,neural_output_average,tensor_batched,tensor_batched,cuda,1024,5,1,1,0,2,toy4_gpu_core_neural_output_average_tensor_batched_1024_cuda_repeat01,3,neural_policy,output_average,commit_actions,0.00011814897879958153
toy4,neural_output_average,tensor_batched,tensor_batched,cuda,1024,5,1,1,0,2,toy4_gpu_core_neural_output_average_tensor_batched_1024_cuda_repeat01,3,neural_policy,output_average,post_step_state_policy,0.0003320450196042657
toy4,neural_output_average,tensor_batched,tensor_batched,cuda,1024,5,1,1,0,2,toy4_gpu_core_neural_output_average_tensor_batched_1024_cuda_repeat01,3,neural_policy,output_average,update_payoff_ema,0.0004387520020827651
toy4,neural_output_average,tensor_batched,tensor_batched,cuda,1024,5,1,1,0,2,toy4_gpu_core_neural_output_average_tensor_batched_1024_cuda_repeat01,3,neural_policy,output_average,update_reputation_ema,0.0003300810931250453
toy4,neural_output_average,tensor_batched,tensor_batched,cuda,1024,5,1,1,0,2,toy4_gpu_core_neural_output_average_tensor_batched_1024_cuda_repeat01,3,neural_policy,output_average,mobility_swaps,0.00036398705560714006
toy4,neural_output_average,tensor_batched,tensor_batched,cuda,1024,5,1,1,0,2,toy4_gpu_core_neural_output_average_tensor_batched_1024_cuda_repeat01,3,neural_policy,output_average,finalize_hook_step,0.000297937891446054
toy4,neural_output_average,tensor_batched,tensor_batched,cuda,1024,5,1,1,0,2,toy4_gpu_core_neural_output_average_tensor_batched_1024_cuda_repeat01,3,neural_policy,output_average,hooked_step_total,0.13814590102992952
toy4,neural_output_average,tensor_batched,tensor_batched,cuda,1024,5,1,1,0,2,toy4_gpu_core_neural_output_average_tensor_batched_1024_cuda_repeat01,3,neural_policy,output_average,aggregate_row,0.31238378293346614
toy4,neural_output_average,tensor_batched,tensor_batched,cuda,1024,5,1,1,0,2,toy4_gpu_core_neural_output_average_tensor_batched_1024_cuda_repeat01,3,neural_policy,output_average,write_aggregate,0.0005359910428524017
toy4,neural_output_average,tensor_batched,tensor_batched,cuda,1024,5,1,1,0,2,toy4_gpu_core_neural_output_average_tensor_batched_1024_cuda_repeat01,4,neural_policy,output_average,sample_revision_mask,0.00021757197100669146
toy4,neural_output_average,tensor_batched,tensor_batched,cuda,1024,5,1,1,0,2,toy4_gpu_core_neural_output_average_tensor_batched_1024_cuda_repeat01,4,neural_policy,output_average,build_step_context,3.9677019231021404e-05
toy4,neural_output_average,tensor_batched,tensor_batched,cuda,1024,5,1,1,0,2,toy4_gpu_core_neural_output_average_tensor_batched_1024_cuda_repeat01,4,neural_policy,output_average,build_observations,0.013248329050838947
toy4,neural_output_average,tensor_batched,tensor_batched,cuda,1024,5,1,1,0,2,toy4_gpu_core_neural_output_average_tensor_batched_1024_cuda_repeat01,4,neural_policy,output_average,policy_readout,0.005000120960175991
toy4,neural_output_average,tensor_batched,tensor_batched,cuda,1024,5,1,1,0,2,toy4_gpu_core_neural_output_average_tensor_batched_1024_cuda_repeat01,4,neural_policy,output_average,decision_selection,0.00687439099419862
toy4,neural_output_average,tensor_batched,tensor_batched,cuda,1024,5,1,1,0,2,toy4_gpu_core_neural_output_average_tensor_batched_1024_cuda_repeat01,4,neural_policy,output_average,local_trainable_parameters,0.0007892029825598001
toy4,neural_output_average,tensor_batched,tensor_batched,cuda,1024,5,1,1,0,2,toy4_gpu_core_neural_output_average_tensor_batched_1024_cuda_repeat01,4,neural_policy,output_average,local_loss_forward,0.005497607053257525
toy4,neural_output_average,tensor_batched,tensor_batched,cuda,1024,5,1,1,0,2,toy4_gpu_core_neural_output_average_tensor_batched_1024_cuda_repeat01,4,neural_policy,output_average,local_autograd_grad,0.007426752941682935
toy4,neural_output_average,tensor_batched,tensor_batched,cuda,1024,5,1,1,0,2,toy4_gpu_core_neural_output_average_tensor_batched_1024_cuda_repeat01,4,neural_policy,output_average,local_adam_update,0.006246160017326474
toy4,neural_output_average,tensor_batched,tensor_batched,cuda,1024,5,1,1,0,2,toy4_gpu_core_neural_output_average_tensor_batched_1024_cuda_repeat01,4,neural_policy,output_average,local_optimizer_update,0.01494524406734854
toy4,neural_output_average,tensor_batched,tensor_batched,cuda,1024,5,1,1,0,2,toy4_gpu_core_neural_output_average_tensor_batched_1024_cuda_repeat01,4,neural_policy,output_average,local_loss_update,0.02057782292831689
toy4,neural_output_average,tensor_batched,tensor_batched,cuda,1024,5,1,1,0,2,toy4_gpu_core_neural_output_average_tensor_batched_1024_cuda_repeat01,4,neural_policy,output_average,local_training,0.0217779929516837
toy4,neural_output_average,tensor_batched,tensor_batched,cuda,1024,5,1,1,0,2,toy4_gpu_core_neural_output_average_tensor_batched_1024_cuda_repeat01,4,neural_policy,output_average,cache_refresh,3.34449578076601e-05
toy4,neural_output_average,tensor_batched,tensor_batched,cuda,1024,5,1,1,0,2,toy4_gpu_core_neural_output_average_tensor_batched_1024_cuda_repeat01,4,neural_policy,output_average,post_local_readout,0.0011133019579574466
toy4,neural_output_average,tensor_batched,tensor_batched,cuda,1024,5,1,1,0,2,toy4_gpu_core_neural_output_average_tensor_batched_1024_cuda_repeat01,4,neural_policy,output_average,local_step,0.051484594005160034
toy4,neural_output_average,tensor_batched,tensor_batched,cuda,1024,5,1,1,0,2,toy4_gpu_core_neural_output_average_tensor_batched_1024_cuda_repeat01,4,neural_policy,output_average,select_peers,0.0006587289972230792
toy4,neural_output_average,tensor_batched,tensor_batched,cuda,1024,5,1,1,0,2,toy4_gpu_core_neural_output_average_tensor_batched_1024_cuda_repeat01,4,neural_policy,output_average,social_mix,0.0031370220240205526
toy4,neural_output_average,tensor_batched,tensor_batched,cuda,1024,5,1,1,0,2,toy4_gpu_core_neural_output_average_tensor_batched_1024_cuda_repeat01,4,neural_policy,output_average,social_loss_forward,0.000754825072363019
toy4,neural_output_average,tensor_batched,tensor_batched,cuda,1024,5,1,1,0,2,toy4_gpu_core_neural_output_average_tensor_batched_1024_cuda_repeat01,4,neural_policy,output_average,social_autograd_grad,0.00271701707970351
toy4,neural_output_average,tensor_batched,tensor_batched,cuda,1024,5,1,1,0,2,toy4_gpu_core_neural_output_average_tensor_batched_1024_cuda_repeat01,4,neural_policy,output_average,social_adam_update,0.0026077539660036564
toy4,neural_output_average,tensor_batched,tensor_batched,cuda,1024,5,1,1,0,2,toy4_gpu_core_neural_output_average_tensor_batched_1024_cuda_repeat01,4,neural_policy,output_average,social_optimizer_update,0.006554128020070493
toy4,neural_output_average,tensor_batched,tensor_batched,cuda,1024,5,1,1,0,2,toy4_gpu_core_neural_output_average_tensor_batched_1024_cuda_repeat01,4,neural_policy,output_average,social_distillation,0.012919790111482143
toy4,neural_output_average,tensor_batched,tensor_batched,cuda,1024,5,1,1,0,2,toy4_gpu_core_neural_output_average_tensor_batched_1024_cuda_repeat01,4,neural_policy,output_average,social_step,0.01306747691705823
toy4,neural_output_average,tensor_batched,tensor_batched,cuda,1024,5,1,1,0,2,toy4_gpu_core_neural_output_average_tensor_batched_1024_cuda_repeat01,4,neural_policy,output_average,sample_actions,3.410596400499344e-05
toy4,neural_output_average,tensor_batched,tensor_batched,cuda,1024,5,1,1,0,2,toy4_gpu_core_neural_output_average_tensor_batched_1024_cuda_repeat01,4,neural_policy,output_average,commit_actions,5.941605195403099e-05
toy4,neural_output_average,tensor_batched,tensor_batched,cuda,1024,5,1,1,0,2,toy4_gpu_core_neural_output_average_tensor_batched_1024_cuda_repeat01,4,neural_policy,output_average,post_step_state_policy,0.00034436897840350866
toy4,neural_output_average,tensor_batched,tensor_batched,cuda,1024,5,1,1,0,2,toy4_gpu_core_neural_output_average_tensor_batched_1024_cuda_repeat01,4,neural_policy,output_average,update_payoff_ema,0.00033292698208242655
toy4,neural_output_average,tensor_batched,tensor_batched,cuda,1024,5,1,1,0,2,toy4_gpu_core_neural_output_average_tensor_batched_1024_cuda_repeat01,4,neural_policy,output_average,update_reputation_ema,0.00013310799840837717
toy4,neural_output_average,tensor_batched,tensor_batched,cuda,1024,5,1,1,0,2,toy4_gpu_core_neural_output_average_tensor_batched_1024_cuda_repeat01,4,neural_policy,output_average,mobility_swaps,0.0002187149366363883
toy4,neural_output_average,tensor_batched,tensor_batched,cuda,1024,5,1,1,0,2,toy4_gpu_core_neural_output_average_tensor_batched_1024_cuda_repeat01,4,neural_policy,output_average,finalize_hook_step,5.331297870725393e-05
toy4,neural_output_average,tensor_batched,tensor_batched,cuda,1024,5,1,1,0,2,toy4_gpu_core_neural_output_average_tensor_batched_1024_cuda_repeat01,4,neural_policy,output_average,hooked_step_total,0.0718295139959082
toy4,neural_output_average,tensor_batched,tensor_batched,cuda,1024,5,1,1,0,2,toy4_gpu_core_neural_output_average_tensor_batched_1024_cuda_repeat01,4,neural_policy,output_average,aggregate_row,0.27036252804100513
toy4,neural_output_average,tensor_batched,tensor_batched,cuda,1024,5,1,1,0,2,toy4_gpu_core_neural_output_average_tensor_batched_1024_cuda_repeat01,4,neural_policy,output_average,write_aggregate,0.000790454912930727
toy4,neural_output_average,tensor_batched,tensor_batched,cuda,1024,5,1,1,0,2,toy4_gpu_core_neural_output_average_tensor_batched_1024_cuda_repeat01,5,neural_policy,output_average,sample_revision_mask,0.00055452692322433
toy4,neural_output_average,tensor_batched,tensor_batched,cuda,1024,5,1,1,0,2,toy4_gpu_core_neural_output_average_tensor_batched_1024_cuda_repeat01,5,neural_policy,output_average,build_step_context,6.557698361575603e-05
toy4,neural_output_average,tensor_batched,tensor_batched,cuda,1024,5,1,1,0,2,toy4_gpu_core_neural_output_average_tensor_batched_1024_cuda_repeat01,5,neural_policy,output_average,build_observations,0.018929552054032683
toy4,neural_output_average,tensor_batched,tensor_batched,cuda,1024,5,1,1,0,2,toy4_gpu_core_neural_output_average_tensor_batched_1024_cuda_repeat01,5,neural_policy,output_average,policy_readout,0.008802033960819244
toy4,neural_output_average,tensor_batched,tensor_batched,cuda,1024,5,1,1,0,2,toy4_gpu_core_neural_output_average_tensor_batched_1024_cuda_repeat01,5,neural_policy,output_average,decision_selection,0.008127773995511234
toy4,neural_output_average,tensor_batched,tensor_batched,cuda,1024,5,1,1,0,2,toy4_gpu_core_neural_output_average_tensor_batched_1024_cuda_repeat01,5,neural_policy,output_average,local_trainable_parameters,0.0006883470341563225
toy4,neural_output_average,tensor_batched,tensor_batched,cuda,1024,5,1,1,0,2,toy4_gpu_core_neural_output_average_tensor_batched_1024_cuda_repeat01,5,neural_policy,output_average,local_loss_forward,0.004588860902003944
toy4,neural_output_average,tensor_batched,tensor_batched,cuda,1024,5,1,1,0,2,toy4_gpu_core_neural_output_average_tensor_batched_1024_cuda_repeat01,5,neural_policy,output_average,local_autograd_grad,0.017514524050056934
toy4,neural_output_average,tensor_batched,tensor_batched,cuda,1024,5,1,1,0,2,toy4_gpu_core_neural_output_average_tensor_batched_1024_cuda_repeat01,5,neural_policy,output_average,local_adam_update,0.0063115069642663
toy4,neural_output_average,tensor_batched,tensor_batched,cuda,1024,5,1,1,0,2,toy4_gpu_core_neural_output_average_tensor_batched_1024_cuda_repeat01,5,neural_policy,output_average,local_optimizer_update,0.025541262002661824
toy4,neural_output_average,tensor_batched,tensor_batched,cuda,1024,5,1,1,0,2,toy4_gpu_core_neural_output_average_tensor_batched_1024_cuda_repeat01,5,neural_policy,output_average,local_loss_update,0.03040058899205178
toy4,neural_output_average,tensor_batched,tensor_batched,cuda,1024,5,1,1,0,2,toy4_gpu_core_neural_output_average_tensor_batched_1024_cuda_repeat01,5,neural_policy,output_average,local_training,0.03156709298491478
toy4,neural_output_average,tensor_batched,tensor_batched,cuda,1024,5,1,1,0,2,toy4_gpu_core_neural_output_average_tensor_batched_1024_cuda_repeat01,5,neural_policy,output_average,cache_refresh,2.9116054065525532e-05
toy4,neural_output_average,tensor_batched,tensor_batched,cuda,1024,5,1,1,0,2,toy4_gpu_core_neural_output_average_tensor_batched_1024_cuda_repeat01,5,neural_policy,output_average,post_local_readout,0.00158736202865839
toy4,neural_output_average,tensor_batched,tensor_batched,cuda,1024,5,1,1,0,2,toy4_gpu_core_neural_output_average_tensor_batched_1024_cuda_repeat01,5,neural_policy,output_average,local_step,0.07396000204607844
toy4,neural_output_average,tensor_batched,tensor_batched,cuda,1024,5,1,1,0,2,toy4_gpu_core_neural_output_average_tensor_batched_1024_cuda_repeat01,5,neural_policy,output_average,select_peers,0.0005085980519652367
toy4,neural_output_average,tensor_batched,tensor_batched,cuda,1024,5,1,1,0,2,toy4_gpu_core_neural_output_average_tensor_batched_1024_cuda_repeat01,5,neural_policy,output_average,social_mix,0.003436083090491593
toy4,neural_output_average,tensor_batched,tensor_batched,cuda,1024,5,1,1,0,2,toy4_gpu_core_neural_output_average_tensor_batched_1024_cuda_repeat01,5,neural_policy,output_average,social_loss_forward,0.001133512007072568
toy4,neural_output_average,tensor_batched,tensor_batched,cuda,1024,5,1,1,0,2,toy4_gpu_core_neural_output_average_tensor_batched_1024_cuda_repeat01,5,neural_policy,output_average,social_autograd_grad,0.0026882500387728214
toy4,neural_output_average,tensor_batched,tensor_batched,cuda,1024,5,1,1,0,2,toy4_gpu_core_neural_output_average_tensor_batched_1024_cuda_repeat01,5,neural_policy,output_average,social_adam_update,0.0022024069912731647
toy4,neural_output_average,tensor_batched,tensor_batched,cuda,1024,5,1,1,0,2,toy4_gpu_core_neural_output_average_tensor_batched_1024_cuda_repeat01,5,neural_policy,output_average,social_optimizer_update,0.005731069017201662
toy4,neural_output_average,tensor_batched,tensor_batched,cuda,1024,5,1,1,0,2,toy4_gpu_core_neural_output_average_tensor_batched_1024_cuda_repeat01,5,neural_policy,output_average,social_distillation,0.012638343963772058
toy4,neural_output_average,tensor_batched,tensor_batched,cuda,1024,5,1,1,0,2,toy4_gpu_core_neural_output_average_tensor_batched_1024_cuda_repeat01,5,neural_policy,output_average,social_step,0.012806801008991897
toy4,neural_output_average,tensor_batched,tensor_batched,cuda,1024,5,1,1,0,2,toy4_gpu_core_neural_output_average_tensor_batched_1024_cuda_repeat01,5,neural_policy,output_average,sample_actions,3.7973979488015175e-05
toy4,neural_output_average,tensor_batched,tensor_batched,cuda,1024,5,1,1,0,2,toy4_gpu_core_neural_output_average_tensor_batched_1024_cuda_repeat01,5,neural_policy,output_average,commit_actions,5.6860968470573425e-05
toy4,neural_output_average,tensor_batched,tensor_batched,cuda,1024,5,1,1,0,2,toy4_gpu_core_neural_output_average_tensor_batched_1024_cuda_repeat01,5,neural_policy,output_average,post_step_state_policy,0.0003411720972508192
toy4,neural_output_average,tensor_batched,tensor_batched,cuda,1024,5,1,1,0,2,toy4_gpu_core_neural_output_average_tensor_batched_1024_cuda_repeat01,5,neural_policy,output_average,update_payoff_ema,0.00035965791903436184
toy4,neural_output_average,tensor_batched,tensor_batched,cuda,1024,5,1,1,0,2,toy4_gpu_core_neural_output_average_tensor_batched_1024_cuda_repeat01,5,neural_policy,output_average,update_reputation_ema,0.00036512897349894047
toy4,neural_output_average,tensor_batched,tensor_batched,cuda,1024,5,1,1,0,2,toy4_gpu_core_neural_output_average_tensor_batched_1024_cuda_repeat01,5,neural_policy,output_average,mobility_swaps,0.00025252101477235556
toy4,neural_output_average,tensor_batched,tensor_batched,cuda,1024,5,1,1,0,2,toy4_gpu_core_neural_output_average_tensor_batched_1024_cuda_repeat01,5,neural_policy,output_average,finalize_hook_step,7.008598186075687e-05
toy4,neural_output_average,tensor_batched,tensor_batched,cuda,1024,5,1,1,0,2,toy4_gpu_core_neural_output_average_tensor_batched_1024_cuda_repeat01,5,neural_policy,output_average,hooked_step_total,0.09688398998696357
toy4,neural_output_average,tensor_batched,tensor_batched,cuda,1024,5,1,1,0,2,toy4_gpu_core_neural_output_average_tensor_batched_1024_cuda_repeat01,5,neural_policy,output_average,aggregate_row,0.1725717019289732
toy4,neural_output_average,tensor_batched,tensor_batched,cuda,1024,5,1,1,0,2,toy4_gpu_core_neural_output_average_tensor_batched_1024_cuda_repeat01,5,neural_policy,output_average,write_aggregate,0.0003577939933165908
toy5,neural_output_average,batched,batched,cpu,1024,5,1,0,0,2,toy5_gpu_core_neural_output_average_batched_1024_cpu_repeat00,0,neural_policy,output_average,make_run_dir,0.006339890998788178
toy5,neural_output_average,batched,batched,cpu,1024,5,1,0,0,2,toy5_gpu_core_neural_output_average_batched_1024_cpu_repeat00,0,neural_policy,output_average,write_metadata,0.011983660981059074
toy5,neural_output_average,batched,batched,cpu,1024,5,1,0,0,2,toy5_gpu_core_neural_output_average_batched_1024_cpu_repeat00,0,neural_policy,output_average,initial_state,1.9450120610417798
toy5,neural_output_average,batched,batched,cpu,1024,5,1,0,0,2,toy5_gpu_core_neural_output_average_batched_1024_cpu_repeat00,0,neural_policy,output_average,writer_setup,0.006756228976882994
toy5,neural_output_average,batched,batched,cpu,1024,5,1,0,0,2,toy5_gpu_core_neural_output_average_batched_1024_cpu_repeat00,0,neural_policy,output_average,initial_step_result,0.013569107977673411
toy5,neural_output_average,batched,batched,cpu,1024,5,1,0,0,2,toy5_gpu_core_neural_output_average_batched_1024_cpu_repeat00,0,neural_policy,output_average,initial_aggregate_row,0.025903217028826475
toy5,neural_output_average,batched,batched,cpu,1024,5,1,0,0,2,toy5_gpu_core_neural_output_average_batched_1024_cpu_repeat00,0,neural_policy,output_average,write_initial_aggregate,0.0005070740589872003
toy5,neural_output_average,batched,batched,cpu,1024,5,1,0,0,2,toy5_gpu_core_neural_output_average_batched_1024_cpu_repeat00,1,neural_policy,output_average,sample_revision_mask,0.00016814691480249166
toy5,neural_output_average,batched,batched,cpu,1024,5,1,0,0,2,toy5_gpu_core_neural_output_average_batched_1024_cpu_repeat00,1,neural_policy,output_average,build_step_context,0.003341838950291276
toy5,neural_output_average,batched,batched,cpu,1024,5,1,0,0,2,toy5_gpu_core_neural_output_average_batched_1024_cpu_repeat00,1,neural_policy,output_average,build_observations,0.005587188992649317
toy5,neural_output_average,batched,batched,cpu,1024,5,1,0,0,2,toy5_gpu_core_neural_output_average_batched_1024_cpu_repeat00,1,neural_policy,output_average,policy_readout,0.011784573085606098
toy5,neural_output_average,batched,batched,cpu,1024,5,1,0,0,2,toy5_gpu_core_neural_output_average_batched_1024_cpu_repeat00,1,neural_policy,output_average,decision_selection,0.0026763370260596275
toy5,neural_output_average,batched,batched,cpu,1024,5,1,0,0,2,toy5_gpu_core_neural_output_average_batched_1024_cpu_repeat00,1,neural_policy,output_average,local_trainable_parameters,0.003794257063418627
toy5,neural_output_average,batched,batched,cpu,1024,5,1,0,0,2,toy5_gpu_core_neural_output_average_batched_1024_cpu_repeat00,1,neural_policy,output_average,local_loss_forward,0.019475715002045035
toy5,neural_output_average,batched,batched,cpu,1024,5,1,0,0,2,toy5_gpu_core_neural_output_average_batched_1024_cpu_repeat00,1,neural_policy,output_average,local_autograd_grad,0.012734695919789374
toy5,neural_output_average,batched,batched,cpu,1024,5,1,0,0,2,toy5_gpu_core_neural_output_average_batched_1024_cpu_repeat00,1,neural_policy,output_average,local_adam_update,0.12635914899874479
toy5,neural_output_average,batched,batched,cpu,1024,5,1,0,0,2,toy5_gpu_core_neural_output_average_batched_1024_cpu_repeat00,1,neural_policy,output_average,local_optimizer_update,0.1436507028993219
toy5,neural_output_average,batched,batched,cpu,1024,5,1,0,0,2,toy5_gpu_core_neural_output_average_batched_1024_cpu_repeat00,1,neural_policy,output_average,local_loss_update,0.528420849936083
toy5,neural_output_average,batched,batched,cpu,1024,5,1,0,0,2,toy5_gpu_core_neural_output_average_batched_1024_cpu_repeat00,1,neural_policy,output_average,local_training,0.5326383600477129
toy5,neural_output_average,batched,batched,cpu,1024,5,1,0,0,2,toy5_gpu_core_neural_output_average_batched_1024_cpu_repeat00,1,neural_policy,output_average,cache_refresh,0.0002151180524379015
toy5,neural_output_average,batched,batched,cpu,1024,5,1,0,0,2,toy5_gpu_core_neural_output_average_batched_1024_cpu_repeat00,1,neural_policy,output_average,post_local_readout,0.010851609986275434
toy5,neural_output_average,batched,batched,cpu,1024,5,1,0,0,2,toy5_gpu_core_neural_output_average_batched_1024_cpu_repeat00,1,neural_policy,output_average,local_step,0.5685748980613425
toy5,neural_output_average,batched,batched,cpu,1024,5,1,0,0,2,toy5_gpu_core_neural_output_average_batched_1024_cpu_repeat00,1,neural_policy,output_average,select_peers,0.0008737670723348856
toy5,neural_output_average,batched,batched,cpu,1024,5,1,0,0,2,toy5_gpu_core_neural_output_average_batched_1024_cpu_repeat00,1,neural_policy,output_average,social_trainable_parameters,0.003340184921398759
toy5,neural_output_average,batched,batched,cpu,1024,5,1,0,0,2,toy5_gpu_core_neural_output_average_batched_1024_cpu_repeat00,1,neural_policy,output_average,social_mix,0.007837969111278653
toy5,neural_output_average,batched,batched,cpu,1024,5,1,0,0,2,toy5_gpu_core_neural_output_average_batched_1024_cpu_repeat00,1,neural_policy,output_average,social_loss_forward,0.0037275580689311028
toy5,neural_output_average,batched,batched,cpu,1024,5,1,0,0,2,toy5_gpu_core_neural_output_average_batched_1024_cpu_repeat00,1,neural_policy,output_average,social_autograd_grad,0.00539364293217659
toy5,neural_output_average,batched,batched,cpu,1024,5,1,0,0,2,toy5_gpu_core_neural_output_average_batched_1024_cpu_repeat00,1,neural_policy,output_average,social_adam_update,0.31405879103112966
toy5,neural_output_average,batched,batched,cpu,1024,5,1,0,0,2,toy5_gpu_core_neural_output_average_batched_1024_cpu_repeat00,1,neural_policy,output_average,social_optimizer_update,0.3234504060819745
toy5,neural_output_average,batched,batched,cpu,1024,5,1,0,0,2,toy5_gpu_core_neural_output_average_batched_1024_cpu_repeat00,1,neural_policy,output_average,social_loss_update,0.33626308501698077
toy5,neural_output_average,batched,batched,cpu,1024,5,1,0,0,2,toy5_gpu_core_neural_output_average_batched_1024_cpu_repeat00,1,neural_policy,output_average,social_distillation,0.3544978410936892
toy5,neural_output_average,batched,batched,cpu,1024,5,1,0,0,2,toy5_gpu_core_neural_output_average_batched_1024_cpu_repeat00,1,neural_policy,output_average,social_step,0.3547821029787883
toy5,neural_output_average,batched,batched,cpu,1024,5,1,0,0,2,toy5_gpu_core_neural_output_average_batched_1024_cpu_repeat00,1,neural_policy,output_average,sample_actions,5.810987204313278e-06
toy5,neural_output_average,batched,batched,cpu,1024,5,1,0,0,2,toy5_gpu_core_neural_output_average_batched_1024_cpu_repeat00,1,neural_policy,output_average,commit_actions,0.0005130870267748833
toy5,neural_output_average,batched,batched,cpu,1024,5,1,0,0,2,toy5_gpu_core_neural_output_average_batched_1024_cpu_repeat00,1,neural_policy,output_average,post_step_state_policy,0.00024250103160738945
toy5,neural_output_average,batched,batched,cpu,1024,5,1,0,0,2,toy5_gpu_core_neural_output_average_batched_1024_cpu_repeat00,1,neural_policy,output_average,update_reputation_ema,0.00026038603391498327
toy5,neural_output_average,batched,batched,cpu,1024,5,1,0,0,2,toy5_gpu_core_neural_output_average_batched_1024_cpu_repeat00,1,neural_policy,output_average,finalize_hook_step,2.2783991880714893e-05
toy5,neural_output_average,batched,batched,cpu,1024,5,1,0,0,2,toy5_gpu_core_neural_output_average_batched_1024_cpu_repeat00,1,neural_policy,output_average,hooked_step_total,0.9429813160095364
toy5,neural_output_average,batched,batched,cpu,1024,5,1,0,0,2,toy5_gpu_core_neural_output_average_batched_1024_cpu_repeat00,1,neural_policy,output_average,aggregate_row,0.0392785060685128
toy5,neural_output_average,batched,batched,cpu,1024,5,1,0,0,2,toy5_gpu_core_neural_output_average_batched_1024_cpu_repeat00,1,neural_policy,output_average,write_aggregate,0.0003767720190808177
toy5,neural_output_average,batched,batched,cpu,1024,5,1,0,0,2,toy5_gpu_core_neural_output_average_batched_1024_cpu_repeat00,2,neural_policy,output_average,sample_revision_mask,0.00012910005170851946
toy5,neural_output_average,batched,batched,cpu,1024,5,1,0,0,2,toy5_gpu_core_neural_output_average_batched_1024_cpu_repeat00,2,neural_policy,output_average,build_step_context,0.0032795779407024384
toy5,neural_output_average,batched,batched,cpu,1024,5,1,0,0,2,toy5_gpu_core_neural_output_average_batched_1024_cpu_repeat00,2,neural_policy,output_average,build_observations,0.005090274033136666
toy5,neural_output_average,batched,batched,cpu,1024,5,1,0,0,2,toy5_gpu_core_neural_output_average_batched_1024_cpu_repeat00,2,neural_policy,output_average,policy_readout,0.007602652069181204
toy5,neural_output_average,batched,batched,cpu,1024,5,1,0,0,2,toy5_gpu_core_neural_output_average_batched_1024_cpu_repeat00,2,neural_policy,output_average,decision_selection,0.0016848520608618855
toy5,neural_output_average,batched,batched,cpu,1024,5,1,0,0,2,toy5_gpu_core_neural_output_average_batched_1024_cpu_repeat00,2,neural_policy,output_average,local_trainable_parameters,0.0027354719350114465
toy5,neural_output_average,batched,batched,cpu,1024,5,1,0,0,2,toy5_gpu_core_neural_output_average_batched_1024_cpu_repeat00,2,neural_policy,output_average,local_loss_forward,0.004281303030438721
toy5,neural_output_average,batched,batched,cpu,1024,5,1,0,0,2,toy5_gpu_core_neural_output_average_batched_1024_cpu_repeat00,2,neural_policy,output_average,local_autograd_grad,0.006970123969949782
toy5,neural_output_average,batched,batched,cpu,1024,5,1,0,0,2,toy5_gpu_core_neural_output_average_batched_1024_cpu_repeat00,2,neural_policy,output_average,local_adam_update,0.11834534595254809
toy5,neural_output_average,batched,batched,cpu,1024,5,1,0,0,2,toy5_gpu_core_neural_output_average_batched_1024_cpu_repeat00,2,neural_policy,output_average,local_optimizer_update,0.12865859107114375
toy5,neural_output_average,batched,batched,cpu,1024,5,1,0,0,2,toy5_gpu_core_neural_output_average_batched_1024_cpu_repeat00,2,neural_policy,output_average,local_loss_update,0.13423847500234842
toy5,neural_output_average,batched,batched,cpu,1024,5,1,0,0,2,toy5_gpu_core_neural_output_average_batched_1024_cpu_repeat00,2,neural_policy,output_average,local_training,0.13749063992872834
toy5,neural_output_average,batched,batched,cpu,1024,5,1,0,0,2,toy5_gpu_core_neural_output_average_batched_1024_cpu_repeat00,2,neural_policy,output_average,cache_refresh,8.761999197304249e-05
toy5,neural_output_average,batched,batched,cpu,1024,5,1,0,0,2,toy5_gpu_core_neural_output_average_batched_1024_cpu_repeat00,2,neural_policy,output_average,post_local_readout,0.007144110044464469
toy5,neural_output_average,batched,batched,cpu,1024,5,1,0,0,2,toy5_gpu_core_neural_output_average_batched_1024_cpu_repeat00,2,neural_policy,output_average,local_step,0.16307597805280238
toy5,neural_output_average,batched,batched,cpu,1024,5,1,0,0,2,toy5_gpu_core_neural_output_average_batched_1024_cpu_repeat00,2,neural_policy,output_average,select_peers,0.0008837759960442781
toy5,neural_output_average,batched,batched,cpu,1024,5,1,0,0,2,toy5_gpu_core_neural_output_average_batched_1024_cpu_repeat00,2,neural_policy,output_average,social_trainable_parameters,0.003232455928809941
toy5,neural_output_average,batched,batched,cpu,1024,5,1,0,0,2,toy5_gpu_core_neural_output_average_batched_1024_cpu_repeat00,2,neural_policy,output_average,social_mix,0.005392158986069262
toy5,neural_output_average,batched,batched,cpu,1024,5,1,0,0,2,toy5_gpu_core_neural_output_average_batched_1024_cpu_repeat00,2,neural_policy,output_average,social_loss_forward,0.003244510036893189
toy5,neural_output_average,batched,batched,cpu,1024,5,1,0,0,2,toy5_gpu_core_neural_output_average_batched_1024_cpu_repeat00,2,neural_policy,output_average,social_autograd_grad,0.005295141017995775
toy5,neural_output_average,batched,batched,cpu,1024,5,1,0,0,2,toy5_gpu_core_neural_output_average_batched_1024_cpu_repeat00,2,neural_policy,output_average,social_adam_update,0.33286447799764574
toy5,neural_output_average,batched,batched,cpu,1024,5,1,0,0,2,toy5_gpu_core_neural_output_average_batched_1024_cpu_repeat00,2,neural_policy,output_average,social_optimizer_update,0.34245606104377657
toy5,neural_output_average,batched,batched,cpu,1024,5,1,0,0,2,toy5_gpu_core_neural_output_average_batched_1024_cpu_repeat00,2,neural_policy,output_average,social_loss_update,0.3519878280349076
toy5,neural_output_average,batched,batched,cpu,1024,5,1,0,0,2,toy5_gpu_core_neural_output_average_batched_1024_cpu_repeat00,2,neural_policy,output_average,social_distillation,0.36537706397939473
toy5,neural_output_average,batched,batched,cpu,1024,5,1,0,0,2,toy5_gpu_core_neural_output_average_batched_1024_cpu_repeat00,2,neural_policy,output_average,social_step,0.3656709650531411
toy5,neural_output_average,batched,batched,cpu,1024,5,1,0,0,2,toy5_gpu_core_neural_output_average_batched_1024_cpu_repeat00,2,neural_policy,output_average,sample_actions,6.843009032309055e-06
toy5,neural_output_average,batched,batched,cpu,1024,5,1,0,0,2,toy5_gpu_core_neural_output_average_batched_1024_cpu_repeat00,2,neural_policy,output_average,commit_actions,0.0007114410400390625
toy5,neural_output_average,batched,batched,cpu,1024,5,1,0,0,2,toy5_gpu_core_neural_output_average_batched_1024_cpu_repeat00,2,neural_policy,output_average,post_step_state_policy,0.00021247193217277527
toy5,neural_output_average,batched,batched,cpu,1024,5,1,0,0,2,toy5_gpu_core_neural_output_average_batched_1024_cpu_repeat00,2,neural_policy,output_average,update_reputation_ema,0.0004130119923502207
toy5,neural_output_average,batched,batched,cpu,1024,5,1,0,0,2,toy5_gpu_core_neural_output_average_batched_1024_cpu_repeat00,2,neural_policy,output_average,finalize_hook_step,3.352493513375521e-05
toy5,neural_output_average,batched,batched,cpu,1024,5,1,0,0,2,toy5_gpu_core_neural_output_average_batched_1024_cpu_repeat00,2,neural_policy,output_average,hooked_step_total,0.547187446965836
toy5,neural_output_average,batched,batched,cpu,1024,5,1,0,0,2,toy5_gpu_core_neural_output_average_batched_1024_cpu_repeat00,2,neural_policy,output_average,aggregate_row,0.03170978801790625
toy5,neural_output_average,batched,batched,cpu,1024,5,1,0,0,2,toy5_gpu_core_neural_output_average_batched_1024_cpu_repeat00,2,neural_policy,output_average,write_aggregate,0.0003859499702230096
toy5,neural_output_average,batched,batched,cpu,1024,5,1,0,0,2,toy5_gpu_core_neural_output_average_batched_1024_cpu_repeat00,3,neural_policy,output_average,sample_revision_mask,0.0001244609011337161
toy5,neural_output_average,batched,batched,cpu,1024,5,1,0,0,2,toy5_gpu_core_neural_output_average_batched_1024_cpu_repeat00,3,neural_policy,output_average,build_step_context,0.0032895869808271527
toy5,neural_output_average,batched,batched,cpu,1024,5,1,0,0,2,toy5_gpu_core_neural_output_average_batched_1024_cpu_repeat00,3,neural_policy,output_average,build_observations,0.005488897091709077
toy5,neural_output_average,batched,batched,cpu,1024,5,1,0,0,2,toy5_gpu_core_neural_output_average_batched_1024_cpu_repeat00,3,neural_policy,output_average,policy_readout,0.0069221899611875415
toy5,neural_output_average,batched,batched,cpu,1024,5,1,0,0,2,toy5_gpu_core_neural_output_average_batched_1024_cpu_repeat00,3,neural_policy,output_average,decision_selection,0.0012277429923415184
toy5,neural_output_average,batched,batched,cpu,1024,5,1,0,0,2,toy5_gpu_core_neural_output_average_batched_1024_cpu_repeat00,3,neural_policy,output_average,local_trainable_parameters,0.0022612499305978417
toy5,neural_output_average,batched,batched,cpu,1024,5,1,0,0,2,toy5_gpu_core_neural_output_average_batched_1024_cpu_repeat00,3,neural_policy,output_average,local_loss_forward,0.0036867490271106362
toy5,neural_output_average,batched,batched,cpu,1024,5,1,0,0,2,toy5_gpu_core_neural_output_average_batched_1024_cpu_repeat00,3,neural_policy,output_average,local_autograd_grad,0.007175302016548812
toy5,neural_output_average,batched,batched,cpu,1024,5,1,0,0,2,toy5_gpu_core_neural_output_average_batched_1024_cpu_repeat00,3,neural_policy,output_average,local_adam_update,0.11131761397700757
toy5,neural_output_average,batched,batched,cpu,1024,5,1,0,0,2,toy5_gpu_core_neural_output_average_batched_1024_cpu_repeat00,3,neural_policy,output_average,local_optimizer_update,0.12123642198275775
toy5,neural_output_average,batched,batched,cpu,1024,5,1,0,0,2,toy5_gpu_core_neural_output_average_batched_1024_cpu_repeat00,3,neural_policy,output_average,local_loss_update,0.12610298092477024
toy5,neural_output_average,batched,batched,cpu,1024,5,1,0,0,2,toy5_gpu_core_neural_output_average_batched_1024_cpu_repeat00,3,neural_policy,output_average,local_training,0.128625878947787
toy5,neural_output_average,batched,batched,cpu,1024,5,1,0,0,2,toy5_gpu_core_neural_output_average_batched_1024_cpu_repeat00,3,neural_policy,output_average,cache_refresh,6.655906327068806e-05
toy5,neural_output_average,batched,batched,cpu,1024,5,1,0,0,2,toy5_gpu_core_neural_output_average_batched_1024_cpu_repeat00,3,neural_policy,output_average,post_local_readout,0.006308497977443039
toy5,neural_output_average,batched,batched,cpu,1024,5,1,0,0,2,toy5_gpu_core_neural_output_average_batched_1024_cpu_repeat00,3,neural_policy,output_average,local_step,0.1527729929657653
toy5,neural_output_average,batched,batched,cpu,1024,5,1,0,0,2,toy5_gpu_core_neural_output_average_batched_1024_cpu_repeat00,3,neural_policy,output_average,select_peers,0.0009601740166544914
toy5,neural_output_average,batched,batched,cpu,1024,5,1,0,0,2,toy5_gpu_core_neural_output_average_batched_1024_cpu_repeat00,3,neural_policy,output_average,social_trainable_parameters,0.002299856045283377
toy5,neural_output_average,batched,batched,cpu,1024,5,1,0,0,2,toy5_gpu_core_neural_output_average_batched_1024_cpu_repeat00,3,neural_policy,output_average,social_mix,0.004171679029241204
toy5,neural_output_average,batched,batched,cpu,1024,5,1,0,0,2,toy5_gpu_core_neural_output_average_batched_1024_cpu_repeat00,3,neural_policy,output_average,social_loss_forward,0.0032469540601596236
toy5,neural_output_average,batched,batched,cpu,1024,5,1,0,0,2,toy5_gpu_core_neural_output_average_batched_1024_cpu_repeat00,3,neural_policy,output_average,social_autograd_grad,0.005258760065771639
toy5,neural_output_average,batched,batched,cpu,1024,5,1,0,0,2,toy5_gpu_core_neural_output_average_batched_1024_cpu_repeat00,3,neural_policy,output_average,social_adam_update,0.28912419197149575
toy5,neural_output_average,batched,batched,cpu,1024,5,1,0,0,2,toy5_gpu_core_neural_output_average_batched_1024_cpu_repeat00,3,neural_policy,output_average,social_optimizer_update,0.298711025970988
toy5,neural_output_average,batched,batched,cpu,1024,5,1,0,0,2,toy5_gpu_core_neural_output_average_batched_1024_cpu_repeat00,3,neural_policy,output_average,social_loss_update,0.30719722190406173
toy5,neural_output_average,batched,batched,cpu,1024,5,1,0,0,2,toy5_gpu_core_neural_output_average_batched_1024_cpu_repeat00,3,neural_policy,output_average,social_distillation,0.3209684509783983
toy5,neural_output_average,batched,batched,cpu,1024,5,1,0,0,2,toy5_gpu_core_neural_output_average_batched_1024_cpu_repeat00,3,neural_policy,output_average,social_step,0.3211540919728577
toy5,neural_output_average,batched,batched,cpu,1024,5,1,0,0,2,toy5_gpu_core_neural_output_average_batched_1024_cpu_repeat00,3,neural_policy,output_average,sample_actions,3.8370490074157715e-06
toy5,neural_output_average,batched,batched,cpu,1024,5,1,0,0,2,toy5_gpu_core_neural_output_average_batched_1024_cpu_repeat00,3,neural_policy,output_average,commit_actions,0.0004814249696210027
toy5,neural_output_average,batched,batched,cpu,1024,5,1,0,0,2,toy5_gpu_core_neural_output_average_batched_1024_cpu_repeat00,3,neural_policy,output_average,post_step_state_policy,0.0001905900426208973
toy5,neural_output_average,batched,batched,cpu,1024,5,1,0,0,2,toy5_gpu_core_neural_output_average_batched_1024_cpu_repeat00,3,neural_policy,output_average,update_reputation_ema,0.00023744103964418173
toy5,neural_output_average,batched,batched,cpu,1024,5,1,0,0,2,toy5_gpu_core_neural_output_average_batched_1024_cpu_repeat00,3,neural_policy,output_average,finalize_hook_step,3.423704765737057e-05
toy5,neural_output_average,batched,batched,cpu,1024,5,1,0,0,2,toy5_gpu_core_neural_output_average_batched_1024_cpu_repeat00,3,neural_policy,output_average,hooked_step_total,0.49114683794323355
toy5,neural_output_average,batched,batched,cpu,1024,5,1,0,0,2,toy5_gpu_core_neural_output_average_batched_1024_cpu_repeat00,3,neural_policy,output_average,aggregate_row,0.035521188052371144
toy5,neural_output_average,batched,batched,cpu,1024,5,1,0,0,2,toy5_gpu_core_neural_output_average_batched_1024_cpu_repeat00,3,neural_policy,output_average,write_aggregate,0.0004061689833179116
toy5,neural_output_average,batched,batched,cpu,1024,5,1,0,0,2,toy5_gpu_core_neural_output_average_batched_1024_cpu_repeat00,4,neural_policy,output_average,sample_revision_mask,0.00017248501535505056
toy5,neural_output_average,batched,batched,cpu,1024,5,1,0,0,2,toy5_gpu_core_neural_output_average_batched_1024_cpu_repeat00,4,neural_policy,output_average,build_step_context,0.0033487019827589393
toy5,neural_output_average,batched,batched,cpu,1024,5,1,0,0,2,toy5_gpu_core_neural_output_average_batched_1024_cpu_repeat00,4,neural_policy,output_average,build_observations,0.005483206012286246
toy5,neural_output_average,batched,batched,cpu,1024,5,1,0,0,2,toy5_gpu_core_neural_output_average_batched_1024_cpu_repeat00,4,neural_policy,output_average,policy_readout,0.00928440596908331
toy5,neural_output_average,batched,batched,cpu,1024,5,1,0,0,2,toy5_gpu_core_neural_output_average_batched_1024_cpu_repeat00,4,neural_policy,output_average,decision_selection,0.001451407908461988
toy5,neural_output_average,batched,batched,cpu,1024,5,1,0,0,2,toy5_gpu_core_neural_output_average_batched_1024_cpu_repeat00,4,neural_policy,output_average,local_trainable_parameters,0.0032099420204758644
toy5,neural_output_average,batched,batched,cpu,1024,5,1,0,0,2,toy5_gpu_core_neural_output_average_batched_1024_cpu_repeat00,4,neural_policy,output_average,local_loss_forward,0.005872330977581441
toy5,neural_output_average,batched,batched,cpu,1024,5,1,0,0,2,toy5_gpu_core_neural_output_average_batched_1024_cpu_repeat00,4,neural_policy,output_average,local_autograd_grad,0.011155979009345174
toy5,neural_output_average,batched,batched,cpu,1024,5,1,0,0,2,toy5_gpu_core_neural_output_average_batched_1024_cpu_repeat00,4,neural_policy,output_average,local_adam_update,0.17102825397159904
toy5,neural_output_average,batched,batched,cpu,1024,5,1,0,0,2,toy5_gpu_core_neural_output_average_batched_1024_cpu_repeat00,4,neural_policy,output_average,local_optimizer_update,0.18786744703538716
toy5,neural_output_average,batched,batched,cpu,1024,5,1,0,0,2,toy5_gpu_core_neural_output_average_batched_1024_cpu_repeat00,4,neural_policy,output_average,local_loss_update,0.19562654092442244
toy5,neural_output_average,batched,batched,cpu,1024,5,1,0,0,2,toy5_gpu_core_neural_output_average_batched_1024_cpu_repeat00,4,neural_policy,output_average,local_training,0.1991380089893937
toy5,neural_output_average,batched,batched,cpu,1024,5,1,0,0,2,toy5_gpu_core_neural_output_average_batched_1024_cpu_repeat00,4,neural_policy,output_average,cache_refresh,0.00017336697783321142
toy5,neural_output_average,batched,batched,cpu,1024,5,1,0,0,2,toy5_gpu_core_neural_output_average_batched_1024_cpu_repeat00,4,neural_policy,output_average,post_local_readout,0.022245069034397602
toy5,neural_output_average,batched,batched,cpu,1024,5,1,0,0,2,toy5_gpu_core_neural_output_average_batched_1024_cpu_repeat00,4,neural_policy,output_average,local_step,0.24257963302079588
toy5,neural_output_average,batched,batched,cpu,1024,5,1,0,0,2,toy5_gpu_core_neural_output_average_batched_1024_cpu_repeat00,4,neural_policy,output_average,select_peers,0.0006359840044751763
toy5,neural_output_average,batched,batched,cpu,1024,5,1,0,0,2,toy5_gpu_core_neural_output_average_batched_1024_cpu_repeat00,4,neural_policy,output_average,social_trainable_parameters,0.0035944590345025063
toy5,neural_output_average,batched,batched,cpu,1024,5,1,0,0,2,toy5_gpu_core_neural_output_average_batched_1024_cpu_repeat00,4,neural_policy,output_average,social_mix,0.009541083942167461
toy5,neural_output_average,batched,batched,cpu,1024,5,1,0,0,2,toy5_gpu_core_neural_output_average_batched_1024_cpu_repeat00,4,neural_policy,output_average,social_loss_forward,0.005798638099804521
toy5,neural_output_average,batched,batched,cpu,1024,5,1,0,0,2,toy5_gpu_core_neural_output_average_batched_1024_cpu_repeat00,4,neural_policy,output_average,social_autograd_grad,0.007059084950014949
toy5,neural_output_average,batched,batched,cpu,1024,5,1,0,0,2,toy5_gpu_core_neural_output_average_batched_1024_cpu_repeat00,4,neural_policy,output_average,social_adam_update,0.3162522470811382
toy5,neural_output_average,batched,batched,cpu,1024,5,1,0,0,2,toy5_gpu_core_neural_output_average_batched_1024_cpu_repeat00,4,neural_policy,output_average,social_optimizer_update,0.327864350983873
toy5,neural_output_average,batched,batched,cpu,1024,5,1,0,0,2,toy5_gpu_core_neural_output_average_batched_1024_cpu_repeat00,4,neural_policy,output_average,social_loss_update,0.34412556199822575
toy5,neural_output_average,batched,batched,cpu,1024,5,1,0,0,2,toy5_gpu_core_neural_output_average_batched_1024_cpu_repeat00,4,neural_policy,output_average,social_distillation,0.35844975302461535
toy5,neural_output_average,batched,batched,cpu,1024,5,1,0,0,2,toy5_gpu_core_neural_output_average_batched_1024_cpu_repeat00,4,neural_policy,output_average,social_step,0.35866162402089685
toy5,neural_output_average,batched,batched,cpu,1024,5,1,0,0,2,toy5_gpu_core_neural_output_average_batched_1024_cpu_repeat00,4,neural_policy,output_average,sample_actions,4.337984137237072e-06
toy5,neural_output_average,batched,batched,cpu,1024,5,1,0,0,2,toy5_gpu_core_neural_output_average_batched_1024_cpu_repeat00,4,neural_policy,output_average,commit_actions,0.0005554280942305923
toy5,neural_output_average,batched,batched,cpu,1024,5,1,0,0,2,toy5_gpu_core_neural_output_average_batched_1024_cpu_repeat00,4,neural_policy,output_average,post_step_state_policy,0.00016877800226211548
toy5,neural_output_average,batched,batched,cpu,1024,5,1,0,0,2,toy5_gpu_core_neural_output_average_batched_1024_cpu_repeat00,4,neural_policy,output_average,update_reputation_ema,0.00028316990938037634
toy5,neural_output_average,batched,batched,cpu,1024,5,1,0,0,2,toy5_gpu_core_neural_output_average_batched_1024_cpu_repeat00,4,neural_policy,output_average,finalize_hook_step,2.7684029191732407e-05
toy5,neural_output_average,batched,batched,cpu,1024,5,1,0,0,2,toy5_gpu_core_neural_output_average_batched_1024_cpu_repeat00,4,neural_policy,output_average,hooked_step_total,0.6210359398974106
toy5,neural_output_average,batched,batched,cpu,1024,5,1,0,0,2,toy5_gpu_core_neural_output_average_batched_1024_cpu_repeat00,4,neural_policy,output_average,aggregate_row,0.03434943000320345
toy5,neural_output_average,batched,batched,cpu,1024,5,1,0,0,2,toy5_gpu_core_neural_output_average_batched_1024_cpu_repeat00,4,neural_policy,output_average,write_aggregate,0.0003544180653989315
toy5,neural_output_average,batched,batched,cpu,1024,5,1,0,0,2,toy5_gpu_core_neural_output_average_batched_1024_cpu_repeat00,5,neural_policy,output_average,sample_revision_mask,0.00010931200813502073
toy5,neural_output_average,batched,batched,cpu,1024,5,1,0,0,2,toy5_gpu_core_neural_output_average_batched_1024_cpu_repeat00,5,neural_policy,output_average,build_step_context,0.00346187106333673
toy5,neural_output_average,batched,batched,cpu,1024,5,1,0,0,2,toy5_gpu_core_neural_output_average_batched_1024_cpu_repeat00,5,neural_policy,output_average,build_observations,0.0054264250211417675
toy5,neural_output_average,batched,batched,cpu,1024,5,1,0,0,2,toy5_gpu_core_neural_output_average_batched_1024_cpu_repeat00,5,neural_policy,output_average,policy_readout,0.007482046959921718
toy5,neural_output_average,batched,batched,cpu,1024,5,1,0,0,2,toy5_gpu_core_neural_output_average_batched_1024_cpu_repeat00,5,neural_policy,output_average,decision_selection,0.0013655910734087229
toy5,neural_output_average,batched,batched,cpu,1024,5,1,0,0,2,toy5_gpu_core_neural_output_average_batched_1024_cpu_repeat00,5,neural_policy,output_average,local_trainable_parameters,0.002381172962486744
toy5,neural_output_average,batched,batched,cpu,1024,5,1,0,0,2,toy5_gpu_core_neural_output_average_batched_1024_cpu_repeat00,5,neural_policy,output_average,local_loss_forward,0.004398419987410307
toy5,neural_output_average,batched,batched,cpu,1024,5,1,0,0,2,toy5_gpu_core_neural_output_average_batched_1024_cpu_repeat00,5,neural_policy,output_average,local_autograd_grad,0.007960184942930937
toy5,neural_output_average,batched,batched,cpu,1024,5,1,0,0,2,toy5_gpu_core_neural_output_average_batched_1024_cpu_repeat00,5,neural_policy,output_average,local_adam_update,0.10167165705934167
toy5,neural_output_average,batched,batched,cpu,1024,5,1,0,0,2,toy5_gpu_core_neural_output_average_batched_1024_cpu_repeat00,5,neural_policy,output_average,local_optimizer_update,0.1127145669888705
toy5,neural_output_average,batched,batched,cpu,1024,5,1,0,0,2,toy5_gpu_core_neural_output_average_batched_1024_cpu_repeat00,5,neural_policy,output_average,local_loss_update,0.11845828907098621
toy5,neural_output_average,batched,batched,cpu,1024,5,1,0,0,2,toy5_gpu_core_neural_output_average_batched_1024_cpu_repeat00,5,neural_policy,output_average,local_training,0.12114708893932402
toy5,neural_output_average,batched,batched,cpu,1024,5,1,0,0,2,toy5_gpu_core_neural_output_average_batched_1024_cpu_repeat00,5,neural_policy,output_average,cache_refresh,8.735002484172583e-05
toy5,neural_output_average,batched,batched,cpu,1024,5,1,0,0,2,toy5_gpu_core_neural_output_average_batched_1024_cpu_repeat00,5,neural_policy,output_average,post_local_readout,0.005506340065039694
toy5,neural_output_average,batched,batched,cpu,1024,5,1,0,0,2,toy5_gpu_core_neural_output_average_batched_1024_cpu_repeat00,5,neural_policy,output_average,local_step,0.14489444496575743
toy5,neural_output_average,batched,batched,cpu,1024,5,1,0,0,2,toy5_gpu_core_neural_output_average_batched_1024_cpu_repeat00,5,neural_policy,output_average,select_peers,0.0008897270308807492
toy5,neural_output_average,batched,batched,cpu,1024,5,1,0,0,2,toy5_gpu_core_neural_output_average_batched_1024_cpu_repeat00,5,neural_policy,output_average,social_trainable_parameters,0.0032878030324354768
toy5,neural_output_average,batched,batched,cpu,1024,5,1,0,0,2,toy5_gpu_core_neural_output_average_batched_1024_cpu_repeat00,5,neural_policy,output_average,social_mix,0.0066951789194718
toy5,neural_output_average,batched,batched,cpu,1024,5,1,0,0,2,toy5_gpu_core_neural_output_average_batched_1024_cpu_repeat00,5,neural_policy,output_average,social_loss_forward,0.0021059579448774457
toy5,neural_output_average,batched,batched,cpu,1024,5,1,0,0,2,toy5_gpu_core_neural_output_average_batched_1024_cpu_repeat00,5,neural_policy,output_average,social_autograd_grad,0.003855004906654358
toy5,neural_output_average,batched,batched,cpu,1024,5,1,0,0,2,toy5_gpu_core_neural_output_average_batched_1024_cpu_repeat00,5,neural_policy,output_average,social_adam_update,0.3136256180005148
toy5,neural_output_average,batched,batched,cpu,1024,5,1,0,0,2,toy5_gpu_core_neural_output_average_batched_1024_cpu_repeat00,5,neural_policy,output_average,social_optimizer_update,0.32142984005622566
toy5,neural_output_average,batched,batched,cpu,1024,5,1,0,0,2,toy5_gpu_core_neural_output_average_batched_1024_cpu_repeat00,5,neural_policy,output_average,social_loss_update,0.33151627297047526
toy5,neural_output_average,batched,batched,cpu,1024,5,1,0,0,2,toy5_gpu_core_neural_output_average_batched_1024_cpu_repeat00,5,neural_policy,output_average,social_distillation,0.3461735181044787
toy5,neural_output_average,batched,batched,cpu,1024,5,1,0,0,2,toy5_gpu_core_neural_output_average_batched_1024_cpu_repeat00,5,neural_policy,output_average,social_step,0.3463336389977485
toy5,neural_output_average,batched,batched,cpu,1024,5,1,0,0,2,toy5_gpu_core_neural_output_average_batched_1024_cpu_repeat00,5,neural_policy,output_average,sample_actions,5.470938049256802e-06
toy5,neural_output_average,batched,batched,cpu,1024,5,1,0,0,2,toy5_gpu_core_neural_output_average_batched_1024_cpu_repeat00,5,neural_policy,output_average,commit_actions,0.0007417299784719944
toy5,neural_output_average,batched,batched,cpu,1024,5,1,0,0,2,toy5_gpu_core_neural_output_average_batched_1024_cpu_repeat00,5,neural_policy,output_average,post_step_state_policy,0.00022907403763383627
toy5,neural_output_average,batched,batched,cpu,1024,5,1,0,0,2,toy5_gpu_core_neural_output_average_batched_1024_cpu_repeat00,5,neural_policy,output_average,update_reputation_ema,0.0003217450575903058
toy5,neural_output_average,batched,batched,cpu,1024,5,1,0,0,2,toy5_gpu_core_neural_output_average_batched_1024_cpu_repeat00,5,neural_policy,output_average,finalize_hook_step,2.4647917598485947e-05
toy5,neural_output_average,batched,batched,cpu,1024,5,1,0,0,2,toy5_gpu_core_neural_output_average_batched_1024_cpu_repeat00,5,neural_policy,output_average,hooked_step_total,0.5083382530137897
toy5,neural_output_average,batched,batched,cpu,1024,5,1,0,0,2,toy5_gpu_core_neural_output_average_batched_1024_cpu_repeat00,5,neural_policy,output_average,aggregate_row,0.038543400005437434
toy5,neural_output_average,batched,batched,cpu,1024,5,1,0,0,2,toy5_gpu_core_neural_output_average_batched_1024_cpu_repeat00,5,neural_policy,output_average,write_aggregate,0.0005112530197948217
toy5,neural_output_average,batched,batched,cpu,1024,5,1,1,0,2,toy5_gpu_core_neural_output_average_batched_1024_cpu_repeat01,0,neural_policy,output_average,make_run_dir,0.003955808933824301
toy5,neural_output_average,batched,batched,cpu,1024,5,1,1,0,2,toy5_gpu_core_neural_output_average_batched_1024_cpu_repeat01,0,neural_policy,output_average,write_metadata,0.01135728892404586
toy5,neural_output_average,batched,batched,cpu,1024,5,1,1,0,2,toy5_gpu_core_neural_output_average_batched_1024_cpu_repeat01,0,neural_policy,output_average,initial_state,2.5917126870481297
toy5,neural_output_average,batched,batched,cpu,1024,5,1,1,0,2,toy5_gpu_core_neural_output_average_batched_1024_cpu_repeat01,0,neural_policy,output_average,writer_setup,0.00889223103877157
toy5,neural_output_average,batched,batched,cpu,1024,5,1,1,0,2,toy5_gpu_core_neural_output_average_batched_1024_cpu_repeat01,0,neural_policy,output_average,initial_step_result,0.0206193559570238
toy5,neural_output_average,batched,batched,cpu,1024,5,1,1,0,2,toy5_gpu_core_neural_output_average_batched_1024_cpu_repeat01,0,neural_policy,output_average,initial_aggregate_row,0.02658647997304797
toy5,neural_output_average,batched,batched,cpu,1024,5,1,1,0,2,toy5_gpu_core_neural_output_average_batched_1024_cpu_repeat01,0,neural_policy,output_average,write_initial_aggregate,0.0006839779671281576
toy5,neural_output_average,batched,batched,cpu,1024,5,1,1,0,2,toy5_gpu_core_neural_output_average_batched_1024_cpu_repeat01,1,neural_policy,output_average,sample_revision_mask,0.00023008696734905243
toy5,neural_output_average,batched,batched,cpu,1024,5,1,1,0,2,toy5_gpu_core_neural_output_average_batched_1024_cpu_repeat01,1,neural_policy,output_average,build_step_context,0.007698523928411305
toy5,neural_output_average,batched,batched,cpu,1024,5,1,1,0,2,toy5_gpu_core_neural_output_average_batched_1024_cpu_repeat01,1,neural_policy,output_average,build_observations,0.006450672051869333
toy5,neural_output_average,batched,batched,cpu,1024,5,1,1,0,2,toy5_gpu_core_neural_output_average_batched_1024_cpu_repeat01,1,neural_policy,output_average,policy_readout,0.006861038040369749
toy5,neural_output_average,batched,batched,cpu,1024,5,1,1,0,2,toy5_gpu_core_neural_output_average_batched_1024_cpu_repeat01,1,neural_policy,output_average,decision_selection,0.0025545789394527674
toy5,neural_output_average,batched,batched,cpu,1024,5,1,1,0,2,toy5_gpu_core_neural_output_average_batched_1024_cpu_repeat01,1,neural_policy,output_average,local_trainable_parameters,0.0011805619578808546
toy5,neural_output_average,batched,batched,cpu,1024,5,1,1,0,2,toy5_gpu_core_neural_output_average_batched_1024_cpu_repeat01,1,neural_policy,output_average,local_loss_forward,0.005608918028883636
toy5,neural_output_average,batched,batched,cpu,1024,5,1,1,0,2,toy5_gpu_core_neural_output_average_batched_1024_cpu_repeat01,1,neural_policy,output_average,local_autograd_grad,0.0023986269952729344
toy5,neural_output_average,batched,batched,cpu,1024,5,1,1,0,2,toy5_gpu_core_neural_output_average_batched_1024_cpu_repeat01,1,neural_policy,output_average,local_adam_update,0.06974879500921816
toy5,neural_output_average,batched,batched,cpu,1024,5,1,1,0,2,toy5_gpu_core_neural_output_average_batched_1024_cpu_repeat01,1,neural_policy,output_average,local_optimizer_update,0.0740009390283376
toy5,neural_output_average,batched,batched,cpu,1024,5,1,1,0,2,toy5_gpu_core_neural_output_average_batched_1024_cpu_repeat01,1,neural_policy,output_average,local_loss_update,0.5072358449688181
toy5,neural_output_average,batched,batched,cpu,1024,5,1,1,0,2,toy5_gpu_core_neural_output_average_batched_1024_cpu_repeat01,1,neural_policy,output_average,local_training,0.508597219013609
toy5,neural_output_average,batched,batched,cpu,1024,5,1,1,0,2,toy5_gpu_core_neural_output_average_batched_1024_cpu_repeat01,1,neural_policy,output_average,cache_refresh,0.0001413041027262807
toy5,neural_output_average,batched,batched,cpu,1024,5,1,1,0,2,toy5_gpu_core_neural_output_average_batched_1024_cpu_repeat01,1,neural_policy,output_average,post_local_readout,0.0036580910673364997
toy5,neural_output_average,batched,batched,cpu,1024,5,1,1,0,2,toy5_gpu_core_neural_output_average_batched_1024_cpu_repeat01,1,neural_policy,output_average,local_step,0.5331004438921809
toy5,neural_output_average,batched,batched,cpu,1024,5,1,1,0,2,toy5_gpu_core_neural_output_average_batched_1024_cpu_repeat01,1,neural_policy,output_average,select_peers,0.00028057489544153214
toy5,neural_output_average,batched,batched,cpu,1024,5,1,1,0,2,toy5_gpu_core_neural_output_average_batched_1024_cpu_repeat01,1,neural_policy,output_average,social_trainable_parameters,0.00045052391942590475
toy5,neural_output_average,batched,batched,cpu,1024,5,1,1,0,2,toy5_gpu_core_neural_output_average_batched_1024_cpu_repeat01,1,neural_policy,output_average,social_mix,0.0028983860975131392
toy5,neural_output_average,batched,batched,cpu,1024,5,1,1,0,2,toy5_gpu_core_neural_output_average_batched_1024_cpu_repeat01,1,neural_policy,output_average,social_loss_forward,0.002113642985932529
toy5,neural_output_average,batched,batched,cpu,1024,5,1,1,0,2,toy5_gpu_core_neural_output_average_batched_1024_cpu_repeat01,1,neural_policy,output_average,social_autograd_grad,0.003044439945369959
toy5,neural_output_average,batched,batched,cpu,1024,5,1,1,0,2,toy5_gpu_core_neural_output_average_batched_1024_cpu_repeat01,1,neural_policy,output_average,social_adam_update,0.16012428991962224
toy5,neural_output_average,batched,batched,cpu,1024,5,1,1,0,2,toy5_gpu_core_neural_output_average_batched_1024_cpu_repeat01,1,neural_policy,output_average,social_optimizer_update,0.16715529805514961
toy5,neural_output_average,batched,batched,cpu,1024,5,1,1,0,2,toy5_gpu_core_neural_output_average_batched_1024_cpu_repeat01,1,neural_policy,output_average,social_loss_update,0.1730638078879565
toy5,neural_output_average,batched,batched,cpu,1024,5,1,1,0,2,toy5_gpu_core_neural_output_average_batched_1024_cpu_repeat01,1,neural_policy,output_average,social_distillation,0.18642143800389022
toy5,neural_output_average,batched,batched,cpu,1024,5,1,1,0,2,toy5_gpu_core_neural_output_average_batched_1024_cpu_repeat01,1,neural_policy,output_average,social_step,0.18667091196402907
toy5,neural_output_average,batched,batched,cpu,1024,5,1,1,0,2,toy5_gpu_core_neural_output_average_batched_1024_cpu_repeat01,1,neural_policy,output_average,sample_actions,1.4088000170886517e-05
toy5,neural_output_average,batched,batched,cpu,1024,5,1,1,0,2,toy5_gpu_core_neural_output_average_batched_1024_cpu_repeat01,1,neural_policy,output_average,commit_actions,0.0004657950485125184
toy5,neural_output_average,batched,batched,cpu,1024,5,1,1,0,2,toy5_gpu_core_neural_output_average_batched_1024_cpu_repeat01,1,neural_policy,output_average,post_step_state_policy,0.00025465397629886866
toy5,neural_output_average,batched,batched,cpu,1024,5,1,1,0,2,toy5_gpu_core_neural_output_average_batched_1024_cpu_repeat01,1,neural_policy,output_average,update_reputation_ema,0.00022841303143650293
toy5,neural_output_average,batched,batched,cpu,1024,5,1,1,0,2,toy5_gpu_core_neural_output_average_batched_1024_cpu_repeat01,1,neural_policy,output_average,finalize_hook_step,3.709190059453249e-05
toy5,neural_output_average,batched,batched,cpu,1024,5,1,1,0,2,toy5_gpu_core_neural_output_average_batched_1024_cpu_repeat01,1,neural_policy,output_average,hooked_step_total,0.7392294979654253
toy5,neural_output_average,batched,batched,cpu,1024,5,1,1,0,2,toy5_gpu_core_neural_output_average_batched_1024_cpu_repeat01,1,neural_policy,output_average,aggregate_row,0.03980662196408957
toy5,neural_output_average,batched,batched,cpu,1024,5,1,1,0,2,toy5_gpu_core_neural_output_average_batched_1024_cpu_repeat01,1,neural_policy,output_average,write_aggregate,0.0004720470169559121
toy5,neural_output_average,batched,batched,cpu,1024,5,1,1,0,2,toy5_gpu_core_neural_output_average_batched_1024_cpu_repeat01,2,neural_policy,output_average,sample_revision_mask,0.00015830795746296644
toy5,neural_output_average,batched,batched,cpu,1024,5,1,1,0,2,toy5_gpu_core_neural_output_average_batched_1024_cpu_repeat01,2,neural_policy,output_average,build_step_context,0.0034839629661291838
toy5,neural_output_average,batched,batched,cpu,1024,5,1,1,0,2,toy5_gpu_core_neural_output_average_batched_1024_cpu_repeat01,2,neural_policy,output_average,build_observations,0.00615524803288281
toy5,neural_output_average,batched,batched,cpu,1024,5,1,1,0,2,toy5_gpu_core_neural_output_average_batched_1024_cpu_repeat01,2,neural_policy,output_average,policy_readout,0.010478539974428713
toy5,neural_output_average,batched,batched,cpu,1024,5,1,1,0,2,toy5_gpu_core_neural_output_average_batched_1024_cpu_repeat01,2,neural_policy,output_average,decision_selection,0.002538688015192747
toy5,neural_output_average,batched,batched,cpu,1024,5,1,1,0,2,toy5_gpu_core_neural_output_average_batched_1024_cpu_repeat01,2,neural_policy,output_average,local_trainable_parameters,0.003566573024727404
toy5,neural_output_average,batched,batched,cpu,1024,5,1,1,0,2,toy5_gpu_core_neural_output_average_batched_1024_cpu_repeat01,2,neural_policy,output_average,local_loss_forward,0.00791069702245295
toy5,neural_output_average,batched,batched,cpu,1024,5,1,1,0,2,toy5_gpu_core_neural_output_average_batched_1024_cpu_repeat01,2,neural_policy,output_average,local_autograd_grad,0.014008762896992266
toy5,neural_output_average,batched,batched,cpu,1024,5,1,1,0,2,toy5_gpu_core_neural_output_average_batched_1024_cpu_repeat01,2,neural_policy,output_average,local_adam_update,0.134849936934188
toy5,neural_output_average,batched,batched,cpu,1024,5,1,1,0,2,toy5_gpu_core_neural_output_average_batched_1024_cpu_repeat01,2,neural_policy,output_average,local_optimizer_update,0.15190992294810712
toy5,neural_output_average,batched,batched,cpu,1024,5,1,1,0,2,toy5_gpu_core_neural_output_average_batched_1024_cpu_repeat01,2,neural_policy,output_average,local_loss_update,0.16129760595504194
toy5,neural_output_average,batched,batched,cpu,1024,5,1,1,0,2,toy5_gpu_core_neural_output_average_batched_1024_cpu_repeat01,2,neural_policy,output_average,local_training,0.16511513700243086
toy5,neural_output_average,batched,batched,cpu,1024,5,1,1,0,2,toy5_gpu_core_neural_output_average_batched_1024_cpu_repeat01,2,neural_policy,output_average,cache_refresh,7.428403478115797e-05
toy5,neural_output_average,batched,batched,cpu,1024,5,1,1,0,2,toy5_gpu_core_neural_output_average_batched_1024_cpu_repeat01,2,neural_policy,output_average,post_local_readout,0.006222849013283849
toy5,neural_output_average,batched,batched,cpu,1024,5,1,1,0,2,toy5_gpu_core_neural_output_average_batched_1024_cpu_repeat01,2,neural_policy,output_average,local_step,0.19446413801051676
toy5,neural_output_average,batched,batched,cpu,1024,5,1,1,0,2,toy5_gpu_core_neural_output_average_batched_1024_cpu_repeat01,2,neural_policy,output_average,select_peers,0.00020883604884147644
toy5,neural_output_average,batched,batched,cpu,1024,5,1,1,0,2,toy5_gpu_core_neural_output_average_batched_1024_cpu_repeat01,2,neural_policy,output_average,social_trainable_parameters,0.0005584540776908398
toy5,neural_output_average,batched,batched,cpu,1024,5,1,1,0,2,toy5_gpu_core_neural_output_average_batched_1024_cpu_repeat01,2,neural_policy,output_average,social_mix,0.0022676619701087475
toy5,neural_output_average,batched,batched,cpu,1024,5,1,1,0,2,toy5_gpu_core_neural_output_average_batched_1024_cpu_repeat01,2,neural_policy,output_average,social_loss_forward,0.0011432790197432041
toy5,neural_output_average,batched,batched,cpu,1024,5,1,1,0,2,toy5_gpu_core_neural_output_average_batched_1024_cpu_repeat01,2,neural_policy,output_average,social_autograd_grad,0.0023014380130916834
toy5,neural_output_average,batched,batched,cpu,1024,5,1,1,0,2,toy5_gpu_core_neural_output_average_batched_1024_cpu_repeat01,2,neural_policy,output_average,social_adam_update,0.12708282005041838
toy5,neural_output_average,batched,batched,cpu,1024,5,1,1,0,2,toy5_gpu_core_neural_output_average_batched_1024_cpu_repeat01,2,neural_policy,output_average,social_optimizer_update,0.1312539669452235
toy5,neural_output_average,batched,batched,cpu,1024,5,1,1,0,2,toy5_gpu_core_neural_output_average_batched_1024_cpu_repeat01,2,neural_policy,output_average,social_loss_update,0.13519309309776872
toy5,neural_output_average,batched,batched,cpu,1024,5,1,1,0,2,toy5_gpu_core_neural_output_average_batched_1024_cpu_repeat01,2,neural_policy,output_average,social_distillation,0.14078614895697683
toy5,neural_output_average,batched,batched,cpu,1024,5,1,1,0,2,toy5_gpu_core_neural_output_average_batched_1024_cpu_repeat01,2,neural_policy,output_average,social_step,0.14084015402477235
toy5,neural_output_average,batched,batched,cpu,1024,5,1,1,0,2,toy5_gpu_core_neural_output_average_batched_1024_cpu_repeat01,2,neural_policy,output_average,sample_actions,6.402027793228626e-06
toy5,neural_output_average,batched,batched,cpu,1024,5,1,1,0,2,toy5_gpu_core_neural_output_average_batched_1024_cpu_repeat01,2,neural_policy,output_average,commit_actions,0.00016836693976074457
toy5,neural_output_average,batched,batched,cpu,1024,5,1,1,0,2,toy5_gpu_core_neural_output_average_batched_1024_cpu_repeat01,2,neural_policy,output_average,post_step_state_policy,9.920296724885702e-05
toy5,neural_output_average,batched,batched,cpu,1024,5,1,1,0,2,toy5_gpu_core_neural_output_average_batched_1024_cpu_repeat01,2,neural_policy,output_average,update_reputation_ema,8.613802492618561e-05
toy5,neural_output_average,batched,batched,cpu,1024,5,1,1,0,2,toy5_gpu_core_neural_output_average_batched_1024_cpu_repeat01,2,neural_policy,output_average,finalize_hook_step,1.0770978406071663e-05
toy5,neural_output_average,batched,batched,cpu,1024,5,1,1,0,2,toy5_gpu_core_neural_output_average_batched_1024_cpu_repeat01,2,neural_policy,output_average,hooked_step_total,0.34454331605229527
toy5,neural_output_average,batched,batched,cpu,1024,5,1,1,0,2,toy5_gpu_core_neural_output_average_batched_1024_cpu_repeat01,2,neural_policy,output_average,aggregate_row,0.01707785006146878
toy5,neural_output_average,batched,batched,cpu,1024,5,1,1,0,2,toy5_gpu_core_neural_output_average_batched_1024_cpu_repeat01,2,neural_policy,output_average,write_aggregate,0.00012680597137659788
toy5,neural_output_average,batched,batched,cpu,1024,5,1,1,0,2,toy5_gpu_core_neural_output_average_batched_1024_cpu_repeat01,3,neural_policy,output_average,sample_revision_mask,4.074897151440382e-05
toy5,neural_output_average,batched,batched,cpu,1024,5,1,1,0,2,toy5_gpu_core_neural_output_average_batched_1024_cpu_repeat01,3,neural_policy,output_average,build_step_context,0.0027982909232378006
toy5,neural_output_average,batched,batched,cpu,1024,5,1,1,0,2,toy5_gpu_core_neural_output_average_batched_1024_cpu_repeat01,3,neural_policy,output_average,build_observations,0.004230641992762685
toy5,neural_output_average,batched,batched,cpu,1024,5,1,1,0,2,toy5_gpu_core_neural_output_average_batched_1024_cpu_repeat01,3,neural_policy,output_average,policy_readout,0.0023638290585950017
toy5,neural_output_average,batched,batched,cpu,1024,5,1,1,0,2,toy5_gpu_core_neural_output_average_batched_1024_cpu_repeat01,3,neural_policy,output_average,decision_selection,0.0005031570326536894
toy5,neural_output_average,batched,batched,cpu,1024,5,1,1,0,2,toy5_gpu_core_neural_output_average_batched_1024_cpu_repeat01,3,neural_policy,output_average,local_trainable_parameters,0.000523005030117929
toy5,neural_output_average,batched,batched,cpu,1024,5,1,1,0,2,toy5_gpu_core_neural_output_average_batched_1024_cpu_repeat01,3,neural_policy,output_average,local_loss_forward,0.0016017089365050197
toy5,neural_output_average,batched,batched,cpu,1024,5,1,1,0,2,toy5_gpu_core_neural_output_average_batched_1024_cpu_repeat01,3,neural_policy,output_average,local_autograd_grad,0.0018926829798147082
toy5,neural_output_average,batched,batched,cpu,1024,5,1,1,0,2,toy5_gpu_core_neural_output_average_batched_1024_cpu_repeat01,3,neural_policy,output_average,local_adam_update,0.049848641036078334
toy5,neural_output_average,batched,batched,cpu,1024,5,1,1,0,2,toy5_gpu_core_neural_output_average_batched_1024_cpu_repeat01,3,neural_policy,output_average,local_optimizer_update,0.05300359602551907
toy5,neural_output_average,batched,batched,cpu,1024,5,1,1,0,2,toy5_gpu_core_neural_output_average_batched_1024_cpu_repeat01,3,neural_policy,output_average,local_loss_update,0.05495359003543854
toy5,neural_output_average,batched,batched,cpu,1024,5,1,1,0,2,toy5_gpu_core_neural_output_average_batched_1024_cpu_repeat01,3,neural_policy,output_average,local_training,0.05555148108396679
toy5,neural_output_average,batched,batched,cpu,1024,5,1,1,0,2,toy5_gpu_core_neural_output_average_batched_1024_cpu_repeat01,3,neural_policy,output_average,cache_refresh,6.925500929355621e-05
toy5,neural_output_average,batched,batched,cpu,1024,5,1,1,0,2,toy5_gpu_core_neural_output_average_batched_1024_cpu_repeat01,3,neural_policy,output_average,post_local_readout,0.0023541090777143836
toy5,neural_output_average,batched,batched,cpu,1024,5,1,1,0,2,toy5_gpu_core_neural_output_average_batched_1024_cpu_repeat01,3,neural_policy,output_average,local_step,0.06610593793448061
toy5,neural_output_average,batched,batched,cpu,1024,5,1,1,0,2,toy5_gpu_core_neural_output_average_batched_1024_cpu_repeat01,3,neural_policy,output_average,select_peers,0.0001678760163486004
toy5,neural_output_average,batched,batched,cpu,1024,5,1,1,0,2,toy5_gpu_core_neural_output_average_batched_1024_cpu_repeat01,3,neural_policy,output_average,social_trainable_parameters,0.0005102300783619285
toy5,neural_output_average,batched,batched,cpu,1024,5,1,1,0,2,toy5_gpu_core_neural_output_average_batched_1024_cpu_repeat01,3,neural_policy,output_average,social_mix,0.0019411679822951555
toy5,neural_output_average,batched,batched,cpu,1024,5,1,1,0,2,toy5_gpu_core_neural_output_average_batched_1024_cpu_repeat01,3,neural_policy,output_average,social_loss_forward,0.0010245689190924168
toy5,neural_output_average,batched,batched,cpu,1024,5,1,1,0,2,toy5_gpu_core_neural_output_average_batched_1024_cpu_repeat01,3,neural_policy,output_average,social_autograd_grad,0.001753553980961442
toy5,neural_output_average,batched,batched,cpu,1024,5,1,1,0,2,toy5_gpu_core_neural_output_average_batched_1024_cpu_repeat01,3,neural_policy,output_average,social_adam_update,0.15931154903955758
toy5,neural_output_average,batched,batched,cpu,1024,5,1,1,0,2,toy5_gpu_core_neural_output_average_batched_1024_cpu_repeat01,3,neural_policy,output_average,social_optimizer_update,0.1643145199632272
toy5,neural_output_average,batched,batched,cpu,1024,5,1,1,0,2,toy5_gpu_core_neural_output_average_batched_1024_cpu_repeat01,3,neural_policy,output_average,social_loss_update,0.1679949649842456
toy5,neural_output_average,batched,batched,cpu,1024,5,1,1,0,2,toy5_gpu_core_neural_output_average_batched_1024_cpu_repeat01,3,neural_policy,output_average,social_distillation,0.17666442308109254
toy5,neural_output_average,batched,batched,cpu,1024,5,1,1,0,2,toy5_gpu_core_neural_output_average_batched_1024_cpu_repeat01,3,neural_policy,output_average,social_step,0.17678276298101991
toy5,neural_output_average,batched,batched,cpu,1024,5,1,1,0,2,toy5_gpu_core_neural_output_average_batched_1024_cpu_repeat01,3,neural_policy,output_average,sample_actions,2.7050264179706573e-06
toy5,neural_output_average,batched,batched,cpu,1024,5,1,1,0,2,toy5_gpu_core_neural_output_average_batched_1024_cpu_repeat01,3,neural_policy,output_average,commit_actions,0.00035503890831023455
toy5,neural_output_average,batched,batched,cpu,1024,5,1,1,0,2,toy5_gpu_core_neural_output_average_batched_1024_cpu_repeat01,3,neural_policy,output_average,post_step_state_policy,0.00019340601284056902
toy5,neural_output_average,batched,batched,cpu,1024,5,1,1,0,2,toy5_gpu_core_neural_output_average_batched_1024_cpu_repeat01,3,neural_policy,output_average,update_reputation_ema,0.00017421797383576632
toy5,neural_output_average,batched,batched,cpu,1024,5,1,1,0,2,toy5_gpu_core_neural_output_average_batched_1024_cpu_repeat01,3,neural_policy,output_average,finalize_hook_step,1.673202496021986e-05
toy5,neural_output_average,batched,batched,cpu,1024,5,1,1,0,2,toy5_gpu_core_neural_output_average_batched_1024_cpu_repeat01,3,neural_policy,output_average,hooked_step_total,0.2533413500059396
toy5,neural_output_average,batched,batched,cpu,1024,5,1,1,0,2,toy5_gpu_core_neural_output_average_batched_1024_cpu_repeat01,3,neural_policy,output_average,aggregate_row,0.028463650960475206
toy5,neural_output_average,batched,batched,cpu,1024,5,1,1,0,2,toy5_gpu_core_neural_output_average_batched_1024_cpu_repeat01,3,neural_policy,output_average,write_aggregate,0.00034275499638170004
toy5,neural_output_average,batched,batched,cpu,1024,5,1,1,0,2,toy5_gpu_core_neural_output_average_batched_1024_cpu_repeat01,4,neural_policy,output_average,sample_revision_mask,0.00015710503794252872
toy5,neural_output_average,batched,batched,cpu,1024,5,1,1,0,2,toy5_gpu_core_neural_output_average_batched_1024_cpu_repeat01,4,neural_policy,output_average,build_step_context,0.00349752907641232
toy5,neural_output_average,batched,batched,cpu,1024,5,1,1,0,2,toy5_gpu_core_neural_output_average_batched_1024_cpu_repeat01,4,neural_policy,output_average,build_observations,0.004569991026073694
toy5,neural_output_average,batched,batched,cpu,1024,5,1,1,0,2,toy5_gpu_core_neural_output_average_batched_1024_cpu_repeat01,4,neural_policy,output_average,policy_readout,0.01406688499264419
toy5,neural_output_average,batched,batched,cpu,1024,5,1,1,0,2,toy5_gpu_core_neural_output_average_batched_1024_cpu_repeat01,4,neural_policy,output_average,decision_selection,0.004260629997588694
toy5,neural_output_average,batched,batched,cpu,1024,5,1,1,0,2,toy5_gpu_core_neural_output_average_batched_1024_cpu_repeat01,4,neural_policy,output_average,local_trainable_parameters,0.00484054593835026
toy5,neural_output_average,batched,batched,cpu,1024,5,1,1,0,2,toy5_gpu_core_neural_output_average_batched_1024_cpu_repeat01,4,neural_policy,output_average,local_loss_forward,0.009343766956590116
toy5,neural_output_average,batched,batched,cpu,1024,5,1,1,0,2,toy5_gpu_core_neural_output_average_batched_1024_cpu_repeat01,4,neural_policy,output_average,local_autograd_grad,0.006330859032459557
toy5,neural_output_average,batched,batched,cpu,1024,5,1,1,0,2,toy5_gpu_core_neural_output_average_batched_1024_cpu_repeat01,4,neural_policy,output_average,local_adam_update,0.17375423398334533
toy5,neural_output_average,batched,batched,cpu,1024,5,1,1,0,2,toy5_gpu_core_neural_output_average_batched_1024_cpu_repeat01,4,neural_policy,output_average,local_optimizer_update,0.18509230203926563
toy5,neural_output_average,batched,batched,cpu,1024,5,1,1,0,2,toy5_gpu_core_neural_output_average_batched_1024_cpu_repeat01,4,neural_policy,output_average,local_loss_update,0.19713844498619437
toy5,neural_output_average,batched,batched,cpu,1024,5,1,1,0,2,toy5_gpu_core_neural_output_average_batched_1024_cpu_repeat01,4,neural_policy,output_average,local_training,0.2024053590139374
toy5,neural_output_average,batched,batched,cpu,1024,5,1,1,0,2,toy5_gpu_core_neural_output_average_batched_1024_cpu_repeat01,4,neural_policy,output_average,cache_refresh,0.00020851497538387775
toy5,neural_output_average,batched,batched,cpu,1024,5,1,1,0,2,toy5_gpu_core_neural_output_average_batched_1024_cpu_repeat01,4,neural_policy,output_average,post_local_readout,0.013131279032677412
toy5,neural_output_average,batched,batched,cpu,1024,5,1,1,0,2,toy5_gpu_core_neural_output_average_batched_1024_cpu_repeat01,4,neural_policy,output_average,local_step,0.24364802497439086
toy5,neural_output_average,batched,batched,cpu,1024,5,1,1,0,2,toy5_gpu_core_neural_output_average_batched_1024_cpu_repeat01,4,neural_policy,output_average,select_peers,0.0006124189822003245
toy5,neural_output_average,batched,batched,cpu,1024,5,1,1,0,2,toy5_gpu_core_neural_output_average_batched_1024_cpu_repeat01,4,neural_policy,output_average,social_trainable_parameters,0.005774579010903835
toy5,neural_output_average,batched,batched,cpu,1024,5,1,1,0,2,toy5_gpu_core_neural_output_average_batched_1024_cpu_repeat01,4,neural_policy,output_average,social_mix,0.009275204036384821
toy5,neural_output_average,batched,batched,cpu,1024,5,1,1,0,2,toy5_gpu_core_neural_output_average_batched_1024_cpu_repeat01,4,neural_policy,output_average,social_loss_forward,0.005061144009232521
toy5,neural_output_average,batched,batched,cpu,1024,5,1,1,0,2,toy5_gpu_core_neural_output_average_batched_1024_cpu_repeat01,4,neural_policy,output_average,social_autograd_grad,0.006833313964307308
toy5,neural_output_average,batched,batched,cpu,1024,5,1,1,0,2,toy5_gpu_core_neural_output_average_batched_1024_cpu_repeat01,4,neural_policy,output_average,social_adam_update,0.38637356692925096
toy5,neural_output_average,batched,batched,cpu,1024,5,1,1,0,2,toy5_gpu_core_neural_output_average_batched_1024_cpu_repeat01,4,neural_policy,output_average,social_optimizer_update,0.3972966290311888
toy5,neural_output_average,batched,batched,cpu,1024,5,1,1,0,2,toy5_gpu_core_neural_output_average_batched_1024_cpu_repeat01,4,neural_policy,output_average,social_loss_update,0.41227748803794384
toy5,neural_output_average,batched,batched,cpu,1024,5,1,1,0,2,toy5_gpu_core_neural_output_average_batched_1024_cpu_repeat01,4,neural_policy,output_average,social_distillation,0.42338464804925025
toy5,neural_output_average,batched,batched,cpu,1024,5,1,1,0,2,toy5_gpu_core_neural_output_average_batched_1024_cpu_repeat01,4,neural_policy,output_average,social_step,0.4235178359085694
toy5,neural_output_average,batched,batched,cpu,1024,5,1,1,0,2,toy5_gpu_core_neural_output_average_batched_1024_cpu_repeat01,4,neural_policy,output_average,sample_actions,3.3259857445955276e-06
toy5,neural_output_average,batched,batched,cpu,1024,5,1,1,0,2,toy5_gpu_core_neural_output_average_batched_1024_cpu_repeat01,4,neural_policy,output_average,commit_actions,0.0001458829501643777
toy5,neural_output_average,batched,batched,cpu,1024,5,1,1,0,2,toy5_gpu_core_neural_output_average_batched_1024_cpu_repeat01,4,neural_policy,output_average,post_step_state_policy,8.570600766688585e-05
toy5,neural_output_average,batched,batched,cpu,1024,5,1,1,0,2,toy5_gpu_core_neural_output_average_batched_1024_cpu_repeat01,4,neural_policy,output_average,update_reputation_ema,9.771005716174841e-05
toy5,neural_output_average,batched,batched,cpu,1024,5,1,1,0,2,toy5_gpu_core_neural_output_average_batched_1024_cpu_repeat01,4,neural_policy,output_average,finalize_hook_step,2.002902328968048e-05
toy5,neural_output_average,batched,batched,cpu,1024,5,1,1,0,2,toy5_gpu_core_neural_output_average_batched_1024_cpu_repeat01,4,neural_policy,output_average,hooked_step_total,0.6830363069893792
toy5,neural_output_average,batched,batched,cpu,1024,5,1,1,0,2,toy5_gpu_core_neural_output_average_batched_1024_cpu_repeat01,4,neural_policy,output_average,aggregate_row,0.022172117023728788
toy5,neural_output_average,batched,batched,cpu,1024,5,1,1,0,2,toy5_gpu_core_neural_output_average_batched_1024_cpu_repeat01,4,neural_policy,output_average,write_aggregate,0.00014033308252692223
toy5,neural_output_average,batched,batched,cpu,1024,5,1,1,0,2,toy5_gpu_core_neural_output_average_batched_1024_cpu_repeat01,5,neural_policy,output_average,sample_revision_mask,5.794200114905834e-05
toy5,neural_output_average,batched,batched,cpu,1024,5,1,1,0,2,toy5_gpu_core_neural_output_average_batched_1024_cpu_repeat01,5,neural_policy,output_average,build_step_context,0.0028301840648055077
toy5,neural_output_average,batched,batched,cpu,1024,5,1,1,0,2,toy5_gpu_core_neural_output_average_batched_1024_cpu_repeat01,5,neural_policy,output_average,build_observations,0.00438992097042501
toy5,neural_output_average,batched,batched,cpu,1024,5,1,1,0,2,toy5_gpu_core_neural_output_average_batched_1024_cpu_repeat01,5,neural_policy,output_average,policy_readout,0.0023771639680489898
toy5,neural_output_average,batched,batched,cpu,1024,5,1,1,0,2,toy5_gpu_core_neural_output_average_batched_1024_cpu_repeat01,5,neural_policy,output_average,decision_selection,0.0006874549435451627
toy5,neural_output_average,batched,batched,cpu,1024,5,1,1,0,2,toy5_gpu_core_neural_output_average_batched_1024_cpu_repeat01,5,neural_policy,output_average,local_trainable_parameters,0.0005954559892416
toy5,neural_output_average,batched,batched,cpu,1024,5,1,1,0,2,toy5_gpu_core_neural_output_average_batched_1024_cpu_repeat01,5,neural_policy,output_average,local_loss_forward,0.0018314250046387315
toy5,neural_output_average,batched,batched,cpu,1024,5,1,1,0,2,toy5_gpu_core_neural_output_average_batched_1024_cpu_repeat01,5,neural_policy,output_average,local_autograd_grad,0.0023803309304639697
toy5,neural_output_average,batched,batched,cpu,1024,5,1,1,0,2,toy5_gpu_core_neural_output_average_batched_1024_cpu_repeat01,5,neural_policy,output_average,local_adam_update,0.13256692397408187
toy5,neural_output_average,batched,batched,cpu,1024,5,1,1,0,2,toy5_gpu_core_neural_output_average_batched_1024_cpu_repeat01,5,neural_policy,output_average,local_optimizer_update,0.13936006999574602
toy5,neural_output_average,batched,batched,cpu,1024,5,1,1,0,2,toy5_gpu_core_neural_output_average_batched_1024_cpu_repeat01,5,neural_policy,output_average,local_loss_update,0.1428451540414244
toy5,neural_output_average,batched,batched,cpu,1024,5,1,1,0,2,toy5_gpu_core_neural_output_average_batched_1024_cpu_repeat01,5,neural_policy,output_average,local_training,0.1436864770948887
toy5,neural_output_average,batched,batched,cpu,1024,5,1,1,0,2,toy5_gpu_core_neural_output_average_batched_1024_cpu_repeat01,5,neural_policy,output_average,cache_refresh,0.00014312798157334328
toy5,neural_output_average,batched,batched,cpu,1024,5,1,1,0,2,toy5_gpu_core_neural_output_average_batched_1024_cpu_repeat01,5,neural_policy,output_average,post_local_readout,0.0179941370151937
toy5,neural_output_average,batched,batched,cpu,1024,5,1,1,0,2,toy5_gpu_core_neural_output_average_batched_1024_cpu_repeat01,5,neural_policy,output_average,local_step,0.17282599804457277
toy5,neural_output_average,batched,batched,cpu,1024,5,1,1,0,2,toy5_gpu_core_neural_output_average_batched_1024_cpu_repeat01,5,neural_policy,output_average,select_peers,0.001107099000364542
toy5,neural_output_average,batched,batched,cpu,1024,5,1,1,0,2,toy5_gpu_core_neural_output_average_batched_1024_cpu_repeat01,5,neural_policy,output_average,social_trainable_parameters,0.007695537060499191
toy5,neural_output_average,batched,batched,cpu,1024,5,1,1,0,2,toy5_gpu_core_neural_output_average_batched_1024_cpu_repeat01,5,neural_policy,output_average,social_mix,0.009776456048712134
toy5,neural_output_average,batched,batched,cpu,1024,5,1,1,0,2,toy5_gpu_core_neural_output_average_batched_1024_cpu_repeat01,5,neural_policy,output_average,social_loss_forward,0.010005440912209451
toy5,neural_output_average,batched,batched,cpu,1024,5,1,1,0,2,toy5_gpu_core_neural_output_average_batched_1024_cpu_repeat01,5,neural_policy,output_average,social_autograd_grad,0.009909885935485363
toy5,neural_output_average,batched,batched,cpu,1024,5,1,1,0,2,toy5_gpu_core_neural_output_average_batched_1024_cpu_repeat01,5,neural_policy,output_average,social_adam_update,0.15068355901166797
toy5,neural_output_average,batched,batched,cpu,1024,5,1,1,0,2,toy5_gpu_core_neural_output_average_batched_1024_cpu_repeat01,5,neural_policy,output_average,social_optimizer_update,0.1633783100405708
toy5,neural_output_average,batched,batched,cpu,1024,5,1,1,0,2,toy5_gpu_core_neural_output_average_batched_1024_cpu_repeat01,5,neural_policy,output_average,social_loss_update,0.18367116898298264
toy5,neural_output_average,batched,batched,cpu,1024,5,1,1,0,2,toy5_gpu_core_neural_output_average_batched_1024_cpu_repeat01,5,neural_policy,output_average,social_distillation,0.19606270105578005
toy5,neural_output_average,batched,batched,cpu,1024,5,1,1,0,2,toy5_gpu_core_neural_output_average_batched_1024_cpu_repeat01,5,neural_policy,output_average,social_step,0.19626623496878892
toy5,neural_output_average,batched,batched,cpu,1024,5,1,1,0,2,toy5_gpu_core_neural_output_average_batched_1024_cpu_repeat01,5,neural_policy,output_average,sample_actions,2.5350600481033325e-06
toy5,neural_output_average,batched,batched,cpu,1024,5,1,1,0,2,toy5_gpu_core_neural_output_average_batched_1024_cpu_repeat01,5,neural_policy,output_average,commit_actions,0.00018327496945858002
toy5,neural_output_average,batched,batched,cpu,1024,5,1,1,0,2,toy5_gpu_core_neural_output_average_batched_1024_cpu_repeat01,5,neural_policy,output_average,post_step_state_policy,0.00010911107528954744
toy5,neural_output_average,batched,batched,cpu,1024,5,1,1,0,2,toy5_gpu_core_neural_output_average_batched_1024_cpu_repeat01,5,neural_policy,output_average,update_reputation_ema,9.354203939437866e-05
toy5,neural_output_average,batched,batched,cpu,1024,5,1,1,0,2,toy5_gpu_core_neural_output_average_batched_1024_cpu_repeat01,5,neural_policy,output_average,finalize_hook_step,1.1201947927474976e-05
toy5,neural_output_average,batched,batched,cpu,1024,5,1,1,0,2,toy5_gpu_core_neural_output_average_batched_1024_cpu_repeat01,5,neural_policy,output_average,hooked_step_total,0.3852202189154923
toy5,neural_output_average,batched,batched,cpu,1024,5,1,1,0,2,toy5_gpu_core_neural_output_average_batched_1024_cpu_repeat01,5,neural_policy,output_average,aggregate_row,0.017077257041819394
toy5,neural_output_average,batched,batched,cpu,1024,5,1,1,0,2,toy5_gpu_core_neural_output_average_batched_1024_cpu_repeat01,5,neural_policy,output_average,write_aggregate,0.0001265959581360221
toy5,neural_output_average,batched,batched,cuda,1024,5,1,0,0,2,toy5_gpu_core_neural_output_average_batched_1024_cuda_repeat00,0,neural_policy,output_average,make_run_dir,0.0008922719862312078
toy5,neural_output_average,batched,batched,cuda,1024,5,1,0,0,2,toy5_gpu_core_neural_output_average_batched_1024_cuda_repeat00,0,neural_policy,output_average,write_metadata,0.005318633979186416
toy5,neural_output_average,batched,batched,cuda,1024,5,1,0,0,2,toy5_gpu_core_neural_output_average_batched_1024_cuda_repeat00,0,neural_policy,output_average,initial_state,2.768736056983471
toy5,neural_output_average,batched,batched,cuda,1024,5,1,0,0,2,toy5_gpu_core_neural_output_average_batched_1024_cuda_repeat00,0,neural_policy,output_average,writer_setup,0.0026475079357624054
toy5,neural_output_average,batched,batched,cuda,1024,5,1,0,0,2,toy5_gpu_core_neural_output_average_batched_1024_cuda_repeat00,0,neural_policy,output_average,initial_step_result,0.008322571986354887
toy5,neural_output_average,batched,batched,cuda,1024,5,1,0,0,2,toy5_gpu_core_neural_output_average_batched_1024_cuda_repeat00,0,neural_policy,output_average,initial_aggregate_row,0.016893155057914555
toy5,neural_output_average,batched,batched,cuda,1024,5,1,0,0,2,toy5_gpu_core_neural_output_average_batched_1024_cuda_repeat00,0,neural_policy,output_average,write_initial_aggregate,0.0001999980304390192
toy5,neural_output_average,batched,batched,cuda,1024,5,1,0,0,2,toy5_gpu_core_neural_output_average_batched_1024_cuda_repeat00,1,neural_policy,output_average,sample_revision_mask,6.877398118376732e-05
toy5,neural_output_average,batched,batched,cuda,1024,5,1,0,0,2,toy5_gpu_core_neural_output_average_batched_1024_cuda_repeat00,1,neural_policy,output_average,build_step_context,0.0035082089016214013
toy5,neural_output_average,batched,batched,cuda,1024,5,1,0,0,2,toy5_gpu_core_neural_output_average_batched_1024_cuda_repeat00,1,neural_policy,output_average,build_observations,0.005223446991294622
toy5,neural_output_average,batched,batched,cuda,1024,5,1,0,0,2,toy5_gpu_core_neural_output_average_batched_1024_cuda_repeat00,1,neural_policy,output_average,policy_readout,0.0030632050475105643
toy5,neural_output_average,batched,batched,cuda,1024,5,1,0,0,2,toy5_gpu_core_neural_output_average_batched_1024_cuda_repeat00,1,neural_policy,output_average,decision_selection,0.001525469939224422
toy5,neural_output_average,batched,batched,cuda,1024,5,1,0,0,2,toy5_gpu_core_neural_output_average_batched_1024_cuda_repeat00,1,neural_policy,output_average,local_trainable_parameters,0.0002205180935561657
toy5,neural_output_average,batched,batched,cuda,1024,5,1,0,0,2,toy5_gpu_core_neural_output_average_batched_1024_cuda_repeat00,1,neural_policy,output_average,local_loss_forward,0.017027765978127718
toy5,neural_output_average,batched,batched,cuda,1024,5,1,0,0,2,toy5_gpu_core_neural_output_average_batched_1024_cuda_repeat00,1,neural_policy,output_average,local_autograd_grad,0.012688233982771635
toy5,neural_output_average,batched,batched,cuda,1024,5,1,0,0,2,toy5_gpu_core_neural_output_average_batched_1024_cuda_repeat00,1,neural_policy,output_average,local_adam_update,0.09364366298541427
toy5,neural_output_average,batched,batched,cuda,1024,5,1,0,0,2,toy5_gpu_core_neural_output_average_batched_1024_cuda_repeat00,1,neural_policy,output_average,local_optimizer_update,0.1111850350862369
toy5,neural_output_average,batched,batched,cuda,1024,5,1,0,0,2,toy5_gpu_core_neural_output_average_batched_1024_cuda_repeat00,1,neural_policy,output_average,local_loss_update,0.6425260310061276
toy5,neural_output_average,batched,batched,cuda,1024,5,1,0,0,2,toy5_gpu_core_neural_output_average_batched_1024_cuda_repeat00,1,neural_policy,output_average,local_training,0.6430369130102918
toy5,neural_output_average,batched,batched,cuda,1024,5,1,0,0,2,toy5_gpu_core_neural_output_average_batched_1024_cuda_repeat00,1,neural_policy,output_average,cache_refresh,0.00022318295668810606
toy5,neural_output_average,batched,batched,cuda,1024,5,1,0,0,2,toy5_gpu_core_neural_output_average_batched_1024_cuda_repeat00,1,neural_policy,output_average,post_local_readout,0.010315648978576064
toy5,neural_output_average,batched,batched,cuda,1024,5,1,0,0,2,toy5_gpu_core_neural_output_average_batched_1024_cuda_repeat00,1,neural_policy,output_average,local_step,0.6692294260719791
toy5,neural_output_average,batched,batched,cuda,1024,5,1,0,0,2,toy5_gpu_core_neural_output_average_batched_1024_cuda_repeat00,1,neural_policy,output_average,select_peers,0.001755196019075811
toy5,neural_output_average,batched,batched,cuda,1024,5,1,0,0,2,toy5_gpu_core_neural_output_average_batched_1024_cuda_repeat00,1,neural_policy,output_average,social_trainable_parameters,0.0007530719740316272
toy5,neural_output_average,batched,batched,cuda,1024,5,1,0,0,2,toy5_gpu_core_neural_output_average_batched_1024_cuda_repeat00,1,neural_policy,output_average,social_mix,1.0801675060065463
toy5,neural_output_average,batched,batched,cuda,1024,5,1,0,0,2,toy5_gpu_core_neural_output_average_batched_1024_cuda_repeat00,1,neural_policy,output_average,social_loss_forward,0.002749967039562762
toy5,neural_output_average,batched,batched,cuda,1024,5,1,0,0,2,toy5_gpu_core_neural_output_average_batched_1024_cuda_repeat00,1,neural_policy,output_average,social_autograd_grad,0.003961366950534284
toy5,neural_output_average,batched,batched,cuda,1024,5,1,0,0,2,toy5_gpu_core_neural_output_average_batched_1024_cuda_repeat00,1,neural_policy,output_average,social_adam_update,0.3057525659678504
toy5,neural_output_average,batched,batched,cuda,1024,5,1,0,0,2,toy5_gpu_core_neural_output_average_batched_1024_cuda_repeat00,1,neural_policy,output_average,social_optimizer_update,0.3135836119763553
toy5,neural_output_average,batched,batched,cuda,1024,5,1,0,0,2,toy5_gpu_core_neural_output_average_batched_1024_cuda_repeat00,1,neural_policy,output_average,social_loss_update,1.3980927630327642
toy5,neural_output_average,batched,batched,cuda,1024,5,1,0,0,2,toy5_gpu_core_neural_output_average_batched_1024_cuda_repeat00,1,neural_policy,output_average,social_distillation,1.413174471934326
toy5,neural_output_average,batched,batched,cuda,1024,5,1,0,0,2,toy5_gpu_core_neural_output_average_batched_1024_cuda_repeat00,1,neural_policy,output_average,social_step,1.4135410729795694
toy5,neural_output_average,batched,batched,cuda,1024,5,1,0,0,2,toy5_gpu_core_neural_output_average_batched_1024_cuda_repeat00,1,neural_policy,output_average,sample_actions,3.8624973967671394e-05
toy5,neural_output_average,batched,batched,cuda,1024,5,1,0,0,2,toy5_gpu_core_neural_output_average_batched_1024_cuda_repeat00,1,neural_policy,output_average,commit_actions,0.0006752900080755353
toy5,neural_output_average,batched,batched,cuda,1024,5,1,0,0,2,toy5_gpu_core_neural_output_average_batched_1024_cuda_repeat00,1,neural_policy,output_average,post_step_state_policy,0.00026239000726491213
toy5,neural_output_average,batched,batched,cuda,1024,5,1,0,0,2,toy5_gpu_core_neural_output_average_batched_1024_cuda_repeat00,1,neural_policy,output_average,update_reputation_ema,0.00038011802826076746
toy5,neural_output_average,batched,batched,cuda,1024,5,1,0,0,2,toy5_gpu_core_neural_output_average_batched_1024_cuda_repeat00,1,neural_policy,output_average,finalize_hook_step,3.1330971978604794e-05
toy5,neural_output_average,batched,batched,cuda,1024,5,1,0,0,2,toy5_gpu_core_neural_output_average_batched_1024_cuda_repeat00,1,neural_policy,output_average,hooked_step_total,2.1084265579702333
toy5,neural_output_average,batched,batched,cuda,1024,5,1,0,0,2,toy5_gpu_core_neural_output_average_batched_1024_cuda_repeat00,1,neural_policy,output_average,aggregate_row,0.039641628973186016
toy5,neural_output_average,batched,batched,cuda,1024,5,1,0,0,2,toy5_gpu_core_neural_output_average_batched_1024_cuda_repeat00,1,neural_policy,output_average,write_aggregate,0.00032943906262516975
toy5,neural_output_average,batched,batched,cuda,1024,5,1,0,0,2,toy5_gpu_core_neural_output_average_batched_1024_cuda_repeat00,2,neural_policy,output_average,sample_revision_mask,0.00018445798195898533
toy5,neural_output_average,batched,batched,cuda,1024,5,1,0,0,2,toy5_gpu_core_neural_output_average_batched_1024_cuda_repeat00,2,neural_policy,output_average,build_step_context,0.003536332049407065
toy5,neural_output_average,batched,batched,cuda,1024,5,1,0,0,2,toy5_gpu_core_neural_output_average_batched_1024_cuda_repeat00,2,neural_policy,output_average,build_observations,0.00542691198643297
toy5,neural_output_average,batched,batched,cuda,1024,5,1,0,0,2,toy5_gpu_core_neural_output_average_batched_1024_cuda_repeat00,2,neural_policy,output_average,policy_readout,0.005812378949485719
toy5,neural_output_average,batched,batched,cuda,1024,5,1,0,0,2,toy5_gpu_core_neural_output_average_batched_1024_cuda_repeat00,2,neural_policy,output_average,decision_selection,0.0020111730555072427
toy5,neural_output_average,batched,batched,cuda,1024,5,1,0,0,2,toy5_gpu_core_neural_output_average_batched_1024_cuda_repeat00,2,neural_policy,output_average,local_trainable_parameters,0.000488588004373014
toy5,neural_output_average,batched,batched,cuda,1024,5,1,0,0,2,toy5_gpu_core_neural_output_average_batched_1024_cuda_repeat00,2,neural_policy,output_average,local_loss_forward,0.004185762954875827
toy5,neural_output_average,batched,batched,cuda,1024,5,1,0,0,2,toy5_gpu_core_neural_output_average_batched_1024_cuda_repeat00,2,neural_policy,output_average,local_autograd_grad,0.0057413720060139894
toy5,neural_output_average,batched,batched,cuda,1024,5,1,0,0,2,toy5_gpu_core_neural_output_average_batched_1024_cuda_repeat00,2,neural_policy,output_average,local_adam_update,0.11103889998048544
toy5,neural_output_average,batched,batched,cuda,1024,5,1,0,0,2,toy5_gpu_core_neural_output_average_batched_1024_cuda_repeat00,2,neural_policy,output_average,local_optimizer_update,0.12057767098303884
toy5,neural_output_average,batched,batched,cuda,1024,5,1,0,0,2,toy5_gpu_core_neural_output_average_batched_1024_cuda_repeat00,2,neural_policy,output_average,local_loss_update,0.12678974610753357
toy5,neural_output_average,batched,batched,cuda,1024,5,1,0,0,2,toy5_gpu_core_neural_output_average_batched_1024_cuda_repeat00,2,neural_policy,output_average,local_training,0.12784689804539084
toy5,neural_output_average,batched,batched,cuda,1024,5,1,0,0,2,toy5_gpu_core_neural_output_average_batched_1024_cuda_repeat00,2,neural_policy,output_average,cache_refresh,0.0002276219893246889
toy5,neural_output_average,batched,batched,cuda,1024,5,1,0,0,2,toy5_gpu_core_neural_output_average_batched_1024_cuda_repeat00,2,neural_policy,output_average,post_local_readout,0.010670937946997583
toy5,neural_output_average,batched,batched,cuda,1024,5,1,0,0,2,toy5_gpu_core_neural_output_average_batched_1024_cuda_repeat00,2,neural_policy,output_average,local_step,0.15882613498251885
toy5,neural_output_average,batched,batched,cuda,1024,5,1,0,0,2,toy5_gpu_core_neural_output_average_batched_1024_cuda_repeat00,2,neural_policy,output_average,select_peers,0.0011688480153679848
toy5,neural_output_average,batched,batched,cuda,1024,5,1,0,0,2,toy5_gpu_core_neural_output_average_batched_1024_cuda_repeat00,2,neural_policy,output_average,social_trainable_parameters,0.0006793279899284244
toy5,neural_output_average,batched,batched,cuda,1024,5,1,0,0,2,toy5_gpu_core_neural_output_average_batched_1024_cuda_repeat00,2,neural_policy,output_average,social_mix,0.009289906942285597
toy5,neural_output_average,batched,batched,cuda,1024,5,1,0,0,2,toy5_gpu_core_neural_output_average_batched_1024_cuda_repeat00,2,neural_policy,output_average,social_loss_forward,0.0031866140197962523
toy5,neural_output_average,batched,batched,cuda,1024,5,1,0,0,2,toy5_gpu_core_neural_output_average_batched_1024_cuda_repeat00,2,neural_policy,output_average,social_autograd_grad,0.00573661201633513
toy5,neural_output_average,batched,batched,cuda,1024,5,1,0,0,2,toy5_gpu_core_neural_output_average_batched_1024_cuda_repeat00,2,neural_policy,output_average,social_adam_update,0.3025435629533604
toy5,neural_output_average,batched,batched,cuda,1024,5,1,0,0,2,toy5_gpu_core_neural_output_average_batched_1024_cuda_repeat00,2,neural_policy,output_average,social_optimizer_update,0.31197196897119284
toy5,neural_output_average,batched,batched,cuda,1024,5,1,0,0,2,toy5_gpu_core_neural_output_average_batched_1024_cuda_repeat00,2,neural_policy,output_average,social_loss_update,0.3258021770743653
toy5,neural_output_average,batched,batched,cuda,1024,5,1,0,0,2,toy5_gpu_core_neural_output_average_batched_1024_cuda_repeat00,2,neural_policy,output_average,social_distillation,0.3372359740315005
toy5,neural_output_average,batched,batched,cuda,1024,5,1,0,0,2,toy5_gpu_core_neural_output_average_batched_1024_cuda_repeat00,2,neural_policy,output_average,social_step,0.33743433898780495
toy5,neural_output_average,batched,batched,cuda,1024,5,1,0,0,2,toy5_gpu_core_neural_output_average_batched_1024_cuda_repeat00,2,neural_policy,output_average,sample_actions,2.4297041818499565e-05
toy5,neural_output_average,batched,batched,cuda,1024,5,1,0,0,2,toy5_gpu_core_neural_output_average_batched_1024_cuda_repeat00,2,neural_policy,output_average,commit_actions,0.0003207020927220583
toy5,neural_output_average,batched,batched,cuda,1024,5,1,0,0,2,toy5_gpu_core_neural_output_average_batched_1024_cuda_repeat00,2,neural_policy,output_average,post_step_state_policy,0.00022570800501853228
toy5,neural_output_average,batched,batched,cuda,1024,5,1,0,0,2,toy5_gpu_core_neural_output_average_batched_1024_cuda_repeat00,2,neural_policy,output_average,update_reputation_ema,0.00029842893127352
toy5,neural_output_average,batched,batched,cuda,1024,5,1,0,0,2,toy5_gpu_core_neural_output_average_batched_1024_cuda_repeat00,2,neural_policy,output_average,finalize_hook_step,3.7863035686314106e-05
toy5,neural_output_average,batched,batched,cuda,1024,5,1,0,0,2,toy5_gpu_core_neural_output_average_batched_1024_cuda_repeat00,2,neural_policy,output_average,hooked_step_total,0.5149142929585651
toy5,neural_output_average,batched,batched,cuda,1024,5,1,0,0,2,toy5_gpu_core_neural_output_average_batched_1024_cuda_repeat00,2,neural_policy,output_average,aggregate_row,0.02867899206466973
toy5,neural_output_average,batched,batched,cuda,1024,5,1,0,0,2,toy5_gpu_core_neural_output_average_batched_1024_cuda_repeat00,2,neural_policy,output_average,write_aggregate,0.0004266879986971617
toy5,neural_output_average,batched,batched,cuda,1024,5,1,0,0,2,toy5_gpu_core_neural_output_average_batched_1024_cuda_repeat00,3,neural_policy,output_average,sample_revision_mask,0.00013044301886111498
toy5,neural_output_average,batched,batched,cuda,1024,5,1,0,0,2,toy5_gpu_core_neural_output_average_batched_1024_cuda_repeat00,3,neural_policy,output_average,build_step_context,0.003287479979917407
toy5,neural_output_average,batched,batched,cuda,1024,5,1,0,0,2,toy5_gpu_core_neural_output_average_batched_1024_cuda_repeat00,3,neural_policy,output_average,build_observations,0.005287008942104876
toy5,neural_output_average,batched,batched,cuda,1024,5,1,0,0,2,toy5_gpu_core_neural_output_average_batched_1024_cuda_repeat00,3,neural_policy,output_average,policy_readout,0.006461587967351079
toy5,neural_output_average,batched,batched,cuda,1024,5,1,0,0,2,toy5_gpu_core_neural_output_average_batched_1024_cuda_repeat00,3,neural_policy,output_average,decision_selection,0.002715640002861619
toy5,neural_output_average,batched,batched,cuda,1024,5,1,0,0,2,toy5_gpu_core_neural_output_average_batched_1024_cuda_repeat00,3,neural_policy,output_average,local_trainable_parameters,0.0005232749972492456
toy5,neural_output_average,batched,batched,cuda,1024,5,1,0,0,2,toy5_gpu_core_neural_output_average_batched_1024_cuda_repeat00,3,neural_policy,output_average,local_loss_forward,0.005244345986284316
toy5,neural_output_average,batched,batched,cuda,1024,5,1,0,0,2,toy5_gpu_core_neural_output_average_batched_1024_cuda_repeat00,3,neural_policy,output_average,local_autograd_grad,0.009429348050616682
toy5,neural_output_average,batched,batched,cuda,1024,5,1,0,0,2,toy5_gpu_core_neural_output_average_batched_1024_cuda_repeat00,3,neural_policy,output_average,local_adam_update,0.12167799996677786
toy5,neural_output_average,batched,batched,cuda,1024,5,1,0,0,2,toy5_gpu_core_neural_output_average_batched_1024_cuda_repeat00,3,neural_policy,output_average,local_optimizer_update,0.13523841300047934
toy5,neural_output_average,batched,batched,cuda,1024,5,1,0,0,2,toy5_gpu_core_neural_output_average_batched_1024_cuda_repeat00,3,neural_policy,output_average,local_loss_update,0.14220597397070378
toy5,neural_output_average,batched,batched,cuda,1024,5,1,0,0,2,toy5_gpu_core_neural_output_average_batched_1024_cuda_repeat00,3,neural_policy,output_average,local_training,0.1431449259398505
toy5,neural_output_average,batched,batched,cuda,1024,5,1,0,0,2,toy5_gpu_core_neural_output_average_batched_1024_cuda_repeat00,3,neural_policy,output_average,cache_refresh,0.0002800929360091686
toy5,neural_output_average,batched,batched,cuda,1024,5,1,0,0,2,toy5_gpu_core_neural_output_average_batched_1024_cuda_repeat00,3,neural_policy,output_average,post_local_readout,0.009350944892503321
toy5,neural_output_average,batched,batched,cuda,1024,5,1,0,0,2,toy5_gpu_core_neural_output_average_batched_1024_cuda_repeat00,3,neural_policy,output_average,local_step,0.17426881310530007
toy5,neural_output_average,batched,batched,cuda,1024,5,1,0,0,2,toy5_gpu_core_neural_output_average_batched_1024_cuda_repeat00,3,neural_policy,output_average,select_peers,0.0016039529582485557
toy5,neural_output_average,batched,batched,cuda,1024,5,1,0,0,2,toy5_gpu_core_neural_output_average_batched_1024_cuda_repeat00,3,neural_policy,output_average,social_trainable_parameters,0.0004378689918667078
toy5,neural_output_average,batched,batched,cuda,1024,5,1,0,0,2,toy5_gpu_core_neural_output_average_batched_1024_cuda_repeat00,3,neural_policy,output_average,social_mix,0.008914098027162254
toy5,neural_output_average,batched,batched,cuda,1024,5,1,0,0,2,toy5_gpu_core_neural_output_average_batched_1024_cuda_repeat00,3,neural_policy,output_average,social_loss_forward,0.002961135935038328
toy5,neural_output_average,batched,batched,cuda,1024,5,1,0,0,2,toy5_gpu_core_neural_output_average_batched_1024_cuda_repeat00,3,neural_policy,output_average,social_autograd_grad,0.007114605978131294
toy5,neural_output_average,batched,batched,cuda,1024,5,1,0,0,2,toy5_gpu_core_neural_output_average_batched_1024_cuda_repeat00,3,neural_policy,output_average,social_adam_update,0.3648570330115035
toy5,neural_output_average,batched,batched,cuda,1024,5,1,0,0,2,toy5_gpu_core_neural_output_average_batched_1024_cuda_repeat00,3,neural_policy,output_average,social_optimizer_update,0.378177912090905
toy5,neural_output_average,batched,batched,cuda,1024,5,1,0,0,2,toy5_gpu_core_neural_output_average_batched_1024_cuda_repeat00,3,neural_policy,output_average,social_loss_update,0.3917517530499026
toy5,neural_output_average,batched,batched,cuda,1024,5,1,0,0,2,toy5_gpu_core_neural_output_average_batched_1024_cuda_repeat00,3,neural_policy,output_average,social_distillation,0.41370382998138666
toy5,neural_output_average,batched,batched,cuda,1024,5,1,0,0,2,toy5_gpu_core_neural_output_average_batched_1024_cuda_repeat00,3,neural_policy,output_average,social_step,0.41404620406683534
toy5,neural_output_average,batched,batched,cuda,1024,5,1,0,0,2,toy5_gpu_core_neural_output_average_batched_1024_cuda_repeat00,3,neural_policy,output_average,sample_actions,3.533810377120972e-05
toy5,neural_output_average,batched,batched,cuda,1024,5,1,0,0,2,toy5_gpu_core_neural_output_average_batched_1024_cuda_repeat00,3,neural_policy,output_average,commit_actions,0.0006629859562963247
toy5,neural_output_average,batched,batched,cuda,1024,5,1,0,0,2,toy5_gpu_core_neural_output_average_batched_1024_cuda_repeat00,3,neural_policy,output_average,post_step_state_policy,0.0002865860005840659
toy5,neural_output_average,batched,batched,cuda,1024,5,1,0,0,2,toy5_gpu_core_neural_output_average_batched_1024_cuda_repeat00,3,neural_policy,output_average,update_reputation_ema,0.00040654907934367657
toy5,neural_output_average,batched,batched,cuda,1024,5,1,0,0,2,toy5_gpu_core_neural_output_average_batched_1024_cuda_repeat00,3,neural_policy,output_average,finalize_hook_step,6.955501157790422e-05
toy5,neural_output_average,batched,batched,cuda,1024,5,1,0,0,2,toy5_gpu_core_neural_output_average_batched_1024_cuda_repeat00,3,neural_policy,output_average,hooked_step_total,0.6116351400269195
toy5,neural_output_average,batched,batched,cuda,1024,5,1,0,0,2,toy5_gpu_core_neural_output_average_batched_1024_cuda_repeat00,3,neural_policy,output_average,aggregate_row,0.041083039017394185
toy5,neural_output_average,batched,batched,cuda,1024,5,1,0,0,2,toy5_gpu_core_neural_output_average_batched_1024_cuda_repeat00,3,neural_policy,output_average,write_aggregate,0.0005344869568943977
toy5,neural_output_average,batched,batched,cuda,1024,5,1,0,0,2,toy5_gpu_core_neural_output_average_batched_1024_cuda_repeat00,4,neural_policy,output_average,sample_revision_mask,0.00020036904606968164
toy5,neural_output_average,batched,batched,cuda,1024,5,1,0,0,2,toy5_gpu_core_neural_output_average_batched_1024_cuda_repeat00,4,neural_policy,output_average,build_step_context,0.003581759985536337
toy5,neural_output_average,batched,batched,cuda,1024,5,1,0,0,2,toy5_gpu_core_neural_output_average_batched_1024_cuda_repeat00,4,neural_policy,output_average,build_observations,0.0058482380118221045
toy5,neural_output_average,batched,batched,cuda,1024,5,1,0,0,2,toy5_gpu_core_neural_output_average_batched_1024_cuda_repeat00,4,neural_policy,output_average,policy_readout,0.007890852051787078
toy5,neural_output_average,batched,batched,cuda,1024,5,1,0,0,2,toy5_gpu_core_neural_output_average_batched_1024_cuda_repeat00,4,neural_policy,output_average,decision_selection,0.002851253026165068
toy5,neural_output_average,batched,batched,cuda,1024,5,1,0,0,2,toy5_gpu_core_neural_output_average_batched_1024_cuda_repeat00,4,neural_policy,output_average,local_trainable_parameters,0.0006643490632995963
toy5,neural_output_average,batched,batched,cuda,1024,5,1,0,0,2,toy5_gpu_core_neural_output_average_batched_1024_cuda_repeat00,4,neural_policy,output_average,local_loss_forward,0.0057223530020564795
toy5,neural_output_average,batched,batched,cuda,1024,5,1,0,0,2,toy5_gpu_core_neural_output_average_batched_1024_cuda_repeat00,4,neural_policy,output_average,local_autograd_grad,0.011233589029870927
toy5,neural_output_average,batched,batched,cuda,1024,5,1,0,0,2,toy5_gpu_core_neural_output_average_batched_1024_cuda_repeat00,4,neural_policy,output_average,local_adam_update,0.13117366493679583
toy5,neural_output_average,batched,batched,cuda,1024,5,1,0,0,2,toy5_gpu_core_neural_output_average_batched_1024_cuda_repeat00,4,neural_policy,output_average,local_optimizer_update,0.14928561099804938
toy5,neural_output_average,batched,batched,cuda,1024,5,1,0,0,2,toy5_gpu_core_neural_output_average_batched_1024_cuda_repeat00,4,neural_policy,output_average,local_loss_update,0.15642998297698796
toy5,neural_output_average,batched,batched,cuda,1024,5,1,0,0,2,toy5_gpu_core_neural_output_average_batched_1024_cuda_repeat00,4,neural_policy,output_average,local_training,0.15750922705046833
toy5,neural_output_average,batched,batched,cuda,1024,5,1,0,0,2,toy5_gpu_core_neural_output_average_batched_1024_cuda_repeat00,4,neural_policy,output_average,cache_refresh,0.00022938509937375784
toy5,neural_output_average,batched,batched,cuda,1024,5,1,0,0,2,toy5_gpu_core_neural_output_average_batched_1024_cuda_repeat00,4,neural_policy,output_average,post_local_readout,0.010248636943288147
toy5,neural_output_average,batched,batched,cuda,1024,5,1,0,0,2,toy5_gpu_core_neural_output_average_batched_1024_cuda_repeat00,4,neural_policy,output_average,local_step,0.1939206119859591
toy5,neural_output_average,batched,batched,cuda,1024,5,1,0,0,2,toy5_gpu_core_neural_output_average_batched_1024_cuda_repeat00,4,neural_policy,output_average,select_peers,0.0022092671133577824
toy5,neural_output_average,batched,batched,cuda,1024,5,1,0,0,2,toy5_gpu_core_neural_output_average_batched_1024_cuda_repeat00,4,neural_policy,output_average,social_trainable_parameters,0.0006286599673330784
toy5,neural_output_average,batched,batched,cuda,1024,5,1,0,0,2,toy5_gpu_core_neural_output_average_batched_1024_cuda_repeat00,4,neural_policy,output_average,social_mix,0.010836347937583923
toy5,neural_output_average,batched,batched,cuda,1024,5,1,0,0,2,toy5_gpu_core_neural_output_average_batched_1024_cuda_repeat00,4,neural_policy,output_average,social_loss_forward,0.004729988053441048
toy5,neural_output_average,batched,batched,cuda,1024,5,1,0,0,2,toy5_gpu_core_neural_output_average_batched_1024_cuda_repeat00,4,neural_policy,output_average,social_autograd_grad,0.008843238931149244
toy5,neural_output_average,batched,batched,cuda,1024,5,1,0,0,2,toy5_gpu_core_neural_output_average_batched_1024_cuda_repeat00,4,neural_policy,output_average,social_adam_update,0.408509569009766
toy5,neural_output_average,batched,batched,cuda,1024,5,1,0,0,2,toy5_gpu_core_neural_output_average_batched_1024_cuda_repeat00,4,neural_policy,output_average,social_optimizer_update,0.42395713506266475
toy5,neural_output_average,batched,batched,cuda,1024,5,1,0,0,2,toy5_gpu_core_neural_output_average_batched_1024_cuda_repeat00,4,neural_policy,output_average,social_loss_update,0.44121645495761186
toy5,neural_output_average,batched,batched,cuda,1024,5,1,0,0,2,toy5_gpu_core_neural_output_average_batched_1024_cuda_repeat00,4,neural_policy,output_average,social_distillation,0.45950547500979155
toy5,neural_output_average,batched,batched,cuda,1024,5,1,0,0,2,toy5_gpu_core_neural_output_average_batched_1024_cuda_repeat00,4,neural_policy,output_average,social_step,0.45997254096437246
toy5,neural_output_average,batched,batched,cuda,1024,5,1,0,0,2,toy5_gpu_core_neural_output_average_batched_1024_cuda_repeat00,4,neural_policy,output_average,sample_actions,5.679996684193611e-05
toy5,neural_output_average,batched,batched,cuda,1024,5,1,0,0,2,toy5_gpu_core_neural_output_average_batched_1024_cuda_repeat00,4,neural_policy,output_average,commit_actions,0.0006283100228756666
toy5,neural_output_average,batched,batched,cuda,1024,5,1,0,0,2,toy5_gpu_core_neural_output_average_batched_1024_cuda_repeat00,4,neural_policy,output_average,post_step_state_policy,0.0001745580229908228
toy5,neural_output_average,batched,batched,cuda,1024,5,1,0,0,2,toy5_gpu_core_neural_output_average_batched_1024_cuda_repeat00,4,neural_policy,output_average,update_reputation_ema,0.00029376999009400606
toy5,neural_output_average,batched,batched,cuda,1024,5,1,0,0,2,toy5_gpu_core_neural_output_average_batched_1024_cuda_repeat00,4,neural_policy,output_average,finalize_hook_step,5.626899655908346e-05
toy5,neural_output_average,batched,batched,cuda,1024,5,1,0,0,2,toy5_gpu_core_neural_output_average_batched_1024_cuda_repeat00,4,neural_policy,output_average,hooked_step_total,0.6818028299603611
toy5,neural_output_average,batched,batched,cuda,1024,5,1,0,0,2,toy5_gpu_core_neural_output_average_batched_1024_cuda_repeat00,4,neural_policy,output_average,aggregate_row,0.05448707798495889
toy5,neural_output_average,batched,batched,cuda,1024,5,1,0,0,2,toy5_gpu_core_neural_output_average_batched_1024_cuda_repeat00,4,neural_policy,output_average,write_aggregate,0.0005436149658635259
toy5,neural_output_average,batched,batched,cuda,1024,5,1,0,0,2,toy5_gpu_core_neural_output_average_batched_1024_cuda_repeat00,5,neural_policy,output_average,sample_revision_mask,0.00017450901214033365
toy5,neural_output_average,batched,batched,cuda,1024,5,1,0,0,2,toy5_gpu_core_neural_output_average_batched_1024_cuda_repeat00,5,neural_policy,output_average,build_step_context,0.004824130912311375
toy5,neural_output_average,batched,batched,cuda,1024,5,1,0,0,2,toy5_gpu_core_neural_output_average_batched_1024_cuda_repeat00,5,neural_policy,output_average,build_observations,0.0069988410687074065
toy5,neural_output_average,batched,batched,cuda,1024,5,1,0,0,2,toy5_gpu_core_neural_output_average_batched_1024_cuda_repeat00,5,neural_policy,output_average,policy_readout,0.00894654996227473
toy5,neural_output_average,batched,batched,cuda,1024,5,1,0,0,2,toy5_gpu_core_neural_output_average_batched_1024_cuda_repeat00,5,neural_policy,output_average,decision_selection,0.0034131030552089214
toy5,neural_output_average,batched,batched,cuda,1024,5,1,0,0,2,toy5_gpu_core_neural_output_average_batched_1024_cuda_repeat00,5,neural_policy,output_average,local_trainable_parameters,0.0008167349733412266
toy5,neural_output_average,batched,batched,cuda,1024,5,1,0,0,2,toy5_gpu_core_neural_output_average_batched_1024_cuda_repeat00,5,neural_policy,output_average,local_loss_forward,0.00649830000475049
toy5,neural_output_average,batched,batched,cuda,1024,5,1,0,0,2,toy5_gpu_core_neural_output_average_batched_1024_cuda_repeat00,5,neural_policy,output_average,local_autograd_grad,0.011647310922853649
toy5,neural_output_average,batched,batched,cuda,1024,5,1,0,0,2,toy5_gpu_core_neural_output_average_batched_1024_cuda_repeat00,5,neural_policy,output_average,local_adam_update,0.06342249701265246
toy5,neural_output_average,batched,batched,cuda,1024,5,1,0,0,2,toy5_gpu_core_neural_output_average_batched_1024_cuda_repeat00,5,neural_policy,output_average,local_optimizer_update,0.07835365110076964
toy5,neural_output_average,batched,batched,cuda,1024,5,1,0,0,2,toy5_gpu_core_neural_output_average_batched_1024_cuda_repeat00,5,neural_policy,output_average,local_loss_update,0.08585815294645727
toy5,neural_output_average,batched,batched,cuda,1024,5,1,0,0,2,toy5_gpu_core_neural_output_average_batched_1024_cuda_repeat00,5,neural_policy,output_average,local_training,0.08688653900753707
toy5,neural_output_average,batched,batched,cuda,1024,5,1,0,0,2,toy5_gpu_core_neural_output_average_batched_1024_cuda_repeat00,5,neural_policy,output_average,cache_refresh,6.889400538057089e-05
toy5,neural_output_average,batched,batched,cuda,1024,5,1,0,0,2,toy5_gpu_core_neural_output_average_batched_1024_cuda_repeat00,5,neural_policy,output_average,post_local_readout,0.0021712640300393105
toy5,neural_output_average,batched,batched,cuda,1024,5,1,0,0,2,toy5_gpu_core_neural_output_average_batched_1024_cuda_repeat00,5,neural_policy,output_average,local_step,0.11361296009272337
toy5,neural_output_average,batched,batched,cuda,1024,5,1,0,0,2,toy5_gpu_core_neural_output_average_batched_1024_cuda_repeat00,5,neural_policy,output_average,select_peers,0.0002902030246332288
toy5,neural_output_average,batched,batched,cuda,1024,5,1,0,0,2,toy5_gpu_core_neural_output_average_batched_1024_cuda_repeat00,5,neural_policy,output_average,social_trainable_parameters,0.00018313492182642221
toy5,neural_output_average,batched,batched,cuda,1024,5,1,0,0,2,toy5_gpu_core_neural_output_average_batched_1024_cuda_repeat00,5,neural_policy,output_average,social_mix,0.0026579579571262
toy5,neural_output_average,batched,batched,cuda,1024,5,1,0,0,2,toy5_gpu_core_neural_output_average_batched_1024_cuda_repeat00,5,neural_policy,output_average,social_loss_forward,0.0007786209462210536
toy5,neural_output_average,batched,batched,cuda,1024,5,1,0,0,2,toy5_gpu_core_neural_output_average_batched_1024_cuda_repeat00,5,neural_policy,output_average,social_autograd_grad,0.0019377400167286396
toy5,neural_output_average,batched,batched,cuda,1024,5,1,0,0,2,toy5_gpu_core_neural_output_average_batched_1024_cuda_repeat00,5,neural_policy,output_average,social_adam_update,0.312730445060879
toy5,neural_output_average,batched,batched,cuda,1024,5,1,0,0,2,toy5_gpu_core_neural_output_average_batched_1024_cuda_repeat00,5,neural_policy,output_average,social_optimizer_update,0.31836508796550333
toy5,neural_output_average,batched,batched,cuda,1024,5,1,0,0,2,toy5_gpu_core_neural_output_average_batched_1024_cuda_repeat00,5,neural_policy,output_average,social_loss_update,0.3227652059867978
toy5,neural_output_average,batched,batched,cuda,1024,5,1,0,0,2,toy5_gpu_core_neural_output_average_batched_1024_cuda_repeat00,5,neural_policy,output_average,social_distillation,0.33672124589793384
toy5,neural_output_average,batched,batched,cuda,1024,5,1,0,0,2,toy5_gpu_core_neural_output_average_batched_1024_cuda_repeat00,5,neural_policy,output_average,social_step,0.33690028300043195
toy5,neural_output_average,batched,batched,cuda,1024,5,1,0,0,2,toy5_gpu_core_neural_output_average_batched_1024_cuda_repeat00,5,neural_policy,output_average,sample_actions,3.1420961022377014e-05
toy5,neural_output_average,batched,batched,cuda,1024,5,1,0,0,2,toy5_gpu_core_neural_output_average_batched_1024_cuda_repeat00,5,neural_policy,output_average,commit_actions,0.0007604960119351745
toy5,neural_output_average,batched,batched,cuda,1024,5,1,0,0,2,toy5_gpu_core_neural_output_average_batched_1024_cuda_repeat00,5,neural_policy,output_average,post_step_state_policy,0.00018439802806824446
toy5,neural_output_average,batched,batched,cuda,1024,5,1,0,0,2,toy5_gpu_core_neural_output_average_batched_1024_cuda_repeat00,5,neural_policy,output_average,update_reputation_ema,0.00033723493106663227
toy5,neural_output_average,batched,batched,cuda,1024,5,1,0,0,2,toy5_gpu_core_neural_output_average_batched_1024_cuda_repeat00,5,neural_policy,output_average,finalize_hook_step,2.8455047868192196e-05
toy5,neural_output_average,batched,batched,cuda,1024,5,1,0,0,2,toy5_gpu_core_neural_output_average_batched_1024_cuda_repeat00,5,neural_policy,output_average,hooked_step_total,0.4678543210029602
toy5,neural_output_average,batched,batched,cuda,1024,5,1,0,0,2,toy5_gpu_core_neural_output_average_batched_1024_cuda_repeat00,5,neural_policy,output_average,aggregate_row,0.043319595977663994
toy5,neural_output_average,batched,batched,cuda,1024,5,1,0,0,2,toy5_gpu_core_neural_output_average_batched_1024_cuda_repeat00,5,neural_policy,output_average,write_aggregate,0.0008255511056631804
toy5,neural_output_average,batched,batched,cuda,1024,5,1,1,0,2,toy5_gpu_core_neural_output_average_batched_1024_cuda_repeat01,0,neural_policy,output_average,make_run_dir,0.0042955250246450305
toy5,neural_output_average,batched,batched,cuda,1024,5,1,1,0,2,toy5_gpu_core_neural_output_average_batched_1024_cuda_repeat01,0,neural_policy,output_average,write_metadata,0.00896487501449883
toy5,neural_output_average,batched,batched,cuda,1024,5,1,1,0,2,toy5_gpu_core_neural_output_average_batched_1024_cuda_repeat01,0,neural_policy,output_average,initial_state,2.341218161978759
toy5,neural_output_average,batched,batched,cuda,1024,5,1,1,0,2,toy5_gpu_core_neural_output_average_batched_1024_cuda_repeat01,0,neural_policy,output_average,writer_setup,0.00527389207854867
toy5,neural_output_average,batched,batched,cuda,1024,5,1,1,0,2,toy5_gpu_core_neural_output_average_batched_1024_cuda_repeat01,0,neural_policy,output_average,initial_step_result,0.014314090949483216
toy5,neural_output_average,batched,batched,cuda,1024,5,1,1,0,2,toy5_gpu_core_neural_output_average_batched_1024_cuda_repeat01,0,neural_policy,output_average,initial_aggregate_row,0.025245319004170597
toy5,neural_output_average,batched,batched,cuda,1024,5,1,1,0,2,toy5_gpu_core_neural_output_average_batched_1024_cuda_repeat01,0,neural_policy,output_average,write_initial_aggregate,0.00045918102841824293
toy5,neural_output_average,batched,batched,cuda,1024,5,1,1,0,2,toy5_gpu_core_neural_output_average_batched_1024_cuda_repeat01,1,neural_policy,output_average,sample_revision_mask,0.00015800597611814737
toy5,neural_output_average,batched,batched,cuda,1024,5,1,1,0,2,toy5_gpu_core_neural_output_average_batched_1024_cuda_repeat01,1,neural_policy,output_average,build_step_context,0.0036288609262555838
toy5,neural_output_average,batched,batched,cuda,1024,5,1,1,0,2,toy5_gpu_core_neural_output_average_batched_1024_cuda_repeat01,1,neural_policy,output_average,build_observations,0.006336073041893542
toy5,neural_output_average,batched,batched,cuda,1024,5,1,1,0,2,toy5_gpu_core_neural_output_average_batched_1024_cuda_repeat01,1,neural_policy,output_average,policy_readout,0.00862678699195385
toy5,neural_output_average,batched,batched,cuda,1024,5,1,1,0,2,toy5_gpu_core_neural_output_average_batched_1024_cuda_repeat01,1,neural_policy,output_average,decision_selection,0.002882912987843156
toy5,neural_output_average,batched,batched,cuda,1024,5,1,1,0,2,toy5_gpu_core_neural_output_average_batched_1024_cuda_repeat01,1,neural_policy,output_average,local_trainable_parameters,0.0005471610929816961
toy5,neural_output_average,batched,batched,cuda,1024,5,1,1,0,2,toy5_gpu_core_neural_output_average_batched_1024_cuda_repeat01,1,neural_policy,output_average,local_loss_forward,0.014657226973213255
toy5,neural_output_average,batched,batched,cuda,1024,5,1,1,0,2,toy5_gpu_core_neural_output_average_batched_1024_cuda_repeat01,1,neural_policy,output_average,local_autograd_grad,0.009131907019764185
toy5,neural_output_average,batched,batched,cuda,1024,5,1,1,0,2,toy5_gpu_core_neural_output_average_batched_1024_cuda_repeat01,1,neural_policy,output_average,local_adam_update,0.11129340308252722
toy5,neural_output_average,batched,batched,cuda,1024,5,1,1,0,2,toy5_gpu_core_neural_output_average_batched_1024_cuda_repeat01,1,neural_policy,output_average,local_optimizer_update,0.12636298895813525
toy5,neural_output_average,batched,batched,cuda,1024,5,1,1,0,2,toy5_gpu_core_neural_output_average_batched_1024_cuda_repeat01,1,neural_policy,output_average,local_loss_update,0.6784184129210189
toy5,neural_output_average,batched,batched,cuda,1024,5,1,1,0,2,toy5_gpu_core_neural_output_average_batched_1024_cuda_repeat01,1,neural_policy,output_average,local_training,0.6792749039595947
toy5,neural_output_average,batched,batched,cuda,1024,5,1,1,0,2,toy5_gpu_core_neural_output_average_batched_1024_cuda_repeat01,1,neural_policy,output_average,cache_refresh,0.00016465992666780949
toy5,neural_output_average,batched,batched,cuda,1024,5,1,1,0,2,toy5_gpu_core_neural_output_average_batched_1024_cuda_repeat01,1,neural_policy,output_average,post_local_readout,0.01068392803426832
toy5,neural_output_average,batched,batched,cuda,1024,5,1,1,0,2,toy5_gpu_core_neural_output_average_batched_1024_cuda_repeat01,1,neural_policy,output_average,local_step,0.7145409650402144
toy5,neural_output_average,batched,batched,cuda,1024,5,1,1,0,2,toy5_gpu_core_neural_output_average_batched_1024_cuda_repeat01,1,neural_policy,output_average,select_peers,0.0008400600636377931
toy5,neural_output_average,batched,batched,cuda,1024,5,1,1,0,2,toy5_gpu_core_neural_output_average_batched_1024_cuda_repeat01,1,neural_policy,output_average,social_trainable_parameters,0.0005348280537873507
toy5,neural_output_average,batched,batched,cuda,1024,5,1,1,0,2,toy5_gpu_core_neural_output_average_batched_1024_cuda_repeat01,1,neural_policy,output_average,social_mix,0.008000781992450356
toy5,neural_output_average,batched,batched,cuda,1024,5,1,1,0,2,toy5_gpu_core_neural_output_average_batched_1024_cuda_repeat01,1,neural_policy,output_average,social_loss_forward,0.003101157024502754
toy5,neural_output_average,batched,batched,cuda,1024,5,1,1,0,2,toy5_gpu_core_neural_output_average_batched_1024_cuda_repeat01,1,neural_policy,output_average,social_autograd_grad,0.0055546259973198175
toy5,neural_output_average,batched,batched,cuda,1024,5,1,1,0,2,toy5_gpu_core_neural_output_average_batched_1024_cuda_repeat01,1,neural_policy,output_average,social_adam_update,0.22027675504796207
toy5,neural_output_average,batched,batched,cuda,1024,5,1,1,0,2,toy5_gpu_core_neural_output_average_batched_1024_cuda_repeat01,1,neural_policy,output_average,social_optimizer_update,0.23035796300973743
toy5,neural_output_average,batched,batched,cuda,1024,5,1,1,0,2,toy5_gpu_core_neural_output_average_batched_1024_cuda_repeat01,1,neural_policy,output_average,social_loss_update,0.24258634797297418
toy5,neural_output_average,batched,batched,cuda,1024,5,1,1,0,2,toy5_gpu_core_neural_output_average_batched_1024_cuda_repeat01,1,neural_policy,output_average,social_distillation,0.2577624499099329
toy5,neural_output_average,batched,batched,cuda,1024,5,1,1,0,2,toy5_gpu_core_neural_output_average_batched_1024_cuda_repeat01,1,neural_policy,output_average,social_step,0.2580271029146388
toy5,neural_output_average,batched,batched,cuda,1024,5,1,1,0,2,toy5_gpu_core_neural_output_average_batched_1024_cuda_repeat01,1,neural_policy,output_average,sample_actions,7.909396663308144e-05
toy5,neural_output_average,batched,batched,cuda,1024,5,1,1,0,2,toy5_gpu_core_neural_output_average_batched_1024_cuda_repeat01,1,neural_policy,output_average,commit_actions,0.0009212170261889696
toy5,neural_output_average,batched,batched,cuda,1024,5,1,1,0,2,toy5_gpu_core_neural_output_average_batched_1024_cuda_repeat01,1,neural_policy,output_average,post_step_state_policy,0.000219144974835217
toy5,neural_output_average,batched,batched,cuda,1024,5,1,1,0,2,toy5_gpu_core_neural_output_average_batched_1024_cuda_repeat01,1,neural_policy,output_average,update_reputation_ema,0.00031758600380271673
toy5,neural_output_average,batched,batched,cuda,1024,5,1,1,0,2,toy5_gpu_core_neural_output_average_batched_1024_cuda_repeat01,1,neural_policy,output_average,finalize_hook_step,5.267199594527483e-05
toy5,neural_output_average,batched,batched,cuda,1024,5,1,1,0,2,toy5_gpu_core_neural_output_average_batched_1024_cuda_repeat01,1,neural_policy,output_average,hooked_step_total,0.9949401110643521
toy5,neural_output_average,batched,batched,cuda,1024,5,1,1,0,2,toy5_gpu_core_neural_output_average_batched_1024_cuda_repeat01,1,neural_policy,output_average,aggregate_row,0.03865764697548002
toy5,neural_output_average,batched,batched,cuda,1024,5,1,1,0,2,toy5_gpu_core_neural_output_average_batched_1024_cuda_repeat01,1,neural_policy,output_average,write_aggregate,0.0003863000310957432
toy5,neural_output_average,batched,batched,cuda,1024,5,1,1,0,2,toy5_gpu_core_neural_output_average_batched_1024_cuda_repeat01,2,neural_policy,output_average,sample_revision_mask,0.00017457897774875164
toy5,neural_output_average,batched,batched,cuda,1024,5,1,1,0,2,toy5_gpu_core_neural_output_average_batched_1024_cuda_repeat01,2,neural_policy,output_average,build_step_context,0.003246067091822624
toy5,neural_output_average,batched,batched,cuda,1024,5,1,1,0,2,toy5_gpu_core_neural_output_average_batched_1024_cuda_repeat01,2,neural_policy,output_average,build_observations,0.005190960946492851
toy5,neural_output_average,batched,batched,cuda,1024,5,1,1,0,2,toy5_gpu_core_neural_output_average_batched_1024_cuda_repeat01,2,neural_policy,output_average,policy_readout,0.004240555921569467
toy5,neural_output_average,batched,batched,cuda,1024,5,1,1,0,2,toy5_gpu_core_neural_output_average_batched_1024_cuda_repeat01,2,neural_policy,output_average,decision_selection,0.0015752359759062529
toy5,neural_output_average,batched,batched,cuda,1024,5,1,1,0,2,toy5_gpu_core_neural_output_average_batched_1024_cuda_repeat01,2,neural_policy,output_average,local_trainable_parameters,0.00031818693969398737
toy5,neural_output_average,batched,batched,cuda,1024,5,1,1,0,2,toy5_gpu_core_neural_output_average_batched_1024_cuda_repeat01,2,neural_policy,output_average,local_loss_forward,0.002356973011046648
toy5,neural_output_average,batched,batched,cuda,1024,5,1,1,0,2,toy5_gpu_core_neural_output_average_batched_1024_cuda_repeat01,2,neural_policy,output_average,local_autograd_grad,0.003442920045927167
toy5,neural_output_average,batched,batched,cuda,1024,5,1,1,0,2,toy5_gpu_core_neural_output_average_batched_1024_cuda_repeat01,2,neural_policy,output_average,local_adam_update,0.053815484046936035
toy5,neural_output_average,batched,batched,cuda,1024,5,1,1,0,2,toy5_gpu_core_neural_output_average_batched_1024_cuda_repeat01,2,neural_policy,output_average,local_optimizer_update,0.0583636270603165
toy5,neural_output_average,batched,batched,cuda,1024,5,1,1,0,2,toy5_gpu_core_neural_output_average_batched_1024_cuda_repeat01,2,neural_policy,output_average,local_loss_update,0.06140058999881148
toy5,neural_output_average,batched,batched,cuda,1024,5,1,1,0,2,toy5_gpu_core_neural_output_average_batched_1024_cuda_repeat01,2,neural_policy,output_average,local_training,0.061839090078137815
toy5,neural_output_average,batched,batched,cuda,1024,5,1,1,0,2,toy5_gpu_core_neural_output_average_batched_1024_cuda_repeat01,2,neural_policy,output_average,cache_refresh,7.387297227978706e-05
toy5,neural_output_average,batched,batched,cuda,1024,5,1,1,0,2,toy5_gpu_core_neural_output_average_batched_1024_cuda_repeat01,2,neural_policy,output_average,post_local_readout,0.002028987044468522
toy5,neural_output_average,batched,batched,cuda,1024,5,1,1,0,2,toy5_gpu_core_neural_output_average_batched_1024_cuda_repeat01,2,neural_policy,output_average,local_step,0.07786560198292136
toy5,neural_output_average,batched,batched,cuda,1024,5,1,1,0,2,toy5_gpu_core_neural_output_average_batched_1024_cuda_repeat01,2,neural_policy,output_average,select_peers,0.00033924798481166363
toy5,neural_output_average,batched,batched,cuda,1024,5,1,1,0,2,toy5_gpu_core_neural_output_average_batched_1024_cuda_repeat01,2,neural_policy,output_average,social_trainable_parameters,0.00029684603214263916
toy5,neural_output_average,batched,batched,cuda,1024,5,1,1,0,2,toy5_gpu_core_neural_output_average_batched_1024_cuda_repeat01,2,neural_policy,output_average,social_mix,0.0031358940759673715
toy5,neural_output_average,batched,batched,cuda,1024,5,1,1,0,2,toy5_gpu_core_neural_output_average_batched_1024_cuda_repeat01,2,neural_policy,output_average,social_loss_forward,0.0011989149497821927
toy5,neural_output_average,batched,batched,cuda,1024,5,1,1,0,2,toy5_gpu_core_neural_output_average_batched_1024_cuda_repeat01,2,neural_policy,output_average,social_autograd_grad,0.002699728007428348
toy5,neural_output_average,batched,batched,cuda,1024,5,1,1,0,2,toy5_gpu_core_neural_output_average_batched_1024_cuda_repeat01,2,neural_policy,output_average,social_adam_update,0.3354630310786888
toy5,neural_output_average,batched,batched,cuda,1024,5,1,1,0,2,toy5_gpu_core_neural_output_average_batched_1024_cuda_repeat01,2,neural_policy,output_average,social_optimizer_update,0.34081823099404573
toy5,neural_output_average,batched,batched,cuda,1024,5,1,1,0,2,toy5_gpu_core_neural_output_average_batched_1024_cuda_repeat01,2,neural_policy,output_average,social_loss_update,0.3458467359887436
toy5,neural_output_average,batched,batched,cuda,1024,5,1,1,0,2,toy5_gpu_core_neural_output_average_batched_1024_cuda_repeat01,2,neural_policy,output_average,social_distillation,0.35378900403156877
toy5,neural_output_average,batched,batched,cuda,1024,5,1,1,0,2,toy5_gpu_core_neural_output_average_batched_1024_cuda_repeat01,2,neural_policy,output_average,social_step,0.35391505900770426
toy5,neural_output_average,batched,batched,cuda,1024,5,1,1,0,2,toy5_gpu_core_neural_output_average_batched_1024_cuda_repeat01,2,neural_policy,output_average,sample_actions,2.161203883588314e-05
toy5,neural_output_average,batched,batched,cuda,1024,5,1,1,0,2,toy5_gpu_core_neural_output_average_batched_1024_cuda_repeat01,2,neural_policy,output_average,commit_actions,0.00023348303511738777
toy5,neural_output_average,batched,batched,cuda,1024,5,1,1,0,2,toy5_gpu_core_neural_output_average_batched_1024_cuda_repeat01,2,neural_policy,output_average,post_step_state_policy,0.00010772899258881807
toy5,neural_output_average,batched,batched,cuda,1024,5,1,1,0,2,toy5_gpu_core_neural_output_average_batched_1024_cuda_repeat01,2,neural_policy,output_average,update_reputation_ema,9.96229937300086e-05
toy5,neural_output_average,batched,batched,cuda,1024,5,1,1,0,2,toy5_gpu_core_neural_output_average_batched_1024_cuda_repeat01,2,neural_policy,output_average,finalize_hook_step,2.0180013962090015e-05
toy5,neural_output_average,batched,batched,cuda,1024,5,1,1,0,2,toy5_gpu_core_neural_output_average_batched_1024_cuda_repeat01,2,neural_policy,output_average,hooked_step_total,0.44175338896457106
toy5,neural_output_average,batched,batched,cuda,1024,5,1,1,0,2,toy5_gpu_core_neural_output_average_batched_1024_cuda_repeat01,2,neural_policy,output_average,aggregate_row,0.025175932911224663
toy5,neural_output_average,batched,batched,cuda,1024,5,1,1,0,2,toy5_gpu_core_neural_output_average_batched_1024_cuda_repeat01,2,neural_policy,output_average,write_aggregate,0.00013910001143813133
toy5,neural_output_average,batched,batched,cuda,1024,5,1,1,0,2,toy5_gpu_core_neural_output_average_batched_1024_cuda_repeat01,3,neural_policy,output_average,sample_revision_mask,5.981605499982834e-05
toy5,neural_output_average,batched,batched,cuda,1024,5,1,1,0,2,toy5_gpu_core_neural_output_average_batched_1024_cuda_repeat01,3,neural_policy,output_average,build_step_context,0.003432970028370619
toy5,neural_output_average,batched,batched,cuda,1024,5,1,1,0,2,toy5_gpu_core_neural_output_average_batched_1024_cuda_repeat01,3,neural_policy,output_average,build_observations,0.005160000058822334
toy5,neural_output_average,batched,batched,cuda,1024,5,1,1,0,2,toy5_gpu_core_neural_output_average_batched_1024_cuda_repeat01,3,neural_policy,output_average,policy_readout,0.00296096398960799
toy5,neural_output_average,batched,batched,cuda,1024,5,1,1,0,2,toy5_gpu_core_neural_output_average_batched_1024_cuda_repeat01,3,neural_policy,output_average,decision_selection,0.0011103739961981773
toy5,neural_output_average,batched,batched,cuda,1024,5,1,1,0,2,toy5_gpu_core_neural_output_average_batched_1024_cuda_repeat01,3,neural_policy,output_average,local_trainable_parameters,0.0003284779377281666
toy5,neural_output_average,batched,batched,cuda,1024,5,1,1,0,2,toy5_gpu_core_neural_output_average_batched_1024_cuda_repeat01,3,neural_policy,output_average,local_loss_forward,0.003008136060088873
toy5,neural_output_average,batched,batched,cuda,1024,5,1,1,0,2,toy5_gpu_core_neural_output_average_batched_1024_cuda_repeat01,3,neural_policy,output_average,local_autograd_grad,0.0031809910433366895
toy5,neural_output_average,batched,batched,cuda,1024,5,1,1,0,2,toy5_gpu_core_neural_output_average_batched_1024_cuda_repeat01,3,neural_policy,output_average,local_adam_update,0.0654340839246288
toy5,neural_output_average,batched,batched,cuda,1024,5,1,1,0,2,toy5_gpu_core_neural_output_average_batched_1024_cuda_repeat01,3,neural_policy,output_average,local_optimizer_update,0.07019536208827049
toy5,neural_output_average,batched,batched,cuda,1024,5,1,1,0,2,toy5_gpu_core_neural_output_average_batched_1024_cuda_repeat01,3,neural_policy,output_average,local_loss_update,0.07413922296836972
toy5,neural_output_average,batched,batched,cuda,1024,5,1,1,0,2,toy5_gpu_core_neural_output_average_batched_1024_cuda_repeat01,3,neural_policy,output_average,local_training,0.07463548600208014
toy5,neural_output_average,batched,batched,cuda,1024,5,1,1,0,2,toy5_gpu_core_neural_output_average_batched_1024_cuda_repeat01,3,neural_policy,output_average,cache_refresh,8.449400775134563e-05
toy5,neural_output_average,batched,batched,cuda,1024,5,1,1,0,2,toy5_gpu_core_neural_output_average_batched_1024_cuda_repeat01,3,neural_policy,output_average,post_local_readout,0.0028080270858481526
toy5,neural_output_average,batched,batched,cuda,1024,5,1,1,0,2,toy5_gpu_core_neural_output_average_batched_1024_cuda_repeat01,3,neural_policy,output_average,local_step,0.08904992009047419
toy5,neural_output_average,batched,batched,cuda,1024,5,1,1,0,2,toy5_gpu_core_neural_output_average_batched_1024_cuda_repeat01,3,neural_policy,output_average,select_peers,0.0005691350670531392
toy5,neural_output_average,batched,batched,cuda,1024,5,1,1,0,2,toy5_gpu_core_neural_output_average_batched_1024_cuda_repeat01,3,neural_policy,output_average,social_trainable_parameters,0.0002519390545785427
toy5,neural_output_average,batched,batched,cuda,1024,5,1,1,0,2,toy5_gpu_core_neural_output_average_batched_1024_cuda_repeat01,3,neural_policy,output_average,social_mix,0.003639691974967718
toy5,neural_output_average,batched,batched,cuda,1024,5,1,1,0,2,toy5_gpu_core_neural_output_average_batched_1024_cuda_repeat01,3,neural_policy,output_average,social_loss_forward,0.001314179040491581
toy5,neural_output_average,batched,batched,cuda,1024,5,1,1,0,2,toy5_gpu_core_neural_output_average_batched_1024_cuda_repeat01,3,neural_policy,output_average,social_autograd_grad,0.0023985239677131176
toy5,neural_output_average,batched,batched,cuda,1024,5,1,1,0,2,toy5_gpu_core_neural_output_average_batched_1024_cuda_repeat01,3,neural_policy,output_average,social_adam_update,0.26708593498915434
toy5,neural_output_average,batched,batched,cuda,1024,5,1,1,0,2,toy5_gpu_core_neural_output_average_batched_1024_cuda_repeat01,3,neural_policy,output_average,social_optimizer_update,0.2729245530208573
toy5,neural_output_average,batched,batched,cuda,1024,5,1,1,0,2,toy5_gpu_core_neural_output_average_batched_1024_cuda_repeat01,3,neural_policy,output_average,social_loss_update,0.27888564695604146
toy5,neural_output_average,batched,batched,cuda,1024,5,1,1,0,2,toy5_gpu_core_neural_output_average_batched_1024_cuda_repeat01,3,neural_policy,output_average,social_distillation,0.2886561719933525
toy5,neural_output_average,batched,batched,cuda,1024,5,1,1,0,2,toy5_gpu_core_neural_output_average_batched_1024_cuda_repeat01,3,neural_policy,output_average,social_step,0.2888672410044819
toy5,neural_output_average,batched,batched,cuda,1024,5,1,1,0,2,toy5_gpu_core_neural_output_average_batched_1024_cuda_repeat01,3,neural_policy,output_average,sample_actions,1.525005791336298e-05
toy5,neural_output_average,batched,batched,cuda,1024,5,1,1,0,2,toy5_gpu_core_neural_output_average_batched_1024_cuda_repeat01,3,neural_policy,output_average,commit_actions,0.0002229830715805292
toy5,neural_output_average,batched,batched,cuda,1024,5,1,1,0,2,toy5_gpu_core_neural_output_average_batched_1024_cuda_repeat01,3,neural_policy,output_average,post_step_state_policy,0.00015265599358826876
toy5,neural_output_average,batched,batched,cuda,1024,5,1,1,0,2,toy5_gpu_core_neural_output_average_batched_1024_cuda_repeat01,3,neural_policy,output_average,update_reputation_ema,0.0001603810815140605
toy5,neural_output_average,batched,batched,cuda,1024,5,1,1,0,2,toy5_gpu_core_neural_output_average_batched_1024_cuda_repeat01,3,neural_policy,output_average,finalize_hook_step,2.7373083867132664e-05
toy5,neural_output_average,batched,batched,cuda,1024,5,1,1,0,2,toy5_gpu_core_neural_output_average_batched_1024_cuda_repeat01,3,neural_policy,output_average,hooked_step_total,0.3900814299704507
toy5,neural_output_average,batched,batched,cuda,1024,5,1,1,0,2,toy5_gpu_core_neural_output_average_batched_1024_cuda_repeat01,3,neural_policy,output_average,aggregate_row,0.0273059019818902
toy5,neural_output_average,batched,batched,cuda,1024,5,1,1,0,2,toy5_gpu_core_neural_output_average_batched_1024_cuda_repeat01,3,neural_policy,output_average,write_aggregate,0.00010052509605884552
toy5,neural_output_average,batched,batched,cuda,1024,5,1,1,0,2,toy5_gpu_core_neural_output_average_batched_1024_cuda_repeat01,4,neural_policy,output_average,sample_revision_mask,4.104897379875183e-05
toy5,neural_output_average,batched,batched,cuda,1024,5,1,1,0,2,toy5_gpu_core_neural_output_average_batched_1024_cuda_repeat01,4,neural_policy,output_average,build_step_context,0.0034657539799809456
toy5,neural_output_average,batched,batched,cuda,1024,5,1,1,0,2,toy5_gpu_core_neural_output_average_batched_1024_cuda_repeat01,4,neural_policy,output_average,build_observations,0.005634821951389313
toy5,neural_output_average,batched,batched,cuda,1024,5,1,1,0,2,toy5_gpu_core_neural_output_average_batched_1024_cuda_repeat01,4,neural_policy,output_average,policy_readout,0.003447477938607335
toy5,neural_output_average,batched,batched,cuda,1024,5,1,1,0,2,toy5_gpu_core_neural_output_average_batched_1024_cuda_repeat01,4,neural_policy,output_average,decision_selection,0.001218194025568664
toy5,neural_output_average,batched,batched,cuda,1024,5,1,1,0,2,toy5_gpu_core_neural_output_average_batched_1024_cuda_repeat01,4,neural_policy,output_average,local_trainable_parameters,0.00025724899023771286
toy5,neural_output_average,batched,batched,cuda,1024,5,1,1,0,2,toy5_gpu_core_neural_output_average_batched_1024_cuda_repeat01,4,neural_policy,output_average,local_loss_forward,0.002552711986936629
toy5,neural_output_average,batched,batched,cuda,1024,5,1,1,0,2,toy5_gpu_core_neural_output_average_batched_1024_cuda_repeat01,4,neural_policy,output_average,local_autograd_grad,0.003365929936990142
toy5,neural_output_average,batched,batched,cuda,1024,5,1,1,0,2,toy5_gpu_core_neural_output_average_batched_1024_cuda_repeat01,4,neural_policy,output_average,local_adam_update,0.06253061699680984
toy5,neural_output_average,batched,batched,cuda,1024,5,1,1,0,2,toy5_gpu_core_neural_output_average_batched_1024_cuda_repeat01,4,neural_policy,output_average,local_optimizer_update,0.0678219620604068
toy5,neural_output_average,batched,batched,cuda,1024,5,1,1,0,2,toy5_gpu_core_neural_output_average_batched_1024_cuda_repeat01,4,neural_policy,output_average,local_loss_update,0.0711456190329045
toy5,neural_output_average,batched,batched,cuda,1024,5,1,1,0,2,toy5_gpu_core_neural_output_average_batched_1024_cuda_repeat01,4,neural_policy,output_average,local_training,0.07153303094673902
toy5,neural_output_average,batched,batched,cuda,1024,5,1,1,0,2,toy5_gpu_core_neural_output_average_batched_1024_cuda_repeat01,4,neural_policy,output_average,cache_refresh,0.000106496037915349
toy5,neural_output_average,batched,batched,cuda,1024,5,1,1,0,2,toy5_gpu_core_neural_output_average_batched_1024_cuda_repeat01,4,neural_policy,output_average,post_local_readout,0.0035311600659042597
toy5,neural_output_average,batched,batched,cuda,1024,5,1,1,0,2,toy5_gpu_core_neural_output_average_batched_1024_cuda_repeat01,4,neural_policy,output_average,local_step,0.08847392594907433
toy5,neural_output_average,batched,batched,cuda,1024,5,1,1,0,2,toy5_gpu_core_neural_output_average_batched_1024_cuda_repeat01,4,neural_policy,output_average,select_peers,0.0007182430708780885
toy5,neural_output_average,batched,batched,cuda,1024,5,1,1,0,2,toy5_gpu_core_neural_output_average_batched_1024_cuda_repeat01,4,neural_policy,output_average,social_trainable_parameters,0.000337033998221159
toy5,neural_output_average,batched,batched,cuda,1024,5,1,1,0,2,toy5_gpu_core_neural_output_average_batched_1024_cuda_repeat01,4,neural_policy,output_average,social_mix,0.00644172600004822
toy5,neural_output_average,batched,batched,cuda,1024,5,1,1,0,2,toy5_gpu_core_neural_output_average_batched_1024_cuda_repeat01,4,neural_policy,output_average,social_loss_forward,0.002738822950050235
toy5,neural_output_average,batched,batched,cuda,1024,5,1,1,0,2,toy5_gpu_core_neural_output_average_batched_1024_cuda_repeat01,4,neural_policy,output_average,social_autograd_grad,0.0046546399826183915
toy5,neural_output_average,batched,batched,cuda,1024,5,1,1,0,2,toy5_gpu_core_neural_output_average_batched_1024_cuda_repeat01,4,neural_policy,output_average,social_adam_update,0.32877057103905827
toy5,neural_output_average,batched,batched,cuda,1024,5,1,1,0,2,toy5_gpu_core_neural_output_average_batched_1024_cuda_repeat01,4,neural_policy,output_average,social_optimizer_update,0.33643973898142576
toy5,neural_output_average,batched,batched,cuda,1024,5,1,1,0,2,toy5_gpu_core_neural_output_average_batched_1024_cuda_repeat01,4,neural_policy,output_average,social_loss_update,0.34656327799893916
toy5,neural_output_average,batched,batched,cuda,1024,5,1,1,0,2,toy5_gpu_core_neural_output_average_batched_1024_cuda_repeat01,4,neural_policy,output_average,social_distillation,0.35535879200324416
toy5,neural_output_average,batched,batched,cuda,1024,5,1,1,0,2,toy5_gpu_core_neural_output_average_batched_1024_cuda_repeat01,4,neural_policy,output_average,social_step,0.35558006004430354
toy5,neural_output_average,batched,batched,cuda,1024,5,1,1,0,2,toy5_gpu_core_neural_output_average_batched_1024_cuda_repeat01,4,neural_policy,output_average,sample_actions,2.1220999769866467e-05
toy5,neural_output_average,batched,batched,cuda,1024,5,1,1,0,2,toy5_gpu_core_neural_output_average_batched_1024_cuda_repeat01,4,neural_policy,output_average,commit_actions,0.0002953329822048545
toy5,neural_output_average,batched,batched,cuda,1024,5,1,1,0,2,toy5_gpu_core_neural_output_average_batched_1024_cuda_repeat01,4,neural_policy,output_average,post_step_state_policy,0.00016990990843623877
toy5,neural_output_average,batched,batched,cuda,1024,5,1,1,0,2,toy5_gpu_core_neural_output_average_batched_1024_cuda_repeat01,4,neural_policy,output_average,update_reputation_ema,0.00017194298561662436
toy5,neural_output_average,batched,batched,cuda,1024,5,1,1,0,2,toy5_gpu_core_neural_output_average_batched_1024_cuda_repeat01,4,neural_policy,output_average,finalize_hook_step,2.913700882345438e-05
toy5,neural_output_average,batched,batched,cuda,1024,5,1,1,0,2,toy5_gpu_core_neural_output_average_batched_1024_cuda_repeat01,4,neural_policy,output_average,hooked_step_total,0.4583428059704602
toy5,neural_output_average,batched,batched,cuda,1024,5,1,1,0,2,toy5_gpu_core_neural_output_average_batched_1024_cuda_repeat01,4,neural_policy,output_average,aggregate_row,0.030132876941934228
toy5,neural_output_average,batched,batched,cuda,1024,5,1,1,0,2,toy5_gpu_core_neural_output_average_batched_1024_cuda_repeat01,4,neural_policy,output_average,write_aggregate,0.00021761294919997454
toy5,neural_output_average,batched,batched,cuda,1024,5,1,1,0,2,toy5_gpu_core_neural_output_average_batched_1024_cuda_repeat01,5,neural_policy,output_average,sample_revision_mask,0.00010229891631752253
toy5,neural_output_average,batched,batched,cuda,1024,5,1,1,0,2,toy5_gpu_core_neural_output_average_batched_1024_cuda_repeat01,5,neural_policy,output_average,build_step_context,0.003802407067269087
toy5,neural_output_average,batched,batched,cuda,1024,5,1,1,0,2,toy5_gpu_core_neural_output_average_batched_1024_cuda_repeat01,5,neural_policy,output_average,build_observations,0.005704686976969242
toy5,neural_output_average,batched,batched,cuda,1024,5,1,1,0,2,toy5_gpu_core_neural_output_average_batched_1024_cuda_repeat01,5,neural_policy,output_average,policy_readout,0.003463108092546463
toy5,neural_output_average,batched,batched,cuda,1024,5,1,1,0,2,toy5_gpu_core_neural_output_average_batched_1024_cuda_repeat01,5,neural_policy,output_average,decision_selection,0.0012483319733291864
toy5,neural_output_average,batched,batched,cuda,1024,5,1,1,0,2,toy5_gpu_core_neural_output_average_batched_1024_cuda_repeat01,5,neural_policy,output_average,local_trainable_parameters,0.0002861649263650179
toy5,neural_output_average,batched,batched,cuda,1024,5,1,1,0,2,toy5_gpu_core_neural_output_average_batched_1024_cuda_repeat01,5,neural_policy,output_average,local_loss_forward,0.0022301769349724054
toy5,neural_output_average,batched,batched,cuda,1024,5,1,1,0,2,toy5_gpu_core_neural_output_average_batched_1024_cuda_repeat01,5,neural_policy,output_average,local_autograd_grad,0.003586858045309782
toy5,neural_output_average,batched,batched,cuda,1024,5,1,1,0,2,toy5_gpu_core_neural_output_average_batched_1024_cuda_repeat01,5,neural_policy,output_average,local_adam_update,0.05544002202805132
toy5,neural_output_average,batched,batched,cuda,1024,5,1,1,0,2,toy5_gpu_core_neural_output_average_batched_1024_cuda_repeat01,5,neural_policy,output_average,local_optimizer_update,0.060401035007089376
toy5,neural_output_average,batched,batched,cuda,1024,5,1,1,0,2,toy5_gpu_core_neural_output_average_batched_1024_cuda_repeat01,5,neural_policy,output_average,local_loss_update,0.06325406988617033
toy5,neural_output_average,batched,batched,cuda,1024,5,1,1,0,2,toy5_gpu_core_neural_output_average_batched_1024_cuda_repeat01,5,neural_policy,output_average,local_training,0.06364785402547568
toy5,neural_output_average,batched,batched,cuda,1024,5,1,1,0,2,toy5_gpu_core_neural_output_average_batched_1024_cuda_repeat01,5,neural_policy,output_average,cache_refresh,3.051897510886192e-05
toy5,neural_output_average,batched,batched,cuda,1024,5,1,1,0,2,toy5_gpu_core_neural_output_average_batched_1024_cuda_repeat01,5,neural_policy,output_average,post_local_readout,0.0014504940481856465
toy5,neural_output_average,batched,batched,cuda,1024,5,1,1,0,2,toy5_gpu_core_neural_output_average_batched_1024_cuda_repeat01,5,neural_policy,output_average,local_step,0.07827577192801982
toy5,neural_output_average,batched,batched,cuda,1024,5,1,1,0,2,toy5_gpu_core_neural_output_average_batched_1024_cuda_repeat01,5,neural_policy,output_average,select_peers,0.0003933330299332738
toy5,neural_output_average,batched,batched,cuda,1024,5,1,1,0,2,toy5_gpu_core_neural_output_average_batched_1024_cuda_repeat01,5,neural_policy,output_average,social_trainable_parameters,0.000149870989844203
toy5,neural_output_average,batched,batched,cuda,1024,5,1,1,0,2,toy5_gpu_core_neural_output_average_batched_1024_cuda_repeat01,5,neural_policy,output_average,social_mix,0.002046691020950675
toy5,neural_output_average,batched,batched,cuda,1024,5,1,1,0,2,toy5_gpu_core_neural_output_average_batched_1024_cuda_repeat01,5,neural_policy,output_average,social_loss_forward,0.0009225100511685014
toy5,neural_output_average,batched,batched,cuda,1024,5,1,1,0,2,toy5_gpu_core_neural_output_average_batched_1024_cuda_repeat01,5,neural_policy,output_average,social_autograd_grad,0.0029862229712307453
toy5,neural_output_average,batched,batched,cuda,1024,5,1,1,0,2,toy5_gpu_core_neural_output_average_batched_1024_cuda_repeat01,5,neural_policy,output_average,social_adam_update,0.3333165709627792
toy5,neural_output_average,batched,batched,cuda,1024,5,1,1,0,2,toy5_gpu_core_neural_output_average_batched_1024_cuda_repeat01,5,neural_policy,output_average,social_optimizer_update,0.3407585780369118
toy5,neural_output_average,batched,batched,cuda,1024,5,1,1,0,2,toy5_gpu_core_neural_output_average_batched_1024_cuda_repeat01,5,neural_policy,output_average,social_loss_update,0.3450637989444658
toy5,neural_output_average,batched,batched,cuda,1024,5,1,1,0,2,toy5_gpu_core_neural_output_average_batched_1024_cuda_repeat01,5,neural_policy,output_average,social_distillation,0.3689853949472308
toy5,neural_output_average,batched,batched,cuda,1024,5,1,1,0,2,toy5_gpu_core_neural_output_average_batched_1024_cuda_repeat01,5,neural_policy,output_average,social_step,0.36945775197818875
toy5,neural_output_average,batched,batched,cuda,1024,5,1,1,0,2,toy5_gpu_core_neural_output_average_batched_1024_cuda_repeat01,5,neural_policy,output_average,sample_actions,5.7030003517866135e-05
toy5,neural_output_average,batched,batched,cuda,1024,5,1,1,0,2,toy5_gpu_core_neural_output_average_batched_1024_cuda_repeat01,5,neural_policy,output_average,commit_actions,0.0008484659483656287
toy5,neural_output_average,batched,batched,cuda,1024,5,1,1,0,2,toy5_gpu_core_neural_output_average_batched_1024_cuda_repeat01,5,neural_policy,output_average,post_step_state_policy,0.0002467079320922494
toy5,neural_output_average,batched,batched,cuda,1024,5,1,1,0,2,toy5_gpu_core_neural_output_average_batched_1024_cuda_repeat01,5,neural_policy,output_average,update_reputation_ema,0.00048021203838288784
toy5,neural_output_average,batched,batched,cuda,1024,5,1,1,0,2,toy5_gpu_core_neural_output_average_batched_1024_cuda_repeat01,5,neural_policy,output_average,finalize_hook_step,4.771305248141289e-05
toy5,neural_output_average,batched,batched,cuda,1024,5,1,1,0,2,toy5_gpu_core_neural_output_average_batched_1024_cuda_repeat01,5,neural_policy,output_average,hooked_step_total,0.468074562959373
toy5,neural_output_average,batched,batched,cuda,1024,5,1,1,0,2,toy5_gpu_core_neural_output_average_batched_1024_cuda_repeat01,5,neural_policy,output_average,aggregate_row,0.0553923649713397
toy5,neural_output_average,batched,batched,cuda,1024,5,1,1,0,2,toy5_gpu_core_neural_output_average_batched_1024_cuda_repeat01,5,neural_policy,output_average,write_aggregate,0.00044848001562058926
toy5,neural_output_average,tensor_batched,tensor_batched,cpu,1024,5,1,0,0,2,toy5_gpu_core_neural_output_average_tensor_batched_1024_cpu_repeat00,0,neural_policy,output_average,make_run_dir,0.00320024904794991
toy5,neural_output_average,tensor_batched,tensor_batched,cpu,1024,5,1,0,0,2,toy5_gpu_core_neural_output_average_tensor_batched_1024_cpu_repeat00,0,neural_policy,output_average,write_metadata,0.010383433080278337
toy5,neural_output_average,tensor_batched,tensor_batched,cpu,1024,5,1,0,0,2,toy5_gpu_core_neural_output_average_tensor_batched_1024_cpu_repeat00,0,neural_policy,output_average,initial_state,2.476318077999167
toy5,neural_output_average,tensor_batched,tensor_batched,cpu,1024,5,1,0,0,2,toy5_gpu_core_neural_output_average_tensor_batched_1024_cpu_repeat00,0,neural_policy,output_average,writer_setup,0.008639977895654738
toy5,neural_output_average,tensor_batched,tensor_batched,cpu,1024,5,1,0,0,2,toy5_gpu_core_neural_output_average_tensor_batched_1024_cpu_repeat00,0,neural_policy,output_average,initial_step_result,0.015257734106853604
toy5,neural_output_average,tensor_batched,tensor_batched,cpu,1024,5,1,0,0,2,toy5_gpu_core_neural_output_average_tensor_batched_1024_cpu_repeat00,0,neural_policy,output_average,initial_aggregate_row,0.026573332957923412
toy5,neural_output_average,tensor_batched,tensor_batched,cpu,1024,5,1,0,0,2,toy5_gpu_core_neural_output_average_tensor_batched_1024_cpu_repeat00,0,neural_policy,output_average,write_initial_aggregate,0.00034263497218489647
toy5,neural_output_average,tensor_batched,tensor_batched,cpu,1024,5,1,0,0,2,toy5_gpu_core_neural_output_average_tensor_batched_1024_cpu_repeat00,1,neural_policy,output_average,sample_revision_mask,0.00011638598516583443
toy5,neural_output_average,tensor_batched,tensor_batched,cpu,1024,5,1,0,0,2,toy5_gpu_core_neural_output_average_tensor_batched_1024_cpu_repeat00,1,neural_policy,output_average,build_step_context,0.00323944294359535
toy5,neural_output_average,tensor_batched,tensor_batched,cpu,1024,5,1,0,0,2,toy5_gpu_core_neural_output_average_tensor_batched_1024_cpu_repeat00,1,neural_policy,output_average,build_observations,0.005560355028137565
toy5,neural_output_average,tensor_batched,tensor_batched,cpu,1024,5,1,0,0,2,toy5_gpu_core_neural_output_average_tensor_batched_1024_cpu_repeat00,1,neural_policy,output_average,policy_readout,0.008761032950133085
toy5,neural_output_average,tensor_batched,tensor_batched,cpu,1024,5,1,0,0,2,toy5_gpu_core_neural_output_average_tensor_batched_1024_cpu_repeat00,1,neural_policy,output_average,decision_selection,0.001576267066411674
toy5,neural_output_average,tensor_batched,tensor_batched,cpu,1024,5,1,0,0,2,toy5_gpu_core_neural_output_average_tensor_batched_1024_cpu_repeat00,1,neural_policy,output_average,local_trainable_parameters,0.0030923279700800776
toy5,neural_output_average,tensor_batched,tensor_batched,cpu,1024,5,1,0,0,2,toy5_gpu_core_neural_output_average_tensor_batched_1024_cpu_repeat00,1,neural_policy,output_average,local_loss_forward,0.0052687800489366055
toy5,neural_output_average,tensor_batched,tensor_batched,cpu,1024,5,1,0,0,2,toy5_gpu_core_neural_output_average_tensor_batched_1024_cpu_repeat00,1,neural_policy,output_average,local_autograd_grad,0.010261985007673502
toy5,neural_output_average,tensor_batched,tensor_batched,cpu,1024,5,1,0,0,2,toy5_gpu_core_neural_output_average_tensor_batched_1024_cpu_repeat00,1,neural_policy,output_average,local_adam_update,0.021798521978780627
toy5,neural_output_average,tensor_batched,tensor_batched,cpu,1024,5,1,0,0,2,toy5_gpu_core_neural_output_average_tensor_batched_1024_cpu_repeat00,1,neural_policy,output_average,local_optimizer_update,0.0336487969616428
toy5,neural_output_average,tensor_batched,tensor_batched,cpu,1024,5,1,0,0,2,toy5_gpu_core_neural_output_average_tensor_batched_1024_cpu_repeat00,1,neural_policy,output_average,local_loss_update,0.03901603794656694
toy5,neural_output_average,tensor_batched,tensor_batched,cpu,1024,5,1,0,0,2,toy5_gpu_core_neural_output_average_tensor_batched_1024_cpu_repeat00,1,neural_policy,output_average,local_training,0.042424237937666476
toy5,neural_output_average,tensor_batched,tensor_batched,cpu,1024,5,1,0,0,2,toy5_gpu_core_neural_output_average_tensor_batched_1024_cpu_repeat00,1,neural_policy,output_average,cache_refresh,4.196097142994404e-05
toy5,neural_output_average,tensor_batched,tensor_batched,cpu,1024,5,1,0,0,2,toy5_gpu_core_neural_output_average_tensor_batched_1024_cpu_repeat00,1,neural_policy,output_average,post_local_readout,0.0013124659890308976
toy5,neural_output_average,tensor_batched,tensor_batched,cpu,1024,5,1,0,0,2,toy5_gpu_core_neural_output_average_tensor_batched_1024_cpu_repeat00,1,neural_policy,output_average,local_step,0.06295185396447778
toy5,neural_output_average,tensor_batched,tensor_batched,cpu,1024,5,1,0,0,2,toy5_gpu_core_neural_output_average_tensor_batched_1024_cpu_repeat00,1,neural_policy,output_average,select_peers,0.000951846013776958
toy5,neural_output_average,tensor_batched,tensor_batched,cpu,1024,5,1,0,0,2,toy5_gpu_core_neural_output_average_tensor_batched_1024_cpu_repeat00,1,neural_policy,output_average,social_mix,0.005399022018536925
toy5,neural_output_average,tensor_batched,tensor_batched,cpu,1024,5,1,0,0,2,toy5_gpu_core_neural_output_average_tensor_batched_1024_cpu_repeat00,1,neural_policy,output_average,social_loss_forward,0.002570725977420807
toy5,neural_output_average,tensor_batched,tensor_batched,cpu,1024,5,1,0,0,2,toy5_gpu_core_neural_output_average_tensor_batched_1024_cpu_repeat00,1,neural_policy,output_average,social_autograd_grad,0.002932629082351923
toy5,neural_output_average,tensor_batched,tensor_batched,cpu,1024,5,1,0,0,2,toy5_gpu_core_neural_output_average_tensor_batched_1024_cpu_repeat00,1,neural_policy,output_average,social_adam_update,0.008316782070323825
toy5,neural_output_average,tensor_batched,tensor_batched,cpu,1024,5,1,0,0,2,toy5_gpu_core_neural_output_average_tensor_batched_1024_cpu_repeat00,1,neural_policy,output_average,social_optimizer_update,0.012321488931775093
toy5,neural_output_average,tensor_batched,tensor_batched,cpu,1024,5,1,0,0,2,toy5_gpu_core_neural_output_average_tensor_batched_1024_cpu_repeat00,1,neural_policy,output_average,social_distillation,0.02285960002336651
toy5,neural_output_average,tensor_batched,tensor_batched,cpu,1024,5,1,0,0,2,toy5_gpu_core_neural_output_average_tensor_batched_1024_cpu_repeat00,1,neural_policy,output_average,social_step,0.02297060494311154
toy5,neural_output_average,tensor_batched,tensor_batched,cpu,1024,5,1,0,0,2,toy5_gpu_core_neural_output_average_tensor_batched_1024_cpu_repeat00,1,neural_policy,output_average,sample_actions,2.3850006982684135e-06
toy5,neural_output_average,tensor_batched,tensor_batched,cpu,1024,5,1,0,0,2,toy5_gpu_core_neural_output_average_tensor_batched_1024_cpu_repeat00,1,neural_policy,output_average,commit_actions,0.00022575794719159603
toy5,neural_output_average,tensor_batched,tensor_batched,cpu,1024,5,1,0,0,2,toy5_gpu_core_neural_output_average_tensor_batched_1024_cpu_repeat00,1,neural_policy,output_average,post_step_state_policy,0.00011370005086064339
toy5,neural_output_average,tensor_batched,tensor_batched,cpu,1024,5,1,0,0,2,toy5_gpu_core_neural_output_average_tensor_batched_1024_cpu_repeat00,1,neural_policy,output_average,update_reputation_ema,0.00015552202239632607
toy5,neural_output_average,tensor_batched,tensor_batched,cpu,1024,5,1,0,0,2,toy5_gpu_core_neural_output_average_tensor_batched_1024_cpu_repeat00,1,neural_policy,output_average,finalize_hook_step,1.1692987754940987e-05
toy5,neural_output_average,tensor_batched,tensor_batched,cpu,1024,5,1,0,0,2,toy5_gpu_core_neural_output_average_tensor_batched_1024_cpu_repeat00,1,neural_policy,output_average,hooked_step_total,0.09577833500225097
toy5,neural_output_average,tensor_batched,tensor_batched,cpu,1024,5,1,0,0,2,toy5_gpu_core_neural_output_average_tensor_batched_1024_cpu_repeat00,1,neural_policy,output_average,aggregate_row,0.02645971206948161
toy5,neural_output_average,tensor_batched,tensor_batched,cpu,1024,5,1,0,0,2,toy5_gpu_core_neural_output_average_tensor_batched_1024_cpu_repeat00,1,neural_policy,output_average,write_aggregate,0.0003404100425541401
toy5,neural_output_average,tensor_batched,tensor_batched,cpu,1024,5,1,0,0,2,toy5_gpu_core_neural_output_average_tensor_batched_1024_cpu_repeat00,2,neural_policy,output_average,sample_revision_mask,0.00012650596909224987
toy5,neural_output_average,tensor_batched,tensor_batched,cpu,1024,5,1,0,0,2,toy5_gpu_core_neural_output_average_tensor_batched_1024_cpu_repeat00,2,neural_policy,output_average,build_step_context,0.0032442930387333035
toy5,neural_output_average,tensor_batched,tensor_batched,cpu,1024,5,1,0,0,2,toy5_gpu_core_neural_output_average_tensor_batched_1024_cpu_repeat00,2,neural_policy,output_average,build_observations,0.005700416979379952
toy5,neural_output_average,tensor_batched,tensor_batched,cpu,1024,5,1,0,0,2,toy5_gpu_core_neural_output_average_tensor_batched_1024_cpu_repeat00,2,neural_policy,output_average,policy_readout,0.0042571269441396
toy5,neural_output_average,tensor_batched,tensor_batched,cpu,1024,5,1,0,0,2,toy5_gpu_core_neural_output_average_tensor_batched_1024_cpu_repeat00,2,neural_policy,output_average,decision_selection,0.001177533995360136
toy5,neural_output_average,tensor_batched,tensor_batched,cpu,1024,5,1,0,0,2,toy5_gpu_core_neural_output_average_tensor_batched_1024_cpu_repeat00,2,neural_policy,output_average,local_trainable_parameters,0.002012253040447831
toy5,neural_output_average,tensor_batched,tensor_batched,cpu,1024,5,1,0,0,2,toy5_gpu_core_neural_output_average_tensor_batched_1024_cpu_repeat00,2,neural_policy,output_average,local_loss_forward,0.003315450972877443
toy5,neural_output_average,tensor_batched,tensor_batched,cpu,1024,5,1,0,0,2,toy5_gpu_core_neural_output_average_tensor_batched_1024_cpu_repeat00,2,neural_policy,output_average,local_autograd_grad,0.005256335949525237
toy5,neural_output_average,tensor_batched,tensor_batched,cpu,1024,5,1,0,0,2,toy5_gpu_core_neural_output_average_tensor_batched_1024_cpu_repeat00,2,neural_policy,output_average,local_adam_update,0.017625577049329877
toy5,neural_output_average,tensor_batched,tensor_batched,cpu,1024,5,1,0,0,2,toy5_gpu_core_neural_output_average_tensor_batched_1024_cpu_repeat00,2,neural_policy,output_average,local_optimizer_update,0.023908192990347743
toy5,neural_output_average,tensor_batched,tensor_batched,cpu,1024,5,1,0,0,2,toy5_gpu_core_neural_output_average_tensor_batched_1024_cpu_repeat00,2,neural_policy,output_average,local_loss_update,0.02729838900268078
toy5,neural_output_average,tensor_batched,tensor_batched,cpu,1024,5,1,0,0,2,toy5_gpu_core_neural_output_average_tensor_batched_1024_cpu_repeat00,2,neural_policy,output_average,local_training,0.02956301101949066
toy5,neural_output_average,tensor_batched,tensor_batched,cpu,1024,5,1,0,0,2,toy5_gpu_core_neural_output_average_tensor_batched_1024_cpu_repeat00,2,neural_policy,output_average,cache_refresh,1.969793811440468e-05
toy5,neural_output_average,tensor_batched,tensor_batched,cpu,1024,5,1,0,0,2,toy5_gpu_core_neural_output_average_tensor_batched_1024_cpu_repeat00,2,neural_policy,output_average,post_local_readout,0.000992615008726716
toy5,neural_output_average,tensor_batched,tensor_batched,cpu,1024,5,1,0,0,2,toy5_gpu_core_neural_output_average_tensor_batched_1024_cpu_repeat00,2,neural_policy,output_average,local_step,0.04429079906549305
toy5,neural_output_average,tensor_batched,tensor_batched,cpu,1024,5,1,0,0,2,toy5_gpu_core_neural_output_average_tensor_batched_1024_cpu_repeat00,2,neural_policy,output_average,select_peers,0.0003281370736658573
toy5,neural_output_average,tensor_batched,tensor_batched,cpu,1024,5,1,0,0,2,toy5_gpu_core_neural_output_average_tensor_batched_1024_cpu_repeat00,2,neural_policy,output_average,social_mix,0.0052968040108680725
toy5,neural_output_average,tensor_batched,tensor_batched,cpu,1024,5,1,0,0,2,toy5_gpu_core_neural_output_average_tensor_batched_1024_cpu_repeat00,2,neural_policy,output_average,social_loss_forward,0.001925764954648912
toy5,neural_output_average,tensor_batched,tensor_batched,cpu,1024,5,1,0,0,2,toy5_gpu_core_neural_output_average_tensor_batched_1024_cpu_repeat00,2,neural_policy,output_average,social_autograd_grad,0.003592718974687159
toy5,neural_output_average,tensor_batched,tensor_batched,cpu,1024,5,1,0,0,2,toy5_gpu_core_neural_output_average_tensor_batched_1024_cpu_repeat00,2,neural_policy,output_average,social_adam_update,0.011201637098565698
toy5,neural_output_average,tensor_batched,tensor_batched,cpu,1024,5,1,0,0,2,toy5_gpu_core_neural_output_average_tensor_batched_1024_cpu_repeat00,2,neural_policy,output_average,social_optimizer_update,0.016198329045437276
toy5,neural_output_average,tensor_batched,tensor_batched,cpu,1024,5,1,0,0,2,toy5_gpu_core_neural_output_average_tensor_batched_1024_cpu_repeat00,2,neural_policy,output_average,social_distillation,0.02994253800716251
toy5,neural_output_average,tensor_batched,tensor_batched,cpu,1024,5,1,0,0,2,toy5_gpu_core_neural_output_average_tensor_batched_1024_cpu_repeat00,2,neural_policy,output_average,social_step,0.03002377599477768
toy5,neural_output_average,tensor_batched,tensor_batched,cpu,1024,5,1,0,0,2,toy5_gpu_core_neural_output_average_tensor_batched_1024_cpu_repeat00,2,neural_policy,output_average,sample_actions,2.775108441710472e-06
toy5,neural_output_average,tensor_batched,tensor_batched,cpu,1024,5,1,0,0,2,toy5_gpu_core_neural_output_average_tensor_batched_1024_cpu_repeat00,2,neural_policy,output_average,commit_actions,0.00033085199538618326
toy5,neural_output_average,tensor_batched,tensor_batched,cpu,1024,5,1,0,0,2,toy5_gpu_core_neural_output_average_tensor_batched_1024_cpu_repeat00,2,neural_policy,output_average,post_step_state_policy,0.00018308509606868029
toy5,neural_output_average,tensor_batched,tensor_batched,cpu,1024,5,1,0,0,2,toy5_gpu_core_neural_output_average_tensor_batched_1024_cpu_repeat00,2,neural_policy,output_average,update_reputation_ema,0.00024700898211449385
toy5,neural_output_average,tensor_batched,tensor_batched,cpu,1024,5,1,0,0,2,toy5_gpu_core_neural_output_average_tensor_batched_1024_cpu_repeat00,2,neural_policy,output_average,finalize_hook_step,1.323595643043518e-05
toy5,neural_output_average,tensor_batched,tensor_batched,cpu,1024,5,1,0,0,2,toy5_gpu_core_neural_output_average_tensor_batched_1024_cpu_repeat00,2,neural_policy,output_average,hooked_step_total,0.0832189240027219
toy5,neural_output_average,tensor_batched,tensor_batched,cpu,1024,5,1,0,0,2,toy5_gpu_core_neural_output_average_tensor_batched_1024_cpu_repeat00,2,neural_policy,output_average,aggregate_row,0.04619271692354232
toy5,neural_output_average,tensor_batched,tensor_batched,cpu,1024,5,1,0,0,2,toy5_gpu_core_neural_output_average_tensor_batched_1024_cpu_repeat00,2,neural_policy,output_average,write_aggregate,0.00042461405973881483
toy5,neural_output_average,tensor_batched,tensor_batched,cpu,1024,5,1,0,0,2,toy5_gpu_core_neural_output_average_tensor_batched_1024_cpu_repeat00,3,neural_policy,output_average,sample_revision_mask,0.00012643495574593544
toy5,neural_output_average,tensor_batched,tensor_batched,cpu,1024,5,1,0,0,2,toy5_gpu_core_neural_output_average_tensor_batched_1024_cpu_repeat00,3,neural_policy,output_average,build_step_context,0.004869975964538753
toy5,neural_output_average,tensor_batched,tensor_batched,cpu,1024,5,1,0,0,2,toy5_gpu_core_neural_output_average_tensor_batched_1024_cpu_repeat00,3,neural_policy,output_average,build_observations,0.007575294002890587
toy5,neural_output_average,tensor_batched,tensor_batched,cpu,1024,5,1,0,0,2,toy5_gpu_core_neural_output_average_tensor_batched_1024_cpu_repeat00,3,neural_policy,output_average,policy_readout,0.008529554004780948
toy5,neural_output_average,tensor_batched,tensor_batched,cpu,1024,5,1,0,0,2,toy5_gpu_core_neural_output_average_tensor_batched_1024_cpu_repeat00,3,neural_policy,output_average,decision_selection,0.0018061930313706398
toy5,neural_output_average,tensor_batched,tensor_batched,cpu,1024,5,1,0,0,2,toy5_gpu_core_neural_output_average_tensor_batched_1024_cpu_repeat00,3,neural_policy,output_average,local_trainable_parameters,0.005359475966542959
toy5,neural_output_average,tensor_batched,tensor_batched,cpu,1024,5,1,0,0,2,toy5_gpu_core_neural_output_average_tensor_batched_1024_cpu_repeat00,3,neural_policy,output_average,local_loss_forward,0.007340808981098235
toy5,neural_output_average,tensor_batched,tensor_batched,cpu,1024,5,1,0,0,2,toy5_gpu_core_neural_output_average_tensor_batched_1024_cpu_repeat00,3,neural_policy,output_average,local_autograd_grad,0.011114888940937817
toy5,neural_output_average,tensor_batched,tensor_batched,cpu,1024,5,1,0,0,2,toy5_gpu_core_neural_output_average_tensor_batched_1024_cpu_repeat00,3,neural_policy,output_average,local_adam_update,0.02531837800052017
toy5,neural_output_average,tensor_batched,tensor_batched,cpu,1024,5,1,0,0,2,toy5_gpu_core_neural_output_average_tensor_batched_1024_cpu_repeat00,3,neural_policy,output_average,local_optimizer_update,0.03828134201467037
toy5,neural_output_average,tensor_batched,tensor_batched,cpu,1024,5,1,0,0,2,toy5_gpu_core_neural_output_average_tensor_batched_1024_cpu_repeat00,3,neural_policy,output_average,local_loss_update,0.04578315292019397
toy5,neural_output_average,tensor_batched,tensor_batched,cpu,1024,5,1,0,0,2,toy5_gpu_core_neural_output_average_tensor_batched_1024_cpu_repeat00,3,neural_policy,output_average,local_training,0.05174976494163275
toy5,neural_output_average,tensor_batched,tensor_batched,cpu,1024,5,1,0,0,2,toy5_gpu_core_neural_output_average_tensor_batched_1024_cpu_repeat00,3,neural_policy,output_average,cache_refresh,2.812489401549101e-05
toy5,neural_output_average,tensor_batched,tensor_batched,cpu,1024,5,1,0,0,2,toy5_gpu_core_neural_output_average_tensor_batched_1024_cpu_repeat00,3,neural_policy,output_average,post_local_readout,0.0023495169589295983
toy5,neural_output_average,tensor_batched,tensor_batched,cpu,1024,5,1,0,0,2,toy5_gpu_core_neural_output_average_tensor_batched_1024_cpu_repeat00,3,neural_policy,output_average,local_step,0.07678155798930675
toy5,neural_output_average,tensor_batched,tensor_batched,cpu,1024,5,1,0,0,2,toy5_gpu_core_neural_output_average_tensor_batched_1024_cpu_repeat00,3,neural_policy,output_average,select_peers,0.0010869388934224844
toy5,neural_output_average,tensor_batched,tensor_batched,cpu,1024,5,1,0,0,2,toy5_gpu_core_neural_output_average_tensor_batched_1024_cpu_repeat00,3,neural_policy,output_average,social_mix,0.007377350004389882
toy5,neural_output_average,tensor_batched,tensor_batched,cpu,1024,5,1,0,0,2,toy5_gpu_core_neural_output_average_tensor_batched_1024_cpu_repeat00,3,neural_policy,output_average,social_loss_forward,0.002597679034806788
toy5,neural_output_average,tensor_batched,tensor_batched,cpu,1024,5,1,0,0,2,toy5_gpu_core_neural_output_average_tensor_batched_1024_cpu_repeat00,3,neural_policy,output_average,social_autograd_grad,0.0033522919984534383
toy5,neural_output_average,tensor_batched,tensor_batched,cpu,1024,5,1,0,0,2,toy5_gpu_core_neural_output_average_tensor_batched_1024_cpu_repeat00,3,neural_policy,output_average,social_adam_update,0.007459808955900371
toy5,neural_output_average,tensor_batched,tensor_batched,cpu,1024,5,1,0,0,2,toy5_gpu_core_neural_output_average_tensor_batched_1024_cpu_repeat00,3,neural_policy,output_average,social_optimizer_update,0.011934038018807769
toy5,neural_output_average,tensor_batched,tensor_batched,cpu,1024,5,1,0,0,2,toy5_gpu_core_neural_output_average_tensor_batched_1024_cpu_repeat00,3,neural_policy,output_average,social_distillation,0.02536084095481783
toy5,neural_output_average,tensor_batched,tensor_batched,cpu,1024,5,1,0,0,2,toy5_gpu_core_neural_output_average_tensor_batched_1024_cpu_repeat00,3,neural_policy,output_average,social_step,0.02546036394778639
toy5,neural_output_average,tensor_batched,tensor_batched,cpu,1024,5,1,0,0,2,toy5_gpu_core_neural_output_average_tensor_batched_1024_cpu_repeat00,3,neural_policy,output_average,sample_actions,2.3549655452370644e-06
toy5,neural_output_average,tensor_batched,tensor_batched,cpu,1024,5,1,0,0,2,toy5_gpu_core_neural_output_average_tensor_batched_1024_cpu_repeat00,3,neural_policy,output_average,commit_actions,0.00036675098817795515
toy5,neural_output_average,tensor_batched,tensor_batched,cpu,1024,5,1,0,0,2,toy5_gpu_core_neural_output_average_tensor_batched_1024_cpu_repeat00,3,neural_policy,output_average,post_step_state_policy,0.00017184298485517502
toy5,neural_output_average,tensor_batched,tensor_batched,cpu,1024,5,1,0,0,2,toy5_gpu_core_neural_output_average_tensor_batched_1024_cpu_repeat00,3,neural_policy,output_average,update_reputation_ema,0.00016975903417915106
toy5,neural_output_average,tensor_batched,tensor_batched,cpu,1024,5,1,0,0,2,toy5_gpu_core_neural_output_average_tensor_batched_1024_cpu_repeat00,3,neural_policy,output_average,finalize_hook_step,1.3857032172381878e-05
toy5,neural_output_average,tensor_batched,tensor_batched,cpu,1024,5,1,0,0,2,toy5_gpu_core_neural_output_average_tensor_batched_1024_cpu_repeat00,3,neural_policy,output_average,hooked_step_total,0.11584569897968322
toy5,neural_output_average,tensor_batched,tensor_batched,cpu,1024,5,1,0,0,2,toy5_gpu_core_neural_output_average_tensor_batched_1024_cpu_repeat00,3,neural_policy,output_average,aggregate_row,0.0346580040641129
toy5,neural_output_average,tensor_batched,tensor_batched,cpu,1024,5,1,0,0,2,toy5_gpu_core_neural_output_average_tensor_batched_1024_cpu_repeat00,3,neural_policy,output_average,write_aggregate,0.0004727570340037346
toy5,neural_output_average,tensor_batched,tensor_batched,cpu,1024,5,1,0,0,2,toy5_gpu_core_neural_output_average_tensor_batched_1024_cpu_repeat00,4,neural_policy,output_average,sample_revision_mask,0.0001438490580767393
toy5,neural_output_average,tensor_batched,tensor_batched,cpu,1024,5,1,0,0,2,toy5_gpu_core_neural_output_average_tensor_batched_1024_cpu_repeat00,4,neural_policy,output_average,build_step_context,0.003237319062463939
toy5,neural_output_average,tensor_batched,tensor_batched,cpu,1024,5,1,0,0,2,toy5_gpu_core_neural_output_average_tensor_batched_1024_cpu_repeat00,4,neural_policy,output_average,build_observations,0.0054433479672297835
toy5,neural_output_average,tensor_batched,tensor_batched,cpu,1024,5,1,0,0,2,toy5_gpu_core_neural_output_average_tensor_batched_1024_cpu_repeat00,4,neural_policy,output_average,policy_readout,0.005227940040640533
toy5,neural_output_average,tensor_batched,tensor_batched,cpu,1024,5,1,0,0,2,toy5_gpu_core_neural_output_average_tensor_batched_1024_cpu_repeat00,4,neural_policy,output_average,decision_selection,0.0010971579467877746
toy5,neural_output_average,tensor_batched,tensor_batched,cpu,1024,5,1,0,0,2,toy5_gpu_core_neural_output_average_tensor_batched_1024_cpu_repeat00,4,neural_policy,output_average,local_trainable_parameters,0.002370037022046745
toy5,neural_output_average,tensor_batched,tensor_batched,cpu,1024,5,1,0,0,2,toy5_gpu_core_neural_output_average_tensor_batched_1024_cpu_repeat00,4,neural_policy,output_average,local_loss_forward,0.003909924067556858
toy5,neural_output_average,tensor_batched,tensor_batched,cpu,1024,5,1,0,0,2,toy5_gpu_core_neural_output_average_tensor_batched_1024_cpu_repeat00,4,neural_policy,output_average,local_autograd_grad,0.007936162990517914
toy5,neural_output_average,tensor_batched,tensor_batched,cpu,1024,5,1,0,0,2,toy5_gpu_core_neural_output_average_tensor_batched_1024_cpu_repeat00,4,neural_policy,output_average,local_adam_update,0.0133062299573794
toy5,neural_output_average,tensor_batched,tensor_batched,cpu,1024,5,1,0,0,2,toy5_gpu_core_neural_output_average_tensor_batched_1024_cpu_repeat00,4,neural_policy,output_average,local_optimizer_update,0.02234639402013272
toy5,neural_output_average,tensor_batched,tensor_batched,cpu,1024,5,1,0,0,2,toy5_gpu_core_neural_output_average_tensor_batched_1024_cpu_repeat00,4,neural_policy,output_average,local_loss_update,0.026343617006205022
toy5,neural_output_average,tensor_batched,tensor_batched,cpu,1024,5,1,0,0,2,toy5_gpu_core_neural_output_average_tensor_batched_1024_cpu_repeat00,4,neural_policy,output_average,local_training,0.02895225689280778
toy5,neural_output_average,tensor_batched,tensor_batched,cpu,1024,5,1,0,0,2,toy5_gpu_core_neural_output_average_tensor_batched_1024_cpu_repeat00,4,neural_policy,output_average,cache_refresh,2.2594002075493336e-05
toy5,neural_output_average,tensor_batched,tensor_batched,cpu,1024,5,1,0,0,2,toy5_gpu_core_neural_output_average_tensor_batched_1024_cpu_repeat00,4,neural_policy,output_average,post_local_readout,0.0008247600635513663
toy5,neural_output_average,tensor_batched,tensor_batched,cpu,1024,5,1,0,0,2,toy5_gpu_core_neural_output_average_tensor_batched_1024_cpu_repeat00,4,neural_policy,output_average,local_step,0.04438669397495687
toy5,neural_output_average,tensor_batched,tensor_batched,cpu,1024,5,1,0,0,2,toy5_gpu_core_neural_output_average_tensor_batched_1024_cpu_repeat00,4,neural_policy,output_average,select_peers,0.00037089898250997066
toy5,neural_output_average,tensor_batched,tensor_batched,cpu,1024,5,1,0,0,2,toy5_gpu_core_neural_output_average_tensor_batched_1024_cpu_repeat00,4,neural_policy,output_average,social_mix,0.0063894729828462005
toy5,neural_output_average,tensor_batched,tensor_batched,cpu,1024,5,1,0,0,2,toy5_gpu_core_neural_output_average_tensor_batched_1024_cpu_repeat00,4,neural_policy,output_average,social_loss_forward,0.003431765944696963
toy5,neural_output_average,tensor_batched,tensor_batched,cpu,1024,5,1,0,0,2,toy5_gpu_core_neural_output_average_tensor_batched_1024_cpu_repeat00,4,neural_policy,output_average,social_autograd_grad,0.00332926691044122
toy5,neural_output_average,tensor_batched,tensor_batched,cpu,1024,5,1,0,0,2,toy5_gpu_core_neural_output_average_tensor_batched_1024_cpu_repeat00,4,neural_policy,output_average,social_adam_update,0.005222389008849859
toy5,neural_output_average,tensor_batched,tensor_batched,cpu,1024,5,1,0,0,2,toy5_gpu_core_neural_output_average_tensor_batched_1024_cpu_repeat00,4,neural_policy,output_average,social_optimizer_update,0.009495918988250196
toy5,neural_output_average,tensor_batched,tensor_batched,cpu,1024,5,1,0,0,2,toy5_gpu_core_neural_output_average_tensor_batched_1024_cpu_repeat00,4,neural_policy,output_average,social_distillation,0.02271105197723955
toy5,neural_output_average,tensor_batched,tensor_batched,cpu,1024,5,1,0,0,2,toy5_gpu_core_neural_output_average_tensor_batched_1024_cpu_repeat00,4,neural_policy,output_average,social_step,0.022805994958616793
toy5,neural_output_average,tensor_batched,tensor_batched,cpu,1024,5,1,0,0,2,toy5_gpu_core_neural_output_average_tensor_batched_1024_cpu_repeat00,4,neural_policy,output_average,sample_actions,3.286055289208889e-06
toy5,neural_output_average,tensor_batched,tensor_batched,cpu,1024,5,1,0,0,2,toy5_gpu_core_neural_output_average_tensor_batched_1024_cpu_repeat00,4,neural_policy,output_average,commit_actions,0.00031639402732253075
toy5,neural_output_average,tensor_batched,tensor_batched,cpu,1024,5,1,0,0,2,toy5_gpu_core_neural_output_average_tensor_batched_1024_cpu_repeat00,4,neural_policy,output_average,post_step_state_policy,0.0001829550601541996
toy5,neural_output_average,tensor_batched,tensor_batched,cpu,1024,5,1,0,0,2,toy5_gpu_core_neural_output_average_tensor_batched_1024_cpu_repeat00,4,neural_policy,output_average,update_reputation_ema,0.00022763200104236603
toy5,neural_output_average,tensor_batched,tensor_batched,cpu,1024,5,1,0,0,2,toy5_gpu_core_neural_output_average_tensor_batched_1024_cpu_repeat00,4,neural_policy,output_average,finalize_hook_step,4.0858983993530273e-05
toy5,neural_output_average,tensor_batched,tensor_batched,cpu,1024,5,1,0,0,2,toy5_gpu_core_neural_output_average_tensor_batched_1024_cpu_repeat00,4,neural_policy,output_average,hooked_step_total,0.07580449408851564
toy5,neural_output_average,tensor_batched,tensor_batched,cpu,1024,5,1,0,0,2,toy5_gpu_core_neural_output_average_tensor_batched_1024_cpu_repeat00,4,neural_policy,output_average,aggregate_row,0.03535523696336895
toy5,neural_output_average,tensor_batched,tensor_batched,cpu,1024,5,1,0,0,2,toy5_gpu_core_neural_output_average_tensor_batched_1024_cpu_repeat00,4,neural_policy,output_average,write_aggregate,0.0006677160272374749
toy5,neural_output_average,tensor_batched,tensor_batched,cpu,1024,5,1,0,0,2,toy5_gpu_core_neural_output_average_tensor_batched_1024_cpu_repeat00,5,neural_policy,output_average,sample_revision_mask,0.00013615400530397892
toy5,neural_output_average,tensor_batched,tensor_batched,cpu,1024,5,1,0,0,2,toy5_gpu_core_neural_output_average_tensor_batched_1024_cpu_repeat00,5,neural_policy,output_average,build_step_context,0.0031420550076290965
toy5,neural_output_average,tensor_batched,tensor_batched,cpu,1024,5,1,0,0,2,toy5_gpu_core_neural_output_average_tensor_batched_1024_cpu_repeat00,5,neural_policy,output_average,build_observations,0.005401667091064155
toy5,neural_output_average,tensor_batched,tensor_batched,cpu,1024,5,1,0,0,2,toy5_gpu_core_neural_output_average_tensor_batched_1024_cpu_repeat00,5,neural_policy,output_average,policy_readout,0.006080613937228918
toy5,neural_output_average,tensor_batched,tensor_batched,cpu,1024,5,1,0,0,2,toy5_gpu_core_neural_output_average_tensor_batched_1024_cpu_repeat00,5,neural_policy,output_average,decision_selection,0.0014150349888950586
toy5,neural_output_average,tensor_batched,tensor_batched,cpu,1024,5,1,0,0,2,toy5_gpu_core_neural_output_average_tensor_batched_1024_cpu_repeat00,5,neural_policy,output_average,local_trainable_parameters,0.002220737049356103
toy5,neural_output_average,tensor_batched,tensor_batched,cpu,1024,5,1,0,0,2,toy5_gpu_core_neural_output_average_tensor_batched_1024_cpu_repeat00,5,neural_policy,output_average,local_loss_forward,0.004938189056701958
toy5,neural_output_average,tensor_batched,tensor_batched,cpu,1024,5,1,0,0,2,toy5_gpu_core_neural_output_average_tensor_batched_1024_cpu_repeat00,5,neural_policy,output_average,local_autograd_grad,0.006728781037963927
toy5,neural_output_average,tensor_batched,tensor_batched,cpu,1024,5,1,0,0,2,toy5_gpu_core_neural_output_average_tensor_batched_1024_cpu_repeat00,5,neural_policy,output_average,local_adam_update,0.007604439975693822
toy5,neural_output_average,tensor_batched,tensor_batched,cpu,1024,5,1,0,0,2,toy5_gpu_core_neural_output_average_tensor_batched_1024_cpu_repeat00,5,neural_policy,output_average,local_optimizer_update,0.015605499036610126
toy5,neural_output_average,tensor_batched,tensor_batched,cpu,1024,5,1,0,0,2,toy5_gpu_core_neural_output_average_tensor_batched_1024_cpu_repeat00,5,neural_policy,output_average,local_loss_update,0.020621838979423046
toy5,neural_output_average,tensor_batched,tensor_batched,cpu,1024,5,1,0,0,2,toy5_gpu_core_neural_output_average_tensor_batched_1024_cpu_repeat00,5,neural_policy,output_average,local_training,0.023179519921541214
toy5,neural_output_average,tensor_batched,tensor_batched,cpu,1024,5,1,0,0,2,toy5_gpu_core_neural_output_average_tensor_batched_1024_cpu_repeat00,5,neural_policy,output_average,cache_refresh,1.1893105693161488e-05
toy5,neural_output_average,tensor_batched,tensor_batched,cpu,1024,5,1,0,0,2,toy5_gpu_core_neural_output_average_tensor_batched_1024_cpu_repeat00,5,neural_policy,output_average,post_local_readout,0.0009803608991205692
toy5,neural_output_average,tensor_batched,tensor_batched,cpu,1024,5,1,0,0,2,toy5_gpu_core_neural_output_average_tensor_batched_1024_cpu_repeat00,5,neural_policy,output_average,local_step,0.039620950003154576
toy5,neural_output_average,tensor_batched,tensor_batched,cpu,1024,5,1,0,0,2,toy5_gpu_core_neural_output_average_tensor_batched_1024_cpu_repeat00,5,neural_policy,output_average,select_peers,0.00011645606718957424
toy5,neural_output_average,tensor_batched,tensor_batched,cpu,1024,5,1,0,0,2,toy5_gpu_core_neural_output_average_tensor_batched_1024_cpu_repeat00,5,neural_policy,output_average,social_mix,0.001625432982109487
toy5,neural_output_average,tensor_batched,tensor_batched,cpu,1024,5,1,0,0,2,toy5_gpu_core_neural_output_average_tensor_batched_1024_cpu_repeat00,5,neural_policy,output_average,social_loss_forward,0.00044712796807289124
toy5,neural_output_average,tensor_batched,tensor_batched,cpu,1024,5,1,0,0,2,toy5_gpu_core_neural_output_average_tensor_batched_1024_cpu_repeat00,5,neural_policy,output_average,social_autograd_grad,0.0017372299917042255
toy5,neural_output_average,tensor_batched,tensor_batched,cpu,1024,5,1,0,0,2,toy5_gpu_core_neural_output_average_tensor_batched_1024_cpu_repeat00,5,neural_policy,output_average,social_adam_update,0.002545287017710507
toy5,neural_output_average,tensor_batched,tensor_batched,cpu,1024,5,1,0,0,2,toy5_gpu_core_neural_output_average_tensor_batched_1024_cpu_repeat00,5,neural_policy,output_average,social_optimizer_update,0.004679666948504746
toy5,neural_output_average,tensor_batched,tensor_batched,cpu,1024,5,1,0,0,2,toy5_gpu_core_neural_output_average_tensor_batched_1024_cpu_repeat00,5,neural_policy,output_average,social_distillation,0.007355937035754323
toy5,neural_output_average,tensor_batched,tensor_batched,cpu,1024,5,1,0,0,2,toy5_gpu_core_neural_output_average_tensor_batched_1024_cpu_repeat00,5,neural_policy,output_average,social_step,0.007389193051494658
toy5,neural_output_average,tensor_batched,tensor_batched,cpu,1024,5,1,0,0,2,toy5_gpu_core_neural_output_average_tensor_batched_1024_cpu_repeat00,5,neural_policy,output_average,sample_actions,1.2330710887908936e-06
toy5,neural_output_average,tensor_batched,tensor_batched,cpu,1024,5,1,0,0,2,toy5_gpu_core_neural_output_average_tensor_batched_1024_cpu_repeat00,5,neural_policy,output_average,commit_actions,9.176810272037983e-05
toy5,neural_output_average,tensor_batched,tensor_batched,cpu,1024,5,1,0,0,2,toy5_gpu_core_neural_output_average_tensor_batched_1024_cpu_repeat00,5,neural_policy,output_average,post_step_state_policy,6.53369352221489e-05
toy5,neural_output_average,tensor_batched,tensor_batched,cpu,1024,5,1,0,0,2,toy5_gpu_core_neural_output_average_tensor_batched_1024_cpu_repeat00,5,neural_policy,output_average,update_reputation_ema,6.741110701113939e-05
toy5,neural_output_average,tensor_batched,tensor_batched,cpu,1024,5,1,0,0,2,toy5_gpu_core_neural_output_average_tensor_batched_1024_cpu_repeat00,5,neural_policy,output_average,finalize_hook_step,1.6652047634124756e-05
toy5,neural_output_average,tensor_batched,tensor_batched,cpu,1024,5,1,0,0,2,toy5_gpu_core_neural_output_average_tensor_batched_1024_cpu_repeat00,5,neural_policy,output_average,hooked_step_total,0.05287423694971949
toy5,neural_output_average,tensor_batched,tensor_batched,cpu,1024,5,1,0,0,2,toy5_gpu_core_neural_output_average_tensor_batched_1024_cpu_repeat00,5,neural_policy,output_average,aggregate_row,0.020618651993572712
toy5,neural_output_average,tensor_batched,tensor_batched,cpu,1024,5,1,0,0,2,toy5_gpu_core_neural_output_average_tensor_batched_1024_cpu_repeat00,5,neural_policy,output_average,write_aggregate,0.00019225303549319506
toy5,neural_output_average,tensor_batched,tensor_batched,cpu,1024,5,1,1,0,2,toy5_gpu_core_neural_output_average_tensor_batched_1024_cpu_repeat01,0,neural_policy,output_average,make_run_dir,0.002195287961512804
toy5,neural_output_average,tensor_batched,tensor_batched,cpu,1024,5,1,1,0,2,toy5_gpu_core_neural_output_average_tensor_batched_1024_cpu_repeat01,0,neural_policy,output_average,write_metadata,0.006505236960947514
toy5,neural_output_average,tensor_batched,tensor_batched,cpu,1024,5,1,1,0,2,toy5_gpu_core_neural_output_average_tensor_batched_1024_cpu_repeat01,0,neural_policy,output_average,initial_state,1.0290623609907925
toy5,neural_output_average,tensor_batched,tensor_batched,cpu,1024,5,1,1,0,2,toy5_gpu_core_neural_output_average_tensor_batched_1024_cpu_repeat01,0,neural_policy,output_average,writer_setup,0.0022345829056575894
toy5,neural_output_average,tensor_batched,tensor_batched,cpu,1024,5,1,1,0,2,toy5_gpu_core_neural_output_average_tensor_batched_1024_cpu_repeat01,0,neural_policy,output_average,initial_step_result,0.11824773892294616
toy5,neural_output_average,tensor_batched,tensor_batched,cpu,1024,5,1,1,0,2,toy5_gpu_core_neural_output_average_tensor_batched_1024_cpu_repeat01,0,neural_policy,output_average,initial_aggregate_row,1.3832481870194897
toy5,neural_output_average,tensor_batched,tensor_batched,cpu,1024,5,1,1,0,2,toy5_gpu_core_neural_output_average_tensor_batched_1024_cpu_repeat01,0,neural_policy,output_average,write_initial_aggregate,0.0006839069537818432
toy5,neural_output_average,tensor_batched,tensor_batched,cpu,1024,5,1,1,0,2,toy5_gpu_core_neural_output_average_tensor_batched_1024_cpu_repeat01,1,neural_policy,output_average,sample_revision_mask,0.00030209601391106844
toy5,neural_output_average,tensor_batched,tensor_batched,cpu,1024,5,1,1,0,2,toy5_gpu_core_neural_output_average_tensor_batched_1024_cpu_repeat01,1,neural_policy,output_average,build_step_context,0.003486161003820598
toy5,neural_output_average,tensor_batched,tensor_batched,cpu,1024,5,1,1,0,2,toy5_gpu_core_neural_output_average_tensor_batched_1024_cpu_repeat01,1,neural_policy,output_average,build_observations,0.006722919060848653
toy5,neural_output_average,tensor_batched,tensor_batched,cpu,1024,5,1,1,0,2,toy5_gpu_core_neural_output_average_tensor_batched_1024_cpu_repeat01,1,neural_policy,output_average,policy_readout,0.0043619690695777535
toy5,neural_output_average,tensor_batched,tensor_batched,cpu,1024,5,1,1,0,2,toy5_gpu_core_neural_output_average_tensor_batched_1024_cpu_repeat01,1,neural_policy,output_average,decision_selection,0.0012858540285378695
toy5,neural_output_average,tensor_batched,tensor_batched,cpu,1024,5,1,1,0,2,toy5_gpu_core_neural_output_average_tensor_batched_1024_cpu_repeat01,1,neural_policy,output_average,local_trainable_parameters,0.001455893972888589
toy5,neural_output_average,tensor_batched,tensor_batched,cpu,1024,5,1,1,0,2,toy5_gpu_core_neural_output_average_tensor_batched_1024_cpu_repeat01,1,neural_policy,output_average,local_loss_forward,0.0021922510350123048
toy5,neural_output_average,tensor_batched,tensor_batched,cpu,1024,5,1,1,0,2,toy5_gpu_core_neural_output_average_tensor_batched_1024_cpu_repeat01,1,neural_policy,output_average,local_autograd_grad,0.0032200550194829702
toy5,neural_output_average,tensor_batched,tensor_batched,cpu,1024,5,1,1,0,2,toy5_gpu_core_neural_output_average_tensor_batched_1024_cpu_repeat01,1,neural_policy,output_average,local_adam_update,0.008125738939270377
toy5,neural_output_average,tensor_batched,tensor_batched,cpu,1024,5,1,1,0,2,toy5_gpu_core_neural_output_average_tensor_batched_1024_cpu_repeat01,1,neural_policy,output_average,local_optimizer_update,0.011956569040194154
toy5,neural_output_average,tensor_batched,tensor_batched,cpu,1024,5,1,1,0,2,toy5_gpu_core_neural_output_average_tensor_batched_1024_cpu_repeat01,1,neural_policy,output_average,local_loss_update,0.01417748595122248
toy5,neural_output_average,tensor_batched,tensor_batched,cpu,1024,5,1,1,0,2,toy5_gpu_core_neural_output_average_tensor_batched_1024_cpu_repeat01,1,neural_policy,output_average,local_training,0.015901279053650796
toy5,neural_output_average,tensor_batched,tensor_batched,cpu,1024,5,1,1,0,2,toy5_gpu_core_neural_output_average_tensor_batched_1024_cpu_repeat01,1,neural_policy,output_average,cache_refresh,1.7795013263821602e-05
toy5,neural_output_average,tensor_batched,tensor_batched,cpu,1024,5,1,1,0,2,toy5_gpu_core_neural_output_average_tensor_batched_1024_cpu_repeat01,1,neural_policy,output_average,post_local_readout,0.00046811799984425306
toy5,neural_output_average,tensor_batched,tensor_batched,cpu,1024,5,1,1,0,2,toy5_gpu_core_neural_output_average_tensor_batched_1024_cpu_repeat01,1,neural_policy,output_average,local_step,0.03489336196798831
toy5,neural_output_average,tensor_batched,tensor_batched,cpu,1024,5,1,1,0,2,toy5_gpu_core_neural_output_average_tensor_batched_1024_cpu_repeat01,1,neural_policy,output_average,select_peers,0.0002203979529440403
toy5,neural_output_average,tensor_batched,tensor_batched,cpu,1024,5,1,1,0,2,toy5_gpu_core_neural_output_average_tensor_batched_1024_cpu_repeat01,1,neural_policy,output_average,social_mix,0.0016737959813326597
toy5,neural_output_average,tensor_batched,tensor_batched,cpu,1024,5,1,1,0,2,toy5_gpu_core_neural_output_average_tensor_batched_1024_cpu_repeat01,1,neural_policy,output_average,social_loss_forward,0.0006508630467578769
toy5,neural_output_average,tensor_batched,tensor_batched,cpu,1024,5,1,1,0,2,toy5_gpu_core_neural_output_average_tensor_batched_1024_cpu_repeat01,1,neural_policy,output_average,social_autograd_grad,0.0016260230913758278
toy5,neural_output_average,tensor_batched,tensor_batched,cpu,1024,5,1,1,0,2,toy5_gpu_core_neural_output_average_tensor_batched_1024_cpu_repeat01,1,neural_policy,output_average,social_adam_update,0.002891267999075353
toy5,neural_output_average,tensor_batched,tensor_batched,cpu,1024,5,1,1,0,2,toy5_gpu_core_neural_output_average_tensor_batched_1024_cpu_repeat01,1,neural_policy,output_average,social_optimizer_update,0.004911785013973713
toy5,neural_output_average,tensor_batched,tensor_batched,cpu,1024,5,1,1,0,2,toy5_gpu_core_neural_output_average_tensor_batched_1024_cpu_repeat01,1,neural_policy,output_average,social_distillation,0.008033100049942732
toy5,neural_output_average,tensor_batched,tensor_batched,cpu,1024,5,1,1,0,2,toy5_gpu_core_neural_output_average_tensor_batched_1024_cpu_repeat01,1,neural_policy,output_average,social_step,0.008073567994870245
toy5,neural_output_average,tensor_batched,tensor_batched,cpu,1024,5,1,1,0,2,toy5_gpu_core_neural_output_average_tensor_batched_1024_cpu_repeat01,1,neural_policy,output_average,sample_actions,7.619382813572884e-07
toy5,neural_output_average,tensor_batched,tensor_batched,cpu,1024,5,1,1,0,2,toy5_gpu_core_neural_output_average_tensor_batched_1024_cpu_repeat01,1,neural_policy,output_average,commit_actions,8.702895138412714e-05
toy5,neural_output_average,tensor_batched,tensor_batched,cpu,1024,5,1,1,0,2,toy5_gpu_core_neural_output_average_tensor_batched_1024_cpu_repeat01,1,neural_policy,output_average,post_step_state_policy,8.986401371657848e-05
toy5,neural_output_average,tensor_batched,tensor_batched,cpu,1024,5,1,1,0,2,toy5_gpu_core_neural_output_average_tensor_batched_1024_cpu_repeat01,1,neural_policy,output_average,update_reputation_ema,5.871301982551813e-05
toy5,neural_output_average,tensor_batched,tensor_batched,cpu,1024,5,1,1,0,2,toy5_gpu_core_neural_output_average_tensor_batched_1024_cpu_repeat01,1,neural_policy,output_average,finalize_hook_step,2.023903653025627e-05
toy5,neural_output_average,tensor_batched,tensor_batched,cpu,1024,5,1,1,0,2,toy5_gpu_core_neural_output_average_tensor_batched_1024_cpu_repeat01,1,neural_policy,output_average,hooked_step_total,0.04889785300474614
toy5,neural_output_average,tensor_batched,tensor_batched,cpu,1024,5,1,1,0,2,toy5_gpu_core_neural_output_average_tensor_batched_1024_cpu_repeat01,1,neural_policy,output_average,aggregate_row,0.03235351701732725
toy5,neural_output_average,tensor_batched,tensor_batched,cpu,1024,5,1,1,0,2,toy5_gpu_core_neural_output_average_tensor_batched_1024_cpu_repeat01,1,neural_policy,output_average,write_aggregate,0.0006898879073560238
toy5,neural_output_average,tensor_batched,tensor_batched,cpu,1024,5,1,1,0,2,toy5_gpu_core_neural_output_average_tensor_batched_1024_cpu_repeat01,2,neural_policy,output_average,sample_revision_mask,0.0001366250216960907
toy5,neural_output_average,tensor_batched,tensor_batched,cpu,1024,5,1,1,0,2,toy5_gpu_core_neural_output_average_tensor_batched_1024_cpu_repeat01,2,neural_policy,output_average,build_step_context,0.0034237399231642485
toy5,neural_output_average,tensor_batched,tensor_batched,cpu,1024,5,1,1,0,2,toy5_gpu_core_neural_output_average_tensor_batched_1024_cpu_repeat01,2,neural_policy,output_average,build_observations,0.006186818005517125
toy5,neural_output_average,tensor_batched,tensor_batched,cpu,1024,5,1,1,0,2,toy5_gpu_core_neural_output_average_tensor_batched_1024_cpu_repeat01,2,neural_policy,output_average,policy_readout,0.011080299038439989
toy5,neural_output_average,tensor_batched,tensor_batched,cpu,1024,5,1,1,0,2,toy5_gpu_core_neural_output_average_tensor_batched_1024_cpu_repeat01,2,neural_policy,output_average,decision_selection,0.002454780973494053
toy5,neural_output_average,tensor_batched,tensor_batched,cpu,1024,5,1,1,0,2,toy5_gpu_core_neural_output_average_tensor_batched_1024_cpu_repeat01,2,neural_policy,output_average,local_trainable_parameters,0.0033838830422610044
toy5,neural_output_average,tensor_batched,tensor_batched,cpu,1024,5,1,1,0,2,toy5_gpu_core_neural_output_average_tensor_batched_1024_cpu_repeat01,2,neural_policy,output_average,local_loss_forward,0.0062337389681488276
toy5,neural_output_average,tensor_batched,tensor_batched,cpu,1024,5,1,1,0,2,toy5_gpu_core_neural_output_average_tensor_batched_1024_cpu_repeat01,2,neural_policy,output_average,local_autograd_grad,0.012049710028804839
toy5,neural_output_average,tensor_batched,tensor_batched,cpu,1024,5,1,1,0,2,toy5_gpu_core_neural_output_average_tensor_batched_1024_cpu_repeat01,2,neural_policy,output_average,local_adam_update,0.020224352949298918
toy5,neural_output_average,tensor_batched,tensor_batched,cpu,1024,5,1,1,0,2,toy5_gpu_core_neural_output_average_tensor_batched_1024_cpu_repeat01,2,neural_policy,output_average,local_optimizer_update,0.03486846399027854
toy5,neural_output_average,tensor_batched,tensor_batched,cpu,1024,5,1,1,0,2,toy5_gpu_core_neural_output_average_tensor_batched_1024_cpu_repeat01,2,neural_policy,output_average,local_loss_update,0.04126280499622226
toy5,neural_output_average,tensor_batched,tensor_batched,cpu,1024,5,1,1,0,2,toy5_gpu_core_neural_output_average_tensor_batched_1024_cpu_repeat01,2,neural_policy,output_average,local_training,0.04539015900809318
toy5,neural_output_average,tensor_batched,tensor_batched,cpu,1024,5,1,1,0,2,toy5_gpu_core_neural_output_average_tensor_batched_1024_cpu_repeat01,2,neural_policy,output_average,cache_refresh,4.4015003368258476e-05
toy5,neural_output_average,tensor_batched,tensor_batched,cpu,1024,5,1,1,0,2,toy5_gpu_core_neural_output_average_tensor_batched_1024_cpu_repeat01,2,neural_policy,output_average,post_local_readout,0.003104991978034377
toy5,neural_output_average,tensor_batched,tensor_batched,cpu,1024,5,1,1,0,2,toy5_gpu_core_neural_output_average_tensor_batched_1024_cpu_repeat01,2,neural_policy,output_average,local_step,0.07372763799503446
toy5,neural_output_average,tensor_batched,tensor_batched,cpu,1024,5,1,1,0,2,toy5_gpu_core_neural_output_average_tensor_batched_1024_cpu_repeat01,2,neural_policy,output_average,select_peers,0.001385337091051042
toy5,neural_output_average,tensor_batched,tensor_batched,cpu,1024,5,1,1,0,2,toy5_gpu_core_neural_output_average_tensor_batched_1024_cpu_repeat01,2,neural_policy,output_average,social_mix,0.008846976910717785
toy5,neural_output_average,tensor_batched,tensor_batched,cpu,1024,5,1,1,0,2,toy5_gpu_core_neural_output_average_tensor_batched_1024_cpu_repeat01,2,neural_policy,output_average,social_loss_forward,0.0025289340410381556
toy5,neural_output_average,tensor_batched,tensor_batched,cpu,1024,5,1,1,0,2,toy5_gpu_core_neural_output_average_tensor_batched_1024_cpu_repeat01,2,neural_policy,output_average,social_autograd_grad,0.005988874938338995
toy5,neural_output_average,tensor_batched,tensor_batched,cpu,1024,5,1,1,0,2,toy5_gpu_core_neural_output_average_tensor_batched_1024_cpu_repeat01,2,neural_policy,output_average,social_adam_update,0.012830994091928005
toy5,neural_output_average,tensor_batched,tensor_batched,cpu,1024,5,1,1,0,2,toy5_gpu_core_neural_output_average_tensor_batched_1024_cpu_repeat01,2,neural_policy,output_average,social_optimizer_update,0.02026505197864026
toy5,neural_output_average,tensor_batched,tensor_batched,cpu,1024,5,1,1,0,2,toy5_gpu_core_neural_output_average_tensor_batched_1024_cpu_repeat01,2,neural_policy,output_average,social_distillation,0.03824585396796465
toy5,neural_output_average,tensor_batched,tensor_batched,cpu,1024,5,1,1,0,2,toy5_gpu_core_neural_output_average_tensor_batched_1024_cpu_repeat01,2,neural_policy,output_average,social_step,0.03837802994530648
toy5,neural_output_average,tensor_batched,tensor_batched,cpu,1024,5,1,1,0,2,toy5_gpu_core_neural_output_average_tensor_batched_1024_cpu_repeat01,2,neural_policy,output_average,sample_actions,3.9279693737626076e-06
toy5,neural_output_average,tensor_batched,tensor_batched,cpu,1024,5,1,1,0,2,toy5_gpu_core_neural_output_average_tensor_batched_1024_cpu_repeat01,2,neural_policy,output_average,commit_actions,0.00045620405580848455
toy5,neural_output_average,tensor_batched,tensor_batched,cpu,1024,5,1,1,0,2,toy5_gpu_core_neural_output_average_tensor_batched_1024_cpu_repeat01,2,neural_policy,output_average,post_step_state_policy,0.0003193189622834325
toy5,neural_output_average,tensor_batched,tensor_batched,cpu,1024,5,1,1,0,2,toy5_gpu_core_neural_output_average_tensor_batched_1024_cpu_repeat01,2,neural_policy,output_average,update_reputation_ema,0.0002007189905270934
toy5,neural_output_average,tensor_batched,tensor_batched,cpu,1024,5,1,1,0,2,toy5_gpu_core_neural_output_average_tensor_batched_1024_cpu_repeat01,2,neural_policy,output_average,finalize_hook_step,2.643093466758728e-05
toy5,neural_output_average,tensor_batched,tensor_batched,cpu,1024,5,1,1,0,2,toy5_gpu_core_neural_output_average_tensor_batched_1024_cpu_repeat01,2,neural_policy,output_average,hooked_step_total,0.13233659404795617
toy5,neural_output_average,tensor_batched,tensor_batched,cpu,1024,5,1,1,0,2,toy5_gpu_core_neural_output_average_tensor_batched_1024_cpu_repeat01,2,neural_policy,output_average,aggregate_row,0.03415067202877253
toy5,neural_output_average,tensor_batched,tensor_batched,cpu,1024,5,1,1,0,2,toy5_gpu_core_neural_output_average_tensor_batched_1024_cpu_repeat01,2,neural_policy,output_average,write_aggregate,0.00039079703856259584
toy5,neural_output_average,tensor_batched,tensor_batched,cpu,1024,5,1,1,0,2,toy5_gpu_core_neural_output_average_tensor_batched_1024_cpu_repeat01,3,neural_policy,output_average,sample_revision_mask,0.00013553304597735405
toy5,neural_output_average,tensor_batched,tensor_batched,cpu,1024,5,1,1,0,2,toy5_gpu_core_neural_output_average_tensor_batched_1024_cpu_repeat01,3,neural_policy,output_average,build_step_context,0.003368112025782466
toy5,neural_output_average,tensor_batched,tensor_batched,cpu,1024,5,1,1,0,2,toy5_gpu_core_neural_output_average_tensor_batched_1024_cpu_repeat01,3,neural_policy,output_average,build_observations,0.006287393975071609
toy5,neural_output_average,tensor_batched,tensor_batched,cpu,1024,5,1,1,0,2,toy5_gpu_core_neural_output_average_tensor_batched_1024_cpu_repeat01,3,neural_policy,output_average,policy_readout,0.015136575908400118
toy5,neural_output_average,tensor_batched,tensor_batched,cpu,1024,5,1,1,0,2,toy5_gpu_core_neural_output_average_tensor_batched_1024_cpu_repeat01,3,neural_policy,output_average,decision_selection,0.002932657953351736
toy5,neural_output_average,tensor_batched,tensor_batched,cpu,1024,5,1,1,0,2,toy5_gpu_core_neural_output_average_tensor_batched_1024_cpu_repeat01,3,neural_policy,output_average,local_trainable_parameters,0.006019514985382557
toy5,neural_output_average,tensor_batched,tensor_batched,cpu,1024,5,1,1,0,2,toy5_gpu_core_neural_output_average_tensor_batched_1024_cpu_repeat01,3,neural_policy,output_average,local_loss_forward,0.007985465927049518
toy5,neural_output_average,tensor_batched,tensor_batched,cpu,1024,5,1,1,0,2,toy5_gpu_core_neural_output_average_tensor_batched_1024_cpu_repeat01,3,neural_policy,output_average,local_autograd_grad,0.009828811977058649
toy5,neural_output_average,tensor_batched,tensor_batched,cpu,1024,5,1,1,0,2,toy5_gpu_core_neural_output_average_tensor_batched_1024_cpu_repeat01,3,neural_policy,output_average,local_adam_update,0.021620979998260736
toy5,neural_output_average,tensor_batched,tensor_batched,cpu,1024,5,1,1,0,2,toy5_gpu_core_neural_output_average_tensor_batched_1024_cpu_repeat01,3,neural_policy,output_average,local_optimizer_update,0.035190575988963246
toy5,neural_output_average,tensor_batched,tensor_batched,cpu,1024,5,1,1,0,2,toy5_gpu_core_neural_output_average_tensor_batched_1024_cpu_repeat01,3,neural_policy,output_average,local_loss_update,0.04351118195336312
toy5,neural_output_average,tensor_batched,tensor_batched,cpu,1024,5,1,1,0,2,toy5_gpu_core_neural_output_average_tensor_batched_1024_cpu_repeat01,3,neural_policy,output_average,local_training,0.05070649704430252
toy5,neural_output_average,tensor_batched,tensor_batched,cpu,1024,5,1,1,0,2,toy5_gpu_core_neural_output_average_tensor_batched_1024_cpu_repeat01,3,neural_policy,output_average,cache_refresh,3.4747994504868984e-05
toy5,neural_output_average,tensor_batched,tensor_batched,cpu,1024,5,1,1,0,2,toy5_gpu_core_neural_output_average_tensor_batched_1024_cpu_repeat01,3,neural_policy,output_average,post_local_readout,0.007778625003993511
toy5,neural_output_average,tensor_batched,tensor_batched,cpu,1024,5,1,1,0,2,toy5_gpu_core_neural_output_average_tensor_batched_1024_cpu_repeat01,3,neural_policy,output_average,local_step,0.08971122198272496
toy5,neural_output_average,tensor_batched,tensor_batched,cpu,1024,5,1,1,0,2,toy5_gpu_core_neural_output_average_tensor_batched_1024_cpu_repeat01,3,neural_policy,output_average,select_peers,0.0011611019726842642
toy5,neural_output_average,tensor_batched,tensor_batched,cpu,1024,5,1,1,0,2,toy5_gpu_core_neural_output_average_tensor_batched_1024_cpu_repeat01,3,neural_policy,output_average,social_mix,0.00908555998466909
toy5,neural_output_average,tensor_batched,tensor_batched,cpu,1024,5,1,1,0,2,toy5_gpu_core_neural_output_average_tensor_batched_1024_cpu_repeat01,3,neural_policy,output_average,social_loss_forward,0.005863400059752166
toy5,neural_output_average,tensor_batched,tensor_batched,cpu,1024,5,1,1,0,2,toy5_gpu_core_neural_output_average_tensor_batched_1024_cpu_repeat01,3,neural_policy,output_average,social_autograd_grad,0.009208227973431349
toy5,neural_output_average,tensor_batched,tensor_batched,cpu,1024,5,1,1,0,2,toy5_gpu_core_neural_output_average_tensor_batched_1024_cpu_repeat01,3,neural_policy,output_average,social_adam_update,0.015908031025901437
toy5,neural_output_average,tensor_batched,tensor_batched,cpu,1024,5,1,1,0,2,toy5_gpu_core_neural_output_average_tensor_batched_1024_cpu_repeat01,3,neural_policy,output_average,social_optimizer_update,0.02791938406880945
toy5,neural_output_average,tensor_batched,tensor_batched,cpu,1024,5,1,1,0,2,toy5_gpu_core_neural_output_average_tensor_batched_1024_cpu_repeat01,3,neural_policy,output_average,social_distillation,0.053072363953106105
toy5,neural_output_average,tensor_batched,tensor_batched,cpu,1024,5,1,1,0,2,toy5_gpu_core_neural_output_average_tensor_batched_1024_cpu_repeat01,3,neural_policy,output_average,social_step,0.05337281699758023
toy5,neural_output_average,tensor_batched,tensor_batched,cpu,1024,5,1,1,0,2,toy5_gpu_core_neural_output_average_tensor_batched_1024_cpu_repeat01,3,neural_policy,output_average,sample_actions,1.3677054084837437e-05
toy5,neural_output_average,tensor_batched,tensor_batched,cpu,1024,5,1,1,0,2,toy5_gpu_core_neural_output_average_tensor_batched_1024_cpu_repeat01,3,neural_policy,output_average,commit_actions,0.0006132090929895639
toy5,neural_output_average,tensor_batched,tensor_batched,cpu,1024,5,1,1,0,2,toy5_gpu_core_neural_output_average_tensor_batched_1024_cpu_repeat01,3,neural_policy,output_average,post_step_state_policy,0.00021518790163099766
toy5,neural_output_average,tensor_batched,tensor_batched,cpu,1024,5,1,1,0,2,toy5_gpu_core_neural_output_average_tensor_batched_1024_cpu_repeat01,3,neural_policy,output_average,update_reputation_ema,0.0002968059852719307
toy5,neural_output_average,tensor_batched,tensor_batched,cpu,1024,5,1,1,0,2,toy5_gpu_core_neural_output_average_tensor_batched_1024_cpu_repeat01,3,neural_policy,output_average,finalize_hook_step,2.6472029276192188e-05
toy5,neural_output_average,tensor_batched,tensor_batched,cpu,1024,5,1,1,0,2,toy5_gpu_core_neural_output_average_tensor_batched_1024_cpu_repeat01,3,neural_policy,output_average,hooked_step_total,0.16598635399714112
toy5,neural_output_average,tensor_batched,tensor_batched,cpu,1024,5,1,1,0,2,toy5_gpu_core_neural_output_average_tensor_batched_1024_cpu_repeat01,3,neural_policy,output_average,aggregate_row,0.03773579199332744
toy5,neural_output_average,tensor_batched,tensor_batched,cpu,1024,5,1,1,0,2,toy5_gpu_core_neural_output_average_tensor_batched_1024_cpu_repeat01,3,neural_policy,output_average,write_aggregate,0.0005093980580568314
toy5,neural_output_average,tensor_batched,tensor_batched,cpu,1024,5,1,1,0,2,toy5_gpu_core_neural_output_average_tensor_batched_1024_cpu_repeat01,4,neural_policy,output_average,sample_revision_mask,0.00018081092275679111
toy5,neural_output_average,tensor_batched,tensor_batched,cpu,1024,5,1,1,0,2,toy5_gpu_core_neural_output_average_tensor_batched_1024_cpu_repeat01,4,neural_policy,output_average,build_step_context,0.003358443034812808
toy5,neural_output_average,tensor_batched,tensor_batched,cpu,1024,5,1,1,0,2,toy5_gpu_core_neural_output_average_tensor_batched_1024_cpu_repeat01,4,neural_policy,output_average,build_observations,0.005973885068669915
toy5,neural_output_average,tensor_batched,tensor_batched,cpu,1024,5,1,1,0,2,toy5_gpu_core_neural_output_average_tensor_batched_1024_cpu_repeat01,4,neural_policy,output_average,policy_readout,0.007413396961055696
toy5,neural_output_average,tensor_batched,tensor_batched,cpu,1024,5,1,1,0,2,toy5_gpu_core_neural_output_average_tensor_batched_1024_cpu_repeat01,4,neural_policy,output_average,decision_selection,0.0014291610568761826
toy5,neural_output_average,tensor_batched,tensor_batched,cpu,1024,5,1,1,0,2,toy5_gpu_core_neural_output_average_tensor_batched_1024_cpu_repeat01,4,neural_policy,output_average,local_trainable_parameters,0.0022938490146771073
toy5,neural_output_average,tensor_batched,tensor_batched,cpu,1024,5,1,1,0,2,toy5_gpu_core_neural_output_average_tensor_batched_1024_cpu_repeat01,4,neural_policy,output_average,local_loss_forward,0.006033249897882342
toy5,neural_output_average,tensor_batched,tensor_batched,cpu,1024,5,1,1,0,2,toy5_gpu_core_neural_output_average_tensor_batched_1024_cpu_repeat01,4,neural_policy,output_average,local_autograd_grad,0.008256491972133517
toy5,neural_output_average,tensor_batched,tensor_batched,cpu,1024,5,1,1,0,2,toy5_gpu_core_neural_output_average_tensor_batched_1024_cpu_repeat01,4,neural_policy,output_average,local_adam_update,0.013784512993879616
toy5,neural_output_average,tensor_batched,tensor_batched,cpu,1024,5,1,1,0,2,toy5_gpu_core_neural_output_average_tensor_batched_1024_cpu_repeat01,4,neural_policy,output_average,local_optimizer_update,0.02344565896783024
toy5,neural_output_average,tensor_batched,tensor_batched,cpu,1024,5,1,1,0,2,toy5_gpu_core_neural_output_average_tensor_batched_1024_cpu_repeat01,4,neural_policy,output_average,local_loss_update,0.029606666998006403
toy5,neural_output_average,tensor_batched,tensor_batched,cpu,1024,5,1,1,0,2,toy5_gpu_core_neural_output_average_tensor_batched_1024_cpu_repeat01,4,neural_policy,output_average,local_training,0.03247039101552218
toy5,neural_output_average,tensor_batched,tensor_batched,cpu,1024,5,1,1,0,2,toy5_gpu_core_neural_output_average_tensor_batched_1024_cpu_repeat01,4,neural_policy,output_average,cache_refresh,1.3896031305193901e-05
toy5,neural_output_average,tensor_batched,tensor_batched,cpu,1024,5,1,1,0,2,toy5_gpu_core_neural_output_average_tensor_batched_1024_cpu_repeat01,4,neural_policy,output_average,post_local_readout,0.0012087250361219049
toy5,neural_output_average,tensor_batched,tensor_batched,cpu,1024,5,1,1,0,2,toy5_gpu_core_neural_output_average_tensor_batched_1024_cpu_repeat01,4,neural_policy,output_average,local_step,0.05280867300461978
toy5,neural_output_average,tensor_batched,tensor_batched,cpu,1024,5,1,1,0,2,toy5_gpu_core_neural_output_average_tensor_batched_1024_cpu_repeat01,4,neural_policy,output_average,select_peers,0.0004908820847049356
toy5,neural_output_average,tensor_batched,tensor_batched,cpu,1024,5,1,1,0,2,toy5_gpu_core_neural_output_average_tensor_batched_1024_cpu_repeat01,4,neural_policy,output_average,social_mix,0.00587879098020494
toy5,neural_output_average,tensor_batched,tensor_batched,cpu,1024,5,1,1,0,2,toy5_gpu_core_neural_output_average_tensor_batched_1024_cpu_repeat01,4,neural_policy,output_average,social_loss_forward,0.0019523960072547197
toy5,neural_output_average,tensor_batched,tensor_batched,cpu,1024,5,1,1,0,2,toy5_gpu_core_neural_output_average_tensor_batched_1024_cpu_repeat01,4,neural_policy,output_average,social_autograd_grad,0.0059366930508986115
toy5,neural_output_average,tensor_batched,tensor_batched,cpu,1024,5,1,1,0,2,toy5_gpu_core_neural_output_average_tensor_batched_1024_cpu_repeat01,4,neural_policy,output_average,social_adam_update,0.007747255032882094
toy5,neural_output_average,tensor_batched,tensor_batched,cpu,1024,5,1,1,0,2,toy5_gpu_core_neural_output_average_tensor_batched_1024_cpu_repeat01,4,neural_policy,output_average,social_optimizer_update,0.014684548019431531
toy5,neural_output_average,tensor_batched,tensor_batched,cpu,1024,5,1,1,0,2,toy5_gpu_core_neural_output_average_tensor_batched_1024_cpu_repeat01,4,neural_policy,output_average,social_distillation,0.024996906984597445
toy5,neural_output_average,tensor_batched,tensor_batched,cpu,1024,5,1,1,0,2,toy5_gpu_core_neural_output_average_tensor_batched_1024_cpu_repeat01,4,neural_policy,output_average,social_step,0.025087772984988987
toy5,neural_output_average,tensor_batched,tensor_batched,cpu,1024,5,1,1,0,2,toy5_gpu_core_neural_output_average_tensor_batched_1024_cpu_repeat01,4,neural_policy,output_average,sample_actions,1.8346006982028484e-05
toy5,neural_output_average,tensor_batched,tensor_batched,cpu,1024,5,1,1,0,2,toy5_gpu_core_neural_output_average_tensor_batched_1024_cpu_repeat01,4,neural_policy,output_average,commit_actions,0.0004069489659741521
toy5,neural_output_average,tensor_batched,tensor_batched,cpu,1024,5,1,1,0,2,toy5_gpu_core_neural_output_average_tensor_batched_1024_cpu_repeat01,4,neural_policy,output_average,post_step_state_policy,0.00021525693591684103
toy5,neural_output_average,tensor_batched,tensor_batched,cpu,1024,5,1,1,0,2,toy5_gpu_core_neural_output_average_tensor_batched_1024_cpu_repeat01,4,neural_policy,output_average,update_reputation_ema,0.00013756693806499243
toy5,neural_output_average,tensor_batched,tensor_batched,cpu,1024,5,1,1,0,2,toy5_gpu_core_neural_output_average_tensor_batched_1024_cpu_repeat01,4,neural_policy,output_average,finalize_hook_step,3.5890028811991215e-05
toy5,neural_output_average,tensor_batched,tensor_batched,cpu,1024,5,1,1,0,2,toy5_gpu_core_neural_output_average_tensor_batched_1024_cpu_repeat01,4,neural_policy,output_average,hooked_step_total,0.08905301196500659
toy5,neural_output_average,tensor_batched,tensor_batched,cpu,1024,5,1,1,0,2,toy5_gpu_core_neural_output_average_tensor_batched_1024_cpu_repeat01,4,neural_policy,output_average,aggregate_row,0.03471636597532779
toy5,neural_output_average,tensor_batched,tensor_batched,cpu,1024,5,1,1,0,2,toy5_gpu_core_neural_output_average_tensor_batched_1024_cpu_repeat01,4,neural_policy,output_average,write_aggregate,0.0007117509376257658
toy5,neural_output_average,tensor_batched,tensor_batched,cpu,1024,5,1,1,0,2,toy5_gpu_core_neural_output_average_tensor_batched_1024_cpu_repeat01,5,neural_policy,output_average,sample_revision_mask,0.00012011302169412374
toy5,neural_output_average,tensor_batched,tensor_batched,cpu,1024,5,1,1,0,2,toy5_gpu_core_neural_output_average_tensor_batched_1024_cpu_repeat01,5,neural_policy,output_average,build_step_context,0.0032460950314998627
toy5,neural_output_average,tensor_batched,tensor_batched,cpu,1024,5,1,1,0,2,toy5_gpu_core_neural_output_average_tensor_batched_1024_cpu_repeat01,5,neural_policy,output_average,build_observations,0.0056516710901632905
toy5,neural_output_average,tensor_batched,tensor_batched,cpu,1024,5,1,1,0,2,toy5_gpu_core_neural_output_average_tensor_batched_1024_cpu_repeat01,5,neural_policy,output_average,policy_readout,0.008203599019907415
toy5,neural_output_average,tensor_batched,tensor_batched,cpu,1024,5,1,1,0,2,toy5_gpu_core_neural_output_average_tensor_batched_1024_cpu_repeat01,5,neural_policy,output_average,decision_selection,0.002045396948233247
toy5,neural_output_average,tensor_batched,tensor_batched,cpu,1024,5,1,1,0,2,toy5_gpu_core_neural_output_average_tensor_batched_1024_cpu_repeat01,5,neural_policy,output_average,local_trainable_parameters,0.0029925929848104715
toy5,neural_output_average,tensor_batched,tensor_batched,cpu,1024,5,1,1,0,2,toy5_gpu_core_neural_output_average_tensor_batched_1024_cpu_repeat01,5,neural_policy,output_average,local_loss_forward,0.006528199999593198
toy5,neural_output_average,tensor_batched,tensor_batched,cpu,1024,5,1,1,0,2,toy5_gpu_core_neural_output_average_tensor_batched_1024_cpu_repeat01,5,neural_policy,output_average,local_autograd_grad,0.012067493051290512
toy5,neural_output_average,tensor_batched,tensor_batched,cpu,1024,5,1,1,0,2,toy5_gpu_core_neural_output_average_tensor_batched_1024_cpu_repeat01,5,neural_policy,output_average,local_adam_update,0.010225099045783281
toy5,neural_output_average,tensor_batched,tensor_batched,cpu,1024,5,1,1,0,2,toy5_gpu_core_neural_output_average_tensor_batched_1024_cpu_repeat01,5,neural_policy,output_average,local_optimizer_update,0.025189490988850594
toy5,neural_output_average,tensor_batched,tensor_batched,cpu,1024,5,1,1,0,2,toy5_gpu_core_neural_output_average_tensor_batched_1024_cpu_repeat01,5,neural_policy,output_average,local_loss_update,0.03185693093109876
toy5,neural_output_average,tensor_batched,tensor_batched,cpu,1024,5,1,1,0,2,toy5_gpu_core_neural_output_average_tensor_batched_1024_cpu_repeat01,5,neural_policy,output_average,local_training,0.035408609081059694
toy5,neural_output_average,tensor_batched,tensor_batched,cpu,1024,5,1,1,0,2,toy5_gpu_core_neural_output_average_tensor_batched_1024_cpu_repeat01,5,neural_policy,output_average,cache_refresh,3.073900006711483e-05
toy5,neural_output_average,tensor_batched,tensor_batched,cpu,1024,5,1,1,0,2,toy5_gpu_core_neural_output_average_tensor_batched_1024_cpu_repeat01,5,neural_policy,output_average,post_local_readout,0.004385445034131408
toy5,neural_output_average,tensor_batched,tensor_batched,cpu,1024,5,1,1,0,2,toy5_gpu_core_neural_output_average_tensor_batched_1024_cpu_repeat01,5,neural_policy,output_average,local_step,0.0601199819939211
toy5,neural_output_average,tensor_batched,tensor_batched,cpu,1024,5,1,1,0,2,toy5_gpu_core_neural_output_average_tensor_batched_1024_cpu_repeat01,5,neural_policy,output_average,select_peers,0.0015186150558292866
toy5,neural_output_average,tensor_batched,tensor_batched,cpu,1024,5,1,1,0,2,toy5_gpu_core_neural_output_average_tensor_batched_1024_cpu_repeat01,5,neural_policy,output_average,social_mix,0.011192335048690438
toy5,neural_output_average,tensor_batched,tensor_batched,cpu,1024,5,1,1,0,2,toy5_gpu_core_neural_output_average_tensor_batched_1024_cpu_repeat01,5,neural_policy,output_average,social_loss_forward,0.004837241023778915
toy5,neural_output_average,tensor_batched,tensor_batched,cpu,1024,5,1,1,0,2,toy5_gpu_core_neural_output_average_tensor_batched_1024_cpu_repeat01,5,neural_policy,output_average,social_autograd_grad,0.004708632011897862
toy5,neural_output_average,tensor_batched,tensor_batched,cpu,1024,5,1,1,0,2,toy5_gpu_core_neural_output_average_tensor_batched_1024_cpu_repeat01,5,neural_policy,output_average,social_adam_update,0.0076981690945103765
toy5,neural_output_average,tensor_batched,tensor_batched,cpu,1024,5,1,1,0,2,toy5_gpu_core_neural_output_average_tensor_batched_1024_cpu_repeat01,5,neural_policy,output_average,social_optimizer_update,0.01444321998860687
toy5,neural_output_average,tensor_batched,tensor_batched,cpu,1024,5,1,1,0,2,toy5_gpu_core_neural_output_average_tensor_batched_1024_cpu_repeat01,5,neural_policy,output_average,social_distillation,0.042739516007713974
toy5,neural_output_average,tensor_batched,tensor_batched,cpu,1024,5,1,1,0,2,toy5_gpu_core_neural_output_average_tensor_batched_1024_cpu_repeat01,5,neural_policy,output_average,social_step,0.04299570294097066
toy5,neural_output_average,tensor_batched,tensor_batched,cpu,1024,5,1,1,0,2,toy5_gpu_core_neural_output_average_tensor_batched_1024_cpu_repeat01,5,neural_policy,output_average,sample_actions,4.839967004954815e-06
toy5,neural_output_average,tensor_batched,tensor_batched,cpu,1024,5,1,1,0,2,toy5_gpu_core_neural_output_average_tensor_batched_1024_cpu_repeat01,5,neural_policy,output_average,commit_actions,0.00021510699298232794
toy5,neural_output_average,tensor_batched,tensor_batched,cpu,1024,5,1,1,0,2,toy5_gpu_core_neural_output_average_tensor_batched_1024_cpu_repeat01,5,neural_policy,output_average,post_step_state_policy,0.00013842899352312088
toy5,neural_output_average,tensor_batched,tensor_batched,cpu,1024,5,1,1,0,2,toy5_gpu_core_neural_output_average_tensor_batched_1024_cpu_repeat01,5,neural_policy,output_average,update_reputation_ema,0.0001054949825629592
toy5,neural_output_average,tensor_batched,tensor_batched,cpu,1024,5,1,1,0,2,toy5_gpu_core_neural_output_average_tensor_batched_1024_cpu_repeat01,5,neural_policy,output_average,finalize_hook_step,2.1482002921402454e-05
toy5,neural_output_average,tensor_batched,tensor_batched,cpu,1024,5,1,1,0,2,toy5_gpu_core_neural_output_average_tensor_batched_1024_cpu_repeat01,5,neural_policy,output_average,hooked_step_total,0.11883465806022286
toy5,neural_output_average,tensor_batched,tensor_batched,cpu,1024,5,1,1,0,2,toy5_gpu_core_neural_output_average_tensor_batched_1024_cpu_repeat01,5,neural_policy,output_average,aggregate_row,0.05804153089411557
toy5,neural_output_average,tensor_batched,tensor_batched,cpu,1024,5,1,1,0,2,toy5_gpu_core_neural_output_average_tensor_batched_1024_cpu_repeat01,5,neural_policy,output_average,write_aggregate,0.0006636370671913028
toy5,neural_output_average,tensor_batched,tensor_batched,cuda,1024,5,1,0,0,2,toy5_gpu_core_neural_output_average_tensor_batched_1024_cuda_repeat00,0,neural_policy,output_average,make_run_dir,0.0051778811030089855
toy5,neural_output_average,tensor_batched,tensor_batched,cuda,1024,5,1,0,0,2,toy5_gpu_core_neural_output_average_tensor_batched_1024_cuda_repeat00,0,neural_policy,output_average,write_metadata,0.013647826039232314
toy5,neural_output_average,tensor_batched,tensor_batched,cuda,1024,5,1,0,0,2,toy5_gpu_core_neural_output_average_tensor_batched_1024_cuda_repeat00,0,neural_policy,output_average,initial_state,1.6866359340492636
toy5,neural_output_average,tensor_batched,tensor_batched,cuda,1024,5,1,0,0,2,toy5_gpu_core_neural_output_average_tensor_batched_1024_cuda_repeat00,0,neural_policy,output_average,writer_setup,0.0062129179714247584
toy5,neural_output_average,tensor_batched,tensor_batched,cuda,1024,5,1,0,0,2,toy5_gpu_core_neural_output_average_tensor_batched_1024_cuda_repeat00,0,neural_policy,output_average,initial_step_result,0.02065768907777965
toy5,neural_output_average,tensor_batched,tensor_batched,cuda,1024,5,1,0,0,2,toy5_gpu_core_neural_output_average_tensor_batched_1024_cuda_repeat00,0,neural_policy,output_average,initial_aggregate_row,0.03226808400359005
toy5,neural_output_average,tensor_batched,tensor_batched,cuda,1024,5,1,0,0,2,toy5_gpu_core_neural_output_average_tensor_batched_1024_cuda_repeat00,0,neural_policy,output_average,write_initial_aggregate,0.0005703560309484601
toy5,neural_output_average,tensor_batched,tensor_batched,cuda,1024,5,1,0,0,2,toy5_gpu_core_neural_output_average_tensor_batched_1024_cuda_repeat00,1,neural_policy,output_average,sample_revision_mask,0.0002410269808024168
toy5,neural_output_average,tensor_batched,tensor_batched,cuda,1024,5,1,0,0,2,toy5_gpu_core_neural_output_average_tensor_batched_1024_cuda_repeat00,1,neural_policy,output_average,build_step_context,0.004933957941830158
toy5,neural_output_average,tensor_batched,tensor_batched,cuda,1024,5,1,0,0,2,toy5_gpu_core_neural_output_average_tensor_batched_1024_cuda_repeat00,1,neural_policy,output_average,build_observations,0.009482878958806396
toy5,neural_output_average,tensor_batched,tensor_batched,cuda,1024,5,1,0,0,2,toy5_gpu_core_neural_output_average_tensor_batched_1024_cuda_repeat00,1,neural_policy,output_average,policy_readout,0.008325343020260334
toy5,neural_output_average,tensor_batched,tensor_batched,cuda,1024,5,1,0,0,2,toy5_gpu_core_neural_output_average_tensor_batched_1024_cuda_repeat00,1,neural_policy,output_average,decision_selection,0.0034681750694289804
toy5,neural_output_average,tensor_batched,tensor_batched,cuda,1024,5,1,0,0,2,toy5_gpu_core_neural_output_average_tensor_batched_1024_cuda_repeat00,1,neural_policy,output_average,local_trainable_parameters,0.000647985958494246
toy5,neural_output_average,tensor_batched,tensor_batched,cuda,1024,5,1,0,0,2,toy5_gpu_core_neural_output_average_tensor_batched_1024_cuda_repeat00,1,neural_policy,output_average,local_loss_forward,0.0043661759700626135
toy5,neural_output_average,tensor_batched,tensor_batched,cuda,1024,5,1,0,0,2,toy5_gpu_core_neural_output_average_tensor_batched_1024_cuda_repeat00,1,neural_policy,output_average,local_autograd_grad,0.006270098965615034
toy5,neural_output_average,tensor_batched,tensor_batched,cuda,1024,5,1,0,0,2,toy5_gpu_core_neural_output_average_tensor_batched_1024_cuda_repeat00,1,neural_policy,output_average,local_adam_update,0.005021817982196808
toy5,neural_output_average,tensor_batched,tensor_batched,cuda,1024,5,1,0,0,2,toy5_gpu_core_neural_output_average_tensor_batched_1024_cuda_repeat00,1,neural_policy,output_average,local_optimizer_update,0.012666631955653429
toy5,neural_output_average,tensor_batched,tensor_batched,cuda,1024,5,1,0,0,2,toy5_gpu_core_neural_output_average_tensor_batched_1024_cuda_repeat00,1,neural_policy,output_average,local_loss_update,0.01716964307706803
toy5,neural_output_average,tensor_batched,tensor_batched,cuda,1024,5,1,0,0,2,toy5_gpu_core_neural_output_average_tensor_batched_1024_cuda_repeat00,1,neural_policy,output_average,local_training,0.01837718498427421
toy5,neural_output_average,tensor_batched,tensor_batched,cuda,1024,5,1,0,0,2,toy5_gpu_core_neural_output_average_tensor_batched_1024_cuda_repeat00,1,neural_policy,output_average,cache_refresh,3.686104901134968e-05
toy5,neural_output_average,tensor_batched,tensor_batched,cuda,1024,5,1,0,0,2,toy5_gpu_core_neural_output_average_tensor_batched_1024_cuda_repeat00,1,neural_policy,output_average,post_local_readout,0.0009810320334509015
toy5,neural_output_average,tensor_batched,tensor_batched,cuda,1024,5,1,0,0,2,toy5_gpu_core_neural_output_average_tensor_batched_1024_cuda_repeat00,1,neural_policy,output_average,local_step,0.05129283096175641
toy5,neural_output_average,tensor_batched,tensor_batched,cuda,1024,5,1,0,0,2,toy5_gpu_core_neural_output_average_tensor_batched_1024_cuda_repeat00,1,neural_policy,output_average,select_peers,0.0004823249764740467
toy5,neural_output_average,tensor_batched,tensor_batched,cuda,1024,5,1,0,0,2,toy5_gpu_core_neural_output_average_tensor_batched_1024_cuda_repeat00,1,neural_policy,output_average,social_mix,0.003672810969874263
toy5,neural_output_average,tensor_batched,tensor_batched,cuda,1024,5,1,0,0,2,toy5_gpu_core_neural_output_average_tensor_batched_1024_cuda_repeat00,1,neural_policy,output_average,social_loss_forward,0.0010729299392551184
toy5,neural_output_average,tensor_batched,tensor_batched,cuda,1024,5,1,0,0,2,toy5_gpu_core_neural_output_average_tensor_batched_1024_cuda_repeat00,1,neural_policy,output_average,social_autograd_grad,0.0013640549732372165
toy5,neural_output_average,tensor_batched,tensor_batched,cuda,1024,5,1,0,0,2,toy5_gpu_core_neural_output_average_tensor_batched_1024_cuda_repeat00,1,neural_policy,output_average,social_adam_update,0.0017358660697937012
toy5,neural_output_average,tensor_batched,tensor_batched,cuda,1024,5,1,0,0,2,toy5_gpu_core_neural_output_average_tensor_batched_1024_cuda_repeat00,1,neural_policy,output_average,social_optimizer_update,0.0037787670735269785
toy5,neural_output_average,tensor_batched,tensor_batched,cuda,1024,5,1,0,0,2,toy5_gpu_core_neural_output_average_tensor_batched_1024_cuda_repeat00,1,neural_policy,output_average,social_distillation,0.010043294983915985
toy5,neural_output_average,tensor_batched,tensor_batched,cuda,1024,5,1,0,0,2,toy5_gpu_core_neural_output_average_tensor_batched_1024_cuda_repeat00,1,neural_policy,output_average,social_step,0.010136035038158298
toy5,neural_output_average,tensor_batched,tensor_batched,cuda,1024,5,1,0,0,2,toy5_gpu_core_neural_output_average_tensor_batched_1024_cuda_repeat00,1,neural_policy,output_average,sample_actions,8.656992577016354e-06
toy5,neural_output_average,tensor_batched,tensor_batched,cuda,1024,5,1,0,0,2,toy5_gpu_core_neural_output_average_tensor_batched_1024_cuda_repeat00,1,neural_policy,output_average,commit_actions,0.00044490303844213486
toy5,neural_output_average,tensor_batched,tensor_batched,cuda,1024,5,1,0,0,2,toy5_gpu_core_neural_output_average_tensor_batched_1024_cuda_repeat00,1,neural_policy,output_average,post_step_state_policy,0.00017472903709858656
toy5,neural_output_average,tensor_batched,tensor_batched,cuda,1024,5,1,0,0,2,toy5_gpu_core_neural_output_average_tensor_batched_1024_cuda_repeat00,1,neural_policy,output_average,update_reputation_ema,0.0002680800389498472
toy5,neural_output_average,tensor_batched,tensor_batched,cuda,1024,5,1,0,0,2,toy5_gpu_core_neural_output_average_tensor_batched_1024_cuda_repeat00,1,neural_policy,output_average,finalize_hook_step,3.150210250169039e-05
toy5,neural_output_average,tensor_batched,tensor_batched,cuda,1024,5,1,0,0,2,toy5_gpu_core_neural_output_average_tensor_batched_1024_cuda_repeat00,1,neural_policy,output_average,hooked_step_total,0.07261113007552922
toy5,neural_output_average,tensor_batched,tensor_batched,cuda,1024,5,1,0,0,2,toy5_gpu_core_neural_output_average_tensor_batched_1024_cuda_repeat00,1,neural_policy,output_average,aggregate_row,0.03337661095429212
toy5,neural_output_average,tensor_batched,tensor_batched,cuda,1024,5,1,0,0,2,toy5_gpu_core_neural_output_average_tensor_batched_1024_cuda_repeat00,1,neural_policy,output_average,write_aggregate,0.0003727830480784178
toy5,neural_output_average,tensor_batched,tensor_batched,cuda,1024,5,1,0,0,2,toy5_gpu_core_neural_output_average_tensor_batched_1024_cuda_repeat00,2,neural_policy,output_average,sample_revision_mask,0.00017964898142963648
toy5,neural_output_average,tensor_batched,tensor_batched,cuda,1024,5,1,0,0,2,toy5_gpu_core_neural_output_average_tensor_batched_1024_cuda_repeat00,2,neural_policy,output_average,build_step_context,0.0032230900833383203
toy5,neural_output_average,tensor_batched,tensor_batched,cuda,1024,5,1,0,0,2,toy5_gpu_core_neural_output_average_tensor_batched_1024_cuda_repeat00,2,neural_policy,output_average,build_observations,0.005858960910700262
toy5,neural_output_average,tensor_batched,tensor_batched,cuda,1024,5,1,0,0,2,toy5_gpu_core_neural_output_average_tensor_batched_1024_cuda_repeat00,2,neural_policy,output_average,policy_readout,0.0072082169353961945
toy5,neural_output_average,tensor_batched,tensor_batched,cuda,1024,5,1,0,0,2,toy5_gpu_core_neural_output_average_tensor_batched_1024_cuda_repeat00,2,neural_policy,output_average,decision_selection,0.0028043469646945596
toy5,neural_output_average,tensor_batched,tensor_batched,cuda,1024,5,1,0,0,2,toy5_gpu_core_neural_output_average_tensor_batched_1024_cuda_repeat00,2,neural_policy,output_average,local_trainable_parameters,0.0006478360155597329
toy5,neural_output_average,tensor_batched,tensor_batched,cuda,1024,5,1,0,0,2,toy5_gpu_core_neural_output_average_tensor_batched_1024_cuda_repeat00,2,neural_policy,output_average,local_loss_forward,0.006005786010064185
toy5,neural_output_average,tensor_batched,tensor_batched,cuda,1024,5,1,0,0,2,toy5_gpu_core_neural_output_average_tensor_batched_1024_cuda_repeat00,2,neural_policy,output_average,local_autograd_grad,0.011186692048795521
toy5,neural_output_average,tensor_batched,tensor_batched,cuda,1024,5,1,0,0,2,toy5_gpu_core_neural_output_average_tensor_batched_1024_cuda_repeat00,2,neural_policy,output_average,local_adam_update,0.004520145012065768
toy5,neural_output_average,tensor_batched,tensor_batched,cuda,1024,5,1,0,0,2,toy5_gpu_core_neural_output_average_tensor_batched_1024_cuda_repeat00,2,neural_policy,output_average,local_optimizer_update,0.01709001895505935
toy5,neural_output_average,tensor_batched,tensor_batched,cuda,1024,5,1,0,0,2,toy5_gpu_core_neural_output_average_tensor_batched_1024_cuda_repeat00,2,neural_policy,output_average,local_loss_update,0.023210347048006952
toy5,neural_output_average,tensor_batched,tensor_batched,cuda,1024,5,1,0,0,2,toy5_gpu_core_neural_output_average_tensor_batched_1024_cuda_repeat00,2,neural_policy,output_average,local_training,0.024152714060619473
toy5,neural_output_average,tensor_batched,tensor_batched,cuda,1024,5,1,0,0,2,toy5_gpu_core_neural_output_average_tensor_batched_1024_cuda_repeat00,2,neural_policy,output_average,cache_refresh,1.9598053768277168e-05
toy5,neural_output_average,tensor_batched,tensor_batched,cuda,1024,5,1,0,0,2,toy5_gpu_core_neural_output_average_tensor_batched_1024_cuda_repeat00,2,neural_policy,output_average,post_local_readout,0.0009541499894112349
toy5,neural_output_average,tensor_batched,tensor_batched,cuda,1024,5,1,0,0,2,toy5_gpu_core_neural_output_average_tensor_batched_1024_cuda_repeat00,2,neural_policy,output_average,local_step,0.04517382604535669
toy5,neural_output_average,tensor_batched,tensor_batched,cuda,1024,5,1,0,0,2,toy5_gpu_core_neural_output_average_tensor_batched_1024_cuda_repeat00,2,neural_policy,output_average,select_peers,0.0005800450453534722
toy5,neural_output_average,tensor_batched,tensor_batched,cuda,1024,5,1,0,0,2,toy5_gpu_core_neural_output_average_tensor_batched_1024_cuda_repeat00,2,neural_policy,output_average,social_mix,0.0059788740472868085
toy5,neural_output_average,tensor_batched,tensor_batched,cuda,1024,5,1,0,0,2,toy5_gpu_core_neural_output_average_tensor_batched_1024_cuda_repeat00,2,neural_policy,output_average,social_loss_forward,0.001280253054574132
toy5,neural_output_average,tensor_batched,tensor_batched,cuda,1024,5,1,0,0,2,toy5_gpu_core_neural_output_average_tensor_batched_1024_cuda_repeat00,2,neural_policy,output_average,social_autograd_grad,0.002419921918772161
toy5,neural_output_average,tensor_batched,tensor_batched,cuda,1024,5,1,0,0,2,toy5_gpu_core_neural_output_average_tensor_batched_1024_cuda_repeat00,2,neural_policy,output_average,social_adam_update,0.0022320380667224526
toy5,neural_output_average,tensor_batched,tensor_batched,cuda,1024,5,1,0,0,2,toy5_gpu_core_neural_output_average_tensor_batched_1024_cuda_repeat00,2,neural_policy,output_average,social_optimizer_update,0.005587775027379394
toy5,neural_output_average,tensor_batched,tensor_batched,cuda,1024,5,1,0,0,2,toy5_gpu_core_neural_output_average_tensor_batched_1024_cuda_repeat00,2,neural_policy,output_average,social_distillation,0.01444904797244817
toy5,neural_output_average,tensor_batched,tensor_batched,cuda,1024,5,1,0,0,2,toy5_gpu_core_neural_output_average_tensor_batched_1024_cuda_repeat00,2,neural_policy,output_average,social_step,0.014551306026987731
toy5,neural_output_average,tensor_batched,tensor_batched,cuda,1024,5,1,0,0,2,toy5_gpu_core_neural_output_average_tensor_batched_1024_cuda_repeat00,2,neural_policy,output_average,sample_actions,1.622200943529606e-05
toy5,neural_output_average,tensor_batched,tensor_batched,cuda,1024,5,1,0,0,2,toy5_gpu_core_neural_output_average_tensor_batched_1024_cuda_repeat00,2,neural_policy,output_average,commit_actions,0.0003708589356392622
toy5,neural_output_average,tensor_batched,tensor_batched,cuda,1024,5,1,0,0,2,toy5_gpu_core_neural_output_average_tensor_batched_1024_cuda_repeat00,2,neural_policy,output_average,post_step_state_policy,0.00018012896180152893
toy5,neural_output_average,tensor_batched,tensor_batched,cuda,1024,5,1,0,0,2,toy5_gpu_core_neural_output_average_tensor_batched_1024_cuda_repeat00,2,neural_policy,output_average,update_reputation_ema,0.0002295150188729167
toy5,neural_output_average,tensor_batched,tensor_batched,cuda,1024,5,1,0,0,2,toy5_gpu_core_neural_output_average_tensor_batched_1024_cuda_repeat00,2,neural_policy,output_average,finalize_hook_step,2.261402551084757e-05
toy5,neural_output_average,tensor_batched,tensor_batched,cuda,1024,5,1,0,0,2,toy5_gpu_core_neural_output_average_tensor_batched_1024_cuda_repeat00,2,neural_policy,output_average,hooked_step_total,0.06996790389530361
toy5,neural_output_average,tensor_batched,tensor_batched,cuda,1024,5,1,0,0,2,toy5_gpu_core_neural_output_average_tensor_batched_1024_cuda_repeat00,2,neural_policy,output_average,aggregate_row,0.03849762096069753
toy5,neural_output_average,tensor_batched,tensor_batched,cuda,1024,5,1,0,0,2,toy5_gpu_core_neural_output_average_tensor_batched_1024_cuda_repeat00,2,neural_policy,output_average,write_aggregate,0.0005503370193764567
toy5,neural_output_average,tensor_batched,tensor_batched,cuda,1024,5,1,0,0,2,toy5_gpu_core_neural_output_average_tensor_batched_1024_cuda_repeat00,3,neural_policy,output_average,sample_revision_mask,0.00014185509644448757
toy5,neural_output_average,tensor_batched,tensor_batched,cuda,1024,5,1,0,0,2,toy5_gpu_core_neural_output_average_tensor_batched_1024_cuda_repeat00,3,neural_policy,output_average,build_step_context,0.0036235670559108257
toy5,neural_output_average,tensor_batched,tensor_batched,cuda,1024,5,1,0,0,2,toy5_gpu_core_neural_output_average_tensor_batched_1024_cuda_repeat00,3,neural_policy,output_average,build_observations,0.005766140995547175
toy5,neural_output_average,tensor_batched,tensor_batched,cuda,1024,5,1,0,0,2,toy5_gpu_core_neural_output_average_tensor_batched_1024_cuda_repeat00,3,neural_policy,output_average,policy_readout,0.00802200601901859
toy5,neural_output_average,tensor_batched,tensor_batched,cuda,1024,5,1,0,0,2,toy5_gpu_core_neural_output_average_tensor_batched_1024_cuda_repeat00,3,neural_policy,output_average,decision_selection,0.00333323294762522
toy5,neural_output_average,tensor_batched,tensor_batched,cuda,1024,5,1,0,0,2,toy5_gpu_core_neural_output_average_tensor_batched_1024_cuda_repeat00,3,neural_policy,output_average,local_trainable_parameters,0.0006816219538450241
toy5,neural_output_average,tensor_batched,tensor_batched,cuda,1024,5,1,0,0,2,toy5_gpu_core_neural_output_average_tensor_batched_1024_cuda_repeat00,3,neural_policy,output_average,local_loss_forward,0.0065072980942204595
toy5,neural_output_average,tensor_batched,tensor_batched,cuda,1024,5,1,0,0,2,toy5_gpu_core_neural_output_average_tensor_batched_1024_cuda_repeat00,3,neural_policy,output_average,local_autograd_grad,0.012461844948120415
toy5,neural_output_average,tensor_batched,tensor_batched,cuda,1024,5,1,0,0,2,toy5_gpu_core_neural_output_average_tensor_batched_1024_cuda_repeat00,3,neural_policy,output_average,local_adam_update,0.011732149054296315
toy5,neural_output_average,tensor_batched,tensor_batched,cuda,1024,5,1,0,0,2,toy5_gpu_core_neural_output_average_tensor_batched_1024_cuda_repeat00,3,neural_policy,output_average,local_optimizer_update,0.02869336900766939
toy5,neural_output_average,tensor_batched,tensor_batched,cuda,1024,5,1,0,0,2,toy5_gpu_core_neural_output_average_tensor_batched_1024_cuda_repeat00,3,neural_policy,output_average,local_loss_update,0.03539843100588769
toy5,neural_output_average,tensor_batched,tensor_batched,cuda,1024,5,1,0,0,2,toy5_gpu_core_neural_output_average_tensor_batched_1024_cuda_repeat00,3,neural_policy,output_average,local_training,0.03655088506639004
toy5,neural_output_average,tensor_batched,tensor_batched,cuda,1024,5,1,0,0,2,toy5_gpu_core_neural_output_average_tensor_batched_1024_cuda_repeat00,3,neural_policy,output_average,cache_refresh,2.8876005671918392e-05
toy5,neural_output_average,tensor_batched,tensor_batched,cuda,1024,5,1,0,0,2,toy5_gpu_core_neural_output_average_tensor_batched_1024_cuda_repeat00,3,neural_policy,output_average,post_local_readout,0.002121935016475618
toy5,neural_output_average,tensor_batched,tensor_batched,cuda,1024,5,1,0,0,2,toy5_gpu_core_neural_output_average_tensor_batched_1024_cuda_repeat00,3,neural_policy,output_average,local_step,0.06279710901435465
toy5,neural_output_average,tensor_batched,tensor_batched,cuda,1024,5,1,0,0,2,toy5_gpu_core_neural_output_average_tensor_batched_1024_cuda_repeat00,3,neural_policy,output_average,select_peers,0.0011311740381643176
toy5,neural_output_average,tensor_batched,tensor_batched,cuda,1024,5,1,0,0,2,toy5_gpu_core_neural_output_average_tensor_batched_1024_cuda_repeat00,3,neural_policy,output_average,social_mix,0.00977028498891741
toy5,neural_output_average,tensor_batched,tensor_batched,cuda,1024,5,1,0,0,2,toy5_gpu_core_neural_output_average_tensor_batched_1024_cuda_repeat00,3,neural_policy,output_average,social_loss_forward,0.002852862002328038
toy5,neural_output_average,tensor_batched,tensor_batched,cuda,1024,5,1,0,0,2,toy5_gpu_core_neural_output_average_tensor_batched_1024_cuda_repeat00,3,neural_policy,output_average,social_autograd_grad,0.007591760950163007
toy5,neural_output_average,tensor_batched,tensor_batched,cuda,1024,5,1,0,0,2,toy5_gpu_core_neural_output_average_tensor_batched_1024_cuda_repeat00,3,neural_policy,output_average,social_adam_update,0.004242075956426561
toy5,neural_output_average,tensor_batched,tensor_batched,cuda,1024,5,1,0,0,2,toy5_gpu_core_neural_output_average_tensor_batched_1024_cuda_repeat00,3,neural_policy,output_average,social_optimizer_update,0.014369993936270475
toy5,neural_output_average,tensor_batched,tensor_batched,cuda,1024,5,1,0,0,2,toy5_gpu_core_neural_output_average_tensor_batched_1024_cuda_repeat00,3,neural_policy,output_average,social_distillation,0.03178653703071177
toy5,neural_output_average,tensor_batched,tensor_batched,cuda,1024,5,1,0,0,2,toy5_gpu_core_neural_output_average_tensor_batched_1024_cuda_repeat00,3,neural_policy,output_average,social_step,0.03196485200896859
toy5,neural_output_average,tensor_batched,tensor_batched,cuda,1024,5,1,0,0,2,toy5_gpu_core_neural_output_average_tensor_batched_1024_cuda_repeat00,3,neural_policy,output_average,sample_actions,2.518901601433754e-05
toy5,neural_output_average,tensor_batched,tensor_batched,cuda,1024,5,1,0,0,2,toy5_gpu_core_neural_output_average_tensor_batched_1024_cuda_repeat00,3,neural_policy,output_average,commit_actions,0.0005711480043828487
toy5,neural_output_average,tensor_batched,tensor_batched,cuda,1024,5,1,0,0,2,toy5_gpu_core_neural_output_average_tensor_batched_1024_cuda_repeat00,3,neural_policy,output_average,post_step_state_policy,0.00022658903617411852
toy5,neural_output_average,tensor_batched,tensor_batched,cuda,1024,5,1,0,0,2,toy5_gpu_core_neural_output_average_tensor_batched_1024_cuda_repeat00,3,neural_policy,output_average,update_reputation_ema,0.0004876459715887904
toy5,neural_output_average,tensor_batched,tensor_batched,cuda,1024,5,1,0,0,2,toy5_gpu_core_neural_output_average_tensor_batched_1024_cuda_repeat00,3,neural_policy,output_average,finalize_hook_step,3.174098674207926e-05
toy5,neural_output_average,tensor_batched,tensor_batched,cuda,1024,5,1,0,0,2,toy5_gpu_core_neural_output_average_tensor_batched_1024_cuda_repeat00,3,neural_policy,output_average,hooked_step_total,0.11241148598492146
toy5,neural_output_average,tensor_batched,tensor_batched,cuda,1024,5,1,0,0,2,toy5_gpu_core_neural_output_average_tensor_batched_1024_cuda_repeat00,3,neural_policy,output_average,aggregate_row,0.04679628205485642
toy5,neural_output_average,tensor_batched,tensor_batched,cuda,1024,5,1,0,0,2,toy5_gpu_core_neural_output_average_tensor_batched_1024_cuda_repeat00,3,neural_policy,output_average,write_aggregate,0.000671340967528522
toy5,neural_output_average,tensor_batched,tensor_batched,cuda,1024,5,1,0,0,2,toy5_gpu_core_neural_output_average_tensor_batched_1024_cuda_repeat00,4,neural_policy,output_average,sample_revision_mask,0.00024029600899666548
toy5,neural_output_average,tensor_batched,tensor_batched,cuda,1024,5,1,0,0,2,toy5_gpu_core_neural_output_average_tensor_batched_1024_cuda_repeat00,4,neural_policy,output_average,build_step_context,0.004878530045971274
toy5,neural_output_average,tensor_batched,tensor_batched,cuda,1024,5,1,0,0,2,toy5_gpu_core_neural_output_average_tensor_batched_1024_cuda_repeat00,4,neural_policy,output_average,build_observations,0.007938562892377377
toy5,neural_output_average,tensor_batched,tensor_batched,cuda,1024,5,1,0,0,2,toy5_gpu_core_neural_output_average_tensor_batched_1024_cuda_repeat00,4,neural_policy,output_average,policy_readout,0.00974505697377026
toy5,neural_output_average,tensor_batched,tensor_batched,cuda,1024,5,1,0,0,2,toy5_gpu_core_neural_output_average_tensor_batched_1024_cuda_repeat00,4,neural_policy,output_average,decision_selection,0.0030889599584043026
toy5,neural_output_average,tensor_batched,tensor_batched,cuda,1024,5,1,0,0,2,toy5_gpu_core_neural_output_average_tensor_batched_1024_cuda_repeat00,4,neural_policy,output_average,local_trainable_parameters,0.0006078489823266864
toy5,neural_output_average,tensor_batched,tensor_batched,cuda,1024,5,1,0,0,2,toy5_gpu_core_neural_output_average_tensor_batched_1024_cuda_repeat00,4,neural_policy,output_average,local_loss_forward,0.0063587999902665615
toy5,neural_output_average,tensor_batched,tensor_batched,cuda,1024,5,1,0,0,2,toy5_gpu_core_neural_output_average_tensor_batched_1024_cuda_repeat00,4,neural_policy,output_average,local_autograd_grad,0.011746949050575495
toy5,neural_output_average,tensor_batched,tensor_batched,cuda,1024,5,1,0,0,2,toy5_gpu_core_neural_output_average_tensor_batched_1024_cuda_repeat00,4,neural_policy,output_average,local_adam_update,0.006683659972622991
toy5,neural_output_average,tensor_batched,tensor_batched,cuda,1024,5,1,0,0,2,toy5_gpu_core_neural_output_average_tensor_batched_1024_cuda_repeat00,4,neural_policy,output_average,local_optimizer_update,0.020842385943979025
toy5,neural_output_average,tensor_batched,tensor_batched,cuda,1024,5,1,0,0,2,toy5_gpu_core_neural_output_average_tensor_batched_1024_cuda_repeat00,4,neural_policy,output_average,local_loss_update,0.0273828380741179
toy5,neural_output_average,tensor_batched,tensor_batched,cuda,1024,5,1,0,0,2,toy5_gpu_core_neural_output_average_tensor_batched_1024_cuda_repeat00,4,neural_policy,output_average,local_training,0.02875422697979957
toy5,neural_output_average,tensor_batched,tensor_batched,cuda,1024,5,1,0,0,2,toy5_gpu_core_neural_output_average_tensor_batched_1024_cuda_repeat00,4,neural_policy,output_average,cache_refresh,4.8944028094410896e-05
toy5,neural_output_average,tensor_batched,tensor_batched,cuda,1024,5,1,0,0,2,toy5_gpu_core_neural_output_average_tensor_batched_1024_cuda_repeat00,4,neural_policy,output_average,post_local_readout,0.0018196490127593279
toy5,neural_output_average,tensor_batched,tensor_batched,cuda,1024,5,1,0,0,2,toy5_gpu_core_neural_output_average_tensor_batched_1024_cuda_repeat00,4,neural_policy,output_average,local_step,0.057374384021386504
toy5,neural_output_average,tensor_batched,tensor_batched,cuda,1024,5,1,0,0,2,toy5_gpu_core_neural_output_average_tensor_batched_1024_cuda_repeat00,4,neural_policy,output_average,select_peers,0.0011382169323042035
toy5,neural_output_average,tensor_batched,tensor_batched,cuda,1024,5,1,0,0,2,toy5_gpu_core_neural_output_average_tensor_batched_1024_cuda_repeat00,4,neural_policy,output_average,social_mix,0.010821704054251313
toy5,neural_output_average,tensor_batched,tensor_batched,cuda,1024,5,1,0,0,2,toy5_gpu_core_neural_output_average_tensor_batched_1024_cuda_repeat00,4,neural_policy,output_average,social_loss_forward,0.0027404429856687784
toy5,neural_output_average,tensor_batched,tensor_batched,cuda,1024,5,1,0,0,2,toy5_gpu_core_neural_output_average_tensor_batched_1024_cuda_repeat00,4,neural_policy,output_average,social_autograd_grad,0.007921510026790202
toy5,neural_output_average,tensor_batched,tensor_batched,cuda,1024,5,1,0,0,2,toy5_gpu_core_neural_output_average_tensor_batched_1024_cuda_repeat00,4,neural_policy,output_average,social_adam_update,0.003977203043177724
toy5,neural_output_average,tensor_batched,tensor_batched,cuda,1024,5,1,0,0,2,toy5_gpu_core_neural_output_average_tensor_batched_1024_cuda_repeat00,4,neural_policy,output_average,social_optimizer_update,0.014965569018386304
toy5,neural_output_average,tensor_batched,tensor_batched,cuda,1024,5,1,0,0,2,toy5_gpu_core_neural_output_average_tensor_batched_1024_cuda_repeat00,4,neural_policy,output_average,social_distillation,0.03418919595424086
toy5,neural_output_average,tensor_batched,tensor_batched,cuda,1024,5,1,0,0,2,toy5_gpu_core_neural_output_average_tensor_batched_1024_cuda_repeat00,4,neural_policy,output_average,social_step,0.03448849602136761
toy5,neural_output_average,tensor_batched,tensor_batched,cuda,1024,5,1,0,0,2,toy5_gpu_core_neural_output_average_tensor_batched_1024_cuda_repeat00,4,neural_policy,output_average,sample_actions,2.7262954972684383e-05
toy5,neural_output_average,tensor_batched,tensor_batched,cuda,1024,5,1,0,0,2,toy5_gpu_core_neural_output_average_tensor_batched_1024_cuda_repeat00,4,neural_policy,output_average,commit_actions,0.0006430869689211249
toy5,neural_output_average,tensor_batched,tensor_batched,cuda,1024,5,1,0,0,2,toy5_gpu_core_neural_output_average_tensor_batched_1024_cuda_repeat00,4,neural_policy,output_average,post_step_state_policy,0.00032645289320498705
toy5,neural_output_average,tensor_batched,tensor_batched,cuda,1024,5,1,0,0,2,toy5_gpu_core_neural_output_average_tensor_batched_1024_cuda_repeat00,4,neural_policy,output_average,update_reputation_ema,0.000246287090703845
toy5,neural_output_average,tensor_batched,tensor_batched,cuda,1024,5,1,0,0,2,toy5_gpu_core_neural_output_average_tensor_batched_1024_cuda_repeat00,4,neural_policy,output_average,finalize_hook_step,3.509793896228075e-05
toy5,neural_output_average,tensor_batched,tensor_batched,cuda,1024,5,1,0,0,2,toy5_gpu_core_neural_output_average_tensor_batched_1024_cuda_repeat00,4,neural_policy,output_average,hooked_step_total,0.10896294796839356
toy5,neural_output_average,tensor_batched,tensor_batched,cuda,1024,5,1,0,0,2,toy5_gpu_core_neural_output_average_tensor_batched_1024_cuda_repeat00,4,neural_policy,output_average,aggregate_row,0.04583204200025648
toy5,neural_output_average,tensor_batched,tensor_batched,cuda,1024,5,1,0,0,2,toy5_gpu_core_neural_output_average_tensor_batched_1024_cuda_repeat00,4,neural_policy,output_average,write_aggregate,0.0004450229462236166
toy5,neural_output_average,tensor_batched,tensor_batched,cuda,1024,5,1,0,0,2,toy5_gpu_core_neural_output_average_tensor_batched_1024_cuda_repeat00,5,neural_policy,output_average,sample_revision_mask,0.00012852903455495834
toy5,neural_output_average,tensor_batched,tensor_batched,cuda,1024,5,1,0,0,2,toy5_gpu_core_neural_output_average_tensor_batched_1024_cuda_repeat00,5,neural_policy,output_average,build_step_context,0.004765409976243973
toy5,neural_output_average,tensor_batched,tensor_batched,cuda,1024,5,1,0,0,2,toy5_gpu_core_neural_output_average_tensor_batched_1024_cuda_repeat00,5,neural_policy,output_average,build_observations,0.007287450018338859
toy5,neural_output_average,tensor_batched,tensor_batched,cuda,1024,5,1,0,0,2,toy5_gpu_core_neural_output_average_tensor_batched_1024_cuda_repeat00,5,neural_policy,output_average,policy_readout,0.008150395005941391
toy5,neural_output_average,tensor_batched,tensor_batched,cuda,1024,5,1,0,0,2,toy5_gpu_core_neural_output_average_tensor_batched_1024_cuda_repeat00,5,neural_policy,output_average,decision_selection,0.002428338979370892
toy5,neural_output_average,tensor_batched,tensor_batched,cuda,1024,5,1,0,0,2,toy5_gpu_core_neural_output_average_tensor_batched_1024_cuda_repeat00,5,neural_policy,output_average,local_trainable_parameters,0.0006060749292373657
toy5,neural_output_average,tensor_batched,tensor_batched,cuda,1024,5,1,0,0,2,toy5_gpu_core_neural_output_average_tensor_batched_1024_cuda_repeat00,5,neural_policy,output_average,local_loss_forward,0.0057643980253487825
toy5,neural_output_average,tensor_batched,tensor_batched,cuda,1024,5,1,0,0,2,toy5_gpu_core_neural_output_average_tensor_batched_1024_cuda_repeat00,5,neural_policy,output_average,local_autograd_grad,0.006045702961273491
toy5,neural_output_average,tensor_batched,tensor_batched,cuda,1024,5,1,0,0,2,toy5_gpu_core_neural_output_average_tensor_batched_1024_cuda_repeat00,5,neural_policy,output_average,local_adam_update,0.00584720796905458
toy5,neural_output_average,tensor_batched,tensor_batched,cuda,1024,5,1,0,0,2,toy5_gpu_core_neural_output_average_tensor_batched_1024_cuda_repeat00,5,neural_policy,output_average,local_optimizer_update,0.0134039610857144
toy5,neural_output_average,tensor_batched,tensor_batched,cuda,1024,5,1,0,0,2,toy5_gpu_core_neural_output_average_tensor_batched_1024_cuda_repeat00,5,neural_policy,output_average,local_loss_update,0.019300184911116958
toy5,neural_output_average,tensor_batched,tensor_batched,cuda,1024,5,1,0,0,2,toy5_gpu_core_neural_output_average_tensor_batched_1024_cuda_repeat00,5,neural_policy,output_average,local_training,0.02034112298861146
toy5,neural_output_average,tensor_batched,tensor_batched,cuda,1024,5,1,0,0,2,toy5_gpu_core_neural_output_average_tensor_batched_1024_cuda_repeat00,5,neural_policy,output_average,cache_refresh,1.9467901438474655e-05
toy5,neural_output_average,tensor_batched,tensor_batched,cuda,1024,5,1,0,0,2,toy5_gpu_core_neural_output_average_tensor_batched_1024_cuda_repeat00,5,neural_policy,output_average,post_local_readout,0.0013967580161988735
toy5,neural_output_average,tensor_batched,tensor_batched,cuda,1024,5,1,0,0,2,toy5_gpu_core_neural_output_average_tensor_batched_1024_cuda_repeat00,5,neural_policy,output_average,local_step,0.044337605009786785
toy5,neural_output_average,tensor_batched,tensor_batched,cuda,1024,5,1,0,0,2,toy5_gpu_core_neural_output_average_tensor_batched_1024_cuda_repeat00,5,neural_policy,output_average,select_peers,0.0008352790027856827
toy5,neural_output_average,tensor_batched,tensor_batched,cuda,1024,5,1,0,0,2,toy5_gpu_core_neural_output_average_tensor_batched_1024_cuda_repeat00,5,neural_policy,output_average,social_mix,0.006227915990166366
toy5,neural_output_average,tensor_batched,tensor_batched,cuda,1024,5,1,0,0,2,toy5_gpu_core_neural_output_average_tensor_batched_1024_cuda_repeat00,5,neural_policy,output_average,social_loss_forward,0.0015882200095802546
toy5,neural_output_average,tensor_batched,tensor_batched,cuda,1024,5,1,0,0,2,toy5_gpu_core_neural_output_average_tensor_batched_1024_cuda_repeat00,5,neural_policy,output_average,social_autograd_grad,0.0017779479967430234
toy5,neural_output_average,tensor_batched,tensor_batched,cuda,1024,5,1,0,0,2,toy5_gpu_core_neural_output_average_tensor_batched_1024_cuda_repeat00,5,neural_policy,output_average,social_adam_update,0.0027388310991227627
toy5,neural_output_average,tensor_batched,tensor_batched,cuda,1024,5,1,0,0,2,toy5_gpu_core_neural_output_average_tensor_batched_1024_cuda_repeat00,5,neural_policy,output_average,social_optimizer_update,0.006267093005590141
toy5,neural_output_average,tensor_batched,tensor_batched,cuda,1024,5,1,0,0,2,toy5_gpu_core_neural_output_average_tensor_batched_1024_cuda_repeat00,5,neural_policy,output_average,social_distillation,0.017270929994992912
toy5,neural_output_average,tensor_batched,tensor_batched,cuda,1024,5,1,0,0,2,toy5_gpu_core_neural_output_average_tensor_batched_1024_cuda_repeat00,5,neural_policy,output_average,social_step,0.017426752019673586
toy5,neural_output_average,tensor_batched,tensor_batched,cuda,1024,5,1,0,0,2,toy5_gpu_core_neural_output_average_tensor_batched_1024_cuda_repeat00,5,neural_policy,output_average,sample_actions,1.569103915244341e-05
toy5,neural_output_average,tensor_batched,tensor_batched,cuda,1024,5,1,0,0,2,toy5_gpu_core_neural_output_average_tensor_batched_1024_cuda_repeat00,5,neural_policy,output_average,commit_actions,0.00047953997272998095
toy5,neural_output_average,tensor_batched,tensor_batched,cuda,1024,5,1,0,0,2,toy5_gpu_core_neural_output_average_tensor_batched_1024_cuda_repeat00,5,neural_policy,output_average,post_step_state_policy,0.0001911610597744584
toy5,neural_output_average,tensor_batched,tensor_batched,cuda,1024,5,1,0,0,2,toy5_gpu_core_neural_output_average_tensor_batched_1024_cuda_repeat00,5,neural_policy,output_average,update_reputation_ema,0.0001949480501934886
toy5,neural_output_average,tensor_batched,tensor_batched,cuda,1024,5,1,0,0,2,toy5_gpu_core_neural_output_average_tensor_batched_1024_cuda_repeat00,5,neural_policy,output_average,finalize_hook_step,3.499805461615324e-05
toy5,neural_output_average,tensor_batched,tensor_batched,cuda,1024,5,1,0,0,2,toy5_gpu_core_neural_output_average_tensor_batched_1024_cuda_repeat00,5,neural_policy,output_average,hooked_step_total,0.07485737407114357
toy5,neural_output_average,tensor_batched,tensor_batched,cuda,1024,5,1,0,0,2,toy5_gpu_core_neural_output_average_tensor_batched_1024_cuda_repeat00,5,neural_policy,output_average,aggregate_row,0.04518112994264811
toy5,neural_output_average,tensor_batched,tensor_batched,cuda,1024,5,1,0,0,2,toy5_gpu_core_neural_output_average_tensor_batched_1024_cuda_repeat00,5,neural_policy,output_average,write_aggregate,0.0005822189850732684
toy5,neural_output_average,tensor_batched,tensor_batched,cuda,1024,5,1,1,0,2,toy5_gpu_core_neural_output_average_tensor_batched_1024_cuda_repeat01,0,neural_policy,output_average,make_run_dir,0.004241173970513046
toy5,neural_output_average,tensor_batched,tensor_batched,cuda,1024,5,1,1,0,2,toy5_gpu_core_neural_output_average_tensor_batched_1024_cuda_repeat01,0,neural_policy,output_average,write_metadata,0.014791341032832861
toy5,neural_output_average,tensor_batched,tensor_batched,cuda,1024,5,1,1,0,2,toy5_gpu_core_neural_output_average_tensor_batched_1024_cuda_repeat01,0,neural_policy,output_average,initial_state,3.127014306955971
toy5,neural_output_average,tensor_batched,tensor_batched,cuda,1024,5,1,1,0,2,toy5_gpu_core_neural_output_average_tensor_batched_1024_cuda_repeat01,0,neural_policy,output_average,writer_setup,0.004914688062854111
toy5,neural_output_average,tensor_batched,tensor_batched,cuda,1024,5,1,1,0,2,toy5_gpu_core_neural_output_average_tensor_batched_1024_cuda_repeat01,0,neural_policy,output_average,initial_step_result,0.01278321398422122
toy5,neural_output_average,tensor_batched,tensor_batched,cuda,1024,5,1,1,0,2,toy5_gpu_core_neural_output_average_tensor_batched_1024_cuda_repeat01,0,neural_policy,output_average,initial_aggregate_row,0.019258868996985257
toy5,neural_output_average,tensor_batched,tensor_batched,cuda,1024,5,1,1,0,2,toy5_gpu_core_neural_output_average_tensor_batched_1024_cuda_repeat01,0,neural_policy,output_average,write_initial_aggregate,0.0003576739691197872
toy5,neural_output_average,tensor_batched,tensor_batched,cuda,1024,5,1,1,0,2,toy5_gpu_core_neural_output_average_tensor_batched_1024_cuda_repeat01,1,neural_policy,output_average,sample_revision_mask,0.00010441301856189966
toy5,neural_output_average,tensor_batched,tensor_batched,cuda,1024,5,1,1,0,2,toy5_gpu_core_neural_output_average_tensor_batched_1024_cuda_repeat01,1,neural_policy,output_average,build_step_context,0.0032326170476153493
toy5,neural_output_average,tensor_batched,tensor_batched,cuda,1024,5,1,1,0,2,toy5_gpu_core_neural_output_average_tensor_batched_1024_cuda_repeat01,1,neural_policy,output_average,build_observations,0.005807379027828574
toy5,neural_output_average,tensor_batched,tensor_batched,cuda,1024,5,1,1,0,2,toy5_gpu_core_neural_output_average_tensor_batched_1024_cuda_repeat01,1,neural_policy,output_average,policy_readout,0.007006142986938357
toy5,neural_output_average,tensor_batched,tensor_batched,cuda,1024,5,1,1,0,2,toy5_gpu_core_neural_output_average_tensor_batched_1024_cuda_repeat01,1,neural_policy,output_average,decision_selection,0.00267730001360178
toy5,neural_output_average,tensor_batched,tensor_batched,cuda,1024,5,1,1,0,2,toy5_gpu_core_neural_output_average_tensor_batched_1024_cuda_repeat01,1,neural_policy,output_average,local_trainable_parameters,0.0004896189784631133
toy5,neural_output_average,tensor_batched,tensor_batched,cuda,1024,5,1,1,0,2,toy5_gpu_core_neural_output_average_tensor_batched_1024_cuda_repeat01,1,neural_policy,output_average,local_loss_forward,0.0039243490900844336
toy5,neural_output_average,tensor_batched,tensor_batched,cuda,1024,5,1,1,0,2,toy5_gpu_core_neural_output_average_tensor_batched_1024_cuda_repeat01,1,neural_policy,output_average,local_autograd_grad,0.00853491690941155
toy5,neural_output_average,tensor_batched,tensor_batched,cuda,1024,5,1,1,0,2,toy5_gpu_core_neural_output_average_tensor_batched_1024_cuda_repeat01,1,neural_policy,output_average,local_adam_update,0.0052681840024888515
toy5,neural_output_average,tensor_batched,tensor_batched,cuda,1024,5,1,1,0,2,toy5_gpu_core_neural_output_average_tensor_batched_1024_cuda_repeat01,1,neural_policy,output_average,local_optimizer_update,0.015370218898169696
toy5,neural_output_average,tensor_batched,tensor_batched,cuda,1024,5,1,1,0,2,toy5_gpu_core_neural_output_average_tensor_batched_1024_cuda_repeat01,1,neural_policy,output_average,local_loss_update,0.019412184949032962
toy5,neural_output_average,tensor_batched,tensor_batched,cuda,1024,5,1,1,0,2,toy5_gpu_core_neural_output_average_tensor_batched_1024_cuda_repeat01,1,neural_policy,output_average,local_training,0.02037318900693208
toy5,neural_output_average,tensor_batched,tensor_batched,cuda,1024,5,1,1,0,2,toy5_gpu_core_neural_output_average_tensor_batched_1024_cuda_repeat01,1,neural_policy,output_average,cache_refresh,3.887503407895565e-05
toy5,neural_output_average,tensor_batched,tensor_batched,cuda,1024,5,1,1,0,2,toy5_gpu_core_neural_output_average_tensor_batched_1024_cuda_repeat01,1,neural_policy,output_average,post_local_readout,0.001211798982694745
toy5,neural_output_average,tensor_batched,tensor_batched,cuda,1024,5,1,1,0,2,toy5_gpu_core_neural_output_average_tensor_batched_1024_cuda_repeat01,1,neural_policy,output_average,local_step,0.04153037804644555
toy5,neural_output_average,tensor_batched,tensor_batched,cuda,1024,5,1,1,0,2,toy5_gpu_core_neural_output_average_tensor_batched_1024_cuda_repeat01,1,neural_policy,output_average,select_peers,0.000744011951610446
toy5,neural_output_average,tensor_batched,tensor_batched,cuda,1024,5,1,1,0,2,toy5_gpu_core_neural_output_average_tensor_batched_1024_cuda_repeat01,1,neural_policy,output_average,social_mix,0.005870812106877565
toy5,neural_output_average,tensor_batched,tensor_batched,cuda,1024,5,1,1,0,2,toy5_gpu_core_neural_output_average_tensor_batched_1024_cuda_repeat01,1,neural_policy,output_average,social_loss_forward,0.0011428649304434657
toy5,neural_output_average,tensor_batched,tensor_batched,cuda,1024,5,1,1,0,2,toy5_gpu_core_neural_output_average_tensor_batched_1024_cuda_repeat01,1,neural_policy,output_average,social_autograd_grad,0.0038211680948734283
toy5,neural_output_average,tensor_batched,tensor_batched,cuda,1024,5,1,1,0,2,toy5_gpu_core_neural_output_average_tensor_batched_1024_cuda_repeat01,1,neural_policy,output_average,social_adam_update,0.002311512012965977
toy5,neural_output_average,tensor_batched,tensor_batched,cuda,1024,5,1,1,0,2,toy5_gpu_core_neural_output_average_tensor_batched_1024_cuda_repeat01,1,neural_policy,output_average,social_optimizer_update,0.007369849015958607
toy5,neural_output_average,tensor_batched,tensor_batched,cuda,1024,5,1,1,0,2,toy5_gpu_core_neural_output_average_tensor_batched_1024_cuda_repeat01,1,neural_policy,output_average,social_distillation,0.016344057978130877
toy5,neural_output_average,tensor_batched,tensor_batched,cuda,1024,5,1,1,0,2,toy5_gpu_core_neural_output_average_tensor_batched_1024_cuda_repeat01,1,neural_policy,output_average,social_step,0.016465373104438186
toy5,neural_output_average,tensor_batched,tensor_batched,cuda,1024,5,1,1,0,2,toy5_gpu_core_neural_output_average_tensor_batched_1024_cuda_repeat01,1,neural_policy,output_average,sample_actions,1.4958903193473816e-05
toy5,neural_output_average,tensor_batched,tensor_batched,cuda,1024,5,1,1,0,2,toy5_gpu_core_neural_output_average_tensor_batched_1024_cuda_repeat01,1,neural_policy,output_average,commit_actions,0.0004417360760271549
toy5,neural_output_average,tensor_batched,tensor_batched,cuda,1024,5,1,1,0,2,toy5_gpu_core_neural_output_average_tensor_batched_1024_cuda_repeat01,1,neural_policy,output_average,post_step_state_policy,0.0001886360114440322
toy5,neural_output_average,tensor_batched,tensor_batched,cuda,1024,5,1,1,0,2,toy5_gpu_core_neural_output_average_tensor_batched_1024_cuda_repeat01,1,neural_policy,output_average,update_reputation_ema,0.00026215799152851105
toy5,neural_output_average,tensor_batched,tensor_batched,cuda,1024,5,1,1,0,2,toy5_gpu_core_neural_output_average_tensor_batched_1024_cuda_repeat01,1,neural_policy,output_average,finalize_hook_step,3.0788942240178585e-05
toy5,neural_output_average,tensor_batched,tensor_batched,cuda,1024,5,1,1,0,2,toy5_gpu_core_neural_output_average_tensor_batched_1024_cuda_repeat01,1,neural_policy,output_average,hooked_step_total,0.06918722798582166
toy5,neural_output_average,tensor_batched,tensor_batched,cuda,1024,5,1,1,0,2,toy5_gpu_core_neural_output_average_tensor_batched_1024_cuda_repeat01,1,neural_policy,output_average,aggregate_row,0.03283837693743408
toy5,neural_output_average,tensor_batched,tensor_batched,cuda,1024,5,1,1,0,2,toy5_gpu_core_neural_output_average_tensor_batched_1024_cuda_repeat01,1,neural_policy,output_average,write_aggregate,0.00042103708256036043
toy5,neural_output_average,tensor_batched,tensor_batched,cuda,1024,5,1,1,0,2,toy5_gpu_core_neural_output_average_tensor_batched_1024_cuda_repeat01,2,neural_policy,output_average,sample_revision_mask,0.00012953102122992277
toy5,neural_output_average,tensor_batched,tensor_batched,cuda,1024,5,1,1,0,2,toy5_gpu_core_neural_output_average_tensor_batched_1024_cuda_repeat01,2,neural_policy,output_average,build_step_context,0.00371949200052768
toy5,neural_output_average,tensor_batched,tensor_batched,cuda,1024,5,1,1,0,2,toy5_gpu_core_neural_output_average_tensor_batched_1024_cuda_repeat01,2,neural_policy,output_average,build_observations,0.005213867989368737
toy5,neural_output_average,tensor_batched,tensor_batched,cuda,1024,5,1,1,0,2,toy5_gpu_core_neural_output_average_tensor_batched_1024_cuda_repeat01,2,neural_policy,output_average,policy_readout,0.004632340976968408
toy5,neural_output_average,tensor_batched,tensor_batched,cuda,1024,5,1,1,0,2,toy5_gpu_core_neural_output_average_tensor_batched_1024_cuda_repeat01,2,neural_policy,output_average,decision_selection,0.0021295290207490325
toy5,neural_output_average,tensor_batched,tensor_batched,cuda,1024,5,1,1,0,2,toy5_gpu_core_neural_output_average_tensor_batched_1024_cuda_repeat01,2,neural_policy,output_average,local_trainable_parameters,0.00034572998993098736
toy5,neural_output_average,tensor_batched,tensor_batched,cuda,1024,5,1,1,0,2,toy5_gpu_core_neural_output_average_tensor_batched_1024_cuda_repeat01,2,neural_policy,output_average,local_loss_forward,0.0027493510860949755
toy5,neural_output_average,tensor_batched,tensor_batched,cuda,1024,5,1,1,0,2,toy5_gpu_core_neural_output_average_tensor_batched_1024_cuda_repeat01,2,neural_policy,output_average,local_autograd_grad,0.00709837197791785
toy5,neural_output_average,tensor_batched,tensor_batched,cuda,1024,5,1,1,0,2,toy5_gpu_core_neural_output_average_tensor_batched_1024_cuda_repeat01,2,neural_policy,output_average,local_adam_update,0.012899719993583858
toy5,neural_output_average,tensor_batched,tensor_batched,cuda,1024,5,1,1,0,2,toy5_gpu_core_neural_output_average_tensor_batched_1024_cuda_repeat01,2,neural_policy,output_average,local_optimizer_update,0.022012175992131233
toy5,neural_output_average,tensor_batched,tensor_batched,cuda,1024,5,1,1,0,2,toy5_gpu_core_neural_output_average_tensor_batched_1024_cuda_repeat01,2,neural_policy,output_average,local_loss_update,0.02487281197682023
toy5,neural_output_average,tensor_batched,tensor_batched,cuda,1024,5,1,1,0,2,toy5_gpu_core_neural_output_average_tensor_batched_1024_cuda_repeat01,2,neural_policy,output_average,local_training,0.025613037985749543
toy5,neural_output_average,tensor_batched,tensor_batched,cuda,1024,5,1,1,0,2,toy5_gpu_core_neural_output_average_tensor_batched_1024_cuda_repeat01,2,neural_policy,output_average,cache_refresh,7.042603101581335e-05
toy5,neural_output_average,tensor_batched,tensor_batched,cuda,1024,5,1,1,0,2,toy5_gpu_core_neural_output_average_tensor_batched_1024_cuda_repeat01,2,neural_policy,output_average,post_local_readout,0.005166035960428417
toy5,neural_output_average,tensor_batched,tensor_batched,cuda,1024,5,1,1,0,2,toy5_gpu_core_neural_output_average_tensor_batched_1024_cuda_repeat01,2,neural_policy,output_average,local_step,0.04961382003966719
toy5,neural_output_average,tensor_batched,tensor_batched,cuda,1024,5,1,1,0,2,toy5_gpu_core_neural_output_average_tensor_batched_1024_cuda_repeat01,2,neural_policy,output_average,select_peers,0.0014263850171118975
toy5,neural_output_average,tensor_batched,tensor_batched,cuda,1024,5,1,1,0,2,toy5_gpu_core_neural_output_average_tensor_batched_1024_cuda_repeat01,2,neural_policy,output_average,social_mix,0.008489598985761404
toy5,neural_output_average,tensor_batched,tensor_batched,cuda,1024,5,1,1,0,2,toy5_gpu_core_neural_output_average_tensor_batched_1024_cuda_repeat01,2,neural_policy,output_average,social_loss_forward,0.0033040459966287017
toy5,neural_output_average,tensor_batched,tensor_batched,cuda,1024,5,1,1,0,2,toy5_gpu_core_neural_output_average_tensor_batched_1024_cuda_repeat01,2,neural_policy,output_average,social_autograd_grad,0.004016636987216771
toy5,neural_output_average,tensor_batched,tensor_batched,cuda,1024,5,1,1,0,2,toy5_gpu_core_neural_output_average_tensor_batched_1024_cuda_repeat01,2,neural_policy,output_average,social_adam_update,0.0037610819563269615
toy5,neural_output_average,tensor_batched,tensor_batched,cuda,1024,5,1,1,0,2,toy5_gpu_core_neural_output_average_tensor_batched_1024_cuda_repeat01,2,neural_policy,output_average,social_optimizer_update,0.009588100016117096
toy5,neural_output_average,tensor_batched,tensor_batched,cuda,1024,5,1,1,0,2,toy5_gpu_core_neural_output_average_tensor_batched_1024_cuda_repeat01,2,neural_policy,output_average,social_distillation,0.024933399981819093
toy5,neural_output_average,tensor_batched,tensor_batched,cuda,1024,5,1,1,0,2,toy5_gpu_core_neural_output_average_tensor_batched_1024_cuda_repeat01,2,neural_policy,output_average,social_step,0.025125542073510587
toy5,neural_output_average,tensor_batched,tensor_batched,cuda,1024,5,1,1,0,2,toy5_gpu_core_neural_output_average_tensor_batched_1024_cuda_repeat01,2,neural_policy,output_average,sample_actions,2.171192318201065e-05
toy5,neural_output_average,tensor_batched,tensor_batched,cuda,1024,5,1,1,0,2,toy5_gpu_core_neural_output_average_tensor_batched_1024_cuda_repeat01,2,neural_policy,output_average,commit_actions,0.00036617007572203875
toy5,neural_output_average,tensor_batched,tensor_batched,cuda,1024,5,1,1,0,2,toy5_gpu_core_neural_output_average_tensor_batched_1024_cuda_repeat01,2,neural_policy,output_average,post_step_state_policy,0.00015402899589389563
toy5,neural_output_average,tensor_batched,tensor_batched,cuda,1024,5,1,1,0,2,toy5_gpu_core_neural_output_average_tensor_batched_1024_cuda_repeat01,2,neural_policy,output_average,update_reputation_ema,0.00021722097881138325
toy5,neural_output_average,tensor_batched,tensor_batched,cuda,1024,5,1,1,0,2,toy5_gpu_core_neural_output_average_tensor_batched_1024_cuda_repeat01,2,neural_policy,output_average,finalize_hook_step,2.9466929845511913e-05
toy5,neural_output_average,tensor_batched,tensor_batched,cuda,1024,5,1,1,0,2,toy5_gpu_core_neural_output_average_tensor_batched_1024_cuda_repeat01,2,neural_policy,output_average,hooked_step_total,0.09361240302678198
toy5,neural_output_average,tensor_batched,tensor_batched,cuda,1024,5,1,1,0,2,toy5_gpu_core_neural_output_average_tensor_batched_1024_cuda_repeat01,2,neural_policy,output_average,aggregate_row,0.03791575995273888
toy5,neural_output_average,tensor_batched,tensor_batched,cuda,1024,5,1,1,0,2,toy5_gpu_core_neural_output_average_tensor_batched_1024_cuda_repeat01,2,neural_policy,output_average,write_aggregate,0.00043578504119068384
toy5,neural_output_average,tensor_batched,tensor_batched,cuda,1024,5,1,1,0,2,toy5_gpu_core_neural_output_average_tensor_batched_1024_cuda_repeat01,3,neural_policy,output_average,sample_revision_mask,0.00014656409621238708
toy5,neural_output_average,tensor_batched,tensor_batched,cuda,1024,5,1,1,0,2,toy5_gpu_core_neural_output_average_tensor_batched_1024_cuda_repeat01,3,neural_policy,output_average,build_step_context,0.003195845987647772
toy5,neural_output_average,tensor_batched,tensor_batched,cuda,1024,5,1,1,0,2,toy5_gpu_core_neural_output_average_tensor_batched_1024_cuda_repeat01,3,neural_policy,output_average,build_observations,0.006045652087777853
toy5,neural_output_average,tensor_batched,tensor_batched,cuda,1024,5,1,1,0,2,toy5_gpu_core_neural_output_average_tensor_batched_1024_cuda_repeat01,3,neural_policy,output_average,policy_readout,0.008009117911569774
toy5,neural_output_average,tensor_batched,tensor_batched,cuda,1024,5,1,1,0,2,toy5_gpu_core_neural_output_average_tensor_batched_1024_cuda_repeat01,3,neural_policy,output_average,decision_selection,0.003142292029224336
toy5,neural_output_average,tensor_batched,tensor_batched,cuda,1024,5,1,1,0,2,toy5_gpu_core_neural_output_average_tensor_batched_1024_cuda_repeat01,3,neural_policy,output_average,local_trainable_parameters,0.0007390630198642612
toy5,neural_output_average,tensor_batched,tensor_batched,cuda,1024,5,1,1,0,2,toy5_gpu_core_neural_output_average_tensor_batched_1024_cuda_repeat01,3,neural_policy,output_average,local_loss_forward,0.00797161494847387
toy5,neural_output_average,tensor_batched,tensor_batched,cuda,1024,5,1,1,0,2,toy5_gpu_core_neural_output_average_tensor_batched_1024_cuda_repeat01,3,neural_policy,output_average,local_autograd_grad,0.009535948047414422
toy5,neural_output_average,tensor_batched,tensor_batched,cuda,1024,5,1,1,0,2,toy5_gpu_core_neural_output_average_tensor_batched_1024_cuda_repeat01,3,neural_policy,output_average,local_adam_update,0.0065776819828897715
toy5,neural_output_average,tensor_batched,tensor_batched,cuda,1024,5,1,1,0,2,toy5_gpu_core_neural_output_average_tensor_batched_1024_cuda_repeat01,3,neural_policy,output_average,local_optimizer_update,0.017927284934557974
toy5,neural_output_average,tensor_batched,tensor_batched,cuda,1024,5,1,1,0,2,toy5_gpu_core_neural_output_average_tensor_batched_1024_cuda_repeat01,3,neural_policy,output_average,local_loss_update,0.026097565074451268
toy5,neural_output_average,tensor_batched,tensor_batched,cuda,1024,5,1,1,0,2,toy5_gpu_core_neural_output_average_tensor_batched_1024_cuda_repeat01,3,neural_policy,output_average,local_training,0.02740763605106622
toy5,neural_output_average,tensor_batched,tensor_batched,cuda,1024,5,1,1,0,2,toy5_gpu_core_neural_output_average_tensor_batched_1024_cuda_repeat01,3,neural_policy,output_average,cache_refresh,2.7933972887694836e-05
toy5,neural_output_average,tensor_batched,tensor_batched,cuda,1024,5,1,1,0,2,toy5_gpu_core_neural_output_average_tensor_batched_1024_cuda_repeat01,3,neural_policy,output_average,post_local_readout,0.001266535953618586
toy5,neural_output_average,tensor_batched,tensor_batched,cuda,1024,5,1,1,0,2,toy5_gpu_core_neural_output_average_tensor_batched_1024_cuda_repeat01,3,neural_policy,output_average,local_step,0.051739078015089035
toy5,neural_output_average,tensor_batched,tensor_batched,cuda,1024,5,1,1,0,2,toy5_gpu_core_neural_output_average_tensor_batched_1024_cuda_repeat01,3,neural_policy,output_average,select_peers,0.0008928710594773293
toy5,neural_output_average,tensor_batched,tensor_batched,cuda,1024,5,1,1,0,2,toy5_gpu_core_neural_output_average_tensor_batched_1024_cuda_repeat01,3,neural_policy,output_average,social_mix,0.007472106022760272
toy5,neural_output_average,tensor_batched,tensor_batched,cuda,1024,5,1,1,0,2,toy5_gpu_core_neural_output_average_tensor_batched_1024_cuda_repeat01,3,neural_policy,output_average,social_loss_forward,0.0017985570011660457
toy5,neural_output_average,tensor_batched,tensor_batched,cuda,1024,5,1,1,0,2,toy5_gpu_core_neural_output_average_tensor_batched_1024_cuda_repeat01,3,neural_policy,output_average,social_autograd_grad,0.0035554029745981097
toy5,neural_output_average,tensor_batched,tensor_batched,cuda,1024,5,1,1,0,2,toy5_gpu_core_neural_output_average_tensor_batched_1024_cuda_repeat01,3,neural_policy,output_average,social_adam_update,0.0030151649843901396
toy5,neural_output_average,tensor_batched,tensor_batched,cuda,1024,5,1,1,0,2,toy5_gpu_core_neural_output_average_tensor_batched_1024_cuda_repeat01,3,neural_policy,output_average,social_optimizer_update,0.008692041039466858
toy5,neural_output_average,tensor_batched,tensor_batched,cuda,1024,5,1,1,0,2,toy5_gpu_core_neural_output_average_tensor_batched_1024_cuda_repeat01,3,neural_policy,output_average,social_distillation,0.02098664711229503
toy5,neural_output_average,tensor_batched,tensor_batched,cuda,1024,5,1,1,0,2,toy5_gpu_core_neural_output_average_tensor_batched_1024_cuda_repeat01,3,neural_policy,output_average,social_step,0.021188639104366302
toy5,neural_output_average,tensor_batched,tensor_batched,cuda,1024,5,1,1,0,2,toy5_gpu_core_neural_output_average_tensor_batched_1024_cuda_repeat01,3,neural_policy,output_average,sample_actions,2.6260968297719955e-05
toy5,neural_output_average,tensor_batched,tensor_batched,cuda,1024,5,1,1,0,2,toy5_gpu_core_neural_output_average_tensor_batched_1024_cuda_repeat01,3,neural_policy,output_average,commit_actions,0.000375047093257308
toy5,neural_output_average,tensor_batched,tensor_batched,cuda,1024,5,1,1,0,2,toy5_gpu_core_neural_output_average_tensor_batched_1024_cuda_repeat01,3,neural_policy,output_average,post_step_state_policy,0.00011001294478774071
toy5,neural_output_average,tensor_batched,tensor_batched,cuda,1024,5,1,1,0,2,toy5_gpu_core_neural_output_average_tensor_batched_1024_cuda_repeat01,3,neural_policy,output_average,update_reputation_ema,0.00015259499195963144
toy5,neural_output_average,tensor_batched,tensor_batched,cuda,1024,5,1,1,0,2,toy5_gpu_core_neural_output_average_tensor_batched_1024_cuda_repeat01,3,neural_policy,output_average,finalize_hook_step,3.157195169478655e-05
toy5,neural_output_average,tensor_batched,tensor_batched,cuda,1024,5,1,1,0,2,toy5_gpu_core_neural_output_average_tensor_batched_1024_cuda_repeat01,3,neural_policy,output_average,hooked_step_total,0.08531453099567443
toy5,neural_output_average,tensor_batched,tensor_batched,cuda,1024,5,1,1,0,2,toy5_gpu_core_neural_output_average_tensor_batched_1024_cuda_repeat01,3,neural_policy,output_average,aggregate_row,0.03924468299373984
toy5,neural_output_average,tensor_batched,tensor_batched,cuda,1024,5,1,1,0,2,toy5_gpu_core_neural_output_average_tensor_batched_1024_cuda_repeat01,3,neural_policy,output_average,write_aggregate,0.0005764180095866323
toy5,neural_output_average,tensor_batched,tensor_batched,cuda,1024,5,1,1,0,2,toy5_gpu_core_neural_output_average_tensor_batched_1024_cuda_repeat01,4,neural_policy,output_average,sample_revision_mask,0.0002166999038308859
toy5,neural_output_average,tensor_batched,tensor_batched,cuda,1024,5,1,1,0,2,toy5_gpu_core_neural_output_average_tensor_batched_1024_cuda_repeat01,4,neural_policy,output_average,build_step_context,0.0035008969716727734
toy5,neural_output_average,tensor_batched,tensor_batched,cuda,1024,5,1,1,0,2,toy5_gpu_core_neural_output_average_tensor_batched_1024_cuda_repeat01,4,neural_policy,output_average,build_observations,0.006020713015459478
toy5,neural_output_average,tensor_batched,tensor_batched,cuda,1024,5,1,1,0,2,toy5_gpu_core_neural_output_average_tensor_batched_1024_cuda_repeat01,4,neural_policy,output_average,policy_readout,0.0081170869525522
toy5,neural_output_average,tensor_batched,tensor_batched,cuda,1024,5,1,1,0,2,toy5_gpu_core_neural_output_average_tensor_batched_1024_cuda_repeat01,4,neural_policy,output_average,decision_selection,0.0028247659793123603
toy5,neural_output_average,tensor_batched,tensor_batched,cuda,1024,5,1,1,0,2,toy5_gpu_core_neural_output_average_tensor_batched_1024_cuda_repeat01,4,neural_policy,output_average,local_trainable_parameters,0.0006677350029349327
toy5,neural_output_average,tensor_batched,tensor_batched,cuda,1024,5,1,1,0,2,toy5_gpu_core_neural_output_average_tensor_batched_1024_cuda_repeat01,4,neural_policy,output_average,local_loss_forward,0.00502006197348237
toy5,neural_output_average,tensor_batched,tensor_batched,cuda,1024,5,1,1,0,2,toy5_gpu_core_neural_output_average_tensor_batched_1024_cuda_repeat01,4,neural_policy,output_average,local_autograd_grad,0.009896104922518134
toy5,neural_output_average,tensor_batched,tensor_batched,cuda,1024,5,1,1,0,2,toy5_gpu_core_neural_output_average_tensor_batched_1024_cuda_repeat01,4,neural_policy,output_average,local_adam_update,0.007587880943901837
toy5,neural_output_average,tensor_batched,tensor_batched,cuda,1024,5,1,1,0,2,toy5_gpu_core_neural_output_average_tensor_batched_1024_cuda_repeat01,4,neural_policy,output_average,local_optimizer_update,0.019337650039233267
toy5,neural_output_average,tensor_batched,tensor_batched,cuda,1024,5,1,1,0,2,toy5_gpu_core_neural_output_average_tensor_batched_1024_cuda_repeat01,4,neural_policy,output_average,local_loss_update,0.024477193015627563
toy5,neural_output_average,tensor_batched,tensor_batched,cuda,1024,5,1,1,0,2,toy5_gpu_core_neural_output_average_tensor_batched_1024_cuda_repeat01,4,neural_policy,output_average,local_training,0.02543547097593546
toy5,neural_output_average,tensor_batched,tensor_batched,cuda,1024,5,1,1,0,2,toy5_gpu_core_neural_output_average_tensor_batched_1024_cuda_repeat01,4,neural_policy,output_average,cache_refresh,1.831504050642252e-05
toy5,neural_output_average,tensor_batched,tensor_batched,cuda,1024,5,1,1,0,2,toy5_gpu_core_neural_output_average_tensor_batched_1024_cuda_repeat01,4,neural_policy,output_average,post_local_readout,0.0016243590507656336
toy5,neural_output_average,tensor_batched,tensor_batched,cuda,1024,5,1,1,0,2,toy5_gpu_core_neural_output_average_tensor_batched_1024_cuda_repeat01,4,neural_policy,output_average,local_step,0.04966302099637687
toy5,neural_output_average,tensor_batched,tensor_batched,cuda,1024,5,1,1,0,2,toy5_gpu_core_neural_output_average_tensor_batched_1024_cuda_repeat01,4,neural_policy,output_average,select_peers,0.0014973629731684923
toy5,neural_output_average,tensor_batched,tensor_batched,cuda,1024,5,1,1,0,2,toy5_gpu_core_neural_output_average_tensor_batched_1024_cuda_repeat01,4,neural_policy,output_average,social_mix,0.015109793981537223
toy5,neural_output_average,tensor_batched,tensor_batched,cuda,1024,5,1,1,0,2,toy5_gpu_core_neural_output_average_tensor_batched_1024_cuda_repeat01,4,neural_policy,output_average,social_loss_forward,0.002809316967613995
toy5,neural_output_average,tensor_batched,tensor_batched,cuda,1024,5,1,1,0,2,toy5_gpu_core_neural_output_average_tensor_batched_1024_cuda_repeat01,4,neural_policy,output_average,social_autograd_grad,0.0021921700099483132
toy5,neural_output_average,tensor_batched,tensor_batched,cuda,1024,5,1,1,0,2,toy5_gpu_core_neural_output_average_tensor_batched_1024_cuda_repeat01,4,neural_policy,output_average,social_adam_update,0.002532358979806304
toy5,neural_output_average,tensor_batched,tensor_batched,cuda,1024,5,1,1,0,2,toy5_gpu_core_neural_output_average_tensor_batched_1024_cuda_repeat01,4,neural_policy,output_average,social_optimizer_update,0.005945667042396963
toy5,neural_output_average,tensor_batched,tensor_batched,cuda,1024,5,1,1,0,2,toy5_gpu_core_neural_output_average_tensor_batched_1024_cuda_repeat01,4,neural_policy,output_average,social_distillation,0.027259939000941813
toy5,neural_output_average,tensor_batched,tensor_batched,cuda,1024,5,1,1,0,2,toy5_gpu_core_neural_output_average_tensor_batched_1024_cuda_repeat01,4,neural_policy,output_average,social_step,0.027442944003269076
toy5,neural_output_average,tensor_batched,tensor_batched,cuda,1024,5,1,1,0,2,toy5_gpu_core_neural_output_average_tensor_batched_1024_cuda_repeat01,4,neural_policy,output_average,sample_actions,8.726958185434341e-06
toy5,neural_output_average,tensor_batched,tensor_batched,cuda,1024,5,1,1,0,2,toy5_gpu_core_neural_output_average_tensor_batched_1024_cuda_repeat01,4,neural_policy,output_average,commit_actions,0.00023962499108165503
toy5,neural_output_average,tensor_batched,tensor_batched,cuda,1024,5,1,1,0,2,toy5_gpu_core_neural_output_average_tensor_batched_1024_cuda_repeat01,4,neural_policy,output_average,post_step_state_policy,0.00011818902567029
toy5,neural_output_average,tensor_batched,tensor_batched,cuda,1024,5,1,1,0,2,toy5_gpu_core_neural_output_average_tensor_batched_1024_cuda_repeat01,4,neural_policy,output_average,update_reputation_ema,0.00011045404244214296
toy5,neural_output_average,tensor_batched,tensor_batched,cuda,1024,5,1,1,0,2,toy5_gpu_core_neural_output_average_tensor_batched_1024_cuda_repeat01,4,neural_policy,output_average,finalize_hook_step,2.455699723213911e-05
toy5,neural_output_average,tensor_batched,tensor_batched,cuda,1024,5,1,1,0,2,toy5_gpu_core_neural_output_average_tensor_batched_1024_cuda_repeat01,4,neural_policy,output_average,hooked_step_total,0.09144099603872746
toy5,neural_output_average,tensor_batched,tensor_batched,cuda,1024,5,1,1,0,2,toy5_gpu_core_neural_output_average_tensor_batched_1024_cuda_repeat01,4,neural_policy,output_average,aggregate_row,0.018730101990513504
toy5,neural_output_average,tensor_batched,tensor_batched,cuda,1024,5,1,1,0,2,toy5_gpu_core_neural_output_average_tensor_batched_1024_cuda_repeat01,4,neural_policy,output_average,write_aggregate,0.0001575250644236803
toy5,neural_output_average,tensor_batched,tensor_batched,cuda,1024,5,1,1,0,2,toy5_gpu_core_neural_output_average_tensor_batched_1024_cuda_repeat01,5,neural_policy,output_average,sample_revision_mask,4.916498437523842e-05
toy5,neural_output_average,tensor_batched,tensor_batched,cuda,1024,5,1,1,0,2,toy5_gpu_core_neural_output_average_tensor_batched_1024_cuda_repeat01,5,neural_policy,output_average,build_step_context,0.002872660057619214
toy5,neural_output_average,tensor_batched,tensor_batched,cuda,1024,5,1,1,0,2,toy5_gpu_core_neural_output_average_tensor_batched_1024_cuda_repeat01,5,neural_policy,output_average,build_observations,0.004396173055283725
toy5,neural_output_average,tensor_batched,tensor_batched,cuda,1024,5,1,1,0,2,toy5_gpu_core_neural_output_average_tensor_batched_1024_cuda_repeat01,5,neural_policy,output_average,policy_readout,0.002332290983758867
toy5,neural_output_average,tensor_batched,tensor_batched,cuda,1024,5,1,1,0,2,toy5_gpu_core_neural_output_average_tensor_batched_1024_cuda_repeat01,5,neural_policy,output_average,decision_selection,0.0008740149205550551
toy5,neural_output_average,tensor_batched,tensor_batched,cuda,1024,5,1,1,0,2,toy5_gpu_core_neural_output_average_tensor_batched_1024_cuda_repeat01,5,neural_policy,output_average,local_trainable_parameters,0.00018202303908765316
toy5,neural_output_average,tensor_batched,tensor_batched,cuda,1024,5,1,1,0,2,toy5_gpu_core_neural_output_average_tensor_batched_1024_cuda_repeat01,5,neural_policy,output_average,local_loss_forward,0.001761776045896113
toy5,neural_output_average,tensor_batched,tensor_batched,cuda,1024,5,1,1,0,2,toy5_gpu_core_neural_output_average_tensor_batched_1024_cuda_repeat01,5,neural_policy,output_average,local_autograd_grad,0.0021987230284139514
toy5,neural_output_average,tensor_batched,tensor_batched,cuda,1024,5,1,1,0,2,toy5_gpu_core_neural_output_average_tensor_batched_1024_cuda_repeat01,5,neural_policy,output_average,local_adam_update,0.001990718999877572
toy5,neural_output_average,tensor_batched,tensor_batched,cuda,1024,5,1,1,0,2,toy5_gpu_core_neural_output_average_tensor_batched_1024_cuda_repeat01,5,neural_policy,output_average,local_optimizer_update,0.00476428703404963
toy5,neural_output_average,tensor_batched,tensor_batched,cuda,1024,5,1,1,0,2,toy5_gpu_core_neural_output_average_tensor_batched_1024_cuda_repeat01,5,neural_policy,output_average,local_loss_update,0.006573223974555731
toy5,neural_output_average,tensor_batched,tensor_batched,cuda,1024,5,1,1,0,2,toy5_gpu_core_neural_output_average_tensor_batched_1024_cuda_repeat01,5,neural_policy,output_average,local_training,0.006908323033712804
toy5,neural_output_average,tensor_batched,tensor_batched,cuda,1024,5,1,1,0,2,toy5_gpu_core_neural_output_average_tensor_batched_1024_cuda_repeat01,5,neural_policy,output_average,cache_refresh,1.1743046343326569e-05
toy5,neural_output_average,tensor_batched,tensor_batched,cuda,1024,5,1,1,0,2,toy5_gpu_core_neural_output_average_tensor_batched_1024_cuda_repeat01,5,neural_policy,output_average,post_local_readout,0.0002933690557256341
toy5,neural_output_average,tensor_batched,tensor_batched,cuda,1024,5,1,1,0,2,toy5_gpu_core_neural_output_average_tensor_batched_1024_cuda_repeat01,5,neural_policy,output_average,local_step,0.01627003203611821
toy5,neural_output_average,tensor_batched,tensor_batched,cuda,1024,5,1,1,0,2,toy5_gpu_core_neural_output_average_tensor_batched_1024_cuda_repeat01,5,neural_policy,output_average,select_peers,0.00028530298732221127
toy5,neural_output_average,tensor_batched,tensor_batched,cuda,1024,5,1,1,0,2,toy5_gpu_core_neural_output_average_tensor_batched_1024_cuda_repeat01,5,neural_policy,output_average,social_mix,0.00236628798302263
toy5,neural_output_average,tensor_batched,tensor_batched,cuda,1024,5,1,1,0,2,toy5_gpu_core_neural_output_average_tensor_batched_1024_cuda_repeat01,5,neural_policy,output_average,social_loss_forward,0.000454140012152493
toy5,neural_output_average,tensor_batched,tensor_batched,cuda,1024,5,1,1,0,2,toy5_gpu_core_neural_output_average_tensor_batched_1024_cuda_repeat01,5,neural_policy,output_average,social_autograd_grad,0.0007595429196953773
toy5,neural_output_average,tensor_batched,tensor_batched,cuda,1024,5,1,1,0,2,toy5_gpu_core_neural_output_average_tensor_batched_1024_cuda_repeat01,5,neural_policy,output_average,social_adam_update,0.0009920629672706127
toy5,neural_output_average,tensor_batched,tensor_batched,cuda,1024,5,1,1,0,2,toy5_gpu_core_neural_output_average_tensor_batched_1024_cuda_repeat01,5,neural_policy,output_average,social_optimizer_update,0.00219634803943336
toy5,neural_output_average,tensor_batched,tensor_batched,cuda,1024,5,1,1,0,2,toy5_gpu_core_neural_output_average_tensor_batched_1024_cuda_repeat01,5,neural_policy,output_average,social_distillation,0.005630354979075491
toy5,neural_output_average,tensor_batched,tensor_batched,cuda,1024,5,1,1,0,2,toy5_gpu_core_neural_output_average_tensor_batched_1024_cuda_repeat01,5,neural_policy,output_average,social_step,0.005681384005583823
toy5,neural_output_average,tensor_batched,tensor_batched,cuda,1024,5,1,1,0,2,toy5_gpu_core_neural_output_average_tensor_batched_1024_cuda_repeat01,5,neural_policy,output_average,sample_actions,1.0350020602345467e-05
toy5,neural_output_average,tensor_batched,tensor_batched,cuda,1024,5,1,1,0,2,toy5_gpu_core_neural_output_average_tensor_batched_1024_cuda_repeat01,5,neural_policy,output_average,commit_actions,8.651707321405411e-05
toy5,neural_output_average,tensor_batched,tensor_batched,cuda,1024,5,1,1,0,2,toy5_gpu_core_neural_output_average_tensor_batched_1024_cuda_repeat01,5,neural_policy,output_average,post_step_state_policy,8.359202183783054e-05
toy5,neural_output_average,tensor_batched,tensor_batched,cuda,1024,5,1,1,0,2,toy5_gpu_core_neural_output_average_tensor_batched_1024_cuda_repeat01,5,neural_policy,output_average,update_reputation_ema,6.321200635284185e-05
toy5,neural_output_average,tensor_batched,tensor_batched,cuda,1024,5,1,1,0,2,toy5_gpu_core_neural_output_average_tensor_batched_1024_cuda_repeat01,5,neural_policy,output_average,finalize_hook_step,1.1331983841955662e-05
toy5,neural_output_average,tensor_batched,tensor_batched,cuda,1024,5,1,1,0,2,toy5_gpu_core_neural_output_average_tensor_batched_1024_cuda_repeat01,5,neural_policy,output_average,hooked_step_total,0.027412805007770658
toy5,neural_output_average,tensor_batched,tensor_batched,cuda,1024,5,1,1,0,2,toy5_gpu_core_neural_output_average_tensor_batched_1024_cuda_repeat01,5,neural_policy,output_average,aggregate_row,0.020345534081570804
toy5,neural_output_average,tensor_batched,tensor_batched,cuda,1024,5,1,1,0,2,toy5_gpu_core_neural_output_average_tensor_batched_1024_cuda_repeat01,5,neural_policy,output_average,write_aggregate,0.0001520640216767788
