toy,scenario,training_backend,resolved_training_backend,device,agent_count,epochs,seed,repeat_index,warmup_runs,repeats,run_id,epoch,policy_rule,coordination_mixer,stage,seconds
toy4,neural_output_average,tensor_batched,tensor_batched,cpu,1024,10,1,0,0,3,toy4_gpu_core_neural_output_average_tensor_batched_1024_cpu_repeat00,0,neural_policy,output_average,make_run_dir,0.0006015020189806819
toy4,neural_output_average,tensor_batched,tensor_batched,cpu,1024,10,1,0,0,3,toy4_gpu_core_neural_output_average_tensor_batched_1024_cpu_repeat00,0,neural_policy,output_average,write_metadata,0.002620378974825144
toy4,neural_output_average,tensor_batched,tensor_batched,cpu,1024,10,1,0,0,3,toy4_gpu_core_neural_output_average_tensor_batched_1024_cpu_repeat00,0,neural_policy,output_average,initial_state,1.603375424980186
toy4,neural_output_average,tensor_batched,tensor_batched,cpu,1024,10,1,0,0,3,toy4_gpu_core_neural_output_average_tensor_batched_1024_cpu_repeat00,0,neural_policy,output_average,writer_setup,0.0004647329915314913
toy4,neural_output_average,tensor_batched,tensor_batched,cpu,1024,10,1,0,0,3,toy4_gpu_core_neural_output_average_tensor_batched_1024_cpu_repeat00,0,neural_policy,output_average,initial_step_result,0.2706596970092505
toy4,neural_output_average,tensor_batched,tensor_batched,cpu,1024,10,1,0,0,3,toy4_gpu_core_neural_output_average_tensor_batched_1024_cpu_repeat00,0,neural_policy,output_average,initial_aggregate_row,0.027949462994001806
toy4,neural_output_average,tensor_batched,tensor_batched,cpu,1024,10,1,0,0,3,toy4_gpu_core_neural_output_average_tensor_batched_1024_cpu_repeat00,0,neural_policy,output_average,write_initial_aggregate,6.294006016105413e-05
toy4,neural_output_average,tensor_batched,tensor_batched,cpu,1024,10,1,0,0,3,toy4_gpu_core_neural_output_average_tensor_batched_1024_cpu_repeat00,1,neural_policy,output_average,sample_revision_mask,2.5398097932338715e-05
toy4,neural_output_average,tensor_batched,tensor_batched,cpu,1024,10,1,0,0,3,toy4_gpu_core_neural_output_average_tensor_batched_1024_cpu_repeat00,1,neural_policy,output_average,build_step_context,1.5469035133719444e-05
toy4,neural_output_average,tensor_batched,tensor_batched,cpu,1024,10,1,0,0,3,toy4_gpu_core_neural_output_average_tensor_batched_1024_cpu_repeat00,1,neural_policy,output_average,build_observations,0.0003980869660153985
toy4,neural_output_average,tensor_batched,tensor_batched,cpu,1024,10,1,0,0,3,toy4_gpu_core_neural_output_average_tensor_batched_1024_cpu_repeat00,1,neural_policy,output_average,policy_readout,0.0013500850182026625
toy4,neural_output_average,tensor_batched,tensor_batched,cpu,1024,10,1,0,0,3,toy4_gpu_core_neural_output_average_tensor_batched_1024_cpu_repeat00,1,neural_policy,output_average,decision_selection,0.0008513180073350668
toy4,neural_output_average,tensor_batched,tensor_batched,cpu,1024,10,1,0,0,3,toy4_gpu_core_neural_output_average_tensor_batched_1024_cpu_repeat00,1,neural_policy,output_average,local_trainable_parameters,0.0004314199322834611
toy4,neural_output_average,tensor_batched,tensor_batched,cpu,1024,10,1,0,0,3,toy4_gpu_core_neural_output_average_tensor_batched_1024_cpu_repeat00,1,neural_policy,output_average,local_loss_forward,0.00106024497654289
toy4,neural_output_average,tensor_batched,tensor_batched,cpu,1024,10,1,0,0,3,toy4_gpu_core_neural_output_average_tensor_batched_1024_cpu_repeat00,1,neural_policy,output_average,local_autograd_grad,0.002521120011806488
toy4,neural_output_average,tensor_batched,tensor_batched,cpu,1024,10,1,0,0,3,toy4_gpu_core_neural_output_average_tensor_batched_1024_cpu_repeat00,1,neural_policy,output_average,local_adam_update,0.003852398949675262
toy4,neural_output_average,tensor_batched,tensor_batched,cpu,1024,10,1,0,0,3,toy4_gpu_core_neural_output_average_tensor_batched_1024_cpu_repeat00,1,neural_policy,output_average,local_optimizer_update,0.006561356014572084
toy4,neural_output_average,tensor_batched,tensor_batched,cpu,1024,10,1,0,0,3,toy4_gpu_core_neural_output_average_tensor_batched_1024_cpu_repeat00,1,neural_policy,output_average,local_loss_update,0.00763816200196743
toy4,neural_output_average,tensor_batched,tensor_batched,cpu,1024,10,1,0,0,3,toy4_gpu_core_neural_output_average_tensor_batched_1024_cpu_repeat00,1,neural_policy,output_average,local_training,0.008109136950224638
toy4,neural_output_average,tensor_batched,tensor_batched,cpu,1024,10,1,0,0,3,toy4_gpu_core_neural_output_average_tensor_batched_1024_cpu_repeat00,1,neural_policy,output_average,cache_refresh,6.141955964267254e-06
toy4,neural_output_average,tensor_batched,tensor_batched,cpu,1024,10,1,0,0,3,toy4_gpu_core_neural_output_average_tensor_batched_1024_cpu_repeat00,1,neural_policy,output_average,post_local_readout,0.0003020630683749914
toy4,neural_output_average,tensor_batched,tensor_batched,cpu,1024,10,1,0,0,3,toy4_gpu_core_neural_output_average_tensor_batched_1024_cpu_repeat00,1,neural_policy,output_average,local_step,0.011649944935925305
toy4,neural_output_average,tensor_batched,tensor_batched,cpu,1024,10,1,0,0,3,toy4_gpu_core_neural_output_average_tensor_batched_1024_cpu_repeat00,1,neural_policy,output_average,select_peers,0.0001495049800723791
toy4,neural_output_average,tensor_batched,tensor_batched,cpu,1024,10,1,0,0,3,toy4_gpu_core_neural_output_average_tensor_batched_1024_cpu_repeat00,1,neural_policy,output_average,social_mix,0.0008096389938145876
toy4,neural_output_average,tensor_batched,tensor_batched,cpu,1024,10,1,0,0,3,toy4_gpu_core_neural_output_average_tensor_batched_1024_cpu_repeat00,1,neural_policy,output_average,social_loss_forward,0.002285753027535975
toy4,neural_output_average,tensor_batched,tensor_batched,cpu,1024,10,1,0,0,3,toy4_gpu_core_neural_output_average_tensor_batched_1024_cpu_repeat00,1,neural_policy,output_average,social_autograd_grad,0.0009694319451227784
toy4,neural_output_average,tensor_batched,tensor_batched,cpu,1024,10,1,0,0,3,toy4_gpu_core_neural_output_average_tensor_batched_1024_cpu_repeat00,1,neural_policy,output_average,social_adam_update,0.001962880021892488
toy4,neural_output_average,tensor_batched,tensor_batched,cpu,1024,10,1,0,0,3,toy4_gpu_core_neural_output_average_tensor_batched_1024_cpu_repeat00,1,neural_policy,output_average,social_optimizer_update,0.0032259488943964243
toy4,neural_output_average,tensor_batched,tensor_batched,cpu,1024,10,1,0,0,3,toy4_gpu_core_neural_output_average_tensor_batched_1024_cpu_repeat00,1,neural_policy,output_average,social_distillation,0.007078237948007882
toy4,neural_output_average,tensor_batched,tensor_batched,cpu,1024,10,1,0,0,3,toy4_gpu_core_neural_output_average_tensor_batched_1024_cpu_repeat00,1,neural_policy,output_average,social_step,0.007099027978256345
toy4,neural_output_average,tensor_batched,tensor_batched,cpu,1024,10,1,0,0,3,toy4_gpu_core_neural_output_average_tensor_batched_1024_cpu_repeat00,1,neural_policy,output_average,sample_actions,2.184067852795124e-06
toy4,neural_output_average,tensor_batched,tensor_batched,cpu,1024,10,1,0,0,3,toy4_gpu_core_neural_output_average_tensor_batched_1024_cpu_repeat00,1,neural_policy,output_average,commit_actions,9.857933036983013e-06
toy4,neural_output_average,tensor_batched,tensor_batched,cpu,1024,10,1,0,0,3,toy4_gpu_core_neural_output_average_tensor_batched_1024_cpu_repeat00,1,neural_policy,output_average,post_step_state_policy,5.818100180476904e-05
toy4,neural_output_average,tensor_batched,tensor_batched,cpu,1024,10,1,0,0,3,toy4_gpu_core_neural_output_average_tensor_batched_1024_cpu_repeat00,1,neural_policy,output_average,update_payoff_ema,3.349396865814924e-05
toy4,neural_output_average,tensor_batched,tensor_batched,cpu,1024,10,1,0,0,3,toy4_gpu_core_neural_output_average_tensor_batched_1024_cpu_repeat00,1,neural_policy,output_average,update_reputation_ema,2.617004793137312e-05
toy4,neural_output_average,tensor_batched,tensor_batched,cpu,1024,10,1,0,0,3,toy4_gpu_core_neural_output_average_tensor_batched_1024_cpu_repeat00,1,neural_policy,output_average,mobility_swaps,3.4815981052815914e-05
toy4,neural_output_average,tensor_batched,tensor_batched,cpu,1024,10,1,0,0,3,toy4_gpu_core_neural_output_average_tensor_batched_1024_cpu_repeat00,1,neural_policy,output_average,finalize_hook_step,1.1992990039288998e-05
toy4,neural_output_average,tensor_batched,tensor_batched,cpu,1024,10,1,0,0,3,toy4_gpu_core_neural_output_average_tensor_batched_1024_cpu_repeat00,1,neural_policy,output_average,hooked_step_total,0.020588778075762093
toy4,neural_output_average,tensor_batched,tensor_batched,cpu,1024,10,1,0,0,3,toy4_gpu_core_neural_output_average_tensor_batched_1024_cpu_repeat00,1,neural_policy,output_average,aggregate_row,0.03829462896101177
toy4,neural_output_average,tensor_batched,tensor_batched,cpu,1024,10,1,0,0,3,toy4_gpu_core_neural_output_average_tensor_batched_1024_cpu_repeat00,1,neural_policy,output_average,write_aggregate,7.392000406980515e-05
toy4,neural_output_average,tensor_batched,tensor_batched,cpu,1024,10,1,0,0,3,toy4_gpu_core_neural_output_average_tensor_batched_1024_cpu_repeat00,2,neural_policy,output_average,sample_revision_mask,2.178107388317585e-05
toy4,neural_output_average,tensor_batched,tensor_batched,cpu,1024,10,1,0,0,3,toy4_gpu_core_neural_output_average_tensor_batched_1024_cpu_repeat00,2,neural_policy,output_average,build_step_context,7.97503162175417e-06
toy4,neural_output_average,tensor_batched,tensor_batched,cpu,1024,10,1,0,0,3,toy4_gpu_core_neural_output_average_tensor_batched_1024_cpu_repeat00,2,neural_policy,output_average,build_observations,0.000370252993889153
toy4,neural_output_average,tensor_batched,tensor_batched,cpu,1024,10,1,0,0,3,toy4_gpu_core_neural_output_average_tensor_batched_1024_cpu_repeat00,2,neural_policy,output_average,policy_readout,0.0010584009578451514
toy4,neural_output_average,tensor_batched,tensor_batched,cpu,1024,10,1,0,0,3,toy4_gpu_core_neural_output_average_tensor_batched_1024_cpu_repeat00,2,neural_policy,output_average,decision_selection,0.0011969039915129542
toy4,neural_output_average,tensor_batched,tensor_batched,cpu,1024,10,1,0,0,3,toy4_gpu_core_neural_output_average_tensor_batched_1024_cpu_repeat00,2,neural_policy,output_average,local_trainable_parameters,0.00031662103720009327
toy4,neural_output_average,tensor_batched,tensor_batched,cpu,1024,10,1,0,0,3,toy4_gpu_core_neural_output_average_tensor_batched_1024_cpu_repeat00,2,neural_policy,output_average,local_loss_forward,0.0006695420015603304
toy4,neural_output_average,tensor_batched,tensor_batched,cpu,1024,10,1,0,0,3,toy4_gpu_core_neural_output_average_tensor_batched_1024_cpu_repeat00,2,neural_policy,output_average,local_autograd_grad,0.0011508469469845295
toy4,neural_output_average,tensor_batched,tensor_batched,cpu,1024,10,1,0,0,3,toy4_gpu_core_neural_output_average_tensor_batched_1024_cpu_repeat00,2,neural_policy,output_average,local_adam_update,0.0026537319645285606
toy4,neural_output_average,tensor_batched,tensor_batched,cpu,1024,10,1,0,0,3,toy4_gpu_core_neural_output_average_tensor_batched_1024_cpu_repeat00,2,neural_policy,output_average,local_optimizer_update,0.003889440093189478
toy4,neural_output_average,tensor_batched,tensor_batched,cpu,1024,10,1,0,0,3,toy4_gpu_core_neural_output_average_tensor_batched_1024_cpu_repeat00,2,neural_policy,output_average,local_loss_update,0.00457236694637686
toy4,neural_output_average,tensor_batched,tensor_batched,cpu,1024,10,1,0,0,3,toy4_gpu_core_neural_output_average_tensor_batched_1024_cpu_repeat00,2,neural_policy,output_average,local_training,0.0049208999844267964
toy4,neural_output_average,tensor_batched,tensor_batched,cpu,1024,10,1,0,0,3,toy4_gpu_core_neural_output_average_tensor_batched_1024_cpu_repeat00,2,neural_policy,output_average,cache_refresh,2.774992026388645e-06
toy4,neural_output_average,tensor_batched,tensor_batched,cpu,1024,10,1,0,0,3,toy4_gpu_core_neural_output_average_tensor_batched_1024_cpu_repeat00,2,neural_policy,output_average,post_local_readout,0.00021895603276789188
toy4,neural_output_average,tensor_batched,tensor_batched,cpu,1024,10,1,0,0,3,toy4_gpu_core_neural_output_average_tensor_batched_1024_cpu_repeat00,2,neural_policy,output_average,local_step,0.008139224024489522
toy4,neural_output_average,tensor_batched,tensor_batched,cpu,1024,10,1,0,0,3,toy4_gpu_core_neural_output_average_tensor_batched_1024_cpu_repeat00,2,neural_policy,output_average,select_peers,5.739892367273569e-05
toy4,neural_output_average,tensor_batched,tensor_batched,cpu,1024,10,1,0,0,3,toy4_gpu_core_neural_output_average_tensor_batched_1024_cpu_repeat00,2,neural_policy,output_average,social_mix,0.0005298870382830501
toy4,neural_output_average,tensor_batched,tensor_batched,cpu,1024,10,1,0,0,3,toy4_gpu_core_neural_output_average_tensor_batched_1024_cpu_repeat00,2,neural_policy,output_average,social_loss_forward,0.0003919240552932024
toy4,neural_output_average,tensor_batched,tensor_batched,cpu,1024,10,1,0,0,3,toy4_gpu_core_neural_output_average_tensor_batched_1024_cpu_repeat00,2,neural_policy,output_average,social_autograd_grad,0.0009434930980205536
toy4,neural_output_average,tensor_batched,tensor_batched,cpu,1024,10,1,0,0,3,toy4_gpu_core_neural_output_average_tensor_batched_1024_cpu_repeat00,2,neural_policy,output_average,social_adam_update,0.002111912937834859
toy4,neural_output_average,tensor_batched,tensor_batched,cpu,1024,10,1,0,0,3,toy4_gpu_core_neural_output_average_tensor_batched_1024_cpu_repeat00,2,neural_policy,output_average,social_optimizer_update,0.0034549750853329897
toy4,neural_output_average,tensor_batched,tensor_batched,cpu,1024,10,1,0,0,3,toy4_gpu_core_neural_output_average_tensor_batched_1024_cpu_repeat00,2,neural_policy,output_average,social_distillation,0.0052934070117771626
toy4,neural_output_average,tensor_batched,tensor_batched,cpu,1024,10,1,0,0,3,toy4_gpu_core_neural_output_average_tensor_batched_1024_cpu_repeat00,2,neural_policy,output_average,social_step,0.005311771994456649
toy4,neural_output_average,tensor_batched,tensor_batched,cpu,1024,10,1,0,0,3,toy4_gpu_core_neural_output_average_tensor_batched_1024_cpu_repeat00,2,neural_policy,output_average,sample_actions,1.1819647625088692e-06
toy4,neural_output_average,tensor_batched,tensor_batched,cpu,1024,10,1,0,0,3,toy4_gpu_core_neural_output_average_tensor_batched_1024_cpu_repeat00,2,neural_policy,output_average,commit_actions,6.943941116333008e-06
toy4,neural_output_average,tensor_batched,tensor_batched,cpu,1024,10,1,0,0,3,toy4_gpu_core_neural_output_average_tensor_batched_1024_cpu_repeat00,2,neural_policy,output_average,post_step_state_policy,4.6879053115844727e-05
toy4,neural_output_average,tensor_batched,tensor_batched,cpu,1024,10,1,0,0,3,toy4_gpu_core_neural_output_average_tensor_batched_1024_cpu_repeat00,2,neural_policy,output_average,update_payoff_ema,2.5518937036395073e-05
toy4,neural_output_average,tensor_batched,tensor_batched,cpu,1024,10,1,0,0,3,toy4_gpu_core_neural_output_average_tensor_batched_1024_cpu_repeat00,2,neural_policy,output_average,update_reputation_ema,3.5708071663975716e-05
toy4,neural_output_average,tensor_batched,tensor_batched,cpu,1024,10,1,0,0,3,toy4_gpu_core_neural_output_average_tensor_batched_1024_cpu_repeat00,2,neural_policy,output_average,mobility_swaps,2.9274960979819298e-05
toy4,neural_output_average,tensor_batched,tensor_batched,cpu,1024,10,1,0,0,3,toy4_gpu_core_neural_output_average_tensor_batched_1024_cpu_repeat00,2,neural_policy,output_average,finalize_hook_step,1.3175071217119694e-05
toy4,neural_output_average,tensor_batched,tensor_batched,cpu,1024,10,1,0,0,3,toy4_gpu_core_neural_output_average_tensor_batched_1024_cpu_repeat00,2,neural_policy,output_average,hooked_step_total,0.014320647926069796
toy4,neural_output_average,tensor_batched,tensor_batched,cpu,1024,10,1,0,0,3,toy4_gpu_core_neural_output_average_tensor_batched_1024_cpu_repeat00,2,neural_policy,output_average,aggregate_row,0.02096149604767561
toy4,neural_output_average,tensor_batched,tensor_batched,cpu,1024,10,1,0,0,3,toy4_gpu_core_neural_output_average_tensor_batched_1024_cpu_repeat00,2,neural_policy,output_average,write_aggregate,5.230901297181845e-05
toy4,neural_output_average,tensor_batched,tensor_batched,cpu,1024,10,1,0,0,3,toy4_gpu_core_neural_output_average_tensor_batched_1024_cpu_repeat00,3,neural_policy,output_average,sample_revision_mask,1.183303538709879e-05
toy4,neural_output_average,tensor_batched,tensor_batched,cpu,1024,10,1,0,0,3,toy4_gpu_core_neural_output_average_tensor_batched_1024_cpu_repeat00,3,neural_policy,output_average,build_step_context,4.1370512917637825e-06
toy4,neural_output_average,tensor_batched,tensor_batched,cpu,1024,10,1,0,0,3,toy4_gpu_core_neural_output_average_tensor_batched_1024_cpu_repeat00,3,neural_policy,output_average,build_observations,0.000214478000998497
toy4,neural_output_average,tensor_batched,tensor_batched,cpu,1024,10,1,0,0,3,toy4_gpu_core_neural_output_average_tensor_batched_1024_cpu_repeat00,3,neural_policy,output_average,policy_readout,0.0004843800561502576
toy4,neural_output_average,tensor_batched,tensor_batched,cpu,1024,10,1,0,0,3,toy4_gpu_core_neural_output_average_tensor_batched_1024_cpu_repeat00,3,neural_policy,output_average,decision_selection,0.0011216209968551993
toy4,neural_output_average,tensor_batched,tensor_batched,cpu,1024,10,1,0,0,3,toy4_gpu_core_neural_output_average_tensor_batched_1024_cpu_repeat00,3,neural_policy,output_average,local_trainable_parameters,0.00023403496015816927
toy4,neural_output_average,tensor_batched,tensor_batched,cpu,1024,10,1,0,0,3,toy4_gpu_core_neural_output_average_tensor_batched_1024_cpu_repeat00,3,neural_policy,output_average,local_loss_forward,0.0004610359901562333
toy4,neural_output_average,tensor_batched,tensor_batched,cpu,1024,10,1,0,0,3,toy4_gpu_core_neural_output_average_tensor_batched_1024_cpu_repeat00,3,neural_policy,output_average,local_autograd_grad,0.0009189459960907698
toy4,neural_output_average,tensor_batched,tensor_batched,cpu,1024,10,1,0,0,3,toy4_gpu_core_neural_output_average_tensor_batched_1024_cpu_repeat00,3,neural_policy,output_average,local_adam_update,0.00180138205178082
toy4,neural_output_average,tensor_batched,tensor_batched,cpu,1024,10,1,0,0,3,toy4_gpu_core_neural_output_average_tensor_batched_1024_cpu_repeat00,3,neural_policy,output_average,local_optimizer_update,0.0027811949839815497
toy4,neural_output_average,tensor_batched,tensor_batched,cpu,1024,10,1,0,0,3,toy4_gpu_core_neural_output_average_tensor_batched_1024_cpu_repeat00,3,neural_policy,output_average,local_loss_update,0.003254733979701996
toy4,neural_output_average,tensor_batched,tensor_batched,cpu,1024,10,1,0,0,3,toy4_gpu_core_neural_output_average_tensor_batched_1024_cpu_repeat00,3,neural_policy,output_average,local_training,0.0035074849147349596
toy4,neural_output_average,tensor_batched,tensor_batched,cpu,1024,10,1,0,0,3,toy4_gpu_core_neural_output_average_tensor_batched_1024_cpu_repeat00,3,neural_policy,output_average,cache_refresh,2.1940795704722404e-06
toy4,neural_output_average,tensor_batched,tensor_batched,cpu,1024,10,1,0,0,3,toy4_gpu_core_neural_output_average_tensor_batched_1024_cpu_repeat00,3,neural_policy,output_average,post_local_readout,0.0002627300564199686
toy4,neural_output_average,tensor_batched,tensor_batched,cpu,1024,10,1,0,0,3,toy4_gpu_core_neural_output_average_tensor_batched_1024_cpu_repeat00,3,neural_policy,output_average,local_step,0.00589602196123451
toy4,neural_output_average,tensor_batched,tensor_batched,cpu,1024,10,1,0,0,3,toy4_gpu_core_neural_output_average_tensor_batched_1024_cpu_repeat00,3,neural_policy,output_average,select_peers,5.268992390483618e-05
toy4,neural_output_average,tensor_batched,tensor_batched,cpu,1024,10,1,0,0,3,toy4_gpu_core_neural_output_average_tensor_batched_1024_cpu_repeat00,3,neural_policy,output_average,social_mix,0.0003295659553259611
toy4,neural_output_average,tensor_batched,tensor_batched,cpu,1024,10,1,0,0,3,toy4_gpu_core_neural_output_average_tensor_batched_1024_cpu_repeat00,3,neural_policy,output_average,social_loss_forward,0.00022399506997317076
toy4,neural_output_average,tensor_batched,tensor_batched,cpu,1024,10,1,0,0,3,toy4_gpu_core_neural_output_average_tensor_batched_1024_cpu_repeat00,3,neural_policy,output_average,social_autograd_grad,0.0008672879775986075
toy4,neural_output_average,tensor_batched,tensor_batched,cpu,1024,10,1,0,0,3,toy4_gpu_core_neural_output_average_tensor_batched_1024_cpu_repeat00,3,neural_policy,output_average,social_adam_update,0.0009894700488075614
toy4,neural_output_average,tensor_batched,tensor_batched,cpu,1024,10,1,0,0,3,toy4_gpu_core_neural_output_average_tensor_batched_1024_cpu_repeat00,3,neural_policy,output_average,social_optimizer_update,0.0021809039171785116
toy4,neural_output_average,tensor_batched,tensor_batched,cpu,1024,10,1,0,0,3,toy4_gpu_core_neural_output_average_tensor_batched_1024_cpu_repeat00,3,neural_policy,output_average,social_distillation,0.0031156500335782766
toy4,neural_output_average,tensor_batched,tensor_batched,cpu,1024,10,1,0,0,3,toy4_gpu_core_neural_output_average_tensor_batched_1024_cpu_repeat00,3,neural_policy,output_average,social_step,0.003126380033791065
toy4,neural_output_average,tensor_batched,tensor_batched,cpu,1024,10,1,0,0,3,toy4_gpu_core_neural_output_average_tensor_batched_1024_cpu_repeat00,3,neural_policy,output_average,sample_actions,9.509967640042305e-07
toy4,neural_output_average,tensor_batched,tensor_batched,cpu,1024,10,1,0,0,3,toy4_gpu_core_neural_output_average_tensor_batched_1024_cpu_repeat00,3,neural_policy,output_average,commit_actions,3.1960662454366684e-06
toy4,neural_output_average,tensor_batched,tensor_batched,cpu,1024,10,1,0,0,3,toy4_gpu_core_neural_output_average_tensor_batched_1024_cpu_repeat00,3,neural_policy,output_average,post_step_state_policy,2.3695058189332485e-05
toy4,neural_output_average,tensor_batched,tensor_batched,cpu,1024,10,1,0,0,3,toy4_gpu_core_neural_output_average_tensor_batched_1024_cpu_repeat00,3,neural_policy,output_average,update_payoff_ema,1.4838064089417458e-05
toy4,neural_output_average,tensor_batched,tensor_batched,cpu,1024,10,1,0,0,3,toy4_gpu_core_neural_output_average_tensor_batched_1024_cpu_repeat00,3,neural_policy,output_average,update_reputation_ema,1.3465061783790588e-05
toy4,neural_output_average,tensor_batched,tensor_batched,cpu,1024,10,1,0,0,3,toy4_gpu_core_neural_output_average_tensor_batched_1024_cpu_repeat00,3,neural_policy,output_average,mobility_swaps,1.9156956113874912e-05
toy4,neural_output_average,tensor_batched,tensor_batched,cpu,1024,10,1,0,0,3,toy4_gpu_core_neural_output_average_tensor_batched_1024_cpu_repeat00,3,neural_policy,output_average,finalize_hook_step,8.104951120913029e-06
toy4,neural_output_average,tensor_batched,tensor_batched,cpu,1024,10,1,0,0,3,toy4_gpu_core_neural_output_average_tensor_batched_1024_cpu_repeat00,3,neural_policy,output_average,hooked_step_total,0.009600120014511049
toy4,neural_output_average,tensor_batched,tensor_batched,cpu,1024,10,1,0,0,3,toy4_gpu_core_neural_output_average_tensor_batched_1024_cpu_repeat00,3,neural_policy,output_average,aggregate_row,0.015264000976458192
toy4,neural_output_average,tensor_batched,tensor_batched,cpu,1024,10,1,0,0,3,toy4_gpu_core_neural_output_average_tensor_batched_1024_cpu_repeat00,3,neural_policy,output_average,write_aggregate,7.457204628735781e-05
toy4,neural_output_average,tensor_batched,tensor_batched,cpu,1024,10,1,0,0,3,toy4_gpu_core_neural_output_average_tensor_batched_1024_cpu_repeat00,4,neural_policy,output_average,sample_revision_mask,2.210203092545271e-05
toy4,neural_output_average,tensor_batched,tensor_batched,cpu,1024,10,1,0,0,3,toy4_gpu_core_neural_output_average_tensor_batched_1024_cpu_repeat00,4,neural_policy,output_average,build_step_context,1.0621035471558571e-05
toy4,neural_output_average,tensor_batched,tensor_batched,cpu,1024,10,1,0,0,3,toy4_gpu_core_neural_output_average_tensor_batched_1024_cpu_repeat00,4,neural_policy,output_average,build_observations,0.0003497250145301223
toy4,neural_output_average,tensor_batched,tensor_batched,cpu,1024,10,1,0,0,3,toy4_gpu_core_neural_output_average_tensor_batched_1024_cpu_repeat00,4,neural_policy,output_average,policy_readout,0.0008124529849737883
toy4,neural_output_average,tensor_batched,tensor_batched,cpu,1024,10,1,0,0,3,toy4_gpu_core_neural_output_average_tensor_batched_1024_cpu_repeat00,4,neural_policy,output_average,decision_selection,0.0012086560018360615
toy4,neural_output_average,tensor_batched,tensor_batched,cpu,1024,10,1,0,0,3,toy4_gpu_core_neural_output_average_tensor_batched_1024_cpu_repeat00,4,neural_policy,output_average,local_trainable_parameters,0.000266185961663723
toy4,neural_output_average,tensor_batched,tensor_batched,cpu,1024,10,1,0,0,3,toy4_gpu_core_neural_output_average_tensor_batched_1024_cpu_repeat00,4,neural_policy,output_average,local_loss_forward,0.0005875070346519351
toy4,neural_output_average,tensor_batched,tensor_batched,cpu,1024,10,1,0,0,3,toy4_gpu_core_neural_output_average_tensor_batched_1024_cpu_repeat00,4,neural_policy,output_average,local_autograd_grad,0.001127311959862709
toy4,neural_output_average,tensor_batched,tensor_batched,cpu,1024,10,1,0,0,3,toy4_gpu_core_neural_output_average_tensor_batched_1024_cpu_repeat00,4,neural_policy,output_average,local_adam_update,0.0020776380551978946
toy4,neural_output_average,tensor_batched,tensor_batched,cpu,1024,10,1,0,0,3,toy4_gpu_core_neural_output_average_tensor_batched_1024_cpu_repeat00,4,neural_policy,output_average,local_optimizer_update,0.0032720569288358092
toy4,neural_output_average,tensor_batched,tensor_batched,cpu,1024,10,1,0,0,3,toy4_gpu_core_neural_output_average_tensor_batched_1024_cpu_repeat00,4,neural_policy,output_average,local_loss_update,0.0038725879276171327
toy4,neural_output_average,tensor_batched,tensor_batched,cpu,1024,10,1,0,0,3,toy4_gpu_core_neural_output_average_tensor_batched_1024_cpu_repeat00,4,neural_policy,output_average,local_training,0.004168950952589512
toy4,neural_output_average,tensor_batched,tensor_batched,cpu,1024,10,1,0,0,3,toy4_gpu_core_neural_output_average_tensor_batched_1024_cpu_repeat00,4,neural_policy,output_average,cache_refresh,2.2050226107239723e-06
toy4,neural_output_average,tensor_batched,tensor_batched,cpu,1024,10,1,0,0,3,toy4_gpu_core_neural_output_average_tensor_batched_1024_cpu_repeat00,4,neural_policy,output_average,post_local_readout,0.00023848307318985462
toy4,neural_output_average,tensor_batched,tensor_batched,cpu,1024,10,1,0,0,3,toy4_gpu_core_neural_output_average_tensor_batched_1024_cpu_repeat00,4,neural_policy,output_average,local_step,0.007139103952795267
toy4,neural_output_average,tensor_batched,tensor_batched,cpu,1024,10,1,0,0,3,toy4_gpu_core_neural_output_average_tensor_batched_1024_cpu_repeat00,4,neural_policy,output_average,select_peers,6.62259990349412e-05
toy4,neural_output_average,tensor_batched,tensor_batched,cpu,1024,10,1,0,0,3,toy4_gpu_core_neural_output_average_tensor_batched_1024_cpu_repeat00,4,neural_policy,output_average,social_mix,0.0004688209155574441
toy4,neural_output_average,tensor_batched,tensor_batched,cpu,1024,10,1,0,0,3,toy4_gpu_core_neural_output_average_tensor_batched_1024_cpu_repeat00,4,neural_policy,output_average,social_loss_forward,0.00033408403396606445
toy4,neural_output_average,tensor_batched,tensor_batched,cpu,1024,10,1,0,0,3,toy4_gpu_core_neural_output_average_tensor_batched_1024_cpu_repeat00,4,neural_policy,output_average,social_autograd_grad,0.0009813749929890037
toy4,neural_output_average,tensor_batched,tensor_batched,cpu,1024,10,1,0,0,3,toy4_gpu_core_neural_output_average_tensor_batched_1024_cpu_repeat00,4,neural_policy,output_average,social_adam_update,0.001404198003001511
toy4,neural_output_average,tensor_batched,tensor_batched,cpu,1024,10,1,0,0,3,toy4_gpu_core_neural_output_average_tensor_batched_1024_cpu_repeat00,4,neural_policy,output_average,social_optimizer_update,0.0027422099374234676
toy4,neural_output_average,tensor_batched,tensor_batched,cpu,1024,10,1,0,0,3,toy4_gpu_core_neural_output_average_tensor_batched_1024_cpu_repeat00,4,neural_policy,output_average,social_distillation,0.004109658999368548
toy4,neural_output_average,tensor_batched,tensor_batched,cpu,1024,10,1,0,0,3,toy4_gpu_core_neural_output_average_tensor_batched_1024_cpu_repeat00,4,neural_policy,output_average,social_step,0.004125409061089158
toy4,neural_output_average,tensor_batched,tensor_batched,cpu,1024,10,1,0,0,3,toy4_gpu_core_neural_output_average_tensor_batched_1024_cpu_repeat00,4,neural_policy,output_average,sample_actions,8.710194379091263e-07
toy4,neural_output_average,tensor_batched,tensor_batched,cpu,1024,10,1,0,0,3,toy4_gpu_core_neural_output_average_tensor_batched_1024_cpu_repeat00,4,neural_policy,output_average,commit_actions,5.719950422644615e-06
toy4,neural_output_average,tensor_batched,tensor_batched,cpu,1024,10,1,0,0,3,toy4_gpu_core_neural_output_average_tensor_batched_1024_cpu_repeat00,4,neural_policy,output_average,post_step_state_policy,3.309303428977728e-05
toy4,neural_output_average,tensor_batched,tensor_batched,cpu,1024,10,1,0,0,3,toy4_gpu_core_neural_output_average_tensor_batched_1024_cpu_repeat00,4,neural_policy,output_average,update_payoff_ema,1.6722013242542744e-05
toy4,neural_output_average,tensor_batched,tensor_batched,cpu,1024,10,1,0,0,3,toy4_gpu_core_neural_output_average_tensor_batched_1024_cpu_repeat00,4,neural_policy,output_average,update_reputation_ema,1.2333039194345474e-05
toy4,neural_output_average,tensor_batched,tensor_batched,cpu,1024,10,1,0,0,3,toy4_gpu_core_neural_output_average_tensor_batched_1024_cpu_repeat00,4,neural_policy,output_average,mobility_swaps,2.010806929320097e-05
toy4,neural_output_average,tensor_batched,tensor_batched,cpu,1024,10,1,0,0,3,toy4_gpu_core_neural_output_average_tensor_batched_1024_cpu_repeat00,4,neural_policy,output_average,finalize_hook_step,8.635921403765678e-06
toy4,neural_output_average,tensor_batched,tensor_batched,cpu,1024,10,1,0,0,3,toy4_gpu_core_neural_output_average_tensor_batched_1024_cpu_repeat00,4,neural_policy,output_average,hooked_step_total,0.01200975792016834
toy4,neural_output_average,tensor_batched,tensor_batched,cpu,1024,10,1,0,0,3,toy4_gpu_core_neural_output_average_tensor_batched_1024_cpu_repeat00,4,neural_policy,output_average,aggregate_row,0.012015228974632919
toy4,neural_output_average,tensor_batched,tensor_batched,cpu,1024,10,1,0,0,3,toy4_gpu_core_neural_output_average_tensor_batched_1024_cpu_repeat00,4,neural_policy,output_average,write_aggregate,3.936502616852522e-05
toy4,neural_output_average,tensor_batched,tensor_batched,cpu,1024,10,1,0,0,3,toy4_gpu_core_neural_output_average_tensor_batched_1024_cpu_repeat00,5,neural_policy,output_average,sample_revision_mask,7.78399407863617e-06
toy4,neural_output_average,tensor_batched,tensor_batched,cpu,1024,10,1,0,0,3,toy4_gpu_core_neural_output_average_tensor_batched_1024_cpu_repeat00,5,neural_policy,output_average,build_step_context,3.506080247461796e-06
toy4,neural_output_average,tensor_batched,tensor_batched,cpu,1024,10,1,0,0,3,toy4_gpu_core_neural_output_average_tensor_batched_1024_cpu_repeat00,5,neural_policy,output_average,build_observations,0.0001511269947513938
toy4,neural_output_average,tensor_batched,tensor_batched,cpu,1024,10,1,0,0,3,toy4_gpu_core_neural_output_average_tensor_batched_1024_cpu_repeat00,5,neural_policy,output_average,policy_readout,0.00023619900457561016
toy4,neural_output_average,tensor_batched,tensor_batched,cpu,1024,10,1,0,0,3,toy4_gpu_core_neural_output_average_tensor_batched_1024_cpu_repeat00,5,neural_policy,output_average,decision_selection,0.0011271110270172358
toy4,neural_output_average,tensor_batched,tensor_batched,cpu,1024,10,1,0,0,3,toy4_gpu_core_neural_output_average_tensor_batched_1024_cpu_repeat00,5,neural_policy,output_average,local_trainable_parameters,0.00016969197895377874
toy4,neural_output_average,tensor_batched,tensor_batched,cpu,1024,10,1,0,0,3,toy4_gpu_core_neural_output_average_tensor_batched_1024_cpu_repeat00,5,neural_policy,output_average,local_loss_forward,0.0003417390398681164
toy4,neural_output_average,tensor_batched,tensor_batched,cpu,1024,10,1,0,0,3,toy4_gpu_core_neural_output_average_tensor_batched_1024_cpu_repeat00,5,neural_policy,output_average,local_autograd_grad,0.0008234139531850815
toy4,neural_output_average,tensor_batched,tensor_batched,cpu,1024,10,1,0,0,3,toy4_gpu_core_neural_output_average_tensor_batched_1024_cpu_repeat00,5,neural_policy,output_average,local_adam_update,0.0017238850705325603
toy4,neural_output_average,tensor_batched,tensor_batched,cpu,1024,10,1,0,0,3,toy4_gpu_core_neural_output_average_tensor_batched_1024_cpu_repeat00,5,neural_policy,output_average,local_optimizer_update,0.0025990280555561185
toy4,neural_output_average,tensor_batched,tensor_batched,cpu,1024,10,1,0,0,3,toy4_gpu_core_neural_output_average_tensor_batched_1024_cpu_repeat00,5,neural_policy,output_average,local_loss_update,0.002953382092528045
toy4,neural_output_average,tensor_batched,tensor_batched,cpu,1024,10,1,0,0,3,toy4_gpu_core_neural_output_average_tensor_batched_1024_cpu_repeat00,5,neural_policy,output_average,local_training,0.00314143905416131
toy4,neural_output_average,tensor_batched,tensor_batched,cpu,1024,10,1,0,0,3,toy4_gpu_core_neural_output_average_tensor_batched_1024_cpu_repeat00,5,neural_policy,output_average,cache_refresh,1.8739374354481697e-06
toy4,neural_output_average,tensor_batched,tensor_batched,cpu,1024,10,1,0,0,3,toy4_gpu_core_neural_output_average_tensor_batched_1024_cpu_repeat00,5,neural_policy,output_average,post_local_readout,0.00019295699894428253
toy4,neural_output_average,tensor_batched,tensor_batched,cpu,1024,10,1,0,0,3,toy4_gpu_core_neural_output_average_tensor_batched_1024_cpu_repeat00,5,neural_policy,output_average,local_step,0.005128404009155929
toy4,neural_output_average,tensor_batched,tensor_batched,cpu,1024,10,1,0,0,3,toy4_gpu_core_neural_output_average_tensor_batched_1024_cpu_repeat00,5,neural_policy,output_average,select_peers,5.044601857662201e-05
toy4,neural_output_average,tensor_batched,tensor_batched,cpu,1024,10,1,0,0,3,toy4_gpu_core_neural_output_average_tensor_batched_1024_cpu_repeat00,5,neural_policy,output_average,social_mix,0.0003143469803035259
toy4,neural_output_average,tensor_batched,tensor_batched,cpu,1024,10,1,0,0,3,toy4_gpu_core_neural_output_average_tensor_batched_1024_cpu_repeat00,5,neural_policy,output_average,social_loss_forward,0.00021101103629916906
toy4,neural_output_average,tensor_batched,tensor_batched,cpu,1024,10,1,0,0,3,toy4_gpu_core_neural_output_average_tensor_batched_1024_cpu_repeat00,5,neural_policy,output_average,social_autograd_grad,0.0006432619411498308
toy4,neural_output_average,tensor_batched,tensor_batched,cpu,1024,10,1,0,0,3,toy4_gpu_core_neural_output_average_tensor_batched_1024_cpu_repeat00,5,neural_policy,output_average,social_adam_update,0.0011018329532817006
toy4,neural_output_average,tensor_batched,tensor_batched,cpu,1024,10,1,0,0,3,toy4_gpu_core_neural_output_average_tensor_batched_1024_cpu_repeat00,5,neural_policy,output_average,social_optimizer_update,0.0020759839098900557
toy4,neural_output_average,tensor_batched,tensor_batched,cpu,1024,10,1,0,0,3,toy4_gpu_core_neural_output_average_tensor_batched_1024_cpu_repeat00,5,neural_policy,output_average,social_distillation,0.002977666910737753
toy4,neural_output_average,tensor_batched,tensor_batched,cpu,1024,10,1,0,0,3,toy4_gpu_core_neural_output_average_tensor_batched_1024_cpu_repeat00,5,neural_policy,output_average,social_step,0.0029910330194979906
toy4,neural_output_average,tensor_batched,tensor_batched,cpu,1024,10,1,0,0,3,toy4_gpu_core_neural_output_average_tensor_batched_1024_cpu_repeat00,5,neural_policy,output_average,sample_actions,1.001986674964428e-06
toy4,neural_output_average,tensor_batched,tensor_batched,cpu,1024,10,1,0,0,3,toy4_gpu_core_neural_output_average_tensor_batched_1024_cpu_repeat00,5,neural_policy,output_average,commit_actions,2.935994416475296e-06
toy4,neural_output_average,tensor_batched,tensor_batched,cpu,1024,10,1,0,0,3,toy4_gpu_core_neural_output_average_tensor_batched_1024_cpu_repeat00,5,neural_policy,output_average,post_step_state_policy,2.394593320786953e-05
toy4,neural_output_average,tensor_batched,tensor_batched,cpu,1024,10,1,0,0,3,toy4_gpu_core_neural_output_average_tensor_batched_1024_cpu_repeat00,5,neural_policy,output_average,update_payoff_ema,1.3996963389217854e-05
toy4,neural_output_average,tensor_batched,tensor_batched,cpu,1024,10,1,0,0,3,toy4_gpu_core_neural_output_average_tensor_batched_1024_cpu_repeat00,5,neural_policy,output_average,update_reputation_ema,1.3184966519474983e-05
toy4,neural_output_average,tensor_batched,tensor_batched,cpu,1024,10,1,0,0,3,toy4_gpu_core_neural_output_average_tensor_batched_1024_cpu_repeat00,5,neural_policy,output_average,mobility_swaps,1.7934013158082962e-05
toy4,neural_output_average,tensor_batched,tensor_batched,cpu,1024,10,1,0,0,3,toy4_gpu_core_neural_output_average_tensor_batched_1024_cpu_repeat00,5,neural_policy,output_average,finalize_hook_step,8.186092600226402e-06
toy4,neural_output_average,tensor_batched,tensor_batched,cpu,1024,10,1,0,0,3,toy4_gpu_core_neural_output_average_tensor_batched_1024_cpu_repeat00,5,neural_policy,output_average,hooked_step_total,0.008672517025843263
toy4,neural_output_average,tensor_batched,tensor_batched,cpu,1024,10,1,0,0,3,toy4_gpu_core_neural_output_average_tensor_batched_1024_cpu_repeat00,5,neural_policy,output_average,aggregate_row,0.022713294019922614
toy4,neural_output_average,tensor_batched,tensor_batched,cpu,1024,10,1,0,0,3,toy4_gpu_core_neural_output_average_tensor_batched_1024_cpu_repeat00,5,neural_policy,output_average,write_aggregate,5.273998249322176e-05
toy4,neural_output_average,tensor_batched,tensor_batched,cpu,1024,10,1,0,0,3,toy4_gpu_core_neural_output_average_tensor_batched_1024_cpu_repeat00,6,neural_policy,output_average,sample_revision_mask,1.5989993698894978e-05
toy4,neural_output_average,tensor_batched,tensor_batched,cpu,1024,10,1,0,0,3,toy4_gpu_core_neural_output_average_tensor_batched_1024_cpu_repeat00,6,neural_policy,output_average,build_step_context,4.368019290268421e-06
toy4,neural_output_average,tensor_batched,tensor_batched,cpu,1024,10,1,0,0,3,toy4_gpu_core_neural_output_average_tensor_batched_1024_cpu_repeat00,6,neural_policy,output_average,build_observations,0.00026643602177500725
toy4,neural_output_average,tensor_batched,tensor_batched,cpu,1024,10,1,0,0,3,toy4_gpu_core_neural_output_average_tensor_batched_1024_cpu_repeat00,6,neural_policy,output_average,policy_readout,0.0004355480195954442
toy4,neural_output_average,tensor_batched,tensor_batched,cpu,1024,10,1,0,0,3,toy4_gpu_core_neural_output_average_tensor_batched_1024_cpu_repeat00,6,neural_policy,output_average,decision_selection,0.0012848509941250086
toy4,neural_output_average,tensor_batched,tensor_batched,cpu,1024,10,1,0,0,3,toy4_gpu_core_neural_output_average_tensor_batched_1024_cpu_repeat00,6,neural_policy,output_average,local_trainable_parameters,0.00030447798781096935
toy4,neural_output_average,tensor_batched,tensor_batched,cpu,1024,10,1,0,0,3,toy4_gpu_core_neural_output_average_tensor_batched_1024_cpu_repeat00,6,neural_policy,output_average,local_loss_forward,0.0005384630057960749
toy4,neural_output_average,tensor_batched,tensor_batched,cpu,1024,10,1,0,0,3,toy4_gpu_core_neural_output_average_tensor_batched_1024_cpu_repeat00,6,neural_policy,output_average,local_autograd_grad,0.0009568879613652825
toy4,neural_output_average,tensor_batched,tensor_batched,cpu,1024,10,1,0,0,3,toy4_gpu_core_neural_output_average_tensor_batched_1024_cpu_repeat00,6,neural_policy,output_average,local_adam_update,0.0024261600337922573
toy4,neural_output_average,tensor_batched,tensor_batched,cpu,1024,10,1,0,0,3,toy4_gpu_core_neural_output_average_tensor_batched_1024_cpu_repeat00,6,neural_policy,output_average,local_optimizer_update,0.0034553350415080786
toy4,neural_output_average,tensor_batched,tensor_batched,cpu,1024,10,1,0,0,3,toy4_gpu_core_neural_output_average_tensor_batched_1024_cpu_repeat00,6,neural_policy,output_average,local_loss_update,0.004006552044302225
toy4,neural_output_average,tensor_batched,tensor_batched,cpu,1024,10,1,0,0,3,toy4_gpu_core_neural_output_average_tensor_batched_1024_cpu_repeat00,6,neural_policy,output_average,local_training,0.004333112039603293
toy4,neural_output_average,tensor_batched,tensor_batched,cpu,1024,10,1,0,0,3,toy4_gpu_core_neural_output_average_tensor_batched_1024_cpu_repeat00,6,neural_policy,output_average,cache_refresh,2.39501241594553e-06
toy4,neural_output_average,tensor_batched,tensor_batched,cpu,1024,10,1,0,0,3,toy4_gpu_core_neural_output_average_tensor_batched_1024_cpu_repeat00,6,neural_policy,output_average,post_local_readout,0.00020697305444628
toy4,neural_output_average,tensor_batched,tensor_batched,cpu,1024,10,1,0,0,3,toy4_gpu_core_neural_output_average_tensor_batched_1024_cpu_repeat00,6,neural_policy,output_average,local_step,0.0068747419863939285
toy4,neural_output_average,tensor_batched,tensor_batched,cpu,1024,10,1,0,0,3,toy4_gpu_core_neural_output_average_tensor_batched_1024_cpu_repeat00,6,neural_policy,output_average,select_peers,6.745802238583565e-05
toy4,neural_output_average,tensor_batched,tensor_batched,cpu,1024,10,1,0,0,3,toy4_gpu_core_neural_output_average_tensor_batched_1024_cpu_repeat00,6,neural_policy,output_average,social_mix,0.0003427410265430808
toy4,neural_output_average,tensor_batched,tensor_batched,cpu,1024,10,1,0,0,3,toy4_gpu_core_neural_output_average_tensor_batched_1024_cpu_repeat00,6,neural_policy,output_average,social_loss_forward,0.0002473900094628334
toy4,neural_output_average,tensor_batched,tensor_batched,cpu,1024,10,1,0,0,3,toy4_gpu_core_neural_output_average_tensor_batched_1024_cpu_repeat00,6,neural_policy,output_average,social_autograd_grad,0.0008682499174028635
toy4,neural_output_average,tensor_batched,tensor_batched,cpu,1024,10,1,0,0,3,toy4_gpu_core_neural_output_average_tensor_batched_1024_cpu_repeat00,6,neural_policy,output_average,social_adam_update,0.0010614970233291388
toy4,neural_output_average,tensor_batched,tensor_batched,cpu,1024,10,1,0,0,3,toy4_gpu_core_neural_output_average_tensor_batched_1024_cpu_repeat00,6,neural_policy,output_average,social_optimizer_update,0.0022799110738560557
toy4,neural_output_average,tensor_batched,tensor_batched,cpu,1024,10,1,0,0,3,toy4_gpu_core_neural_output_average_tensor_batched_1024_cpu_repeat00,6,neural_policy,output_average,social_distillation,0.0033332930179312825
toy4,neural_output_average,tensor_batched,tensor_batched,cpu,1024,10,1,0,0,3,toy4_gpu_core_neural_output_average_tensor_batched_1024_cpu_repeat00,6,neural_policy,output_average,social_step,0.0033457359531894326
toy4,neural_output_average,tensor_batched,tensor_batched,cpu,1024,10,1,0,0,3,toy4_gpu_core_neural_output_average_tensor_batched_1024_cpu_repeat00,6,neural_policy,output_average,sample_actions,1.4529796317219734e-06
toy4,neural_output_average,tensor_batched,tensor_batched,cpu,1024,10,1,0,0,3,toy4_gpu_core_neural_output_average_tensor_batched_1024_cpu_repeat00,6,neural_policy,output_average,commit_actions,7.25302379578352e-06
toy4,neural_output_average,tensor_batched,tensor_batched,cpu,1024,10,1,0,0,3,toy4_gpu_core_neural_output_average_tensor_batched_1024_cpu_repeat00,6,neural_policy,output_average,post_step_state_policy,5.930301267653704e-05
toy4,neural_output_average,tensor_batched,tensor_batched,cpu,1024,10,1,0,0,3,toy4_gpu_core_neural_output_average_tensor_batched_1024_cpu_repeat00,6,neural_policy,output_average,update_payoff_ema,2.691103145480156e-05
toy4,neural_output_average,tensor_batched,tensor_batched,cpu,1024,10,1,0,0,3,toy4_gpu_core_neural_output_average_tensor_batched_1024_cpu_repeat00,6,neural_policy,output_average,update_reputation_ema,2.0849984139204025e-05
toy4,neural_output_average,tensor_batched,tensor_batched,cpu,1024,10,1,0,0,3,toy4_gpu_core_neural_output_average_tensor_batched_1024_cpu_repeat00,6,neural_policy,output_average,mobility_swaps,3.2060896046459675e-05
toy4,neural_output_average,tensor_batched,tensor_batched,cpu,1024,10,1,0,0,3,toy4_gpu_core_neural_output_average_tensor_batched_1024_cpu_repeat00,6,neural_policy,output_average,finalize_hook_step,1.1591939255595207e-05
toy4,neural_output_average,tensor_batched,tensor_batched,cpu,1024,10,1,0,0,3,toy4_gpu_core_neural_output_average_tensor_batched_1024_cpu_repeat00,6,neural_policy,output_average,hooked_step_total,0.011042180005460978
toy4,neural_output_average,tensor_batched,tensor_batched,cpu,1024,10,1,0,0,3,toy4_gpu_core_neural_output_average_tensor_batched_1024_cpu_repeat00,6,neural_policy,output_average,aggregate_row,0.03472867398522794
toy4,neural_output_average,tensor_batched,tensor_batched,cpu,1024,10,1,0,0,3,toy4_gpu_core_neural_output_average_tensor_batched_1024_cpu_repeat00,6,neural_policy,output_average,write_aggregate,6.998307071626186e-05
toy4,neural_output_average,tensor_batched,tensor_batched,cpu,1024,10,1,0,0,3,toy4_gpu_core_neural_output_average_tensor_batched_1024_cpu_repeat00,7,neural_policy,output_average,sample_revision_mask,2.386502455919981e-05
toy4,neural_output_average,tensor_batched,tensor_batched,cpu,1024,10,1,0,0,3,toy4_gpu_core_neural_output_average_tensor_batched_1024_cpu_repeat00,7,neural_policy,output_average,build_step_context,7.032998837530613e-06
toy4,neural_output_average,tensor_batched,tensor_batched,cpu,1024,10,1,0,0,3,toy4_gpu_core_neural_output_average_tensor_batched_1024_cpu_repeat00,7,neural_policy,output_average,build_observations,0.0003605450037866831
toy4,neural_output_average,tensor_batched,tensor_batched,cpu,1024,10,1,0,0,3,toy4_gpu_core_neural_output_average_tensor_batched_1024_cpu_repeat00,7,neural_policy,output_average,policy_readout,0.0006973149720579386
toy4,neural_output_average,tensor_batched,tensor_batched,cpu,1024,10,1,0,0,3,toy4_gpu_core_neural_output_average_tensor_batched_1024_cpu_repeat00,7,neural_policy,output_average,decision_selection,0.0008788499981164932
toy4,neural_output_average,tensor_batched,tensor_batched,cpu,1024,10,1,0,0,3,toy4_gpu_core_neural_output_average_tensor_batched_1024_cpu_repeat00,7,neural_policy,output_average,local_trainable_parameters,0.00019191403407603502
toy4,neural_output_average,tensor_batched,tensor_batched,cpu,1024,10,1,0,0,3,toy4_gpu_core_neural_output_average_tensor_batched_1024_cpu_repeat00,7,neural_policy,output_average,local_loss_forward,0.0005759039195254445
toy4,neural_output_average,tensor_batched,tensor_batched,cpu,1024,10,1,0,0,3,toy4_gpu_core_neural_output_average_tensor_batched_1024_cpu_repeat00,7,neural_policy,output_average,local_autograd_grad,0.001039203954860568
toy4,neural_output_average,tensor_batched,tensor_batched,cpu,1024,10,1,0,0,3,toy4_gpu_core_neural_output_average_tensor_batched_1024_cpu_repeat00,7,neural_policy,output_average,local_adam_update,0.002066215965896845
toy4,neural_output_average,tensor_batched,tensor_batched,cpu,1024,10,1,0,0,3,toy4_gpu_core_neural_output_average_tensor_batched_1024_cpu_repeat00,7,neural_policy,output_average,local_optimizer_update,0.003175192978233099
toy4,neural_output_average,tensor_batched,tensor_batched,cpu,1024,10,1,0,0,3,toy4_gpu_core_neural_output_average_tensor_batched_1024_cpu_repeat00,7,neural_policy,output_average,local_loss_update,0.00376330001745373
toy4,neural_output_average,tensor_batched,tensor_batched,cpu,1024,10,1,0,0,3,toy4_gpu_core_neural_output_average_tensor_batched_1024_cpu_repeat00,7,neural_policy,output_average,local_training,0.003975552972406149
toy4,neural_output_average,tensor_batched,tensor_batched,cpu,1024,10,1,0,0,3,toy4_gpu_core_neural_output_average_tensor_batched_1024_cpu_repeat00,7,neural_policy,output_average,cache_refresh,1.9440194591879845e-06
toy4,neural_output_average,tensor_batched,tensor_batched,cpu,1024,10,1,0,0,3,toy4_gpu_core_neural_output_average_tensor_batched_1024_cpu_repeat00,7,neural_policy,output_average,post_local_readout,0.0001831880072131753
toy4,neural_output_average,tensor_batched,tensor_batched,cpu,1024,10,1,0,0,3,toy4_gpu_core_neural_output_average_tensor_batched_1024_cpu_repeat00,7,neural_policy,output_average,local_step,0.00641810498200357
toy4,neural_output_average,tensor_batched,tensor_batched,cpu,1024,10,1,0,0,3,toy4_gpu_core_neural_output_average_tensor_batched_1024_cpu_repeat00,7,neural_policy,output_average,select_peers,5.186803173273802e-05
toy4,neural_output_average,tensor_batched,tensor_batched,cpu,1024,10,1,0,0,3,toy4_gpu_core_neural_output_average_tensor_batched_1024_cpu_repeat00,7,neural_policy,output_average,social_mix,0.0003181649371981621
toy4,neural_output_average,tensor_batched,tensor_batched,cpu,1024,10,1,0,0,3,toy4_gpu_core_neural_output_average_tensor_batched_1024_cpu_repeat00,7,neural_policy,output_average,social_loss_forward,0.00022351392544806004
toy4,neural_output_average,tensor_batched,tensor_batched,cpu,1024,10,1,0,0,3,toy4_gpu_core_neural_output_average_tensor_batched_1024_cpu_repeat00,7,neural_policy,output_average,social_autograd_grad,0.0005073739448562264
toy4,neural_output_average,tensor_batched,tensor_batched,cpu,1024,10,1,0,0,3,toy4_gpu_core_neural_output_average_tensor_batched_1024_cpu_repeat00,7,neural_policy,output_average,social_adam_update,0.0012729990994557738
toy4,neural_output_average,tensor_batched,tensor_batched,cpu,1024,10,1,0,0,3,toy4_gpu_core_neural_output_average_tensor_batched_1024_cpu_repeat00,7,neural_policy,output_average,social_optimizer_update,0.002036108053289354
toy4,neural_output_average,tensor_batched,tensor_batched,cpu,1024,10,1,0,0,3,toy4_gpu_core_neural_output_average_tensor_batched_1024_cpu_repeat00,7,neural_policy,output_average,social_distillation,0.002967408043332398
toy4,neural_output_average,tensor_batched,tensor_batched,cpu,1024,10,1,0,0,3,toy4_gpu_core_neural_output_average_tensor_batched_1024_cpu_repeat00,7,neural_policy,output_average,social_step,0.002977087046019733
toy4,neural_output_average,tensor_batched,tensor_batched,cpu,1024,10,1,0,0,3,toy4_gpu_core_neural_output_average_tensor_batched_1024_cpu_repeat00,7,neural_policy,output_average,sample_actions,7.909256964921951e-07
toy4,neural_output_average,tensor_batched,tensor_batched,cpu,1024,10,1,0,0,3,toy4_gpu_core_neural_output_average_tensor_batched_1024_cpu_repeat00,7,neural_policy,output_average,commit_actions,3.156019374728203e-06
toy4,neural_output_average,tensor_batched,tensor_batched,cpu,1024,10,1,0,0,3,toy4_gpu_core_neural_output_average_tensor_batched_1024_cpu_repeat00,7,neural_policy,output_average,post_step_state_policy,2.469599712640047e-05
toy4,neural_output_average,tensor_batched,tensor_batched,cpu,1024,10,1,0,0,3,toy4_gpu_core_neural_output_average_tensor_batched_1024_cpu_repeat00,7,neural_policy,output_average,update_payoff_ema,1.4197081327438354e-05
toy4,neural_output_average,tensor_batched,tensor_batched,cpu,1024,10,1,0,0,3,toy4_gpu_core_neural_output_average_tensor_batched_1024_cpu_repeat00,7,neural_policy,output_average,update_reputation_ema,1.19420001283288e-05
toy4,neural_output_average,tensor_batched,tensor_batched,cpu,1024,10,1,0,0,3,toy4_gpu_core_neural_output_average_tensor_batched_1024_cpu_repeat00,7,neural_policy,output_average,mobility_swaps,1.6671023331582546e-05
toy4,neural_output_average,tensor_batched,tensor_batched,cpu,1024,10,1,0,0,3,toy4_gpu_core_neural_output_average_tensor_batched_1024_cpu_repeat00,7,neural_policy,output_average,finalize_hook_step,7.924973033368587e-06
toy4,neural_output_average,tensor_batched,tensor_batched,cpu,1024,10,1,0,0,3,toy4_gpu_core_neural_output_average_tensor_batched_1024_cpu_repeat00,7,neural_policy,output_average,hooked_step_total,0.010042560985311866
toy4,neural_output_average,tensor_batched,tensor_batched,cpu,1024,10,1,0,0,3,toy4_gpu_core_neural_output_average_tensor_batched_1024_cpu_repeat00,7,neural_policy,output_average,aggregate_row,0.016627653036266565
toy4,neural_output_average,tensor_batched,tensor_batched,cpu,1024,10,1,0,0,3,toy4_gpu_core_neural_output_average_tensor_batched_1024_cpu_repeat00,7,neural_policy,output_average,write_aggregate,5.753990262746811e-05
toy4,neural_output_average,tensor_batched,tensor_batched,cpu,1024,10,1,0,0,3,toy4_gpu_core_neural_output_average_tensor_batched_1024_cpu_repeat00,8,neural_policy,output_average,sample_revision_mask,1.9616913050413132e-05
toy4,neural_output_average,tensor_batched,tensor_batched,cpu,1024,10,1,0,0,3,toy4_gpu_core_neural_output_average_tensor_batched_1024_cpu_repeat00,8,neural_policy,output_average,build_step_context,5.029025487601757e-06
toy4,neural_output_average,tensor_batched,tensor_batched,cpu,1024,10,1,0,0,3,toy4_gpu_core_neural_output_average_tensor_batched_1024_cpu_repeat00,8,neural_policy,output_average,build_observations,0.00024007598403841257
toy4,neural_output_average,tensor_batched,tensor_batched,cpu,1024,10,1,0,0,3,toy4_gpu_core_neural_output_average_tensor_batched_1024_cpu_repeat00,8,neural_policy,output_average,policy_readout,0.00048205594066530466
toy4,neural_output_average,tensor_batched,tensor_batched,cpu,1024,10,1,0,0,3,toy4_gpu_core_neural_output_average_tensor_batched_1024_cpu_repeat00,8,neural_policy,output_average,decision_selection,0.0008372711017727852
toy4,neural_output_average,tensor_batched,tensor_batched,cpu,1024,10,1,0,0,3,toy4_gpu_core_neural_output_average_tensor_batched_1024_cpu_repeat00,8,neural_policy,output_average,local_trainable_parameters,0.00015636696480214596
toy4,neural_output_average,tensor_batched,tensor_batched,cpu,1024,10,1,0,0,3,toy4_gpu_core_neural_output_average_tensor_batched_1024_cpu_repeat00,8,neural_policy,output_average,local_loss_forward,0.0003848510095849633
toy4,neural_output_average,tensor_batched,tensor_batched,cpu,1024,10,1,0,0,3,toy4_gpu_core_neural_output_average_tensor_batched_1024_cpu_repeat00,8,neural_policy,output_average,local_autograd_grad,0.0008791600121185184
toy4,neural_output_average,tensor_batched,tensor_batched,cpu,1024,10,1,0,0,3,toy4_gpu_core_neural_output_average_tensor_batched_1024_cpu_repeat00,8,neural_policy,output_average,local_adam_update,0.0019846699433401227
toy4,neural_output_average,tensor_batched,tensor_batched,cpu,1024,10,1,0,0,3,toy4_gpu_core_neural_output_average_tensor_batched_1024_cpu_repeat00,8,neural_policy,output_average,local_optimizer_update,0.002919967984780669
toy4,neural_output_average,tensor_batched,tensor_batched,cpu,1024,10,1,0,0,3,toy4_gpu_core_neural_output_average_tensor_batched_1024_cpu_repeat00,8,neural_policy,output_average,local_loss_update,0.0033157599391415715
toy4,neural_output_average,tensor_batched,tensor_batched,cpu,1024,10,1,0,0,3,toy4_gpu_core_neural_output_average_tensor_batched_1024_cpu_repeat00,8,neural_policy,output_average,local_training,0.0034899709280580282
toy4,neural_output_average,tensor_batched,tensor_batched,cpu,1024,10,1,0,0,3,toy4_gpu_core_neural_output_average_tensor_batched_1024_cpu_repeat00,8,neural_policy,output_average,cache_refresh,2.20397487282753e-06
toy4,neural_output_average,tensor_batched,tensor_batched,cpu,1024,10,1,0,0,3,toy4_gpu_core_neural_output_average_tensor_batched_1024_cpu_repeat00,8,neural_policy,output_average,post_local_readout,0.00016198796220123768
toy4,neural_output_average,tensor_batched,tensor_batched,cpu,1024,10,1,0,0,3,toy4_gpu_core_neural_output_average_tensor_batched_1024_cpu_repeat00,8,neural_policy,output_average,local_step,0.005486964946612716
toy4,neural_output_average,tensor_batched,tensor_batched,cpu,1024,10,1,0,0,3,toy4_gpu_core_neural_output_average_tensor_batched_1024_cpu_repeat00,8,neural_policy,output_average,select_peers,4.572700709104538e-05
toy4,neural_output_average,tensor_batched,tensor_batched,cpu,1024,10,1,0,0,3,toy4_gpu_core_neural_output_average_tensor_batched_1024_cpu_repeat00,8,neural_policy,output_average,social_mix,0.0002854119520634413
toy4,neural_output_average,tensor_batched,tensor_batched,cpu,1024,10,1,0,0,3,toy4_gpu_core_neural_output_average_tensor_batched_1024_cpu_repeat00,8,neural_policy,output_average,social_loss_forward,0.00020951800979673862
toy4,neural_output_average,tensor_batched,tensor_batched,cpu,1024,10,1,0,0,3,toy4_gpu_core_neural_output_average_tensor_batched_1024_cpu_repeat00,8,neural_policy,output_average,social_autograd_grad,0.0005884580314159393
toy4,neural_output_average,tensor_batched,tensor_batched,cpu,1024,10,1,0,0,3,toy4_gpu_core_neural_output_average_tensor_batched_1024_cpu_repeat00,8,neural_policy,output_average,social_adam_update,0.0015896909171715379
toy4,neural_output_average,tensor_batched,tensor_batched,cpu,1024,10,1,0,0,3,toy4_gpu_core_neural_output_average_tensor_batched_1024_cpu_repeat00,8,neural_policy,output_average,social_optimizer_update,0.0024198369355872273
toy4,neural_output_average,tensor_batched,tensor_batched,cpu,1024,10,1,0,0,3,toy4_gpu_core_neural_output_average_tensor_batched_1024_cpu_repeat00,8,neural_policy,output_average,social_distillation,0.003446848946623504
toy4,neural_output_average,tensor_batched,tensor_batched,cpu,1024,10,1,0,0,3,toy4_gpu_core_neural_output_average_tensor_batched_1024_cpu_repeat00,8,neural_policy,output_average,social_step,0.0034557859180495143
toy4,neural_output_average,tensor_batched,tensor_batched,cpu,1024,10,1,0,0,3,toy4_gpu_core_neural_output_average_tensor_batched_1024_cpu_repeat00,8,neural_policy,output_average,sample_actions,8.210772648453712e-07
toy4,neural_output_average,tensor_batched,tensor_batched,cpu,1024,10,1,0,0,3,toy4_gpu_core_neural_output_average_tensor_batched_1024_cpu_repeat00,8,neural_policy,output_average,commit_actions,2.624932676553726e-06
toy4,neural_output_average,tensor_batched,tensor_batched,cpu,1024,10,1,0,0,3,toy4_gpu_core_neural_output_average_tensor_batched_1024_cpu_repeat00,8,neural_policy,output_average,post_step_state_policy,2.0749052055180073e-05
toy4,neural_output_average,tensor_batched,tensor_batched,cpu,1024,10,1,0,0,3,toy4_gpu_core_neural_output_average_tensor_batched_1024_cpu_repeat00,8,neural_policy,output_average,update_payoff_ema,1.3896031305193901e-05
toy4,neural_output_average,tensor_batched,tensor_batched,cpu,1024,10,1,0,0,3,toy4_gpu_core_neural_output_average_tensor_batched_1024_cpu_repeat00,8,neural_policy,output_average,update_reputation_ema,1.0811025276780128e-05
toy4,neural_output_average,tensor_batched,tensor_batched,cpu,1024,10,1,0,0,3,toy4_gpu_core_neural_output_average_tensor_batched_1024_cpu_repeat00,8,neural_policy,output_average,mobility_swaps,1.707195769995451e-05
toy4,neural_output_average,tensor_batched,tensor_batched,cpu,1024,10,1,0,0,3,toy4_gpu_core_neural_output_average_tensor_batched_1024_cpu_repeat00,8,neural_policy,output_average,finalize_hook_step,6.893067620694637e-06
toy4,neural_output_average,tensor_batched,tensor_batched,cpu,1024,10,1,0,0,3,toy4_gpu_core_neural_output_average_tensor_batched_1024_cpu_repeat00,8,neural_policy,output_average,hooked_step_total,0.00946946197655052
toy4,neural_output_average,tensor_batched,tensor_batched,cpu,1024,10,1,0,0,3,toy4_gpu_core_neural_output_average_tensor_batched_1024_cpu_repeat00,8,neural_policy,output_average,aggregate_row,0.021395541029050946
toy4,neural_output_average,tensor_batched,tensor_batched,cpu,1024,10,1,0,0,3,toy4_gpu_core_neural_output_average_tensor_batched_1024_cpu_repeat00,8,neural_policy,output_average,write_aggregate,7.755798287689686e-05
toy4,neural_output_average,tensor_batched,tensor_batched,cpu,1024,10,1,0,0,3,toy4_gpu_core_neural_output_average_tensor_batched_1024_cpu_repeat00,9,neural_policy,output_average,sample_revision_mask,2.199190203100443e-05
toy4,neural_output_average,tensor_batched,tensor_batched,cpu,1024,10,1,0,0,3,toy4_gpu_core_neural_output_average_tensor_batched_1024_cpu_repeat00,9,neural_policy,output_average,build_step_context,6.70191366225481e-06
toy4,neural_output_average,tensor_batched,tensor_batched,cpu,1024,10,1,0,0,3,toy4_gpu_core_neural_output_average_tensor_batched_1024_cpu_repeat00,9,neural_policy,output_average,build_observations,0.00030503992456942797
toy4,neural_output_average,tensor_batched,tensor_batched,cpu,1024,10,1,0,0,3,toy4_gpu_core_neural_output_average_tensor_batched_1024_cpu_repeat00,9,neural_policy,output_average,policy_readout,0.0007102499948814511
toy4,neural_output_average,tensor_batched,tensor_batched,cpu,1024,10,1,0,0,3,toy4_gpu_core_neural_output_average_tensor_batched_1024_cpu_repeat00,9,neural_policy,output_average,decision_selection,0.0008534210501238704
toy4,neural_output_average,tensor_batched,tensor_batched,cpu,1024,10,1,0,0,3,toy4_gpu_core_neural_output_average_tensor_batched_1024_cpu_repeat00,9,neural_policy,output_average,local_trainable_parameters,0.0002856929786503315
toy4,neural_output_average,tensor_batched,tensor_batched,cpu,1024,10,1,0,0,3,toy4_gpu_core_neural_output_average_tensor_batched_1024_cpu_repeat00,9,neural_policy,output_average,local_loss_forward,0.0006006719777360559
toy4,neural_output_average,tensor_batched,tensor_batched,cpu,1024,10,1,0,0,3,toy4_gpu_core_neural_output_average_tensor_batched_1024_cpu_repeat00,9,neural_policy,output_average,local_autograd_grad,0.000891053001396358
toy4,neural_output_average,tensor_batched,tensor_batched,cpu,1024,10,1,0,0,3,toy4_gpu_core_neural_output_average_tensor_batched_1024_cpu_repeat00,9,neural_policy,output_average,local_adam_update,0.0022964630043134093
toy4,neural_output_average,tensor_batched,tensor_batched,cpu,1024,10,1,0,0,3,toy4_gpu_core_neural_output_average_tensor_batched_1024_cpu_repeat00,9,neural_policy,output_average,local_optimizer_update,0.0032577490201219916
toy4,neural_output_average,tensor_batched,tensor_batched,cpu,1024,10,1,0,0,3,toy4_gpu_core_neural_output_average_tensor_batched_1024_cpu_repeat00,9,neural_policy,output_average,local_loss_update,0.003869401989504695
toy4,neural_output_average,tensor_batched,tensor_batched,cpu,1024,10,1,0,0,3,toy4_gpu_core_neural_output_average_tensor_batched_1024_cpu_repeat00,9,neural_policy,output_average,local_training,0.004176574992015958
toy4,neural_output_average,tensor_batched,tensor_batched,cpu,1024,10,1,0,0,3,toy4_gpu_core_neural_output_average_tensor_batched_1024_cpu_repeat00,9,neural_policy,output_average,cache_refresh,1.8329592421650887e-06
toy4,neural_output_average,tensor_batched,tensor_batched,cpu,1024,10,1,0,0,3,toy4_gpu_core_neural_output_average_tensor_batched_1024_cpu_repeat00,9,neural_policy,output_average,post_local_readout,0.00022942607756704092
toy4,neural_output_average,tensor_batched,tensor_batched,cpu,1024,10,1,0,0,3,toy4_gpu_core_neural_output_average_tensor_batched_1024_cpu_repeat00,9,neural_policy,output_average,local_step,0.006590741919353604
toy4,neural_output_average,tensor_batched,tensor_batched,cpu,1024,10,1,0,0,3,toy4_gpu_core_neural_output_average_tensor_batched_1024_cpu_repeat00,9,neural_policy,output_average,select_peers,5.388201680034399e-05
toy4,neural_output_average,tensor_batched,tensor_batched,cpu,1024,10,1,0,0,3,toy4_gpu_core_neural_output_average_tensor_batched_1024_cpu_repeat00,9,neural_policy,output_average,social_mix,0.00031203299295157194
toy4,neural_output_average,tensor_batched,tensor_batched,cpu,1024,10,1,0,0,3,toy4_gpu_core_neural_output_average_tensor_batched_1024_cpu_repeat00,9,neural_policy,output_average,social_loss_forward,0.00023786199744790792
toy4,neural_output_average,tensor_batched,tensor_batched,cpu,1024,10,1,0,0,3,toy4_gpu_core_neural_output_average_tensor_batched_1024_cpu_repeat00,9,neural_policy,output_average,social_autograd_grad,0.0005721970228478312
toy4,neural_output_average,tensor_batched,tensor_batched,cpu,1024,10,1,0,0,3,toy4_gpu_core_neural_output_average_tensor_batched_1024_cpu_repeat00,9,neural_policy,output_average,social_adam_update,0.0013698129914700985
toy4,neural_output_average,tensor_batched,tensor_batched,cpu,1024,10,1,0,0,3,toy4_gpu_core_neural_output_average_tensor_batched_1024_cpu_repeat00,9,neural_policy,output_average,social_optimizer_update,0.0021914240205660462
toy4,neural_output_average,tensor_batched,tensor_batched,cpu,1024,10,1,0,0,3,toy4_gpu_core_neural_output_average_tensor_batched_1024_cpu_repeat00,9,neural_policy,output_average,social_distillation,0.00323400495108217
toy4,neural_output_average,tensor_batched,tensor_batched,cpu,1024,10,1,0,0,3,toy4_gpu_core_neural_output_average_tensor_batched_1024_cpu_repeat00,9,neural_policy,output_average,social_step,0.0032441839575767517
toy4,neural_output_average,tensor_batched,tensor_batched,cpu,1024,10,1,0,0,3,toy4_gpu_core_neural_output_average_tensor_batched_1024_cpu_repeat00,9,neural_policy,output_average,sample_actions,8.720671758055687e-07
toy4,neural_output_average,tensor_batched,tensor_batched,cpu,1024,10,1,0,0,3,toy4_gpu_core_neural_output_average_tensor_batched_1024_cpu_repeat00,9,neural_policy,output_average,commit_actions,2.4650944396853447e-06
toy4,neural_output_average,tensor_batched,tensor_batched,cpu,1024,10,1,0,0,3,toy4_gpu_core_neural_output_average_tensor_batched_1024_cpu_repeat00,9,neural_policy,output_average,post_step_state_policy,2.1771062165498734e-05
toy4,neural_output_average,tensor_batched,tensor_batched,cpu,1024,10,1,0,0,3,toy4_gpu_core_neural_output_average_tensor_batched_1024_cpu_repeat00,9,neural_policy,output_average,update_payoff_ema,1.3634911738336086e-05
toy4,neural_output_average,tensor_batched,tensor_batched,cpu,1024,10,1,0,0,3,toy4_gpu_core_neural_output_average_tensor_batched_1024_cpu_repeat00,9,neural_policy,output_average,update_reputation_ema,1.1292053386569023e-05
toy4,neural_output_average,tensor_batched,tensor_batched,cpu,1024,10,1,0,0,3,toy4_gpu_core_neural_output_average_tensor_batched_1024_cpu_repeat00,9,neural_policy,output_average,mobility_swaps,1.4588003978133202e-05
toy4,neural_output_average,tensor_batched,tensor_batched,cpu,1024,10,1,0,0,3,toy4_gpu_core_neural_output_average_tensor_batched_1024_cpu_repeat00,9,neural_policy,output_average,finalize_hook_step,6.953021511435509e-06
toy4,neural_output_average,tensor_batched,tensor_batched,cpu,1024,10,1,0,0,3,toy4_gpu_core_neural_output_average_tensor_batched_1024_cpu_repeat00,9,neural_policy,output_average,hooked_step_total,0.010436168988235295
toy4,neural_output_average,tensor_batched,tensor_batched,cpu,1024,10,1,0,0,3,toy4_gpu_core_neural_output_average_tensor_batched_1024_cpu_repeat00,9,neural_policy,output_average,aggregate_row,0.013726440025493503
toy4,neural_output_average,tensor_batched,tensor_batched,cpu,1024,10,1,0,0,3,toy4_gpu_core_neural_output_average_tensor_batched_1024_cpu_repeat00,9,neural_policy,output_average,write_aggregate,5.7298922911286354e-05
toy4,neural_output_average,tensor_batched,tensor_batched,cpu,1024,10,1,0,0,3,toy4_gpu_core_neural_output_average_tensor_batched_1024_cpu_repeat00,10,neural_policy,output_average,sample_revision_mask,9.8090386018157e-06
toy4,neural_output_average,tensor_batched,tensor_batched,cpu,1024,10,1,0,0,3,toy4_gpu_core_neural_output_average_tensor_batched_1024_cpu_repeat00,10,neural_policy,output_average,build_step_context,5.851034075021744e-06
toy4,neural_output_average,tensor_batched,tensor_batched,cpu,1024,10,1,0,0,3,toy4_gpu_core_neural_output_average_tensor_batched_1024_cpu_repeat00,10,neural_policy,output_average,build_observations,0.00016435200814157724
toy4,neural_output_average,tensor_batched,tensor_batched,cpu,1024,10,1,0,0,3,toy4_gpu_core_neural_output_average_tensor_batched_1024_cpu_repeat00,10,neural_policy,output_average,policy_readout,0.0002891399199143052
toy4,neural_output_average,tensor_batched,tensor_batched,cpu,1024,10,1,0,0,3,toy4_gpu_core_neural_output_average_tensor_batched_1024_cpu_repeat00,10,neural_policy,output_average,decision_selection,0.0008283940842375159
toy4,neural_output_average,tensor_batched,tensor_batched,cpu,1024,10,1,0,0,3,toy4_gpu_core_neural_output_average_tensor_batched_1024_cpu_repeat00,10,neural_policy,output_average,local_trainable_parameters,0.0004260989371687174
toy4,neural_output_average,tensor_batched,tensor_batched,cpu,1024,10,1,0,0,3,toy4_gpu_core_neural_output_average_tensor_batched_1024_cpu_repeat00,10,neural_policy,output_average,local_loss_forward,0.00039193499833345413
toy4,neural_output_average,tensor_batched,tensor_batched,cpu,1024,10,1,0,0,3,toy4_gpu_core_neural_output_average_tensor_batched_1024_cpu_repeat00,10,neural_policy,output_average,local_autograd_grad,0.0009415590902790427
toy4,neural_output_average,tensor_batched,tensor_batched,cpu,1024,10,1,0,0,3,toy4_gpu_core_neural_output_average_tensor_batched_1024_cpu_repeat00,10,neural_policy,output_average,local_adam_update,0.0021848310716450214
toy4,neural_output_average,tensor_batched,tensor_batched,cpu,1024,10,1,0,0,3,toy4_gpu_core_neural_output_average_tensor_batched_1024_cpu_repeat00,10,neural_policy,output_average,local_optimizer_update,0.003178418963216245
toy4,neural_output_average,tensor_batched,tensor_batched,cpu,1024,10,1,0,0,3,toy4_gpu_core_neural_output_average_tensor_batched_1024_cpu_repeat00,10,neural_policy,output_average,local_loss_update,0.0035816350718960166
toy4,neural_output_average,tensor_batched,tensor_batched,cpu,1024,10,1,0,0,3,toy4_gpu_core_neural_output_average_tensor_batched_1024_cpu_repeat00,10,neural_policy,output_average,local_training,0.0040268609300255775
toy4,neural_output_average,tensor_batched,tensor_batched,cpu,1024,10,1,0,0,3,toy4_gpu_core_neural_output_average_tensor_batched_1024_cpu_repeat00,10,neural_policy,output_average,cache_refresh,1.8130522221326828e-06
toy4,neural_output_average,tensor_batched,tensor_batched,cpu,1024,10,1,0,0,3,toy4_gpu_core_neural_output_average_tensor_batched_1024_cpu_repeat00,10,neural_policy,output_average,post_local_readout,0.00020630192011594772
toy4,neural_output_average,tensor_batched,tensor_batched,cpu,1024,10,1,0,0,3,toy4_gpu_core_neural_output_average_tensor_batched_1024_cpu_repeat00,10,neural_policy,output_average,local_step,0.005799690028652549
toy4,neural_output_average,tensor_batched,tensor_batched,cpu,1024,10,1,0,0,3,toy4_gpu_core_neural_output_average_tensor_batched_1024_cpu_repeat00,10,neural_policy,output_average,select_peers,5.480390973389149e-05
toy4,neural_output_average,tensor_batched,tensor_batched,cpu,1024,10,1,0,0,3,toy4_gpu_core_neural_output_average_tensor_batched_1024_cpu_repeat00,10,neural_policy,output_average,social_mix,0.0003188259433954954
toy4,neural_output_average,tensor_batched,tensor_batched,cpu,1024,10,1,0,0,3,toy4_gpu_core_neural_output_average_tensor_batched_1024_cpu_repeat00,10,neural_policy,output_average,social_loss_forward,0.0002167120110243559
toy4,neural_output_average,tensor_batched,tensor_batched,cpu,1024,10,1,0,0,3,toy4_gpu_core_neural_output_average_tensor_batched_1024_cpu_repeat00,10,neural_policy,output_average,social_autograd_grad,0.0005573589587584138
toy4,neural_output_average,tensor_batched,tensor_batched,cpu,1024,10,1,0,0,3,toy4_gpu_core_neural_output_average_tensor_batched_1024_cpu_repeat00,10,neural_policy,output_average,social_adam_update,0.0011372010922059417
toy4,neural_output_average,tensor_batched,tensor_batched,cpu,1024,10,1,0,0,3,toy4_gpu_core_neural_output_average_tensor_batched_1024_cpu_repeat00,10,neural_policy,output_average,social_optimizer_update,0.0019357079872861505
toy4,neural_output_average,tensor_batched,tensor_batched,cpu,1024,10,1,0,0,3,toy4_gpu_core_neural_output_average_tensor_batched_1024_cpu_repeat00,10,neural_policy,output_average,social_distillation,0.0028904519276693463
toy4,neural_output_average,tensor_batched,tensor_batched,cpu,1024,10,1,0,0,3,toy4_gpu_core_neural_output_average_tensor_batched_1024_cpu_repeat00,10,neural_policy,output_average,social_step,0.0029023149982094765
toy4,neural_output_average,tensor_batched,tensor_batched,cpu,1024,10,1,0,0,3,toy4_gpu_core_neural_output_average_tensor_batched_1024_cpu_repeat00,10,neural_policy,output_average,sample_actions,8.720671758055687e-07
toy4,neural_output_average,tensor_batched,tensor_batched,cpu,1024,10,1,0,0,3,toy4_gpu_core_neural_output_average_tensor_batched_1024_cpu_repeat00,10,neural_policy,output_average,commit_actions,2.935994416475296e-06
toy4,neural_output_average,tensor_batched,tensor_batched,cpu,1024,10,1,0,0,3,toy4_gpu_core_neural_output_average_tensor_batched_1024_cpu_repeat00,10,neural_policy,output_average,post_step_state_policy,2.9737013392150402e-05
toy4,neural_output_average,tensor_batched,tensor_batched,cpu,1024,10,1,0,0,3,toy4_gpu_core_neural_output_average_tensor_batched_1024_cpu_repeat00,10,neural_policy,output_average,update_payoff_ema,1.3565993867814541e-05
toy4,neural_output_average,tensor_batched,tensor_batched,cpu,1024,10,1,0,0,3,toy4_gpu_core_neural_output_average_tensor_batched_1024_cpu_repeat00,10,neural_policy,output_average,update_reputation_ema,1.2404052540659904e-05
toy4,neural_output_average,tensor_batched,tensor_batched,cpu,1024,10,1,0,0,3,toy4_gpu_core_neural_output_average_tensor_batched_1024_cpu_repeat00,10,neural_policy,output_average,mobility_swaps,1.4928984455764294e-05
toy4,neural_output_average,tensor_batched,tensor_batched,cpu,1024,10,1,0,0,3,toy4_gpu_core_neural_output_average_tensor_batched_1024_cpu_repeat00,10,neural_policy,output_average,finalize_hook_step,1.4506978914141655e-05
toy4,neural_output_average,tensor_batched,tensor_batched,cpu,1024,10,1,0,0,3,toy4_gpu_core_neural_output_average_tensor_batched_1024_cpu_repeat00,10,neural_policy,output_average,hooked_step_total,0.009290631976909935
toy4,neural_output_average,tensor_batched,tensor_batched,cpu,1024,10,1,0,0,3,toy4_gpu_core_neural_output_average_tensor_batched_1024_cpu_repeat00,10,neural_policy,output_average,aggregate_row,0.019043102045543492
toy4,neural_output_average,tensor_batched,tensor_batched,cpu,1024,10,1,0,0,3,toy4_gpu_core_neural_output_average_tensor_batched_1024_cpu_repeat00,10,neural_policy,output_average,write_aggregate,4.968489520251751e-05
toy4,neural_output_average,tensor_batched,tensor_batched,cpu,1024,10,1,1,0,3,toy4_gpu_core_neural_output_average_tensor_batched_1024_cpu_repeat01,0,neural_policy,output_average,make_run_dir,0.00021128193475306034
toy4,neural_output_average,tensor_batched,tensor_batched,cpu,1024,10,1,1,0,3,toy4_gpu_core_neural_output_average_tensor_batched_1024_cpu_repeat01,0,neural_policy,output_average,write_metadata,0.0024732790188863873
toy4,neural_output_average,tensor_batched,tensor_batched,cpu,1024,10,1,1,0,3,toy4_gpu_core_neural_output_average_tensor_batched_1024_cpu_repeat01,0,neural_policy,output_average,initial_state,0.5536416379036382
toy4,neural_output_average,tensor_batched,tensor_batched,cpu,1024,10,1,1,0,3,toy4_gpu_core_neural_output_average_tensor_batched_1024_cpu_repeat01,0,neural_policy,output_average,writer_setup,0.0005629300139844418
toy4,neural_output_average,tensor_batched,tensor_batched,cpu,1024,10,1,1,0,3,toy4_gpu_core_neural_output_average_tensor_batched_1024_cpu_repeat01,0,neural_policy,output_average,initial_step_result,0.002581384964287281
toy4,neural_output_average,tensor_batched,tensor_batched,cpu,1024,10,1,1,0,3,toy4_gpu_core_neural_output_average_tensor_batched_1024_cpu_repeat01,0,neural_policy,output_average,initial_aggregate_row,0.022875142050907016
toy4,neural_output_average,tensor_batched,tensor_batched,cpu,1024,10,1,1,0,3,toy4_gpu_core_neural_output_average_tensor_batched_1024_cpu_repeat01,0,neural_policy,output_average,write_initial_aggregate,5.628704093396664e-05
toy4,neural_output_average,tensor_batched,tensor_batched,cpu,1024,10,1,1,0,3,toy4_gpu_core_neural_output_average_tensor_batched_1024_cpu_repeat01,1,neural_policy,output_average,sample_revision_mask,1.5058903954923153e-05
toy4,neural_output_average,tensor_batched,tensor_batched,cpu,1024,10,1,1,0,3,toy4_gpu_core_neural_output_average_tensor_batched_1024_cpu_repeat01,1,neural_policy,output_average,build_step_context,7.934984751045704e-06
toy4,neural_output_average,tensor_batched,tensor_batched,cpu,1024,10,1,1,0,3,toy4_gpu_core_neural_output_average_tensor_batched_1024_cpu_repeat01,1,neural_policy,output_average,build_observations,0.0002554649254307151
toy4,neural_output_average,tensor_batched,tensor_batched,cpu,1024,10,1,1,0,3,toy4_gpu_core_neural_output_average_tensor_batched_1024_cpu_repeat01,1,neural_policy,output_average,policy_readout,0.0006285739364102483
toy4,neural_output_average,tensor_batched,tensor_batched,cpu,1024,10,1,1,0,3,toy4_gpu_core_neural_output_average_tensor_batched_1024_cpu_repeat01,1,neural_policy,output_average,decision_selection,0.0008258490124717355
toy4,neural_output_average,tensor_batched,tensor_batched,cpu,1024,10,1,1,0,3,toy4_gpu_core_neural_output_average_tensor_batched_1024_cpu_repeat01,1,neural_policy,output_average,local_trainable_parameters,0.0004576989449560642
toy4,neural_output_average,tensor_batched,tensor_batched,cpu,1024,10,1,1,0,3,toy4_gpu_core_neural_output_average_tensor_batched_1024_cpu_repeat01,1,neural_policy,output_average,local_loss_forward,0.0006996899610385299
toy4,neural_output_average,tensor_batched,tensor_batched,cpu,1024,10,1,1,0,3,toy4_gpu_core_neural_output_average_tensor_batched_1024_cpu_repeat01,1,neural_policy,output_average,local_autograd_grad,0.0011497240047901869
toy4,neural_output_average,tensor_batched,tensor_batched,cpu,1024,10,1,1,0,3,toy4_gpu_core_neural_output_average_tensor_batched_1024_cpu_repeat01,1,neural_policy,output_average,local_adam_update,0.003534375922754407
toy4,neural_output_average,tensor_batched,tensor_batched,cpu,1024,10,1,1,0,3,toy4_gpu_core_neural_output_average_tensor_batched_1024_cpu_repeat01,1,neural_policy,output_average,local_optimizer_update,0.004799379035830498
toy4,neural_output_average,tensor_batched,tensor_batched,cpu,1024,10,1,1,0,3,toy4_gpu_core_neural_output_average_tensor_batched_1024_cpu_repeat01,1,neural_policy,output_average,local_loss_update,0.005512904026545584
toy4,neural_output_average,tensor_batched,tensor_batched,cpu,1024,10,1,1,0,3,toy4_gpu_core_neural_output_average_tensor_batched_1024_cpu_repeat01,1,neural_policy,output_average,local_training,0.005999058019369841
toy4,neural_output_average,tensor_batched,tensor_batched,cpu,1024,10,1,1,0,3,toy4_gpu_core_neural_output_average_tensor_batched_1024_cpu_repeat01,1,neural_policy,output_average,cache_refresh,4.329020157456398e-06
toy4,neural_output_average,tensor_batched,tensor_batched,cpu,1024,10,1,1,0,3,toy4_gpu_core_neural_output_average_tensor_batched_1024_cpu_repeat01,1,neural_policy,output_average,post_local_readout,0.00028376001864671707
toy4,neural_output_average,tensor_batched,tensor_batched,cpu,1024,10,1,1,0,3,toy4_gpu_core_neural_output_average_tensor_batched_1024_cpu_repeat01,1,neural_policy,output_average,local_step,0.008500742027536035
toy4,neural_output_average,tensor_batched,tensor_batched,cpu,1024,10,1,1,0,3,toy4_gpu_core_neural_output_average_tensor_batched_1024_cpu_repeat01,1,neural_policy,output_average,select_peers,7.85189913585782e-05
toy4,neural_output_average,tensor_batched,tensor_batched,cpu,1024,10,1,1,0,3,toy4_gpu_core_neural_output_average_tensor_batched_1024_cpu_repeat01,1,neural_policy,output_average,social_mix,0.0005362590309232473
toy4,neural_output_average,tensor_batched,tensor_batched,cpu,1024,10,1,1,0,3,toy4_gpu_core_neural_output_average_tensor_batched_1024_cpu_repeat01,1,neural_policy,output_average,social_loss_forward,0.00036298902705311775
toy4,neural_output_average,tensor_batched,tensor_batched,cpu,1024,10,1,1,0,3,toy4_gpu_core_neural_output_average_tensor_batched_1024_cpu_repeat01,1,neural_policy,output_average,social_autograd_grad,0.0007635910296812654
toy4,neural_output_average,tensor_batched,tensor_batched,cpu,1024,10,1,1,0,3,toy4_gpu_core_neural_output_average_tensor_batched_1024_cpu_repeat01,1,neural_policy,output_average,social_adam_update,0.0014059009263291955
toy4,neural_output_average,tensor_batched,tensor_batched,cpu,1024,10,1,1,0,3,toy4_gpu_core_neural_output_average_tensor_batched_1024_cpu_repeat01,1,neural_policy,output_average,social_optimizer_update,0.002421641955152154
toy4,neural_output_average,tensor_batched,tensor_batched,cpu,1024,10,1,1,0,3,toy4_gpu_core_neural_output_average_tensor_batched_1024_cpu_repeat01,1,neural_policy,output_average,social_distillation,0.003852781024761498
toy4,neural_output_average,tensor_batched,tensor_batched,cpu,1024,10,1,1,0,3,toy4_gpu_core_neural_output_average_tensor_batched_1024_cpu_repeat01,1,neural_policy,output_average,social_step,0.0038651939248666167
toy4,neural_output_average,tensor_batched,tensor_batched,cpu,1024,10,1,1,0,3,toy4_gpu_core_neural_output_average_tensor_batched_1024_cpu_repeat01,1,neural_policy,output_average,sample_actions,9.319046512246132e-07
toy4,neural_output_average,tensor_batched,tensor_batched,cpu,1024,10,1,1,0,3,toy4_gpu_core_neural_output_average_tensor_batched_1024_cpu_repeat01,1,neural_policy,output_average,commit_actions,2.835993655025959e-06
toy4,neural_output_average,tensor_batched,tensor_batched,cpu,1024,10,1,1,0,3,toy4_gpu_core_neural_output_average_tensor_batched_1024_cpu_repeat01,1,neural_policy,output_average,post_step_state_policy,2.504698932170868e-05
toy4,neural_output_average,tensor_batched,tensor_batched,cpu,1024,10,1,1,0,3,toy4_gpu_core_neural_output_average_tensor_batched_1024_cpu_repeat01,1,neural_policy,output_average,update_payoff_ema,2.1851970814168453e-05
toy4,neural_output_average,tensor_batched,tensor_batched,cpu,1024,10,1,1,0,3,toy4_gpu_core_neural_output_average_tensor_batched_1024_cpu_repeat01,1,neural_policy,output_average,update_reputation_ema,1.312396489083767e-05
toy4,neural_output_average,tensor_batched,tensor_batched,cpu,1024,10,1,1,0,3,toy4_gpu_core_neural_output_average_tensor_batched_1024_cpu_repeat01,1,neural_policy,output_average,mobility_swaps,1.708301715552807e-05
toy4,neural_output_average,tensor_batched,tensor_batched,cpu,1024,10,1,1,0,3,toy4_gpu_core_neural_output_average_tensor_batched_1024_cpu_repeat01,1,neural_policy,output_average,finalize_hook_step,6.912974640727043e-06
toy4,neural_output_average,tensor_batched,tensor_batched,cpu,1024,10,1,1,0,3,toy4_gpu_core_neural_output_average_tensor_batched_1024_cpu_repeat01,1,neural_policy,output_average,hooked_step_total,0.013346859021112323
toy4,neural_output_average,tensor_batched,tensor_batched,cpu,1024,10,1,1,0,3,toy4_gpu_core_neural_output_average_tensor_batched_1024_cpu_repeat01,1,neural_policy,output_average,aggregate_row,0.03355796996038407
toy4,neural_output_average,tensor_batched,tensor_batched,cpu,1024,10,1,1,0,3,toy4_gpu_core_neural_output_average_tensor_batched_1024_cpu_repeat01,1,neural_policy,output_average,write_aggregate,0.00014525605365633965
toy4,neural_output_average,tensor_batched,tensor_batched,cpu,1024,10,1,1,0,3,toy4_gpu_core_neural_output_average_tensor_batched_1024_cpu_repeat01,2,neural_policy,output_average,sample_revision_mask,5.291006527841091e-05
toy4,neural_output_average,tensor_batched,tensor_batched,cpu,1024,10,1,1,0,3,toy4_gpu_core_neural_output_average_tensor_batched_1024_cpu_repeat01,2,neural_policy,output_average,build_step_context,1.4177057892084122e-05
toy4,neural_output_average,tensor_batched,tensor_batched,cpu,1024,10,1,1,0,3,toy4_gpu_core_neural_output_average_tensor_batched_1024_cpu_repeat01,2,neural_policy,output_average,build_observations,0.0006838289555162191
toy4,neural_output_average,tensor_batched,tensor_batched,cpu,1024,10,1,1,0,3,toy4_gpu_core_neural_output_average_tensor_batched_1024_cpu_repeat01,2,neural_policy,output_average,policy_readout,0.0016143479151651263
toy4,neural_output_average,tensor_batched,tensor_batched,cpu,1024,10,1,1,0,3,toy4_gpu_core_neural_output_average_tensor_batched_1024_cpu_repeat01,2,neural_policy,output_average,decision_selection,0.001545366016216576
toy4,neural_output_average,tensor_batched,tensor_batched,cpu,1024,10,1,1,0,3,toy4_gpu_core_neural_output_average_tensor_batched_1024_cpu_repeat01,2,neural_policy,output_average,local_trainable_parameters,0.0007058409973978996
toy4,neural_output_average,tensor_batched,tensor_batched,cpu,1024,10,1,1,0,3,toy4_gpu_core_neural_output_average_tensor_batched_1024_cpu_repeat01,2,neural_policy,output_average,local_loss_forward,0.001994299003854394
toy4,neural_output_average,tensor_batched,tensor_batched,cpu,1024,10,1,1,0,3,toy4_gpu_core_neural_output_average_tensor_batched_1024_cpu_repeat01,2,neural_policy,output_average,local_autograd_grad,0.0017091470072045922
toy4,neural_output_average,tensor_batched,tensor_batched,cpu,1024,10,1,1,0,3,toy4_gpu_core_neural_output_average_tensor_batched_1024_cpu_repeat01,2,neural_policy,output_average,local_adam_update,0.004004418035037816
toy4,neural_output_average,tensor_batched,tensor_batched,cpu,1024,10,1,1,0,3,toy4_gpu_core_neural_output_average_tensor_batched_1024_cpu_repeat01,2,neural_policy,output_average,local_optimizer_update,0.005824716994538903
toy4,neural_output_average,tensor_batched,tensor_batched,cpu,1024,10,1,1,0,3,toy4_gpu_core_neural_output_average_tensor_batched_1024_cpu_repeat01,2,neural_policy,output_average,local_loss_update,0.007835848024114966
toy4,neural_output_average,tensor_batched,tensor_batched,cpu,1024,10,1,1,0,3,toy4_gpu_core_neural_output_average_tensor_batched_1024_cpu_repeat01,2,neural_policy,output_average,local_training,0.00860313605517149
toy4,neural_output_average,tensor_batched,tensor_batched,cpu,1024,10,1,1,0,3,toy4_gpu_core_neural_output_average_tensor_batched_1024_cpu_repeat01,2,neural_policy,output_average,cache_refresh,2.3350585252046585e-06
toy4,neural_output_average,tensor_batched,tensor_batched,cpu,1024,10,1,1,0,3,toy4_gpu_core_neural_output_average_tensor_batched_1024_cpu_repeat01,2,neural_policy,output_average,post_local_readout,0.0002715259324759245
toy4,neural_output_average,tensor_batched,tensor_batched,cpu,1024,10,1,1,0,3,toy4_gpu_core_neural_output_average_tensor_batched_1024_cpu_repeat01,2,neural_policy,output_average,local_step,0.013196452986449003
toy4,neural_output_average,tensor_batched,tensor_batched,cpu,1024,10,1,1,0,3,toy4_gpu_core_neural_output_average_tensor_batched_1024_cpu_repeat01,2,neural_policy,output_average,select_peers,5.520496051758528e-05
toy4,neural_output_average,tensor_batched,tensor_batched,cpu,1024,10,1,1,0,3,toy4_gpu_core_neural_output_average_tensor_batched_1024_cpu_repeat01,2,neural_policy,output_average,social_mix,0.0003517779987305403
toy4,neural_output_average,tensor_batched,tensor_batched,cpu,1024,10,1,1,0,3,toy4_gpu_core_neural_output_average_tensor_batched_1024_cpu_repeat01,2,neural_policy,output_average,social_loss_forward,0.00030074105598032475
toy4,neural_output_average,tensor_batched,tensor_batched,cpu,1024,10,1,1,0,3,toy4_gpu_core_neural_output_average_tensor_batched_1024_cpu_repeat01,2,neural_policy,output_average,social_autograd_grad,0.0007710350910201669
toy4,neural_output_average,tensor_batched,tensor_batched,cpu,1024,10,1,1,0,3,toy4_gpu_core_neural_output_average_tensor_batched_1024_cpu_repeat01,2,neural_policy,output_average,social_adam_update,0.0010986779816448689
toy4,neural_output_average,tensor_batched,tensor_batched,cpu,1024,10,1,1,0,3,toy4_gpu_core_neural_output_average_tensor_batched_1024_cpu_repeat01,2,neural_policy,output_average,social_optimizer_update,0.0022014820715412498
toy4,neural_output_average,tensor_batched,tensor_batched,cpu,1024,10,1,1,0,3,toy4_gpu_core_neural_output_average_tensor_batched_1024_cpu_repeat01,2,neural_policy,output_average,social_distillation,0.003505390021018684
toy4,neural_output_average,tensor_batched,tensor_batched,cpu,1024,10,1,1,0,3,toy4_gpu_core_neural_output_average_tensor_batched_1024_cpu_repeat01,2,neural_policy,output_average,social_step,0.00351564004085958
toy4,neural_output_average,tensor_batched,tensor_batched,cpu,1024,10,1,1,0,3,toy4_gpu_core_neural_output_average_tensor_batched_1024_cpu_repeat01,2,neural_policy,output_average,sample_actions,8.720671758055687e-07
toy4,neural_output_average,tensor_batched,tensor_batched,cpu,1024,10,1,1,0,3,toy4_gpu_core_neural_output_average_tensor_batched_1024_cpu_repeat01,2,neural_policy,output_average,commit_actions,3.5570701584219933e-06
toy4,neural_output_average,tensor_batched,tensor_batched,cpu,1024,10,1,1,0,3,toy4_gpu_core_neural_output_average_tensor_batched_1024_cpu_repeat01,2,neural_policy,output_average,post_step_state_policy,2.275302540510893e-05
toy4,neural_output_average,tensor_batched,tensor_batched,cpu,1024,10,1,1,0,3,toy4_gpu_core_neural_output_average_tensor_batched_1024_cpu_repeat01,2,neural_policy,output_average,update_payoff_ema,1.603097189217806e-05
toy4,neural_output_average,tensor_batched,tensor_batched,cpu,1024,10,1,1,0,3,toy4_gpu_core_neural_output_average_tensor_batched_1024_cpu_repeat01,2,neural_policy,output_average,update_reputation_ema,1.096096821129322e-05
toy4,neural_output_average,tensor_batched,tensor_batched,cpu,1024,10,1,1,0,3,toy4_gpu_core_neural_output_average_tensor_batched_1024_cpu_repeat01,2,neural_policy,output_average,mobility_swaps,1.775403507053852e-05
toy4,neural_output_average,tensor_batched,tensor_batched,cpu,1024,10,1,1,0,3,toy4_gpu_core_neural_output_average_tensor_batched_1024_cpu_repeat01,2,neural_policy,output_average,finalize_hook_step,8.395989425480366e-06
toy4,neural_output_average,tensor_batched,tensor_batched,cpu,1024,10,1,1,0,3,toy4_gpu_core_neural_output_average_tensor_batched_1024_cpu_repeat01,2,neural_policy,output_average,hooked_step_total,0.01742230204399675
toy4,neural_output_average,tensor_batched,tensor_batched,cpu,1024,10,1,1,0,3,toy4_gpu_core_neural_output_average_tensor_batched_1024_cpu_repeat01,2,neural_policy,output_average,aggregate_row,0.02178737602662295
toy4,neural_output_average,tensor_batched,tensor_batched,cpu,1024,10,1,1,0,3,toy4_gpu_core_neural_output_average_tensor_batched_1024_cpu_repeat01,2,neural_policy,output_average,write_aggregate,8.225603960454464e-05
toy4,neural_output_average,tensor_batched,tensor_batched,cpu,1024,10,1,1,0,3,toy4_gpu_core_neural_output_average_tensor_batched_1024_cpu_repeat01,3,neural_policy,output_average,sample_revision_mask,2.5278073735535145e-05
toy4,neural_output_average,tensor_batched,tensor_batched,cpu,1024,10,1,1,0,3,toy4_gpu_core_neural_output_average_tensor_batched_1024_cpu_repeat01,3,neural_policy,output_average,build_step_context,7.775030098855495e-06
toy4,neural_output_average,tensor_batched,tensor_batched,cpu,1024,10,1,1,0,3,toy4_gpu_core_neural_output_average_tensor_batched_1024_cpu_repeat01,3,neural_policy,output_average,build_observations,0.000433814013376832
toy4,neural_output_average,tensor_batched,tensor_batched,cpu,1024,10,1,1,0,3,toy4_gpu_core_neural_output_average_tensor_batched_1024_cpu_repeat01,3,neural_policy,output_average,policy_readout,0.0008281640475615859
toy4,neural_output_average,tensor_batched,tensor_batched,cpu,1024,10,1,1,0,3,toy4_gpu_core_neural_output_average_tensor_batched_1024_cpu_repeat01,3,neural_policy,output_average,decision_selection,0.0008686810033395886
toy4,neural_output_average,tensor_batched,tensor_batched,cpu,1024,10,1,1,0,3,toy4_gpu_core_neural_output_average_tensor_batched_1024_cpu_repeat01,3,neural_policy,output_average,local_trainable_parameters,0.0004400360630825162
toy4,neural_output_average,tensor_batched,tensor_batched,cpu,1024,10,1,1,0,3,toy4_gpu_core_neural_output_average_tensor_batched_1024_cpu_repeat01,3,neural_policy,output_average,local_loss_forward,0.000709187937900424
toy4,neural_output_average,tensor_batched,tensor_batched,cpu,1024,10,1,1,0,3,toy4_gpu_core_neural_output_average_tensor_batched_1024_cpu_repeat01,3,neural_policy,output_average,local_autograd_grad,0.0009931069798767567
toy4,neural_output_average,tensor_batched,tensor_batched,cpu,1024,10,1,1,0,3,toy4_gpu_core_neural_output_average_tensor_batched_1024_cpu_repeat01,3,neural_policy,output_average,local_adam_update,0.0024123330367729068
toy4,neural_output_average,tensor_batched,tensor_batched,cpu,1024,10,1,1,0,3,toy4_gpu_core_neural_output_average_tensor_batched_1024_cpu_repeat01,3,neural_policy,output_average,local_optimizer_update,0.003487867070361972
toy4,neural_output_average,tensor_batched,tensor_batched,cpu,1024,10,1,1,0,3,toy4_gpu_core_neural_output_average_tensor_batched_1024_cpu_repeat01,3,neural_policy,output_average,local_loss_update,0.004209597944281995
toy4,neural_output_average,tensor_batched,tensor_batched,cpu,1024,10,1,1,0,3,toy4_gpu_core_neural_output_average_tensor_batched_1024_cpu_repeat01,3,neural_policy,output_average,local_training,0.0046818150440230966
toy4,neural_output_average,tensor_batched,tensor_batched,cpu,1024,10,1,1,0,3,toy4_gpu_core_neural_output_average_tensor_batched_1024_cpu_repeat01,3,neural_policy,output_average,cache_refresh,2.0141014829277992e-06
toy4,neural_output_average,tensor_batched,tensor_batched,cpu,1024,10,1,1,0,3,toy4_gpu_core_neural_output_average_tensor_batched_1024_cpu_repeat01,3,neural_policy,output_average,post_local_readout,0.00033366400748491287
toy4,neural_output_average,tensor_batched,tensor_batched,cpu,1024,10,1,1,0,3,toy4_gpu_core_neural_output_average_tensor_batched_1024_cpu_repeat01,3,neural_policy,output_average,local_step,0.007487806957215071
toy4,neural_output_average,tensor_batched,tensor_batched,cpu,1024,10,1,1,0,3,toy4_gpu_core_neural_output_average_tensor_batched_1024_cpu_repeat01,3,neural_policy,output_average,select_peers,4.9644033424556255e-05
toy4,neural_output_average,tensor_batched,tensor_batched,cpu,1024,10,1,1,0,3,toy4_gpu_core_neural_output_average_tensor_batched_1024_cpu_repeat01,3,neural_policy,output_average,social_mix,0.0003165019443258643
toy4,neural_output_average,tensor_batched,tensor_batched,cpu,1024,10,1,1,0,3,toy4_gpu_core_neural_output_average_tensor_batched_1024_cpu_repeat01,3,neural_policy,output_average,social_loss_forward,0.00024963507894426584
toy4,neural_output_average,tensor_batched,tensor_batched,cpu,1024,10,1,1,0,3,toy4_gpu_core_neural_output_average_tensor_batched_1024_cpu_repeat01,3,neural_policy,output_average,social_autograd_grad,0.0009144579526036978
toy4,neural_output_average,tensor_batched,tensor_batched,cpu,1024,10,1,1,0,3,toy4_gpu_core_neural_output_average_tensor_batched_1024_cpu_repeat01,3,neural_policy,output_average,social_adam_update,0.001154172932729125
toy4,neural_output_average,tensor_batched,tensor_batched,cpu,1024,10,1,1,0,3,toy4_gpu_core_neural_output_average_tensor_batched_1024_cpu_repeat01,3,neural_policy,output_average,social_optimizer_update,0.002311171032488346
toy4,neural_output_average,tensor_batched,tensor_batched,cpu,1024,10,1,1,0,3,toy4_gpu_core_neural_output_average_tensor_batched_1024_cpu_repeat01,3,neural_policy,output_average,social_distillation,0.00329766608774662
toy4,neural_output_average,tensor_batched,tensor_batched,cpu,1024,10,1,1,0,3,toy4_gpu_core_neural_output_average_tensor_batched_1024_cpu_repeat01,3,neural_policy,output_average,social_step,0.0033073440426960588
toy4,neural_output_average,tensor_batched,tensor_batched,cpu,1024,10,1,1,0,3,toy4_gpu_core_neural_output_average_tensor_batched_1024_cpu_repeat01,3,neural_policy,output_average,sample_actions,9.019859135150909e-07
toy4,neural_output_average,tensor_batched,tensor_batched,cpu,1024,10,1,1,0,3,toy4_gpu_core_neural_output_average_tensor_batched_1024_cpu_repeat01,3,neural_policy,output_average,commit_actions,3.156019374728203e-06
toy4,neural_output_average,tensor_batched,tensor_batched,cpu,1024,10,1,1,0,3,toy4_gpu_core_neural_output_average_tensor_batched_1024_cpu_repeat01,3,neural_policy,output_average,post_step_state_policy,2.328399568796158e-05
toy4,neural_output_average,tensor_batched,tensor_batched,cpu,1024,10,1,1,0,3,toy4_gpu_core_neural_output_average_tensor_batched_1024_cpu_repeat01,3,neural_policy,output_average,update_payoff_ema,1.9036000594496727e-05
toy4,neural_output_average,tensor_batched,tensor_batched,cpu,1024,10,1,1,0,3,toy4_gpu_core_neural_output_average_tensor_batched_1024_cpu_repeat01,3,neural_policy,output_average,update_reputation_ema,1.19420001283288e-05
toy4,neural_output_average,tensor_batched,tensor_batched,cpu,1024,10,1,1,0,3,toy4_gpu_core_neural_output_average_tensor_batched_1024_cpu_repeat01,3,neural_policy,output_average,mobility_swaps,1.8474995158612728e-05
toy4,neural_output_average,tensor_batched,tensor_batched,cpu,1024,10,1,1,0,3,toy4_gpu_core_neural_output_average_tensor_batched_1024_cpu_repeat01,3,neural_policy,output_average,finalize_hook_step,8.195987902581692e-06
toy4,neural_output_average,tensor_batched,tensor_batched,cpu,1024,10,1,1,0,3,toy4_gpu_core_neural_output_average_tensor_batched_1024_cpu_repeat01,3,neural_policy,output_average,hooked_step_total,0.011457968968898058
toy4,neural_output_average,tensor_batched,tensor_batched,cpu,1024,10,1,1,0,3,toy4_gpu_core_neural_output_average_tensor_batched_1024_cpu_repeat01,3,neural_policy,output_average,aggregate_row,0.03864163800608367
toy4,neural_output_average,tensor_batched,tensor_batched,cpu,1024,10,1,1,0,3,toy4_gpu_core_neural_output_average_tensor_batched_1024_cpu_repeat01,3,neural_policy,output_average,write_aggregate,8.088396862149239e-05
toy4,neural_output_average,tensor_batched,tensor_batched,cpu,1024,10,1,1,0,3,toy4_gpu_core_neural_output_average_tensor_batched_1024_cpu_repeat01,4,neural_policy,output_average,sample_revision_mask,3.651005681604147e-05
toy4,neural_output_average,tensor_batched,tensor_batched,cpu,1024,10,1,1,0,3,toy4_gpu_core_neural_output_average_tensor_batched_1024_cpu_repeat01,4,neural_policy,output_average,build_step_context,7.683993317186832e-06
toy4,neural_output_average,tensor_batched,tensor_batched,cpu,1024,10,1,1,0,3,toy4_gpu_core_neural_output_average_tensor_batched_1024_cpu_repeat01,4,neural_policy,output_average,build_observations,0.00038724602200090885
toy4,neural_output_average,tensor_batched,tensor_batched,cpu,1024,10,1,1,0,3,toy4_gpu_core_neural_output_average_tensor_batched_1024_cpu_repeat01,4,neural_policy,output_average,policy_readout,0.0008032158948481083
toy4,neural_output_average,tensor_batched,tensor_batched,cpu,1024,10,1,1,0,3,toy4_gpu_core_neural_output_average_tensor_batched_1024_cpu_repeat01,4,neural_policy,output_average,decision_selection,0.0011892300099134445
toy4,neural_output_average,tensor_batched,tensor_batched,cpu,1024,10,1,1,0,3,toy4_gpu_core_neural_output_average_tensor_batched_1024_cpu_repeat01,4,neural_policy,output_average,local_trainable_parameters,0.0004379319725558162
toy4,neural_output_average,tensor_batched,tensor_batched,cpu,1024,10,1,1,0,3,toy4_gpu_core_neural_output_average_tensor_batched_1024_cpu_repeat01,4,neural_policy,output_average,local_loss_forward,0.0005874760681763291
toy4,neural_output_average,tensor_batched,tensor_batched,cpu,1024,10,1,1,0,3,toy4_gpu_core_neural_output_average_tensor_batched_1024_cpu_repeat01,4,neural_policy,output_average,local_autograd_grad,0.0011852820171043277
toy4,neural_output_average,tensor_batched,tensor_batched,cpu,1024,10,1,1,0,3,toy4_gpu_core_neural_output_average_tensor_batched_1024_cpu_repeat01,4,neural_policy,output_average,local_adam_update,0.0035433319862931967
toy4,neural_output_average,tensor_batched,tensor_batched,cpu,1024,10,1,1,0,3,toy4_gpu_core_neural_output_average_tensor_batched_1024_cpu_repeat01,4,neural_policy,output_average,local_optimizer_update,0.004806092008948326
toy4,neural_output_average,tensor_batched,tensor_batched,cpu,1024,10,1,1,0,3,toy4_gpu_core_neural_output_average_tensor_batched_1024_cpu_repeat01,4,neural_policy,output_average,local_loss_update,0.0054060210241004825
toy4,neural_output_average,tensor_batched,tensor_batched,cpu,1024,10,1,1,0,3,toy4_gpu_core_neural_output_average_tensor_batched_1024_cpu_repeat01,4,neural_policy,output_average,local_training,0.005866416031494737
toy4,neural_output_average,tensor_batched,tensor_batched,cpu,1024,10,1,1,0,3,toy4_gpu_core_neural_output_average_tensor_batched_1024_cpu_repeat01,4,neural_policy,output_average,cache_refresh,2.985936589539051e-06
toy4,neural_output_average,tensor_batched,tensor_batched,cpu,1024,10,1,1,0,3,toy4_gpu_core_neural_output_average_tensor_batched_1024_cpu_repeat01,4,neural_policy,output_average,post_local_readout,0.00027972098905593157
toy4,neural_output_average,tensor_batched,tensor_batched,cpu,1024,10,1,1,0,3,toy4_gpu_core_neural_output_average_tensor_batched_1024_cpu_repeat01,4,neural_policy,output_average,local_step,0.008955564931966364
toy4,neural_output_average,tensor_batched,tensor_batched,cpu,1024,10,1,1,0,3,toy4_gpu_core_neural_output_average_tensor_batched_1024_cpu_repeat01,4,neural_policy,output_average,select_peers,5.969300400465727e-05
toy4,neural_output_average,tensor_batched,tensor_batched,cpu,1024,10,1,1,0,3,toy4_gpu_core_neural_output_average_tensor_batched_1024_cpu_repeat01,4,neural_policy,output_average,social_mix,0.00041882507503032684
toy4,neural_output_average,tensor_batched,tensor_batched,cpu,1024,10,1,1,0,3,toy4_gpu_core_neural_output_average_tensor_batched_1024_cpu_repeat01,4,neural_policy,output_average,social_loss_forward,0.0004599739331752062
toy4,neural_output_average,tensor_batched,tensor_batched,cpu,1024,10,1,1,0,3,toy4_gpu_core_neural_output_average_tensor_batched_1024_cpu_repeat01,4,neural_policy,output_average,social_autograd_grad,0.0008815350010991096
toy4,neural_output_average,tensor_batched,tensor_batched,cpu,1024,10,1,1,0,3,toy4_gpu_core_neural_output_average_tensor_batched_1024_cpu_repeat01,4,neural_policy,output_average,social_adam_update,0.0018776669166982174
toy4,neural_output_average,tensor_batched,tensor_batched,cpu,1024,10,1,1,0,3,toy4_gpu_core_neural_output_average_tensor_batched_1024_cpu_repeat01,4,neural_policy,output_average,social_optimizer_update,0.0031187760177999735
toy4,neural_output_average,tensor_batched,tensor_batched,cpu,1024,10,1,1,0,3,toy4_gpu_core_neural_output_average_tensor_batched_1024_cpu_repeat01,4,neural_policy,output_average,social_distillation,0.004639485036022961
toy4,neural_output_average,tensor_batched,tensor_batched,cpu,1024,10,1,1,0,3,toy4_gpu_core_neural_output_average_tensor_batched_1024_cpu_repeat01,4,neural_policy,output_average,social_step,0.00465255999006331
toy4,neural_output_average,tensor_batched,tensor_batched,cpu,1024,10,1,1,0,3,toy4_gpu_core_neural_output_average_tensor_batched_1024_cpu_repeat01,4,neural_policy,output_average,sample_actions,1.393025740981102e-06
toy4,neural_output_average,tensor_batched,tensor_batched,cpu,1024,10,1,1,0,3,toy4_gpu_core_neural_output_average_tensor_batched_1024_cpu_repeat01,4,neural_policy,output_average,commit_actions,7.183989509940147e-06
toy4,neural_output_average,tensor_batched,tensor_batched,cpu,1024,10,1,1,0,3,toy4_gpu_core_neural_output_average_tensor_batched_1024_cpu_repeat01,4,neural_policy,output_average,post_step_state_policy,5.088699981570244e-05
toy4,neural_output_average,tensor_batched,tensor_batched,cpu,1024,10,1,1,0,3,toy4_gpu_core_neural_output_average_tensor_batched_1024_cpu_repeat01,4,neural_policy,output_average,update_payoff_ema,3.571808338165283e-05
toy4,neural_output_average,tensor_batched,tensor_batched,cpu,1024,10,1,1,0,3,toy4_gpu_core_neural_output_average_tensor_batched_1024_cpu_repeat01,4,neural_policy,output_average,update_reputation_ema,2.593907993286848e-05
toy4,neural_output_average,tensor_batched,tensor_batched,cpu,1024,10,1,1,0,3,toy4_gpu_core_neural_output_average_tensor_batched_1024_cpu_repeat01,4,neural_policy,output_average,mobility_swaps,3.320397809147835e-05
toy4,neural_output_average,tensor_batched,tensor_batched,cpu,1024,10,1,1,0,3,toy4_gpu_core_neural_output_average_tensor_batched_1024_cpu_repeat01,4,neural_policy,output_average,finalize_hook_step,1.1001015082001686e-05
toy4,neural_output_average,tensor_batched,tensor_batched,cpu,1024,10,1,1,0,3,toy4_gpu_core_neural_output_average_tensor_batched_1024_cpu_repeat01,4,neural_policy,output_average,hooked_step_total,0.014529546024277806
toy4,neural_output_average,tensor_batched,tensor_batched,cpu,1024,10,1,1,0,3,toy4_gpu_core_neural_output_average_tensor_batched_1024_cpu_repeat01,4,neural_policy,output_average,aggregate_row,0.19942279905080795
toy4,neural_output_average,tensor_batched,tensor_batched,cpu,1024,10,1,1,0,3,toy4_gpu_core_neural_output_average_tensor_batched_1024_cpu_repeat01,4,neural_policy,output_average,write_aggregate,0.00013634900096803904
toy4,neural_output_average,tensor_batched,tensor_batched,cpu,1024,10,1,1,0,3,toy4_gpu_core_neural_output_average_tensor_batched_1024_cpu_repeat01,5,neural_policy,output_average,sample_revision_mask,5.448295269161463e-05
toy4,neural_output_average,tensor_batched,tensor_batched,cpu,1024,10,1,1,0,3,toy4_gpu_core_neural_output_average_tensor_batched_1024_cpu_repeat01,5,neural_policy,output_average,build_step_context,1.3696029782295227e-05
toy4,neural_output_average,tensor_batched,tensor_batched,cpu,1024,10,1,1,0,3,toy4_gpu_core_neural_output_average_tensor_batched_1024_cpu_repeat01,5,neural_policy,output_average,build_observations,0.00086438306607306
toy4,neural_output_average,tensor_batched,tensor_batched,cpu,1024,10,1,1,0,3,toy4_gpu_core_neural_output_average_tensor_batched_1024_cpu_repeat01,5,neural_policy,output_average,policy_readout,0.0017811040161177516
toy4,neural_output_average,tensor_batched,tensor_batched,cpu,1024,10,1,1,0,3,toy4_gpu_core_neural_output_average_tensor_batched_1024_cpu_repeat01,5,neural_policy,output_average,decision_selection,0.0009479109430685639
toy4,neural_output_average,tensor_batched,tensor_batched,cpu,1024,10,1,1,0,3,toy4_gpu_core_neural_output_average_tensor_batched_1024_cpu_repeat01,5,neural_policy,output_average,local_trainable_parameters,0.0005324309458956122
toy4,neural_output_average,tensor_batched,tensor_batched,cpu,1024,10,1,1,0,3,toy4_gpu_core_neural_output_average_tensor_batched_1024_cpu_repeat01,5,neural_policy,output_average,local_loss_forward,0.0009616169845685363
toy4,neural_output_average,tensor_batched,tensor_batched,cpu,1024,10,1,1,0,3,toy4_gpu_core_neural_output_average_tensor_batched_1024_cpu_repeat01,5,neural_policy,output_average,local_autograd_grad,0.0012060919543728232
toy4,neural_output_average,tensor_batched,tensor_batched,cpu,1024,10,1,1,0,3,toy4_gpu_core_neural_output_average_tensor_batched_1024_cpu_repeat01,5,neural_policy,output_average,local_adam_update,0.0028898100135847926
toy4,neural_output_average,tensor_batched,tensor_batched,cpu,1024,10,1,1,0,3,toy4_gpu_core_neural_output_average_tensor_batched_1024_cpu_repeat01,5,neural_policy,output_average,local_optimizer_update,0.004189689992927015
toy4,neural_output_average,tensor_batched,tensor_batched,cpu,1024,10,1,1,0,3,toy4_gpu_core_neural_output_average_tensor_batched_1024_cpu_repeat01,5,neural_policy,output_average,local_loss_update,0.005171045078895986
toy4,neural_output_average,tensor_batched,tensor_batched,cpu,1024,10,1,1,0,3,toy4_gpu_core_neural_output_average_tensor_batched_1024_cpu_repeat01,5,neural_policy,output_average,local_training,0.00573492597322911
toy4,neural_output_average,tensor_batched,tensor_batched,cpu,1024,10,1,1,0,3,toy4_gpu_core_neural_output_average_tensor_batched_1024_cpu_repeat01,5,neural_policy,output_average,cache_refresh,2.0440202206373215e-06
toy4,neural_output_average,tensor_batched,tensor_batched,cpu,1024,10,1,1,0,3,toy4_gpu_core_neural_output_average_tensor_batched_1024_cpu_repeat01,5,neural_policy,output_average,post_local_readout,0.00017557409591972828
toy4,neural_output_average,tensor_batched,tensor_batched,cpu,1024,10,1,1,0,3,toy4_gpu_core_neural_output_average_tensor_batched_1024_cpu_repeat01,5,neural_policy,output_average,local_step,0.009939584997482598
toy4,neural_output_average,tensor_batched,tensor_batched,cpu,1024,10,1,1,0,3,toy4_gpu_core_neural_output_average_tensor_batched_1024_cpu_repeat01,5,neural_policy,output_average,select_peers,6.0394988395273685e-05
toy4,neural_output_average,tensor_batched,tensor_batched,cpu,1024,10,1,1,0,3,toy4_gpu_core_neural_output_average_tensor_batched_1024_cpu_repeat01,5,neural_policy,output_average,social_mix,0.0003555560251697898
toy4,neural_output_average,tensor_batched,tensor_batched,cpu,1024,10,1,1,0,3,toy4_gpu_core_neural_output_average_tensor_batched_1024_cpu_repeat01,5,neural_policy,output_average,social_loss_forward,0.00026215799152851105
toy4,neural_output_average,tensor_batched,tensor_batched,cpu,1024,10,1,1,0,3,toy4_gpu_core_neural_output_average_tensor_batched_1024_cpu_repeat01,5,neural_policy,output_average,social_autograd_grad,0.0007301170844584703
toy4,neural_output_average,tensor_batched,tensor_batched,cpu,1024,10,1,1,0,3,toy4_gpu_core_neural_output_average_tensor_batched_1024_cpu_repeat01,5,neural_policy,output_average,social_adam_update,0.000939324963837862
toy4,neural_output_average,tensor_batched,tensor_batched,cpu,1024,10,1,1,0,3,toy4_gpu_core_neural_output_average_tensor_batched_1024_cpu_repeat01,5,neural_policy,output_average,social_optimizer_update,0.0019649240421131253
toy4,neural_output_average,tensor_batched,tensor_batched,cpu,1024,10,1,1,0,3,toy4_gpu_core_neural_output_average_tensor_batched_1024_cpu_repeat01,5,neural_policy,output_average,social_distillation,0.0029806129168719053
toy4,neural_output_average,tensor_batched,tensor_batched,cpu,1024,10,1,1,0,3,toy4_gpu_core_neural_output_average_tensor_batched_1024_cpu_repeat01,5,neural_policy,output_average,social_step,0.002994499052874744
toy4,neural_output_average,tensor_batched,tensor_batched,cpu,1024,10,1,1,0,3,toy4_gpu_core_neural_output_average_tensor_batched_1024_cpu_repeat01,5,neural_policy,output_average,sample_actions,8.51927325129509e-07
toy4,neural_output_average,tensor_batched,tensor_batched,cpu,1024,10,1,1,0,3,toy4_gpu_core_neural_output_average_tensor_batched_1024_cpu_repeat01,5,neural_policy,output_average,commit_actions,3.506080247461796e-06
toy4,neural_output_average,tensor_batched,tensor_batched,cpu,1024,10,1,1,0,3,toy4_gpu_core_neural_output_average_tensor_batched_1024_cpu_repeat01,5,neural_policy,output_average,post_step_state_policy,3.12289921566844e-05
toy4,neural_output_average,tensor_batched,tensor_batched,cpu,1024,10,1,1,0,3,toy4_gpu_core_neural_output_average_tensor_batched_1024_cpu_repeat01,5,neural_policy,output_average,update_payoff_ema,2.1570012904703617e-05
toy4,neural_output_average,tensor_batched,tensor_batched,cpu,1024,10,1,1,0,3,toy4_gpu_core_neural_output_average_tensor_batched_1024_cpu_repeat01,5,neural_policy,output_average,update_reputation_ema,1.526903361082077e-05
toy4,neural_output_average,tensor_batched,tensor_batched,cpu,1024,10,1,1,0,3,toy4_gpu_core_neural_output_average_tensor_batched_1024_cpu_repeat01,5,neural_policy,output_average,mobility_swaps,1.7492915503680706e-05
toy4,neural_output_average,tensor_batched,tensor_batched,cpu,1024,10,1,1,0,3,toy4_gpu_core_neural_output_average_tensor_batched_1024_cpu_repeat01,5,neural_policy,output_average,finalize_hook_step,8.556060492992401e-06
toy4,neural_output_average,tensor_batched,tensor_batched,cpu,1024,10,1,1,0,3,toy4_gpu_core_neural_output_average_tensor_batched_1024_cpu_repeat01,5,neural_policy,output_average,hooked_step_total,0.013773940037935972
toy4,neural_output_average,tensor_batched,tensor_batched,cpu,1024,10,1,1,0,3,toy4_gpu_core_neural_output_average_tensor_batched_1024_cpu_repeat01,5,neural_policy,output_average,aggregate_row,0.027280783047899604
toy4,neural_output_average,tensor_batched,tensor_batched,cpu,1024,10,1,1,0,3,toy4_gpu_core_neural_output_average_tensor_batched_1024_cpu_repeat01,5,neural_policy,output_average,write_aggregate,8.306803647428751e-05
toy4,neural_output_average,tensor_batched,tensor_batched,cpu,1024,10,1,1,0,3,toy4_gpu_core_neural_output_average_tensor_batched_1024_cpu_repeat01,6,neural_policy,output_average,sample_revision_mask,3.260199446231127e-05
toy4,neural_output_average,tensor_batched,tensor_batched,cpu,1024,10,1,1,0,3,toy4_gpu_core_neural_output_average_tensor_batched_1024_cpu_repeat01,6,neural_policy,output_average,build_step_context,1.0811025276780128e-05
toy4,neural_output_average,tensor_batched,tensor_batched,cpu,1024,10,1,1,0,3,toy4_gpu_core_neural_output_average_tensor_batched_1024_cpu_repeat01,6,neural_policy,output_average,build_observations,0.0005199979059398174
toy4,neural_output_average,tensor_batched,tensor_batched,cpu,1024,10,1,1,0,3,toy4_gpu_core_neural_output_average_tensor_batched_1024_cpu_repeat01,6,neural_policy,output_average,policy_readout,0.001259242999367416
toy4,neural_output_average,tensor_batched,tensor_batched,cpu,1024,10,1,1,0,3,toy4_gpu_core_neural_output_average_tensor_batched_1024_cpu_repeat01,6,neural_policy,output_average,decision_selection,0.0015763449482619762
toy4,neural_output_average,tensor_batched,tensor_batched,cpu,1024,10,1,1,0,3,toy4_gpu_core_neural_output_average_tensor_batched_1024_cpu_repeat01,6,neural_policy,output_average,local_trainable_parameters,0.0008149489294737577
toy4,neural_output_average,tensor_batched,tensor_batched,cpu,1024,10,1,1,0,3,toy4_gpu_core_neural_output_average_tensor_batched_1024_cpu_repeat01,6,neural_policy,output_average,local_loss_forward,0.0012168119428679347
toy4,neural_output_average,tensor_batched,tensor_batched,cpu,1024,10,1,1,0,3,toy4_gpu_core_neural_output_average_tensor_batched_1024_cpu_repeat01,6,neural_policy,output_average,local_autograd_grad,0.0016048089601099491
toy4,neural_output_average,tensor_batched,tensor_batched,cpu,1024,10,1,1,0,3,toy4_gpu_core_neural_output_average_tensor_batched_1024_cpu_repeat01,6,neural_policy,output_average,local_adam_update,0.003471556003205478
toy4,neural_output_average,tensor_batched,tensor_batched,cpu,1024,10,1,1,0,3,toy4_gpu_core_neural_output_average_tensor_batched_1024_cpu_repeat01,6,neural_policy,output_average,local_optimizer_update,0.005237951991148293
toy4,neural_output_average,tensor_batched,tensor_batched,cpu,1024,10,1,1,0,3,toy4_gpu_core_neural_output_average_tensor_batched_1024_cpu_repeat01,6,neural_policy,output_average,local_loss_update,0.006469722953625023
toy4,neural_output_average,tensor_batched,tensor_batched,cpu,1024,10,1,1,0,3,toy4_gpu_core_neural_output_average_tensor_batched_1024_cpu_repeat01,6,neural_policy,output_average,local_training,0.007352840038947761
toy4,neural_output_average,tensor_batched,tensor_batched,cpu,1024,10,1,1,0,3,toy4_gpu_core_neural_output_average_tensor_batched_1024_cpu_repeat01,6,neural_policy,output_average,cache_refresh,3.185938112437725e-06
toy4,neural_output_average,tensor_batched,tensor_batched,cpu,1024,10,1,1,0,3,toy4_gpu_core_neural_output_average_tensor_batched_1024_cpu_repeat01,6,neural_policy,output_average,post_local_readout,0.000293276971206069
toy4,neural_output_average,tensor_batched,tensor_batched,cpu,1024,10,1,1,0,3,toy4_gpu_core_neural_output_average_tensor_batched_1024_cpu_repeat01,6,neural_policy,output_average,local_step,0.011518205050379038
toy4,neural_output_average,tensor_batched,tensor_batched,cpu,1024,10,1,1,0,3,toy4_gpu_core_neural_output_average_tensor_batched_1024_cpu_repeat01,6,neural_policy,output_average,select_peers,6.177800241857767e-05
toy4,neural_output_average,tensor_batched,tensor_batched,cpu,1024,10,1,1,0,3,toy4_gpu_core_neural_output_average_tensor_batched_1024_cpu_repeat01,6,neural_policy,output_average,social_mix,0.00042333395686000586
toy4,neural_output_average,tensor_batched,tensor_batched,cpu,1024,10,1,1,0,3,toy4_gpu_core_neural_output_average_tensor_batched_1024_cpu_repeat01,6,neural_policy,output_average,social_loss_forward,0.0004242559662088752
toy4,neural_output_average,tensor_batched,tensor_batched,cpu,1024,10,1,1,0,3,toy4_gpu_core_neural_output_average_tensor_batched_1024_cpu_repeat01,6,neural_policy,output_average,social_autograd_grad,0.0008234350243583322
toy4,neural_output_average,tensor_batched,tensor_batched,cpu,1024,10,1,1,0,3,toy4_gpu_core_neural_output_average_tensor_batched_1024_cpu_repeat01,6,neural_policy,output_average,social_adam_update,0.0019392139511182904
toy4,neural_output_average,tensor_batched,tensor_batched,cpu,1024,10,1,1,0,3,toy4_gpu_core_neural_output_average_tensor_batched_1024_cpu_repeat01,6,neural_policy,output_average,social_optimizer_update,0.0031352360965684056
toy4,neural_output_average,tensor_batched,tensor_batched,cpu,1024,10,1,1,0,3,toy4_gpu_core_neural_output_average_tensor_batched_1024_cpu_repeat01,6,neural_policy,output_average,social_distillation,0.004769250983372331
toy4,neural_output_average,tensor_batched,tensor_batched,cpu,1024,10,1,1,0,3,toy4_gpu_core_neural_output_average_tensor_batched_1024_cpu_repeat01,6,neural_policy,output_average,social_step,0.004780693911015987
toy4,neural_output_average,tensor_batched,tensor_batched,cpu,1024,10,1,1,0,3,toy4_gpu_core_neural_output_average_tensor_batched_1024_cpu_repeat01,6,neural_policy,output_average,sample_actions,8.710194379091263e-07
toy4,neural_output_average,tensor_batched,tensor_batched,cpu,1024,10,1,1,0,3,toy4_gpu_core_neural_output_average_tensor_batched_1024_cpu_repeat01,6,neural_policy,output_average,commit_actions,3.13599593937397e-06
toy4,neural_output_average,tensor_batched,tensor_batched,cpu,1024,10,1,1,0,3,toy4_gpu_core_neural_output_average_tensor_batched_1024_cpu_repeat01,6,neural_policy,output_average,post_step_state_policy,2.822396345436573e-05
toy4,neural_output_average,tensor_batched,tensor_batched,cpu,1024,10,1,1,0,3,toy4_gpu_core_neural_output_average_tensor_batched_1024_cpu_repeat01,6,neural_policy,output_average,update_payoff_ema,2.8845039196312428e-05
toy4,neural_output_average,tensor_batched,tensor_batched,cpu,1024,10,1,1,0,3,toy4_gpu_core_neural_output_average_tensor_batched_1024_cpu_repeat01,6,neural_policy,output_average,update_reputation_ema,1.8415041267871857e-05
toy4,neural_output_average,tensor_batched,tensor_batched,cpu,1024,10,1,1,0,3,toy4_gpu_core_neural_output_average_tensor_batched_1024_cpu_repeat01,6,neural_policy,output_average,mobility_swaps,1.9486993551254272e-05
toy4,neural_output_average,tensor_batched,tensor_batched,cpu,1024,10,1,1,0,3,toy4_gpu_core_neural_output_average_tensor_batched_1024_cpu_repeat01,6,neural_policy,output_average,finalize_hook_step,1.2733973562717438e-05
toy4,neural_output_average,tensor_batched,tensor_batched,cpu,1024,10,1,1,0,3,toy4_gpu_core_neural_output_average_tensor_batched_1024_cpu_repeat01,6,neural_policy,output_average,hooked_step_total,0.017136118025518954
toy4,neural_output_average,tensor_batched,tensor_batched,cpu,1024,10,1,1,0,3,toy4_gpu_core_neural_output_average_tensor_batched_1024_cpu_repeat01,6,neural_policy,output_average,aggregate_row,0.03842397499829531
toy4,neural_output_average,tensor_batched,tensor_batched,cpu,1024,10,1,1,0,3,toy4_gpu_core_neural_output_average_tensor_batched_1024_cpu_repeat01,6,neural_policy,output_average,write_aggregate,7.586507126688957e-05
toy4,neural_output_average,tensor_batched,tensor_batched,cpu,1024,10,1,1,0,3,toy4_gpu_core_neural_output_average_tensor_batched_1024_cpu_repeat01,7,neural_policy,output_average,sample_revision_mask,2.795399632304907e-05
toy4,neural_output_average,tensor_batched,tensor_batched,cpu,1024,10,1,1,0,3,toy4_gpu_core_neural_output_average_tensor_batched_1024_cpu_repeat01,7,neural_policy,output_average,build_step_context,8.406001143157482e-06
toy4,neural_output_average,tensor_batched,tensor_batched,cpu,1024,10,1,1,0,3,toy4_gpu_core_neural_output_average_tensor_batched_1024_cpu_repeat01,7,neural_policy,output_average,build_observations,0.0004421600606292486
toy4,neural_output_average,tensor_batched,tensor_batched,cpu,1024,10,1,1,0,3,toy4_gpu_core_neural_output_average_tensor_batched_1024_cpu_repeat01,7,neural_policy,output_average,policy_readout,0.0011457670480012894
toy4,neural_output_average,tensor_batched,tensor_batched,cpu,1024,10,1,1,0,3,toy4_gpu_core_neural_output_average_tensor_batched_1024_cpu_repeat01,7,neural_policy,output_average,decision_selection,0.001150064985267818
toy4,neural_output_average,tensor_batched,tensor_batched,cpu,1024,10,1,1,0,3,toy4_gpu_core_neural_output_average_tensor_batched_1024_cpu_repeat01,7,neural_policy,output_average,local_trainable_parameters,0.0006556659936904907
toy4,neural_output_average,tensor_batched,tensor_batched,cpu,1024,10,1,1,0,3,toy4_gpu_core_neural_output_average_tensor_batched_1024_cpu_repeat01,7,neural_policy,output_average,local_loss_forward,0.0011404069373384118
toy4,neural_output_average,tensor_batched,tensor_batched,cpu,1024,10,1,1,0,3,toy4_gpu_core_neural_output_average_tensor_batched_1024_cpu_repeat01,7,neural_policy,output_average,local_autograd_grad,0.0015110309468582273
toy4,neural_output_average,tensor_batched,tensor_batched,cpu,1024,10,1,1,0,3,toy4_gpu_core_neural_output_average_tensor_batched_1024_cpu_repeat01,7,neural_policy,output_average,local_adam_update,0.003150144941173494
toy4,neural_output_average,tensor_batched,tensor_batched,cpu,1024,10,1,1,0,3,toy4_gpu_core_neural_output_average_tensor_batched_1024_cpu_repeat01,7,neural_policy,output_average,local_optimizer_update,0.004770233063027263
toy4,neural_output_average,tensor_batched,tensor_batched,cpu,1024,10,1,1,0,3,toy4_gpu_core_neural_output_average_tensor_batched_1024_cpu_repeat01,7,neural_policy,output_average,local_loss_update,0.005928443977609277
toy4,neural_output_average,tensor_batched,tensor_batched,cpu,1024,10,1,1,0,3,toy4_gpu_core_neural_output_average_tensor_batched_1024_cpu_repeat01,7,neural_policy,output_average,local_training,0.006617342005483806
toy4,neural_output_average,tensor_batched,tensor_batched,cpu,1024,10,1,1,0,3,toy4_gpu_core_neural_output_average_tensor_batched_1024_cpu_repeat01,7,neural_policy,output_average,cache_refresh,2.2649765014648438e-06
toy4,neural_output_average,tensor_batched,tensor_batched,cpu,1024,10,1,1,0,3,toy4_gpu_core_neural_output_average_tensor_batched_1024_cpu_repeat01,7,neural_policy,output_average,post_local_readout,0.0003160000778734684
toy4,neural_output_average,tensor_batched,tensor_batched,cpu,1024,10,1,1,0,3,toy4_gpu_core_neural_output_average_tensor_batched_1024_cpu_repeat01,7,neural_policy,output_average,local_step,0.010077727027237415
toy4,neural_output_average,tensor_batched,tensor_batched,cpu,1024,10,1,1,0,3,toy4_gpu_core_neural_output_average_tensor_batched_1024_cpu_repeat01,7,neural_policy,output_average,select_peers,5.11569669470191e-05
toy4,neural_output_average,tensor_batched,tensor_batched,cpu,1024,10,1,1,0,3,toy4_gpu_core_neural_output_average_tensor_batched_1024_cpu_repeat01,7,neural_policy,output_average,social_mix,0.00035589607432484627
toy4,neural_output_average,tensor_batched,tensor_batched,cpu,1024,10,1,1,0,3,toy4_gpu_core_neural_output_average_tensor_batched_1024_cpu_repeat01,7,neural_policy,output_average,social_loss_forward,0.00031533907167613506
toy4,neural_output_average,tensor_batched,tensor_batched,cpu,1024,10,1,1,0,3,toy4_gpu_core_neural_output_average_tensor_batched_1024_cpu_repeat01,7,neural_policy,output_average,social_autograd_grad,0.0008681900799274445
toy4,neural_output_average,tensor_batched,tensor_batched,cpu,1024,10,1,1,0,3,toy4_gpu_core_neural_output_average_tensor_batched_1024_cpu_repeat01,7,neural_policy,output_average,social_adam_update,0.001411331002600491
toy4,neural_output_average,tensor_batched,tensor_batched,cpu,1024,10,1,1,0,3,toy4_gpu_core_neural_output_average_tensor_batched_1024_cpu_repeat01,7,neural_policy,output_average,social_optimizer_update,0.0025467979721724987
toy4,neural_output_average,tensor_batched,tensor_batched,cpu,1024,10,1,1,0,3,toy4_gpu_core_neural_output_average_tensor_batched_1024_cpu_repeat01,7,neural_policy,output_average,social_distillation,0.003939524991437793
toy4,neural_output_average,tensor_batched,tensor_batched,cpu,1024,10,1,1,0,3,toy4_gpu_core_neural_output_average_tensor_batched_1024_cpu_repeat01,7,neural_policy,output_average,social_step,0.003949603997170925
toy4,neural_output_average,tensor_batched,tensor_batched,cpu,1024,10,1,1,0,3,toy4_gpu_core_neural_output_average_tensor_batched_1024_cpu_repeat01,7,neural_policy,output_average,sample_actions,1.1719530448317528e-06
toy4,neural_output_average,tensor_batched,tensor_batched,cpu,1024,10,1,1,0,3,toy4_gpu_core_neural_output_average_tensor_batched_1024_cpu_repeat01,7,neural_policy,output_average,commit_actions,3.074994310736656e-06
toy4,neural_output_average,tensor_batched,tensor_batched,cpu,1024,10,1,1,0,3,toy4_gpu_core_neural_output_average_tensor_batched_1024_cpu_repeat01,7,neural_policy,output_average,post_step_state_policy,3.053806722164154e-05
toy4,neural_output_average,tensor_batched,tensor_batched,cpu,1024,10,1,1,0,3,toy4_gpu_core_neural_output_average_tensor_batched_1024_cpu_repeat01,7,neural_policy,output_average,update_payoff_ema,1.6901991330087185e-05
toy4,neural_output_average,tensor_batched,tensor_batched,cpu,1024,10,1,1,0,3,toy4_gpu_core_neural_output_average_tensor_batched_1024_cpu_repeat01,7,neural_policy,output_average,update_reputation_ema,1.096096821129322e-05
toy4,neural_output_average,tensor_batched,tensor_batched,cpu,1024,10,1,1,0,3,toy4_gpu_core_neural_output_average_tensor_batched_1024_cpu_repeat01,7,neural_policy,output_average,mobility_swaps,2.0137988030910492e-05
toy4,neural_output_average,tensor_batched,tensor_batched,cpu,1024,10,1,1,0,3,toy4_gpu_core_neural_output_average_tensor_batched_1024_cpu_repeat01,7,neural_policy,output_average,finalize_hook_step,9.408104233443737e-06
toy4,neural_output_average,tensor_batched,tensor_batched,cpu,1024,10,1,1,0,3,toy4_gpu_core_neural_output_average_tensor_batched_1024_cpu_repeat01,7,neural_policy,output_average,hooked_step_total,0.014757549040950835
toy4,neural_output_average,tensor_batched,tensor_batched,cpu,1024,10,1,1,0,3,toy4_gpu_core_neural_output_average_tensor_batched_1024_cpu_repeat01,7,neural_policy,output_average,aggregate_row,0.020247870008461177
toy4,neural_output_average,tensor_batched,tensor_batched,cpu,1024,10,1,1,0,3,toy4_gpu_core_neural_output_average_tensor_batched_1024_cpu_repeat01,7,neural_policy,output_average,write_aggregate,8.980999700725079e-05
toy4,neural_output_average,tensor_batched,tensor_batched,cpu,1024,10,1,1,0,3,toy4_gpu_core_neural_output_average_tensor_batched_1024_cpu_repeat01,8,neural_policy,output_average,sample_revision_mask,2.2873980924487114e-05
toy4,neural_output_average,tensor_batched,tensor_batched,cpu,1024,10,1,1,0,3,toy4_gpu_core_neural_output_average_tensor_batched_1024_cpu_repeat01,8,neural_policy,output_average,build_step_context,1.1030933819711208e-05
toy4,neural_output_average,tensor_batched,tensor_batched,cpu,1024,10,1,1,0,3,toy4_gpu_core_neural_output_average_tensor_batched_1024_cpu_repeat01,8,neural_policy,output_average,build_observations,0.0003848510095849633
toy4,neural_output_average,tensor_batched,tensor_batched,cpu,1024,10,1,1,0,3,toy4_gpu_core_neural_output_average_tensor_batched_1024_cpu_repeat01,8,neural_policy,output_average,policy_readout,0.0006270010489970446
toy4,neural_output_average,tensor_batched,tensor_batched,cpu,1024,10,1,1,0,3,toy4_gpu_core_neural_output_average_tensor_batched_1024_cpu_repeat01,8,neural_policy,output_average,decision_selection,0.0008724580984562635
toy4,neural_output_average,tensor_batched,tensor_batched,cpu,1024,10,1,1,0,3,toy4_gpu_core_neural_output_average_tensor_batched_1024_cpu_repeat01,8,neural_policy,output_average,local_trainable_parameters,0.00020038103684782982
toy4,neural_output_average,tensor_batched,tensor_batched,cpu,1024,10,1,1,0,3,toy4_gpu_core_neural_output_average_tensor_batched_1024_cpu_repeat01,8,neural_policy,output_average,local_loss_forward,0.000732471002265811
toy4,neural_output_average,tensor_batched,tensor_batched,cpu,1024,10,1,1,0,3,toy4_gpu_core_neural_output_average_tensor_batched_1024_cpu_repeat01,8,neural_policy,output_average,local_autograd_grad,0.0013442339841276407
toy4,neural_output_average,tensor_batched,tensor_batched,cpu,1024,10,1,1,0,3,toy4_gpu_core_neural_output_average_tensor_batched_1024_cpu_repeat01,8,neural_policy,output_average,local_adam_update,0.0029811839340254664
toy4,neural_output_average,tensor_batched,tensor_batched,cpu,1024,10,1,1,0,3,toy4_gpu_core_neural_output_average_tensor_batched_1024_cpu_repeat01,8,neural_policy,output_average,local_optimizer_update,0.004417332937009633
toy4,neural_output_average,tensor_batched,tensor_batched,cpu,1024,10,1,1,0,3,toy4_gpu_core_neural_output_average_tensor_batched_1024_cpu_repeat01,8,neural_policy,output_average,local_loss_update,0.005167318042367697
toy4,neural_output_average,tensor_batched,tensor_batched,cpu,1024,10,1,1,0,3,toy4_gpu_core_neural_output_average_tensor_batched_1024_cpu_repeat01,8,neural_policy,output_average,local_training,0.005392105085775256
toy4,neural_output_average,tensor_batched,tensor_batched,cpu,1024,10,1,1,0,3,toy4_gpu_core_neural_output_average_tensor_batched_1024_cpu_repeat01,8,neural_policy,output_average,cache_refresh,2.495013177394867e-06
toy4,neural_output_average,tensor_batched,tensor_batched,cpu,1024,10,1,1,0,3,toy4_gpu_core_neural_output_average_tensor_batched_1024_cpu_repeat01,8,neural_policy,output_average,post_local_readout,0.0002857829676941037
toy4,neural_output_average,tensor_batched,tensor_batched,cpu,1024,10,1,1,0,3,toy4_gpu_core_neural_output_average_tensor_batched_1024_cpu_repeat01,8,neural_policy,output_average,local_step,0.007944663986563683
toy4,neural_output_average,tensor_batched,tensor_batched,cpu,1024,10,1,1,0,3,toy4_gpu_core_neural_output_average_tensor_batched_1024_cpu_repeat01,8,neural_policy,output_average,select_peers,6.0264021158218384e-05
toy4,neural_output_average,tensor_batched,tensor_batched,cpu,1024,10,1,1,0,3,toy4_gpu_core_neural_output_average_tensor_batched_1024_cpu_repeat01,8,neural_policy,output_average,social_mix,0.0004064419772475958
toy4,neural_output_average,tensor_batched,tensor_batched,cpu,1024,10,1,1,0,3,toy4_gpu_core_neural_output_average_tensor_batched_1024_cpu_repeat01,8,neural_policy,output_average,social_loss_forward,0.00032143096905201674
toy4,neural_output_average,tensor_batched,tensor_batched,cpu,1024,10,1,1,0,3,toy4_gpu_core_neural_output_average_tensor_batched_1024_cpu_repeat01,8,neural_policy,output_average,social_autograd_grad,0.0007430120604112744
toy4,neural_output_average,tensor_batched,tensor_batched,cpu,1024,10,1,1,0,3,toy4_gpu_core_neural_output_average_tensor_batched_1024_cpu_repeat01,8,neural_policy,output_average,social_adam_update,0.0015143670607358217
toy4,neural_output_average,tensor_batched,tensor_batched,cpu,1024,10,1,1,0,3,toy4_gpu_core_neural_output_average_tensor_batched_1024_cpu_repeat01,8,neural_policy,output_average,social_optimizer_update,0.002682165941223502
toy4,neural_output_average,tensor_batched,tensor_batched,cpu,1024,10,1,1,0,3,toy4_gpu_core_neural_output_average_tensor_batched_1024_cpu_repeat01,8,neural_policy,output_average,social_distillation,0.003993828082457185
toy4,neural_output_average,tensor_batched,tensor_batched,cpu,1024,10,1,1,0,3,toy4_gpu_core_neural_output_average_tensor_batched_1024_cpu_repeat01,8,neural_policy,output_average,social_step,0.0040059719467535615
toy4,neural_output_average,tensor_batched,tensor_batched,cpu,1024,10,1,1,0,3,toy4_gpu_core_neural_output_average_tensor_batched_1024_cpu_repeat01,8,neural_policy,output_average,sample_actions,1.3029202818870544e-06
toy4,neural_output_average,tensor_batched,tensor_batched,cpu,1024,10,1,1,0,3,toy4_gpu_core_neural_output_average_tensor_batched_1024_cpu_repeat01,8,neural_policy,output_average,commit_actions,3.396999090909958e-06
toy4,neural_output_average,tensor_batched,tensor_batched,cpu,1024,10,1,1,0,3,toy4_gpu_core_neural_output_average_tensor_batched_1024_cpu_repeat01,8,neural_policy,output_average,post_step_state_policy,2.6490073651075363e-05
toy4,neural_output_average,tensor_batched,tensor_batched,cpu,1024,10,1,1,0,3,toy4_gpu_core_neural_output_average_tensor_batched_1024_cpu_repeat01,8,neural_policy,output_average,update_payoff_ema,2.0678970031440258e-05
toy4,neural_output_average,tensor_batched,tensor_batched,cpu,1024,10,1,1,0,3,toy4_gpu_core_neural_output_average_tensor_batched_1024_cpu_repeat01,8,neural_policy,output_average,update_reputation_ema,1.297506969422102e-05
toy4,neural_output_average,tensor_batched,tensor_batched,cpu,1024,10,1,1,0,3,toy4_gpu_core_neural_output_average_tensor_batched_1024_cpu_repeat01,8,neural_policy,output_average,mobility_swaps,1.9327038899064064e-05
toy4,neural_output_average,tensor_batched,tensor_batched,cpu,1024,10,1,1,0,3,toy4_gpu_core_neural_output_average_tensor_batched_1024_cpu_repeat01,8,neural_policy,output_average,finalize_hook_step,9.559094905853271e-06
toy4,neural_output_average,tensor_batched,tensor_batched,cpu,1024,10,1,1,0,3,toy4_gpu_core_neural_output_average_tensor_batched_1024_cpu_repeat01,8,neural_policy,output_average,hooked_step_total,0.012669782969169319
toy4,neural_output_average,tensor_batched,tensor_batched,cpu,1024,10,1,1,0,3,toy4_gpu_core_neural_output_average_tensor_batched_1024_cpu_repeat01,8,neural_policy,output_average,aggregate_row,0.02374730899464339
toy4,neural_output_average,tensor_batched,tensor_batched,cpu,1024,10,1,1,0,3,toy4_gpu_core_neural_output_average_tensor_batched_1024_cpu_repeat01,8,neural_policy,output_average,write_aggregate,8.065300062298775e-05
toy4,neural_output_average,tensor_batched,tensor_batched,cpu,1024,10,1,1,0,3,toy4_gpu_core_neural_output_average_tensor_batched_1024_cpu_repeat01,9,neural_policy,output_average,sample_revision_mask,2.2061984054744244e-05
toy4,neural_output_average,tensor_batched,tensor_batched,cpu,1024,10,1,1,0,3,toy4_gpu_core_neural_output_average_tensor_batched_1024_cpu_repeat01,9,neural_policy,output_average,build_step_context,6.943009793758392e-06
toy4,neural_output_average,tensor_batched,tensor_batched,cpu,1024,10,1,1,0,3,toy4_gpu_core_neural_output_average_tensor_batched_1024_cpu_repeat01,9,neural_policy,output_average,build_observations,0.00031977694015949965
toy4,neural_output_average,tensor_batched,tensor_batched,cpu,1024,10,1,1,0,3,toy4_gpu_core_neural_output_average_tensor_batched_1024_cpu_repeat01,9,neural_policy,output_average,policy_readout,0.0005795810138806701
toy4,neural_output_average,tensor_batched,tensor_batched,cpu,1024,10,1,1,0,3,toy4_gpu_core_neural_output_average_tensor_batched_1024_cpu_repeat01,9,neural_policy,output_average,decision_selection,0.0011745219817385077
toy4,neural_output_average,tensor_batched,tensor_batched,cpu,1024,10,1,1,0,3,toy4_gpu_core_neural_output_average_tensor_batched_1024_cpu_repeat01,9,neural_policy,output_average,local_trainable_parameters,0.0003331030020490289
toy4,neural_output_average,tensor_batched,tensor_batched,cpu,1024,10,1,1,0,3,toy4_gpu_core_neural_output_average_tensor_batched_1024_cpu_repeat01,9,neural_policy,output_average,local_loss_forward,0.0006408479530364275
toy4,neural_output_average,tensor_batched,tensor_batched,cpu,1024,10,1,1,0,3,toy4_gpu_core_neural_output_average_tensor_batched_1024_cpu_repeat01,9,neural_policy,output_average,local_autograd_grad,0.0010528810089454055
toy4,neural_output_average,tensor_batched,tensor_batched,cpu,1024,10,1,1,0,3,toy4_gpu_core_neural_output_average_tensor_batched_1024_cpu_repeat01,9,neural_policy,output_average,local_adam_update,0.0022887589875608683
toy4,neural_output_average,tensor_batched,tensor_batched,cpu,1024,10,1,1,0,3,toy4_gpu_core_neural_output_average_tensor_batched_1024_cpu_repeat01,9,neural_policy,output_average,local_optimizer_update,0.0034109209664165974
toy4,neural_output_average,tensor_batched,tensor_batched,cpu,1024,10,1,1,0,3,toy4_gpu_core_neural_output_average_tensor_batched_1024_cpu_repeat01,9,neural_policy,output_average,local_loss_update,0.004063811036758125
toy4,neural_output_average,tensor_batched,tensor_batched,cpu,1024,10,1,1,0,3,toy4_gpu_core_neural_output_average_tensor_batched_1024_cpu_repeat01,9,neural_policy,output_average,local_training,0.004422883037477732
toy4,neural_output_average,tensor_batched,tensor_batched,cpu,1024,10,1,1,0,3,toy4_gpu_core_neural_output_average_tensor_batched_1024_cpu_repeat01,9,neural_policy,output_average,cache_refresh,1.8540304154157639e-06
toy4,neural_output_average,tensor_batched,tensor_batched,cpu,1024,10,1,1,0,3,toy4_gpu_core_neural_output_average_tensor_batched_1024_cpu_repeat01,9,neural_policy,output_average,post_local_readout,0.0002459069946780801
toy4,neural_output_average,tensor_batched,tensor_batched,cpu,1024,10,1,1,0,3,toy4_gpu_core_neural_output_average_tensor_batched_1024_cpu_repeat01,9,neural_policy,output_average,local_step,0.007120579015463591
toy4,neural_output_average,tensor_batched,tensor_batched,cpu,1024,10,1,1,0,3,toy4_gpu_core_neural_output_average_tensor_batched_1024_cpu_repeat01,9,neural_policy,output_average,select_peers,5.608599167317152e-05
toy4,neural_output_average,tensor_batched,tensor_batched,cpu,1024,10,1,1,0,3,toy4_gpu_core_neural_output_average_tensor_batched_1024_cpu_repeat01,9,neural_policy,output_average,social_mix,0.00034862197935581207
toy4,neural_output_average,tensor_batched,tensor_batched,cpu,1024,10,1,1,0,3,toy4_gpu_core_neural_output_average_tensor_batched_1024_cpu_repeat01,9,neural_policy,output_average,social_loss_forward,0.00029204506427049637
toy4,neural_output_average,tensor_batched,tensor_batched,cpu,1024,10,1,1,0,3,toy4_gpu_core_neural_output_average_tensor_batched_1024_cpu_repeat01,9,neural_policy,output_average,social_autograd_grad,0.0006690010195598006
toy4,neural_output_average,tensor_batched,tensor_batched,cpu,1024,10,1,1,0,3,toy4_gpu_core_neural_output_average_tensor_batched_1024_cpu_repeat01,9,neural_policy,output_average,social_adam_update,0.001331219100393355
toy4,neural_output_average,tensor_batched,tensor_batched,cpu,1024,10,1,1,0,3,toy4_gpu_core_neural_output_average_tensor_batched_1024_cpu_repeat01,9,neural_policy,output_average,social_optimizer_update,0.0023452959721907973
toy4,neural_output_average,tensor_batched,tensor_batched,cpu,1024,10,1,1,0,3,toy4_gpu_core_neural_output_average_tensor_batched_1024_cpu_repeat01,9,neural_policy,output_average,social_distillation,0.0035167819587513804
toy4,neural_output_average,tensor_batched,tensor_batched,cpu,1024,10,1,1,0,3,toy4_gpu_core_neural_output_average_tensor_batched_1024_cpu_repeat01,9,neural_policy,output_average,social_step,0.003527292050421238
toy4,neural_output_average,tensor_batched,tensor_batched,cpu,1024,10,1,1,0,3,toy4_gpu_core_neural_output_average_tensor_batched_1024_cpu_repeat01,9,neural_policy,output_average,sample_actions,9.909272193908691e-07
toy4,neural_output_average,tensor_batched,tensor_batched,cpu,1024,10,1,1,0,3,toy4_gpu_core_neural_output_average_tensor_batched_1024_cpu_repeat01,9,neural_policy,output_average,commit_actions,3.6070123314857483e-06
toy4,neural_output_average,tensor_batched,tensor_batched,cpu,1024,10,1,1,0,3,toy4_gpu_core_neural_output_average_tensor_batched_1024_cpu_repeat01,9,neural_policy,output_average,post_step_state_policy,2.5428016670048237e-05
toy4,neural_output_average,tensor_batched,tensor_batched,cpu,1024,10,1,1,0,3,toy4_gpu_core_neural_output_average_tensor_batched_1024_cpu_repeat01,9,neural_policy,output_average,update_payoff_ema,1.8174992874264717e-05
toy4,neural_output_average,tensor_batched,tensor_batched,cpu,1024,10,1,1,0,3,toy4_gpu_core_neural_output_average_tensor_batched_1024_cpu_repeat01,9,neural_policy,output_average,update_reputation_ema,1.368601806461811e-05
toy4,neural_output_average,tensor_batched,tensor_batched,cpu,1024,10,1,1,0,3,toy4_gpu_core_neural_output_average_tensor_batched_1024_cpu_repeat01,9,neural_policy,output_average,mobility_swaps,1.967698335647583e-05
toy4,neural_output_average,tensor_batched,tensor_batched,cpu,1024,10,1,1,0,3,toy4_gpu_core_neural_output_average_tensor_batched_1024_cpu_repeat01,9,neural_policy,output_average,finalize_hook_step,8.606002666056156e-06
toy4,neural_output_average,tensor_batched,tensor_batched,cpu,1024,10,1,1,0,3,toy4_gpu_core_neural_output_average_tensor_batched_1024_cpu_repeat01,9,neural_policy,output_average,hooked_step_total,0.011307603912428021
toy4,neural_output_average,tensor_batched,tensor_batched,cpu,1024,10,1,1,0,3,toy4_gpu_core_neural_output_average_tensor_batched_1024_cpu_repeat01,9,neural_policy,output_average,aggregate_row,0.01708138396497816
toy4,neural_output_average,tensor_batched,tensor_batched,cpu,1024,10,1,1,0,3,toy4_gpu_core_neural_output_average_tensor_batched_1024_cpu_repeat01,9,neural_policy,output_average,write_aggregate,4.244095180183649e-05
toy4,neural_output_average,tensor_batched,tensor_batched,cpu,1024,10,1,1,0,3,toy4_gpu_core_neural_output_average_tensor_batched_1024_cpu_repeat01,10,neural_policy,output_average,sample_revision_mask,9.387033060193062e-06
toy4,neural_output_average,tensor_batched,tensor_batched,cpu,1024,10,1,1,0,3,toy4_gpu_core_neural_output_average_tensor_batched_1024_cpu_repeat01,10,neural_policy,output_average,build_step_context,4.678964614868164e-06
toy4,neural_output_average,tensor_batched,tensor_batched,cpu,1024,10,1,1,0,3,toy4_gpu_core_neural_output_average_tensor_batched_1024_cpu_repeat01,10,neural_policy,output_average,build_observations,0.0001695120008662343
toy4,neural_output_average,tensor_batched,tensor_batched,cpu,1024,10,1,1,0,3,toy4_gpu_core_neural_output_average_tensor_batched_1024_cpu_repeat01,10,neural_policy,output_average,policy_readout,0.000340847996994853
toy4,neural_output_average,tensor_batched,tensor_batched,cpu,1024,10,1,1,0,3,toy4_gpu_core_neural_output_average_tensor_batched_1024_cpu_repeat01,10,neural_policy,output_average,decision_selection,0.0011572390794754028
toy4,neural_output_average,tensor_batched,tensor_batched,cpu,1024,10,1,1,0,3,toy4_gpu_core_neural_output_average_tensor_batched_1024_cpu_repeat01,10,neural_policy,output_average,local_trainable_parameters,0.00020504998974502087
toy4,neural_output_average,tensor_batched,tensor_batched,cpu,1024,10,1,1,0,3,toy4_gpu_core_neural_output_average_tensor_batched_1024_cpu_repeat01,10,neural_policy,output_average,local_loss_forward,0.000635807984508574
toy4,neural_output_average,tensor_batched,tensor_batched,cpu,1024,10,1,1,0,3,toy4_gpu_core_neural_output_average_tensor_batched_1024_cpu_repeat01,10,neural_policy,output_average,local_autograd_grad,0.0012313390616327524
toy4,neural_output_average,tensor_batched,tensor_batched,cpu,1024,10,1,1,0,3,toy4_gpu_core_neural_output_average_tensor_batched_1024_cpu_repeat01,10,neural_policy,output_average,local_adam_update,0.002674842020496726
toy4,neural_output_average,tensor_batched,tensor_batched,cpu,1024,10,1,1,0,3,toy4_gpu_core_neural_output_average_tensor_batched_1024_cpu_repeat01,10,neural_policy,output_average,local_optimizer_update,0.0039749519200995564
toy4,neural_output_average,tensor_batched,tensor_batched,cpu,1024,10,1,1,0,3,toy4_gpu_core_neural_output_average_tensor_batched_1024_cpu_repeat01,10,neural_policy,output_average,local_loss_update,0.004622832988388836
toy4,neural_output_average,tensor_batched,tensor_batched,cpu,1024,10,1,1,0,3,toy4_gpu_core_neural_output_average_tensor_batched_1024_cpu_repeat01,10,neural_policy,output_average,local_training,0.004851257079280913
toy4,neural_output_average,tensor_batched,tensor_batched,cpu,1024,10,1,1,0,3,toy4_gpu_core_neural_output_average_tensor_batched_1024_cpu_repeat01,10,neural_policy,output_average,cache_refresh,2.8150388970971107e-06
toy4,neural_output_average,tensor_batched,tensor_batched,cpu,1024,10,1,1,0,3,toy4_gpu_core_neural_output_average_tensor_batched_1024_cpu_repeat01,10,neural_policy,output_average,post_local_readout,0.00024531595408916473
toy4,neural_output_average,tensor_batched,tensor_batched,cpu,1024,10,1,1,0,3,toy4_gpu_core_neural_output_average_tensor_batched_1024_cpu_repeat01,10,neural_policy,output_average,local_step,0.007119777030311525
toy4,neural_output_average,tensor_batched,tensor_batched,cpu,1024,10,1,1,0,3,toy4_gpu_core_neural_output_average_tensor_batched_1024_cpu_repeat01,10,neural_policy,output_average,select_peers,5.693791899830103e-05
toy4,neural_output_average,tensor_batched,tensor_batched,cpu,1024,10,1,1,0,3,toy4_gpu_core_neural_output_average_tensor_batched_1024_cpu_repeat01,10,neural_policy,output_average,social_mix,0.0003670169971883297
toy4,neural_output_average,tensor_batched,tensor_batched,cpu,1024,10,1,1,0,3,toy4_gpu_core_neural_output_average_tensor_batched_1024_cpu_repeat01,10,neural_policy,output_average,social_loss_forward,0.00029590202029794455
toy4,neural_output_average,tensor_batched,tensor_batched,cpu,1024,10,1,1,0,3,toy4_gpu_core_neural_output_average_tensor_batched_1024_cpu_repeat01,10,neural_policy,output_average,social_autograd_grad,0.0006885980255901814
toy4,neural_output_average,tensor_batched,tensor_batched,cpu,1024,10,1,1,0,3,toy4_gpu_core_neural_output_average_tensor_batched_1024_cpu_repeat01,10,neural_policy,output_average,social_adam_update,0.0015721870586276054
toy4,neural_output_average,tensor_batched,tensor_batched,cpu,1024,10,1,1,0,3,toy4_gpu_core_neural_output_average_tensor_batched_1024_cpu_repeat01,10,neural_policy,output_average,social_optimizer_update,0.002607614966109395
toy4,neural_output_average,tensor_batched,tensor_batched,cpu,1024,10,1,1,0,3,toy4_gpu_core_neural_output_average_tensor_batched_1024_cpu_repeat01,10,neural_policy,output_average,social_distillation,0.0038781280163675547
toy4,neural_output_average,tensor_batched,tensor_batched,cpu,1024,10,1,1,0,3,toy4_gpu_core_neural_output_average_tensor_batched_1024_cpu_repeat01,10,neural_policy,output_average,social_step,0.0038890389259904623
toy4,neural_output_average,tensor_batched,tensor_batched,cpu,1024,10,1,1,0,3,toy4_gpu_core_neural_output_average_tensor_batched_1024_cpu_repeat01,10,neural_policy,output_average,sample_actions,9.019859135150909e-07
toy4,neural_output_average,tensor_batched,tensor_batched,cpu,1024,10,1,1,0,3,toy4_gpu_core_neural_output_average_tensor_batched_1024_cpu_repeat01,10,neural_policy,output_average,commit_actions,4.329020157456398e-06
toy4,neural_output_average,tensor_batched,tensor_batched,cpu,1024,10,1,1,0,3,toy4_gpu_core_neural_output_average_tensor_batched_1024_cpu_repeat01,10,neural_policy,output_average,post_step_state_policy,2.3424974642693996e-05
toy4,neural_output_average,tensor_batched,tensor_batched,cpu,1024,10,1,1,0,3,toy4_gpu_core_neural_output_average_tensor_batched_1024_cpu_repeat01,10,neural_policy,output_average,update_payoff_ema,1.860596239566803e-05
toy4,neural_output_average,tensor_batched,tensor_batched,cpu,1024,10,1,1,0,3,toy4_gpu_core_neural_output_average_tensor_batched_1024_cpu_repeat01,10,neural_policy,output_average,update_reputation_ema,1.3215001672506332e-05
toy4,neural_output_average,tensor_batched,tensor_batched,cpu,1024,10,1,1,0,3,toy4_gpu_core_neural_output_average_tensor_batched_1024_cpu_repeat01,10,neural_policy,output_average,mobility_swaps,1.7042038962244987e-05
toy4,neural_output_average,tensor_batched,tensor_batched,cpu,1024,10,1,1,0,3,toy4_gpu_core_neural_output_average_tensor_batched_1024_cpu_repeat01,10,neural_policy,output_average,finalize_hook_step,9.107054211199284e-06
toy4,neural_output_average,tensor_batched,tensor_batched,cpu,1024,10,1,1,0,3,toy4_gpu_core_neural_output_average_tensor_batched_1024_cpu_repeat01,10,neural_policy,output_average,hooked_step_total,0.011642951052635908
toy4,neural_output_average,tensor_batched,tensor_batched,cpu,1024,10,1,1,0,3,toy4_gpu_core_neural_output_average_tensor_batched_1024_cpu_repeat01,10,neural_policy,output_average,aggregate_row,0.02608012210112065
toy4,neural_output_average,tensor_batched,tensor_batched,cpu,1024,10,1,1,0,3,toy4_gpu_core_neural_output_average_tensor_batched_1024_cpu_repeat01,10,neural_policy,output_average,write_aggregate,7.570302113890648e-05
toy4,neural_output_average,tensor_batched,tensor_batched,cpu,1024,10,1,2,0,3,toy4_gpu_core_neural_output_average_tensor_batched_1024_cpu_repeat02,0,neural_policy,output_average,make_run_dir,0.00021590001415461302
toy4,neural_output_average,tensor_batched,tensor_batched,cpu,1024,10,1,2,0,3,toy4_gpu_core_neural_output_average_tensor_batched_1024_cpu_repeat02,0,neural_policy,output_average,write_metadata,0.0021769660525023937
toy4,neural_output_average,tensor_batched,tensor_batched,cpu,1024,10,1,2,0,3,toy4_gpu_core_neural_output_average_tensor_batched_1024_cpu_repeat02,0,neural_policy,output_average,initial_state,0.5413142980542034
toy4,neural_output_average,tensor_batched,tensor_batched,cpu,1024,10,1,2,0,3,toy4_gpu_core_neural_output_average_tensor_batched_1024_cpu_repeat02,0,neural_policy,output_average,writer_setup,0.0008622079622000456
toy4,neural_output_average,tensor_batched,tensor_batched,cpu,1024,10,1,2,0,3,toy4_gpu_core_neural_output_average_tensor_batched_1024_cpu_repeat02,0,neural_policy,output_average,initial_step_result,0.0052113920683041215
toy4,neural_output_average,tensor_batched,tensor_batched,cpu,1024,10,1,2,0,3,toy4_gpu_core_neural_output_average_tensor_batched_1024_cpu_repeat02,0,neural_policy,output_average,initial_aggregate_row,0.02602643007412553
toy4,neural_output_average,tensor_batched,tensor_batched,cpu,1024,10,1,2,0,3,toy4_gpu_core_neural_output_average_tensor_batched_1024_cpu_repeat02,0,neural_policy,output_average,write_initial_aggregate,6.237905472517014e-05
toy4,neural_output_average,tensor_batched,tensor_batched,cpu,1024,10,1,2,0,3,toy4_gpu_core_neural_output_average_tensor_batched_1024_cpu_repeat02,1,neural_policy,output_average,sample_revision_mask,1.9737984985113144e-05
toy4,neural_output_average,tensor_batched,tensor_batched,cpu,1024,10,1,2,0,3,toy4_gpu_core_neural_output_average_tensor_batched_1024_cpu_repeat02,1,neural_policy,output_average,build_step_context,9.597977623343468e-06
toy4,neural_output_average,tensor_batched,tensor_batched,cpu,1024,10,1,2,0,3,toy4_gpu_core_neural_output_average_tensor_batched_1024_cpu_repeat02,1,neural_policy,output_average,build_observations,0.0003820960409939289
toy4,neural_output_average,tensor_batched,tensor_batched,cpu,1024,10,1,2,0,3,toy4_gpu_core_neural_output_average_tensor_batched_1024_cpu_repeat02,1,neural_policy,output_average,policy_readout,0.0009978360030800104
toy4,neural_output_average,tensor_batched,tensor_batched,cpu,1024,10,1,2,0,3,toy4_gpu_core_neural_output_average_tensor_batched_1024_cpu_repeat02,1,neural_policy,output_average,decision_selection,0.0012182750506326556
toy4,neural_output_average,tensor_batched,tensor_batched,cpu,1024,10,1,2,0,3,toy4_gpu_core_neural_output_average_tensor_batched_1024_cpu_repeat02,1,neural_policy,output_average,local_trainable_parameters,0.0005067819729447365
toy4,neural_output_average,tensor_batched,tensor_batched,cpu,1024,10,1,2,0,3,toy4_gpu_core_neural_output_average_tensor_batched_1024_cpu_repeat02,1,neural_policy,output_average,local_loss_forward,0.0008463480044156313
toy4,neural_output_average,tensor_batched,tensor_batched,cpu,1024,10,1,2,0,3,toy4_gpu_core_neural_output_average_tensor_batched_1024_cpu_repeat02,1,neural_policy,output_average,local_autograd_grad,0.001384529983624816
toy4,neural_output_average,tensor_batched,tensor_batched,cpu,1024,10,1,2,0,3,toy4_gpu_core_neural_output_average_tensor_batched_1024_cpu_repeat02,1,neural_policy,output_average,local_adam_update,0.004446979030035436
toy4,neural_output_average,tensor_batched,tensor_batched,cpu,1024,10,1,2,0,3,toy4_gpu_core_neural_output_average_tensor_batched_1024_cpu_repeat02,1,neural_policy,output_average,local_optimizer_update,0.005956166074611247
toy4,neural_output_average,tensor_batched,tensor_batched,cpu,1024,10,1,2,0,3,toy4_gpu_core_neural_output_average_tensor_batched_1024_cpu_repeat02,1,neural_policy,output_average,local_loss_update,0.00681775389239192
toy4,neural_output_average,tensor_batched,tensor_batched,cpu,1024,10,1,2,0,3,toy4_gpu_core_neural_output_average_tensor_batched_1024_cpu_repeat02,1,neural_policy,output_average,local_training,0.007361216004937887
toy4,neural_output_average,tensor_batched,tensor_batched,cpu,1024,10,1,2,0,3,toy4_gpu_core_neural_output_average_tensor_batched_1024_cpu_repeat02,1,neural_policy,output_average,cache_refresh,3.386056050658226e-06
toy4,neural_output_average,tensor_batched,tensor_batched,cpu,1024,10,1,2,0,3,toy4_gpu_core_neural_output_average_tensor_batched_1024_cpu_repeat02,1,neural_policy,output_average,post_local_readout,0.00026958296075463295
toy4,neural_output_average,tensor_batched,tensor_batched,cpu,1024,10,1,2,0,3,toy4_gpu_core_neural_output_average_tensor_batched_1024_cpu_repeat02,1,neural_policy,output_average,local_step,0.01071938592940569
toy4,neural_output_average,tensor_batched,tensor_batched,cpu,1024,10,1,2,0,3,toy4_gpu_core_neural_output_average_tensor_batched_1024_cpu_repeat02,1,neural_policy,output_average,select_peers,0.00013550801668316126
toy4,neural_output_average,tensor_batched,tensor_batched,cpu,1024,10,1,2,0,3,toy4_gpu_core_neural_output_average_tensor_batched_1024_cpu_repeat02,1,neural_policy,output_average,social_mix,0.0004834079882130027
toy4,neural_output_average,tensor_batched,tensor_batched,cpu,1024,10,1,2,0,3,toy4_gpu_core_neural_output_average_tensor_batched_1024_cpu_repeat02,1,neural_policy,output_average,social_loss_forward,0.0005281540798023343
toy4,neural_output_average,tensor_batched,tensor_batched,cpu,1024,10,1,2,0,3,toy4_gpu_core_neural_output_average_tensor_batched_1024_cpu_repeat02,1,neural_policy,output_average,social_autograd_grad,0.000794610008597374
toy4,neural_output_average,tensor_batched,tensor_batched,cpu,1024,10,1,2,0,3,toy4_gpu_core_neural_output_average_tensor_batched_1024_cpu_repeat02,1,neural_policy,output_average,social_adam_update,0.0020536320516839623
toy4,neural_output_average,tensor_batched,tensor_batched,cpu,1024,10,1,2,0,3,toy4_gpu_core_neural_output_average_tensor_batched_1024_cpu_repeat02,1,neural_policy,output_average,social_optimizer_update,0.003227231907658279
toy4,neural_output_average,tensor_batched,tensor_batched,cpu,1024,10,1,2,0,3,toy4_gpu_core_neural_output_average_tensor_batched_1024_cpu_repeat02,1,neural_policy,output_average,social_distillation,0.004987076041288674
toy4,neural_output_average,tensor_batched,tensor_batched,cpu,1024,10,1,2,0,3,toy4_gpu_core_neural_output_average_tensor_batched_1024_cpu_repeat02,1,neural_policy,output_average,social_step,0.005004959064535797
toy4,neural_output_average,tensor_batched,tensor_batched,cpu,1024,10,1,2,0,3,toy4_gpu_core_neural_output_average_tensor_batched_1024_cpu_repeat02,1,neural_policy,output_average,sample_actions,2.084067091345787e-06
toy4,neural_output_average,tensor_batched,tensor_batched,cpu,1024,10,1,2,0,3,toy4_gpu_core_neural_output_average_tensor_batched_1024_cpu_repeat02,1,neural_policy,output_average,commit_actions,3.958004526793957e-06
toy4,neural_output_average,tensor_batched,tensor_batched,cpu,1024,10,1,2,0,3,toy4_gpu_core_neural_output_average_tensor_batched_1024_cpu_repeat02,1,neural_policy,output_average,post_step_state_policy,3.4074997529387474e-05
toy4,neural_output_average,tensor_batched,tensor_batched,cpu,1024,10,1,2,0,3,toy4_gpu_core_neural_output_average_tensor_batched_1024_cpu_repeat02,1,neural_policy,output_average,update_payoff_ema,3.4776050597429276e-05
toy4,neural_output_average,tensor_batched,tensor_batched,cpu,1024,10,1,2,0,3,toy4_gpu_core_neural_output_average_tensor_batched_1024_cpu_repeat02,1,neural_policy,output_average,update_reputation_ema,2.2643012925982475e-05
toy4,neural_output_average,tensor_batched,tensor_batched,cpu,1024,10,1,2,0,3,toy4_gpu_core_neural_output_average_tensor_batched_1024_cpu_repeat02,1,neural_policy,output_average,mobility_swaps,3.271293826401234e-05
toy4,neural_output_average,tensor_batched,tensor_batched,cpu,1024,10,1,2,0,3,toy4_gpu_core_neural_output_average_tensor_batched_1024_cpu_repeat02,1,neural_policy,output_average,finalize_hook_step,9.186915121972561e-06
toy4,neural_output_average,tensor_batched,tensor_batched,cpu,1024,10,1,2,0,3,toy4_gpu_core_neural_output_average_tensor_batched_1024_cpu_repeat02,1,neural_policy,output_average,hooked_step_total,0.01677295903209597
toy4,neural_output_average,tensor_batched,tensor_batched,cpu,1024,10,1,2,0,3,toy4_gpu_core_neural_output_average_tensor_batched_1024_cpu_repeat02,1,neural_policy,output_average,aggregate_row,0.026162919006310403
toy4,neural_output_average,tensor_batched,tensor_batched,cpu,1024,10,1,2,0,3,toy4_gpu_core_neural_output_average_tensor_batched_1024_cpu_repeat02,1,neural_policy,output_average,write_aggregate,6.991205736994743e-05
toy4,neural_output_average,tensor_batched,tensor_batched,cpu,1024,10,1,2,0,3,toy4_gpu_core_neural_output_average_tensor_batched_1024_cpu_repeat02,2,neural_policy,output_average,sample_revision_mask,2.002797555178404e-05
toy4,neural_output_average,tensor_batched,tensor_batched,cpu,1024,10,1,2,0,3,toy4_gpu_core_neural_output_average_tensor_batched_1024_cpu_repeat02,2,neural_policy,output_average,build_step_context,6.192014552652836e-06
toy4,neural_output_average,tensor_batched,tensor_batched,cpu,1024,10,1,2,0,3,toy4_gpu_core_neural_output_average_tensor_batched_1024_cpu_repeat02,2,neural_policy,output_average,build_observations,0.0003048590151593089
toy4,neural_output_average,tensor_batched,tensor_batched,cpu,1024,10,1,2,0,3,toy4_gpu_core_neural_output_average_tensor_batched_1024_cpu_repeat02,2,neural_policy,output_average,policy_readout,0.0006520689930766821
toy4,neural_output_average,tensor_batched,tensor_batched,cpu,1024,10,1,2,0,3,toy4_gpu_core_neural_output_average_tensor_batched_1024_cpu_repeat02,2,neural_policy,output_average,decision_selection,0.0008649328956380486
toy4,neural_output_average,tensor_batched,tensor_batched,cpu,1024,10,1,2,0,3,toy4_gpu_core_neural_output_average_tensor_batched_1024_cpu_repeat02,2,neural_policy,output_average,local_trainable_parameters,0.00025126792024821043
toy4,neural_output_average,tensor_batched,tensor_batched,cpu,1024,10,1,2,0,3,toy4_gpu_core_neural_output_average_tensor_batched_1024_cpu_repeat02,2,neural_policy,output_average,local_loss_forward,0.0005475099897012115
toy4,neural_output_average,tensor_batched,tensor_batched,cpu,1024,10,1,2,0,3,toy4_gpu_core_neural_output_average_tensor_batched_1024_cpu_repeat02,2,neural_policy,output_average,local_autograd_grad,0.00099003198556602
toy4,neural_output_average,tensor_batched,tensor_batched,cpu,1024,10,1,2,0,3,toy4_gpu_core_neural_output_average_tensor_batched_1024_cpu_repeat02,2,neural_policy,output_average,local_adam_update,0.002160864998586476
toy4,neural_output_average,tensor_batched,tensor_batched,cpu,1024,10,1,2,0,3,toy4_gpu_core_neural_output_average_tensor_batched_1024_cpu_repeat02,2,neural_policy,output_average,local_optimizer_update,0.003225798951461911
toy4,neural_output_average,tensor_batched,tensor_batched,cpu,1024,10,1,2,0,3,toy4_gpu_core_neural_output_average_tensor_batched_1024_cpu_repeat02,2,neural_policy,output_average,local_loss_update,0.0037854319671168923
toy4,neural_output_average,tensor_batched,tensor_batched,cpu,1024,10,1,2,0,3,toy4_gpu_core_neural_output_average_tensor_batched_1024_cpu_repeat02,2,neural_policy,output_average,local_training,0.004076284938491881
toy4,neural_output_average,tensor_batched,tensor_batched,cpu,1024,10,1,2,0,3,toy4_gpu_core_neural_output_average_tensor_batched_1024_cpu_repeat02,2,neural_policy,output_average,cache_refresh,1.9640428945422173e-06
toy4,neural_output_average,tensor_batched,tensor_batched,cpu,1024,10,1,2,0,3,toy4_gpu_core_neural_output_average_tensor_batched_1024_cpu_repeat02,2,neural_policy,output_average,post_local_readout,0.00021856592502444983
toy4,neural_output_average,tensor_batched,tensor_batched,cpu,1024,10,1,2,0,3,toy4_gpu_core_neural_output_average_tensor_batched_1024_cpu_repeat02,2,neural_policy,output_average,local_step,0.006464553065598011
toy4,neural_output_average,tensor_batched,tensor_batched,cpu,1024,10,1,2,0,3,toy4_gpu_core_neural_output_average_tensor_batched_1024_cpu_repeat02,2,neural_policy,output_average,select_peers,5.4543022997677326e-05
toy4,neural_output_average,tensor_batched,tensor_batched,cpu,1024,10,1,2,0,3,toy4_gpu_core_neural_output_average_tensor_batched_1024_cpu_repeat02,2,neural_policy,output_average,social_mix,0.00032009801361709833
toy4,neural_output_average,tensor_batched,tensor_batched,cpu,1024,10,1,2,0,3,toy4_gpu_core_neural_output_average_tensor_batched_1024_cpu_repeat02,2,neural_policy,output_average,social_loss_forward,0.0002533419756218791
toy4,neural_output_average,tensor_batched,tensor_batched,cpu,1024,10,1,2,0,3,toy4_gpu_core_neural_output_average_tensor_batched_1024_cpu_repeat02,2,neural_policy,output_average,social_autograd_grad,0.0007239049300551414
toy4,neural_output_average,tensor_batched,tensor_batched,cpu,1024,10,1,2,0,3,toy4_gpu_core_neural_output_average_tensor_batched_1024_cpu_repeat02,2,neural_policy,output_average,social_adam_update,0.0010541330557316542
toy4,neural_output_average,tensor_batched,tensor_batched,cpu,1024,10,1,2,0,3,toy4_gpu_core_neural_output_average_tensor_batched_1024_cpu_repeat02,2,neural_policy,output_average,social_optimizer_update,0.0020409279968589544
toy4,neural_output_average,tensor_batched,tensor_batched,cpu,1024,10,1,2,0,3,toy4_gpu_core_neural_output_average_tensor_batched_1024_cpu_repeat02,2,neural_policy,output_average,social_distillation,0.003106491989456117
toy4,neural_output_average,tensor_batched,tensor_batched,cpu,1024,10,1,2,0,3,toy4_gpu_core_neural_output_average_tensor_batched_1024_cpu_repeat02,2,neural_policy,output_average,social_step,0.003116562031209469
toy4,neural_output_average,tensor_batched,tensor_batched,cpu,1024,10,1,2,0,3,toy4_gpu_core_neural_output_average_tensor_batched_1024_cpu_repeat02,2,neural_policy,output_average,sample_actions,8.019851520657539e-07
toy4,neural_output_average,tensor_batched,tensor_batched,cpu,1024,10,1,2,0,3,toy4_gpu_core_neural_output_average_tensor_batched_1024_cpu_repeat02,2,neural_policy,output_average,commit_actions,5.249981768429279e-06
toy4,neural_output_average,tensor_batched,tensor_batched,cpu,1024,10,1,2,0,3,toy4_gpu_core_neural_output_average_tensor_batched_1024_cpu_repeat02,2,neural_policy,output_average,post_step_state_policy,2.158095594495535e-05
toy4,neural_output_average,tensor_batched,tensor_batched,cpu,1024,10,1,2,0,3,toy4_gpu_core_neural_output_average_tensor_batched_1024_cpu_repeat02,2,neural_policy,output_average,update_payoff_ema,1.536891795694828e-05
toy4,neural_output_average,tensor_batched,tensor_batched,cpu,1024,10,1,2,0,3,toy4_gpu_core_neural_output_average_tensor_batched_1024_cpu_repeat02,2,neural_policy,output_average,update_reputation_ema,1.1160969734191895e-05
toy4,neural_output_average,tensor_batched,tensor_batched,cpu,1024,10,1,2,0,3,toy4_gpu_core_neural_output_average_tensor_batched_1024_cpu_repeat02,2,neural_policy,output_average,mobility_swaps,1.8203980289399624e-05
toy4,neural_output_average,tensor_batched,tensor_batched,cpu,1024,10,1,2,0,3,toy4_gpu_core_neural_output_average_tensor_batched_1024_cpu_repeat02,2,neural_policy,output_average,finalize_hook_step,7.404014468193054e-06
toy4,neural_output_average,tensor_batched,tensor_batched,cpu,1024,10,1,2,0,3,toy4_gpu_core_neural_output_average_tensor_batched_1024_cpu_repeat02,2,neural_policy,output_average,hooked_step_total,0.010237530921585858
toy4,neural_output_average,tensor_batched,tensor_batched,cpu,1024,10,1,2,0,3,toy4_gpu_core_neural_output_average_tensor_batched_1024_cpu_repeat02,2,neural_policy,output_average,aggregate_row,0.019814808038063347
toy4,neural_output_average,tensor_batched,tensor_batched,cpu,1024,10,1,2,0,3,toy4_gpu_core_neural_output_average_tensor_batched_1024_cpu_repeat02,2,neural_policy,output_average,write_aggregate,7.759802974760532e-05
toy4,neural_output_average,tensor_batched,tensor_batched,cpu,1024,10,1,2,0,3,toy4_gpu_core_neural_output_average_tensor_batched_1024_cpu_repeat02,3,neural_policy,output_average,sample_revision_mask,4.7860899940133095e-05
toy4,neural_output_average,tensor_batched,tensor_batched,cpu,1024,10,1,2,0,3,toy4_gpu_core_neural_output_average_tensor_batched_1024_cpu_repeat02,3,neural_policy,output_average,build_step_context,1.0119052603840828e-05
toy4,neural_output_average,tensor_batched,tensor_batched,cpu,1024,10,1,2,0,3,toy4_gpu_core_neural_output_average_tensor_batched_1024_cpu_repeat02,3,neural_policy,output_average,build_observations,0.00048310798592865467
toy4,neural_output_average,tensor_batched,tensor_batched,cpu,1024,10,1,2,0,3,toy4_gpu_core_neural_output_average_tensor_batched_1024_cpu_repeat02,3,neural_policy,output_average,policy_readout,0.0013466690434142947
toy4,neural_output_average,tensor_batched,tensor_batched,cpu,1024,10,1,2,0,3,toy4_gpu_core_neural_output_average_tensor_batched_1024_cpu_repeat02,3,neural_policy,output_average,decision_selection,0.0012266309931874275
toy4,neural_output_average,tensor_batched,tensor_batched,cpu,1024,10,1,2,0,3,toy4_gpu_core_neural_output_average_tensor_batched_1024_cpu_repeat02,3,neural_policy,output_average,local_trainable_parameters,0.00020080199465155602
toy4,neural_output_average,tensor_batched,tensor_batched,cpu,1024,10,1,2,0,3,toy4_gpu_core_neural_output_average_tensor_batched_1024_cpu_repeat02,3,neural_policy,output_average,local_loss_forward,0.0008843200048431754
toy4,neural_output_average,tensor_batched,tensor_batched,cpu,1024,10,1,2,0,3,toy4_gpu_core_neural_output_average_tensor_batched_1024_cpu_repeat02,3,neural_policy,output_average,local_autograd_grad,0.0014839600771665573
toy4,neural_output_average,tensor_batched,tensor_batched,cpu,1024,10,1,2,0,3,toy4_gpu_core_neural_output_average_tensor_batched_1024_cpu_repeat02,3,neural_policy,output_average,local_adam_update,0.0034304879372939467
toy4,neural_output_average,tensor_batched,tensor_batched,cpu,1024,10,1,2,0,3,toy4_gpu_core_neural_output_average_tensor_batched_1024_cpu_repeat02,3,neural_policy,output_average,local_optimizer_update,0.005021932069212198
toy4,neural_output_average,tensor_batched,tensor_batched,cpu,1024,10,1,2,0,3,toy4_gpu_core_neural_output_average_tensor_batched_1024_cpu_repeat02,3,neural_policy,output_average,local_loss_update,0.0059229639591649175
toy4,neural_output_average,tensor_batched,tensor_batched,cpu,1024,10,1,2,0,3,toy4_gpu_core_neural_output_average_tensor_batched_1024_cpu_repeat02,3,neural_policy,output_average,local_training,0.006148522021248937
toy4,neural_output_average,tensor_batched,tensor_batched,cpu,1024,10,1,2,0,3,toy4_gpu_core_neural_output_average_tensor_batched_1024_cpu_repeat02,3,neural_policy,output_average,cache_refresh,1.9640428945422173e-06
toy4,neural_output_average,tensor_batched,tensor_batched,cpu,1024,10,1,2,0,3,toy4_gpu_core_neural_output_average_tensor_batched_1024_cpu_repeat02,3,neural_policy,output_average,post_local_readout,0.00021042907610535622
toy4,neural_output_average,tensor_batched,tensor_batched,cpu,1024,10,1,2,0,3,toy4_gpu_core_neural_output_average_tensor_batched_1024_cpu_repeat02,3,neural_policy,output_average,local_step,0.00991335604339838
toy4,neural_output_average,tensor_batched,tensor_batched,cpu,1024,10,1,2,0,3,toy4_gpu_core_neural_output_average_tensor_batched_1024_cpu_repeat02,3,neural_policy,output_average,select_peers,6.367103196680546e-05
toy4,neural_output_average,tensor_batched,tensor_batched,cpu,1024,10,1,2,0,3,toy4_gpu_core_neural_output_average_tensor_batched_1024_cpu_repeat02,3,neural_policy,output_average,social_mix,0.0004377709701657295
toy4,neural_output_average,tensor_batched,tensor_batched,cpu,1024,10,1,2,0,3,toy4_gpu_core_neural_output_average_tensor_batched_1024_cpu_repeat02,3,neural_policy,output_average,social_loss_forward,0.00037814804818481207
toy4,neural_output_average,tensor_batched,tensor_batched,cpu,1024,10,1,2,0,3,toy4_gpu_core_neural_output_average_tensor_batched_1024_cpu_repeat02,3,neural_policy,output_average,social_autograd_grad,0.0008096590172499418
toy4,neural_output_average,tensor_batched,tensor_batched,cpu,1024,10,1,2,0,3,toy4_gpu_core_neural_output_average_tensor_batched_1024_cpu_repeat02,3,neural_policy,output_average,social_adam_update,0.0013678389368578792
toy4,neural_output_average,tensor_batched,tensor_batched,cpu,1024,10,1,2,0,3,toy4_gpu_core_neural_output_average_tensor_batched_1024_cpu_repeat02,3,neural_policy,output_average,social_optimizer_update,0.002595692058093846
toy4,neural_output_average,tensor_batched,tensor_batched,cpu,1024,10,1,2,0,3,toy4_gpu_core_neural_output_average_tensor_batched_1024_cpu_repeat02,3,neural_policy,output_average,social_distillation,0.004028675029985607
toy4,neural_output_average,tensor_batched,tensor_batched,cpu,1024,10,1,2,0,3,toy4_gpu_core_neural_output_average_tensor_batched_1024_cpu_repeat02,3,neural_policy,output_average,social_step,0.004039685009047389
toy4,neural_output_average,tensor_batched,tensor_batched,cpu,1024,10,1,2,0,3,toy4_gpu_core_neural_output_average_tensor_batched_1024_cpu_repeat02,3,neural_policy,output_average,sample_actions,1.3419194146990776e-06
toy4,neural_output_average,tensor_batched,tensor_batched,cpu,1024,10,1,2,0,3,toy4_gpu_core_neural_output_average_tensor_batched_1024_cpu_repeat02,3,neural_policy,output_average,commit_actions,4.268018528819084e-06
toy4,neural_output_average,tensor_batched,tensor_batched,cpu,1024,10,1,2,0,3,toy4_gpu_core_neural_output_average_tensor_batched_1024_cpu_repeat02,3,neural_policy,output_average,post_step_state_policy,4.213000647723675e-05
toy4,neural_output_average,tensor_batched,tensor_batched,cpu,1024,10,1,2,0,3,toy4_gpu_core_neural_output_average_tensor_batched_1024_cpu_repeat02,3,neural_policy,output_average,update_payoff_ema,2.167094498872757e-05
toy4,neural_output_average,tensor_batched,tensor_batched,cpu,1024,10,1,2,0,3,toy4_gpu_core_neural_output_average_tensor_batched_1024_cpu_repeat02,3,neural_policy,output_average,update_reputation_ema,2.5989022105932236e-05
toy4,neural_output_average,tensor_batched,tensor_batched,cpu,1024,10,1,2,0,3,toy4_gpu_core_neural_output_average_tensor_batched_1024_cpu_repeat02,3,neural_policy,output_average,mobility_swaps,2.8925016522407532e-05
toy4,neural_output_average,tensor_batched,tensor_batched,cpu,1024,10,1,2,0,3,toy4_gpu_core_neural_output_average_tensor_batched_1024_cpu_repeat02,3,neural_policy,output_average,finalize_hook_step,1.2984033674001694e-05
toy4,neural_output_average,tensor_batched,tensor_batched,cpu,1024,10,1,2,0,3,toy4_gpu_core_neural_output_average_tensor_batched_1024_cpu_repeat02,3,neural_policy,output_average,hooked_step_total,0.014851417974568903
toy4,neural_output_average,tensor_batched,tensor_batched,cpu,1024,10,1,2,0,3,toy4_gpu_core_neural_output_average_tensor_batched_1024_cpu_repeat02,3,neural_policy,output_average,aggregate_row,0.031284220051020384
toy4,neural_output_average,tensor_batched,tensor_batched,cpu,1024,10,1,2,0,3,toy4_gpu_core_neural_output_average_tensor_batched_1024_cpu_repeat02,3,neural_policy,output_average,write_aggregate,0.00011088000610470772
toy4,neural_output_average,tensor_batched,tensor_batched,cpu,1024,10,1,2,0,3,toy4_gpu_core_neural_output_average_tensor_batched_1024_cpu_repeat02,4,neural_policy,output_average,sample_revision_mask,3.805197775363922e-05
toy4,neural_output_average,tensor_batched,tensor_batched,cpu,1024,10,1,2,0,3,toy4_gpu_core_neural_output_average_tensor_batched_1024_cpu_repeat02,4,neural_policy,output_average,build_step_context,1.2464006431400776e-05
toy4,neural_output_average,tensor_batched,tensor_batched,cpu,1024,10,1,2,0,3,toy4_gpu_core_neural_output_average_tensor_batched_1024_cpu_repeat02,4,neural_policy,output_average,build_observations,0.0011472790502011776
toy4,neural_output_average,tensor_batched,tensor_batched,cpu,1024,10,1,2,0,3,toy4_gpu_core_neural_output_average_tensor_batched_1024_cpu_repeat02,4,neural_policy,output_average,policy_readout,0.000980573007836938
toy4,neural_output_average,tensor_batched,tensor_batched,cpu,1024,10,1,2,0,3,toy4_gpu_core_neural_output_average_tensor_batched_1024_cpu_repeat02,4,neural_policy,output_average,decision_selection,0.001222343067638576
toy4,neural_output_average,tensor_batched,tensor_batched,cpu,1024,10,1,2,0,3,toy4_gpu_core_neural_output_average_tensor_batched_1024_cpu_repeat02,4,neural_policy,output_average,local_trainable_parameters,0.00021347601432353258
toy4,neural_output_average,tensor_batched,tensor_batched,cpu,1024,10,1,2,0,3,toy4_gpu_core_neural_output_average_tensor_batched_1024_cpu_repeat02,4,neural_policy,output_average,local_loss_forward,0.0005328620318323374
toy4,neural_output_average,tensor_batched,tensor_batched,cpu,1024,10,1,2,0,3,toy4_gpu_core_neural_output_average_tensor_batched_1024_cpu_repeat02,4,neural_policy,output_average,local_autograd_grad,0.0016446240479126573
toy4,neural_output_average,tensor_batched,tensor_batched,cpu,1024,10,1,2,0,3,toy4_gpu_core_neural_output_average_tensor_batched_1024_cpu_repeat02,4,neural_policy,output_average,local_adam_update,0.00491147197317332
toy4,neural_output_average,tensor_batched,tensor_batched,cpu,1024,10,1,2,0,3,toy4_gpu_core_neural_output_average_tensor_batched_1024_cpu_repeat02,4,neural_policy,output_average,local_optimizer_update,0.006624346016906202
toy4,neural_output_average,tensor_batched,tensor_batched,cpu,1024,10,1,2,0,3,toy4_gpu_core_neural_output_average_tensor_batched_1024_cpu_repeat02,4,neural_policy,output_average,local_loss_update,0.007171376026235521
toy4,neural_output_average,tensor_batched,tensor_batched,cpu,1024,10,1,2,0,3,toy4_gpu_core_neural_output_average_tensor_batched_1024_cpu_repeat02,4,neural_policy,output_average,local_training,0.00741102104075253
toy4,neural_output_average,tensor_batched,tensor_batched,cpu,1024,10,1,2,0,3,toy4_gpu_core_neural_output_average_tensor_batched_1024_cpu_repeat02,4,neural_policy,output_average,cache_refresh,2.495013177394867e-06
toy4,neural_output_average,tensor_batched,tensor_batched,cpu,1024,10,1,2,0,3,toy4_gpu_core_neural_output_average_tensor_batched_1024_cpu_repeat02,4,neural_policy,output_average,post_local_readout,0.00030113302636891603
toy4,neural_output_average,tensor_batched,tensor_batched,cpu,1024,10,1,2,0,3,toy4_gpu_core_neural_output_average_tensor_batched_1024_cpu_repeat02,4,neural_policy,output_average,local_step,0.011491482960991561
toy4,neural_output_average,tensor_batched,tensor_batched,cpu,1024,10,1,2,0,3,toy4_gpu_core_neural_output_average_tensor_batched_1024_cpu_repeat02,4,neural_policy,output_average,select_peers,5.83709916099906e-05
toy4,neural_output_average,tensor_batched,tensor_batched,cpu,1024,10,1,2,0,3,toy4_gpu_core_neural_output_average_tensor_batched_1024_cpu_repeat02,4,neural_policy,output_average,social_mix,0.0003506159409880638
toy4,neural_output_average,tensor_batched,tensor_batched,cpu,1024,10,1,2,0,3,toy4_gpu_core_neural_output_average_tensor_batched_1024_cpu_repeat02,4,neural_policy,output_average,social_loss_forward,0.00032705103512853384
toy4,neural_output_average,tensor_batched,tensor_batched,cpu,1024,10,1,2,0,3,toy4_gpu_core_neural_output_average_tensor_batched_1024_cpu_repeat02,4,neural_policy,output_average,social_autograd_grad,0.0006831780774518847
toy4,neural_output_average,tensor_batched,tensor_batched,cpu,1024,10,1,2,0,3,toy4_gpu_core_neural_output_average_tensor_batched_1024_cpu_repeat02,4,neural_policy,output_average,social_adam_update,0.0013746620388701558
toy4,neural_output_average,tensor_batched,tensor_batched,cpu,1024,10,1,2,0,3,toy4_gpu_core_neural_output_average_tensor_batched_1024_cpu_repeat02,4,neural_policy,output_average,social_optimizer_update,0.0023987269960343838
toy4,neural_output_average,tensor_batched,tensor_batched,cpu,1024,10,1,2,0,3,toy4_gpu_core_neural_output_average_tensor_batched_1024_cpu_repeat02,4,neural_policy,output_average,social_distillation,0.003578359028324485
toy4,neural_output_average,tensor_batched,tensor_batched,cpu,1024,10,1,2,0,3,toy4_gpu_core_neural_output_average_tensor_batched_1024_cpu_repeat02,4,neural_policy,output_average,social_step,0.0035906119737774134
toy4,neural_output_average,tensor_batched,tensor_batched,cpu,1024,10,1,2,0,3,toy4_gpu_core_neural_output_average_tensor_batched_1024_cpu_repeat02,4,neural_policy,output_average,sample_actions,9.218929335474968e-07
toy4,neural_output_average,tensor_batched,tensor_batched,cpu,1024,10,1,2,0,3,toy4_gpu_core_neural_output_average_tensor_batched_1024_cpu_repeat02,4,neural_policy,output_average,commit_actions,3.787921741604805e-06
toy4,neural_output_average,tensor_batched,tensor_batched,cpu,1024,10,1,2,0,3,toy4_gpu_core_neural_output_average_tensor_batched_1024_cpu_repeat02,4,neural_policy,output_average,post_step_state_policy,2.8925016522407532e-05
toy4,neural_output_average,tensor_batched,tensor_batched,cpu,1024,10,1,2,0,3,toy4_gpu_core_neural_output_average_tensor_batched_1024_cpu_repeat02,4,neural_policy,output_average,update_payoff_ema,2.1531013771891594e-05
toy4,neural_output_average,tensor_batched,tensor_batched,cpu,1024,10,1,2,0,3,toy4_gpu_core_neural_output_average_tensor_batched_1024_cpu_repeat02,4,neural_policy,output_average,update_reputation_ema,1.3254932127892971e-05
toy4,neural_output_average,tensor_batched,tensor_batched,cpu,1024,10,1,2,0,3,toy4_gpu_core_neural_output_average_tensor_batched_1024_cpu_repeat02,4,neural_policy,output_average,mobility_swaps,1.931691076606512e-05
toy4,neural_output_average,tensor_batched,tensor_batched,cpu,1024,10,1,2,0,3,toy4_gpu_core_neural_output_average_tensor_batched_1024_cpu_repeat02,4,neural_policy,output_average,finalize_hook_step,9.847921319305897e-06
toy4,neural_output_average,tensor_batched,tensor_batched,cpu,1024,10,1,2,0,3,toy4_gpu_core_neural_output_average_tensor_batched_1024_cpu_repeat02,4,neural_policy,output_average,hooked_step_total,0.01583683001808822
toy4,neural_output_average,tensor_batched,tensor_batched,cpu,1024,10,1,2,0,3,toy4_gpu_core_neural_output_average_tensor_batched_1024_cpu_repeat02,4,neural_policy,output_average,aggregate_row,0.025287394993938506
toy4,neural_output_average,tensor_batched,tensor_batched,cpu,1024,10,1,2,0,3,toy4_gpu_core_neural_output_average_tensor_batched_1024_cpu_repeat02,4,neural_policy,output_average,write_aggregate,9.810691699385643e-05
toy4,neural_output_average,tensor_batched,tensor_batched,cpu,1024,10,1,2,0,3,toy4_gpu_core_neural_output_average_tensor_batched_1024_cpu_repeat02,5,neural_policy,output_average,sample_revision_mask,2.0158011466264725e-05
toy4,neural_output_average,tensor_batched,tensor_batched,cpu,1024,10,1,2,0,3,toy4_gpu_core_neural_output_average_tensor_batched_1024_cpu_repeat02,5,neural_policy,output_average,build_step_context,9.52801201492548e-06
toy4,neural_output_average,tensor_batched,tensor_batched,cpu,1024,10,1,2,0,3,toy4_gpu_core_neural_output_average_tensor_batched_1024_cpu_repeat02,5,neural_policy,output_average,build_observations,0.0005055299261584878
toy4,neural_output_average,tensor_batched,tensor_batched,cpu,1024,10,1,2,0,3,toy4_gpu_core_neural_output_average_tensor_batched_1024_cpu_repeat02,5,neural_policy,output_average,policy_readout,0.001010840991511941
toy4,neural_output_average,tensor_batched,tensor_batched,cpu,1024,10,1,2,0,3,toy4_gpu_core_neural_output_average_tensor_batched_1024_cpu_repeat02,5,neural_policy,output_average,decision_selection,0.0012257180642336607
toy4,neural_output_average,tensor_batched,tensor_batched,cpu,1024,10,1,2,0,3,toy4_gpu_core_neural_output_average_tensor_batched_1024_cpu_repeat02,5,neural_policy,output_average,local_trainable_parameters,0.0002583910245448351
toy4,neural_output_average,tensor_batched,tensor_batched,cpu,1024,10,1,2,0,3,toy4_gpu_core_neural_output_average_tensor_batched_1024_cpu_repeat02,5,neural_policy,output_average,local_loss_forward,0.0005474500358104706
toy4,neural_output_average,tensor_batched,tensor_batched,cpu,1024,10,1,2,0,3,toy4_gpu_core_neural_output_average_tensor_batched_1024_cpu_repeat02,5,neural_policy,output_average,local_autograd_grad,0.001016290974803269
toy4,neural_output_average,tensor_batched,tensor_batched,cpu,1024,10,1,2,0,3,toy4_gpu_core_neural_output_average_tensor_batched_1024_cpu_repeat02,5,neural_policy,output_average,local_adam_update,0.003873861045576632
toy4,neural_output_average,tensor_batched,tensor_batched,cpu,1024,10,1,2,0,3,toy4_gpu_core_neural_output_average_tensor_batched_1024_cpu_repeat02,5,neural_policy,output_average,local_optimizer_update,0.004956317017786205
toy4,neural_output_average,tensor_batched,tensor_batched,cpu,1024,10,1,2,0,3,toy4_gpu_core_neural_output_average_tensor_batched_1024_cpu_repeat02,5,neural_policy,output_average,local_loss_update,0.005517582991160452
toy4,neural_output_average,tensor_batched,tensor_batched,cpu,1024,10,1,2,0,3,toy4_gpu_core_neural_output_average_tensor_batched_1024_cpu_repeat02,5,neural_policy,output_average,local_training,0.005804938962683082
toy4,neural_output_average,tensor_batched,tensor_batched,cpu,1024,10,1,2,0,3,toy4_gpu_core_neural_output_average_tensor_batched_1024_cpu_repeat02,5,neural_policy,output_average,cache_refresh,3.958004526793957e-06
toy4,neural_output_average,tensor_batched,tensor_batched,cpu,1024,10,1,2,0,3,toy4_gpu_core_neural_output_average_tensor_batched_1024_cpu_repeat02,5,neural_policy,output_average,post_local_readout,0.00021564005874097347
toy4,neural_output_average,tensor_batched,tensor_batched,cpu,1024,10,1,2,0,3,toy4_gpu_core_neural_output_average_tensor_batched_1024_cpu_repeat02,5,neural_policy,output_average,local_step,0.009136459091678262
toy4,neural_output_average,tensor_batched,tensor_batched,cpu,1024,10,1,2,0,3,toy4_gpu_core_neural_output_average_tensor_batched_1024_cpu_repeat02,5,neural_policy,output_average,select_peers,5.80900814384222e-05
toy4,neural_output_average,tensor_batched,tensor_batched,cpu,1024,10,1,2,0,3,toy4_gpu_core_neural_output_average_tensor_batched_1024_cpu_repeat02,5,neural_policy,output_average,social_mix,0.0003757739905267954
toy4,neural_output_average,tensor_batched,tensor_batched,cpu,1024,10,1,2,0,3,toy4_gpu_core_neural_output_average_tensor_batched_1024_cpu_repeat02,5,neural_policy,output_average,social_loss_forward,0.00029443902894854546
toy4,neural_output_average,tensor_batched,tensor_batched,cpu,1024,10,1,2,0,3,toy4_gpu_core_neural_output_average_tensor_batched_1024_cpu_repeat02,5,neural_policy,output_average,social_autograd_grad,0.0006501959869638085
toy4,neural_output_average,tensor_batched,tensor_batched,cpu,1024,10,1,2,0,3,toy4_gpu_core_neural_output_average_tensor_batched_1024_cpu_repeat02,5,neural_policy,output_average,social_adam_update,0.0012408980401232839
toy4,neural_output_average,tensor_batched,tensor_batched,cpu,1024,10,1,2,0,3,toy4_gpu_core_neural_output_average_tensor_batched_1024_cpu_repeat02,5,neural_policy,output_average,social_optimizer_update,0.002227682969532907
toy4,neural_output_average,tensor_batched,tensor_batched,cpu,1024,10,1,2,0,3,toy4_gpu_core_neural_output_average_tensor_batched_1024_cpu_repeat02,5,neural_policy,output_average,social_distillation,0.0033398959785699844
toy4,neural_output_average,tensor_batched,tensor_batched,cpu,1024,10,1,2,0,3,toy4_gpu_core_neural_output_average_tensor_batched_1024_cpu_repeat02,5,neural_policy,output_average,social_step,0.003352308995090425
toy4,neural_output_average,tensor_batched,tensor_batched,cpu,1024,10,1,2,0,3,toy4_gpu_core_neural_output_average_tensor_batched_1024_cpu_repeat02,5,neural_policy,output_average,sample_actions,9.720679372549057e-07
toy4,neural_output_average,tensor_batched,tensor_batched,cpu,1024,10,1,2,0,3,toy4_gpu_core_neural_output_average_tensor_batched_1024_cpu_repeat02,5,neural_policy,output_average,commit_actions,6.092013791203499e-06
toy4,neural_output_average,tensor_batched,tensor_batched,cpu,1024,10,1,2,0,3,toy4_gpu_core_neural_output_average_tensor_batched_1024_cpu_repeat02,5,neural_policy,output_average,post_step_state_policy,3.2522017136216164e-05
toy4,neural_output_average,tensor_batched,tensor_batched,cpu,1024,10,1,2,0,3,toy4_gpu_core_neural_output_average_tensor_batched_1024_cpu_repeat02,5,neural_policy,output_average,update_payoff_ema,2.0940089598298073e-05
toy4,neural_output_average,tensor_batched,tensor_batched,cpu,1024,10,1,2,0,3,toy4_gpu_core_neural_output_average_tensor_batched_1024_cpu_repeat02,5,neural_policy,output_average,update_reputation_ema,1.995800994336605e-05
toy4,neural_output_average,tensor_batched,tensor_batched,cpu,1024,10,1,2,0,3,toy4_gpu_core_neural_output_average_tensor_batched_1024_cpu_repeat02,5,neural_policy,output_average,mobility_swaps,3.42449638992548e-05
toy4,neural_output_average,tensor_batched,tensor_batched,cpu,1024,10,1,2,0,3,toy4_gpu_core_neural_output_average_tensor_batched_1024_cpu_repeat02,5,neural_policy,output_average,finalize_hook_step,1.0089017450809479e-05
toy4,neural_output_average,tensor_batched,tensor_batched,cpu,1024,10,1,2,0,3,toy4_gpu_core_neural_output_average_tensor_batched_1024_cpu_repeat02,5,neural_policy,output_average,hooked_step_total,0.013363310019485652
toy4,neural_output_average,tensor_batched,tensor_batched,cpu,1024,10,1,2,0,3,toy4_gpu_core_neural_output_average_tensor_batched_1024_cpu_repeat02,5,neural_policy,output_average,aggregate_row,0.02743527595885098
toy4,neural_output_average,tensor_batched,tensor_batched,cpu,1024,10,1,2,0,3,toy4_gpu_core_neural_output_average_tensor_batched_1024_cpu_repeat02,5,neural_policy,output_average,write_aggregate,7.630500476807356e-05
toy4,neural_output_average,tensor_batched,tensor_batched,cpu,1024,10,1,2,0,3,toy4_gpu_core_neural_output_average_tensor_batched_1024_cpu_repeat02,6,neural_policy,output_average,sample_revision_mask,2.7623027563095093e-05
toy4,neural_output_average,tensor_batched,tensor_batched,cpu,1024,10,1,2,0,3,toy4_gpu_core_neural_output_average_tensor_batched_1024_cpu_repeat02,6,neural_policy,output_average,build_step_context,8.37608240544796e-06
toy4,neural_output_average,tensor_batched,tensor_batched,cpu,1024,10,1,2,0,3,toy4_gpu_core_neural_output_average_tensor_batched_1024_cpu_repeat02,6,neural_policy,output_average,build_observations,0.00046134693548083305
toy4,neural_output_average,tensor_batched,tensor_batched,cpu,1024,10,1,2,0,3,toy4_gpu_core_neural_output_average_tensor_batched_1024_cpu_repeat02,6,neural_policy,output_average,policy_readout,0.0012809840263798833
toy4,neural_output_average,tensor_batched,tensor_batched,cpu,1024,10,1,2,0,3,toy4_gpu_core_neural_output_average_tensor_batched_1024_cpu_repeat02,6,neural_policy,output_average,decision_selection,0.0009335840586572886
toy4,neural_output_average,tensor_batched,tensor_batched,cpu,1024,10,1,2,0,3,toy4_gpu_core_neural_output_average_tensor_batched_1024_cpu_repeat02,6,neural_policy,output_average,local_trainable_parameters,0.00036779907532036304
toy4,neural_output_average,tensor_batched,tensor_batched,cpu,1024,10,1,2,0,3,toy4_gpu_core_neural_output_average_tensor_batched_1024_cpu_repeat02,6,neural_policy,output_average,local_loss_forward,0.0012807040475308895
toy4,neural_output_average,tensor_batched,tensor_batched,cpu,1024,10,1,2,0,3,toy4_gpu_core_neural_output_average_tensor_batched_1024_cpu_repeat02,6,neural_policy,output_average,local_autograd_grad,0.0013631000183522701
toy4,neural_output_average,tensor_batched,tensor_batched,cpu,1024,10,1,2,0,3,toy4_gpu_core_neural_output_average_tensor_batched_1024_cpu_repeat02,6,neural_policy,output_average,local_adam_update,0.006676004035398364
toy4,neural_output_average,tensor_batched,tensor_batched,cpu,1024,10,1,2,0,3,toy4_gpu_core_neural_output_average_tensor_batched_1024_cpu_repeat02,6,neural_policy,output_average,local_optimizer_update,0.008176284958608449
toy4,neural_output_average,tensor_batched,tensor_batched,cpu,1024,10,1,2,0,3,toy4_gpu_core_neural_output_average_tensor_batched_1024_cpu_repeat02,6,neural_policy,output_average,local_loss_update,0.009473950951360166
toy4,neural_output_average,tensor_batched,tensor_batched,cpu,1024,10,1,2,0,3,toy4_gpu_core_neural_output_average_tensor_batched_1024_cpu_repeat02,6,neural_policy,output_average,local_training,0.009879309916868806
toy4,neural_output_average,tensor_batched,tensor_batched,cpu,1024,10,1,2,0,3,toy4_gpu_core_neural_output_average_tensor_batched_1024_cpu_repeat02,6,neural_policy,output_average,cache_refresh,4.698988050222397e-06
toy4,neural_output_average,tensor_batched,tensor_batched,cpu,1024,10,1,2,0,3,toy4_gpu_core_neural_output_average_tensor_batched_1024_cpu_repeat02,6,neural_policy,output_average,post_local_readout,0.00043094903230667114
toy4,neural_output_average,tensor_batched,tensor_batched,cpu,1024,10,1,2,0,3,toy4_gpu_core_neural_output_average_tensor_batched_1024_cpu_repeat02,6,neural_policy,output_average,local_step,0.013489689910784364
toy4,neural_output_average,tensor_batched,tensor_batched,cpu,1024,10,1,2,0,3,toy4_gpu_core_neural_output_average_tensor_batched_1024_cpu_repeat02,6,neural_policy,output_average,select_peers,5.871197208762169e-05
toy4,neural_output_average,tensor_batched,tensor_batched,cpu,1024,10,1,2,0,3,toy4_gpu_core_neural_output_average_tensor_batched_1024_cpu_repeat02,6,neural_policy,output_average,social_mix,0.0004164209822192788
toy4,neural_output_average,tensor_batched,tensor_batched,cpu,1024,10,1,2,0,3,toy4_gpu_core_neural_output_average_tensor_batched_1024_cpu_repeat02,6,neural_policy,output_average,social_loss_forward,0.00030040997080504894
toy4,neural_output_average,tensor_batched,tensor_batched,cpu,1024,10,1,2,0,3,toy4_gpu_core_neural_output_average_tensor_batched_1024_cpu_repeat02,6,neural_policy,output_average,social_autograd_grad,0.0006375110242515802
toy4,neural_output_average,tensor_batched,tensor_batched,cpu,1024,10,1,2,0,3,toy4_gpu_core_neural_output_average_tensor_batched_1024_cpu_repeat02,6,neural_policy,output_average,social_adam_update,0.0011999999405816197
toy4,neural_output_average,tensor_batched,tensor_batched,cpu,1024,10,1,2,0,3,toy4_gpu_core_neural_output_average_tensor_batched_1024_cpu_repeat02,6,neural_policy,output_average,social_optimizer_update,0.0020936779910698533
toy4,neural_output_average,tensor_batched,tensor_batched,cpu,1024,10,1,2,0,3,toy4_gpu_core_neural_output_average_tensor_batched_1024_cpu_repeat02,6,neural_policy,output_average,social_distillation,0.0033145680790767074
toy4,neural_output_average,tensor_batched,tensor_batched,cpu,1024,10,1,2,0,3,toy4_gpu_core_neural_output_average_tensor_batched_1024_cpu_repeat02,6,neural_policy,output_average,social_step,0.003325778990983963
toy4,neural_output_average,tensor_batched,tensor_batched,cpu,1024,10,1,2,0,3,toy4_gpu_core_neural_output_average_tensor_batched_1024_cpu_repeat02,6,neural_policy,output_average,sample_actions,1.2119999155402184e-06
toy4,neural_output_average,tensor_batched,tensor_batched,cpu,1024,10,1,2,0,3,toy4_gpu_core_neural_output_average_tensor_batched_1024_cpu_repeat02,6,neural_policy,output_average,commit_actions,6.612041033804417e-06
toy4,neural_output_average,tensor_batched,tensor_batched,cpu,1024,10,1,2,0,3,toy4_gpu_core_neural_output_average_tensor_batched_1024_cpu_repeat02,6,neural_policy,output_average,post_step_state_policy,6.435299292206764e-05
toy4,neural_output_average,tensor_batched,tensor_batched,cpu,1024,10,1,2,0,3,toy4_gpu_core_neural_output_average_tensor_batched_1024_cpu_repeat02,6,neural_policy,output_average,update_payoff_ema,2.3864908143877983e-05
toy4,neural_output_average,tensor_batched,tensor_batched,cpu,1024,10,1,2,0,3,toy4_gpu_core_neural_output_average_tensor_batched_1024_cpu_repeat02,6,neural_policy,output_average,update_reputation_ema,1.5259021893143654e-05
toy4,neural_output_average,tensor_batched,tensor_batched,cpu,1024,10,1,2,0,3,toy4_gpu_core_neural_output_average_tensor_batched_1024_cpu_repeat02,6,neural_policy,output_average,mobility_swaps,2.358399797230959e-05
toy4,neural_output_average,tensor_batched,tensor_batched,cpu,1024,10,1,2,0,3,toy4_gpu_core_neural_output_average_tensor_batched_1024_cpu_repeat02,6,neural_policy,output_average,finalize_hook_step,1.0368996299803257e-05
toy4,neural_output_average,tensor_batched,tensor_batched,cpu,1024,10,1,2,0,3,toy4_gpu_core_neural_output_average_tensor_batched_1024_cpu_repeat02,6,neural_policy,output_average,hooked_step_total,0.01774257095530629
toy4,neural_output_average,tensor_batched,tensor_batched,cpu,1024,10,1,2,0,3,toy4_gpu_core_neural_output_average_tensor_batched_1024_cpu_repeat02,6,neural_policy,output_average,aggregate_row,0.02040942700114101
toy4,neural_output_average,tensor_batched,tensor_batched,cpu,1024,10,1,2,0,3,toy4_gpu_core_neural_output_average_tensor_batched_1024_cpu_repeat02,6,neural_policy,output_average,write_aggregate,6.0175079852342606e-05
toy4,neural_output_average,tensor_batched,tensor_batched,cpu,1024,10,1,2,0,3,toy4_gpu_core_neural_output_average_tensor_batched_1024_cpu_repeat02,7,neural_policy,output_average,sample_revision_mask,1.7123064026236534e-05
toy4,neural_output_average,tensor_batched,tensor_batched,cpu,1024,10,1,2,0,3,toy4_gpu_core_neural_output_average_tensor_batched_1024_cpu_repeat02,7,neural_policy,output_average,build_step_context,7.495051249861717e-06
toy4,neural_output_average,tensor_batched,tensor_batched,cpu,1024,10,1,2,0,3,toy4_gpu_core_neural_output_average_tensor_batched_1024_cpu_repeat02,7,neural_policy,output_average,build_observations,0.00026292004622519016
toy4,neural_output_average,tensor_batched,tensor_batched,cpu,1024,10,1,2,0,3,toy4_gpu_core_neural_output_average_tensor_batched_1024_cpu_repeat02,7,neural_policy,output_average,policy_readout,0.0004756039706990123
toy4,neural_output_average,tensor_batched,tensor_batched,cpu,1024,10,1,2,0,3,toy4_gpu_core_neural_output_average_tensor_batched_1024_cpu_repeat02,7,neural_policy,output_average,decision_selection,0.0008092880016192794
toy4,neural_output_average,tensor_batched,tensor_batched,cpu,1024,10,1,2,0,3,toy4_gpu_core_neural_output_average_tensor_batched_1024_cpu_repeat02,7,neural_policy,output_average,local_trainable_parameters,0.00016901094932109118
toy4,neural_output_average,tensor_batched,tensor_batched,cpu,1024,10,1,2,0,3,toy4_gpu_core_neural_output_average_tensor_batched_1024_cpu_repeat02,7,neural_policy,output_average,local_loss_forward,0.00047389999963343143
toy4,neural_output_average,tensor_batched,tensor_batched,cpu,1024,10,1,2,0,3,toy4_gpu_core_neural_output_average_tensor_batched_1024_cpu_repeat02,7,neural_policy,output_average,local_autograd_grad,0.0009116920409724116
toy4,neural_output_average,tensor_batched,tensor_batched,cpu,1024,10,1,2,0,3,toy4_gpu_core_neural_output_average_tensor_batched_1024_cpu_repeat02,7,neural_policy,output_average,local_adam_update,0.001993727986700833
toy4,neural_output_average,tensor_batched,tensor_batched,cpu,1024,10,1,2,0,3,toy4_gpu_core_neural_output_average_tensor_batched_1024_cpu_repeat02,7,neural_policy,output_average,local_optimizer_update,0.0029680189909413457
toy4,neural_output_average,tensor_batched,tensor_batched,cpu,1024,10,1,2,0,3,toy4_gpu_core_neural_output_average_tensor_batched_1024_cpu_repeat02,7,neural_policy,output_average,local_loss_update,0.0034535520244389772
toy4,neural_output_average,tensor_batched,tensor_batched,cpu,1024,10,1,2,0,3,toy4_gpu_core_neural_output_average_tensor_batched_1024_cpu_repeat02,7,neural_policy,output_average,local_training,0.0036404170095920563
toy4,neural_output_average,tensor_batched,tensor_batched,cpu,1024,10,1,2,0,3,toy4_gpu_core_neural_output_average_tensor_batched_1024_cpu_repeat02,7,neural_policy,output_average,cache_refresh,1.983949914574623e-06
toy4,neural_output_average,tensor_batched,tensor_batched,cpu,1024,10,1,2,0,3,toy4_gpu_core_neural_output_average_tensor_batched_1024_cpu_repeat02,7,neural_policy,output_average,post_local_readout,0.00019438902381807566
toy4,neural_output_average,tensor_batched,tensor_batched,cpu,1024,10,1,2,0,3,toy4_gpu_core_neural_output_average_tensor_batched_1024_cpu_repeat02,7,neural_policy,output_average,local_step,0.005670404061675072
toy4,neural_output_average,tensor_batched,tensor_batched,cpu,1024,10,1,2,0,3,toy4_gpu_core_neural_output_average_tensor_batched_1024_cpu_repeat02,7,neural_policy,output_average,select_peers,4.5616994611918926e-05
toy4,neural_output_average,tensor_batched,tensor_batched,cpu,1024,10,1,2,0,3,toy4_gpu_core_neural_output_average_tensor_batched_1024_cpu_repeat02,7,neural_policy,output_average,social_mix,0.0003021740121766925
toy4,neural_output_average,tensor_batched,tensor_batched,cpu,1024,10,1,2,0,3,toy4_gpu_core_neural_output_average_tensor_batched_1024_cpu_repeat02,7,neural_policy,output_average,social_loss_forward,0.00022305408492684364
toy4,neural_output_average,tensor_batched,tensor_batched,cpu,1024,10,1,2,0,3,toy4_gpu_core_neural_output_average_tensor_batched_1024_cpu_repeat02,7,neural_policy,output_average,social_autograd_grad,0.0006570379482582211
toy4,neural_output_average,tensor_batched,tensor_batched,cpu,1024,10,1,2,0,3,toy4_gpu_core_neural_output_average_tensor_batched_1024_cpu_repeat02,7,neural_policy,output_average,social_adam_update,0.000959241995587945
toy4,neural_output_average,tensor_batched,tensor_batched,cpu,1024,10,1,2,0,3,toy4_gpu_core_neural_output_average_tensor_batched_1024_cpu_repeat02,7,neural_policy,output_average,social_optimizer_update,0.0018598129972815514
toy4,neural_output_average,tensor_batched,tensor_batched,cpu,1024,10,1,2,0,3,toy4_gpu_core_neural_output_average_tensor_batched_1024_cpu_repeat02,7,neural_policy,output_average,social_distillation,0.0027269809506833553
toy4,neural_output_average,tensor_batched,tensor_batched,cpu,1024,10,1,2,0,3,toy4_gpu_core_neural_output_average_tensor_batched_1024_cpu_repeat02,7,neural_policy,output_average,social_step,0.002736700000241399
toy4,neural_output_average,tensor_batched,tensor_batched,cpu,1024,10,1,2,0,3,toy4_gpu_core_neural_output_average_tensor_batched_1024_cpu_repeat02,7,neural_policy,output_average,sample_actions,1.0119983926415443e-06
toy4,neural_output_average,tensor_batched,tensor_batched,cpu,1024,10,1,2,0,3,toy4_gpu_core_neural_output_average_tensor_batched_1024_cpu_repeat02,7,neural_policy,output_average,commit_actions,3.697001375257969e-06
toy4,neural_output_average,tensor_batched,tensor_batched,cpu,1024,10,1,2,0,3,toy4_gpu_core_neural_output_average_tensor_batched_1024_cpu_repeat02,7,neural_policy,output_average,post_step_state_policy,2.004799898713827e-05
toy4,neural_output_average,tensor_batched,tensor_batched,cpu,1024,10,1,2,0,3,toy4_gpu_core_neural_output_average_tensor_batched_1024_cpu_repeat02,7,neural_policy,output_average,update_payoff_ema,1.3795914128422737e-05
toy4,neural_output_average,tensor_batched,tensor_batched,cpu,1024,10,1,2,0,3,toy4_gpu_core_neural_output_average_tensor_batched_1024_cpu_repeat02,7,neural_policy,output_average,update_reputation_ema,1.079007051885128e-05
toy4,neural_output_average,tensor_batched,tensor_batched,cpu,1024,10,1,2,0,3,toy4_gpu_core_neural_output_average_tensor_batched_1024_cpu_repeat02,7,neural_policy,output_average,mobility_swaps,1.46480742841959e-05
toy4,neural_output_average,tensor_batched,tensor_batched,cpu,1024,10,1,2,0,3,toy4_gpu_core_neural_output_average_tensor_batched_1024_cpu_repeat02,7,neural_policy,output_average,finalize_hook_step,8.325907401740551e-06
toy4,neural_output_average,tensor_batched,tensor_batched,cpu,1024,10,1,2,0,3,toy4_gpu_core_neural_output_average_tensor_batched_1024_cpu_repeat02,7,neural_policy,output_average,hooked_step_total,0.00898128398694098
toy4,neural_output_average,tensor_batched,tensor_batched,cpu,1024,10,1,2,0,3,toy4_gpu_core_neural_output_average_tensor_batched_1024_cpu_repeat02,7,neural_policy,output_average,aggregate_row,0.020959603018127382
toy4,neural_output_average,tensor_batched,tensor_batched,cpu,1024,10,1,2,0,3,toy4_gpu_core_neural_output_average_tensor_batched_1024_cpu_repeat02,7,neural_policy,output_average,write_aggregate,6.668700370937586e-05
toy4,neural_output_average,tensor_batched,tensor_batched,cpu,1024,10,1,2,0,3,toy4_gpu_core_neural_output_average_tensor_batched_1024_cpu_repeat02,8,neural_policy,output_average,sample_revision_mask,1.9807019270956516e-05
toy4,neural_output_average,tensor_batched,tensor_batched,cpu,1024,10,1,2,0,3,toy4_gpu_core_neural_output_average_tensor_batched_1024_cpu_repeat02,8,neural_policy,output_average,build_step_context,9.397976100444794e-06
toy4,neural_output_average,tensor_batched,tensor_batched,cpu,1024,10,1,2,0,3,toy4_gpu_core_neural_output_average_tensor_batched_1024_cpu_repeat02,8,neural_policy,output_average,build_observations,0.0002940190024673939
toy4,neural_output_average,tensor_batched,tensor_batched,cpu,1024,10,1,2,0,3,toy4_gpu_core_neural_output_average_tensor_batched_1024_cpu_repeat02,8,neural_policy,output_average,policy_readout,0.0007136659696698189
toy4,neural_output_average,tensor_batched,tensor_batched,cpu,1024,10,1,2,0,3,toy4_gpu_core_neural_output_average_tensor_batched_1024_cpu_repeat02,8,neural_policy,output_average,decision_selection,0.0008944089058786631
toy4,neural_output_average,tensor_batched,tensor_batched,cpu,1024,10,1,2,0,3,toy4_gpu_core_neural_output_average_tensor_batched_1024_cpu_repeat02,8,neural_policy,output_average,local_trainable_parameters,0.0002559360582381487
toy4,neural_output_average,tensor_batched,tensor_batched,cpu,1024,10,1,2,0,3,toy4_gpu_core_neural_output_average_tensor_batched_1024_cpu_repeat02,8,neural_policy,output_average,local_loss_forward,0.0009321310790255666
toy4,neural_output_average,tensor_batched,tensor_batched,cpu,1024,10,1,2,0,3,toy4_gpu_core_neural_output_average_tensor_batched_1024_cpu_repeat02,8,neural_policy,output_average,local_autograd_grad,0.0011323310900479555
toy4,neural_output_average,tensor_batched,tensor_batched,cpu,1024,10,1,2,0,3,toy4_gpu_core_neural_output_average_tensor_batched_1024_cpu_repeat02,8,neural_policy,output_average,local_adam_update,0.00232928607147187
toy4,neural_output_average,tensor_batched,tensor_batched,cpu,1024,10,1,2,0,3,toy4_gpu_core_neural_output_average_tensor_batched_1024_cpu_repeat02,8,neural_policy,output_average,local_optimizer_update,0.0035368900280445814
toy4,neural_output_average,tensor_batched,tensor_batched,cpu,1024,10,1,2,0,3,toy4_gpu_core_neural_output_average_tensor_batched_1024_cpu_repeat02,8,neural_policy,output_average,local_loss_update,0.004486283985897899
toy4,neural_output_average,tensor_batched,tensor_batched,cpu,1024,10,1,2,0,3,toy4_gpu_core_neural_output_average_tensor_batched_1024_cpu_repeat02,8,neural_policy,output_average,local_training,0.004766365978866816
toy4,neural_output_average,tensor_batched,tensor_batched,cpu,1024,10,1,2,0,3,toy4_gpu_core_neural_output_average_tensor_batched_1024_cpu_repeat02,8,neural_policy,output_average,cache_refresh,1.642969436943531e-06
toy4,neural_output_average,tensor_batched,tensor_batched,cpu,1024,10,1,2,0,3,toy4_gpu_core_neural_output_average_tensor_batched_1024_cpu_repeat02,8,neural_policy,output_average,post_local_readout,0.00023646000772714615
toy4,neural_output_average,tensor_batched,tensor_batched,cpu,1024,10,1,2,0,3,toy4_gpu_core_neural_output_average_tensor_batched_1024_cpu_repeat02,8,neural_policy,output_average,local_step,0.007236319012008607
toy4,neural_output_average,tensor_batched,tensor_batched,cpu,1024,10,1,2,0,3,toy4_gpu_core_neural_output_average_tensor_batched_1024_cpu_repeat02,8,neural_policy,output_average,select_peers,5.503499414771795e-05
toy4,neural_output_average,tensor_batched,tensor_batched,cpu,1024,10,1,2,0,3,toy4_gpu_core_neural_output_average_tensor_batched_1024_cpu_repeat02,8,neural_policy,output_average,social_mix,0.00031960802152752876
toy4,neural_output_average,tensor_batched,tensor_batched,cpu,1024,10,1,2,0,3,toy4_gpu_core_neural_output_average_tensor_batched_1024_cpu_repeat02,8,neural_policy,output_average,social_loss_forward,0.0002493439242243767
toy4,neural_output_average,tensor_batched,tensor_batched,cpu,1024,10,1,2,0,3,toy4_gpu_core_neural_output_average_tensor_batched_1024_cpu_repeat02,8,neural_policy,output_average,social_autograd_grad,0.0006011920049786568
toy4,neural_output_average,tensor_batched,tensor_batched,cpu,1024,10,1,2,0,3,toy4_gpu_core_neural_output_average_tensor_batched_1024_cpu_repeat02,8,neural_policy,output_average,social_adam_update,0.0013960320502519608
toy4,neural_output_average,tensor_batched,tensor_batched,cpu,1024,10,1,2,0,3,toy4_gpu_core_neural_output_average_tensor_batched_1024_cpu_repeat02,8,neural_policy,output_average,social_optimizer_update,0.0023031359305605292
toy4,neural_output_average,tensor_batched,tensor_batched,cpu,1024,10,1,2,0,3,toy4_gpu_core_neural_output_average_tensor_batched_1024_cpu_repeat02,8,neural_policy,output_average,social_distillation,0.0033930869540199637
toy4,neural_output_average,tensor_batched,tensor_batched,cpu,1024,10,1,2,0,3,toy4_gpu_core_neural_output_average_tensor_batched_1024_cpu_repeat02,8,neural_policy,output_average,social_step,0.0034057199954986572
toy4,neural_output_average,tensor_batched,tensor_batched,cpu,1024,10,1,2,0,3,toy4_gpu_core_neural_output_average_tensor_batched_1024_cpu_repeat02,8,neural_policy,output_average,sample_actions,8.51927325129509e-07
toy4,neural_output_average,tensor_batched,tensor_batched,cpu,1024,10,1,2,0,3,toy4_gpu_core_neural_output_average_tensor_batched_1024_cpu_repeat02,8,neural_policy,output_average,commit_actions,3.1259842216968536e-06
toy4,neural_output_average,tensor_batched,tensor_batched,cpu,1024,10,1,2,0,3,toy4_gpu_core_neural_output_average_tensor_batched_1024_cpu_repeat02,8,neural_policy,output_average,post_step_state_policy,3.6659068427979946e-05
toy4,neural_output_average,tensor_batched,tensor_batched,cpu,1024,10,1,2,0,3,toy4_gpu_core_neural_output_average_tensor_batched_1024_cpu_repeat02,8,neural_policy,output_average,update_payoff_ema,2.498808316886425e-05
toy4,neural_output_average,tensor_batched,tensor_batched,cpu,1024,10,1,2,0,3,toy4_gpu_core_neural_output_average_tensor_batched_1024_cpu_repeat02,8,neural_policy,output_average,update_reputation_ema,1.5289057046175003e-05
toy4,neural_output_average,tensor_batched,tensor_batched,cpu,1024,10,1,2,0,3,toy4_gpu_core_neural_output_average_tensor_batched_1024_cpu_repeat02,8,neural_policy,output_average,mobility_swaps,2.4206005036830902e-05
toy4,neural_output_average,tensor_batched,tensor_batched,cpu,1024,10,1,2,0,3,toy4_gpu_core_neural_output_average_tensor_batched_1024_cpu_repeat02,8,neural_policy,output_average,finalize_hook_step,1.0258983820676804e-05
toy4,neural_output_average,tensor_batched,tensor_batched,cpu,1024,10,1,2,0,3,toy4_gpu_core_neural_output_average_tensor_batched_1024_cpu_repeat02,8,neural_policy,output_average,hooked_step_total,0.011377947987057269
toy4,neural_output_average,tensor_batched,tensor_batched,cpu,1024,10,1,2,0,3,toy4_gpu_core_neural_output_average_tensor_batched_1024_cpu_repeat02,8,neural_policy,output_average,aggregate_row,0.031232270994223654
toy4,neural_output_average,tensor_batched,tensor_batched,cpu,1024,10,1,2,0,3,toy4_gpu_core_neural_output_average_tensor_batched_1024_cpu_repeat02,8,neural_policy,output_average,write_aggregate,7.982098031789064e-05
toy4,neural_output_average,tensor_batched,tensor_batched,cpu,1024,10,1,2,0,3,toy4_gpu_core_neural_output_average_tensor_batched_1024_cpu_repeat02,9,neural_policy,output_average,sample_revision_mask,2.3023923859000206e-05
toy4,neural_output_average,tensor_batched,tensor_batched,cpu,1024,10,1,2,0,3,toy4_gpu_core_neural_output_average_tensor_batched_1024_cpu_repeat02,9,neural_policy,output_average,build_step_context,7.814029231667519e-06
toy4,neural_output_average,tensor_batched,tensor_batched,cpu,1024,10,1,2,0,3,toy4_gpu_core_neural_output_average_tensor_batched_1024_cpu_repeat02,9,neural_policy,output_average,build_observations,0.00038092397153377533
toy4,neural_output_average,tensor_batched,tensor_batched,cpu,1024,10,1,2,0,3,toy4_gpu_core_neural_output_average_tensor_batched_1024_cpu_repeat02,9,neural_policy,output_average,policy_readout,0.0009622890502214432
toy4,neural_output_average,tensor_batched,tensor_batched,cpu,1024,10,1,2,0,3,toy4_gpu_core_neural_output_average_tensor_batched_1024_cpu_repeat02,9,neural_policy,output_average,decision_selection,0.0009312290931120515
toy4,neural_output_average,tensor_batched,tensor_batched,cpu,1024,10,1,2,0,3,toy4_gpu_core_neural_output_average_tensor_batched_1024_cpu_repeat02,9,neural_policy,output_average,local_trainable_parameters,0.00020061107352375984
toy4,neural_output_average,tensor_batched,tensor_batched,cpu,1024,10,1,2,0,3,toy4_gpu_core_neural_output_average_tensor_batched_1024_cpu_repeat02,9,neural_policy,output_average,local_loss_forward,0.0006449760403484106
toy4,neural_output_average,tensor_batched,tensor_batched,cpu,1024,10,1,2,0,3,toy4_gpu_core_neural_output_average_tensor_batched_1024_cpu_repeat02,9,neural_policy,output_average,local_autograd_grad,0.001085472060367465
toy4,neural_output_average,tensor_batched,tensor_batched,cpu,1024,10,1,2,0,3,toy4_gpu_core_neural_output_average_tensor_batched_1024_cpu_repeat02,9,neural_policy,output_average,local_adam_update,0.002061125938780606
toy4,neural_output_average,tensor_batched,tensor_batched,cpu,1024,10,1,2,0,3,toy4_gpu_core_neural_output_average_tensor_batched_1024_cpu_repeat02,9,neural_policy,output_average,local_optimizer_update,0.0032181849237531424
toy4,neural_output_average,tensor_batched,tensor_batched,cpu,1024,10,1,2,0,3,toy4_gpu_core_neural_output_average_tensor_batched_1024_cpu_repeat02,9,neural_policy,output_average,local_loss_update,0.0038740210002288222
toy4,neural_output_average,tensor_batched,tensor_batched,cpu,1024,10,1,2,0,3,toy4_gpu_core_neural_output_average_tensor_batched_1024_cpu_repeat02,9,neural_policy,output_average,local_training,0.004100741003639996
toy4,neural_output_average,tensor_batched,tensor_batched,cpu,1024,10,1,2,0,3,toy4_gpu_core_neural_output_average_tensor_batched_1024_cpu_repeat02,9,neural_policy,output_average,cache_refresh,2.003973349928856e-06
toy4,neural_output_average,tensor_batched,tensor_batched,cpu,1024,10,1,2,0,3,toy4_gpu_core_neural_output_average_tensor_batched_1024_cpu_repeat02,9,neural_policy,output_average,post_local_readout,0.0006957920268177986
toy4,neural_output_average,tensor_batched,tensor_batched,cpu,1024,10,1,2,0,3,toy4_gpu_core_neural_output_average_tensor_batched_1024_cpu_repeat02,9,neural_policy,output_average,local_step,0.0074459369061514735
toy4,neural_output_average,tensor_batched,tensor_batched,cpu,1024,10,1,2,0,3,toy4_gpu_core_neural_output_average_tensor_batched_1024_cpu_repeat02,9,neural_policy,output_average,select_peers,5.160807631909847e-05
toy4,neural_output_average,tensor_batched,tensor_batched,cpu,1024,10,1,2,0,3,toy4_gpu_core_neural_output_average_tensor_batched_1024_cpu_repeat02,9,neural_policy,output_average,social_mix,0.0003307580482214689
toy4,neural_output_average,tensor_batched,tensor_batched,cpu,1024,10,1,2,0,3,toy4_gpu_core_neural_output_average_tensor_batched_1024_cpu_repeat02,9,neural_policy,output_average,social_loss_forward,0.00022898497991263866
toy4,neural_output_average,tensor_batched,tensor_batched,cpu,1024,10,1,2,0,3,toy4_gpu_core_neural_output_average_tensor_batched_1024_cpu_repeat02,9,neural_policy,output_average,social_autograd_grad,0.0006802319549024105
toy4,neural_output_average,tensor_batched,tensor_batched,cpu,1024,10,1,2,0,3,toy4_gpu_core_neural_output_average_tensor_batched_1024_cpu_repeat02,9,neural_policy,output_average,social_adam_update,0.001492526032961905
toy4,neural_output_average,tensor_batched,tensor_batched,cpu,1024,10,1,2,0,3,toy4_gpu_core_neural_output_average_tensor_batched_1024_cpu_repeat02,9,neural_policy,output_average,social_optimizer_update,0.0024412780767306685
toy4,neural_output_average,tensor_batched,tensor_batched,cpu,1024,10,1,2,0,3,toy4_gpu_core_neural_output_average_tensor_batched_1024_cpu_repeat02,9,neural_policy,output_average,social_distillation,0.0034103499492630363
toy4,neural_output_average,tensor_batched,tensor_batched,cpu,1024,10,1,2,0,3,toy4_gpu_core_neural_output_average_tensor_batched_1024_cpu_repeat02,9,neural_policy,output_average,social_step,0.003420168999582529
toy4,neural_output_average,tensor_batched,tensor_batched,cpu,1024,10,1,2,0,3,toy4_gpu_core_neural_output_average_tensor_batched_1024_cpu_repeat02,9,neural_policy,output_average,sample_actions,8.109491318464279e-07
toy4,neural_output_average,tensor_batched,tensor_batched,cpu,1024,10,1,2,0,3,toy4_gpu_core_neural_output_average_tensor_batched_1024_cpu_repeat02,9,neural_policy,output_average,commit_actions,3.918074071407318e-06
toy4,neural_output_average,tensor_batched,tensor_batched,cpu,1024,10,1,2,0,3,toy4_gpu_core_neural_output_average_tensor_batched_1024_cpu_repeat02,9,neural_policy,output_average,post_step_state_policy,2.620008308440447e-05
toy4,neural_output_average,tensor_batched,tensor_batched,cpu,1024,10,1,2,0,3,toy4_gpu_core_neural_output_average_tensor_batched_1024_cpu_repeat02,9,neural_policy,output_average,update_payoff_ema,1.6130972653627396e-05
toy4,neural_output_average,tensor_batched,tensor_batched,cpu,1024,10,1,2,0,3,toy4_gpu_core_neural_output_average_tensor_batched_1024_cpu_repeat02,9,neural_policy,output_average,update_reputation_ema,1.3125012628734112e-05
toy4,neural_output_average,tensor_batched,tensor_batched,cpu,1024,10,1,2,0,3,toy4_gpu_core_neural_output_average_tensor_batched_1024_cpu_repeat02,9,neural_policy,output_average,mobility_swaps,2.1521002054214478e-05
toy4,neural_output_average,tensor_batched,tensor_batched,cpu,1024,10,1,2,0,3,toy4_gpu_core_neural_output_average_tensor_batched_1024_cpu_repeat02,9,neural_policy,output_average,finalize_hook_step,8.085044100880623e-06
toy4,neural_output_average,tensor_batched,tensor_batched,cpu,1024,10,1,2,0,3,toy4_gpu_core_neural_output_average_tensor_batched_1024_cpu_repeat02,9,neural_policy,output_average,hooked_step_total,0.01156595500651747
toy4,neural_output_average,tensor_batched,tensor_batched,cpu,1024,10,1,2,0,3,toy4_gpu_core_neural_output_average_tensor_batched_1024_cpu_repeat02,9,neural_policy,output_average,aggregate_row,0.22871091694105417
toy4,neural_output_average,tensor_batched,tensor_batched,cpu,1024,10,1,2,0,3,toy4_gpu_core_neural_output_average_tensor_batched_1024_cpu_repeat02,9,neural_policy,output_average,write_aggregate,0.00012309406884014606
toy4,neural_output_average,tensor_batched,tensor_batched,cpu,1024,10,1,2,0,3,toy4_gpu_core_neural_output_average_tensor_batched_1024_cpu_repeat02,10,neural_policy,output_average,sample_revision_mask,4.436401650309563e-05
toy4,neural_output_average,tensor_batched,tensor_batched,cpu,1024,10,1,2,0,3,toy4_gpu_core_neural_output_average_tensor_batched_1024_cpu_repeat02,10,neural_policy,output_average,build_step_context,1.421698834747076e-05
toy4,neural_output_average,tensor_batched,tensor_batched,cpu,1024,10,1,2,0,3,toy4_gpu_core_neural_output_average_tensor_batched_1024_cpu_repeat02,10,neural_policy,output_average,build_observations,0.000647609937004745
toy4,neural_output_average,tensor_batched,tensor_batched,cpu,1024,10,1,2,0,3,toy4_gpu_core_neural_output_average_tensor_batched_1024_cpu_repeat02,10,neural_policy,output_average,policy_readout,0.0014663359615951777
toy4,neural_output_average,tensor_batched,tensor_batched,cpu,1024,10,1,2,0,3,toy4_gpu_core_neural_output_average_tensor_batched_1024_cpu_repeat02,10,neural_policy,output_average,decision_selection,0.0010137360077351332
toy4,neural_output_average,tensor_batched,tensor_batched,cpu,1024,10,1,2,0,3,toy4_gpu_core_neural_output_average_tensor_batched_1024_cpu_repeat02,10,neural_policy,output_average,local_trainable_parameters,0.0003817550605162978
toy4,neural_output_average,tensor_batched,tensor_batched,cpu,1024,10,1,2,0,3,toy4_gpu_core_neural_output_average_tensor_batched_1024_cpu_repeat02,10,neural_policy,output_average,local_loss_forward,0.0011981369461864233
toy4,neural_output_average,tensor_batched,tensor_batched,cpu,1024,10,1,2,0,3,toy4_gpu_core_neural_output_average_tensor_batched_1024_cpu_repeat02,10,neural_policy,output_average,local_autograd_grad,0.0018611770356073976
toy4,neural_output_average,tensor_batched,tensor_batched,cpu,1024,10,1,2,0,3,toy4_gpu_core_neural_output_average_tensor_batched_1024_cpu_repeat02,10,neural_policy,output_average,local_adam_update,0.003097255015745759
toy4,neural_output_average,tensor_batched,tensor_batched,cpu,1024,10,1,2,0,3,toy4_gpu_core_neural_output_average_tensor_batched_1024_cpu_repeat02,10,neural_policy,output_average,local_optimizer_update,0.005111683043651283
toy4,neural_output_average,tensor_batched,tensor_batched,cpu,1024,10,1,2,0,3,toy4_gpu_core_neural_output_average_tensor_batched_1024_cpu_repeat02,10,neural_policy,output_average,local_loss_update,0.006333003053441644
toy4,neural_output_average,tensor_batched,tensor_batched,cpu,1024,10,1,2,0,3,toy4_gpu_core_neural_output_average_tensor_batched_1024_cpu_repeat02,10,neural_policy,output_average,local_training,0.006750095053575933
toy4,neural_output_average,tensor_batched,tensor_batched,cpu,1024,10,1,2,0,3,toy4_gpu_core_neural_output_average_tensor_batched_1024_cpu_repeat02,10,neural_policy,output_average,cache_refresh,2.134009264409542e-06
toy4,neural_output_average,tensor_batched,tensor_batched,cpu,1024,10,1,2,0,3,toy4_gpu_core_neural_output_average_tensor_batched_1024_cpu_repeat02,10,neural_policy,output_average,post_local_readout,0.000328624970279634
toy4,neural_output_average,tensor_batched,tensor_batched,cpu,1024,10,1,2,0,3,toy4_gpu_core_neural_output_average_tensor_batched_1024_cpu_repeat02,10,neural_policy,output_average,local_step,0.010731420014053583
toy4,neural_output_average,tensor_batched,tensor_batched,cpu,1024,10,1,2,0,3,toy4_gpu_core_neural_output_average_tensor_batched_1024_cpu_repeat02,10,neural_policy,output_average,select_peers,6.224797107279301e-05
toy4,neural_output_average,tensor_batched,tensor_batched,cpu,1024,10,1,2,0,3,toy4_gpu_core_neural_output_average_tensor_batched_1024_cpu_repeat02,10,neural_policy,output_average,social_mix,0.00037553394213318825
toy4,neural_output_average,tensor_batched,tensor_batched,cpu,1024,10,1,2,0,3,toy4_gpu_core_neural_output_average_tensor_batched_1024_cpu_repeat02,10,neural_policy,output_average,social_loss_forward,0.0002994990209117532
toy4,neural_output_average,tensor_batched,tensor_batched,cpu,1024,10,1,2,0,3,toy4_gpu_core_neural_output_average_tensor_batched_1024_cpu_repeat02,10,neural_policy,output_average,social_autograd_grad,0.0006287849973887205
toy4,neural_output_average,tensor_batched,tensor_batched,cpu,1024,10,1,2,0,3,toy4_gpu_core_neural_output_average_tensor_batched_1024_cpu_repeat02,10,neural_policy,output_average,social_adam_update,0.0013672480126842856
toy4,neural_output_average,tensor_batched,tensor_batched,cpu,1024,10,1,2,0,3,toy4_gpu_core_neural_output_average_tensor_batched_1024_cpu_repeat02,10,neural_policy,output_average,social_optimizer_update,0.002240055939182639
toy4,neural_output_average,tensor_batched,tensor_batched,cpu,1024,10,1,2,0,3,toy4_gpu_core_neural_output_average_tensor_batched_1024_cpu_repeat02,10,neural_policy,output_average,social_distillation,0.0035463679814711213
toy4,neural_output_average,tensor_batched,tensor_batched,cpu,1024,10,1,2,0,3,toy4_gpu_core_neural_output_average_tensor_batched_1024_cpu_repeat02,10,neural_policy,output_average,social_step,0.0035600840346887708
toy4,neural_output_average,tensor_batched,tensor_batched,cpu,1024,10,1,2,0,3,toy4_gpu_core_neural_output_average_tensor_batched_1024_cpu_repeat02,10,neural_policy,output_average,sample_actions,9.309733286499977e-07
toy4,neural_output_average,tensor_batched,tensor_batched,cpu,1024,10,1,2,0,3,toy4_gpu_core_neural_output_average_tensor_batched_1024_cpu_repeat02,10,neural_policy,output_average,commit_actions,4.529021680355072e-06
toy4,neural_output_average,tensor_batched,tensor_batched,cpu,1024,10,1,2,0,3,toy4_gpu_core_neural_output_average_tensor_batched_1024_cpu_repeat02,10,neural_policy,output_average,post_step_state_policy,2.8353999368846416e-05
toy4,neural_output_average,tensor_batched,tensor_batched,cpu,1024,10,1,2,0,3,toy4_gpu_core_neural_output_average_tensor_batched_1024_cpu_repeat02,10,neural_policy,output_average,update_payoff_ema,1.748290378600359e-05
toy4,neural_output_average,tensor_batched,tensor_batched,cpu,1024,10,1,2,0,3,toy4_gpu_core_neural_output_average_tensor_batched_1024_cpu_repeat02,10,neural_policy,output_average,update_reputation_ema,1.3254932127892971e-05
toy4,neural_output_average,tensor_batched,tensor_batched,cpu,1024,10,1,2,0,3,toy4_gpu_core_neural_output_average_tensor_batched_1024_cpu_repeat02,10,neural_policy,output_average,mobility_swaps,1.7834012396633625e-05
toy4,neural_output_average,tensor_batched,tensor_batched,cpu,1024,10,1,2,0,3,toy4_gpu_core_neural_output_average_tensor_batched_1024_cpu_repeat02,10,neural_policy,output_average,finalize_hook_step,1.0099029168486595e-05
toy4,neural_output_average,tensor_batched,tensor_batched,cpu,1024,10,1,2,0,3,toy4_gpu_core_neural_output_average_tensor_batched_1024_cpu_repeat02,10,neural_policy,output_average,hooked_step_total,0.015162718947976828
toy4,neural_output_average,tensor_batched,tensor_batched,cpu,1024,10,1,2,0,3,toy4_gpu_core_neural_output_average_tensor_batched_1024_cpu_repeat02,10,neural_policy,output_average,aggregate_row,0.043781824060715735
toy4,neural_output_average,tensor_batched,tensor_batched,cpu,1024,10,1,2,0,3,toy4_gpu_core_neural_output_average_tensor_batched_1024_cpu_repeat02,10,neural_policy,output_average,write_aggregate,0.0001379519235342741
toy4,neural_output_average,tensor_batched,tensor_batched,cuda,1024,10,1,0,0,3,toy4_gpu_core_neural_output_average_tensor_batched_1024_cuda_repeat00,0,neural_policy,output_average,make_run_dir,0.0005241059698164463
toy4,neural_output_average,tensor_batched,tensor_batched,cuda,1024,10,1,0,0,3,toy4_gpu_core_neural_output_average_tensor_batched_1024_cuda_repeat00,0,neural_policy,output_average,write_metadata,0.0032763349590823054
toy4,neural_output_average,tensor_batched,tensor_batched,cuda,1024,10,1,0,0,3,toy4_gpu_core_neural_output_average_tensor_batched_1024_cuda_repeat00,0,neural_policy,output_average,initial_state,0.740842521074228
toy4,neural_output_average,tensor_batched,tensor_batched,cuda,1024,10,1,0,0,3,toy4_gpu_core_neural_output_average_tensor_batched_1024_cuda_repeat00,0,neural_policy,output_average,writer_setup,0.001200660946778953
toy4,neural_output_average,tensor_batched,tensor_batched,cuda,1024,10,1,0,0,3,toy4_gpu_core_neural_output_average_tensor_batched_1024_cuda_repeat00,0,neural_policy,output_average,initial_step_result,0.36136417801026255
toy4,neural_output_average,tensor_batched,tensor_batched,cuda,1024,10,1,0,0,3,toy4_gpu_core_neural_output_average_tensor_batched_1024_cuda_repeat00,0,neural_policy,output_average,initial_aggregate_row,0.06529331591445953
toy4,neural_output_average,tensor_batched,tensor_batched,cuda,1024,10,1,0,0,3,toy4_gpu_core_neural_output_average_tensor_batched_1024_cuda_repeat00,0,neural_policy,output_average,write_initial_aggregate,0.0001385129289701581
toy4,neural_output_average,tensor_batched,tensor_batched,cuda,1024,10,1,0,0,3,toy4_gpu_core_neural_output_average_tensor_batched_1024_cuda_repeat00,1,neural_policy,output_average,sample_revision_mask,8.139503188431263e-05
toy4,neural_output_average,tensor_batched,tensor_batched,cuda,1024,10,1,0,0,3,toy4_gpu_core_neural_output_average_tensor_batched_1024_cuda_repeat00,1,neural_policy,output_average,build_step_context,2.9406044632196426e-05
toy4,neural_output_average,tensor_batched,tensor_batched,cuda,1024,10,1,0,0,3,toy4_gpu_core_neural_output_average_tensor_batched_1024_cuda_repeat00,1,neural_policy,output_average,build_observations,0.0012513569090515375
toy4,neural_output_average,tensor_batched,tensor_batched,cuda,1024,10,1,0,0,3,toy4_gpu_core_neural_output_average_tensor_batched_1024_cuda_repeat00,1,neural_policy,output_average,policy_readout,0.001370072946883738
toy4,neural_output_average,tensor_batched,tensor_batched,cuda,1024,10,1,0,0,3,toy4_gpu_core_neural_output_average_tensor_batched_1024_cuda_repeat00,1,neural_policy,output_average,decision_selection,0.0011498540407046676
toy4,neural_output_average,tensor_batched,tensor_batched,cuda,1024,10,1,0,0,3,toy4_gpu_core_neural_output_average_tensor_batched_1024_cuda_repeat00,1,neural_policy,output_average,local_trainable_parameters,0.00017324998043477535
toy4,neural_output_average,tensor_batched,tensor_batched,cuda,1024,10,1,0,0,3,toy4_gpu_core_neural_output_average_tensor_batched_1024_cuda_repeat00,1,neural_policy,output_average,local_loss_forward,0.12800137093290687
toy4,neural_output_average,tensor_batched,tensor_batched,cuda,1024,10,1,0,0,3,toy4_gpu_core_neural_output_average_tensor_batched_1024_cuda_repeat00,1,neural_policy,output_average,local_autograd_grad,0.023877877974882722
toy4,neural_output_average,tensor_batched,tensor_batched,cuda,1024,10,1,0,0,3,toy4_gpu_core_neural_output_average_tensor_batched_1024_cuda_repeat00,1,neural_policy,output_average,local_adam_update,0.20127052103634924
toy4,neural_output_average,tensor_batched,tensor_batched,cuda,1024,10,1,0,0,3,toy4_gpu_core_neural_output_average_tensor_batched_1024_cuda_repeat00,1,neural_policy,output_average,local_optimizer_update,0.22547569102607667
toy4,neural_output_average,tensor_batched,tensor_batched,cuda,1024,10,1,0,0,3,toy4_gpu_core_neural_output_average_tensor_batched_1024_cuda_repeat00,1,neural_policy,output_average,local_loss_update,0.35355995898135006
toy4,neural_output_average,tensor_batched,tensor_batched,cuda,1024,10,1,0,0,3,toy4_gpu_core_neural_output_average_tensor_batched_1024_cuda_repeat00,1,neural_policy,output_average,local_training,0.35381489410065114
toy4,neural_output_average,tensor_batched,tensor_batched,cuda,1024,10,1,0,0,3,toy4_gpu_core_neural_output_average_tensor_batched_1024_cuda_repeat00,1,neural_policy,output_average,cache_refresh,1.1462019756436348e-05
toy4,neural_output_average,tensor_batched,tensor_batched,cuda,1024,10,1,0,0,3,toy4_gpu_core_neural_output_average_tensor_batched_1024_cuda_repeat00,1,neural_policy,output_average,post_local_readout,0.0005565070314332843
toy4,neural_output_average,tensor_batched,tensor_batched,cuda,1024,10,1,0,0,3,toy4_gpu_core_neural_output_average_tensor_batched_1024_cuda_repeat00,1,neural_policy,output_average,local_step,0.3594069790560752
toy4,neural_output_average,tensor_batched,tensor_batched,cuda,1024,10,1,0,0,3,toy4_gpu_core_neural_output_average_tensor_batched_1024_cuda_repeat00,1,neural_policy,output_average,select_peers,0.0006926059722900391
toy4,neural_output_average,tensor_batched,tensor_batched,cuda,1024,10,1,0,0,3,toy4_gpu_core_neural_output_average_tensor_batched_1024_cuda_repeat00,1,neural_policy,output_average,social_mix,0.047840827028267086
toy4,neural_output_average,tensor_batched,tensor_batched,cuda,1024,10,1,0,0,3,toy4_gpu_core_neural_output_average_tensor_batched_1024_cuda_repeat00,1,neural_policy,output_average,social_loss_forward,0.0006542730843648314
toy4,neural_output_average,tensor_batched,tensor_batched,cuda,1024,10,1,0,0,3,toy4_gpu_core_neural_output_average_tensor_batched_1024_cuda_repeat00,1,neural_policy,output_average,social_autograd_grad,0.0007411680417135358
toy4,neural_output_average,tensor_batched,tensor_batched,cuda,1024,10,1,0,0,3,toy4_gpu_core_neural_output_average_tensor_batched_1024_cuda_repeat00,1,neural_policy,output_average,social_adam_update,0.0009078149450942874
toy4,neural_output_average,tensor_batched,tensor_batched,cuda,1024,10,1,0,0,3,toy4_gpu_core_neural_output_average_tensor_batched_1024_cuda_repeat00,1,neural_policy,output_average,social_optimizer_update,0.001998416963033378
toy4,neural_output_average,tensor_batched,tensor_batched,cuda,1024,10,1,0,0,3,toy4_gpu_core_neural_output_average_tensor_batched_1024_cuda_repeat00,1,neural_policy,output_average,social_distillation,0.05113941396120936
toy4,neural_output_average,tensor_batched,tensor_batched,cuda,1024,10,1,0,0,3,toy4_gpu_core_neural_output_average_tensor_batched_1024_cuda_repeat00,1,neural_policy,output_average,social_step,0.0511748919961974
toy4,neural_output_average,tensor_batched,tensor_batched,cuda,1024,10,1,0,0,3,toy4_gpu_core_neural_output_average_tensor_batched_1024_cuda_repeat00,1,neural_policy,output_average,sample_actions,7.573980838060379e-06
toy4,neural_output_average,tensor_batched,tensor_batched,cuda,1024,10,1,0,0,3,toy4_gpu_core_neural_output_average_tensor_batched_1024_cuda_repeat00,1,neural_policy,output_average,commit_actions,1.4257966540753841e-05
toy4,neural_output_average,tensor_batched,tensor_batched,cuda,1024,10,1,0,0,3,toy4_gpu_core_neural_output_average_tensor_batched_1024_cuda_repeat00,1,neural_policy,output_average,post_step_state_policy,3.329303581267595e-05
toy4,neural_output_average,tensor_batched,tensor_batched,cuda,1024,10,1,0,0,3,toy4_gpu_core_neural_output_average_tensor_batched_1024_cuda_repeat00,1,neural_policy,output_average,update_payoff_ema,3.931496758013964e-05
toy4,neural_output_average,tensor_batched,tensor_batched,cuda,1024,10,1,0,0,3,toy4_gpu_core_neural_output_average_tensor_batched_1024_cuda_repeat00,1,neural_policy,output_average,update_reputation_ema,2.3575033992528915e-05
toy4,neural_output_average,tensor_batched,tensor_batched,cuda,1024,10,1,0,0,3,toy4_gpu_core_neural_output_average_tensor_batched_1024_cuda_repeat00,1,neural_policy,output_average,mobility_swaps,2.7202069759368896e-05
toy4,neural_output_average,tensor_batched,tensor_batched,cuda,1024,10,1,0,0,3,toy4_gpu_core_neural_output_average_tensor_batched_1024_cuda_repeat00,1,neural_policy,output_average,finalize_hook_step,1.558999065309763e-05
toy4,neural_output_average,tensor_batched,tensor_batched,cuda,1024,10,1,0,0,3,toy4_gpu_core_neural_output_average_tensor_batched_1024_cuda_repeat00,1,neural_policy,output_average,hooked_step_total,0.49798873299732804
toy4,neural_output_average,tensor_batched,tensor_batched,cuda,1024,10,1,0,0,3,toy4_gpu_core_neural_output_average_tensor_batched_1024_cuda_repeat00,1,neural_policy,output_average,aggregate_row,0.0313262389972806
toy4,neural_output_average,tensor_batched,tensor_batched,cuda,1024,10,1,0,0,3,toy4_gpu_core_neural_output_average_tensor_batched_1024_cuda_repeat00,1,neural_policy,output_average,write_aggregate,7.744703907519579e-05
toy4,neural_output_average,tensor_batched,tensor_batched,cuda,1024,10,1,0,0,3,toy4_gpu_core_neural_output_average_tensor_batched_1024_cuda_repeat00,2,neural_policy,output_average,sample_revision_mask,3.427499905228615e-05
toy4,neural_output_average,tensor_batched,tensor_batched,cuda,1024,10,1,0,0,3,toy4_gpu_core_neural_output_average_tensor_batched_1024_cuda_repeat00,2,neural_policy,output_average,build_step_context,1.2192991562187672e-05
toy4,neural_output_average,tensor_batched,tensor_batched,cuda,1024,10,1,0,0,3,toy4_gpu_core_neural_output_average_tensor_batched_1024_cuda_repeat00,2,neural_policy,output_average,build_observations,0.0005642520263791084
toy4,neural_output_average,tensor_batched,tensor_batched,cuda,1024,10,1,0,0,3,toy4_gpu_core_neural_output_average_tensor_batched_1024_cuda_repeat00,2,neural_policy,output_average,policy_readout,0.0006639909697696567
toy4,neural_output_average,tensor_batched,tensor_batched,cuda,1024,10,1,0,0,3,toy4_gpu_core_neural_output_average_tensor_batched_1024_cuda_repeat00,2,neural_policy,output_average,decision_selection,0.0009640220087021589
toy4,neural_output_average,tensor_batched,tensor_batched,cuda,1024,10,1,0,0,3,toy4_gpu_core_neural_output_average_tensor_batched_1024_cuda_repeat00,2,neural_policy,output_average,local_trainable_parameters,9.466009214520454e-05
toy4,neural_output_average,tensor_batched,tensor_batched,cuda,1024,10,1,0,0,3,toy4_gpu_core_neural_output_average_tensor_batched_1024_cuda_repeat00,2,neural_policy,output_average,local_loss_forward,0.0005622380413115025
toy4,neural_output_average,tensor_batched,tensor_batched,cuda,1024,10,1,0,0,3,toy4_gpu_core_neural_output_average_tensor_batched_1024_cuda_repeat00,2,neural_policy,output_average,local_autograd_grad,0.0009055009577423334
toy4,neural_output_average,tensor_batched,tensor_batched,cuda,1024,10,1,0,0,3,toy4_gpu_core_neural_output_average_tensor_batched_1024_cuda_repeat00,2,neural_policy,output_average,local_adam_update,0.0008721071062609553
toy4,neural_output_average,tensor_batched,tensor_batched,cuda,1024,10,1,0,0,3,toy4_gpu_core_neural_output_average_tensor_batched_1024_cuda_repeat00,2,neural_policy,output_average,local_optimizer_update,0.0018892190419137478
toy4,neural_output_average,tensor_batched,tensor_batched,cuda,1024,10,1,0,0,3,toy4_gpu_core_neural_output_average_tensor_batched_1024_cuda_repeat00,2,neural_policy,output_average,local_loss_update,0.0024817449739202857
toy4,neural_output_average,tensor_batched,tensor_batched,cuda,1024,10,1,0,0,3,toy4_gpu_core_neural_output_average_tensor_batched_1024_cuda_repeat00,2,neural_policy,output_average,local_training,0.0026216909755021334
toy4,neural_output_average,tensor_batched,tensor_batched,cuda,1024,10,1,0,0,3,toy4_gpu_core_neural_output_average_tensor_batched_1024_cuda_repeat00,2,neural_policy,output_average,cache_refresh,8.205999620258808e-06
toy4,neural_output_average,tensor_batched,tensor_batched,cuda,1024,10,1,0,0,3,toy4_gpu_core_neural_output_average_tensor_batched_1024_cuda_repeat00,2,neural_policy,output_average,post_local_readout,0.00017839903011918068
toy4,neural_output_average,tensor_batched,tensor_batched,cuda,1024,10,1,0,0,3,toy4_gpu_core_neural_output_average_tensor_batched_1024_cuda_repeat00,2,neural_policy,output_average,local_step,0.005546709056943655
toy4,neural_output_average,tensor_batched,tensor_batched,cuda,1024,10,1,0,0,3,toy4_gpu_core_neural_output_average_tensor_batched_1024_cuda_repeat00,2,neural_policy,output_average,select_peers,0.00012016796972602606
toy4,neural_output_average,tensor_batched,tensor_batched,cuda,1024,10,1,0,0,3,toy4_gpu_core_neural_output_average_tensor_batched_1024_cuda_repeat00,2,neural_policy,output_average,social_mix,0.0005186849739402533
toy4,neural_output_average,tensor_batched,tensor_batched,cuda,1024,10,1,0,0,3,toy4_gpu_core_neural_output_average_tensor_batched_1024_cuda_repeat00,2,neural_policy,output_average,social_loss_forward,0.00022824399638921022
toy4,neural_output_average,tensor_batched,tensor_batched,cuda,1024,10,1,0,0,3,toy4_gpu_core_neural_output_average_tensor_batched_1024_cuda_repeat00,2,neural_policy,output_average,social_autograd_grad,0.0003954119747504592
toy4,neural_output_average,tensor_batched,tensor_batched,cuda,1024,10,1,0,0,3,toy4_gpu_core_neural_output_average_tensor_batched_1024_cuda_repeat00,2,neural_policy,output_average,social_adam_update,0.0007224930450320244
toy4,neural_output_average,tensor_batched,tensor_batched,cuda,1024,10,1,0,0,3,toy4_gpu_core_neural_output_average_tensor_batched_1024_cuda_repeat00,2,neural_policy,output_average,social_optimizer_update,0.0014166019391268492
toy4,neural_output_average,tensor_batched,tensor_batched,cuda,1024,10,1,0,0,3,toy4_gpu_core_neural_output_average_tensor_batched_1024_cuda_repeat00,2,neural_policy,output_average,social_distillation,0.0025995789328590035
toy4,neural_output_average,tensor_batched,tensor_batched,cuda,1024,10,1,0,0,3,toy4_gpu_core_neural_output_average_tensor_batched_1024_cuda_repeat00,2,neural_policy,output_average,social_step,0.002622873056679964
toy4,neural_output_average,tensor_batched,tensor_batched,cuda,1024,10,1,0,0,3,toy4_gpu_core_neural_output_average_tensor_batched_1024_cuda_repeat00,2,neural_policy,output_average,sample_actions,6.3818879425525665e-06
toy4,neural_output_average,tensor_batched,tensor_batched,cuda,1024,10,1,0,0,3,toy4_gpu_core_neural_output_average_tensor_batched_1024_cuda_repeat00,2,neural_policy,output_average,commit_actions,9.838026016950607e-06
toy4,neural_output_average,tensor_batched,tensor_batched,cuda,1024,10,1,0,0,3,toy4_gpu_core_neural_output_average_tensor_batched_1024_cuda_repeat00,2,neural_policy,output_average,post_step_state_policy,3.050803206861019e-05
toy4,neural_output_average,tensor_batched,tensor_batched,cuda,1024,10,1,0,0,3,toy4_gpu_core_neural_output_average_tensor_batched_1024_cuda_repeat00,2,neural_policy,output_average,update_payoff_ema,2.0719016902148724e-05
toy4,neural_output_average,tensor_batched,tensor_batched,cuda,1024,10,1,0,0,3,toy4_gpu_core_neural_output_average_tensor_batched_1024_cuda_repeat00,2,neural_policy,output_average,update_reputation_ema,1.8544960767030716e-05
toy4,neural_output_average,tensor_batched,tensor_batched,cuda,1024,10,1,0,0,3,toy4_gpu_core_neural_output_average_tensor_batched_1024_cuda_repeat00,2,neural_policy,output_average,mobility_swaps,2.256303559988737e-05
toy4,neural_output_average,tensor_batched,tensor_batched,cuda,1024,10,1,0,0,3,toy4_gpu_core_neural_output_average_tensor_batched_1024_cuda_repeat00,2,neural_policy,output_average,finalize_hook_step,1.4718039892613888e-05
toy4,neural_output_average,tensor_batched,tensor_batched,cuda,1024,10,1,0,0,3,toy4_gpu_core_neural_output_average_tensor_batched_1024_cuda_repeat00,2,neural_policy,output_average,hooked_step_total,0.009289870038628578
toy4,neural_output_average,tensor_batched,tensor_batched,cuda,1024,10,1,0,0,3,toy4_gpu_core_neural_output_average_tensor_batched_1024_cuda_repeat00,2,neural_policy,output_average,aggregate_row,0.01862100011203438
toy4,neural_output_average,tensor_batched,tensor_batched,cuda,1024,10,1,0,0,3,toy4_gpu_core_neural_output_average_tensor_batched_1024_cuda_repeat00,2,neural_policy,output_average,write_aggregate,6.012397352606058e-05
toy4,neural_output_average,tensor_batched,tensor_batched,cuda,1024,10,1,0,0,3,toy4_gpu_core_neural_output_average_tensor_batched_1024_cuda_repeat00,3,neural_policy,output_average,sample_revision_mask,2.183194737881422e-05
toy4,neural_output_average,tensor_batched,tensor_batched,cuda,1024,10,1,0,0,3,toy4_gpu_core_neural_output_average_tensor_batched_1024_cuda_repeat00,3,neural_policy,output_average,build_step_context,1.0229996405541897e-05
toy4,neural_output_average,tensor_batched,tensor_batched,cuda,1024,10,1,0,0,3,toy4_gpu_core_neural_output_average_tensor_batched_1024_cuda_repeat00,3,neural_policy,output_average,build_observations,0.0003817450487986207
toy4,neural_output_average,tensor_batched,tensor_batched,cuda,1024,10,1,0,0,3,toy4_gpu_core_neural_output_average_tensor_batched_1024_cuda_repeat00,3,neural_policy,output_average,policy_readout,0.0004853330319747329
toy4,neural_output_average,tensor_batched,tensor_batched,cuda,1024,10,1,0,0,3,toy4_gpu_core_neural_output_average_tensor_batched_1024_cuda_repeat00,3,neural_policy,output_average,decision_selection,0.0009206199320033193
toy4,neural_output_average,tensor_batched,tensor_batched,cuda,1024,10,1,0,0,3,toy4_gpu_core_neural_output_average_tensor_batched_1024_cuda_repeat00,3,neural_policy,output_average,local_trainable_parameters,8.063402492552996e-05
toy4,neural_output_average,tensor_batched,tensor_batched,cuda,1024,10,1,0,0,3,toy4_gpu_core_neural_output_average_tensor_batched_1024_cuda_repeat00,3,neural_policy,output_average,local_loss_forward,0.0006591830169782043
toy4,neural_output_average,tensor_batched,tensor_batched,cuda,1024,10,1,0,0,3,toy4_gpu_core_neural_output_average_tensor_batched_1024_cuda_repeat00,3,neural_policy,output_average,local_autograd_grad,0.0008567479671910405
toy4,neural_output_average,tensor_batched,tensor_batched,cuda,1024,10,1,0,0,3,toy4_gpu_core_neural_output_average_tensor_batched_1024_cuda_repeat00,3,neural_policy,output_average,local_adam_update,0.000969621934928
toy4,neural_output_average,tensor_batched,tensor_batched,cuda,1024,10,1,0,0,3,toy4_gpu_core_neural_output_average_tensor_batched_1024_cuda_repeat00,3,neural_policy,output_average,local_optimizer_update,0.0019385230261832476
toy4,neural_output_average,tensor_batched,tensor_batched,cuda,1024,10,1,0,0,3,toy4_gpu_core_neural_output_average_tensor_batched_1024_cuda_repeat00,3,neural_policy,output_average,local_loss_update,0.0026281640166416764
toy4,neural_output_average,tensor_batched,tensor_batched,cuda,1024,10,1,0,0,3,toy4_gpu_core_neural_output_average_tensor_batched_1024_cuda_repeat00,3,neural_policy,output_average,local_training,0.0027523899916559458
toy4,neural_output_average,tensor_batched,tensor_batched,cuda,1024,10,1,0,0,3,toy4_gpu_core_neural_output_average_tensor_batched_1024_cuda_repeat00,3,neural_policy,output_average,cache_refresh,7.573980838060379e-06
toy4,neural_output_average,tensor_batched,tensor_batched,cuda,1024,10,1,0,0,3,toy4_gpu_core_neural_output_average_tensor_batched_1024_cuda_repeat00,3,neural_policy,output_average,post_local_readout,0.0001710350625216961
toy4,neural_output_average,tensor_batched,tensor_batched,cuda,1024,10,1,0,0,3,toy4_gpu_core_neural_output_average_tensor_batched_1024_cuda_repeat00,3,neural_policy,output_average,local_step,0.0052717761136591434
toy4,neural_output_average,tensor_batched,tensor_batched,cuda,1024,10,1,0,0,3,toy4_gpu_core_neural_output_average_tensor_batched_1024_cuda_repeat00,3,neural_policy,output_average,select_peers,0.0004456769675016403
toy4,neural_output_average,tensor_batched,tensor_batched,cuda,1024,10,1,0,0,3,toy4_gpu_core_neural_output_average_tensor_batched_1024_cuda_repeat00,3,neural_policy,output_average,social_mix,0.0005578589625656605
toy4,neural_output_average,tensor_batched,tensor_batched,cuda,1024,10,1,0,0,3,toy4_gpu_core_neural_output_average_tensor_batched_1024_cuda_repeat00,3,neural_policy,output_average,social_loss_forward,0.00020899693481624126
toy4,neural_output_average,tensor_batched,tensor_batched,cuda,1024,10,1,0,0,3,toy4_gpu_core_neural_output_average_tensor_batched_1024_cuda_repeat00,3,neural_policy,output_average,social_autograd_grad,0.0004480920033529401
toy4,neural_output_average,tensor_batched,tensor_batched,cuda,1024,10,1,0,0,3,toy4_gpu_core_neural_output_average_tensor_batched_1024_cuda_repeat00,3,neural_policy,output_average,social_adam_update,0.0006796809611842036
toy4,neural_output_average,tensor_batched,tensor_batched,cuda,1024,10,1,0,0,3,toy4_gpu_core_neural_output_average_tensor_batched_1024_cuda_repeat00,3,neural_policy,output_average,social_optimizer_update,0.0014148789923638105
toy4,neural_output_average,tensor_batched,tensor_batched,cuda,1024,10,1,0,0,3,toy4_gpu_core_neural_output_average_tensor_batched_1024_cuda_repeat00,3,neural_policy,output_average,social_distillation,0.002655594958923757
toy4,neural_output_average,tensor_batched,tensor_batched,cuda,1024,10,1,0,0,3,toy4_gpu_core_neural_output_average_tensor_batched_1024_cuda_repeat00,3,neural_policy,output_average,social_step,0.0026830179849639535
toy4,neural_output_average,tensor_batched,tensor_batched,cuda,1024,10,1,0,0,3,toy4_gpu_core_neural_output_average_tensor_batched_1024_cuda_repeat00,3,neural_policy,output_average,sample_actions,8.425908163189888e-06
toy4,neural_output_average,tensor_batched,tensor_batched,cuda,1024,10,1,0,0,3,toy4_gpu_core_neural_output_average_tensor_batched_1024_cuda_repeat00,3,neural_policy,output_average,commit_actions,1.042999792844057e-05
toy4,neural_output_average,tensor_batched,tensor_batched,cuda,1024,10,1,0,0,3,toy4_gpu_core_neural_output_average_tensor_batched_1024_cuda_repeat00,3,neural_policy,output_average,post_step_state_policy,3.8112979382276535e-05
toy4,neural_output_average,tensor_batched,tensor_batched,cuda,1024,10,1,0,0,3,toy4_gpu_core_neural_output_average_tensor_batched_1024_cuda_repeat00,3,neural_policy,output_average,update_payoff_ema,2.6549911126494408e-05
toy4,neural_output_average,tensor_batched,tensor_batched,cuda,1024,10,1,0,0,3,toy4_gpu_core_neural_output_average_tensor_batched_1024_cuda_repeat00,3,neural_policy,output_average,update_reputation_ema,1.9437051378190517e-05
toy4,neural_output_average,tensor_batched,tensor_batched,cuda,1024,10,1,0,0,3,toy4_gpu_core_neural_output_average_tensor_batched_1024_cuda_repeat00,3,neural_policy,output_average,mobility_swaps,2.5898916646838188e-05
toy4,neural_output_average,tensor_batched,tensor_batched,cuda,1024,10,1,0,0,3,toy4_gpu_core_neural_output_average_tensor_batched_1024_cuda_repeat00,3,neural_policy,output_average,finalize_hook_step,1.7042970284819603e-05
toy4,neural_output_average,tensor_batched,tensor_batched,cuda,1024,10,1,0,0,3,toy4_gpu_core_neural_output_average_tensor_batched_1024_cuda_repeat00,3,neural_policy,output_average,hooked_step_total,0.010461747064255178
toy4,neural_output_average,tensor_batched,tensor_batched,cuda,1024,10,1,0,0,3,toy4_gpu_core_neural_output_average_tensor_batched_1024_cuda_repeat00,3,neural_policy,output_average,aggregate_row,0.028788086958229542
toy4,neural_output_average,tensor_batched,tensor_batched,cuda,1024,10,1,0,0,3,toy4_gpu_core_neural_output_average_tensor_batched_1024_cuda_repeat00,3,neural_policy,output_average,write_aggregate,9.442900773137808e-05
toy4,neural_output_average,tensor_batched,tensor_batched,cuda,1024,10,1,0,0,3,toy4_gpu_core_neural_output_average_tensor_batched_1024_cuda_repeat00,4,neural_policy,output_average,sample_revision_mask,4.0877959690988064e-05
toy4,neural_output_average,tensor_batched,tensor_batched,cuda,1024,10,1,0,0,3,toy4_gpu_core_neural_output_average_tensor_batched_1024_cuda_repeat00,4,neural_policy,output_average,build_step_context,1.5900004655122757e-05
toy4,neural_output_average,tensor_batched,tensor_batched,cuda,1024,10,1,0,0,3,toy4_gpu_core_neural_output_average_tensor_batched_1024_cuda_repeat00,4,neural_policy,output_average,build_observations,0.0007384429918602109
toy4,neural_output_average,tensor_batched,tensor_batched,cuda,1024,10,1,0,0,3,toy4_gpu_core_neural_output_average_tensor_batched_1024_cuda_repeat00,4,neural_policy,output_average,policy_readout,0.001995340920984745
toy4,neural_output_average,tensor_batched,tensor_batched,cuda,1024,10,1,0,0,3,toy4_gpu_core_neural_output_average_tensor_batched_1024_cuda_repeat00,4,neural_policy,output_average,decision_selection,0.0013484819792211056
toy4,neural_output_average,tensor_batched,tensor_batched,cuda,1024,10,1,0,0,3,toy4_gpu_core_neural_output_average_tensor_batched_1024_cuda_repeat00,4,neural_policy,output_average,local_trainable_parameters,0.00015578605234622955
toy4,neural_output_average,tensor_batched,tensor_batched,cuda,1024,10,1,0,0,3,toy4_gpu_core_neural_output_average_tensor_batched_1024_cuda_repeat00,4,neural_policy,output_average,local_loss_forward,0.0008684200001880527
toy4,neural_output_average,tensor_batched,tensor_batched,cuda,1024,10,1,0,0,3,toy4_gpu_core_neural_output_average_tensor_batched_1024_cuda_repeat00,4,neural_policy,output_average,local_autograd_grad,0.0011945300502702594
toy4,neural_output_average,tensor_batched,tensor_batched,cuda,1024,10,1,0,0,3,toy4_gpu_core_neural_output_average_tensor_batched_1024_cuda_repeat00,4,neural_policy,output_average,local_adam_update,0.0013213600032031536
toy4,neural_output_average,tensor_batched,tensor_batched,cuda,1024,10,1,0,0,3,toy4_gpu_core_neural_output_average_tensor_batched_1024_cuda_repeat00,4,neural_policy,output_average,local_optimizer_update,0.002704157028347254
toy4,neural_output_average,tensor_batched,tensor_batched,cuda,1024,10,1,0,0,3,toy4_gpu_core_neural_output_average_tensor_batched_1024_cuda_repeat00,4,neural_policy,output_average,local_loss_update,0.003604889032430947
toy4,neural_output_average,tensor_batched,tensor_batched,cuda,1024,10,1,0,0,3,toy4_gpu_core_neural_output_average_tensor_batched_1024_cuda_repeat00,4,neural_policy,output_average,local_training,0.0038233540253713727
toy4,neural_output_average,tensor_batched,tensor_batched,cuda,1024,10,1,0,0,3,toy4_gpu_core_neural_output_average_tensor_batched_1024_cuda_repeat00,4,neural_policy,output_average,cache_refresh,8.616014383733273e-06
toy4,neural_output_average,tensor_batched,tensor_batched,cuda,1024,10,1,0,0,3,toy4_gpu_core_neural_output_average_tensor_batched_1024_cuda_repeat00,4,neural_policy,output_average,post_local_readout,0.00021659198682755232
toy4,neural_output_average,tensor_batched,tensor_batched,cuda,1024,10,1,0,0,3,toy4_gpu_core_neural_output_average_tensor_batched_1024_cuda_repeat00,4,neural_policy,output_average,local_step,0.008959393016994
toy4,neural_output_average,tensor_batched,tensor_batched,cuda,1024,10,1,0,0,3,toy4_gpu_core_neural_output_average_tensor_batched_1024_cuda_repeat00,4,neural_policy,output_average,select_peers,0.00012461701408028603
toy4,neural_output_average,tensor_batched,tensor_batched,cuda,1024,10,1,0,0,3,toy4_gpu_core_neural_output_average_tensor_batched_1024_cuda_repeat00,4,neural_policy,output_average,social_mix,0.000539434957318008
toy4,neural_output_average,tensor_batched,tensor_batched,cuda,1024,10,1,0,0,3,toy4_gpu_core_neural_output_average_tensor_batched_1024_cuda_repeat00,4,neural_policy,output_average,social_loss_forward,0.0002252680715173483
toy4,neural_output_average,tensor_batched,tensor_batched,cuda,1024,10,1,0,0,3,toy4_gpu_core_neural_output_average_tensor_batched_1024_cuda_repeat00,4,neural_policy,output_average,social_autograd_grad,0.00034528609830886126
toy4,neural_output_average,tensor_batched,tensor_batched,cuda,1024,10,1,0,0,3,toy4_gpu_core_neural_output_average_tensor_batched_1024_cuda_repeat00,4,neural_policy,output_average,social_adam_update,0.0006860329303890467
toy4,neural_output_average,tensor_batched,tensor_batched,cuda,1024,10,1,0,0,3,toy4_gpu_core_neural_output_average_tensor_batched_1024_cuda_repeat00,4,neural_policy,output_average,social_optimizer_update,0.0013267300091683865
toy4,neural_output_average,tensor_batched,tensor_batched,cuda,1024,10,1,0,0,3,toy4_gpu_core_neural_output_average_tensor_batched_1024_cuda_repeat00,4,neural_policy,output_average,social_distillation,0.0025000699097290635
toy4,neural_output_average,tensor_batched,tensor_batched,cuda,1024,10,1,0,0,3,toy4_gpu_core_neural_output_average_tensor_batched_1024_cuda_repeat00,4,neural_policy,output_average,social_step,0.002523925038985908
toy4,neural_output_average,tensor_batched,tensor_batched,cuda,1024,10,1,0,0,3,toy4_gpu_core_neural_output_average_tensor_batched_1024_cuda_repeat00,4,neural_policy,output_average,sample_actions,6.683054380118847e-06
toy4,neural_output_average,tensor_batched,tensor_batched,cuda,1024,10,1,0,0,3,toy4_gpu_core_neural_output_average_tensor_batched_1024_cuda_repeat00,4,neural_policy,output_average,commit_actions,9.116949513554573e-06
toy4,neural_output_average,tensor_batched,tensor_batched,cuda,1024,10,1,0,0,3,toy4_gpu_core_neural_output_average_tensor_batched_1024_cuda_repeat00,4,neural_policy,output_average,post_step_state_policy,3.022700548171997e-05
toy4,neural_output_average,tensor_batched,tensor_batched,cuda,1024,10,1,0,0,3,toy4_gpu_core_neural_output_average_tensor_batched_1024_cuda_repeat00,4,neural_policy,output_average,update_payoff_ema,2.1219952031970024e-05
toy4,neural_output_average,tensor_batched,tensor_batched,cuda,1024,10,1,0,0,3,toy4_gpu_core_neural_output_average_tensor_batched_1024_cuda_repeat00,4,neural_policy,output_average,update_reputation_ema,1.76640460267663e-05
toy4,neural_output_average,tensor_batched,tensor_batched,cuda,1024,10,1,0,0,3,toy4_gpu_core_neural_output_average_tensor_batched_1024_cuda_repeat00,4,neural_policy,output_average,mobility_swaps,2.177199348807335e-05
toy4,neural_output_average,tensor_batched,tensor_batched,cuda,1024,10,1,0,0,3,toy4_gpu_core_neural_output_average_tensor_batched_1024_cuda_repeat00,4,neural_policy,output_average,finalize_hook_step,1.440802589058876e-05
toy4,neural_output_average,tensor_batched,tensor_batched,cuda,1024,10,1,0,0,3,toy4_gpu_core_neural_output_average_tensor_batched_1024_cuda_repeat00,4,neural_policy,output_average,hooked_step_total,0.012599818990565836
toy4,neural_output_average,tensor_batched,tensor_batched,cuda,1024,10,1,0,0,3,toy4_gpu_core_neural_output_average_tensor_batched_1024_cuda_repeat00,4,neural_policy,output_average,aggregate_row,0.03055858099833131
toy4,neural_output_average,tensor_batched,tensor_batched,cuda,1024,10,1,0,0,3,toy4_gpu_core_neural_output_average_tensor_batched_1024_cuda_repeat00,4,neural_policy,output_average,write_aggregate,7.244804874062538e-05
toy4,neural_output_average,tensor_batched,tensor_batched,cuda,1024,10,1,0,0,3,toy4_gpu_core_neural_output_average_tensor_batched_1024_cuda_repeat00,5,neural_policy,output_average,sample_revision_mask,2.7833040803670883e-05
toy4,neural_output_average,tensor_batched,tensor_batched,cuda,1024,10,1,0,0,3,toy4_gpu_core_neural_output_average_tensor_batched_1024_cuda_repeat00,5,neural_policy,output_average,build_step_context,9.90892294794321e-06
toy4,neural_output_average,tensor_batched,tensor_batched,cuda,1024,10,1,0,0,3,toy4_gpu_core_neural_output_average_tensor_batched_1024_cuda_repeat00,5,neural_policy,output_average,build_observations,0.0004577490035444498
toy4,neural_output_average,tensor_batched,tensor_batched,cuda,1024,10,1,0,0,3,toy4_gpu_core_neural_output_average_tensor_batched_1024_cuda_repeat00,5,neural_policy,output_average,policy_readout,0.0005004310514777899
toy4,neural_output_average,tensor_batched,tensor_batched,cuda,1024,10,1,0,0,3,toy4_gpu_core_neural_output_average_tensor_batched_1024_cuda_repeat00,5,neural_policy,output_average,decision_selection,0.0008535719243809581
toy4,neural_output_average,tensor_batched,tensor_batched,cuda,1024,10,1,0,0,3,toy4_gpu_core_neural_output_average_tensor_batched_1024_cuda_repeat00,5,neural_policy,output_average,local_trainable_parameters,8.042296394705772e-05
toy4,neural_output_average,tensor_batched,tensor_batched,cuda,1024,10,1,0,0,3,toy4_gpu_core_neural_output_average_tensor_batched_1024_cuda_repeat00,5,neural_policy,output_average,local_loss_forward,0.0005016030045226216
toy4,neural_output_average,tensor_batched,tensor_batched,cuda,1024,10,1,0,0,3,toy4_gpu_core_neural_output_average_tensor_batched_1024_cuda_repeat00,5,neural_policy,output_average,local_autograd_grad,0.0008325919043272734
toy4,neural_output_average,tensor_batched,tensor_batched,cuda,1024,10,1,0,0,3,toy4_gpu_core_neural_output_average_tensor_batched_1024_cuda_repeat00,5,neural_policy,output_average,local_adam_update,0.0009980270406231284
toy4,neural_output_average,tensor_batched,tensor_batched,cuda,1024,10,1,0,0,3,toy4_gpu_core_neural_output_average_tensor_batched_1024_cuda_repeat00,5,neural_policy,output_average,local_optimizer_update,0.0019444749923422933
toy4,neural_output_average,tensor_batched,tensor_batched,cuda,1024,10,1,0,0,3,toy4_gpu_core_neural_output_average_tensor_batched_1024_cuda_repeat00,5,neural_policy,output_average,local_loss_update,0.002479722024872899
toy4,neural_output_average,tensor_batched,tensor_batched,cuda,1024,10,1,0,0,3,toy4_gpu_core_neural_output_average_tensor_batched_1024_cuda_repeat00,5,neural_policy,output_average,local_training,0.002600089996121824
toy4,neural_output_average,tensor_batched,tensor_batched,cuda,1024,10,1,0,0,3,toy4_gpu_core_neural_output_average_tensor_batched_1024_cuda_repeat00,5,neural_policy,output_average,cache_refresh,7.8550074249506e-06
toy4,neural_output_average,tensor_batched,tensor_batched,cuda,1024,10,1,0,0,3,toy4_gpu_core_neural_output_average_tensor_batched_1024_cuda_repeat00,5,neural_policy,output_average,post_local_readout,0.00019388797227293253
toy4,neural_output_average,tensor_batched,tensor_batched,cuda,1024,10,1,0,0,3,toy4_gpu_core_neural_output_average_tensor_batched_1024_cuda_repeat00,5,neural_policy,output_average,local_step,0.005162047920748591
toy4,neural_output_average,tensor_batched,tensor_batched,cuda,1024,10,1,0,0,3,toy4_gpu_core_neural_output_average_tensor_batched_1024_cuda_repeat00,5,neural_policy,output_average,select_peers,0.00018440000712871552
toy4,neural_output_average,tensor_batched,tensor_batched,cuda,1024,10,1,0,0,3,toy4_gpu_core_neural_output_average_tensor_batched_1024_cuda_repeat00,5,neural_policy,output_average,social_mix,0.0005315799498930573
toy4,neural_output_average,tensor_batched,tensor_batched,cuda,1024,10,1,0,0,3,toy4_gpu_core_neural_output_average_tensor_batched_1024_cuda_repeat00,5,neural_policy,output_average,social_loss_forward,0.00021041999571025372
toy4,neural_output_average,tensor_batched,tensor_batched,cuda,1024,10,1,0,0,3,toy4_gpu_core_neural_output_average_tensor_batched_1024_cuda_repeat00,5,neural_policy,output_average,social_autograd_grad,0.00035547593142837286
toy4,neural_output_average,tensor_batched,tensor_batched,cuda,1024,10,1,0,0,3,toy4_gpu_core_neural_output_average_tensor_batched_1024_cuda_repeat00,5,neural_policy,output_average,social_adam_update,0.0010182850528508425
toy4,neural_output_average,tensor_batched,tensor_batched,cuda,1024,10,1,0,0,3,toy4_gpu_core_neural_output_average_tensor_batched_1024_cuda_repeat00,5,neural_policy,output_average,social_optimizer_update,0.0016587720019742846
toy4,neural_output_average,tensor_batched,tensor_batched,cuda,1024,10,1,0,0,3,toy4_gpu_core_neural_output_average_tensor_batched_1024_cuda_repeat00,5,neural_policy,output_average,social_distillation,0.002778197987936437
toy4,neural_output_average,tensor_batched,tensor_batched,cuda,1024,10,1,0,0,3,toy4_gpu_core_neural_output_average_tensor_batched_1024_cuda_repeat00,5,neural_policy,output_average,social_step,0.0027998500736430287
toy4,neural_output_average,tensor_batched,tensor_batched,cuda,1024,10,1,0,0,3,toy4_gpu_core_neural_output_average_tensor_batched_1024_cuda_repeat00,5,neural_policy,output_average,sample_actions,6.602960638701916e-06
toy4,neural_output_average,tensor_batched,tensor_batched,cuda,1024,10,1,0,0,3,toy4_gpu_core_neural_output_average_tensor_batched_1024_cuda_repeat00,5,neural_policy,output_average,commit_actions,8.767005056142807e-06
toy4,neural_output_average,tensor_batched,tensor_batched,cuda,1024,10,1,0,0,3,toy4_gpu_core_neural_output_average_tensor_batched_1024_cuda_repeat00,5,neural_policy,output_average,post_step_state_policy,3.6179088056087494e-05
toy4,neural_output_average,tensor_batched,tensor_batched,cuda,1024,10,1,0,0,3,toy4_gpu_core_neural_output_average_tensor_batched_1024_cuda_repeat00,5,neural_policy,output_average,update_payoff_ema,2.0337989553809166e-05
toy4,neural_output_average,tensor_batched,tensor_batched,cuda,1024,10,1,0,0,3,toy4_gpu_core_neural_output_average_tensor_batched_1024_cuda_repeat00,5,neural_policy,output_average,update_reputation_ema,2.027896698564291e-05
toy4,neural_output_average,tensor_batched,tensor_batched,cuda,1024,10,1,0,0,3,toy4_gpu_core_neural_output_average_tensor_batched_1024_cuda_repeat00,5,neural_policy,output_average,mobility_swaps,2.8954935260117054e-05
toy4,neural_output_average,tensor_batched,tensor_batched,cuda,1024,10,1,0,0,3,toy4_gpu_core_neural_output_average_tensor_batched_1024_cuda_repeat00,5,neural_policy,output_average,finalize_hook_step,2.5318004190921783e-05
toy4,neural_output_average,tensor_batched,tensor_batched,cuda,1024,10,1,0,0,3,toy4_gpu_core_neural_output_average_tensor_batched_1024_cuda_repeat00,5,neural_policy,output_average,hooked_step_total,0.010027101030573249
toy4,neural_output_average,tensor_batched,tensor_batched,cuda,1024,10,1,0,0,3,toy4_gpu_core_neural_output_average_tensor_batched_1024_cuda_repeat00,5,neural_policy,output_average,aggregate_row,0.01444326201453805
toy4,neural_output_average,tensor_batched,tensor_batched,cuda,1024,10,1,0,0,3,toy4_gpu_core_neural_output_average_tensor_batched_1024_cuda_repeat00,5,neural_policy,output_average,write_aggregate,8.078303653746843e-05
toy4,neural_output_average,tensor_batched,tensor_batched,cuda,1024,10,1,0,0,3,toy4_gpu_core_neural_output_average_tensor_batched_1024_cuda_repeat00,6,neural_policy,output_average,sample_revision_mask,2.744200173765421e-05
toy4,neural_output_average,tensor_batched,tensor_batched,cuda,1024,10,1,0,0,3,toy4_gpu_core_neural_output_average_tensor_batched_1024_cuda_repeat00,6,neural_policy,output_average,build_step_context,1.4637946151196957e-05
toy4,neural_output_average,tensor_batched,tensor_batched,cuda,1024,10,1,0,0,3,toy4_gpu_core_neural_output_average_tensor_batched_1024_cuda_repeat00,6,neural_policy,output_average,build_observations,0.0004333329852670431
toy4,neural_output_average,tensor_batched,tensor_batched,cuda,1024,10,1,0,0,3,toy4_gpu_core_neural_output_average_tensor_batched_1024_cuda_repeat00,6,neural_policy,output_average,policy_readout,0.0008185660699382424
toy4,neural_output_average,tensor_batched,tensor_batched,cuda,1024,10,1,0,0,3,toy4_gpu_core_neural_output_average_tensor_batched_1024_cuda_repeat00,6,neural_policy,output_average,decision_selection,0.0011896000942215323
toy4,neural_output_average,tensor_batched,tensor_batched,cuda,1024,10,1,0,0,3,toy4_gpu_core_neural_output_average_tensor_batched_1024_cuda_repeat00,6,neural_policy,output_average,local_trainable_parameters,0.00011763395741581917
toy4,neural_output_average,tensor_batched,tensor_batched,cuda,1024,10,1,0,0,3,toy4_gpu_core_neural_output_average_tensor_batched_1024_cuda_repeat00,6,neural_policy,output_average,local_loss_forward,0.0006422399310395122
toy4,neural_output_average,tensor_batched,tensor_batched,cuda,1024,10,1,0,0,3,toy4_gpu_core_neural_output_average_tensor_batched_1024_cuda_repeat00,6,neural_policy,output_average,local_autograd_grad,0.0009296359494328499
toy4,neural_output_average,tensor_batched,tensor_batched,cuda,1024,10,1,0,0,3,toy4_gpu_core_neural_output_average_tensor_batched_1024_cuda_repeat00,6,neural_policy,output_average,local_adam_update,0.0008490129839628935
toy4,neural_output_average,tensor_batched,tensor_batched,cuda,1024,10,1,0,0,3,toy4_gpu_core_neural_output_average_tensor_batched_1024_cuda_repeat00,6,neural_policy,output_average,local_optimizer_update,0.0019167920108884573
toy4,neural_output_average,tensor_batched,tensor_batched,cuda,1024,10,1,0,0,3,toy4_gpu_core_neural_output_average_tensor_batched_1024_cuda_repeat00,6,neural_policy,output_average,local_loss_update,0.0025886980583891273
toy4,neural_output_average,tensor_batched,tensor_batched,cuda,1024,10,1,0,0,3,toy4_gpu_core_neural_output_average_tensor_batched_1024_cuda_repeat00,6,neural_policy,output_average,local_training,0.0027543429750949144
toy4,neural_output_average,tensor_batched,tensor_batched,cuda,1024,10,1,0,0,3,toy4_gpu_core_neural_output_average_tensor_batched_1024_cuda_repeat00,6,neural_policy,output_average,cache_refresh,7.655005902051926e-06
toy4,neural_output_average,tensor_batched,tensor_batched,cuda,1024,10,1,0,0,3,toy4_gpu_core_neural_output_average_tensor_batched_1024_cuda_repeat00,6,neural_policy,output_average,post_local_readout,0.00021268404088914394
toy4,neural_output_average,tensor_batched,tensor_batched,cuda,1024,10,1,0,0,3,toy4_gpu_core_neural_output_average_tensor_batched_1024_cuda_repeat00,6,neural_policy,output_average,local_step,0.006271185935474932
toy4,neural_output_average,tensor_batched,tensor_batched,cuda,1024,10,1,0,0,3,toy4_gpu_core_neural_output_average_tensor_batched_1024_cuda_repeat00,6,neural_policy,output_average,select_peers,0.00013656902592629194
toy4,neural_output_average,tensor_batched,tensor_batched,cuda,1024,10,1,0,0,3,toy4_gpu_core_neural_output_average_tensor_batched_1024_cuda_repeat00,6,neural_policy,output_average,social_mix,0.0005657850997522473
toy4,neural_output_average,tensor_batched,tensor_batched,cuda,1024,10,1,0,0,3,toy4_gpu_core_neural_output_average_tensor_batched_1024_cuda_repeat00,6,neural_policy,output_average,social_loss_forward,0.00021296401973813772
toy4,neural_output_average,tensor_batched,tensor_batched,cuda,1024,10,1,0,0,3,toy4_gpu_core_neural_output_average_tensor_batched_1024_cuda_repeat00,6,neural_policy,output_average,social_autograd_grad,0.00035420304629951715
toy4,neural_output_average,tensor_batched,tensor_batched,cuda,1024,10,1,0,0,3,toy4_gpu_core_neural_output_average_tensor_batched_1024_cuda_repeat00,6,neural_policy,output_average,social_adam_update,0.0006605149246752262
toy4,neural_output_average,tensor_batched,tensor_batched,cuda,1024,10,1,0,0,3,toy4_gpu_core_neural_output_average_tensor_batched_1024_cuda_repeat00,6,neural_policy,output_average,social_optimizer_update,0.0013027050299569964
toy4,neural_output_average,tensor_batched,tensor_batched,cuda,1024,10,1,0,0,3,toy4_gpu_core_neural_output_average_tensor_batched_1024_cuda_repeat00,6,neural_policy,output_average,social_distillation,0.0025558460038155317
toy4,neural_output_average,tensor_batched,tensor_batched,cuda,1024,10,1,0,0,3,toy4_gpu_core_neural_output_average_tensor_batched_1024_cuda_repeat00,6,neural_policy,output_average,social_step,0.0025778469862416387
toy4,neural_output_average,tensor_batched,tensor_batched,cuda,1024,10,1,0,0,3,toy4_gpu_core_neural_output_average_tensor_batched_1024_cuda_repeat00,6,neural_policy,output_average,sample_actions,6.351969204843044e-06
toy4,neural_output_average,tensor_batched,tensor_batched,cuda,1024,10,1,0,0,3,toy4_gpu_core_neural_output_average_tensor_batched_1024_cuda_repeat00,6,neural_policy,output_average,commit_actions,8.036033250391483e-06
toy4,neural_output_average,tensor_batched,tensor_batched,cuda,1024,10,1,0,0,3,toy4_gpu_core_neural_output_average_tensor_batched_1024_cuda_repeat00,6,neural_policy,output_average,post_step_state_policy,2.4787033908069134e-05
toy4,neural_output_average,tensor_batched,tensor_batched,cuda,1024,10,1,0,0,3,toy4_gpu_core_neural_output_average_tensor_batched_1024_cuda_repeat00,6,neural_policy,output_average,update_payoff_ema,2.0349049009382725e-05
toy4,neural_output_average,tensor_batched,tensor_batched,cuda,1024,10,1,0,0,3,toy4_gpu_core_neural_output_average_tensor_batched_1024_cuda_repeat00,6,neural_policy,output_average,update_reputation_ema,1.5930039808154106e-05
toy4,neural_output_average,tensor_batched,tensor_batched,cuda,1024,10,1,0,0,3,toy4_gpu_core_neural_output_average_tensor_batched_1024_cuda_repeat00,6,neural_policy,output_average,mobility_swaps,2.2783060558140278e-05
toy4,neural_output_average,tensor_batched,tensor_batched,cuda,1024,10,1,0,0,3,toy4_gpu_core_neural_output_average_tensor_batched_1024_cuda_repeat00,6,neural_policy,output_average,finalize_hook_step,1.440802589058876e-05
toy4,neural_output_average,tensor_batched,tensor_batched,cuda,1024,10,1,0,0,3,toy4_gpu_core_neural_output_average_tensor_batched_1024_cuda_repeat00,6,neural_policy,output_average,hooked_step_total,0.009862679056823254
toy4,neural_output_average,tensor_batched,tensor_batched,cuda,1024,10,1,0,0,3,toy4_gpu_core_neural_output_average_tensor_batched_1024_cuda_repeat00,6,neural_policy,output_average,aggregate_row,0.03473292198032141
toy4,neural_output_average,tensor_batched,tensor_batched,cuda,1024,10,1,0,0,3,toy4_gpu_core_neural_output_average_tensor_batched_1024_cuda_repeat00,6,neural_policy,output_average,write_aggregate,9.098206646740437e-05
toy4,neural_output_average,tensor_batched,tensor_batched,cuda,1024,10,1,0,0,3,toy4_gpu_core_neural_output_average_tensor_batched_1024_cuda_repeat00,7,neural_policy,output_average,sample_revision_mask,3.578804899007082e-05
toy4,neural_output_average,tensor_batched,tensor_batched,cuda,1024,10,1,0,0,3,toy4_gpu_core_neural_output_average_tensor_batched_1024_cuda_repeat00,7,neural_policy,output_average,build_step_context,1.756299752742052e-05
toy4,neural_output_average,tensor_batched,tensor_batched,cuda,1024,10,1,0,0,3,toy4_gpu_core_neural_output_average_tensor_batched_1024_cuda_repeat00,7,neural_policy,output_average,build_observations,0.0019925860688090324
toy4,neural_output_average,tensor_batched,tensor_batched,cuda,1024,10,1,0,0,3,toy4_gpu_core_neural_output_average_tensor_batched_1024_cuda_repeat00,7,neural_policy,output_average,policy_readout,0.0012921550078317523
toy4,neural_output_average,tensor_batched,tensor_batched,cuda,1024,10,1,0,0,3,toy4_gpu_core_neural_output_average_tensor_batched_1024_cuda_repeat00,7,neural_policy,output_average,decision_selection,0.001080231973901391
toy4,neural_output_average,tensor_batched,tensor_batched,cuda,1024,10,1,0,0,3,toy4_gpu_core_neural_output_average_tensor_batched_1024_cuda_repeat00,7,neural_policy,output_average,local_trainable_parameters,0.00012498802971094847
toy4,neural_output_average,tensor_batched,tensor_batched,cuda,1024,10,1,0,0,3,toy4_gpu_core_neural_output_average_tensor_batched_1024_cuda_repeat00,7,neural_policy,output_average,local_loss_forward,0.002645417000167072
toy4,neural_output_average,tensor_batched,tensor_batched,cuda,1024,10,1,0,0,3,toy4_gpu_core_neural_output_average_tensor_batched_1024_cuda_repeat00,7,neural_policy,output_average,local_autograd_grad,0.0010188360465690494
toy4,neural_output_average,tensor_batched,tensor_batched,cuda,1024,10,1,0,0,3,toy4_gpu_core_neural_output_average_tensor_batched_1024_cuda_repeat00,7,neural_policy,output_average,local_adam_update,0.0009938180446624756
toy4,neural_output_average,tensor_batched,tensor_batched,cuda,1024,10,1,0,0,3,toy4_gpu_core_neural_output_average_tensor_batched_1024_cuda_repeat00,7,neural_policy,output_average,local_optimizer_update,0.0021418490214273334
toy4,neural_output_average,tensor_batched,tensor_batched,cuda,1024,10,1,0,0,3,toy4_gpu_core_neural_output_average_tensor_batched_1024_cuda_repeat00,7,neural_policy,output_average,local_loss_update,0.004818325047381222
toy4,neural_output_average,tensor_batched,tensor_batched,cuda,1024,10,1,0,0,3,toy4_gpu_core_neural_output_average_tensor_batched_1024_cuda_repeat00,7,neural_policy,output_average,local_training,0.004993277019821107
toy4,neural_output_average,tensor_batched,tensor_batched,cuda,1024,10,1,0,0,3,toy4_gpu_core_neural_output_average_tensor_batched_1024_cuda_repeat00,7,neural_policy,output_average,cache_refresh,8.716946467757225e-06
toy4,neural_output_average,tensor_batched,tensor_batched,cuda,1024,10,1,0,0,3,toy4_gpu_core_neural_output_average_tensor_batched_1024_cuda_repeat00,7,neural_policy,output_average,post_local_readout,0.00020817597396671772
toy4,neural_output_average,tensor_batched,tensor_batched,cuda,1024,10,1,0,0,3,toy4_gpu_core_neural_output_average_tensor_batched_1024_cuda_repeat00,7,neural_policy,output_average,local_step,0.01044850202742964
toy4,neural_output_average,tensor_batched,tensor_batched,cuda,1024,10,1,0,0,3,toy4_gpu_core_neural_output_average_tensor_batched_1024_cuda_repeat00,7,neural_policy,output_average,select_peers,0.00012949598021805286
toy4,neural_output_average,tensor_batched,tensor_batched,cuda,1024,10,1,0,0,3,toy4_gpu_core_neural_output_average_tensor_batched_1024_cuda_repeat00,7,neural_policy,output_average,social_mix,0.0016407769871875644
toy4,neural_output_average,tensor_batched,tensor_batched,cuda,1024,10,1,0,0,3,toy4_gpu_core_neural_output_average_tensor_batched_1024_cuda_repeat00,7,neural_policy,output_average,social_loss_forward,0.00021158193703740835
toy4,neural_output_average,tensor_batched,tensor_batched,cuda,1024,10,1,0,0,3,toy4_gpu_core_neural_output_average_tensor_batched_1024_cuda_repeat00,7,neural_policy,output_average,social_autograd_grad,0.0003463879693299532
toy4,neural_output_average,tensor_batched,tensor_batched,cuda,1024,10,1,0,0,3,toy4_gpu_core_neural_output_average_tensor_batched_1024_cuda_repeat00,7,neural_policy,output_average,social_adam_update,0.0006846410688012838
toy4,neural_output_average,tensor_batched,tensor_batched,cuda,1024,10,1,0,0,3,toy4_gpu_core_neural_output_average_tensor_batched_1024_cuda_repeat00,7,neural_policy,output_average,social_optimizer_update,0.0013260398991405964
toy4,neural_output_average,tensor_batched,tensor_batched,cuda,1024,10,1,0,0,3,toy4_gpu_core_neural_output_average_tensor_batched_1024_cuda_repeat00,7,neural_policy,output_average,social_distillation,0.003814496914856136
toy4,neural_output_average,tensor_batched,tensor_batched,cuda,1024,10,1,0,0,3,toy4_gpu_core_neural_output_average_tensor_batched_1024_cuda_repeat00,7,neural_policy,output_average,social_step,0.003838143078610301
toy4,neural_output_average,tensor_batched,tensor_batched,cuda,1024,10,1,0,0,3,toy4_gpu_core_neural_output_average_tensor_batched_1024_cuda_repeat00,7,neural_policy,output_average,sample_actions,6.471993401646614e-06
toy4,neural_output_average,tensor_batched,tensor_batched,cuda,1024,10,1,0,0,3,toy4_gpu_core_neural_output_average_tensor_batched_1024_cuda_repeat00,7,neural_policy,output_average,commit_actions,8.586910553276539e-06
toy4,neural_output_average,tensor_batched,tensor_batched,cuda,1024,10,1,0,0,3,toy4_gpu_core_neural_output_average_tensor_batched_1024_cuda_repeat00,7,neural_policy,output_average,post_step_state_policy,2.9415939934551716e-05
toy4,neural_output_average,tensor_batched,tensor_batched,cuda,1024,10,1,0,0,3,toy4_gpu_core_neural_output_average_tensor_batched_1024_cuda_repeat00,7,neural_policy,output_average,update_payoff_ema,2.1059997379779816e-05
toy4,neural_output_average,tensor_batched,tensor_batched,cuda,1024,10,1,0,0,3,toy4_gpu_core_neural_output_average_tensor_batched_1024_cuda_repeat00,7,neural_policy,output_average,update_reputation_ema,1.7893966287374496e-05
toy4,neural_output_average,tensor_batched,tensor_batched,cuda,1024,10,1,0,0,3,toy4_gpu_core_neural_output_average_tensor_batched_1024_cuda_repeat00,7,neural_policy,output_average,mobility_swaps,2.2412044927477837e-05
toy4,neural_output_average,tensor_batched,tensor_batched,cuda,1024,10,1,0,0,3,toy4_gpu_core_neural_output_average_tensor_batched_1024_cuda_repeat00,7,neural_policy,output_average,finalize_hook_step,1.3857032172381878e-05
toy4,neural_output_average,tensor_batched,tensor_batched,cuda,1024,10,1,0,0,3,toy4_gpu_core_neural_output_average_tensor_batched_1024_cuda_repeat00,7,neural_policy,output_average,hooked_step_total,0.015487917000427842
toy4,neural_output_average,tensor_batched,tensor_batched,cuda,1024,10,1,0,0,3,toy4_gpu_core_neural_output_average_tensor_batched_1024_cuda_repeat00,7,neural_policy,output_average,aggregate_row,0.021453862078487873
toy4,neural_output_average,tensor_batched,tensor_batched,cuda,1024,10,1,0,0,3,toy4_gpu_core_neural_output_average_tensor_batched_1024_cuda_repeat00,7,neural_policy,output_average,write_aggregate,7.929094135761261e-05
toy4,neural_output_average,tensor_batched,tensor_batched,cuda,1024,10,1,0,0,3,toy4_gpu_core_neural_output_average_tensor_batched_1024_cuda_repeat00,8,neural_policy,output_average,sample_revision_mask,2.631999086588621e-05
toy4,neural_output_average,tensor_batched,tensor_batched,cuda,1024,10,1,0,0,3,toy4_gpu_core_neural_output_average_tensor_batched_1024_cuda_repeat00,8,neural_policy,output_average,build_step_context,1.4818040654063225e-05
toy4,neural_output_average,tensor_batched,tensor_batched,cuda,1024,10,1,0,0,3,toy4_gpu_core_neural_output_average_tensor_batched_1024_cuda_repeat00,8,neural_policy,output_average,build_observations,0.0004782180767506361
toy4,neural_output_average,tensor_batched,tensor_batched,cuda,1024,10,1,0,0,3,toy4_gpu_core_neural_output_average_tensor_batched_1024_cuda_repeat00,8,neural_policy,output_average,policy_readout,0.0005242159822955728
toy4,neural_output_average,tensor_batched,tensor_batched,cuda,1024,10,1,0,0,3,toy4_gpu_core_neural_output_average_tensor_batched_1024_cuda_repeat00,8,neural_policy,output_average,decision_selection,0.0008861939422786236
toy4,neural_output_average,tensor_batched,tensor_batched,cuda,1024,10,1,0,0,3,toy4_gpu_core_neural_output_average_tensor_batched_1024_cuda_repeat00,8,neural_policy,output_average,local_trainable_parameters,8.609297219663858e-05
toy4,neural_output_average,tensor_batched,tensor_batched,cuda,1024,10,1,0,0,3,toy4_gpu_core_neural_output_average_tensor_batched_1024_cuda_repeat00,8,neural_policy,output_average,local_loss_forward,0.0005399660440161824
toy4,neural_output_average,tensor_batched,tensor_batched,cuda,1024,10,1,0,0,3,toy4_gpu_core_neural_output_average_tensor_batched_1024_cuda_repeat00,8,neural_policy,output_average,local_autograd_grad,0.0007878770120441914
toy4,neural_output_average,tensor_batched,tensor_batched,cuda,1024,10,1,0,0,3,toy4_gpu_core_neural_output_average_tensor_batched_1024_cuda_repeat00,8,neural_policy,output_average,local_adam_update,0.0008843910181894898
toy4,neural_output_average,tensor_batched,tensor_batched,cuda,1024,10,1,0,0,3,toy4_gpu_core_neural_output_average_tensor_batched_1024_cuda_repeat00,8,neural_policy,output_average,local_optimizer_update,0.0017871959134936333
toy4,neural_output_average,tensor_batched,tensor_batched,cuda,1024,10,1,0,0,3,toy4_gpu_core_neural_output_average_tensor_batched_1024_cuda_repeat00,8,neural_policy,output_average,local_loss_update,0.002355976030230522
toy4,neural_output_average,tensor_batched,tensor_batched,cuda,1024,10,1,0,0,3,toy4_gpu_core_neural_output_average_tensor_batched_1024_cuda_repeat00,8,neural_policy,output_average,local_training,0.002481193980202079
toy4,neural_output_average,tensor_batched,tensor_batched,cuda,1024,10,1,0,0,3,toy4_gpu_core_neural_output_average_tensor_batched_1024_cuda_repeat00,8,neural_policy,output_average,cache_refresh,8.045928552746773e-06
toy4,neural_output_average,tensor_batched,tensor_batched,cuda,1024,10,1,0,0,3,toy4_gpu_core_neural_output_average_tensor_batched_1024_cuda_repeat00,8,neural_policy,output_average,post_local_readout,0.00017513299826532602
toy4,neural_output_average,tensor_batched,tensor_batched,cuda,1024,10,1,0,0,3,toy4_gpu_core_neural_output_average_tensor_batched_1024_cuda_repeat00,8,neural_policy,output_average,local_step,0.005106271943077445
toy4,neural_output_average,tensor_batched,tensor_batched,cuda,1024,10,1,0,0,3,toy4_gpu_core_neural_output_average_tensor_batched_1024_cuda_repeat00,8,neural_policy,output_average,select_peers,0.00011600996367633343
toy4,neural_output_average,tensor_batched,tensor_batched,cuda,1024,10,1,0,0,3,toy4_gpu_core_neural_output_average_tensor_batched_1024_cuda_repeat00,8,neural_policy,output_average,social_mix,0.0004916239995509386
toy4,neural_output_average,tensor_batched,tensor_batched,cuda,1024,10,1,0,0,3,toy4_gpu_core_neural_output_average_tensor_batched_1024_cuda_repeat00,8,neural_policy,output_average,social_loss_forward,0.00021662097424268723
toy4,neural_output_average,tensor_batched,tensor_batched,cuda,1024,10,1,0,0,3,toy4_gpu_core_neural_output_average_tensor_batched_1024_cuda_repeat00,8,neural_policy,output_average,social_autograd_grad,0.00034008605871349573
toy4,neural_output_average,tensor_batched,tensor_batched,cuda,1024,10,1,0,0,3,toy4_gpu_core_neural_output_average_tensor_batched_1024_cuda_repeat00,8,neural_policy,output_average,social_adam_update,0.0006851620273664594
toy4,neural_output_average,tensor_batched,tensor_batched,cuda,1024,10,1,0,0,3,toy4_gpu_core_neural_output_average_tensor_batched_1024_cuda_repeat00,8,neural_policy,output_average,social_optimizer_update,0.0013105800608173013
toy4,neural_output_average,tensor_batched,tensor_batched,cuda,1024,10,1,0,0,3,toy4_gpu_core_neural_output_average_tensor_batched_1024_cuda_repeat00,8,neural_policy,output_average,social_distillation,0.0023864039685577154
toy4,neural_output_average,tensor_batched,tensor_batched,cuda,1024,10,1,0,0,3,toy4_gpu_core_neural_output_average_tensor_batched_1024_cuda_repeat00,8,neural_policy,output_average,social_step,0.00240867689717561
toy4,neural_output_average,tensor_batched,tensor_batched,cuda,1024,10,1,0,0,3,toy4_gpu_core_neural_output_average_tensor_batched_1024_cuda_repeat00,8,neural_policy,output_average,sample_actions,6.492016837000847e-06
toy4,neural_output_average,tensor_batched,tensor_batched,cuda,1024,10,1,0,0,3,toy4_gpu_core_neural_output_average_tensor_batched_1024_cuda_repeat00,8,neural_policy,output_average,commit_actions,8.06502066552639e-06
toy4,neural_output_average,tensor_batched,tensor_batched,cuda,1024,10,1,0,0,3,toy4_gpu_core_neural_output_average_tensor_batched_1024_cuda_repeat00,8,neural_policy,output_average,post_step_state_policy,2.5347922928631306e-05
toy4,neural_output_average,tensor_batched,tensor_batched,cuda,1024,10,1,0,0,3,toy4_gpu_core_neural_output_average_tensor_batched_1024_cuda_repeat00,8,neural_policy,output_average,update_payoff_ema,1.9205966964364052e-05
toy4,neural_output_average,tensor_batched,tensor_batched,cuda,1024,10,1,0,0,3,toy4_gpu_core_neural_output_average_tensor_batched_1024_cuda_repeat00,8,neural_policy,output_average,update_reputation_ema,1.6520963981747627e-05
toy4,neural_output_average,tensor_batched,tensor_batched,cuda,1024,10,1,0,0,3,toy4_gpu_core_neural_output_average_tensor_batched_1024_cuda_repeat00,8,neural_policy,output_average,mobility_swaps,2.0598992705345154e-05
toy4,neural_output_average,tensor_batched,tensor_batched,cuda,1024,10,1,0,0,3,toy4_gpu_core_neural_output_average_tensor_batched_1024_cuda_repeat00,8,neural_policy,output_average,finalize_hook_step,1.436704769730568e-05
toy4,neural_output_average,tensor_batched,tensor_batched,cuda,1024,10,1,0,0,3,toy4_gpu_core_neural_output_average_tensor_batched_1024_cuda_repeat00,8,neural_policy,output_average,hooked_step_total,0.008473219000734389
toy4,neural_output_average,tensor_batched,tensor_batched,cuda,1024,10,1,0,0,3,toy4_gpu_core_neural_output_average_tensor_batched_1024_cuda_repeat00,8,neural_policy,output_average,aggregate_row,0.04004613705910742
toy4,neural_output_average,tensor_batched,tensor_batched,cuda,1024,10,1,0,0,3,toy4_gpu_core_neural_output_average_tensor_batched_1024_cuda_repeat00,8,neural_policy,output_average,write_aggregate,0.00011416699271649122
toy4,neural_output_average,tensor_batched,tensor_batched,cuda,1024,10,1,0,0,3,toy4_gpu_core_neural_output_average_tensor_batched_1024_cuda_repeat00,9,neural_policy,output_average,sample_revision_mask,3.979599568992853e-05
toy4,neural_output_average,tensor_batched,tensor_batched,cuda,1024,10,1,0,0,3,toy4_gpu_core_neural_output_average_tensor_batched_1024_cuda_repeat00,9,neural_policy,output_average,build_step_context,1.4047021977603436e-05
toy4,neural_output_average,tensor_batched,tensor_batched,cuda,1024,10,1,0,0,3,toy4_gpu_core_neural_output_average_tensor_batched_1024_cuda_repeat00,9,neural_policy,output_average,build_observations,0.0008802119409665465
toy4,neural_output_average,tensor_batched,tensor_batched,cuda,1024,10,1,0,0,3,toy4_gpu_core_neural_output_average_tensor_batched_1024_cuda_repeat00,9,neural_policy,output_average,policy_readout,0.0008234549313783646
toy4,neural_output_average,tensor_batched,tensor_batched,cuda,1024,10,1,0,0,3,toy4_gpu_core_neural_output_average_tensor_batched_1024_cuda_repeat00,9,neural_policy,output_average,decision_selection,0.000978589989244938
toy4,neural_output_average,tensor_batched,tensor_batched,cuda,1024,10,1,0,0,3,toy4_gpu_core_neural_output_average_tensor_batched_1024_cuda_repeat00,9,neural_policy,output_average,local_trainable_parameters,9.323703125119209e-05
toy4,neural_output_average,tensor_batched,tensor_batched,cuda,1024,10,1,0,0,3,toy4_gpu_core_neural_output_average_tensor_batched_1024_cuda_repeat00,9,neural_policy,output_average,local_loss_forward,0.000575243029743433
toy4,neural_output_average,tensor_batched,tensor_batched,cuda,1024,10,1,0,0,3,toy4_gpu_core_neural_output_average_tensor_batched_1024_cuda_repeat00,9,neural_policy,output_average,local_autograd_grad,0.0008700330508872867
toy4,neural_output_average,tensor_batched,tensor_batched,cuda,1024,10,1,0,0,3,toy4_gpu_core_neural_output_average_tensor_batched_1024_cuda_repeat00,9,neural_policy,output_average,local_adam_update,0.0009808629984036088
toy4,neural_output_average,tensor_batched,tensor_batched,cuda,1024,10,1,0,0,3,toy4_gpu_core_neural_output_average_tensor_batched_1024_cuda_repeat00,9,neural_policy,output_average,local_optimizer_update,0.001971044926904142
toy4,neural_output_average,tensor_batched,tensor_batched,cuda,1024,10,1,0,0,3,toy4_gpu_core_neural_output_average_tensor_batched_1024_cuda_repeat00,9,neural_policy,output_average,local_loss_update,0.00257573404815048
toy4,neural_output_average,tensor_batched,tensor_batched,cuda,1024,10,1,0,0,3,toy4_gpu_core_neural_output_average_tensor_batched_1024_cuda_repeat00,9,neural_policy,output_average,local_training,0.00270727404858917
toy4,neural_output_average,tensor_batched,tensor_batched,cuda,1024,10,1,0,0,3,toy4_gpu_core_neural_output_average_tensor_batched_1024_cuda_repeat00,9,neural_policy,output_average,cache_refresh,8.827075362205505e-06
toy4,neural_output_average,tensor_batched,tensor_batched,cuda,1024,10,1,0,0,3,toy4_gpu_core_neural_output_average_tensor_batched_1024_cuda_repeat00,9,neural_policy,output_average,post_local_readout,0.00024959398433566093
toy4,neural_output_average,tensor_batched,tensor_batched,cuda,1024,10,1,0,0,3,toy4_gpu_core_neural_output_average_tensor_batched_1024_cuda_repeat00,9,neural_policy,output_average,local_step,0.006361056002788246
toy4,neural_output_average,tensor_batched,tensor_batched,cuda,1024,10,1,0,0,3,toy4_gpu_core_neural_output_average_tensor_batched_1024_cuda_repeat00,9,neural_policy,output_average,select_peers,0.00015454401727765799
toy4,neural_output_average,tensor_batched,tensor_batched,cuda,1024,10,1,0,0,3,toy4_gpu_core_neural_output_average_tensor_batched_1024_cuda_repeat00,9,neural_policy,output_average,social_mix,0.0005665469216182828
toy4,neural_output_average,tensor_batched,tensor_batched,cuda,1024,10,1,0,0,3,toy4_gpu_core_neural_output_average_tensor_batched_1024_cuda_repeat00,9,neural_policy,output_average,social_loss_forward,0.00024533597752451897
toy4,neural_output_average,tensor_batched,tensor_batched,cuda,1024,10,1,0,0,3,toy4_gpu_core_neural_output_average_tensor_batched_1024_cuda_repeat00,9,neural_policy,output_average,social_autograd_grad,0.0004204089054837823
toy4,neural_output_average,tensor_batched,tensor_batched,cuda,1024,10,1,0,0,3,toy4_gpu_core_neural_output_average_tensor_batched_1024_cuda_repeat00,9,neural_policy,output_average,social_adam_update,0.0008548939367756248
toy4,neural_output_average,tensor_batched,tensor_batched,cuda,1024,10,1,0,0,3,toy4_gpu_core_neural_output_average_tensor_batched_1024_cuda_repeat00,9,neural_policy,output_average,social_optimizer_update,0.0016320210415869951
toy4,neural_output_average,tensor_batched,tensor_batched,cuda,1024,10,1,0,0,3,toy4_gpu_core_neural_output_average_tensor_batched_1024_cuda_repeat00,9,neural_policy,output_average,social_distillation,0.002920028055086732
toy4,neural_output_average,tensor_batched,tensor_batched,cuda,1024,10,1,0,0,3,toy4_gpu_core_neural_output_average_tensor_batched_1024_cuda_repeat00,9,neural_policy,output_average,social_step,0.0029427720000967383
toy4,neural_output_average,tensor_batched,tensor_batched,cuda,1024,10,1,0,0,3,toy4_gpu_core_neural_output_average_tensor_batched_1024_cuda_repeat00,9,neural_policy,output_average,sample_actions,6.422051228582859e-06
toy4,neural_output_average,tensor_batched,tensor_batched,cuda,1024,10,1,0,0,3,toy4_gpu_core_neural_output_average_tensor_batched_1024_cuda_repeat00,9,neural_policy,output_average,commit_actions,8.46607144922018e-06
toy4,neural_output_average,tensor_batched,tensor_batched,cuda,1024,10,1,0,0,3,toy4_gpu_core_neural_output_average_tensor_batched_1024_cuda_repeat00,9,neural_policy,output_average,post_step_state_policy,2.9506045393645763e-05
toy4,neural_output_average,tensor_batched,tensor_batched,cuda,1024,10,1,0,0,3,toy4_gpu_core_neural_output_average_tensor_batched_1024_cuda_repeat00,9,neural_policy,output_average,update_payoff_ema,2.1339976228773594e-05
toy4,neural_output_average,tensor_batched,tensor_batched,cuda,1024,10,1,0,0,3,toy4_gpu_core_neural_output_average_tensor_batched_1024_cuda_repeat00,9,neural_policy,output_average,update_reputation_ema,1.9697006791830063e-05
toy4,neural_output_average,tensor_batched,tensor_batched,cuda,1024,10,1,0,0,3,toy4_gpu_core_neural_output_average_tensor_batched_1024_cuda_repeat00,9,neural_policy,output_average,mobility_swaps,2.3624044843018055e-05
toy4,neural_output_average,tensor_batched,tensor_batched,cuda,1024,10,1,0,0,3,toy4_gpu_core_neural_output_average_tensor_batched_1024_cuda_repeat00,9,neural_policy,output_average,finalize_hook_step,1.493899617344141e-05
toy4,neural_output_average,tensor_batched,tensor_batched,cuda,1024,10,1,0,0,3,toy4_gpu_core_neural_output_average_tensor_batched_1024_cuda_repeat00,9,neural_policy,output_average,hooked_step_total,0.010584330069832504
toy4,neural_output_average,tensor_batched,tensor_batched,cuda,1024,10,1,0,0,3,toy4_gpu_core_neural_output_average_tensor_batched_1024_cuda_repeat00,9,neural_policy,output_average,aggregate_row,0.03387710603419691
toy4,neural_output_average,tensor_batched,tensor_batched,cuda,1024,10,1,0,0,3,toy4_gpu_core_neural_output_average_tensor_batched_1024_cuda_repeat00,9,neural_policy,output_average,write_aggregate,7.553398609161377e-05
toy4,neural_output_average,tensor_batched,tensor_batched,cuda,1024,10,1,0,0,3,toy4_gpu_core_neural_output_average_tensor_batched_1024_cuda_repeat00,10,neural_policy,output_average,sample_revision_mask,4.724995233118534e-05
toy4,neural_output_average,tensor_batched,tensor_batched,cuda,1024,10,1,0,0,3,toy4_gpu_core_neural_output_average_tensor_batched_1024_cuda_repeat00,10,neural_policy,output_average,build_step_context,1.1801952496170998e-05
toy4,neural_output_average,tensor_batched,tensor_batched,cuda,1024,10,1,0,0,3,toy4_gpu_core_neural_output_average_tensor_batched_1024_cuda_repeat00,10,neural_policy,output_average,build_observations,0.0005775379249826074
toy4,neural_output_average,tensor_batched,tensor_batched,cuda,1024,10,1,0,0,3,toy4_gpu_core_neural_output_average_tensor_batched_1024_cuda_repeat00,10,neural_policy,output_average,policy_readout,0.0013765960466116667
toy4,neural_output_average,tensor_batched,tensor_batched,cuda,1024,10,1,0,0,3,toy4_gpu_core_neural_output_average_tensor_batched_1024_cuda_repeat00,10,neural_policy,output_average,decision_selection,0.0013575489865615964
toy4,neural_output_average,tensor_batched,tensor_batched,cuda,1024,10,1,0,0,3,toy4_gpu_core_neural_output_average_tensor_batched_1024_cuda_repeat00,10,neural_policy,output_average,local_trainable_parameters,0.00012589897960424423
toy4,neural_output_average,tensor_batched,tensor_batched,cuda,1024,10,1,0,0,3,toy4_gpu_core_neural_output_average_tensor_batched_1024_cuda_repeat00,10,neural_policy,output_average,local_loss_forward,0.0006838190602138638
toy4,neural_output_average,tensor_batched,tensor_batched,cuda,1024,10,1,0,0,3,toy4_gpu_core_neural_output_average_tensor_batched_1024_cuda_repeat00,10,neural_policy,output_average,local_autograd_grad,0.0010704939486458898
toy4,neural_output_average,tensor_batched,tensor_batched,cuda,1024,10,1,0,0,3,toy4_gpu_core_neural_output_average_tensor_batched_1024_cuda_repeat00,10,neural_policy,output_average,local_adam_update,0.0011625289916992188
toy4,neural_output_average,tensor_batched,tensor_batched,cuda,1024,10,1,0,0,3,toy4_gpu_core_neural_output_average_tensor_batched_1024_cuda_repeat00,10,neural_policy,output_average,local_optimizer_update,0.0023652641102671623
toy4,neural_output_average,tensor_batched,tensor_batched,cuda,1024,10,1,0,0,3,toy4_gpu_core_neural_output_average_tensor_batched_1024_cuda_repeat00,10,neural_policy,output_average,local_loss_update,0.003078809939324856
toy4,neural_output_average,tensor_batched,tensor_batched,cuda,1024,10,1,0,0,3,toy4_gpu_core_neural_output_average_tensor_batched_1024_cuda_repeat00,10,neural_policy,output_average,local_training,0.003265134058892727
toy4,neural_output_average,tensor_batched,tensor_batched,cuda,1024,10,1,0,0,3,toy4_gpu_core_neural_output_average_tensor_batched_1024_cuda_repeat00,10,neural_policy,output_average,cache_refresh,8.065951988101006e-06
toy4,neural_output_average,tensor_batched,tensor_batched,cuda,1024,10,1,0,0,3,toy4_gpu_core_neural_output_average_tensor_batched_1024_cuda_repeat00,10,neural_policy,output_average,post_local_readout,0.00024444505106657743
toy4,neural_output_average,tensor_batched,tensor_batched,cuda,1024,10,1,0,0,3,toy4_gpu_core_neural_output_average_tensor_batched_1024_cuda_repeat00,10,neural_policy,output_average,local_step,0.007539465092122555
toy4,neural_output_average,tensor_batched,tensor_batched,cuda,1024,10,1,0,0,3,toy4_gpu_core_neural_output_average_tensor_batched_1024_cuda_repeat00,10,neural_policy,output_average,select_peers,0.00012767210137099028
toy4,neural_output_average,tensor_batched,tensor_batched,cuda,1024,10,1,0,0,3,toy4_gpu_core_neural_output_average_tensor_batched_1024_cuda_repeat00,10,neural_policy,output_average,social_mix,0.0005767249967902899
toy4,neural_output_average,tensor_batched,tensor_batched,cuda,1024,10,1,0,0,3,toy4_gpu_core_neural_output_average_tensor_batched_1024_cuda_repeat00,10,neural_policy,output_average,social_loss_forward,0.00024043710436671972
toy4,neural_output_average,tensor_batched,tensor_batched,cuda,1024,10,1,0,0,3,toy4_gpu_core_neural_output_average_tensor_batched_1024_cuda_repeat00,10,neural_policy,output_average,social_autograd_grad,0.0004375720163807273
toy4,neural_output_average,tensor_batched,tensor_batched,cuda,1024,10,1,0,0,3,toy4_gpu_core_neural_output_average_tensor_batched_1024_cuda_repeat00,10,neural_policy,output_average,social_adam_update,0.0007045279489830136
toy4,neural_output_average,tensor_batched,tensor_batched,cuda,1024,10,1,0,0,3,toy4_gpu_core_neural_output_average_tensor_batched_1024_cuda_repeat00,10,neural_policy,output_average,social_optimizer_update,0.001431470038369298
toy4,neural_output_average,tensor_batched,tensor_batched,cuda,1024,10,1,0,0,3,toy4_gpu_core_neural_output_average_tensor_batched_1024_cuda_repeat00,10,neural_policy,output_average,social_distillation,0.0027142770122736692
toy4,neural_output_average,tensor_batched,tensor_batched,cuda,1024,10,1,0,0,3,toy4_gpu_core_neural_output_average_tensor_batched_1024_cuda_repeat00,10,neural_policy,output_average,social_step,0.002738783019594848
toy4,neural_output_average,tensor_batched,tensor_batched,cuda,1024,10,1,0,0,3,toy4_gpu_core_neural_output_average_tensor_batched_1024_cuda_repeat00,10,neural_policy,output_average,sample_actions,6.853020749986172e-06
toy4,neural_output_average,tensor_batched,tensor_batched,cuda,1024,10,1,0,0,3,toy4_gpu_core_neural_output_average_tensor_batched_1024_cuda_repeat00,10,neural_policy,output_average,commit_actions,1.2333039194345474e-05
toy4,neural_output_average,tensor_batched,tensor_batched,cuda,1024,10,1,0,0,3,toy4_gpu_core_neural_output_average_tensor_batched_1024_cuda_repeat00,10,neural_policy,output_average,post_step_state_policy,5.553499795496464e-05
toy4,neural_output_average,tensor_batched,tensor_batched,cuda,1024,10,1,0,0,3,toy4_gpu_core_neural_output_average_tensor_batched_1024_cuda_repeat00,10,neural_policy,output_average,update_payoff_ema,2.6721041649580002e-05
toy4,neural_output_average,tensor_batched,tensor_batched,cuda,1024,10,1,0,0,3,toy4_gpu_core_neural_output_average_tensor_batched_1024_cuda_repeat00,10,neural_policy,output_average,update_reputation_ema,2.644001506268978e-05
toy4,neural_output_average,tensor_batched,tensor_batched,cuda,1024,10,1,0,0,3,toy4_gpu_core_neural_output_average_tensor_batched_1024_cuda_repeat00,10,neural_policy,output_average,mobility_swaps,5.5885990150272846e-05
toy4,neural_output_average,tensor_batched,tensor_batched,cuda,1024,10,1,0,0,3,toy4_gpu_core_neural_output_average_tensor_batched_1024_cuda_repeat00,10,neural_policy,output_average,finalize_hook_step,2.272299025207758e-05
toy4,neural_output_average,tensor_batched,tensor_batched,cuda,1024,10,1,0,0,3,toy4_gpu_core_neural_output_average_tensor_batched_1024_cuda_repeat00,10,neural_policy,output_average,hooked_step_total,0.011649313964881003
toy4,neural_output_average,tensor_batched,tensor_batched,cuda,1024,10,1,0,0,3,toy4_gpu_core_neural_output_average_tensor_batched_1024_cuda_repeat00,10,neural_policy,output_average,aggregate_row,0.02964857197366655
toy4,neural_output_average,tensor_batched,tensor_batched,cuda,1024,10,1,0,0,3,toy4_gpu_core_neural_output_average_tensor_batched_1024_cuda_repeat00,10,neural_policy,output_average,write_aggregate,9.580201003700495e-05
toy4,neural_output_average,tensor_batched,tensor_batched,cuda,1024,10,1,1,0,3,toy4_gpu_core_neural_output_average_tensor_batched_1024_cuda_repeat01,0,neural_policy,output_average,make_run_dir,0.0004403870552778244
toy4,neural_output_average,tensor_batched,tensor_batched,cuda,1024,10,1,1,0,3,toy4_gpu_core_neural_output_average_tensor_batched_1024_cuda_repeat01,0,neural_policy,output_average,write_metadata,0.002842289977706969
toy4,neural_output_average,tensor_batched,tensor_batched,cuda,1024,10,1,1,0,3,toy4_gpu_core_neural_output_average_tensor_batched_1024_cuda_repeat01,0,neural_policy,output_average,initial_state,0.6785755179589614
toy4,neural_output_average,tensor_batched,tensor_batched,cuda,1024,10,1,1,0,3,toy4_gpu_core_neural_output_average_tensor_batched_1024_cuda_repeat01,0,neural_policy,output_average,writer_setup,0.0005382529925554991
toy4,neural_output_average,tensor_batched,tensor_batched,cuda,1024,10,1,1,0,3,toy4_gpu_core_neural_output_average_tensor_batched_1024_cuda_repeat01,0,neural_policy,output_average,initial_step_result,0.002095611998811364
toy4,neural_output_average,tensor_batched,tensor_batched,cuda,1024,10,1,1,0,3,toy4_gpu_core_neural_output_average_tensor_batched_1024_cuda_repeat01,0,neural_policy,output_average,initial_aggregate_row,0.025240977993234992
toy4,neural_output_average,tensor_batched,tensor_batched,cuda,1024,10,1,1,0,3,toy4_gpu_core_neural_output_average_tensor_batched_1024_cuda_repeat01,0,neural_policy,output_average,write_initial_aggregate,0.00016266899183392525
toy4,neural_output_average,tensor_batched,tensor_batched,cuda,1024,10,1,1,0,3,toy4_gpu_core_neural_output_average_tensor_batched_1024_cuda_repeat01,1,neural_policy,output_average,sample_revision_mask,4.321197047829628e-05
toy4,neural_output_average,tensor_batched,tensor_batched,cuda,1024,10,1,1,0,3,toy4_gpu_core_neural_output_average_tensor_batched_1024_cuda_repeat01,1,neural_policy,output_average,build_step_context,1.5459023416042328e-05
toy4,neural_output_average,tensor_batched,tensor_batched,cuda,1024,10,1,1,0,3,toy4_gpu_core_neural_output_average_tensor_batched_1024_cuda_repeat01,1,neural_policy,output_average,build_observations,0.0008274730062112212
toy4,neural_output_average,tensor_batched,tensor_batched,cuda,1024,10,1,1,0,3,toy4_gpu_core_neural_output_average_tensor_batched_1024_cuda_repeat01,1,neural_policy,output_average,policy_readout,0.001684380928054452
toy4,neural_output_average,tensor_batched,tensor_batched,cuda,1024,10,1,1,0,3,toy4_gpu_core_neural_output_average_tensor_batched_1024_cuda_repeat01,1,neural_policy,output_average,decision_selection,0.0015216820174828172
toy4,neural_output_average,tensor_batched,tensor_batched,cuda,1024,10,1,1,0,3,toy4_gpu_core_neural_output_average_tensor_batched_1024_cuda_repeat01,1,neural_policy,output_average,local_trainable_parameters,0.00013066793326288462
toy4,neural_output_average,tensor_batched,tensor_batched,cuda,1024,10,1,1,0,3,toy4_gpu_core_neural_output_average_tensor_batched_1024_cuda_repeat01,1,neural_policy,output_average,local_loss_forward,0.0007032559951767325
toy4,neural_output_average,tensor_batched,tensor_batched,cuda,1024,10,1,1,0,3,toy4_gpu_core_neural_output_average_tensor_batched_1024_cuda_repeat01,1,neural_policy,output_average,local_autograd_grad,0.0008930370677262545
toy4,neural_output_average,tensor_batched,tensor_batched,cuda,1024,10,1,1,0,3,toy4_gpu_core_neural_output_average_tensor_batched_1024_cuda_repeat01,1,neural_policy,output_average,local_adam_update,0.0010527110425755382
toy4,neural_output_average,tensor_batched,tensor_batched,cuda,1024,10,1,1,0,3,toy4_gpu_core_neural_output_average_tensor_batched_1024_cuda_repeat01,1,neural_policy,output_average,local_optimizer_update,0.002068880945444107
toy4,neural_output_average,tensor_batched,tensor_batched,cuda,1024,10,1,1,0,3,toy4_gpu_core_neural_output_average_tensor_batched_1024_cuda_repeat01,1,neural_policy,output_average,local_loss_update,0.002802314003929496
toy4,neural_output_average,tensor_batched,tensor_batched,cuda,1024,10,1,1,0,3,toy4_gpu_core_neural_output_average_tensor_batched_1024_cuda_repeat01,1,neural_policy,output_average,local_training,0.002977377036586404
toy4,neural_output_average,tensor_batched,tensor_batched,cuda,1024,10,1,1,0,3,toy4_gpu_core_neural_output_average_tensor_batched_1024_cuda_repeat01,1,neural_policy,output_average,cache_refresh,9.116949513554573e-06
toy4,neural_output_average,tensor_batched,tensor_batched,cuda,1024,10,1,1,0,3,toy4_gpu_core_neural_output_average_tensor_batched_1024_cuda_repeat01,1,neural_policy,output_average,post_local_readout,0.00019808602519333363
toy4,neural_output_average,tensor_batched,tensor_batched,cuda,1024,10,1,1,0,3,toy4_gpu_core_neural_output_average_tensor_batched_1024_cuda_repeat01,1,neural_policy,output_average,local_step,0.00785174802877009
toy4,neural_output_average,tensor_batched,tensor_batched,cuda,1024,10,1,1,0,3,toy4_gpu_core_neural_output_average_tensor_batched_1024_cuda_repeat01,1,neural_policy,output_average,select_peers,0.00013405492063611746
toy4,neural_output_average,tensor_batched,tensor_batched,cuda,1024,10,1,1,0,3,toy4_gpu_core_neural_output_average_tensor_batched_1024_cuda_repeat01,1,neural_policy,output_average,social_mix,0.0006343249697238207
toy4,neural_output_average,tensor_batched,tensor_batched,cuda,1024,10,1,1,0,3,toy4_gpu_core_neural_output_average_tensor_batched_1024_cuda_repeat01,1,neural_policy,output_average,social_loss_forward,0.0002294359728693962
toy4,neural_output_average,tensor_batched,tensor_batched,cuda,1024,10,1,1,0,3,toy4_gpu_core_neural_output_average_tensor_batched_1024_cuda_repeat01,1,neural_policy,output_average,social_autograd_grad,0.00042763305827975273
toy4,neural_output_average,tensor_batched,tensor_batched,cuda,1024,10,1,1,0,3,toy4_gpu_core_neural_output_average_tensor_batched_1024_cuda_repeat01,1,neural_policy,output_average,social_adam_update,0.0006967840017750859
toy4,neural_output_average,tensor_batched,tensor_batched,cuda,1024,10,1,1,0,3,toy4_gpu_core_neural_output_average_tensor_batched_1024_cuda_repeat01,1,neural_policy,output_average,social_optimizer_update,0.0014604349853470922
toy4,neural_output_average,tensor_batched,tensor_batched,cuda,1024,10,1,1,0,3,toy4_gpu_core_neural_output_average_tensor_batched_1024_cuda_repeat01,1,neural_policy,output_average,social_distillation,0.0027606149669736624
toy4,neural_output_average,tensor_batched,tensor_batched,cuda,1024,10,1,1,0,3,toy4_gpu_core_neural_output_average_tensor_batched_1024_cuda_repeat01,1,neural_policy,output_average,social_step,0.0027845000149682164
toy4,neural_output_average,tensor_batched,tensor_batched,cuda,1024,10,1,1,0,3,toy4_gpu_core_neural_output_average_tensor_batched_1024_cuda_repeat01,1,neural_policy,output_average,sample_actions,8.416012860834599e-06
toy4,neural_output_average,tensor_batched,tensor_batched,cuda,1024,10,1,1,0,3,toy4_gpu_core_neural_output_average_tensor_batched_1024_cuda_repeat01,1,neural_policy,output_average,commit_actions,1.5789992175996304e-05
toy4,neural_output_average,tensor_batched,tensor_batched,cuda,1024,10,1,1,0,3,toy4_gpu_core_neural_output_average_tensor_batched_1024_cuda_repeat01,1,neural_policy,output_average,post_step_state_policy,4.9224006943404675e-05
toy4,neural_output_average,tensor_batched,tensor_batched,cuda,1024,10,1,1,0,3,toy4_gpu_core_neural_output_average_tensor_batched_1024_cuda_repeat01,1,neural_policy,output_average,update_payoff_ema,3.2983021810650826e-05
toy4,neural_output_average,tensor_batched,tensor_batched,cuda,1024,10,1,1,0,3,toy4_gpu_core_neural_output_average_tensor_batched_1024_cuda_repeat01,1,neural_policy,output_average,update_reputation_ema,2.5719054974615574e-05
toy4,neural_output_average,tensor_batched,tensor_batched,cuda,1024,10,1,1,0,3,toy4_gpu_core_neural_output_average_tensor_batched_1024_cuda_repeat01,1,neural_policy,output_average,mobility_swaps,4.621804691851139e-05
toy4,neural_output_average,tensor_batched,tensor_batched,cuda,1024,10,1,1,0,3,toy4_gpu_core_neural_output_average_tensor_batched_1024_cuda_repeat01,1,neural_policy,output_average,finalize_hook_step,2.0337989553809166e-05
toy4,neural_output_average,tensor_batched,tensor_batched,cuda,1024,10,1,1,0,3,toy4_gpu_core_neural_output_average_tensor_batched_1024_cuda_repeat01,1,neural_policy,output_average,hooked_step_total,0.011847950983792543
toy4,neural_output_average,tensor_batched,tensor_batched,cuda,1024,10,1,1,0,3,toy4_gpu_core_neural_output_average_tensor_batched_1024_cuda_repeat01,1,neural_policy,output_average,aggregate_row,0.02974692906718701
toy4,neural_output_average,tensor_batched,tensor_batched,cuda,1024,10,1,1,0,3,toy4_gpu_core_neural_output_average_tensor_batched_1024_cuda_repeat01,1,neural_policy,output_average,write_aggregate,8.154497481882572e-05
toy4,neural_output_average,tensor_batched,tensor_batched,cuda,1024,10,1,1,0,3,toy4_gpu_core_neural_output_average_tensor_batched_1024_cuda_repeat01,2,neural_policy,output_average,sample_revision_mask,4.2211031541228294e-05
toy4,neural_output_average,tensor_batched,tensor_batched,cuda,1024,10,1,1,0,3,toy4_gpu_core_neural_output_average_tensor_batched_1024_cuda_repeat01,2,neural_policy,output_average,build_step_context,1.5650060959160328e-05
toy4,neural_output_average,tensor_batched,tensor_batched,cuda,1024,10,1,1,0,3,toy4_gpu_core_neural_output_average_tensor_batched_1024_cuda_repeat01,2,neural_policy,output_average,build_observations,0.0010497650364413857
toy4,neural_output_average,tensor_batched,tensor_batched,cuda,1024,10,1,1,0,3,toy4_gpu_core_neural_output_average_tensor_batched_1024_cuda_repeat01,2,neural_policy,output_average,policy_readout,0.0015734590124338865
toy4,neural_output_average,tensor_batched,tensor_batched,cuda,1024,10,1,1,0,3,toy4_gpu_core_neural_output_average_tensor_batched_1024_cuda_repeat01,2,neural_policy,output_average,decision_selection,0.0009968230733647943
toy4,neural_output_average,tensor_batched,tensor_batched,cuda,1024,10,1,1,0,3,toy4_gpu_core_neural_output_average_tensor_batched_1024_cuda_repeat01,2,neural_policy,output_average,local_trainable_parameters,9.022199083119631e-05
toy4,neural_output_average,tensor_batched,tensor_batched,cuda,1024,10,1,1,0,3,toy4_gpu_core_neural_output_average_tensor_batched_1024_cuda_repeat01,2,neural_policy,output_average,local_loss_forward,0.0005912029882892966
toy4,neural_output_average,tensor_batched,tensor_batched,cuda,1024,10,1,1,0,3,toy4_gpu_core_neural_output_average_tensor_batched_1024_cuda_repeat01,2,neural_policy,output_average,local_autograd_grad,0.0007555049378424883
toy4,neural_output_average,tensor_batched,tensor_batched,cuda,1024,10,1,1,0,3,toy4_gpu_core_neural_output_average_tensor_batched_1024_cuda_repeat01,2,neural_policy,output_average,local_adam_update,0.0008555350359529257
toy4,neural_output_average,tensor_batched,tensor_batched,cuda,1024,10,1,1,0,3,toy4_gpu_core_neural_output_average_tensor_batched_1024_cuda_repeat01,2,neural_policy,output_average,local_optimizer_update,0.0017285849899053574
toy4,neural_output_average,tensor_batched,tensor_batched,cuda,1024,10,1,1,0,3,toy4_gpu_core_neural_output_average_tensor_batched_1024_cuda_repeat01,2,neural_policy,output_average,local_loss_update,0.002348812995478511
toy4,neural_output_average,tensor_batched,tensor_batched,cuda,1024,10,1,1,0,3,toy4_gpu_core_neural_output_average_tensor_batched_1024_cuda_repeat01,2,neural_policy,output_average,local_training,0.0024782989639788866
toy4,neural_output_average,tensor_batched,tensor_batched,cuda,1024,10,1,1,0,3,toy4_gpu_core_neural_output_average_tensor_batched_1024_cuda_repeat01,2,neural_policy,output_average,cache_refresh,7.6249707490205765e-06
toy4,neural_output_average,tensor_batched,tensor_batched,cuda,1024,10,1,1,0,3,toy4_gpu_core_neural_output_average_tensor_batched_1024_cuda_repeat01,2,neural_policy,output_average,post_local_readout,0.00018219603225588799
toy4,neural_output_average,tensor_batched,tensor_batched,cuda,1024,10,1,1,0,3,toy4_gpu_core_neural_output_average_tensor_batched_1024_cuda_repeat01,2,neural_policy,output_average,local_step,0.006891303928568959
toy4,neural_output_average,tensor_batched,tensor_batched,cuda,1024,10,1,1,0,3,toy4_gpu_core_neural_output_average_tensor_batched_1024_cuda_repeat01,2,neural_policy,output_average,select_peers,0.00011994794476777315
toy4,neural_output_average,tensor_batched,tensor_batched,cuda,1024,10,1,1,0,3,toy4_gpu_core_neural_output_average_tensor_batched_1024_cuda_repeat01,2,neural_policy,output_average,social_mix,0.0005167520139366388
toy4,neural_output_average,tensor_batched,tensor_batched,cuda,1024,10,1,1,0,3,toy4_gpu_core_neural_output_average_tensor_batched_1024_cuda_repeat01,2,neural_policy,output_average,social_loss_forward,0.00027823797427117825
toy4,neural_output_average,tensor_batched,tensor_batched,cuda,1024,10,1,1,0,3,toy4_gpu_core_neural_output_average_tensor_batched_1024_cuda_repeat01,2,neural_policy,output_average,social_autograd_grad,0.00044814194552600384
toy4,neural_output_average,tensor_batched,tensor_batched,cuda,1024,10,1,1,0,3,toy4_gpu_core_neural_output_average_tensor_batched_1024_cuda_repeat01,2,neural_policy,output_average,social_adam_update,0.0006756940856575966
toy4,neural_output_average,tensor_batched,tensor_batched,cuda,1024,10,1,1,0,3,toy4_gpu_core_neural_output_average_tensor_batched_1024_cuda_repeat01,2,neural_policy,output_average,social_optimizer_update,0.0014585109893232584
toy4,neural_output_average,tensor_batched,tensor_batched,cuda,1024,10,1,1,0,3,toy4_gpu_core_neural_output_average_tensor_batched_1024_cuda_repeat01,2,neural_policy,output_average,social_distillation,0.002695120987482369
toy4,neural_output_average,tensor_batched,tensor_batched,cuda,1024,10,1,1,0,3,toy4_gpu_core_neural_output_average_tensor_batched_1024_cuda_repeat01,2,neural_policy,output_average,social_step,0.002718044095672667
toy4,neural_output_average,tensor_batched,tensor_batched,cuda,1024,10,1,1,0,3,toy4_gpu_core_neural_output_average_tensor_batched_1024_cuda_repeat01,2,neural_policy,output_average,sample_actions,6.551970727741718e-06
toy4,neural_output_average,tensor_batched,tensor_batched,cuda,1024,10,1,1,0,3,toy4_gpu_core_neural_output_average_tensor_batched_1024_cuda_repeat01,2,neural_policy,output_average,commit_actions,8.306000381708145e-06
toy4,neural_output_average,tensor_batched,tensor_batched,cuda,1024,10,1,1,0,3,toy4_gpu_core_neural_output_average_tensor_batched_1024_cuda_repeat01,2,neural_policy,output_average,post_step_state_policy,2.629007212817669e-05
toy4,neural_output_average,tensor_batched,tensor_batched,cuda,1024,10,1,1,0,3,toy4_gpu_core_neural_output_average_tensor_batched_1024_cuda_repeat01,2,neural_policy,output_average,update_payoff_ema,2.1159998141229153e-05
toy4,neural_output_average,tensor_batched,tensor_batched,cuda,1024,10,1,1,0,3,toy4_gpu_core_neural_output_average_tensor_batched_1024_cuda_repeat01,2,neural_policy,output_average,update_reputation_ema,1.877499744296074e-05
toy4,neural_output_average,tensor_batched,tensor_batched,cuda,1024,10,1,1,0,3,toy4_gpu_core_neural_output_average_tensor_batched_1024_cuda_repeat01,2,neural_policy,output_average,mobility_swaps,2.4967011995613575e-05
toy4,neural_output_average,tensor_batched,tensor_batched,cuda,1024,10,1,1,0,3,toy4_gpu_core_neural_output_average_tensor_batched_1024_cuda_repeat01,2,neural_policy,output_average,finalize_hook_step,2.0548934116959572e-05
toy4,neural_output_average,tensor_batched,tensor_batched,cuda,1024,10,1,1,0,3,toy4_gpu_core_neural_output_average_tensor_batched_1024_cuda_repeat01,2,neural_policy,output_average,hooked_step_total,0.010731109068728983
toy4,neural_output_average,tensor_batched,tensor_batched,cuda,1024,10,1,1,0,3,toy4_gpu_core_neural_output_average_tensor_batched_1024_cuda_repeat01,2,neural_policy,output_average,aggregate_row,0.02277602395042777
toy4,neural_output_average,tensor_batched,tensor_batched,cuda,1024,10,1,1,0,3,toy4_gpu_core_neural_output_average_tensor_batched_1024_cuda_repeat01,2,neural_policy,output_average,write_aggregate,7.440103217959404e-05
toy4,neural_output_average,tensor_batched,tensor_batched,cuda,1024,10,1,1,0,3,toy4_gpu_core_neural_output_average_tensor_batched_1024_cuda_repeat01,3,neural_policy,output_average,sample_revision_mask,2.676097210496664e-05
toy4,neural_output_average,tensor_batched,tensor_batched,cuda,1024,10,1,1,0,3,toy4_gpu_core_neural_output_average_tensor_batched_1024_cuda_repeat01,3,neural_policy,output_average,build_step_context,1.0821036994457245e-05
toy4,neural_output_average,tensor_batched,tensor_batched,cuda,1024,10,1,1,0,3,toy4_gpu_core_neural_output_average_tensor_batched_1024_cuda_repeat01,3,neural_policy,output_average,build_observations,0.0005677789449691772
toy4,neural_output_average,tensor_batched,tensor_batched,cuda,1024,10,1,1,0,3,toy4_gpu_core_neural_output_average_tensor_batched_1024_cuda_repeat01,3,neural_policy,output_average,policy_readout,0.0006272610044106841
toy4,neural_output_average,tensor_batched,tensor_batched,cuda,1024,10,1,1,0,3,toy4_gpu_core_neural_output_average_tensor_batched_1024_cuda_repeat01,3,neural_policy,output_average,decision_selection,0.0009186760289594531
toy4,neural_output_average,tensor_batched,tensor_batched,cuda,1024,10,1,1,0,3,toy4_gpu_core_neural_output_average_tensor_batched_1024_cuda_repeat01,3,neural_policy,output_average,local_trainable_parameters,8.922896813601255e-05
toy4,neural_output_average,tensor_batched,tensor_batched,cuda,1024,10,1,1,0,3,toy4_gpu_core_neural_output_average_tensor_batched_1024_cuda_repeat01,3,neural_policy,output_average,local_loss_forward,0.0005739110056310892
toy4,neural_output_average,tensor_batched,tensor_batched,cuda,1024,10,1,1,0,3,toy4_gpu_core_neural_output_average_tensor_batched_1024_cuda_repeat01,3,neural_policy,output_average,local_autograd_grad,0.000795020954683423
toy4,neural_output_average,tensor_batched,tensor_batched,cuda,1024,10,1,1,0,3,toy4_gpu_core_neural_output_average_tensor_batched_1024_cuda_repeat01,3,neural_policy,output_average,local_adam_update,0.0008500759722664952
toy4,neural_output_average,tensor_batched,tensor_batched,cuda,1024,10,1,1,0,3,toy4_gpu_core_neural_output_average_tensor_batched_1024_cuda_repeat01,3,neural_policy,output_average,local_optimizer_update,0.0017546539893373847
toy4,neural_output_average,tensor_batched,tensor_batched,cuda,1024,10,1,1,0,3,toy4_gpu_core_neural_output_average_tensor_batched_1024_cuda_repeat01,3,neural_policy,output_average,local_loss_update,0.0023608149494975805
toy4,neural_output_average,tensor_batched,tensor_batched,cuda,1024,10,1,1,0,3,toy4_gpu_core_neural_output_average_tensor_batched_1024_cuda_repeat01,3,neural_policy,output_average,local_training,0.002492535044439137
toy4,neural_output_average,tensor_batched,tensor_batched,cuda,1024,10,1,1,0,3,toy4_gpu_core_neural_output_average_tensor_batched_1024_cuda_repeat01,3,neural_policy,output_average,cache_refresh,9.637908078730106e-06
toy4,neural_output_average,tensor_batched,tensor_batched,cuda,1024,10,1,1,0,3,toy4_gpu_core_neural_output_average_tensor_batched_1024_cuda_repeat01,3,neural_policy,output_average,post_local_readout,0.00017559400293976068
toy4,neural_output_average,tensor_batched,tensor_batched,cuda,1024,10,1,1,0,3,toy4_gpu_core_neural_output_average_tensor_batched_1024_cuda_repeat01,3,neural_policy,output_average,local_step,0.00534545595292002
toy4,neural_output_average,tensor_batched,tensor_batched,cuda,1024,10,1,1,0,3,toy4_gpu_core_neural_output_average_tensor_batched_1024_cuda_repeat01,3,neural_policy,output_average,select_peers,0.00012852391228079796
toy4,neural_output_average,tensor_batched,tensor_batched,cuda,1024,10,1,1,0,3,toy4_gpu_core_neural_output_average_tensor_batched_1024_cuda_repeat01,3,neural_policy,output_average,social_mix,0.0005839590448886156
toy4,neural_output_average,tensor_batched,tensor_batched,cuda,1024,10,1,1,0,3,toy4_gpu_core_neural_output_average_tensor_batched_1024_cuda_repeat01,3,neural_policy,output_average,social_loss_forward,0.00023554707877337933
toy4,neural_output_average,tensor_batched,tensor_batched,cuda,1024,10,1,1,0,3,toy4_gpu_core_neural_output_average_tensor_batched_1024_cuda_repeat01,3,neural_policy,output_average,social_autograd_grad,0.0004265299066901207
toy4,neural_output_average,tensor_batched,tensor_batched,cuda,1024,10,1,1,0,3,toy4_gpu_core_neural_output_average_tensor_batched_1024_cuda_repeat01,3,neural_policy,output_average,social_adam_update,0.0006876069819554687
toy4,neural_output_average,tensor_batched,tensor_batched,cuda,1024,10,1,1,0,3,toy4_gpu_core_neural_output_average_tensor_batched_1024_cuda_repeat01,3,neural_policy,output_average,social_optimizer_update,0.0014246669597923756
toy4,neural_output_average,tensor_batched,tensor_batched,cuda,1024,10,1,1,0,3,toy4_gpu_core_neural_output_average_tensor_batched_1024_cuda_repeat01,3,neural_policy,output_average,social_distillation,0.0027104899054393172
toy4,neural_output_average,tensor_batched,tensor_batched,cuda,1024,10,1,1,0,3,toy4_gpu_core_neural_output_average_tensor_batched_1024_cuda_repeat01,3,neural_policy,output_average,social_step,0.002735888003371656
toy4,neural_output_average,tensor_batched,tensor_batched,cuda,1024,10,1,1,0,3,toy4_gpu_core_neural_output_average_tensor_batched_1024_cuda_repeat01,3,neural_policy,output_average,sample_actions,6.903079338371754e-06
toy4,neural_output_average,tensor_batched,tensor_batched,cuda,1024,10,1,1,0,3,toy4_gpu_core_neural_output_average_tensor_batched_1024_cuda_repeat01,3,neural_policy,output_average,commit_actions,9.296927601099014e-06
toy4,neural_output_average,tensor_batched,tensor_batched,cuda,1024,10,1,1,0,3,toy4_gpu_core_neural_output_average_tensor_batched_1024_cuda_repeat01,3,neural_policy,output_average,post_step_state_policy,3.276299685239792e-05
toy4,neural_output_average,tensor_batched,tensor_batched,cuda,1024,10,1,1,0,3,toy4_gpu_core_neural_output_average_tensor_batched_1024_cuda_repeat01,3,neural_policy,output_average,update_payoff_ema,2.0268023945391178e-05
toy4,neural_output_average,tensor_batched,tensor_batched,cuda,1024,10,1,1,0,3,toy4_gpu_core_neural_output_average_tensor_batched_1024_cuda_repeat01,3,neural_policy,output_average,update_reputation_ema,2.0900042727589607e-05
toy4,neural_output_average,tensor_batched,tensor_batched,cuda,1024,10,1,1,0,3,toy4_gpu_core_neural_output_average_tensor_batched_1024_cuda_repeat01,3,neural_policy,output_average,mobility_swaps,2.6000081561505795e-05
toy4,neural_output_average,tensor_batched,tensor_batched,cuda,1024,10,1,1,0,3,toy4_gpu_core_neural_output_average_tensor_batched_1024_cuda_repeat01,3,neural_policy,output_average,finalize_hook_step,1.588009763509035e-05
toy4,neural_output_average,tensor_batched,tensor_batched,cuda,1024,10,1,1,0,3,toy4_gpu_core_neural_output_average_tensor_batched_1024_cuda_repeat01,3,neural_policy,output_average,hooked_step_total,0.009193337056785822
toy4,neural_output_average,tensor_batched,tensor_batched,cuda,1024,10,1,1,0,3,toy4_gpu_core_neural_output_average_tensor_batched_1024_cuda_repeat01,3,neural_policy,output_average,aggregate_row,0.017292726086452603
toy4,neural_output_average,tensor_batched,tensor_batched,cuda,1024,10,1,1,0,3,toy4_gpu_core_neural_output_average_tensor_batched_1024_cuda_repeat01,3,neural_policy,output_average,write_aggregate,0.00012824300210922956
toy4,neural_output_average,tensor_batched,tensor_batched,cuda,1024,10,1,1,0,3,toy4_gpu_core_neural_output_average_tensor_batched_1024_cuda_repeat01,4,neural_policy,output_average,sample_revision_mask,6.623601075261831e-05
toy4,neural_output_average,tensor_batched,tensor_batched,cuda,1024,10,1,1,0,3,toy4_gpu_core_neural_output_average_tensor_batched_1024_cuda_repeat01,4,neural_policy,output_average,build_step_context,2.2042077034711838e-05
toy4,neural_output_average,tensor_batched,tensor_batched,cuda,1024,10,1,1,0,3,toy4_gpu_core_neural_output_average_tensor_batched_1024_cuda_repeat01,4,neural_policy,output_average,build_observations,0.0012108800001442432
toy4,neural_output_average,tensor_batched,tensor_batched,cuda,1024,10,1,1,0,3,toy4_gpu_core_neural_output_average_tensor_batched_1024_cuda_repeat01,4,neural_policy,output_average,policy_readout,0.0013117720372974873
toy4,neural_output_average,tensor_batched,tensor_batched,cuda,1024,10,1,1,0,3,toy4_gpu_core_neural_output_average_tensor_batched_1024_cuda_repeat01,4,neural_policy,output_average,decision_selection,0.0015163220232352614
toy4,neural_output_average,tensor_batched,tensor_batched,cuda,1024,10,1,1,0,3,toy4_gpu_core_neural_output_average_tensor_batched_1024_cuda_repeat01,4,neural_policy,output_average,local_trainable_parameters,0.00028566294349730015
toy4,neural_output_average,tensor_batched,tensor_batched,cuda,1024,10,1,1,0,3,toy4_gpu_core_neural_output_average_tensor_batched_1024_cuda_repeat01,4,neural_policy,output_average,local_loss_forward,0.0010888590477406979
toy4,neural_output_average,tensor_batched,tensor_batched,cuda,1024,10,1,1,0,3,toy4_gpu_core_neural_output_average_tensor_batched_1024_cuda_repeat01,4,neural_policy,output_average,local_autograd_grad,0.0014961030101403594
toy4,neural_output_average,tensor_batched,tensor_batched,cuda,1024,10,1,1,0,3,toy4_gpu_core_neural_output_average_tensor_batched_1024_cuda_repeat01,4,neural_policy,output_average,local_adam_update,0.0013916840543970466
toy4,neural_output_average,tensor_batched,tensor_batched,cuda,1024,10,1,1,0,3,toy4_gpu_core_neural_output_average_tensor_batched_1024_cuda_repeat01,4,neural_policy,output_average,local_optimizer_update,0.0030759749934077263
toy4,neural_output_average,tensor_batched,tensor_batched,cuda,1024,10,1,1,0,3,toy4_gpu_core_neural_output_average_tensor_batched_1024_cuda_repeat01,4,neural_policy,output_average,local_loss_update,0.0041990079917013645
toy4,neural_output_average,tensor_batched,tensor_batched,cuda,1024,10,1,1,0,3,toy4_gpu_core_neural_output_average_tensor_batched_1024_cuda_repeat01,4,neural_policy,output_average,local_training,0.004595070029608905
toy4,neural_output_average,tensor_batched,tensor_batched,cuda,1024,10,1,1,0,3,toy4_gpu_core_neural_output_average_tensor_batched_1024_cuda_repeat01,4,neural_policy,output_average,cache_refresh,9.797979146242142e-06
toy4,neural_output_average,tensor_batched,tensor_batched,cuda,1024,10,1,1,0,3,toy4_gpu_core_neural_output_average_tensor_batched_1024_cuda_repeat01,4,neural_policy,output_average,post_local_readout,0.0002416290808469057
toy4,neural_output_average,tensor_batched,tensor_batched,cuda,1024,10,1,1,0,3,toy4_gpu_core_neural_output_average_tensor_batched_1024_cuda_repeat01,4,neural_policy,output_average,local_step,0.009870713925920427
toy4,neural_output_average,tensor_batched,tensor_batched,cuda,1024,10,1,1,0,3,toy4_gpu_core_neural_output_average_tensor_batched_1024_cuda_repeat01,4,neural_policy,output_average,select_peers,0.00015242001973092556
toy4,neural_output_average,tensor_batched,tensor_batched,cuda,1024,10,1,1,0,3,toy4_gpu_core_neural_output_average_tensor_batched_1024_cuda_repeat01,4,neural_policy,output_average,social_mix,0.0006702130194753408
toy4,neural_output_average,tensor_batched,tensor_batched,cuda,1024,10,1,1,0,3,toy4_gpu_core_neural_output_average_tensor_batched_1024_cuda_repeat01,4,neural_policy,output_average,social_loss_forward,0.0002718160394579172
toy4,neural_output_average,tensor_batched,tensor_batched,cuda,1024,10,1,1,0,3,toy4_gpu_core_neural_output_average_tensor_batched_1024_cuda_repeat01,4,neural_policy,output_average,social_autograd_grad,0.00041016004979610443
toy4,neural_output_average,tensor_batched,tensor_batched,cuda,1024,10,1,1,0,3,toy4_gpu_core_neural_output_average_tensor_batched_1024_cuda_repeat01,4,neural_policy,output_average,social_adam_update,0.0006980259204283357
toy4,neural_output_average,tensor_batched,tensor_batched,cuda,1024,10,1,1,0,3,toy4_gpu_core_neural_output_average_tensor_batched_1024_cuda_repeat01,4,neural_policy,output_average,social_optimizer_update,0.0014223929028958082
toy4,neural_output_average,tensor_batched,tensor_batched,cuda,1024,10,1,1,0,3,toy4_gpu_core_neural_output_average_tensor_batched_1024_cuda_repeat01,4,neural_policy,output_average,social_distillation,0.0028407879872247577
toy4,neural_output_average,tensor_batched,tensor_batched,cuda,1024,10,1,1,0,3,toy4_gpu_core_neural_output_average_tensor_batched_1024_cuda_repeat01,4,neural_policy,output_average,social_step,0.002863870933651924
toy4,neural_output_average,tensor_batched,tensor_batched,cuda,1024,10,1,1,0,3,toy4_gpu_core_neural_output_average_tensor_batched_1024_cuda_repeat01,4,neural_policy,output_average,sample_actions,6.351969204843044e-06
toy4,neural_output_average,tensor_batched,tensor_batched,cuda,1024,10,1,1,0,3,toy4_gpu_core_neural_output_average_tensor_batched_1024_cuda_repeat01,4,neural_policy,output_average,commit_actions,8.566072210669518e-06
toy4,neural_output_average,tensor_batched,tensor_batched,cuda,1024,10,1,1,0,3,toy4_gpu_core_neural_output_average_tensor_batched_1024_cuda_repeat01,4,neural_policy,output_average,post_step_state_policy,2.8644106350839138e-05
toy4,neural_output_average,tensor_batched,tensor_batched,cuda,1024,10,1,1,0,3,toy4_gpu_core_neural_output_average_tensor_batched_1024_cuda_repeat01,4,neural_policy,output_average,update_payoff_ema,2.0538922399282455e-05
toy4,neural_output_average,tensor_batched,tensor_batched,cuda,1024,10,1,1,0,3,toy4_gpu_core_neural_output_average_tensor_batched_1024_cuda_repeat01,4,neural_policy,output_average,update_reputation_ema,1.673202496021986e-05
toy4,neural_output_average,tensor_batched,tensor_batched,cuda,1024,10,1,1,0,3,toy4_gpu_core_neural_output_average_tensor_batched_1024_cuda_repeat01,4,neural_policy,output_average,mobility_swaps,2.3555010557174683e-05
toy4,neural_output_average,tensor_batched,tensor_batched,cuda,1024,10,1,1,0,3,toy4_gpu_core_neural_output_average_tensor_batched_1024_cuda_repeat01,4,neural_policy,output_average,finalize_hook_step,1.526903361082077e-05
toy4,neural_output_average,tensor_batched,tensor_batched,cuda,1024,10,1,1,0,3,toy4_gpu_core_neural_output_average_tensor_batched_1024_cuda_repeat01,4,neural_policy,output_average,hooked_step_total,0.013949643936939538
toy4,neural_output_average,tensor_batched,tensor_batched,cuda,1024,10,1,1,0,3,toy4_gpu_core_neural_output_average_tensor_batched_1024_cuda_repeat01,4,neural_policy,output_average,aggregate_row,0.02721376600675285
toy4,neural_output_average,tensor_batched,tensor_batched,cuda,1024,10,1,1,0,3,toy4_gpu_core_neural_output_average_tensor_batched_1024_cuda_repeat01,4,neural_policy,output_average,write_aggregate,8.55129910632968e-05
toy4,neural_output_average,tensor_batched,tensor_batched,cuda,1024,10,1,1,0,3,toy4_gpu_core_neural_output_average_tensor_batched_1024_cuda_repeat01,5,neural_policy,output_average,sample_revision_mask,3.5927980206906796e-05
toy4,neural_output_average,tensor_batched,tensor_batched,cuda,1024,10,1,1,0,3,toy4_gpu_core_neural_output_average_tensor_batched_1024_cuda_repeat01,5,neural_policy,output_average,build_step_context,1.3665994629263878e-05
toy4,neural_output_average,tensor_batched,tensor_batched,cuda,1024,10,1,1,0,3,toy4_gpu_core_neural_output_average_tensor_batched_1024_cuda_repeat01,5,neural_policy,output_average,build_observations,0.0006205689860507846
toy4,neural_output_average,tensor_batched,tensor_batched,cuda,1024,10,1,1,0,3,toy4_gpu_core_neural_output_average_tensor_batched_1024_cuda_repeat01,5,neural_policy,output_average,policy_readout,0.0007426310330629349
toy4,neural_output_average,tensor_batched,tensor_batched,cuda,1024,10,1,1,0,3,toy4_gpu_core_neural_output_average_tensor_batched_1024_cuda_repeat01,5,neural_policy,output_average,decision_selection,0.0009410780621692538
toy4,neural_output_average,tensor_batched,tensor_batched,cuda,1024,10,1,1,0,3,toy4_gpu_core_neural_output_average_tensor_batched_1024_cuda_repeat01,5,neural_policy,output_average,local_trainable_parameters,0.00010124198161065578
toy4,neural_output_average,tensor_batched,tensor_batched,cuda,1024,10,1,1,0,3,toy4_gpu_core_neural_output_average_tensor_batched_1024_cuda_repeat01,5,neural_policy,output_average,local_loss_forward,0.0005715059814974666
toy4,neural_output_average,tensor_batched,tensor_batched,cuda,1024,10,1,1,0,3,toy4_gpu_core_neural_output_average_tensor_batched_1024_cuda_repeat01,5,neural_policy,output_average,local_autograd_grad,0.0007784490007907152
toy4,neural_output_average,tensor_batched,tensor_batched,cuda,1024,10,1,1,0,3,toy4_gpu_core_neural_output_average_tensor_batched_1024_cuda_repeat01,5,neural_policy,output_average,local_adam_update,0.0008462478872388601
toy4,neural_output_average,tensor_batched,tensor_batched,cuda,1024,10,1,1,0,3,toy4_gpu_core_neural_output_average_tensor_batched_1024_cuda_repeat01,5,neural_policy,output_average,local_optimizer_update,0.0017298770835623145
toy4,neural_output_average,tensor_batched,tensor_batched,cuda,1024,10,1,1,0,3,toy4_gpu_core_neural_output_average_tensor_batched_1024_cuda_repeat01,5,neural_policy,output_average,local_loss_update,0.0023406270192936063
toy4,neural_output_average,tensor_batched,tensor_batched,cuda,1024,10,1,1,0,3,toy4_gpu_core_neural_output_average_tensor_batched_1024_cuda_repeat01,5,neural_policy,output_average,local_training,0.002486545010469854
toy4,neural_output_average,tensor_batched,tensor_batched,cuda,1024,10,1,1,0,3,toy4_gpu_core_neural_output_average_tensor_batched_1024_cuda_repeat01,5,neural_policy,output_average,cache_refresh,8.66700429469347e-06
toy4,neural_output_average,tensor_batched,tensor_batched,cuda,1024,10,1,1,0,3,toy4_gpu_core_neural_output_average_tensor_batched_1024_cuda_repeat01,5,neural_policy,output_average,post_local_readout,0.00016690697520971298
toy4,neural_output_average,tensor_batched,tensor_batched,cuda,1024,10,1,1,0,3,toy4_gpu_core_neural_output_average_tensor_batched_1024_cuda_repeat01,5,neural_policy,output_average,local_step,0.005540076061151922
toy4,neural_output_average,tensor_batched,tensor_batched,cuda,1024,10,1,1,0,3,toy4_gpu_core_neural_output_average_tensor_batched_1024_cuda_repeat01,5,neural_policy,output_average,select_peers,0.00011147209443151951
toy4,neural_output_average,tensor_batched,tensor_batched,cuda,1024,10,1,1,0,3,toy4_gpu_core_neural_output_average_tensor_batched_1024_cuda_repeat01,5,neural_policy,output_average,social_mix,0.0004951209994032979
toy4,neural_output_average,tensor_batched,tensor_batched,cuda,1024,10,1,1,0,3,toy4_gpu_core_neural_output_average_tensor_batched_1024_cuda_repeat01,5,neural_policy,output_average,social_loss_forward,0.00020235497504472733
toy4,neural_output_average,tensor_batched,tensor_batched,cuda,1024,10,1,1,0,3,toy4_gpu_core_neural_output_average_tensor_batched_1024_cuda_repeat01,5,neural_policy,output_average,social_autograd_grad,0.0003430219367146492
toy4,neural_output_average,tensor_batched,tensor_batched,cuda,1024,10,1,1,0,3,toy4_gpu_core_neural_output_average_tensor_batched_1024_cuda_repeat01,5,neural_policy,output_average,social_adam_update,0.0006658650236204267
toy4,neural_output_average,tensor_batched,tensor_batched,cuda,1024,10,1,1,0,3,toy4_gpu_core_neural_output_average_tensor_batched_1024_cuda_repeat01,5,neural_policy,output_average,social_optimizer_update,0.0012908830540254712
toy4,neural_output_average,tensor_batched,tensor_batched,cuda,1024,10,1,1,0,3,toy4_gpu_core_neural_output_average_tensor_batched_1024_cuda_repeat01,5,neural_policy,output_average,social_distillation,0.0023967940360307693
toy4,neural_output_average,tensor_batched,tensor_batched,cuda,1024,10,1,1,0,3,toy4_gpu_core_neural_output_average_tensor_batched_1024_cuda_repeat01,5,neural_policy,output_average,social_step,0.0024202989879995584
toy4,neural_output_average,tensor_batched,tensor_batched,cuda,1024,10,1,1,0,3,toy4_gpu_core_neural_output_average_tensor_batched_1024_cuda_repeat01,5,neural_policy,output_average,sample_actions,6.4820051193237305e-06
toy4,neural_output_average,tensor_batched,tensor_batched,cuda,1024,10,1,1,0,3,toy4_gpu_core_neural_output_average_tensor_batched_1024_cuda_repeat01,5,neural_policy,output_average,commit_actions,8.316012099385262e-06
toy4,neural_output_average,tensor_batched,tensor_batched,cuda,1024,10,1,1,0,3,toy4_gpu_core_neural_output_average_tensor_batched_1024_cuda_repeat01,5,neural_policy,output_average,post_step_state_policy,3.18699749186635e-05
toy4,neural_output_average,tensor_batched,tensor_batched,cuda,1024,10,1,1,0,3,toy4_gpu_core_neural_output_average_tensor_batched_1024_cuda_repeat01,5,neural_policy,output_average,update_payoff_ema,1.8895952962338924e-05
toy4,neural_output_average,tensor_batched,tensor_batched,cuda,1024,10,1,1,0,3,toy4_gpu_core_neural_output_average_tensor_batched_1024_cuda_repeat01,5,neural_policy,output_average,update_reputation_ema,1.6110017895698547e-05
toy4,neural_output_average,tensor_batched,tensor_batched,cuda,1024,10,1,1,0,3,toy4_gpu_core_neural_output_average_tensor_batched_1024_cuda_repeat01,5,neural_policy,output_average,mobility_swaps,2.1590967662632465e-05
toy4,neural_output_average,tensor_batched,tensor_batched,cuda,1024,10,1,1,0,3,toy4_gpu_core_neural_output_average_tensor_batched_1024_cuda_repeat01,5,neural_policy,output_average,finalize_hook_step,1.4698016457259655e-05
toy4,neural_output_average,tensor_batched,tensor_batched,cuda,1024,10,1,1,0,3,toy4_gpu_core_neural_output_average_tensor_batched_1024_cuda_repeat01,5,neural_policy,output_average,hooked_step_total,0.008898166008293629
toy4,neural_output_average,tensor_batched,tensor_batched,cuda,1024,10,1,1,0,3,toy4_gpu_core_neural_output_average_tensor_batched_1024_cuda_repeat01,5,neural_policy,output_average,aggregate_row,0.01593939505983144
toy4,neural_output_average,tensor_batched,tensor_batched,cuda,1024,10,1,1,0,3,toy4_gpu_core_neural_output_average_tensor_batched_1024_cuda_repeat01,5,neural_policy,output_average,write_aggregate,5.800998769700527e-05
toy4,neural_output_average,tensor_batched,tensor_batched,cuda,1024,10,1,1,0,3,toy4_gpu_core_neural_output_average_tensor_batched_1024_cuda_repeat01,6,neural_policy,output_average,sample_revision_mask,1.9356957636773586e-05
toy4,neural_output_average,tensor_batched,tensor_batched,cuda,1024,10,1,1,0,3,toy4_gpu_core_neural_output_average_tensor_batched_1024_cuda_repeat01,6,neural_policy,output_average,build_step_context,9.587965905666351e-06
toy4,neural_output_average,tensor_batched,tensor_batched,cuda,1024,10,1,1,0,3,toy4_gpu_core_neural_output_average_tensor_batched_1024_cuda_repeat01,6,neural_policy,output_average,build_observations,0.00041791400872170925
toy4,neural_output_average,tensor_batched,tensor_batched,cuda,1024,10,1,1,0,3,toy4_gpu_core_neural_output_average_tensor_batched_1024_cuda_repeat01,6,neural_policy,output_average,policy_readout,0.00038667500484734774
toy4,neural_output_average,tensor_batched,tensor_batched,cuda,1024,10,1,1,0,3,toy4_gpu_core_neural_output_average_tensor_batched_1024_cuda_repeat01,6,neural_policy,output_average,decision_selection,0.0008665069472044706
toy4,neural_output_average,tensor_batched,tensor_batched,cuda,1024,10,1,1,0,3,toy4_gpu_core_neural_output_average_tensor_batched_1024_cuda_repeat01,6,neural_policy,output_average,local_trainable_parameters,7.449195254594088e-05
toy4,neural_output_average,tensor_batched,tensor_batched,cuda,1024,10,1,1,0,3,toy4_gpu_core_neural_output_average_tensor_batched_1024_cuda_repeat01,6,neural_policy,output_average,local_loss_forward,0.0004397149896249175
toy4,neural_output_average,tensor_batched,tensor_batched,cuda,1024,10,1,1,0,3,toy4_gpu_core_neural_output_average_tensor_batched_1024_cuda_repeat01,6,neural_policy,output_average,local_autograd_grad,0.0005987869808450341
toy4,neural_output_average,tensor_batched,tensor_batched,cuda,1024,10,1,1,0,3,toy4_gpu_core_neural_output_average_tensor_batched_1024_cuda_repeat01,6,neural_policy,output_average,local_adam_update,0.0007818159647285938
toy4,neural_output_average,tensor_batched,tensor_batched,cuda,1024,10,1,1,0,3,toy4_gpu_core_neural_output_average_tensor_batched_1024_cuda_repeat01,6,neural_policy,output_average,local_optimizer_update,0.0014776269672438502
toy4,neural_output_average,tensor_batched,tensor_batched,cuda,1024,10,1,1,0,3,toy4_gpu_core_neural_output_average_tensor_batched_1024_cuda_repeat01,6,neural_policy,output_average,local_loss_update,0.001946097007021308
toy4,neural_output_average,tensor_batched,tensor_batched,cuda,1024,10,1,1,0,3,toy4_gpu_core_neural_output_average_tensor_batched_1024_cuda_repeat01,6,neural_policy,output_average,local_training,0.0020553850336000323
toy4,neural_output_average,tensor_batched,tensor_batched,cuda,1024,10,1,1,0,3,toy4_gpu_core_neural_output_average_tensor_batched_1024_cuda_repeat01,6,neural_policy,output_average,cache_refresh,8.195056580007076e-06
toy4,neural_output_average,tensor_batched,tensor_batched,cuda,1024,10,1,1,0,3,toy4_gpu_core_neural_output_average_tensor_batched_1024_cuda_repeat01,6,neural_policy,output_average,post_local_readout,0.00017606397159397602
toy4,neural_output_average,tensor_batched,tensor_batched,cuda,1024,10,1,1,0,3,toy4_gpu_core_neural_output_average_tensor_batched_1024_cuda_repeat01,6,neural_policy,output_average,local_step,0.00439717504195869
toy4,neural_output_average,tensor_batched,tensor_batched,cuda,1024,10,1,1,0,3,toy4_gpu_core_neural_output_average_tensor_batched_1024_cuda_repeat01,6,neural_policy,output_average,select_peers,0.00010958791244775057
toy4,neural_output_average,tensor_batched,tensor_batched,cuda,1024,10,1,1,0,3,toy4_gpu_core_neural_output_average_tensor_batched_1024_cuda_repeat01,6,neural_policy,output_average,social_mix,0.0004630190087482333
toy4,neural_output_average,tensor_batched,tensor_batched,cuda,1024,10,1,1,0,3,toy4_gpu_core_neural_output_average_tensor_batched_1024_cuda_repeat01,6,neural_policy,output_average,social_loss_forward,0.00020366697572171688
toy4,neural_output_average,tensor_batched,tensor_batched,cuda,1024,10,1,1,0,3,toy4_gpu_core_neural_output_average_tensor_batched_1024_cuda_repeat01,6,neural_policy,output_average,social_autograd_grad,0.00031253392808139324
toy4,neural_output_average,tensor_batched,tensor_batched,cuda,1024,10,1,1,0,3,toy4_gpu_core_neural_output_average_tensor_batched_1024_cuda_repeat01,6,neural_policy,output_average,social_adam_update,0.0006717359647154808
toy4,neural_output_average,tensor_batched,tensor_batched,cuda,1024,10,1,1,0,3,toy4_gpu_core_neural_output_average_tensor_batched_1024_cuda_repeat01,6,neural_policy,output_average,social_optimizer_update,0.0012626390671357512
toy4,neural_output_average,tensor_batched,tensor_batched,cuda,1024,10,1,1,0,3,toy4_gpu_core_neural_output_average_tensor_batched_1024_cuda_repeat01,6,neural_policy,output_average,social_distillation,0.0022757239639759064
toy4,neural_output_average,tensor_batched,tensor_batched,cuda,1024,10,1,1,0,3,toy4_gpu_core_neural_output_average_tensor_batched_1024_cuda_repeat01,6,neural_policy,output_average,social_step,0.002297665923833847
toy4,neural_output_average,tensor_batched,tensor_batched,cuda,1024,10,1,1,0,3,toy4_gpu_core_neural_output_average_tensor_batched_1024_cuda_repeat01,6,neural_policy,output_average,sample_actions,1.732294913381338e-05
toy4,neural_output_average,tensor_batched,tensor_batched,cuda,1024,10,1,1,0,3,toy4_gpu_core_neural_output_average_tensor_batched_1024_cuda_repeat01,6,neural_policy,output_average,commit_actions,8.375965990126133e-06
toy4,neural_output_average,tensor_batched,tensor_batched,cuda,1024,10,1,1,0,3,toy4_gpu_core_neural_output_average_tensor_batched_1024_cuda_repeat01,6,neural_policy,output_average,post_step_state_policy,2.5860033929347992e-05
toy4,neural_output_average,tensor_batched,tensor_batched,cuda,1024,10,1,1,0,3,toy4_gpu_core_neural_output_average_tensor_batched_1024_cuda_repeat01,6,neural_policy,output_average,update_payoff_ema,1.8674996681511402e-05
toy4,neural_output_average,tensor_batched,tensor_batched,cuda,1024,10,1,1,0,3,toy4_gpu_core_neural_output_average_tensor_batched_1024_cuda_repeat01,6,neural_policy,output_average,update_reputation_ema,1.5810015611350536e-05
toy4,neural_output_average,tensor_batched,tensor_batched,cuda,1024,10,1,1,0,3,toy4_gpu_core_neural_output_average_tensor_batched_1024_cuda_repeat01,6,neural_policy,output_average,mobility_swaps,2.0198989659547806e-05
toy4,neural_output_average,tensor_batched,tensor_batched,cuda,1024,10,1,1,0,3,toy4_gpu_core_neural_output_average_tensor_batched_1024_cuda_repeat01,6,neural_policy,output_average,finalize_hook_step,1.3855984434485435e-05
toy4,neural_output_average,tensor_batched,tensor_batched,cuda,1024,10,1,1,0,3,toy4_gpu_core_neural_output_average_tensor_batched_1024_cuda_repeat01,6,neural_policy,output_average,hooked_step_total,0.007610980072058737
toy4,neural_output_average,tensor_batched,tensor_batched,cuda,1024,10,1,1,0,3,toy4_gpu_core_neural_output_average_tensor_batched_1024_cuda_repeat01,6,neural_policy,output_average,aggregate_row,0.0262740709586069
toy4,neural_output_average,tensor_batched,tensor_batched,cuda,1024,10,1,1,0,3,toy4_gpu_core_neural_output_average_tensor_batched_1024_cuda_repeat01,6,neural_policy,output_average,write_aggregate,6.951205432415009e-05
toy4,neural_output_average,tensor_batched,tensor_batched,cuda,1024,10,1,1,0,3,toy4_gpu_core_neural_output_average_tensor_batched_1024_cuda_repeat01,7,neural_policy,output_average,sample_revision_mask,3.081792965531349e-05
toy4,neural_output_average,tensor_batched,tensor_batched,cuda,1024,10,1,1,0,3,toy4_gpu_core_neural_output_average_tensor_batched_1024_cuda_repeat01,7,neural_policy,output_average,build_step_context,1.4959019608795643e-05
toy4,neural_output_average,tensor_batched,tensor_batched,cuda,1024,10,1,1,0,3,toy4_gpu_core_neural_output_average_tensor_batched_1024_cuda_repeat01,7,neural_policy,output_average,build_observations,0.0007396249566227198
toy4,neural_output_average,tensor_batched,tensor_batched,cuda,1024,10,1,1,0,3,toy4_gpu_core_neural_output_average_tensor_batched_1024_cuda_repeat01,7,neural_policy,output_average,policy_readout,0.0018476611003279686
toy4,neural_output_average,tensor_batched,tensor_batched,cuda,1024,10,1,1,0,3,toy4_gpu_core_neural_output_average_tensor_batched_1024_cuda_repeat01,7,neural_policy,output_average,decision_selection,0.0009800520492717624
toy4,neural_output_average,tensor_batched,tensor_batched,cuda,1024,10,1,1,0,3,toy4_gpu_core_neural_output_average_tensor_batched_1024_cuda_repeat01,7,neural_policy,output_average,local_trainable_parameters,9.305588901042938e-05
toy4,neural_output_average,tensor_batched,tensor_batched,cuda,1024,10,1,1,0,3,toy4_gpu_core_neural_output_average_tensor_batched_1024_cuda_repeat01,7,neural_policy,output_average,local_loss_forward,0.0005665860371664166
toy4,neural_output_average,tensor_batched,tensor_batched,cuda,1024,10,1,1,0,3,toy4_gpu_core_neural_output_average_tensor_batched_1024_cuda_repeat01,7,neural_policy,output_average,local_autograd_grad,0.0007259190315380692
toy4,neural_output_average,tensor_batched,tensor_batched,cuda,1024,10,1,1,0,3,toy4_gpu_core_neural_output_average_tensor_batched_1024_cuda_repeat01,7,neural_policy,output_average,local_adam_update,0.0008328419644385576
toy4,neural_output_average,tensor_batched,tensor_batched,cuda,1024,10,1,1,0,3,toy4_gpu_core_neural_output_average_tensor_batched_1024_cuda_repeat01,7,neural_policy,output_average,local_optimizer_update,0.001671014935709536
toy4,neural_output_average,tensor_batched,tensor_batched,cuda,1024,10,1,1,0,3,toy4_gpu_core_neural_output_average_tensor_batched_1024_cuda_repeat01,7,neural_policy,output_average,local_loss_update,0.002266586059704423
toy4,neural_output_average,tensor_batched,tensor_batched,cuda,1024,10,1,1,0,3,toy4_gpu_core_neural_output_average_tensor_batched_1024_cuda_repeat01,7,neural_policy,output_average,local_training,0.002404798986390233
toy4,neural_output_average,tensor_batched,tensor_batched,cuda,1024,10,1,1,0,3,toy4_gpu_core_neural_output_average_tensor_batched_1024_cuda_repeat01,7,neural_policy,output_average,cache_refresh,7.995055057108402e-06
toy4,neural_output_average,tensor_batched,tensor_batched,cuda,1024,10,1,1,0,3,toy4_gpu_core_neural_output_average_tensor_batched_1024_cuda_repeat01,7,neural_policy,output_average,post_local_readout,0.00016793899703770876
toy4,neural_output_average,tensor_batched,tensor_batched,cuda,1024,10,1,1,0,3,toy4_gpu_core_neural_output_average_tensor_batched_1024_cuda_repeat01,7,neural_policy,output_average,local_step,0.00675518496427685
toy4,neural_output_average,tensor_batched,tensor_batched,cuda,1024,10,1,1,0,3,toy4_gpu_core_neural_output_average_tensor_batched_1024_cuda_repeat01,7,neural_policy,output_average,select_peers,0.00015262002125382423
toy4,neural_output_average,tensor_batched,tensor_batched,cuda,1024,10,1,1,0,3,toy4_gpu_core_neural_output_average_tensor_batched_1024_cuda_repeat01,7,neural_policy,output_average,social_mix,0.0008519788971170783
toy4,neural_output_average,tensor_batched,tensor_batched,cuda,1024,10,1,1,0,3,toy4_gpu_core_neural_output_average_tensor_batched_1024_cuda_repeat01,7,neural_policy,output_average,social_loss_forward,0.00025374197866767645
toy4,neural_output_average,tensor_batched,tensor_batched,cuda,1024,10,1,1,0,3,toy4_gpu_core_neural_output_average_tensor_batched_1024_cuda_repeat01,7,neural_policy,output_average,social_autograd_grad,0.00039285607635974884
toy4,neural_output_average,tensor_batched,tensor_batched,cuda,1024,10,1,1,0,3,toy4_gpu_core_neural_output_average_tensor_batched_1024_cuda_repeat01,7,neural_policy,output_average,social_adam_update,0.0007222220301628113
toy4,neural_output_average,tensor_batched,tensor_batched,cuda,1024,10,1,1,0,3,toy4_gpu_core_neural_output_average_tensor_batched_1024_cuda_repeat01,7,neural_policy,output_average,social_optimizer_update,0.0014095690567046404
toy4,neural_output_average,tensor_batched,tensor_batched,cuda,1024,10,1,1,0,3,toy4_gpu_core_neural_output_average_tensor_batched_1024_cuda_repeat01,7,neural_policy,output_average,social_distillation,0.0029760849429294467
toy4,neural_output_average,tensor_batched,tensor_batched,cuda,1024,10,1,1,0,3,toy4_gpu_core_neural_output_average_tensor_batched_1024_cuda_repeat01,7,neural_policy,output_average,social_step,0.00300241494551301
toy4,neural_output_average,tensor_batched,tensor_batched,cuda,1024,10,1,1,0,3,toy4_gpu_core_neural_output_average_tensor_batched_1024_cuda_repeat01,7,neural_policy,output_average,sample_actions,6.753019988536835e-06
toy4,neural_output_average,tensor_batched,tensor_batched,cuda,1024,10,1,1,0,3,toy4_gpu_core_neural_output_average_tensor_batched_1024_cuda_repeat01,7,neural_policy,output_average,commit_actions,8.68597999215126e-06
toy4,neural_output_average,tensor_batched,tensor_batched,cuda,1024,10,1,1,0,3,toy4_gpu_core_neural_output_average_tensor_batched_1024_cuda_repeat01,7,neural_policy,output_average,post_step_state_policy,3.187998663634062e-05
toy4,neural_output_average,tensor_batched,tensor_batched,cuda,1024,10,1,1,0,3,toy4_gpu_core_neural_output_average_tensor_batched_1024_cuda_repeat01,7,neural_policy,output_average,update_payoff_ema,2.285395748913288e-05
toy4,neural_output_average,tensor_batched,tensor_batched,cuda,1024,10,1,1,0,3,toy4_gpu_core_neural_output_average_tensor_batched_1024_cuda_repeat01,7,neural_policy,output_average,update_reputation_ema,1.8835999071598053e-05
toy4,neural_output_average,tensor_batched,tensor_batched,cuda,1024,10,1,1,0,3,toy4_gpu_core_neural_output_average_tensor_batched_1024_cuda_repeat01,7,neural_policy,output_average,mobility_swaps,2.0910054445266724e-05
toy4,neural_output_average,tensor_batched,tensor_batched,cuda,1024,10,1,1,0,3,toy4_gpu_core_neural_output_average_tensor_batched_1024_cuda_repeat01,7,neural_policy,output_average,finalize_hook_step,1.5198951587080956e-05
toy4,neural_output_average,tensor_batched,tensor_batched,cuda,1024,10,1,1,0,3,toy4_gpu_core_neural_output_average_tensor_batched_1024_cuda_repeat01,7,neural_policy,output_average,hooked_step_total,0.010988577967509627
toy4,neural_output_average,tensor_batched,tensor_batched,cuda,1024,10,1,1,0,3,toy4_gpu_core_neural_output_average_tensor_batched_1024_cuda_repeat01,7,neural_policy,output_average,aggregate_row,0.03773221094161272
toy4,neural_output_average,tensor_batched,tensor_batched,cuda,1024,10,1,1,0,3,toy4_gpu_core_neural_output_average_tensor_batched_1024_cuda_repeat01,7,neural_policy,output_average,write_aggregate,0.00010141194798052311
toy4,neural_output_average,tensor_batched,tensor_batched,cuda,1024,10,1,1,0,3,toy4_gpu_core_neural_output_average_tensor_batched_1024_cuda_repeat01,8,neural_policy,output_average,sample_revision_mask,5.390204023569822e-05
toy4,neural_output_average,tensor_batched,tensor_batched,cuda,1024,10,1,1,0,3,toy4_gpu_core_neural_output_average_tensor_batched_1024_cuda_repeat01,8,neural_policy,output_average,build_step_context,1.54589070007205e-05
toy4,neural_output_average,tensor_batched,tensor_batched,cuda,1024,10,1,1,0,3,toy4_gpu_core_neural_output_average_tensor_batched_1024_cuda_repeat01,8,neural_policy,output_average,build_observations,0.0008877769578248262
toy4,neural_output_average,tensor_batched,tensor_batched,cuda,1024,10,1,1,0,3,toy4_gpu_core_neural_output_average_tensor_batched_1024_cuda_repeat01,8,neural_policy,output_average,policy_readout,0.0008034160127863288
toy4,neural_output_average,tensor_batched,tensor_batched,cuda,1024,10,1,1,0,3,toy4_gpu_core_neural_output_average_tensor_batched_1024_cuda_repeat01,8,neural_policy,output_average,decision_selection,0.0009564870269969106
toy4,neural_output_average,tensor_batched,tensor_batched,cuda,1024,10,1,1,0,3,toy4_gpu_core_neural_output_average_tensor_batched_1024_cuda_repeat01,8,neural_policy,output_average,local_trainable_parameters,0.00011142203584313393
toy4,neural_output_average,tensor_batched,tensor_batched,cuda,1024,10,1,1,0,3,toy4_gpu_core_neural_output_average_tensor_batched_1024_cuda_repeat01,8,neural_policy,output_average,local_loss_forward,0.0007247170433402061
toy4,neural_output_average,tensor_batched,tensor_batched,cuda,1024,10,1,1,0,3,toy4_gpu_core_neural_output_average_tensor_batched_1024_cuda_repeat01,8,neural_policy,output_average,local_autograd_grad,0.0010160200763493776
toy4,neural_output_average,tensor_batched,tensor_batched,cuda,1024,10,1,1,0,3,toy4_gpu_core_neural_output_average_tensor_batched_1024_cuda_repeat01,8,neural_policy,output_average,local_adam_update,0.0010244969744235277
toy4,neural_output_average,tensor_batched,tensor_batched,cuda,1024,10,1,1,0,3,toy4_gpu_core_neural_output_average_tensor_batched_1024_cuda_repeat01,8,neural_policy,output_average,local_optimizer_update,0.00216943200211972
toy4,neural_output_average,tensor_batched,tensor_batched,cuda,1024,10,1,1,0,3,toy4_gpu_core_neural_output_average_tensor_batched_1024_cuda_repeat01,8,neural_policy,output_average,local_loss_update,0.0029238159768283367
toy4,neural_output_average,tensor_batched,tensor_batched,cuda,1024,10,1,1,0,3,toy4_gpu_core_neural_output_average_tensor_batched_1024_cuda_repeat01,8,neural_policy,output_average,local_training,0.0030852319905534387
toy4,neural_output_average,tensor_batched,tensor_batched,cuda,1024,10,1,1,0,3,toy4_gpu_core_neural_output_average_tensor_batched_1024_cuda_repeat01,8,neural_policy,output_average,cache_refresh,8.956994861364365e-06
toy4,neural_output_average,tensor_batched,tensor_batched,cuda,1024,10,1,1,0,3,toy4_gpu_core_neural_output_average_tensor_batched_1024_cuda_repeat01,8,neural_policy,output_average,post_local_readout,0.00023511599283665419
toy4,neural_output_average,tensor_batched,tensor_batched,cuda,1024,10,1,1,0,3,toy4_gpu_core_neural_output_average_tensor_batched_1024_cuda_repeat01,8,neural_policy,output_average,local_step,0.006868449971079826
toy4,neural_output_average,tensor_batched,tensor_batched,cuda,1024,10,1,1,0,3,toy4_gpu_core_neural_output_average_tensor_batched_1024_cuda_repeat01,8,neural_policy,output_average,select_peers,0.00014173006638884544
toy4,neural_output_average,tensor_batched,tensor_batched,cuda,1024,10,1,1,0,3,toy4_gpu_core_neural_output_average_tensor_batched_1024_cuda_repeat01,8,neural_policy,output_average,social_mix,0.0005298469914123416
toy4,neural_output_average,tensor_batched,tensor_batched,cuda,1024,10,1,1,0,3,toy4_gpu_core_neural_output_average_tensor_batched_1024_cuda_repeat01,8,neural_policy,output_average,social_loss_forward,0.00023783196229487658
toy4,neural_output_average,tensor_batched,tensor_batched,cuda,1024,10,1,1,0,3,toy4_gpu_core_neural_output_average_tensor_batched_1024_cuda_repeat01,8,neural_policy,output_average,social_autograd_grad,0.00036417203955352306
toy4,neural_output_average,tensor_batched,tensor_batched,cuda,1024,10,1,1,0,3,toy4_gpu_core_neural_output_average_tensor_batched_1024_cuda_repeat01,8,neural_policy,output_average,social_adam_update,0.0007075039902701974
toy4,neural_output_average,tensor_batched,tensor_batched,cuda,1024,10,1,1,0,3,toy4_gpu_core_neural_output_average_tensor_batched_1024_cuda_repeat01,8,neural_policy,output_average,social_optimizer_update,0.001372828963212669
toy4,neural_output_average,tensor_batched,tensor_batched,cuda,1024,10,1,1,0,3,toy4_gpu_core_neural_output_average_tensor_batched_1024_cuda_repeat01,8,neural_policy,output_average,social_distillation,0.002553701982833445
toy4,neural_output_average,tensor_batched,tensor_batched,cuda,1024,10,1,1,0,3,toy4_gpu_core_neural_output_average_tensor_batched_1024_cuda_repeat01,8,neural_policy,output_average,social_step,0.0025758639676496387
toy4,neural_output_average,tensor_batched,tensor_batched,cuda,1024,10,1,1,0,3,toy4_gpu_core_neural_output_average_tensor_batched_1024_cuda_repeat01,8,neural_policy,output_average,sample_actions,6.7229848355054855e-06
toy4,neural_output_average,tensor_batched,tensor_batched,cuda,1024,10,1,1,0,3,toy4_gpu_core_neural_output_average_tensor_batched_1024_cuda_repeat01,8,neural_policy,output_average,commit_actions,9.377021342515945e-06
toy4,neural_output_average,tensor_batched,tensor_batched,cuda,1024,10,1,1,0,3,toy4_gpu_core_neural_output_average_tensor_batched_1024_cuda_repeat01,8,neural_policy,output_average,post_step_state_policy,2.593907993286848e-05
toy4,neural_output_average,tensor_batched,tensor_batched,cuda,1024,10,1,1,0,3,toy4_gpu_core_neural_output_average_tensor_batched_1024_cuda_repeat01,8,neural_policy,output_average,update_payoff_ema,1.8795020878314972e-05
toy4,neural_output_average,tensor_batched,tensor_batched,cuda,1024,10,1,1,0,3,toy4_gpu_core_neural_output_average_tensor_batched_1024_cuda_repeat01,8,neural_policy,output_average,update_reputation_ema,1.722201704978943e-05
toy4,neural_output_average,tensor_batched,tensor_batched,cuda,1024,10,1,1,0,3,toy4_gpu_core_neural_output_average_tensor_batched_1024_cuda_repeat01,8,neural_policy,output_average,mobility_swaps,2.223195042461157e-05
toy4,neural_output_average,tensor_batched,tensor_batched,cuda,1024,10,1,1,0,3,toy4_gpu_core_neural_output_average_tensor_batched_1024_cuda_repeat01,8,neural_policy,output_average,finalize_hook_step,1.5089055523276329e-05
toy4,neural_output_average,tensor_batched,tensor_batched,cuda,1024,10,1,1,0,3,toy4_gpu_core_neural_output_average_tensor_batched_1024_cuda_repeat01,8,neural_policy,output_average,hooked_step_total,0.010715509997680783
toy4,neural_output_average,tensor_batched,tensor_batched,cuda,1024,10,1,1,0,3,toy4_gpu_core_neural_output_average_tensor_batched_1024_cuda_repeat01,8,neural_policy,output_average,aggregate_row,0.18790022900793701
toy4,neural_output_average,tensor_batched,tensor_batched,cuda,1024,10,1,1,0,3,toy4_gpu_core_neural_output_average_tensor_batched_1024_cuda_repeat01,8,neural_policy,output_average,write_aggregate,7.996207568794489e-05
toy4,neural_output_average,tensor_batched,tensor_batched,cuda,1024,10,1,1,0,3,toy4_gpu_core_neural_output_average_tensor_batched_1024_cuda_repeat01,9,neural_policy,output_average,sample_revision_mask,3.1299889087677e-05
toy4,neural_output_average,tensor_batched,tensor_batched,cuda,1024,10,1,1,0,3,toy4_gpu_core_neural_output_average_tensor_batched_1024_cuda_repeat01,9,neural_policy,output_average,build_step_context,1.2835022062063217e-05
toy4,neural_output_average,tensor_batched,tensor_batched,cuda,1024,10,1,1,0,3,toy4_gpu_core_neural_output_average_tensor_batched_1024_cuda_repeat01,9,neural_policy,output_average,build_observations,0.0007018940523266792
toy4,neural_output_average,tensor_batched,tensor_batched,cuda,1024,10,1,1,0,3,toy4_gpu_core_neural_output_average_tensor_batched_1024_cuda_repeat01,9,neural_policy,output_average,policy_readout,0.0006687910063192248
toy4,neural_output_average,tensor_batched,tensor_batched,cuda,1024,10,1,1,0,3,toy4_gpu_core_neural_output_average_tensor_batched_1024_cuda_repeat01,9,neural_policy,output_average,decision_selection,0.0009243370732292533
toy4,neural_output_average,tensor_batched,tensor_batched,cuda,1024,10,1,1,0,3,toy4_gpu_core_neural_output_average_tensor_batched_1024_cuda_repeat01,9,neural_policy,output_average,local_trainable_parameters,9.63329803198576e-05
toy4,neural_output_average,tensor_batched,tensor_batched,cuda,1024,10,1,1,0,3,toy4_gpu_core_neural_output_average_tensor_batched_1024_cuda_repeat01,9,neural_policy,output_average,local_loss_forward,0.0005479209357872605
toy4,neural_output_average,tensor_batched,tensor_batched,cuda,1024,10,1,1,0,3,toy4_gpu_core_neural_output_average_tensor_batched_1024_cuda_repeat01,9,neural_policy,output_average,local_autograd_grad,0.0008085559820756316
toy4,neural_output_average,tensor_batched,tensor_batched,cuda,1024,10,1,1,0,3,toy4_gpu_core_neural_output_average_tensor_batched_1024_cuda_repeat01,9,neural_policy,output_average,local_adam_update,0.0008535319939255714
toy4,neural_output_average,tensor_batched,tensor_batched,cuda,1024,10,1,1,0,3,toy4_gpu_core_neural_output_average_tensor_batched_1024_cuda_repeat01,9,neural_policy,output_average,local_optimizer_update,0.0017637308919802308
toy4,neural_output_average,tensor_batched,tensor_batched,cuda,1024,10,1,1,0,3,toy4_gpu_core_neural_output_average_tensor_batched_1024_cuda_repeat01,9,neural_policy,output_average,local_loss_update,0.002343161962926388
toy4,neural_output_average,tensor_batched,tensor_batched,cuda,1024,10,1,1,0,3,toy4_gpu_core_neural_output_average_tensor_batched_1024_cuda_repeat01,9,neural_policy,output_average,local_training,0.0024805529974400997
toy4,neural_output_average,tensor_batched,tensor_batched,cuda,1024,10,1,1,0,3,toy4_gpu_core_neural_output_average_tensor_batched_1024_cuda_repeat01,9,neural_policy,output_average,cache_refresh,9.557930752635002e-06
toy4,neural_output_average,tensor_batched,tensor_batched,cuda,1024,10,1,1,0,3,toy4_gpu_core_neural_output_average_tensor_batched_1024_cuda_repeat01,9,neural_policy,output_average,post_local_readout,0.0001761849271133542
toy4,neural_output_average,tensor_batched,tensor_batched,cuda,1024,10,1,1,0,3,toy4_gpu_core_neural_output_average_tensor_batched_1024_cuda_repeat01,9,neural_policy,output_average,local_step,0.005511501920409501
toy4,neural_output_average,tensor_batched,tensor_batched,cuda,1024,10,1,1,0,3,toy4_gpu_core_neural_output_average_tensor_batched_1024_cuda_repeat01,9,neural_policy,output_average,select_peers,0.00011127197649329901
toy4,neural_output_average,tensor_batched,tensor_batched,cuda,1024,10,1,1,0,3,toy4_gpu_core_neural_output_average_tensor_batched_1024_cuda_repeat01,9,neural_policy,output_average,social_mix,0.0005419990047812462
toy4,neural_output_average,tensor_batched,tensor_batched,cuda,1024,10,1,1,0,3,toy4_gpu_core_neural_output_average_tensor_batched_1024_cuda_repeat01,9,neural_policy,output_average,social_loss_forward,0.00021657103206962347
toy4,neural_output_average,tensor_batched,tensor_batched,cuda,1024,10,1,1,0,3,toy4_gpu_core_neural_output_average_tensor_batched_1024_cuda_repeat01,9,neural_policy,output_average,social_autograd_grad,0.00033948500640690327
toy4,neural_output_average,tensor_batched,tensor_batched,cuda,1024,10,1,1,0,3,toy4_gpu_core_neural_output_average_tensor_batched_1024_cuda_repeat01,9,neural_policy,output_average,social_adam_update,0.0006978559540584683
toy4,neural_output_average,tensor_batched,tensor_batched,cuda,1024,10,1,1,0,3,toy4_gpu_core_neural_output_average_tensor_batched_1024_cuda_repeat01,9,neural_policy,output_average,social_optimizer_update,0.0013241359265521169
toy4,neural_output_average,tensor_batched,tensor_batched,cuda,1024,10,1,1,0,3,toy4_gpu_core_neural_output_average_tensor_batched_1024_cuda_repeat01,9,neural_policy,output_average,social_distillation,0.002443723031319678
toy4,neural_output_average,tensor_batched,tensor_batched,cuda,1024,10,1,1,0,3,toy4_gpu_core_neural_output_average_tensor_batched_1024_cuda_repeat01,9,neural_policy,output_average,social_step,0.002465564990416169
toy4,neural_output_average,tensor_batched,tensor_batched,cuda,1024,10,1,1,0,3,toy4_gpu_core_neural_output_average_tensor_batched_1024_cuda_repeat01,9,neural_policy,output_average,sample_actions,6.663030944764614e-06
toy4,neural_output_average,tensor_batched,tensor_batched,cuda,1024,10,1,1,0,3,toy4_gpu_core_neural_output_average_tensor_batched_1024_cuda_repeat01,9,neural_policy,output_average,commit_actions,8.535920642316341e-06
toy4,neural_output_average,tensor_batched,tensor_batched,cuda,1024,10,1,1,0,3,toy4_gpu_core_neural_output_average_tensor_batched_1024_cuda_repeat01,9,neural_policy,output_average,post_step_state_policy,2.6411027647554874e-05
toy4,neural_output_average,tensor_batched,tensor_batched,cuda,1024,10,1,1,0,3,toy4_gpu_core_neural_output_average_tensor_batched_1024_cuda_repeat01,9,neural_policy,output_average,update_payoff_ema,1.9066035747528076e-05
toy4,neural_output_average,tensor_batched,tensor_batched,cuda,1024,10,1,1,0,3,toy4_gpu_core_neural_output_average_tensor_batched_1024_cuda_repeat01,9,neural_policy,output_average,update_reputation_ema,1.7974060028791428e-05
toy4,neural_output_average,tensor_batched,tensor_batched,cuda,1024,10,1,1,0,3,toy4_gpu_core_neural_output_average_tensor_batched_1024_cuda_repeat01,9,neural_policy,output_average,mobility_swaps,2.334394957870245e-05
toy4,neural_output_average,tensor_batched,tensor_batched,cuda,1024,10,1,1,0,3,toy4_gpu_core_neural_output_average_tensor_batched_1024_cuda_repeat01,9,neural_policy,output_average,finalize_hook_step,1.3655982911586761e-05
toy4,neural_output_average,tensor_batched,tensor_batched,cuda,1024,10,1,1,0,3,toy4_gpu_core_neural_output_average_tensor_batched_1024_cuda_repeat01,9,neural_policy,output_average,hooked_step_total,0.008952360018156469
toy4,neural_output_average,tensor_batched,tensor_batched,cuda,1024,10,1,1,0,3,toy4_gpu_core_neural_output_average_tensor_batched_1024_cuda_repeat01,9,neural_policy,output_average,aggregate_row,0.016535367933101952
toy4,neural_output_average,tensor_batched,tensor_batched,cuda,1024,10,1,1,0,3,toy4_gpu_core_neural_output_average_tensor_batched_1024_cuda_repeat01,9,neural_policy,output_average,write_aggregate,5.948299076408148e-05
toy4,neural_output_average,tensor_batched,tensor_batched,cuda,1024,10,1,1,0,3,toy4_gpu_core_neural_output_average_tensor_batched_1024_cuda_repeat01,10,neural_policy,output_average,sample_revision_mask,1.946697011590004e-05
toy4,neural_output_average,tensor_batched,tensor_batched,cuda,1024,10,1,1,0,3,toy4_gpu_core_neural_output_average_tensor_batched_1024_cuda_repeat01,10,neural_policy,output_average,build_step_context,9.777955710887909e-06
toy4,neural_output_average,tensor_batched,tensor_batched,cuda,1024,10,1,1,0,3,toy4_gpu_core_neural_output_average_tensor_batched_1024_cuda_repeat01,10,neural_policy,output_average,build_observations,0.0004435719456523657
toy4,neural_output_average,tensor_batched,tensor_batched,cuda,1024,10,1,1,0,3,toy4_gpu_core_neural_output_average_tensor_batched_1024_cuda_repeat01,10,neural_policy,output_average,policy_readout,0.000445385929197073
toy4,neural_output_average,tensor_batched,tensor_batched,cuda,1024,10,1,1,0,3,toy4_gpu_core_neural_output_average_tensor_batched_1024_cuda_repeat01,10,neural_policy,output_average,decision_selection,0.0008491839980706573
toy4,neural_output_average,tensor_batched,tensor_batched,cuda,1024,10,1,1,0,3,toy4_gpu_core_neural_output_average_tensor_batched_1024_cuda_repeat01,10,neural_policy,output_average,local_trainable_parameters,8.871895261108875e-05
toy4,neural_output_average,tensor_batched,tensor_batched,cuda,1024,10,1,1,0,3,toy4_gpu_core_neural_output_average_tensor_batched_1024_cuda_repeat01,10,neural_policy,output_average,local_loss_forward,0.00048041308764368296
toy4,neural_output_average,tensor_batched,tensor_batched,cuda,1024,10,1,1,0,3,toy4_gpu_core_neural_output_average_tensor_batched_1024_cuda_repeat01,10,neural_policy,output_average,local_autograd_grad,0.0006788789760321379
toy4,neural_output_average,tensor_batched,tensor_batched,cuda,1024,10,1,1,0,3,toy4_gpu_core_neural_output_average_tensor_batched_1024_cuda_repeat01,10,neural_policy,output_average,local_adam_update,0.0008074439829215407
toy4,neural_output_average,tensor_batched,tensor_batched,cuda,1024,10,1,1,0,3,toy4_gpu_core_neural_output_average_tensor_batched_1024_cuda_repeat01,10,neural_policy,output_average,local_optimizer_update,0.0015817550010979176
toy4,neural_output_average,tensor_batched,tensor_batched,cuda,1024,10,1,1,0,3,toy4_gpu_core_neural_output_average_tensor_batched_1024_cuda_repeat01,10,neural_policy,output_average,local_loss_update,0.0020927960285916924
toy4,neural_output_average,tensor_batched,tensor_batched,cuda,1024,10,1,1,0,3,toy4_gpu_core_neural_output_average_tensor_batched_1024_cuda_repeat01,10,neural_policy,output_average,local_training,0.0022196370409801602
toy4,neural_output_average,tensor_batched,tensor_batched,cuda,1024,10,1,1,0,3,toy4_gpu_core_neural_output_average_tensor_batched_1024_cuda_repeat01,10,neural_policy,output_average,cache_refresh,8.736969903111458e-06
toy4,neural_output_average,tensor_batched,tensor_batched,cuda,1024,10,1,1,0,3,toy4_gpu_core_neural_output_average_tensor_batched_1024_cuda_repeat01,10,neural_policy,output_average,post_local_readout,0.0001649339683353901
toy4,neural_output_average,tensor_batched,tensor_batched,cuda,1024,10,1,1,0,3,toy4_gpu_core_neural_output_average_tensor_batched_1024_cuda_repeat01,10,neural_policy,output_average,local_step,0.00464187900070101
toy4,neural_output_average,tensor_batched,tensor_batched,cuda,1024,10,1,1,0,3,toy4_gpu_core_neural_output_average_tensor_batched_1024_cuda_repeat01,10,neural_policy,output_average,select_peers,0.00011660100426524878
toy4,neural_output_average,tensor_batched,tensor_batched,cuda,1024,10,1,1,0,3,toy4_gpu_core_neural_output_average_tensor_batched_1024_cuda_repeat01,10,neural_policy,output_average,social_mix,0.00048596400301903486
toy4,neural_output_average,tensor_batched,tensor_batched,cuda,1024,10,1,1,0,3,toy4_gpu_core_neural_output_average_tensor_batched_1024_cuda_repeat01,10,neural_policy,output_average,social_loss_forward,0.00022555806208401918
toy4,neural_output_average,tensor_batched,tensor_batched,cuda,1024,10,1,1,0,3,toy4_gpu_core_neural_output_average_tensor_batched_1024_cuda_repeat01,10,neural_policy,output_average,social_autograd_grad,0.00032381503842771053
toy4,neural_output_average,tensor_batched,tensor_batched,cuda,1024,10,1,1,0,3,toy4_gpu_core_neural_output_average_tensor_batched_1024_cuda_repeat01,10,neural_policy,output_average,social_adam_update,0.0006938979495316744
toy4,neural_output_average,tensor_batched,tensor_batched,cuda,1024,10,1,1,0,3,toy4_gpu_core_neural_output_average_tensor_batched_1024_cuda_repeat01,10,neural_policy,output_average,social_optimizer_update,0.0013033360010012984
toy4,neural_output_average,tensor_batched,tensor_batched,cuda,1024,10,1,1,0,3,toy4_gpu_core_neural_output_average_tensor_batched_1024_cuda_repeat01,10,neural_policy,output_average,social_distillation,0.002385533065535128
toy4,neural_output_average,tensor_batched,tensor_batched,cuda,1024,10,1,1,0,3,toy4_gpu_core_neural_output_average_tensor_batched_1024_cuda_repeat01,10,neural_policy,output_average,social_step,0.0024081560550257564
toy4,neural_output_average,tensor_batched,tensor_batched,cuda,1024,10,1,1,0,3,toy4_gpu_core_neural_output_average_tensor_batched_1024_cuda_repeat01,10,neural_policy,output_average,sample_actions,7.585040293633938e-06
toy4,neural_output_average,tensor_batched,tensor_batched,cuda,1024,10,1,1,0,3,toy4_gpu_core_neural_output_average_tensor_batched_1024_cuda_repeat01,10,neural_policy,output_average,commit_actions,9.3081034719944e-06
toy4,neural_output_average,tensor_batched,tensor_batched,cuda,1024,10,1,1,0,3,toy4_gpu_core_neural_output_average_tensor_batched_1024_cuda_repeat01,10,neural_policy,output_average,post_step_state_policy,3.177998587489128e-05
toy4,neural_output_average,tensor_batched,tensor_batched,cuda,1024,10,1,1,0,3,toy4_gpu_core_neural_output_average_tensor_batched_1024_cuda_repeat01,10,neural_policy,output_average,update_payoff_ema,2.2763037122786045e-05
toy4,neural_output_average,tensor_batched,tensor_batched,cuda,1024,10,1,1,0,3,toy4_gpu_core_neural_output_average_tensor_batched_1024_cuda_repeat01,10,neural_policy,output_average,update_reputation_ema,1.7282902263104916e-05
toy4,neural_output_average,tensor_batched,tensor_batched,cuda,1024,10,1,1,0,3,toy4_gpu_core_neural_output_average_tensor_batched_1024_cuda_repeat01,10,neural_policy,output_average,mobility_swaps,3.478606231510639e-05
toy4,neural_output_average,tensor_batched,tensor_batched,cuda,1024,10,1,1,0,3,toy4_gpu_core_neural_output_average_tensor_batched_1024_cuda_repeat01,10,neural_policy,output_average,finalize_hook_step,1.6020028851926327e-05
toy4,neural_output_average,tensor_batched,tensor_batched,cuda,1024,10,1,1,0,3,toy4_gpu_core_neural_output_average_tensor_batched_1024_cuda_repeat01,10,neural_policy,output_average,hooked_step_total,0.00802397495135665
toy4,neural_output_average,tensor_batched,tensor_batched,cuda,1024,10,1,1,0,3,toy4_gpu_core_neural_output_average_tensor_batched_1024_cuda_repeat01,10,neural_policy,output_average,aggregate_row,0.02856798900756985
toy4,neural_output_average,tensor_batched,tensor_batched,cuda,1024,10,1,1,0,3,toy4_gpu_core_neural_output_average_tensor_batched_1024_cuda_repeat01,10,neural_policy,output_average,write_aggregate,9.289593435823917e-05
toy4,neural_output_average,tensor_batched,tensor_batched,cuda,1024,10,1,2,0,3,toy4_gpu_core_neural_output_average_tensor_batched_1024_cuda_repeat02,0,neural_policy,output_average,make_run_dir,0.00018528196960687637
toy4,neural_output_average,tensor_batched,tensor_batched,cuda,1024,10,1,2,0,3,toy4_gpu_core_neural_output_average_tensor_batched_1024_cuda_repeat02,0,neural_policy,output_average,write_metadata,0.002180863986723125
toy4,neural_output_average,tensor_batched,tensor_batched,cuda,1024,10,1,2,0,3,toy4_gpu_core_neural_output_average_tensor_batched_1024_cuda_repeat02,0,neural_policy,output_average,initial_state,0.646724893944338
toy4,neural_output_average,tensor_batched,tensor_batched,cuda,1024,10,1,2,0,3,toy4_gpu_core_neural_output_average_tensor_batched_1024_cuda_repeat02,0,neural_policy,output_average,writer_setup,0.0006070829695090652
toy4,neural_output_average,tensor_batched,tensor_batched,cuda,1024,10,1,2,0,3,toy4_gpu_core_neural_output_average_tensor_batched_1024_cuda_repeat02,0,neural_policy,output_average,initial_step_result,0.0030767860589548945
toy4,neural_output_average,tensor_batched,tensor_batched,cuda,1024,10,1,2,0,3,toy4_gpu_core_neural_output_average_tensor_batched_1024_cuda_repeat02,0,neural_policy,output_average,initial_aggregate_row,0.03806582500692457
toy4,neural_output_average,tensor_batched,tensor_batched,cuda,1024,10,1,2,0,3,toy4_gpu_core_neural_output_average_tensor_batched_1024_cuda_repeat02,0,neural_policy,output_average,write_initial_aggregate,7.994193583726883e-05
toy4,neural_output_average,tensor_batched,tensor_batched,cuda,1024,10,1,2,0,3,toy4_gpu_core_neural_output_average_tensor_batched_1024_cuda_repeat02,1,neural_policy,output_average,sample_revision_mask,3.452494274824858e-05
toy4,neural_output_average,tensor_batched,tensor_batched,cuda,1024,10,1,2,0,3,toy4_gpu_core_neural_output_average_tensor_batched_1024_cuda_repeat02,1,neural_policy,output_average,build_step_context,1.4246907085180283e-05
toy4,neural_output_average,tensor_batched,tensor_batched,cuda,1024,10,1,2,0,3,toy4_gpu_core_neural_output_average_tensor_batched_1024_cuda_repeat02,1,neural_policy,output_average,build_observations,0.0006112309638410807
toy4,neural_output_average,tensor_batched,tensor_batched,cuda,1024,10,1,2,0,3,toy4_gpu_core_neural_output_average_tensor_batched_1024_cuda_repeat02,1,neural_policy,output_average,policy_readout,0.0007119629299268126
toy4,neural_output_average,tensor_batched,tensor_batched,cuda,1024,10,1,2,0,3,toy4_gpu_core_neural_output_average_tensor_batched_1024_cuda_repeat02,1,neural_policy,output_average,decision_selection,0.0009313290938735008
toy4,neural_output_average,tensor_batched,tensor_batched,cuda,1024,10,1,2,0,3,toy4_gpu_core_neural_output_average_tensor_batched_1024_cuda_repeat02,1,neural_policy,output_average,local_trainable_parameters,8.771708235144615e-05
toy4,neural_output_average,tensor_batched,tensor_batched,cuda,1024,10,1,2,0,3,toy4_gpu_core_neural_output_average_tensor_batched_1024_cuda_repeat02,1,neural_policy,output_average,local_loss_forward,0.0005474200006574392
toy4,neural_output_average,tensor_batched,tensor_batched,cuda,1024,10,1,2,0,3,toy4_gpu_core_neural_output_average_tensor_batched_1024_cuda_repeat02,1,neural_policy,output_average,local_autograd_grad,0.0012946600327268243
toy4,neural_output_average,tensor_batched,tensor_batched,cuda,1024,10,1,2,0,3,toy4_gpu_core_neural_output_average_tensor_batched_1024_cuda_repeat02,1,neural_policy,output_average,local_adam_update,0.0008791700238361955
toy4,neural_output_average,tensor_batched,tensor_batched,cuda,1024,10,1,2,0,3,toy4_gpu_core_neural_output_average_tensor_batched_1024_cuda_repeat02,1,neural_policy,output_average,local_optimizer_update,0.002280944027006626
toy4,neural_output_average,tensor_batched,tensor_batched,cuda,1024,10,1,2,0,3,toy4_gpu_core_neural_output_average_tensor_batched_1024_cuda_repeat02,1,neural_policy,output_average,local_loss_update,0.002857309067621827
toy4,neural_output_average,tensor_batched,tensor_batched,cuda,1024,10,1,2,0,3,toy4_gpu_core_neural_output_average_tensor_batched_1024_cuda_repeat02,1,neural_policy,output_average,local_training,0.0029839699855074286
toy4,neural_output_average,tensor_batched,tensor_batched,cuda,1024,10,1,2,0,3,toy4_gpu_core_neural_output_average_tensor_batched_1024_cuda_repeat02,1,neural_policy,output_average,cache_refresh,8.255010470747948e-06
toy4,neural_output_average,tensor_batched,tensor_batched,cuda,1024,10,1,2,0,3,toy4_gpu_core_neural_output_average_tensor_batched_1024_cuda_repeat02,1,neural_policy,output_average,post_local_readout,0.00017566396854817867
toy4,neural_output_average,tensor_batched,tensor_batched,cuda,1024,10,1,2,0,3,toy4_gpu_core_neural_output_average_tensor_batched_1024_cuda_repeat02,1,neural_policy,output_average,local_step,0.006018714979290962
toy4,neural_output_average,tensor_batched,tensor_batched,cuda,1024,10,1,2,0,3,toy4_gpu_core_neural_output_average_tensor_batched_1024_cuda_repeat02,1,neural_policy,output_average,select_peers,0.00013928406406193972
toy4,neural_output_average,tensor_batched,tensor_batched,cuda,1024,10,1,2,0,3,toy4_gpu_core_neural_output_average_tensor_batched_1024_cuda_repeat02,1,neural_policy,output_average,social_mix,0.0005684000207111239
toy4,neural_output_average,tensor_batched,tensor_batched,cuda,1024,10,1,2,0,3,toy4_gpu_core_neural_output_average_tensor_batched_1024_cuda_repeat02,1,neural_policy,output_average,social_loss_forward,0.00022559892386198044
toy4,neural_output_average,tensor_batched,tensor_batched,cuda,1024,10,1,2,0,3,toy4_gpu_core_neural_output_average_tensor_batched_1024_cuda_repeat02,1,neural_policy,output_average,social_autograd_grad,0.0003837289987131953
toy4,neural_output_average,tensor_batched,tensor_batched,cuda,1024,10,1,2,0,3,toy4_gpu_core_neural_output_average_tensor_batched_1024_cuda_repeat02,1,neural_policy,output_average,social_adam_update,0.0006954920245334506
toy4,neural_output_average,tensor_batched,tensor_batched,cuda,1024,10,1,2,0,3,toy4_gpu_core_neural_output_average_tensor_batched_1024_cuda_repeat02,1,neural_policy,output_average,social_optimizer_update,0.001386584946885705
toy4,neural_output_average,tensor_batched,tensor_batched,cuda,1024,10,1,2,0,3,toy4_gpu_core_neural_output_average_tensor_batched_1024_cuda_repeat02,1,neural_policy,output_average,social_distillation,0.002561236033216119
toy4,neural_output_average,tensor_batched,tensor_batched,cuda,1024,10,1,2,0,3,toy4_gpu_core_neural_output_average_tensor_batched_1024_cuda_repeat02,1,neural_policy,output_average,social_step,0.0025831579696387053
toy4,neural_output_average,tensor_batched,tensor_batched,cuda,1024,10,1,2,0,3,toy4_gpu_core_neural_output_average_tensor_batched_1024_cuda_repeat02,1,neural_policy,output_average,sample_actions,6.121001206338406e-06
toy4,neural_output_average,tensor_batched,tensor_batched,cuda,1024,10,1,2,0,3,toy4_gpu_core_neural_output_average_tensor_batched_1024_cuda_repeat02,1,neural_policy,output_average,commit_actions,1.0540010407567024e-05
toy4,neural_output_average,tensor_batched,tensor_batched,cuda,1024,10,1,2,0,3,toy4_gpu_core_neural_output_average_tensor_batched_1024_cuda_repeat02,1,neural_policy,output_average,post_step_state_policy,3.7861987948417664e-05
toy4,neural_output_average,tensor_batched,tensor_batched,cuda,1024,10,1,2,0,3,toy4_gpu_core_neural_output_average_tensor_batched_1024_cuda_repeat02,1,neural_policy,output_average,update_payoff_ema,2.361508086323738e-05
toy4,neural_output_average,tensor_batched,tensor_batched,cuda,1024,10,1,2,0,3,toy4_gpu_core_neural_output_average_tensor_batched_1024_cuda_repeat02,1,neural_policy,output_average,update_reputation_ema,1.932599116116762e-05
toy4,neural_output_average,tensor_batched,tensor_batched,cuda,1024,10,1,2,0,3,toy4_gpu_core_neural_output_average_tensor_batched_1024_cuda_repeat02,1,neural_policy,output_average,mobility_swaps,2.4697044864296913e-05
toy4,neural_output_average,tensor_batched,tensor_batched,cuda,1024,10,1,2,0,3,toy4_gpu_core_neural_output_average_tensor_batched_1024_cuda_repeat02,1,neural_policy,output_average,finalize_hook_step,1.4667981304228306e-05
toy4,neural_output_average,tensor_batched,tensor_batched,cuda,1024,10,1,2,0,3,toy4_gpu_core_neural_output_average_tensor_batched_1024_cuda_repeat02,1,neural_policy,output_average,hooked_step_total,0.009713114937767386
toy4,neural_output_average,tensor_batched,tensor_batched,cuda,1024,10,1,2,0,3,toy4_gpu_core_neural_output_average_tensor_batched_1024_cuda_repeat02,1,neural_policy,output_average,aggregate_row,0.019454914960078895
toy4,neural_output_average,tensor_batched,tensor_batched,cuda,1024,10,1,2,0,3,toy4_gpu_core_neural_output_average_tensor_batched_1024_cuda_repeat02,1,neural_policy,output_average,write_aggregate,7.822795305401087e-05
toy4,neural_output_average,tensor_batched,tensor_batched,cuda,1024,10,1,2,0,3,toy4_gpu_core_neural_output_average_tensor_batched_1024_cuda_repeat02,2,neural_policy,output_average,sample_revision_mask,4.382303450256586e-05
toy4,neural_output_average,tensor_batched,tensor_batched,cuda,1024,10,1,2,0,3,toy4_gpu_core_neural_output_average_tensor_batched_1024_cuda_repeat02,2,neural_policy,output_average,build_step_context,1.1221040040254593e-05
toy4,neural_output_average,tensor_batched,tensor_batched,cuda,1024,10,1,2,0,3,toy4_gpu_core_neural_output_average_tensor_batched_1024_cuda_repeat02,2,neural_policy,output_average,build_observations,0.0005127750337123871
toy4,neural_output_average,tensor_batched,tensor_batched,cuda,1024,10,1,2,0,3,toy4_gpu_core_neural_output_average_tensor_batched_1024_cuda_repeat02,2,neural_policy,output_average,policy_readout,0.0004904220113530755
toy4,neural_output_average,tensor_batched,tensor_batched,cuda,1024,10,1,2,0,3,toy4_gpu_core_neural_output_average_tensor_batched_1024_cuda_repeat02,2,neural_policy,output_average,decision_selection,0.000879021012224257
toy4,neural_output_average,tensor_batched,tensor_batched,cuda,1024,10,1,2,0,3,toy4_gpu_core_neural_output_average_tensor_batched_1024_cuda_repeat02,2,neural_policy,output_average,local_trainable_parameters,8.006300777196884e-05
toy4,neural_output_average,tensor_batched,tensor_batched,cuda,1024,10,1,2,0,3,toy4_gpu_core_neural_output_average_tensor_batched_1024_cuda_repeat02,2,neural_policy,output_average,local_loss_forward,0.00047293794341385365
toy4,neural_output_average,tensor_batched,tensor_batched,cuda,1024,10,1,2,0,3,toy4_gpu_core_neural_output_average_tensor_batched_1024_cuda_repeat02,2,neural_policy,output_average,local_autograd_grad,0.000702504999935627
toy4,neural_output_average,tensor_batched,tensor_batched,cuda,1024,10,1,2,0,3,toy4_gpu_core_neural_output_average_tensor_batched_1024_cuda_repeat02,2,neural_policy,output_average,local_adam_update,0.0010554350446909666
toy4,neural_output_average,tensor_batched,tensor_batched,cuda,1024,10,1,2,0,3,toy4_gpu_core_neural_output_average_tensor_batched_1024_cuda_repeat02,2,neural_policy,output_average,local_optimizer_update,0.001869051018729806
toy4,neural_output_average,tensor_batched,tensor_batched,cuda,1024,10,1,2,0,3,toy4_gpu_core_neural_output_average_tensor_batched_1024_cuda_repeat02,2,neural_policy,output_average,local_loss_update,0.00237435195595026
toy4,neural_output_average,tensor_batched,tensor_batched,cuda,1024,10,1,2,0,3,toy4_gpu_core_neural_output_average_tensor_batched_1024_cuda_repeat02,2,neural_policy,output_average,local_training,0.002495712018571794
toy4,neural_output_average,tensor_batched,tensor_batched,cuda,1024,10,1,2,0,3,toy4_gpu_core_neural_output_average_tensor_batched_1024_cuda_repeat02,2,neural_policy,output_average,cache_refresh,8.675968274474144e-06
toy4,neural_output_average,tensor_batched,tensor_batched,cuda,1024,10,1,2,0,3,toy4_gpu_core_neural_output_average_tensor_batched_1024_cuda_repeat02,2,neural_policy,output_average,post_local_readout,0.0002149689244106412
toy4,neural_output_average,tensor_batched,tensor_batched,cuda,1024,10,1,2,0,3,toy4_gpu_core_neural_output_average_tensor_batched_1024_cuda_repeat02,2,neural_policy,output_average,local_step,0.005245475913397968
toy4,neural_output_average,tensor_batched,tensor_batched,cuda,1024,10,1,2,0,3,toy4_gpu_core_neural_output_average_tensor_batched_1024_cuda_repeat02,2,neural_policy,output_average,select_peers,0.00014797109179198742
toy4,neural_output_average,tensor_batched,tensor_batched,cuda,1024,10,1,2,0,3,toy4_gpu_core_neural_output_average_tensor_batched_1024_cuda_repeat02,2,neural_policy,output_average,social_mix,0.0026059719966724515
toy4,neural_output_average,tensor_batched,tensor_batched,cuda,1024,10,1,2,0,3,toy4_gpu_core_neural_output_average_tensor_batched_1024_cuda_repeat02,2,neural_policy,output_average,social_loss_forward,0.00031924701761454344
toy4,neural_output_average,tensor_batched,tensor_batched,cuda,1024,10,1,2,0,3,toy4_gpu_core_neural_output_average_tensor_batched_1024_cuda_repeat02,2,neural_policy,output_average,social_autograd_grad,0.0004401160404086113
toy4,neural_output_average,tensor_batched,tensor_batched,cuda,1024,10,1,2,0,3,toy4_gpu_core_neural_output_average_tensor_batched_1024_cuda_repeat02,2,neural_policy,output_average,social_adam_update,0.00073627894744277
toy4,neural_output_average,tensor_batched,tensor_batched,cuda,1024,10,1,2,0,3,toy4_gpu_core_neural_output_average_tensor_batched_1024_cuda_repeat02,2,neural_policy,output_average,social_optimizer_update,0.0014866150449961424
toy4,neural_output_average,tensor_batched,tensor_batched,cuda,1024,10,1,2,0,3,toy4_gpu_core_neural_output_average_tensor_batched_1024_cuda_repeat02,2,neural_policy,output_average,social_distillation,0.005070735001936555
toy4,neural_output_average,tensor_batched,tensor_batched,cuda,1024,10,1,2,0,3,toy4_gpu_core_neural_output_average_tensor_batched_1024_cuda_repeat02,2,neural_policy,output_average,social_step,0.005120960064232349
toy4,neural_output_average,tensor_batched,tensor_batched,cuda,1024,10,1,2,0,3,toy4_gpu_core_neural_output_average_tensor_batched_1024_cuda_repeat02,2,neural_policy,output_average,sample_actions,6.692018359899521e-06
toy4,neural_output_average,tensor_batched,tensor_batched,cuda,1024,10,1,2,0,3,toy4_gpu_core_neural_output_average_tensor_batched_1024_cuda_repeat02,2,neural_policy,output_average,commit_actions,8.665956556797028e-06
toy4,neural_output_average,tensor_batched,tensor_batched,cuda,1024,10,1,2,0,3,toy4_gpu_core_neural_output_average_tensor_batched_1024_cuda_repeat02,2,neural_policy,output_average,post_step_state_policy,2.6991008780896664e-05
toy4,neural_output_average,tensor_batched,tensor_batched,cuda,1024,10,1,2,0,3,toy4_gpu_core_neural_output_average_tensor_batched_1024_cuda_repeat02,2,neural_policy,output_average,update_payoff_ema,2.2904016077518463e-05
toy4,neural_output_average,tensor_batched,tensor_batched,cuda,1024,10,1,2,0,3,toy4_gpu_core_neural_output_average_tensor_batched_1024_cuda_repeat02,2,neural_policy,output_average,update_reputation_ema,1.720304135233164e-05
toy4,neural_output_average,tensor_batched,tensor_batched,cuda,1024,10,1,2,0,3,toy4_gpu_core_neural_output_average_tensor_batched_1024_cuda_repeat02,2,neural_policy,output_average,mobility_swaps,2.4726963602006435e-05
toy4,neural_output_average,tensor_batched,tensor_batched,cuda,1024,10,1,2,0,3,toy4_gpu_core_neural_output_average_tensor_batched_1024_cuda_repeat02,2,neural_policy,output_average,finalize_hook_step,1.4667981304228306e-05
toy4,neural_output_average,tensor_batched,tensor_batched,cuda,1024,10,1,2,0,3,toy4_gpu_core_neural_output_average_tensor_batched_1024_cuda_repeat02,2,neural_policy,output_average,hooked_step_total,0.011558711994439363
toy4,neural_output_average,tensor_batched,tensor_batched,cuda,1024,10,1,2,0,3,toy4_gpu_core_neural_output_average_tensor_batched_1024_cuda_repeat02,2,neural_policy,output_average,aggregate_row,0.02501079998910427
toy4,neural_output_average,tensor_batched,tensor_batched,cuda,1024,10,1,2,0,3,toy4_gpu_core_neural_output_average_tensor_batched_1024_cuda_repeat02,2,neural_policy,output_average,write_aggregate,7.590500172227621e-05
toy4,neural_output_average,tensor_batched,tensor_batched,cuda,1024,10,1,2,0,3,toy4_gpu_core_neural_output_average_tensor_batched_1024_cuda_repeat02,3,neural_policy,output_average,sample_revision_mask,2.824293915182352e-05
toy4,neural_output_average,tensor_batched,tensor_batched,cuda,1024,10,1,2,0,3,toy4_gpu_core_neural_output_average_tensor_batched_1024_cuda_repeat02,3,neural_policy,output_average,build_step_context,1.2624077498912811e-05
toy4,neural_output_average,tensor_batched,tensor_batched,cuda,1024,10,1,2,0,3,toy4_gpu_core_neural_output_average_tensor_batched_1024_cuda_repeat02,3,neural_policy,output_average,build_observations,0.0005917740054428577
toy4,neural_output_average,tensor_batched,tensor_batched,cuda,1024,10,1,2,0,3,toy4_gpu_core_neural_output_average_tensor_batched_1024_cuda_repeat02,3,neural_policy,output_average,policy_readout,0.0006859130226075649
toy4,neural_output_average,tensor_batched,tensor_batched,cuda,1024,10,1,2,0,3,toy4_gpu_core_neural_output_average_tensor_batched_1024_cuda_repeat02,3,neural_policy,output_average,decision_selection,0.0008970440831035376
toy4,neural_output_average,tensor_batched,tensor_batched,cuda,1024,10,1,2,0,3,toy4_gpu_core_neural_output_average_tensor_batched_1024_cuda_repeat02,3,neural_policy,output_average,local_trainable_parameters,8.973001968115568e-05
toy4,neural_output_average,tensor_batched,tensor_batched,cuda,1024,10,1,2,0,3,toy4_gpu_core_neural_output_average_tensor_batched_1024_cuda_repeat02,3,neural_policy,output_average,local_loss_forward,0.0005265909712761641
toy4,neural_output_average,tensor_batched,tensor_batched,cuda,1024,10,1,2,0,3,toy4_gpu_core_neural_output_average_tensor_batched_1024_cuda_repeat02,3,neural_policy,output_average,local_autograd_grad,0.0008041979745030403
toy4,neural_output_average,tensor_batched,tensor_batched,cuda,1024,10,1,2,0,3,toy4_gpu_core_neural_output_average_tensor_batched_1024_cuda_repeat02,3,neural_policy,output_average,local_adam_update,0.0009778180392459035
toy4,neural_output_average,tensor_batched,tensor_batched,cuda,1024,10,1,2,0,3,toy4_gpu_core_neural_output_average_tensor_batched_1024_cuda_repeat02,3,neural_policy,output_average,local_optimizer_update,0.0019016730366274714
toy4,neural_output_average,tensor_batched,tensor_batched,cuda,1024,10,1,2,0,3,toy4_gpu_core_neural_output_average_tensor_batched_1024_cuda_repeat02,3,neural_policy,output_average,local_loss_update,0.0024606259539723396
toy4,neural_output_average,tensor_batched,tensor_batched,cuda,1024,10,1,2,0,3,toy4_gpu_core_neural_output_average_tensor_batched_1024_cuda_repeat02,3,neural_policy,output_average,local_training,0.002590121002867818
toy4,neural_output_average,tensor_batched,tensor_batched,cuda,1024,10,1,2,0,3,toy4_gpu_core_neural_output_average_tensor_batched_1024_cuda_repeat02,3,neural_policy,output_average,cache_refresh,7.78399407863617e-06
toy4,neural_output_average,tensor_batched,tensor_batched,cuda,1024,10,1,2,0,3,toy4_gpu_core_neural_output_average_tensor_batched_1024_cuda_repeat02,3,neural_policy,output_average,post_local_readout,0.0001712460070848465
toy4,neural_output_average,tensor_batched,tensor_batched,cuda,1024,10,1,2,0,3,toy4_gpu_core_neural_output_average_tensor_batched_1024_cuda_repeat02,3,neural_policy,output_average,local_step,0.005501744104549289
toy4,neural_output_average,tensor_batched,tensor_batched,cuda,1024,10,1,2,0,3,toy4_gpu_core_neural_output_average_tensor_batched_1024_cuda_repeat02,3,neural_policy,output_average,select_peers,0.00011515896767377853
toy4,neural_output_average,tensor_batched,tensor_batched,cuda,1024,10,1,2,0,3,toy4_gpu_core_neural_output_average_tensor_batched_1024_cuda_repeat02,3,neural_policy,output_average,social_mix,0.0005188760114833713
toy4,neural_output_average,tensor_batched,tensor_batched,cuda,1024,10,1,2,0,3,toy4_gpu_core_neural_output_average_tensor_batched_1024_cuda_repeat02,3,neural_policy,output_average,social_loss_forward,0.00020587106700986624
toy4,neural_output_average,tensor_batched,tensor_batched,cuda,1024,10,1,2,0,3,toy4_gpu_core_neural_output_average_tensor_batched_1024_cuda_repeat02,3,neural_policy,output_average,social_autograd_grad,0.0003592630382627249
toy4,neural_output_average,tensor_batched,tensor_batched,cuda,1024,10,1,2,0,3,toy4_gpu_core_neural_output_average_tensor_batched_1024_cuda_repeat02,3,neural_policy,output_average,social_adam_update,0.0006729390006512403
toy4,neural_output_average,tensor_batched,tensor_batched,cuda,1024,10,1,2,0,3,toy4_gpu_core_neural_output_average_tensor_batched_1024_cuda_repeat02,3,neural_policy,output_average,social_optimizer_update,0.001318054972216487
toy4,neural_output_average,tensor_batched,tensor_batched,cuda,1024,10,1,2,0,3,toy4_gpu_core_neural_output_average_tensor_batched_1024_cuda_repeat02,3,neural_policy,output_average,social_distillation,0.002426680992357433
toy4,neural_output_average,tensor_batched,tensor_batched,cuda,1024,10,1,2,0,3,toy4_gpu_core_neural_output_average_tensor_batched_1024_cuda_repeat02,3,neural_policy,output_average,social_step,0.002448001061566174
toy4,neural_output_average,tensor_batched,tensor_batched,cuda,1024,10,1,2,0,3,toy4_gpu_core_neural_output_average_tensor_batched_1024_cuda_repeat02,3,neural_policy,output_average,sample_actions,6.6729262471199036e-06
toy4,neural_output_average,tensor_batched,tensor_batched,cuda,1024,10,1,2,0,3,toy4_gpu_core_neural_output_average_tensor_batched_1024_cuda_repeat02,3,neural_policy,output_average,commit_actions,8.085044100880623e-06
toy4,neural_output_average,tensor_batched,tensor_batched,cuda,1024,10,1,2,0,3,toy4_gpu_core_neural_output_average_tensor_batched_1024_cuda_repeat02,3,neural_policy,output_average,post_step_state_policy,2.883502747863531e-05
toy4,neural_output_average,tensor_batched,tensor_batched,cuda,1024,10,1,2,0,3,toy4_gpu_core_neural_output_average_tensor_batched_1024_cuda_repeat02,3,neural_policy,output_average,update_payoff_ema,1.8885941244661808e-05
toy4,neural_output_average,tensor_batched,tensor_batched,cuda,1024,10,1,2,0,3,toy4_gpu_core_neural_output_average_tensor_batched_1024_cuda_repeat02,3,neural_policy,output_average,update_reputation_ema,1.735298428684473e-05
toy4,neural_output_average,tensor_batched,tensor_batched,cuda,1024,10,1,2,0,3,toy4_gpu_core_neural_output_average_tensor_batched_1024_cuda_repeat02,3,neural_policy,output_average,mobility_swaps,2.3563974536955357e-05
toy4,neural_output_average,tensor_batched,tensor_batched,cuda,1024,10,1,2,0,3,toy4_gpu_core_neural_output_average_tensor_batched_1024_cuda_repeat02,3,neural_policy,output_average,finalize_hook_step,1.4889054000377655e-05
toy4,neural_output_average,tensor_batched,tensor_batched,cuda,1024,10,1,2,0,3,toy4_gpu_core_neural_output_average_tensor_batched_1024_cuda_repeat02,3,neural_policy,output_average,hooked_step_total,0.008908245014026761
toy4,neural_output_average,tensor_batched,tensor_batched,cuda,1024,10,1,2,0,3,toy4_gpu_core_neural_output_average_tensor_batched_1024_cuda_repeat02,3,neural_policy,output_average,aggregate_row,0.04059611295815557
toy4,neural_output_average,tensor_batched,tensor_batched,cuda,1024,10,1,2,0,3,toy4_gpu_core_neural_output_average_tensor_batched_1024_cuda_repeat02,3,neural_policy,output_average,write_aggregate,8.708599489182234e-05
toy4,neural_output_average,tensor_batched,tensor_batched,cuda,1024,10,1,2,0,3,toy4_gpu_core_neural_output_average_tensor_batched_1024_cuda_repeat02,4,neural_policy,output_average,sample_revision_mask,3.949599340558052e-05
toy4,neural_output_average,tensor_batched,tensor_batched,cuda,1024,10,1,2,0,3,toy4_gpu_core_neural_output_average_tensor_batched_1024_cuda_repeat02,4,neural_policy,output_average,build_step_context,1.3925950042903423e-05
toy4,neural_output_average,tensor_batched,tensor_batched,cuda,1024,10,1,2,0,3,toy4_gpu_core_neural_output_average_tensor_batched_1024_cuda_repeat02,4,neural_policy,output_average,build_observations,0.0009002699516713619
toy4,neural_output_average,tensor_batched,tensor_batched,cuda,1024,10,1,2,0,3,toy4_gpu_core_neural_output_average_tensor_batched_1024_cuda_repeat02,4,neural_policy,output_average,policy_readout,0.0008085960289463401
toy4,neural_output_average,tensor_batched,tensor_batched,cuda,1024,10,1,2,0,3,toy4_gpu_core_neural_output_average_tensor_batched_1024_cuda_repeat02,4,neural_policy,output_average,decision_selection,0.0010355470003560185
toy4,neural_output_average,tensor_batched,tensor_batched,cuda,1024,10,1,2,0,3,toy4_gpu_core_neural_output_average_tensor_batched_1024_cuda_repeat02,4,neural_policy,output_average,local_trainable_parameters,9.588198736310005e-05
toy4,neural_output_average,tensor_batched,tensor_batched,cuda,1024,10,1,2,0,3,toy4_gpu_core_neural_output_average_tensor_batched_1024_cuda_repeat02,4,neural_policy,output_average,local_loss_forward,0.0006999899633228779
toy4,neural_output_average,tensor_batched,tensor_batched,cuda,1024,10,1,2,0,3,toy4_gpu_core_neural_output_average_tensor_batched_1024_cuda_repeat02,4,neural_policy,output_average,local_autograd_grad,0.0026957920053973794
toy4,neural_output_average,tensor_batched,tensor_batched,cuda,1024,10,1,2,0,3,toy4_gpu_core_neural_output_average_tensor_batched_1024_cuda_repeat02,4,neural_policy,output_average,local_adam_update,0.001345476950518787
toy4,neural_output_average,tensor_batched,tensor_batched,cuda,1024,10,1,2,0,3,toy4_gpu_core_neural_output_average_tensor_batched_1024_cuda_repeat02,4,neural_policy,output_average,local_optimizer_update,0.0041864940430969
toy4,neural_output_average,tensor_batched,tensor_batched,cuda,1024,10,1,2,0,3,toy4_gpu_core_neural_output_average_tensor_batched_1024_cuda_repeat02,4,neural_policy,output_average,local_loss_update,0.004919918021187186
toy4,neural_output_average,tensor_batched,tensor_batched,cuda,1024,10,1,2,0,3,toy4_gpu_core_neural_output_average_tensor_batched_1024_cuda_repeat02,4,neural_policy,output_average,local_training,0.005063210031948984
toy4,neural_output_average,tensor_batched,tensor_batched,cuda,1024,10,1,2,0,3,toy4_gpu_core_neural_output_average_tensor_batched_1024_cuda_repeat02,4,neural_policy,output_average,cache_refresh,8.946983143687248e-06
toy4,neural_output_average,tensor_batched,tensor_batched,cuda,1024,10,1,2,0,3,toy4_gpu_core_neural_output_average_tensor_batched_1024_cuda_repeat02,4,neural_policy,output_average,post_local_readout,0.00024602795019745827
toy4,neural_output_average,tensor_batched,tensor_batched,cuda,1024,10,1,2,0,3,toy4_gpu_core_neural_output_average_tensor_batched_1024_cuda_repeat02,4,neural_policy,output_average,local_step,0.00879920891020447
toy4,neural_output_average,tensor_batched,tensor_batched,cuda,1024,10,1,2,0,3,toy4_gpu_core_neural_output_average_tensor_batched_1024_cuda_repeat02,4,neural_policy,output_average,select_peers,0.0001213200157508254
toy4,neural_output_average,tensor_batched,tensor_batched,cuda,1024,10,1,2,0,3,toy4_gpu_core_neural_output_average_tensor_batched_1024_cuda_repeat02,4,neural_policy,output_average,social_mix,0.0006157089956104755
toy4,neural_output_average,tensor_batched,tensor_batched,cuda,1024,10,1,2,0,3,toy4_gpu_core_neural_output_average_tensor_batched_1024_cuda_repeat02,4,neural_policy,output_average,social_loss_forward,0.00022490799892693758
toy4,neural_output_average,tensor_batched,tensor_batched,cuda,1024,10,1,2,0,3,toy4_gpu_core_neural_output_average_tensor_batched_1024_cuda_repeat02,4,neural_policy,output_average,social_autograd_grad,0.00040532101411372423
toy4,neural_output_average,tensor_batched,tensor_batched,cuda,1024,10,1,2,0,3,toy4_gpu_core_neural_output_average_tensor_batched_1024_cuda_repeat02,4,neural_policy,output_average,social_adam_update,0.0006754940841346979
toy4,neural_output_average,tensor_batched,tensor_batched,cuda,1024,10,1,2,0,3,toy4_gpu_core_neural_output_average_tensor_batched_1024_cuda_repeat02,4,neural_policy,output_average,social_optimizer_update,0.001378288958221674
toy4,neural_output_average,tensor_batched,tensor_batched,cuda,1024,10,1,2,0,3,toy4_gpu_core_neural_output_average_tensor_batched_1024_cuda_repeat02,4,neural_policy,output_average,social_distillation,0.0026293660048395395
toy4,neural_output_average,tensor_batched,tensor_batched,cuda,1024,10,1,2,0,3,toy4_gpu_core_neural_output_average_tensor_batched_1024_cuda_repeat02,4,neural_policy,output_average,social_step,0.002652419963851571
toy4,neural_output_average,tensor_batched,tensor_batched,cuda,1024,10,1,2,0,3,toy4_gpu_core_neural_output_average_tensor_batched_1024_cuda_repeat02,4,neural_policy,output_average,sample_actions,6.9229863584041595e-06
toy4,neural_output_average,tensor_batched,tensor_batched,cuda,1024,10,1,2,0,3,toy4_gpu_core_neural_output_average_tensor_batched_1024_cuda_repeat02,4,neural_policy,output_average,commit_actions,8.426024578511715e-06
toy4,neural_output_average,tensor_batched,tensor_batched,cuda,1024,10,1,2,0,3,toy4_gpu_core_neural_output_average_tensor_batched_1024_cuda_repeat02,4,neural_policy,output_average,post_step_state_policy,3.595894668251276e-05
toy4,neural_output_average,tensor_batched,tensor_batched,cuda,1024,10,1,2,0,3,toy4_gpu_core_neural_output_average_tensor_batched_1024_cuda_repeat02,4,neural_policy,output_average,update_payoff_ema,2.933491487056017e-05
toy4,neural_output_average,tensor_batched,tensor_batched,cuda,1024,10,1,2,0,3,toy4_gpu_core_neural_output_average_tensor_batched_1024_cuda_repeat02,4,neural_policy,output_average,update_reputation_ema,2.0919949747622013e-05
toy4,neural_output_average,tensor_batched,tensor_batched,cuda,1024,10,1,2,0,3,toy4_gpu_core_neural_output_average_tensor_batched_1024_cuda_repeat02,4,neural_policy,output_average,mobility_swaps,2.762197982519865e-05
toy4,neural_output_average,tensor_batched,tensor_batched,cuda,1024,10,1,2,0,3,toy4_gpu_core_neural_output_average_tensor_batched_1024_cuda_repeat02,4,neural_policy,output_average,finalize_hook_step,1.703202724456787e-05
toy4,neural_output_average,tensor_batched,tensor_batched,cuda,1024,10,1,2,0,3,toy4_gpu_core_neural_output_average_tensor_batched_1024_cuda_repeat02,4,neural_policy,output_average,hooked_step_total,0.012594128958880901
toy4,neural_output_average,tensor_batched,tensor_batched,cuda,1024,10,1,2,0,3,toy4_gpu_core_neural_output_average_tensor_batched_1024_cuda_repeat02,4,neural_policy,output_average,aggregate_row,0.02181639091577381
toy4,neural_output_average,tensor_batched,tensor_batched,cuda,1024,10,1,2,0,3,toy4_gpu_core_neural_output_average_tensor_batched_1024_cuda_repeat02,4,neural_policy,output_average,write_aggregate,6.818899419158697e-05
toy4,neural_output_average,tensor_batched,tensor_batched,cuda,1024,10,1,2,0,3,toy4_gpu_core_neural_output_average_tensor_batched_1024_cuda_repeat02,5,neural_policy,output_average,sample_revision_mask,1.9046012312173843e-05
toy4,neural_output_average,tensor_batched,tensor_batched,cuda,1024,10,1,2,0,3,toy4_gpu_core_neural_output_average_tensor_batched_1024_cuda_repeat02,5,neural_policy,output_average,build_step_context,1.0019051842391491e-05
toy4,neural_output_average,tensor_batched,tensor_batched,cuda,1024,10,1,2,0,3,toy4_gpu_core_neural_output_average_tensor_batched_1024_cuda_repeat02,5,neural_policy,output_average,build_observations,0.00034009700175374746
toy4,neural_output_average,tensor_batched,tensor_batched,cuda,1024,10,1,2,0,3,toy4_gpu_core_neural_output_average_tensor_batched_1024_cuda_repeat02,5,neural_policy,output_average,policy_readout,0.00043145008385181427
toy4,neural_output_average,tensor_batched,tensor_batched,cuda,1024,10,1,2,0,3,toy4_gpu_core_neural_output_average_tensor_batched_1024_cuda_repeat02,5,neural_policy,output_average,decision_selection,0.000957258976995945
toy4,neural_output_average,tensor_batched,tensor_batched,cuda,1024,10,1,2,0,3,toy4_gpu_core_neural_output_average_tensor_batched_1024_cuda_repeat02,5,neural_policy,output_average,local_trainable_parameters,0.00012450700160115957
toy4,neural_output_average,tensor_batched,tensor_batched,cuda,1024,10,1,2,0,3,toy4_gpu_core_neural_output_average_tensor_batched_1024_cuda_repeat02,5,neural_policy,output_average,local_loss_forward,0.0006410079076886177
toy4,neural_output_average,tensor_batched,tensor_batched,cuda,1024,10,1,2,0,3,toy4_gpu_core_neural_output_average_tensor_batched_1024_cuda_repeat02,5,neural_policy,output_average,local_autograd_grad,0.0007233551004901528
toy4,neural_output_average,tensor_batched,tensor_batched,cuda,1024,10,1,2,0,3,toy4_gpu_core_neural_output_average_tensor_batched_1024_cuda_repeat02,5,neural_policy,output_average,local_adam_update,0.0008681089384481311
toy4,neural_output_average,tensor_batched,tensor_batched,cuda,1024,10,1,2,0,3,toy4_gpu_core_neural_output_average_tensor_batched_1024_cuda_repeat02,5,neural_policy,output_average,local_optimizer_update,0.0016942688962444663
toy4,neural_output_average,tensor_batched,tensor_batched,cuda,1024,10,1,2,0,3,toy4_gpu_core_neural_output_average_tensor_batched_1024_cuda_repeat02,5,neural_policy,output_average,local_loss_update,0.002365565043874085
toy4,neural_output_average,tensor_batched,tensor_batched,cuda,1024,10,1,2,0,3,toy4_gpu_core_neural_output_average_tensor_batched_1024_cuda_repeat02,5,neural_policy,output_average,local_training,0.002531570033170283
toy4,neural_output_average,tensor_batched,tensor_batched,cuda,1024,10,1,2,0,3,toy4_gpu_core_neural_output_average_tensor_batched_1024_cuda_repeat02,5,neural_policy,output_average,cache_refresh,7.192953489720821e-06
toy4,neural_output_average,tensor_batched,tensor_batched,cuda,1024,10,1,2,0,3,toy4_gpu_core_neural_output_average_tensor_batched_1024_cuda_repeat02,5,neural_policy,output_average,post_local_readout,0.00021171197295188904
toy4,neural_output_average,tensor_batched,tensor_batched,cuda,1024,10,1,2,0,3,toy4_gpu_core_neural_output_average_tensor_batched_1024_cuda_repeat02,5,neural_policy,output_average,local_step,0.005057338974438608
toy4,neural_output_average,tensor_batched,tensor_batched,cuda,1024,10,1,2,0,3,toy4_gpu_core_neural_output_average_tensor_batched_1024_cuda_repeat02,5,neural_policy,output_average,select_peers,0.00012097903527319431
toy4,neural_output_average,tensor_batched,tensor_batched,cuda,1024,10,1,2,0,3,toy4_gpu_core_neural_output_average_tensor_batched_1024_cuda_repeat02,5,neural_policy,output_average,social_mix,0.0005496839294210076
toy4,neural_output_average,tensor_batched,tensor_batched,cuda,1024,10,1,2,0,3,toy4_gpu_core_neural_output_average_tensor_batched_1024_cuda_repeat02,5,neural_policy,output_average,social_loss_forward,0.00022146000992506742
toy4,neural_output_average,tensor_batched,tensor_batched,cuda,1024,10,1,2,0,3,toy4_gpu_core_neural_output_average_tensor_batched_1024_cuda_repeat02,5,neural_policy,output_average,social_autograd_grad,0.0004266409669071436
toy4,neural_output_average,tensor_batched,tensor_batched,cuda,1024,10,1,2,0,3,toy4_gpu_core_neural_output_average_tensor_batched_1024_cuda_repeat02,5,neural_policy,output_average,social_adam_update,0.0006655639735981822
toy4,neural_output_average,tensor_batched,tensor_batched,cuda,1024,10,1,2,0,3,toy4_gpu_core_neural_output_average_tensor_batched_1024_cuda_repeat02,5,neural_policy,output_average,social_optimizer_update,0.0013790200464427471
toy4,neural_output_average,tensor_batched,tensor_batched,cuda,1024,10,1,2,0,3,toy4_gpu_core_neural_output_average_tensor_batched_1024_cuda_repeat02,5,neural_policy,output_average,social_distillation,0.0025700629921630025
toy4,neural_output_average,tensor_batched,tensor_batched,cuda,1024,10,1,2,0,3,toy4_gpu_core_neural_output_average_tensor_batched_1024_cuda_repeat02,5,neural_policy,output_average,social_step,0.002597795915789902
toy4,neural_output_average,tensor_batched,tensor_batched,cuda,1024,10,1,2,0,3,toy4_gpu_core_neural_output_average_tensor_batched_1024_cuda_repeat02,5,neural_policy,output_average,sample_actions,6.3820043578743935e-06
toy4,neural_output_average,tensor_batched,tensor_batched,cuda,1024,10,1,2,0,3,toy4_gpu_core_neural_output_average_tensor_batched_1024_cuda_repeat02,5,neural_policy,output_average,commit_actions,9.328010492026806e-06
toy4,neural_output_average,tensor_batched,tensor_batched,cuda,1024,10,1,2,0,3,toy4_gpu_core_neural_output_average_tensor_batched_1024_cuda_repeat02,5,neural_policy,output_average,post_step_state_policy,4.015606828033924e-05
toy4,neural_output_average,tensor_batched,tensor_batched,cuda,1024,10,1,2,0,3,toy4_gpu_core_neural_output_average_tensor_batched_1024_cuda_repeat02,5,neural_policy,output_average,update_payoff_ema,2.2141961380839348e-05
toy4,neural_output_average,tensor_batched,tensor_batched,cuda,1024,10,1,2,0,3,toy4_gpu_core_neural_output_average_tensor_batched_1024_cuda_repeat02,5,neural_policy,output_average,update_reputation_ema,1.930701546370983e-05
toy4,neural_output_average,tensor_batched,tensor_batched,cuda,1024,10,1,2,0,3,toy4_gpu_core_neural_output_average_tensor_batched_1024_cuda_repeat02,5,neural_policy,output_average,mobility_swaps,2.638006117194891e-05
toy4,neural_output_average,tensor_batched,tensor_batched,cuda,1024,10,1,2,0,3,toy4_gpu_core_neural_output_average_tensor_batched_1024_cuda_repeat02,5,neural_policy,output_average,finalize_hook_step,1.5910016372799873e-05
toy4,neural_output_average,tensor_batched,tensor_batched,cuda,1024,10,1,2,0,3,toy4_gpu_core_neural_output_average_tensor_batched_1024_cuda_repeat02,5,neural_policy,output_average,hooked_step_total,0.008568339981138706
toy4,neural_output_average,tensor_batched,tensor_batched,cuda,1024,10,1,2,0,3,toy4_gpu_core_neural_output_average_tensor_batched_1024_cuda_repeat02,5,neural_policy,output_average,aggregate_row,0.029435617034323514
toy4,neural_output_average,tensor_batched,tensor_batched,cuda,1024,10,1,2,0,3,toy4_gpu_core_neural_output_average_tensor_batched_1024_cuda_repeat02,5,neural_policy,output_average,write_aggregate,0.00017758796457201242
toy4,neural_output_average,tensor_batched,tensor_batched,cuda,1024,10,1,2,0,3,toy4_gpu_core_neural_output_average_tensor_batched_1024_cuda_repeat02,6,neural_policy,output_average,sample_revision_mask,7.015292067080736e-05
toy4,neural_output_average,tensor_batched,tensor_batched,cuda,1024,10,1,2,0,3,toy4_gpu_core_neural_output_average_tensor_batched_1024_cuda_repeat02,6,neural_policy,output_average,build_step_context,1.856603194028139e-05
toy4,neural_output_average,tensor_batched,tensor_batched,cuda,1024,10,1,2,0,3,toy4_gpu_core_neural_output_average_tensor_batched_1024_cuda_repeat02,6,neural_policy,output_average,build_observations,0.0006416100077331066
toy4,neural_output_average,tensor_batched,tensor_batched,cuda,1024,10,1,2,0,3,toy4_gpu_core_neural_output_average_tensor_batched_1024_cuda_repeat02,6,neural_policy,output_average,policy_readout,0.0004753329558297992
toy4,neural_output_average,tensor_batched,tensor_batched,cuda,1024,10,1,2,0,3,toy4_gpu_core_neural_output_average_tensor_batched_1024_cuda_repeat02,6,neural_policy,output_average,decision_selection,0.0009423000738024712
toy4,neural_output_average,tensor_batched,tensor_batched,cuda,1024,10,1,2,0,3,toy4_gpu_core_neural_output_average_tensor_batched_1024_cuda_repeat02,6,neural_policy,output_average,local_trainable_parameters,9.514100383967161e-05
toy4,neural_output_average,tensor_batched,tensor_batched,cuda,1024,10,1,2,0,3,toy4_gpu_core_neural_output_average_tensor_batched_1024_cuda_repeat02,6,neural_policy,output_average,local_loss_forward,0.0005846810527145863
toy4,neural_output_average,tensor_batched,tensor_batched,cuda,1024,10,1,2,0,3,toy4_gpu_core_neural_output_average_tensor_batched_1024_cuda_repeat02,6,neural_policy,output_average,local_autograd_grad,0.0007856730371713638
toy4,neural_output_average,tensor_batched,tensor_batched,cuda,1024,10,1,2,0,3,toy4_gpu_core_neural_output_average_tensor_batched_1024_cuda_repeat02,6,neural_policy,output_average,local_adam_update,0.0009738299995660782
toy4,neural_output_average,tensor_batched,tensor_batched,cuda,1024,10,1,2,0,3,toy4_gpu_core_neural_output_average_tensor_batched_1024_cuda_repeat02,6,neural_policy,output_average,local_optimizer_update,0.0018854819936677814
toy4,neural_output_average,tensor_batched,tensor_batched,cuda,1024,10,1,2,0,3,toy4_gpu_core_neural_output_average_tensor_batched_1024_cuda_repeat02,6,neural_policy,output_average,local_loss_update,0.002503687050193548
toy4,neural_output_average,tensor_batched,tensor_batched,cuda,1024,10,1,2,0,3,toy4_gpu_core_neural_output_average_tensor_batched_1024_cuda_repeat02,6,neural_policy,output_average,local_training,0.002647619927302003
toy4,neural_output_average,tensor_batched,tensor_batched,cuda,1024,10,1,2,0,3,toy4_gpu_core_neural_output_average_tensor_batched_1024_cuda_repeat02,6,neural_policy,output_average,cache_refresh,1.0339077562093735e-05
toy4,neural_output_average,tensor_batched,tensor_batched,cuda,1024,10,1,2,0,3,toy4_gpu_core_neural_output_average_tensor_batched_1024_cuda_repeat02,6,neural_policy,output_average,post_local_readout,0.0002177329733967781
toy4,neural_output_average,tensor_batched,tensor_batched,cuda,1024,10,1,2,0,3,toy4_gpu_core_neural_output_average_tensor_batched_1024_cuda_repeat02,6,neural_policy,output_average,local_step,0.00562094000633806
toy4,neural_output_average,tensor_batched,tensor_batched,cuda,1024,10,1,2,0,3,toy4_gpu_core_neural_output_average_tensor_batched_1024_cuda_repeat02,6,neural_policy,output_average,select_peers,0.00012168101966381073
toy4,neural_output_average,tensor_batched,tensor_batched,cuda,1024,10,1,2,0,3,toy4_gpu_core_neural_output_average_tensor_batched_1024_cuda_repeat02,6,neural_policy,output_average,social_mix,0.0005439629312604666
toy4,neural_output_average,tensor_batched,tensor_batched,cuda,1024,10,1,2,0,3,toy4_gpu_core_neural_output_average_tensor_batched_1024_cuda_repeat02,6,neural_policy,output_average,social_loss_forward,0.00022326409816741943
toy4,neural_output_average,tensor_batched,tensor_batched,cuda,1024,10,1,2,0,3,toy4_gpu_core_neural_output_average_tensor_batched_1024_cuda_repeat02,6,neural_policy,output_average,social_autograd_grad,0.0004330230876803398
toy4,neural_output_average,tensor_batched,tensor_batched,cuda,1024,10,1,2,0,3,toy4_gpu_core_neural_output_average_tensor_batched_1024_cuda_repeat02,6,neural_policy,output_average,social_adam_update,0.0006849620258435607
toy4,neural_output_average,tensor_batched,tensor_batched,cuda,1024,10,1,2,0,3,toy4_gpu_core_neural_output_average_tensor_batched_1024_cuda_repeat02,6,neural_policy,output_average,social_optimizer_update,0.0014203889295458794
toy4,neural_output_average,tensor_batched,tensor_batched,cuda,1024,10,1,2,0,3,toy4_gpu_core_neural_output_average_tensor_batched_1024_cuda_repeat02,6,neural_policy,output_average,social_distillation,0.0026050599990412593
toy4,neural_output_average,tensor_batched,tensor_batched,cuda,1024,10,1,2,0,3,toy4_gpu_core_neural_output_average_tensor_batched_1024_cuda_repeat02,6,neural_policy,output_average,social_step,0.0026287550572305918
toy4,neural_output_average,tensor_batched,tensor_batched,cuda,1024,10,1,2,0,3,toy4_gpu_core_neural_output_average_tensor_batched_1024_cuda_repeat02,6,neural_policy,output_average,sample_actions,7.044058293104172e-06
toy4,neural_output_average,tensor_batched,tensor_batched,cuda,1024,10,1,2,0,3,toy4_gpu_core_neural_output_average_tensor_batched_1024_cuda_repeat02,6,neural_policy,output_average,commit_actions,9.507988579571247e-06
toy4,neural_output_average,tensor_batched,tensor_batched,cuda,1024,10,1,2,0,3,toy4_gpu_core_neural_output_average_tensor_batched_1024_cuda_repeat02,6,neural_policy,output_average,post_step_state_policy,3.177102189511061e-05
toy4,neural_output_average,tensor_batched,tensor_batched,cuda,1024,10,1,2,0,3,toy4_gpu_core_neural_output_average_tensor_batched_1024_cuda_repeat02,6,neural_policy,output_average,update_payoff_ema,2.2092019207775593e-05
toy4,neural_output_average,tensor_batched,tensor_batched,cuda,1024,10,1,2,0,3,toy4_gpu_core_neural_output_average_tensor_batched_1024_cuda_repeat02,6,neural_policy,output_average,update_reputation_ema,1.6712001524865627e-05
toy4,neural_output_average,tensor_batched,tensor_batched,cuda,1024,10,1,2,0,3,toy4_gpu_core_neural_output_average_tensor_batched_1024_cuda_repeat02,6,neural_policy,output_average,mobility_swaps,2.4004955776035786e-05
toy4,neural_output_average,tensor_batched,tensor_batched,cuda,1024,10,1,2,0,3,toy4_gpu_core_neural_output_average_tensor_batched_1024_cuda_repeat02,6,neural_policy,output_average,finalize_hook_step,1.617101952433586e-05
toy4,neural_output_average,tensor_batched,tensor_batched,cuda,1024,10,1,2,0,3,toy4_gpu_core_neural_output_average_tensor_batched_1024_cuda_repeat02,6,neural_policy,output_average,hooked_step_total,0.00932118995115161
toy4,neural_output_average,tensor_batched,tensor_batched,cuda,1024,10,1,2,0,3,toy4_gpu_core_neural_output_average_tensor_batched_1024_cuda_repeat02,6,neural_policy,output_average,aggregate_row,0.03233127004932612
toy4,neural_output_average,tensor_batched,tensor_batched,cuda,1024,10,1,2,0,3,toy4_gpu_core_neural_output_average_tensor_batched_1024_cuda_repeat02,6,neural_policy,output_average,write_aggregate,8.035299833863974e-05
toy4,neural_output_average,tensor_batched,tensor_batched,cuda,1024,10,1,2,0,3,toy4_gpu_core_neural_output_average_tensor_batched_1024_cuda_repeat02,7,neural_policy,output_average,sample_revision_mask,3.328395541757345e-05
toy4,neural_output_average,tensor_batched,tensor_batched,cuda,1024,10,1,2,0,3,toy4_gpu_core_neural_output_average_tensor_batched_1024_cuda_repeat02,7,neural_policy,output_average,build_step_context,1.498800702393055e-05
toy4,neural_output_average,tensor_batched,tensor_batched,cuda,1024,10,1,2,0,3,toy4_gpu_core_neural_output_average_tensor_batched_1024_cuda_repeat02,7,neural_policy,output_average,build_observations,0.00055894092656672
toy4,neural_output_average,tensor_batched,tensor_batched,cuda,1024,10,1,2,0,3,toy4_gpu_core_neural_output_average_tensor_batched_1024_cuda_repeat02,7,neural_policy,output_average,policy_readout,0.0006702839164063334
toy4,neural_output_average,tensor_batched,tensor_batched,cuda,1024,10,1,2,0,3,toy4_gpu_core_neural_output_average_tensor_batched_1024_cuda_repeat02,7,neural_policy,output_average,decision_selection,0.0009545339271426201
toy4,neural_output_average,tensor_batched,tensor_batched,cuda,1024,10,1,2,0,3,toy4_gpu_core_neural_output_average_tensor_batched_1024_cuda_repeat02,7,neural_policy,output_average,local_trainable_parameters,0.00010572094470262527
toy4,neural_output_average,tensor_batched,tensor_batched,cuda,1024,10,1,2,0,3,toy4_gpu_core_neural_output_average_tensor_batched_1024_cuda_repeat02,7,neural_policy,output_average,local_loss_forward,0.000722341937944293
toy4,neural_output_average,tensor_batched,tensor_batched,cuda,1024,10,1,2,0,3,toy4_gpu_core_neural_output_average_tensor_batched_1024_cuda_repeat02,7,neural_policy,output_average,local_autograd_grad,0.0009711459279060364
toy4,neural_output_average,tensor_batched,tensor_batched,cuda,1024,10,1,2,0,3,toy4_gpu_core_neural_output_average_tensor_batched_1024_cuda_repeat02,7,neural_policy,output_average,local_adam_update,0.001515690004453063
toy4,neural_output_average,tensor_batched,tensor_batched,cuda,1024,10,1,2,0,3,toy4_gpu_core_neural_output_average_tensor_batched_1024_cuda_repeat02,7,neural_policy,output_average,local_optimizer_update,0.002610399969853461
toy4,neural_output_average,tensor_batched,tensor_batched,cuda,1024,10,1,2,0,3,toy4_gpu_core_neural_output_average_tensor_batched_1024_cuda_repeat02,7,neural_policy,output_average,local_loss_update,0.0033650340046733618
toy4,neural_output_average,tensor_batched,tensor_batched,cuda,1024,10,1,2,0,3,toy4_gpu_core_neural_output_average_tensor_batched_1024_cuda_repeat02,7,neural_policy,output_average,local_training,0.00351711199618876
toy4,neural_output_average,tensor_batched,tensor_batched,cuda,1024,10,1,2,0,3,toy4_gpu_core_neural_output_average_tensor_batched_1024_cuda_repeat02,7,neural_policy,output_average,cache_refresh,9.19797457754612e-06
toy4,neural_output_average,tensor_batched,tensor_batched,cuda,1024,10,1,2,0,3,toy4_gpu_core_neural_output_average_tensor_batched_1024_cuda_repeat02,7,neural_policy,output_average,post_local_readout,0.0001998899970203638
toy4,neural_output_average,tensor_batched,tensor_batched,cuda,1024,10,1,2,0,3,toy4_gpu_core_neural_output_average_tensor_batched_1024_cuda_repeat02,7,neural_policy,output_average,local_step,0.006826139986515045
toy4,neural_output_average,tensor_batched,tensor_batched,cuda,1024,10,1,2,0,3,toy4_gpu_core_neural_output_average_tensor_batched_1024_cuda_repeat02,7,neural_policy,output_average,select_peers,0.000117934076115489
toy4,neural_output_average,tensor_batched,tensor_batched,cuda,1024,10,1,2,0,3,toy4_gpu_core_neural_output_average_tensor_batched_1024_cuda_repeat02,7,neural_policy,output_average,social_mix,0.0005782389780506492
toy4,neural_output_average,tensor_batched,tensor_batched,cuda,1024,10,1,2,0,3,toy4_gpu_core_neural_output_average_tensor_batched_1024_cuda_repeat02,7,neural_policy,output_average,social_loss_forward,0.00022189191076904535
toy4,neural_output_average,tensor_batched,tensor_batched,cuda,1024,10,1,2,0,3,toy4_gpu_core_neural_output_average_tensor_batched_1024_cuda_repeat02,7,neural_policy,output_average,social_autograd_grad,0.0003728679148480296
toy4,neural_output_average,tensor_batched,tensor_batched,cuda,1024,10,1,2,0,3,toy4_gpu_core_neural_output_average_tensor_batched_1024_cuda_repeat02,7,neural_policy,output_average,social_adam_update,0.0006869249045848846
toy4,neural_output_average,tensor_batched,tensor_batched,cuda,1024,10,1,2,0,3,toy4_gpu_core_neural_output_average_tensor_batched_1024_cuda_repeat02,7,neural_policy,output_average,social_optimizer_update,0.0013560160296037793
toy4,neural_output_average,tensor_batched,tensor_batched,cuda,1024,10,1,2,0,3,toy4_gpu_core_neural_output_average_tensor_batched_1024_cuda_repeat02,7,neural_policy,output_average,social_distillation,0.002573490026406944
toy4,neural_output_average,tensor_batched,tensor_batched,cuda,1024,10,1,2,0,3,toy4_gpu_core_neural_output_average_tensor_batched_1024_cuda_repeat02,7,neural_policy,output_average,social_step,0.0025952409487217665
toy4,neural_output_average,tensor_batched,tensor_batched,cuda,1024,10,1,2,0,3,toy4_gpu_core_neural_output_average_tensor_batched_1024_cuda_repeat02,7,neural_policy,output_average,sample_actions,6.6229840740561485e-06
toy4,neural_output_average,tensor_batched,tensor_batched,cuda,1024,10,1,2,0,3,toy4_gpu_core_neural_output_average_tensor_batched_1024_cuda_repeat02,7,neural_policy,output_average,commit_actions,8.675968274474144e-06
toy4,neural_output_average,tensor_batched,tensor_batched,cuda,1024,10,1,2,0,3,toy4_gpu_core_neural_output_average_tensor_batched_1024_cuda_repeat02,7,neural_policy,output_average,post_step_state_policy,3.259198274463415e-05
toy4,neural_output_average,tensor_batched,tensor_batched,cuda,1024,10,1,2,0,3,toy4_gpu_core_neural_output_average_tensor_batched_1024_cuda_repeat02,7,neural_policy,output_average,update_payoff_ema,2.1831016056239605e-05
toy4,neural_output_average,tensor_batched,tensor_batched,cuda,1024,10,1,2,0,3,toy4_gpu_core_neural_output_average_tensor_batched_1024_cuda_repeat02,7,neural_policy,output_average,update_reputation_ema,1.8674996681511402e-05
toy4,neural_output_average,tensor_batched,tensor_batched,cuda,1024,10,1,2,0,3,toy4_gpu_core_neural_output_average_tensor_batched_1024_cuda_repeat02,7,neural_policy,output_average,mobility_swaps,2.3134052753448486e-05
toy4,neural_output_average,tensor_batched,tensor_batched,cuda,1024,10,1,2,0,3,toy4_gpu_core_neural_output_average_tensor_batched_1024_cuda_repeat02,7,neural_policy,output_average,finalize_hook_step,1.4508026652038097e-05
toy4,neural_output_average,tensor_batched,tensor_batched,cuda,1024,10,1,2,0,3,toy4_gpu_core_neural_output_average_tensor_batched_1024_cuda_repeat02,7,neural_policy,output_average,hooked_step_total,0.010454343049786985
toy4,neural_output_average,tensor_batched,tensor_batched,cuda,1024,10,1,2,0,3,toy4_gpu_core_neural_output_average_tensor_batched_1024_cuda_repeat02,7,neural_policy,output_average,aggregate_row,0.024104889016598463
toy4,neural_output_average,tensor_batched,tensor_batched,cuda,1024,10,1,2,0,3,toy4_gpu_core_neural_output_average_tensor_batched_1024_cuda_repeat02,7,neural_policy,output_average,write_aggregate,6.088509690016508e-05
toy4,neural_output_average,tensor_batched,tensor_batched,cuda,1024,10,1,2,0,3,toy4_gpu_core_neural_output_average_tensor_batched_1024_cuda_repeat02,8,neural_policy,output_average,sample_revision_mask,2.2553023882210255e-05
toy4,neural_output_average,tensor_batched,tensor_batched,cuda,1024,10,1,2,0,3,toy4_gpu_core_neural_output_average_tensor_batched_1024_cuda_repeat02,8,neural_policy,output_average,build_step_context,1.1531985364854336e-05
toy4,neural_output_average,tensor_batched,tensor_batched,cuda,1024,10,1,2,0,3,toy4_gpu_core_neural_output_average_tensor_batched_1024_cuda_repeat02,8,neural_policy,output_average,build_observations,0.00043480610474944115
toy4,neural_output_average,tensor_batched,tensor_batched,cuda,1024,10,1,2,0,3,toy4_gpu_core_neural_output_average_tensor_batched_1024_cuda_repeat02,8,neural_policy,output_average,policy_readout,0.0004601749824360013
toy4,neural_output_average,tensor_batched,tensor_batched,cuda,1024,10,1,2,0,3,toy4_gpu_core_neural_output_average_tensor_batched_1024_cuda_repeat02,8,neural_policy,output_average,decision_selection,0.0008634909754619002
toy4,neural_output_average,tensor_batched,tensor_batched,cuda,1024,10,1,2,0,3,toy4_gpu_core_neural_output_average_tensor_batched_1024_cuda_repeat02,8,neural_policy,output_average,local_trainable_parameters,8.09540506452322e-05
toy4,neural_output_average,tensor_batched,tensor_batched,cuda,1024,10,1,2,0,3,toy4_gpu_core_neural_output_average_tensor_batched_1024_cuda_repeat02,8,neural_policy,output_average,local_loss_forward,0.000520608969964087
toy4,neural_output_average,tensor_batched,tensor_batched,cuda,1024,10,1,2,0,3,toy4_gpu_core_neural_output_average_tensor_batched_1024_cuda_repeat02,8,neural_policy,output_average,local_autograd_grad,0.0007629100000485778
toy4,neural_output_average,tensor_batched,tensor_batched,cuda,1024,10,1,2,0,3,toy4_gpu_core_neural_output_average_tensor_batched_1024_cuda_repeat02,8,neural_policy,output_average,local_adam_update,0.0008166120387613773
toy4,neural_output_average,tensor_batched,tensor_batched,cuda,1024,10,1,2,0,3,toy4_gpu_core_neural_output_average_tensor_batched_1024_cuda_repeat02,8,neural_policy,output_average,local_optimizer_update,0.0016788890352472663
toy4,neural_output_average,tensor_batched,tensor_batched,cuda,1024,10,1,2,0,3,toy4_gpu_core_neural_output_average_tensor_batched_1024_cuda_repeat02,8,neural_policy,output_average,local_loss_update,0.0022279330296441913
toy4,neural_output_average,tensor_batched,tensor_batched,cuda,1024,10,1,2,0,3,toy4_gpu_core_neural_output_average_tensor_batched_1024_cuda_repeat02,8,neural_policy,output_average,local_training,0.0023464380064979196
toy4,neural_output_average,tensor_batched,tensor_batched,cuda,1024,10,1,2,0,3,toy4_gpu_core_neural_output_average_tensor_batched_1024_cuda_repeat02,8,neural_policy,output_average,cache_refresh,7.643946446478367e-06
toy4,neural_output_average,tensor_batched,tensor_batched,cuda,1024,10,1,2,0,3,toy4_gpu_core_neural_output_average_tensor_batched_1024_cuda_repeat02,8,neural_policy,output_average,post_local_readout,0.000181495095603168
toy4,neural_output_average,tensor_batched,tensor_batched,cuda,1024,10,1,2,0,3,toy4_gpu_core_neural_output_average_tensor_batched_1024_cuda_repeat02,8,neural_policy,output_average,local_step,0.004819486988708377
toy4,neural_output_average,tensor_batched,tensor_batched,cuda,1024,10,1,2,0,3,toy4_gpu_core_neural_output_average_tensor_batched_1024_cuda_repeat02,8,neural_policy,output_average,select_peers,0.00011689204256981611
toy4,neural_output_average,tensor_batched,tensor_batched,cuda,1024,10,1,2,0,3,toy4_gpu_core_neural_output_average_tensor_batched_1024_cuda_repeat02,8,neural_policy,output_average,social_mix,0.0007739210268482566
toy4,neural_output_average,tensor_batched,tensor_batched,cuda,1024,10,1,2,0,3,toy4_gpu_core_neural_output_average_tensor_batched_1024_cuda_repeat02,8,neural_policy,output_average,social_loss_forward,0.00023697095457464457
toy4,neural_output_average,tensor_batched,tensor_batched,cuda,1024,10,1,2,0,3,toy4_gpu_core_neural_output_average_tensor_batched_1024_cuda_repeat02,8,neural_policy,output_average,social_autograd_grad,0.0003909430233761668
toy4,neural_output_average,tensor_batched,tensor_batched,cuda,1024,10,1,2,0,3,toy4_gpu_core_neural_output_average_tensor_batched_1024_cuda_repeat02,8,neural_policy,output_average,social_adam_update,0.0007042279466986656
toy4,neural_output_average,tensor_batched,tensor_batched,cuda,1024,10,1,2,0,3,toy4_gpu_core_neural_output_average_tensor_batched_1024_cuda_repeat02,8,neural_policy,output_average,social_optimizer_update,0.0013938179472461343
toy4,neural_output_average,tensor_batched,tensor_batched,cuda,1024,10,1,2,0,3,toy4_gpu_core_neural_output_average_tensor_batched_1024_cuda_repeat02,8,neural_policy,output_average,social_distillation,0.002854313002899289
toy4,neural_output_average,tensor_batched,tensor_batched,cuda,1024,10,1,2,0,3,toy4_gpu_core_neural_output_average_tensor_batched_1024_cuda_repeat02,8,neural_policy,output_average,social_step,0.002879351028241217
toy4,neural_output_average,tensor_batched,tensor_batched,cuda,1024,10,1,2,0,3,toy4_gpu_core_neural_output_average_tensor_batched_1024_cuda_repeat02,8,neural_policy,output_average,sample_actions,7.243012078106403e-06
toy4,neural_output_average,tensor_batched,tensor_batched,cuda,1024,10,1,2,0,3,toy4_gpu_core_neural_output_average_tensor_batched_1024_cuda_repeat02,8,neural_policy,output_average,commit_actions,1.058995258063078e-05
toy4,neural_output_average,tensor_batched,tensor_batched,cuda,1024,10,1,2,0,3,toy4_gpu_core_neural_output_average_tensor_batched_1024_cuda_repeat02,8,neural_policy,output_average,post_step_state_policy,7.328996434807777e-05
toy4,neural_output_average,tensor_batched,tensor_batched,cuda,1024,10,1,2,0,3,toy4_gpu_core_neural_output_average_tensor_batched_1024_cuda_repeat02,8,neural_policy,output_average,update_payoff_ema,4.8130983486771584e-05
toy4,neural_output_average,tensor_batched,tensor_batched,cuda,1024,10,1,2,0,3,toy4_gpu_core_neural_output_average_tensor_batched_1024_cuda_repeat02,8,neural_policy,output_average,update_reputation_ema,2.3254076950252056e-05
toy4,neural_output_average,tensor_batched,tensor_batched,cuda,1024,10,1,2,0,3,toy4_gpu_core_neural_output_average_tensor_batched_1024_cuda_repeat02,8,neural_policy,output_average,mobility_swaps,5.583604797720909e-05
toy4,neural_output_average,tensor_batched,tensor_batched,cuda,1024,10,1,2,0,3,toy4_gpu_core_neural_output_average_tensor_batched_1024_cuda_repeat02,8,neural_policy,output_average,finalize_hook_step,2.89049930870533e-05
toy4,neural_output_average,tensor_batched,tensor_batched,cuda,1024,10,1,2,0,3,toy4_gpu_core_neural_output_average_tensor_batched_1024_cuda_repeat02,8,neural_policy,output_average,hooked_step_total,0.008968210080638528
toy4,neural_output_average,tensor_batched,tensor_batched,cuda,1024,10,1,2,0,3,toy4_gpu_core_neural_output_average_tensor_batched_1024_cuda_repeat02,8,neural_policy,output_average,aggregate_row,0.03035339096095413
toy4,neural_output_average,tensor_batched,tensor_batched,cuda,1024,10,1,2,0,3,toy4_gpu_core_neural_output_average_tensor_batched_1024_cuda_repeat02,8,neural_policy,output_average,write_aggregate,7.05840066075325e-05
toy4,neural_output_average,tensor_batched,tensor_batched,cuda,1024,10,1,2,0,3,toy4_gpu_core_neural_output_average_tensor_batched_1024_cuda_repeat02,9,neural_policy,output_average,sample_revision_mask,2.7752947062253952e-05
toy4,neural_output_average,tensor_batched,tensor_batched,cuda,1024,10,1,2,0,3,toy4_gpu_core_neural_output_average_tensor_batched_1024_cuda_repeat02,9,neural_policy,output_average,build_step_context,1.0850955732166767e-05
toy4,neural_output_average,tensor_batched,tensor_batched,cuda,1024,10,1,2,0,3,toy4_gpu_core_neural_output_average_tensor_batched_1024_cuda_repeat02,9,neural_policy,output_average,build_observations,0.0005187949864193797
toy4,neural_output_average,tensor_batched,tensor_batched,cuda,1024,10,1,2,0,3,toy4_gpu_core_neural_output_average_tensor_batched_1024_cuda_repeat02,9,neural_policy,output_average,policy_readout,0.0007700129644945264
toy4,neural_output_average,tensor_batched,tensor_batched,cuda,1024,10,1,2,0,3,toy4_gpu_core_neural_output_average_tensor_batched_1024_cuda_repeat02,9,neural_policy,output_average,decision_selection,0.001041548908688128
toy4,neural_output_average,tensor_batched,tensor_batched,cuda,1024,10,1,2,0,3,toy4_gpu_core_neural_output_average_tensor_batched_1024_cuda_repeat02,9,neural_policy,output_average,local_trainable_parameters,0.0001517580822110176
toy4,neural_output_average,tensor_batched,tensor_batched,cuda,1024,10,1,2,0,3,toy4_gpu_core_neural_output_average_tensor_batched_1024_cuda_repeat02,9,neural_policy,output_average,local_loss_forward,0.0007475200109183788
toy4,neural_output_average,tensor_batched,tensor_batched,cuda,1024,10,1,2,0,3,toy4_gpu_core_neural_output_average_tensor_batched_1024_cuda_repeat02,9,neural_policy,output_average,local_autograd_grad,0.00084374297875911
toy4,neural_output_average,tensor_batched,tensor_batched,cuda,1024,10,1,2,0,3,toy4_gpu_core_neural_output_average_tensor_batched_1024_cuda_repeat02,9,neural_policy,output_average,local_adam_update,0.000875693978741765
toy4,neural_output_average,tensor_batched,tensor_batched,cuda,1024,10,1,2,0,3,toy4_gpu_core_neural_output_average_tensor_batched_1024_cuda_repeat02,9,neural_policy,output_average,local_optimizer_update,0.0018338640220463276
toy4,neural_output_average,tensor_batched,tensor_batched,cuda,1024,10,1,2,0,3,toy4_gpu_core_neural_output_average_tensor_batched_1024_cuda_repeat02,9,neural_policy,output_average,local_loss_update,0.002613075077533722
toy4,neural_output_average,tensor_batched,tensor_batched,cuda,1024,10,1,2,0,3,toy4_gpu_core_neural_output_average_tensor_batched_1024_cuda_repeat02,9,neural_policy,output_average,local_training,0.002825538977049291
toy4,neural_output_average,tensor_batched,tensor_batched,cuda,1024,10,1,2,0,3,toy4_gpu_core_neural_output_average_tensor_batched_1024_cuda_repeat02,9,neural_policy,output_average,cache_refresh,1.0090065188705921e-05
toy4,neural_output_average,tensor_batched,tensor_batched,cuda,1024,10,1,2,0,3,toy4_gpu_core_neural_output_average_tensor_batched_1024_cuda_repeat02,9,neural_policy,output_average,post_local_readout,0.00019047199748456478
toy4,neural_output_average,tensor_batched,tensor_batched,cuda,1024,10,1,2,0,3,toy4_gpu_core_neural_output_average_tensor_batched_1024_cuda_repeat02,9,neural_policy,output_average,local_step,0.005960265058092773
toy4,neural_output_average,tensor_batched,tensor_batched,cuda,1024,10,1,2,0,3,toy4_gpu_core_neural_output_average_tensor_batched_1024_cuda_repeat02,9,neural_policy,output_average,select_peers,0.0002459969837218523
toy4,neural_output_average,tensor_batched,tensor_batched,cuda,1024,10,1,2,0,3,toy4_gpu_core_neural_output_average_tensor_batched_1024_cuda_repeat02,9,neural_policy,output_average,social_mix,0.0007924659876152873
toy4,neural_output_average,tensor_batched,tensor_batched,cuda,1024,10,1,2,0,3,toy4_gpu_core_neural_output_average_tensor_batched_1024_cuda_repeat02,9,neural_policy,output_average,social_loss_forward,0.00026376103051006794
toy4,neural_output_average,tensor_batched,tensor_batched,cuda,1024,10,1,2,0,3,toy4_gpu_core_neural_output_average_tensor_batched_1024_cuda_repeat02,9,neural_policy,output_average,social_autograd_grad,0.0006169729167595506
toy4,neural_output_average,tensor_batched,tensor_batched,cuda,1024,10,1,2,0,3,toy4_gpu_core_neural_output_average_tensor_batched_1024_cuda_repeat02,9,neural_policy,output_average,social_adam_update,0.0006914230762049556
toy4,neural_output_average,tensor_batched,tensor_batched,cuda,1024,10,1,2,0,3,toy4_gpu_core_neural_output_average_tensor_batched_1024_cuda_repeat02,9,neural_policy,output_average,social_optimizer_update,0.0016244070138782263
toy4,neural_output_average,tensor_batched,tensor_batched,cuda,1024,10,1,2,0,3,toy4_gpu_core_neural_output_average_tensor_batched_1024_cuda_repeat02,9,neural_policy,output_average,social_distillation,0.004070403054356575
toy4,neural_output_average,tensor_batched,tensor_batched,cuda,1024,10,1,2,0,3,toy4_gpu_core_neural_output_average_tensor_batched_1024_cuda_repeat02,9,neural_policy,output_average,social_step,0.004097574972547591
toy4,neural_output_average,tensor_batched,tensor_batched,cuda,1024,10,1,2,0,3,toy4_gpu_core_neural_output_average_tensor_batched_1024_cuda_repeat02,9,neural_policy,output_average,sample_actions,7.344060577452183e-06
toy4,neural_output_average,tensor_batched,tensor_batched,cuda,1024,10,1,2,0,3,toy4_gpu_core_neural_output_average_tensor_batched_1024_cuda_repeat02,9,neural_policy,output_average,commit_actions,1.0099029168486595e-05
toy4,neural_output_average,tensor_batched,tensor_batched,cuda,1024,10,1,2,0,3,toy4_gpu_core_neural_output_average_tensor_batched_1024_cuda_repeat02,9,neural_policy,output_average,post_step_state_policy,3.515603020787239e-05
toy4,neural_output_average,tensor_batched,tensor_batched,cuda,1024,10,1,2,0,3,toy4_gpu_core_neural_output_average_tensor_batched_1024_cuda_repeat02,9,neural_policy,output_average,update_payoff_ema,2.9897084459662437e-05
toy4,neural_output_average,tensor_batched,tensor_batched,cuda,1024,10,1,2,0,3,toy4_gpu_core_neural_output_average_tensor_batched_1024_cuda_repeat02,9,neural_policy,output_average,update_reputation_ema,2.095999661833048e-05
toy4,neural_output_average,tensor_batched,tensor_batched,cuda,1024,10,1,2,0,3,toy4_gpu_core_neural_output_average_tensor_batched_1024_cuda_repeat02,9,neural_policy,output_average,mobility_swaps,2.5848974473774433e-05
toy4,neural_output_average,tensor_batched,tensor_batched,cuda,1024,10,1,2,0,3,toy4_gpu_core_neural_output_average_tensor_batched_1024_cuda_repeat02,9,neural_policy,output_average,finalize_hook_step,3.100896719843149e-05
toy4,neural_output_average,tensor_batched,tensor_batched,cuda,1024,10,1,2,0,3,toy4_gpu_core_neural_output_average_tensor_batched_1024_cuda_repeat02,9,neural_policy,output_average,hooked_step_total,0.011672738008201122
toy4,neural_output_average,tensor_batched,tensor_batched,cuda,1024,10,1,2,0,3,toy4_gpu_core_neural_output_average_tensor_batched_1024_cuda_repeat02,9,neural_policy,output_average,aggregate_row,0.023237381014041603
toy4,neural_output_average,tensor_batched,tensor_batched,cuda,1024,10,1,2,0,3,toy4_gpu_core_neural_output_average_tensor_batched_1024_cuda_repeat02,9,neural_policy,output_average,write_aggregate,6.715802010148764e-05
toy4,neural_output_average,tensor_batched,tensor_batched,cuda,1024,10,1,2,0,3,toy4_gpu_core_neural_output_average_tensor_batched_1024_cuda_repeat02,10,neural_policy,output_average,sample_revision_mask,2.2622989490628242e-05
toy4,neural_output_average,tensor_batched,tensor_batched,cuda,1024,10,1,2,0,3,toy4_gpu_core_neural_output_average_tensor_batched_1024_cuda_repeat02,10,neural_policy,output_average,build_step_context,1.1222087778151035e-05
toy4,neural_output_average,tensor_batched,tensor_batched,cuda,1024,10,1,2,0,3,toy4_gpu_core_neural_output_average_tensor_batched_1024_cuda_repeat02,10,neural_policy,output_average,build_observations,0.0004288050113245845
toy4,neural_output_average,tensor_batched,tensor_batched,cuda,1024,10,1,2,0,3,toy4_gpu_core_neural_output_average_tensor_batched_1024_cuda_repeat02,10,neural_policy,output_average,policy_readout,0.0004890899872407317
toy4,neural_output_average,tensor_batched,tensor_batched,cuda,1024,10,1,2,0,3,toy4_gpu_core_neural_output_average_tensor_batched_1024_cuda_repeat02,10,neural_policy,output_average,decision_selection,0.0009520780295133591
toy4,neural_output_average,tensor_batched,tensor_batched,cuda,1024,10,1,2,0,3,toy4_gpu_core_neural_output_average_tensor_batched_1024_cuda_repeat02,10,neural_policy,output_average,local_trainable_parameters,0.00011177198030054569
toy4,neural_output_average,tensor_batched,tensor_batched,cuda,1024,10,1,2,0,3,toy4_gpu_core_neural_output_average_tensor_batched_1024_cuda_repeat02,10,neural_policy,output_average,local_loss_forward,0.0011845100671052933
toy4,neural_output_average,tensor_batched,tensor_batched,cuda,1024,10,1,2,0,3,toy4_gpu_core_neural_output_average_tensor_batched_1024_cuda_repeat02,10,neural_policy,output_average,local_autograd_grad,0.001373320003040135
toy4,neural_output_average,tensor_batched,tensor_batched,cuda,1024,10,1,2,0,3,toy4_gpu_core_neural_output_average_tensor_batched_1024_cuda_repeat02,10,neural_policy,output_average,local_adam_update,0.0013546340633183718
toy4,neural_output_average,tensor_batched,tensor_batched,cuda,1024,10,1,2,0,3,toy4_gpu_core_neural_output_average_tensor_batched_1024_cuda_repeat02,10,neural_policy,output_average,local_optimizer_update,0.0029290959937497973
toy4,neural_output_average,tensor_batched,tensor_batched,cuda,1024,10,1,2,0,3,toy4_gpu_core_neural_output_average_tensor_batched_1024_cuda_repeat02,10,neural_policy,output_average,local_loss_update,0.0041552550392225385
toy4,neural_output_average,tensor_batched,tensor_batched,cuda,1024,10,1,2,0,3,toy4_gpu_core_neural_output_average_tensor_batched_1024_cuda_repeat02,10,neural_policy,output_average,local_training,0.004313896060921252
toy4,neural_output_average,tensor_batched,tensor_batched,cuda,1024,10,1,2,0,3,toy4_gpu_core_neural_output_average_tensor_batched_1024_cuda_repeat02,10,neural_policy,output_average,cache_refresh,8.616945706307888e-06
toy4,neural_output_average,tensor_batched,tensor_batched,cuda,1024,10,1,2,0,3,toy4_gpu_core_neural_output_average_tensor_batched_1024_cuda_repeat02,10,neural_policy,output_average,post_local_readout,0.0002865950809791684
toy4,neural_output_average,tensor_batched,tensor_batched,cuda,1024,10,1,2,0,3,toy4_gpu_core_neural_output_average_tensor_batched_1024_cuda_repeat02,10,neural_policy,output_average,local_step,0.00747199694160372
toy4,neural_output_average,tensor_batched,tensor_batched,cuda,1024,10,1,2,0,3,toy4_gpu_core_neural_output_average_tensor_batched_1024_cuda_repeat02,10,neural_policy,output_average,select_peers,0.00015392189379781485
toy4,neural_output_average,tensor_batched,tensor_batched,cuda,1024,10,1,2,0,3,toy4_gpu_core_neural_output_average_tensor_batched_1024_cuda_repeat02,10,neural_policy,output_average,social_mix,0.0012279630172997713
toy4,neural_output_average,tensor_batched,tensor_batched,cuda,1024,10,1,2,0,3,toy4_gpu_core_neural_output_average_tensor_batched_1024_cuda_repeat02,10,neural_policy,output_average,social_loss_forward,0.000382506987079978
toy4,neural_output_average,tensor_batched,tensor_batched,cuda,1024,10,1,2,0,3,toy4_gpu_core_neural_output_average_tensor_batched_1024_cuda_repeat02,10,neural_policy,output_average,social_autograd_grad,0.0014016830828040838
toy4,neural_output_average,tensor_batched,tensor_batched,cuda,1024,10,1,2,0,3,toy4_gpu_core_neural_output_average_tensor_batched_1024_cuda_repeat02,10,neural_policy,output_average,social_adam_update,0.0011341240024194121
toy4,neural_output_average,tensor_batched,tensor_batched,cuda,1024,10,1,2,0,3,toy4_gpu_core_neural_output_average_tensor_batched_1024_cuda_repeat02,10,neural_policy,output_average,social_optimizer_update,0.004267678945325315
toy4,neural_output_average,tensor_batched,tensor_batched,cuda,1024,10,1,2,0,3,toy4_gpu_core_neural_output_average_tensor_batched_1024_cuda_repeat02,10,neural_policy,output_average,social_distillation,0.006525978911668062
toy4,neural_output_average,tensor_batched,tensor_batched,cuda,1024,10,1,2,0,3,toy4_gpu_core_neural_output_average_tensor_batched_1024_cuda_repeat02,10,neural_policy,output_average,social_step,0.006555354921147227
toy4,neural_output_average,tensor_batched,tensor_batched,cuda,1024,10,1,2,0,3,toy4_gpu_core_neural_output_average_tensor_batched_1024_cuda_repeat02,10,neural_policy,output_average,sample_actions,8.885981515049934e-06
toy4,neural_output_average,tensor_batched,tensor_batched,cuda,1024,10,1,2,0,3,toy4_gpu_core_neural_output_average_tensor_batched_1024_cuda_repeat02,10,neural_policy,output_average,commit_actions,1.2774951756000519e-05
toy4,neural_output_average,tensor_batched,tensor_batched,cuda,1024,10,1,2,0,3,toy4_gpu_core_neural_output_average_tensor_batched_1024_cuda_repeat02,10,neural_policy,output_average,post_step_state_policy,4.684901796281338e-05
toy4,neural_output_average,tensor_batched,tensor_batched,cuda,1024,10,1,2,0,3,toy4_gpu_core_neural_output_average_tensor_batched_1024_cuda_repeat02,10,neural_policy,output_average,update_payoff_ema,3.357301466166973e-05
toy4,neural_output_average,tensor_batched,tensor_batched,cuda,1024,10,1,2,0,3,toy4_gpu_core_neural_output_average_tensor_batched_1024_cuda_repeat02,10,neural_policy,output_average,update_reputation_ema,2.5558052584528923e-05
toy4,neural_output_average,tensor_batched,tensor_batched,cuda,1024,10,1,2,0,3,toy4_gpu_core_neural_output_average_tensor_batched_1024_cuda_repeat02,10,neural_policy,output_average,mobility_swaps,2.9785907827317715e-05
toy4,neural_output_average,tensor_batched,tensor_batched,cuda,1024,10,1,2,0,3,toy4_gpu_core_neural_output_average_tensor_batched_1024_cuda_repeat02,10,neural_policy,output_average,finalize_hook_step,2.0317966118454933e-05
toy4,neural_output_average,tensor_batched,tensor_batched,cuda,1024,10,1,2,0,3,toy4_gpu_core_neural_output_average_tensor_batched_1024_cuda_repeat02,10,neural_policy,output_average,hooked_step_total,0.015594328986480832
toy4,neural_output_average,tensor_batched,tensor_batched,cuda,1024,10,1,2,0,3,toy4_gpu_core_neural_output_average_tensor_batched_1024_cuda_repeat02,10,neural_policy,output_average,aggregate_row,0.07883665896952152
toy4,neural_output_average,tensor_batched,tensor_batched,cuda,1024,10,1,2,0,3,toy4_gpu_core_neural_output_average_tensor_batched_1024_cuda_repeat02,10,neural_policy,output_average,write_aggregate,8.295697625726461e-05
toy4,neural_output_average,tensor_batched,tensor_batched,cpu,2048,10,1,0,0,3,toy4_gpu_core_neural_output_average_tensor_batched_2048_cpu_repeat00,0,neural_policy,output_average,make_run_dir,0.0003637620247900486
toy4,neural_output_average,tensor_batched,tensor_batched,cpu,2048,10,1,0,0,3,toy4_gpu_core_neural_output_average_tensor_batched_2048_cpu_repeat00,0,neural_policy,output_average,write_metadata,0.0028414989355951548
toy4,neural_output_average,tensor_batched,tensor_batched,cpu,2048,10,1,0,0,3,toy4_gpu_core_neural_output_average_tensor_batched_2048_cpu_repeat00,0,neural_policy,output_average,initial_state,1.0943852899363264
toy4,neural_output_average,tensor_batched,tensor_batched,cpu,2048,10,1,0,0,3,toy4_gpu_core_neural_output_average_tensor_batched_2048_cpu_repeat00,0,neural_policy,output_average,writer_setup,0.0005187049973756075
toy4,neural_output_average,tensor_batched,tensor_batched,cpu,2048,10,1,0,0,3,toy4_gpu_core_neural_output_average_tensor_batched_2048_cpu_repeat00,0,neural_policy,output_average,initial_step_result,0.004535868065431714
toy4,neural_output_average,tensor_batched,tensor_batched,cpu,2048,10,1,0,0,3,toy4_gpu_core_neural_output_average_tensor_batched_2048_cpu_repeat00,0,neural_policy,output_average,initial_aggregate_row,0.15418557194061577
toy4,neural_output_average,tensor_batched,tensor_batched,cpu,2048,10,1,0,0,3,toy4_gpu_core_neural_output_average_tensor_batched_2048_cpu_repeat00,0,neural_policy,output_average,write_initial_aggregate,0.00011143204756081104
toy4,neural_output_average,tensor_batched,tensor_batched,cpu,2048,10,1,0,0,3,toy4_gpu_core_neural_output_average_tensor_batched_2048_cpu_repeat00,1,neural_policy,output_average,sample_revision_mask,3.637908957898617e-05
toy4,neural_output_average,tensor_batched,tensor_batched,cpu,2048,10,1,0,0,3,toy4_gpu_core_neural_output_average_tensor_batched_2048_cpu_repeat00,1,neural_policy,output_average,build_step_context,1.1682044714689255e-05
toy4,neural_output_average,tensor_batched,tensor_batched,cpu,2048,10,1,0,0,3,toy4_gpu_core_neural_output_average_tensor_batched_2048_cpu_repeat00,1,neural_policy,output_average,build_observations,0.0006177839823067188
toy4,neural_output_average,tensor_batched,tensor_batched,cpu,2048,10,1,0,0,3,toy4_gpu_core_neural_output_average_tensor_batched_2048_cpu_repeat00,1,neural_policy,output_average,policy_readout,0.0013849909882992506
toy4,neural_output_average,tensor_batched,tensor_batched,cpu,2048,10,1,0,0,3,toy4_gpu_core_neural_output_average_tensor_batched_2048_cpu_repeat00,1,neural_policy,output_average,decision_selection,0.0017559760017320514
toy4,neural_output_average,tensor_batched,tensor_batched,cpu,2048,10,1,0,0,3,toy4_gpu_core_neural_output_average_tensor_batched_2048_cpu_repeat00,1,neural_policy,output_average,local_trainable_parameters,0.0013831580290570855
toy4,neural_output_average,tensor_batched,tensor_batched,cpu,2048,10,1,0,0,3,toy4_gpu_core_neural_output_average_tensor_batched_2048_cpu_repeat00,1,neural_policy,output_average,local_loss_forward,0.0017363589722663164
toy4,neural_output_average,tensor_batched,tensor_batched,cpu,2048,10,1,0,0,3,toy4_gpu_core_neural_output_average_tensor_batched_2048_cpu_repeat00,1,neural_policy,output_average,local_autograd_grad,0.0017785790842026472
toy4,neural_output_average,tensor_batched,tensor_batched,cpu,2048,10,1,0,0,3,toy4_gpu_core_neural_output_average_tensor_batched_2048_cpu_repeat00,1,neural_policy,output_average,local_adam_update,0.004405150073580444
toy4,neural_output_average,tensor_batched,tensor_batched,cpu,2048,10,1,0,0,3,toy4_gpu_core_neural_output_average_tensor_batched_2048_cpu_repeat00,1,neural_policy,output_average,local_optimizer_update,0.006290903082117438
toy4,neural_output_average,tensor_batched,tensor_batched,cpu,2048,10,1,0,0,3,toy4_gpu_core_neural_output_average_tensor_batched_2048_cpu_repeat00,1,neural_policy,output_average,local_loss_update,0.008044585003517568
toy4,neural_output_average,tensor_batched,tensor_batched,cpu,2048,10,1,0,0,3,toy4_gpu_core_neural_output_average_tensor_batched_2048_cpu_repeat00,1,neural_policy,output_average,local_training,0.009467237978242338
toy4,neural_output_average,tensor_batched,tensor_batched,cpu,2048,10,1,0,0,3,toy4_gpu_core_neural_output_average_tensor_batched_2048_cpu_repeat00,1,neural_policy,output_average,cache_refresh,4.107947461307049e-06
toy4,neural_output_average,tensor_batched,tensor_batched,cpu,2048,10,1,0,0,3,toy4_gpu_core_neural_output_average_tensor_batched_2048_cpu_repeat00,1,neural_policy,output_average,post_local_readout,0.00032600003760308027
toy4,neural_output_average,tensor_batched,tensor_batched,cpu,2048,10,1,0,0,3,toy4_gpu_core_neural_output_average_tensor_batched_2048_cpu_repeat00,1,neural_policy,output_average,local_step,0.01411975803785026
toy4,neural_output_average,tensor_batched,tensor_batched,cpu,2048,10,1,0,0,3,toy4_gpu_core_neural_output_average_tensor_batched_2048_cpu_repeat00,1,neural_policy,output_average,select_peers,5.4252916015684605e-05
toy4,neural_output_average,tensor_batched,tensor_batched,cpu,2048,10,1,0,0,3,toy4_gpu_core_neural_output_average_tensor_batched_2048_cpu_repeat00,1,neural_policy,output_average,social_mix,0.00047683599404990673
toy4,neural_output_average,tensor_batched,tensor_batched,cpu,2048,10,1,0,0,3,toy4_gpu_core_neural_output_average_tensor_batched_2048_cpu_repeat00,1,neural_policy,output_average,social_loss_forward,0.0003175330348312855
toy4,neural_output_average,tensor_batched,tensor_batched,cpu,2048,10,1,0,0,3,toy4_gpu_core_neural_output_average_tensor_batched_2048_cpu_repeat00,1,neural_policy,output_average,social_autograd_grad,0.0009684400865808129
toy4,neural_output_average,tensor_batched,tensor_batched,cpu,2048,10,1,0,0,3,toy4_gpu_core_neural_output_average_tensor_batched_2048_cpu_repeat00,1,neural_policy,output_average,social_adam_update,0.001979761989787221
toy4,neural_output_average,tensor_batched,tensor_batched,cpu,2048,10,1,0,0,3,toy4_gpu_core_neural_output_average_tensor_batched_2048_cpu_repeat00,1,neural_policy,output_average,social_optimizer_update,0.0034057110315188766
toy4,neural_output_average,tensor_batched,tensor_batched,cpu,2048,10,1,0,0,3,toy4_gpu_core_neural_output_average_tensor_batched_2048_cpu_repeat00,1,neural_policy,output_average,social_distillation,0.004755525034852326
toy4,neural_output_average,tensor_batched,tensor_batched,cpu,2048,10,1,0,0,3,toy4_gpu_core_neural_output_average_tensor_batched_2048_cpu_repeat00,1,neural_policy,output_average,social_step,0.004765153047628701
toy4,neural_output_average,tensor_batched,tensor_batched,cpu,2048,10,1,0,0,3,toy4_gpu_core_neural_output_average_tensor_batched_2048_cpu_repeat00,1,neural_policy,output_average,sample_actions,8.620554581284523e-07
toy4,neural_output_average,tensor_batched,tensor_batched,cpu,2048,10,1,0,0,3,toy4_gpu_core_neural_output_average_tensor_batched_2048_cpu_repeat00,1,neural_policy,output_average,commit_actions,3.035995177924633e-06
toy4,neural_output_average,tensor_batched,tensor_batched,cpu,2048,10,1,0,0,3,toy4_gpu_core_neural_output_average_tensor_batched_2048_cpu_repeat00,1,neural_policy,output_average,post_step_state_policy,2.8423964977264404e-05
toy4,neural_output_average,tensor_batched,tensor_batched,cpu,2048,10,1,0,0,3,toy4_gpu_core_neural_output_average_tensor_batched_2048_cpu_repeat00,1,neural_policy,output_average,update_payoff_ema,2.4796929210424423e-05
toy4,neural_output_average,tensor_batched,tensor_batched,cpu,2048,10,1,0,0,3,toy4_gpu_core_neural_output_average_tensor_batched_2048_cpu_repeat00,1,neural_policy,output_average,update_reputation_ema,1.5579978935420513e-05
toy4,neural_output_average,tensor_batched,tensor_batched,cpu,2048,10,1,0,0,3,toy4_gpu_core_neural_output_average_tensor_batched_2048_cpu_repeat00,1,neural_policy,output_average,mobility_swaps,1.7584068700671196e-05
toy4,neural_output_average,tensor_batched,tensor_batched,cpu,2048,10,1,0,0,3,toy4_gpu_core_neural_output_average_tensor_batched_2048_cpu_repeat00,1,neural_policy,output_average,finalize_hook_step,7.414026185870171e-06
toy4,neural_output_average,tensor_batched,tensor_batched,cpu,2048,10,1,0,0,3,toy4_gpu_core_neural_output_average_tensor_batched_2048_cpu_repeat00,1,neural_policy,output_average,hooked_step_total,0.01955769897904247
toy4,neural_output_average,tensor_batched,tensor_batched,cpu,2048,10,1,0,0,3,toy4_gpu_core_neural_output_average_tensor_batched_2048_cpu_repeat00,1,neural_policy,output_average,aggregate_row,0.13820506900083274
toy4,neural_output_average,tensor_batched,tensor_batched,cpu,2048,10,1,0,0,3,toy4_gpu_core_neural_output_average_tensor_batched_2048_cpu_repeat00,1,neural_policy,output_average,write_aggregate,0.00014518608804792166
toy4,neural_output_average,tensor_batched,tensor_batched,cpu,2048,10,1,0,0,3,toy4_gpu_core_neural_output_average_tensor_batched_2048_cpu_repeat00,2,neural_policy,output_average,sample_revision_mask,4.0085986256599426e-05
toy4,neural_output_average,tensor_batched,tensor_batched,cpu,2048,10,1,0,0,3,toy4_gpu_core_neural_output_average_tensor_batched_2048_cpu_repeat00,2,neural_policy,output_average,build_step_context,8.38597770780325e-06
toy4,neural_output_average,tensor_batched,tensor_batched,cpu,2048,10,1,0,0,3,toy4_gpu_core_neural_output_average_tensor_batched_2048_cpu_repeat00,2,neural_policy,output_average,build_observations,0.0008763050427660346
toy4,neural_output_average,tensor_batched,tensor_batched,cpu,2048,10,1,0,0,3,toy4_gpu_core_neural_output_average_tensor_batched_2048_cpu_repeat00,2,neural_policy,output_average,policy_readout,0.0012365899747237563
toy4,neural_output_average,tensor_batched,tensor_batched,cpu,2048,10,1,0,0,3,toy4_gpu_core_neural_output_average_tensor_batched_2048_cpu_repeat00,2,neural_policy,output_average,decision_selection,0.0017274119891226292
toy4,neural_output_average,tensor_batched,tensor_batched,cpu,2048,10,1,0,0,3,toy4_gpu_core_neural_output_average_tensor_batched_2048_cpu_repeat00,2,neural_policy,output_average,local_trainable_parameters,0.0005545530002564192
toy4,neural_output_average,tensor_batched,tensor_batched,cpu,2048,10,1,0,0,3,toy4_gpu_core_neural_output_average_tensor_batched_2048_cpu_repeat00,2,neural_policy,output_average,local_loss_forward,0.001225699088536203
toy4,neural_output_average,tensor_batched,tensor_batched,cpu,2048,10,1,0,0,3,toy4_gpu_core_neural_output_average_tensor_batched_2048_cpu_repeat00,2,neural_policy,output_average,local_autograd_grad,0.0015621690545231104
toy4,neural_output_average,tensor_batched,tensor_batched,cpu,2048,10,1,0,0,3,toy4_gpu_core_neural_output_average_tensor_batched_2048_cpu_repeat00,2,neural_policy,output_average,local_adam_update,0.002969572087749839
toy4,neural_output_average,tensor_batched,tensor_batched,cpu,2048,10,1,0,0,3,toy4_gpu_core_neural_output_average_tensor_batched_2048_cpu_repeat00,2,neural_policy,output_average,local_optimizer_update,0.004668900975957513
toy4,neural_output_average,tensor_batched,tensor_batched,cpu,2048,10,1,0,0,3,toy4_gpu_core_neural_output_average_tensor_batched_2048_cpu_repeat00,2,neural_policy,output_average,local_loss_update,0.005920419003814459
toy4,neural_output_average,tensor_batched,tensor_batched,cpu,2048,10,1,0,0,3,toy4_gpu_core_neural_output_average_tensor_batched_2048_cpu_repeat00,2,neural_policy,output_average,local_training,0.006523453979752958
toy4,neural_output_average,tensor_batched,tensor_batched,cpu,2048,10,1,0,0,3,toy4_gpu_core_neural_output_average_tensor_batched_2048_cpu_repeat00,2,neural_policy,output_average,cache_refresh,4.529021680355072e-06
toy4,neural_output_average,tensor_batched,tensor_batched,cpu,2048,10,1,0,0,3,toy4_gpu_core_neural_output_average_tensor_batched_2048_cpu_repeat00,2,neural_policy,output_average,post_local_readout,0.001073729945346713
toy4,neural_output_average,tensor_batched,tensor_batched,cpu,2048,10,1,0,0,3,toy4_gpu_core_neural_output_average_tensor_batched_2048_cpu_repeat00,2,neural_policy,output_average,local_step,0.012696973979473114
toy4,neural_output_average,tensor_batched,tensor_batched,cpu,2048,10,1,0,0,3,toy4_gpu_core_neural_output_average_tensor_batched_2048_cpu_repeat00,2,neural_policy,output_average,select_peers,7.558299694210291e-05
toy4,neural_output_average,tensor_batched,tensor_batched,cpu,2048,10,1,0,0,3,toy4_gpu_core_neural_output_average_tensor_batched_2048_cpu_repeat00,2,neural_policy,output_average,social_mix,0.0006653640884906054
toy4,neural_output_average,tensor_batched,tensor_batched,cpu,2048,10,1,0,0,3,toy4_gpu_core_neural_output_average_tensor_batched_2048_cpu_repeat00,2,neural_policy,output_average,social_loss_forward,0.0005967440083622932
toy4,neural_output_average,tensor_batched,tensor_batched,cpu,2048,10,1,0,0,3,toy4_gpu_core_neural_output_average_tensor_batched_2048_cpu_repeat00,2,neural_policy,output_average,social_autograd_grad,0.0010128640569746494
toy4,neural_output_average,tensor_batched,tensor_batched,cpu,2048,10,1,0,0,3,toy4_gpu_core_neural_output_average_tensor_batched_2048_cpu_repeat00,2,neural_policy,output_average,social_adam_update,0.002185832941904664
toy4,neural_output_average,tensor_batched,tensor_batched,cpu,2048,10,1,0,0,3,toy4_gpu_core_neural_output_average_tensor_batched_2048_cpu_repeat00,2,neural_policy,output_average,social_optimizer_update,0.0037116720341145992
toy4,neural_output_average,tensor_batched,tensor_batched,cpu,2048,10,1,0,0,3,toy4_gpu_core_neural_output_average_tensor_batched_2048_cpu_repeat00,2,neural_policy,output_average,social_distillation,0.005746999988332391
toy4,neural_output_average,tensor_batched,tensor_batched,cpu,2048,10,1,0,0,3,toy4_gpu_core_neural_output_average_tensor_batched_2048_cpu_repeat00,2,neural_policy,output_average,social_step,0.005763220018707216
toy4,neural_output_average,tensor_batched,tensor_batched,cpu,2048,10,1,0,0,3,toy4_gpu_core_neural_output_average_tensor_batched_2048_cpu_repeat00,2,neural_policy,output_average,sample_actions,1.0220101103186607e-06
toy4,neural_output_average,tensor_batched,tensor_batched,cpu,2048,10,1,0,0,3,toy4_gpu_core_neural_output_average_tensor_batched_2048_cpu_repeat00,2,neural_policy,output_average,commit_actions,5.941023118793964e-06
toy4,neural_output_average,tensor_batched,tensor_batched,cpu,2048,10,1,0,0,3,toy4_gpu_core_neural_output_average_tensor_batched_2048_cpu_repeat00,2,neural_policy,output_average,post_step_state_policy,4.218006506562233e-05
toy4,neural_output_average,tensor_batched,tensor_batched,cpu,2048,10,1,0,0,3,toy4_gpu_core_neural_output_average_tensor_batched_2048_cpu_repeat00,2,neural_policy,output_average,update_payoff_ema,3.610900603234768e-05
toy4,neural_output_average,tensor_batched,tensor_batched,cpu,2048,10,1,0,0,3,toy4_gpu_core_neural_output_average_tensor_batched_2048_cpu_repeat00,2,neural_policy,output_average,update_reputation_ema,2.957601100206375e-05
toy4,neural_output_average,tensor_batched,tensor_batched,cpu,2048,10,1,0,0,3,toy4_gpu_core_neural_output_average_tensor_batched_2048_cpu_repeat00,2,neural_policy,output_average,mobility_swaps,3.552797716110945e-05
toy4,neural_output_average,tensor_batched,tensor_batched,cpu,2048,10,1,0,0,3,toy4_gpu_core_neural_output_average_tensor_batched_2048_cpu_repeat00,2,neural_policy,output_average,finalize_hook_step,1.2674019671976566e-05
toy4,neural_output_average,tensor_batched,tensor_batched,cpu,2048,10,1,0,0,3,toy4_gpu_core_neural_output_average_tensor_batched_2048_cpu_repeat00,2,neural_policy,output_average,hooked_step_total,0.019698127056472003
toy4,neural_output_average,tensor_batched,tensor_batched,cpu,2048,10,1,0,0,3,toy4_gpu_core_neural_output_average_tensor_batched_2048_cpu_repeat00,2,neural_policy,output_average,aggregate_row,0.14938348799478263
toy4,neural_output_average,tensor_batched,tensor_batched,cpu,2048,10,1,0,0,3,toy4_gpu_core_neural_output_average_tensor_batched_2048_cpu_repeat00,2,neural_policy,output_average,write_aggregate,8.742604404687881e-05
toy4,neural_output_average,tensor_batched,tensor_batched,cpu,2048,10,1,0,0,3,toy4_gpu_core_neural_output_average_tensor_batched_2048_cpu_repeat00,3,neural_policy,output_average,sample_revision_mask,3.458489663898945e-05
toy4,neural_output_average,tensor_batched,tensor_batched,cpu,2048,10,1,0,0,3,toy4_gpu_core_neural_output_average_tensor_batched_2048_cpu_repeat00,3,neural_policy,output_average,build_step_context,8.536037057638168e-06
toy4,neural_output_average,tensor_batched,tensor_batched,cpu,2048,10,1,0,0,3,toy4_gpu_core_neural_output_average_tensor_batched_2048_cpu_repeat00,3,neural_policy,output_average,build_observations,0.0007224329747259617
toy4,neural_output_average,tensor_batched,tensor_batched,cpu,2048,10,1,0,0,3,toy4_gpu_core_neural_output_average_tensor_batched_2048_cpu_repeat00,3,neural_policy,output_average,policy_readout,0.0012306179851293564
toy4,neural_output_average,tensor_batched,tensor_batched,cpu,2048,10,1,0,0,3,toy4_gpu_core_neural_output_average_tensor_batched_2048_cpu_repeat00,3,neural_policy,output_average,decision_selection,0.0017620580038055778
toy4,neural_output_average,tensor_batched,tensor_batched,cpu,2048,10,1,0,0,3,toy4_gpu_core_neural_output_average_tensor_batched_2048_cpu_repeat00,3,neural_policy,output_average,local_trainable_parameters,0.0003960330504924059
toy4,neural_output_average,tensor_batched,tensor_batched,cpu,2048,10,1,0,0,3,toy4_gpu_core_neural_output_average_tensor_batched_2048_cpu_repeat00,3,neural_policy,output_average,local_loss_forward,0.0009594319853931665
toy4,neural_output_average,tensor_batched,tensor_batched,cpu,2048,10,1,0,0,3,toy4_gpu_core_neural_output_average_tensor_batched_2048_cpu_repeat00,3,neural_policy,output_average,local_autograd_grad,0.0013222529087215662
toy4,neural_output_average,tensor_batched,tensor_batched,cpu,2048,10,1,0,0,3,toy4_gpu_core_neural_output_average_tensor_batched_2048_cpu_repeat00,3,neural_policy,output_average,local_adam_update,0.002827612101100385
toy4,neural_output_average,tensor_batched,tensor_batched,cpu,2048,10,1,0,0,3,toy4_gpu_core_neural_output_average_tensor_batched_2048_cpu_repeat00,3,neural_policy,output_average,local_optimizer_update,0.004262398928403854
toy4,neural_output_average,tensor_batched,tensor_batched,cpu,2048,10,1,0,0,3,toy4_gpu_core_neural_output_average_tensor_batched_2048_cpu_repeat00,3,neural_policy,output_average,local_loss_update,0.005239245016127825
toy4,neural_output_average,tensor_batched,tensor_batched,cpu,2048,10,1,0,0,3,toy4_gpu_core_neural_output_average_tensor_batched_2048_cpu_repeat00,3,neural_policy,output_average,local_training,0.005710880970582366
toy4,neural_output_average,tensor_batched,tensor_batched,cpu,2048,10,1,0,0,3,toy4_gpu_core_neural_output_average_tensor_batched_2048_cpu_repeat00,3,neural_policy,output_average,cache_refresh,2.894899807870388e-06
toy4,neural_output_average,tensor_batched,tensor_batched,cpu,2048,10,1,0,0,3,toy4_gpu_core_neural_output_average_tensor_batched_2048_cpu_repeat00,3,neural_policy,output_average,post_local_readout,0.0004490329883992672
toy4,neural_output_average,tensor_batched,tensor_batched,cpu,2048,10,1,0,0,3,toy4_gpu_core_neural_output_average_tensor_batched_2048_cpu_repeat00,3,neural_policy,output_average,local_step,0.010766515973955393
toy4,neural_output_average,tensor_batched,tensor_batched,cpu,2048,10,1,0,0,3,toy4_gpu_core_neural_output_average_tensor_batched_2048_cpu_repeat00,3,neural_policy,output_average,select_peers,7.728708442300558e-05
toy4,neural_output_average,tensor_batched,tensor_batched,cpu,2048,10,1,0,0,3,toy4_gpu_core_neural_output_average_tensor_batched_2048_cpu_repeat00,3,neural_policy,output_average,social_mix,0.0005065720761194825
toy4,neural_output_average,tensor_batched,tensor_batched,cpu,2048,10,1,0,0,3,toy4_gpu_core_neural_output_average_tensor_batched_2048_cpu_repeat00,3,neural_policy,output_average,social_loss_forward,0.00035439396742731333
toy4,neural_output_average,tensor_batched,tensor_batched,cpu,2048,10,1,0,0,3,toy4_gpu_core_neural_output_average_tensor_batched_2048_cpu_repeat00,3,neural_policy,output_average,social_autograd_grad,0.0009545040084049106
toy4,neural_output_average,tensor_batched,tensor_batched,cpu,2048,10,1,0,0,3,toy4_gpu_core_neural_output_average_tensor_batched_2048_cpu_repeat00,3,neural_policy,output_average,social_adam_update,0.001051047001965344
toy4,neural_output_average,tensor_batched,tensor_batched,cpu,2048,10,1,0,0,3,toy4_gpu_core_neural_output_average_tensor_batched_2048_cpu_repeat00,3,neural_policy,output_average,social_optimizer_update,0.0024781490210443735
toy4,neural_output_average,tensor_batched,tensor_batched,cpu,2048,10,1,0,0,3,toy4_gpu_core_neural_output_average_tensor_batched_2048_cpu_repeat00,3,neural_policy,output_average,social_distillation,0.004015640006400645
toy4,neural_output_average,tensor_batched,tensor_batched,cpu,2048,10,1,0,0,3,toy4_gpu_core_neural_output_average_tensor_batched_2048_cpu_repeat00,3,neural_policy,output_average,social_step,0.004029345931485295
toy4,neural_output_average,tensor_batched,tensor_batched,cpu,2048,10,1,0,0,3,toy4_gpu_core_neural_output_average_tensor_batched_2048_cpu_repeat00,3,neural_policy,output_average,sample_actions,1.293024979531765e-06
toy4,neural_output_average,tensor_batched,tensor_batched,cpu,2048,10,1,0,0,3,toy4_gpu_core_neural_output_average_tensor_batched_2048_cpu_repeat00,3,neural_policy,output_average,commit_actions,1.552992034703493e-05
toy4,neural_output_average,tensor_batched,tensor_batched,cpu,2048,10,1,0,0,3,toy4_gpu_core_neural_output_average_tensor_batched_2048_cpu_repeat00,3,neural_policy,output_average,post_step_state_policy,5.1517970860004425e-05
toy4,neural_output_average,tensor_batched,tensor_batched,cpu,2048,10,1,0,0,3,toy4_gpu_core_neural_output_average_tensor_batched_2048_cpu_repeat00,3,neural_policy,output_average,update_payoff_ema,3.631901927292347e-05
toy4,neural_output_average,tensor_batched,tensor_batched,cpu,2048,10,1,0,0,3,toy4_gpu_core_neural_output_average_tensor_batched_2048_cpu_repeat00,3,neural_policy,output_average,update_reputation_ema,2.7062022127211094e-05
toy4,neural_output_average,tensor_batched,tensor_batched,cpu,2048,10,1,0,0,3,toy4_gpu_core_neural_output_average_tensor_batched_2048_cpu_repeat00,3,neural_policy,output_average,mobility_swaps,4.200008697807789e-05
toy4,neural_output_average,tensor_batched,tensor_batched,cpu,2048,10,1,0,0,3,toy4_gpu_core_neural_output_average_tensor_batched_2048_cpu_repeat00,3,neural_policy,output_average,finalize_hook_step,1.8646009266376495e-05
toy4,neural_output_average,tensor_batched,tensor_batched,cpu,2048,10,1,0,0,3,toy4_gpu_core_neural_output_average_tensor_batched_2048_cpu_repeat00,3,neural_policy,output_average,hooked_step_total,0.016057910048402846
toy4,neural_output_average,tensor_batched,tensor_batched,cpu,2048,10,1,0,0,3,toy4_gpu_core_neural_output_average_tensor_batched_2048_cpu_repeat00,3,neural_policy,output_average,aggregate_row,0.17489943909458816
toy4,neural_output_average,tensor_batched,tensor_batched,cpu,2048,10,1,0,0,3,toy4_gpu_core_neural_output_average_tensor_batched_2048_cpu_repeat00,3,neural_policy,output_average,write_aggregate,8.455989882349968e-05
toy4,neural_output_average,tensor_batched,tensor_batched,cpu,2048,10,1,0,0,3,toy4_gpu_core_neural_output_average_tensor_batched_2048_cpu_repeat00,4,neural_policy,output_average,sample_revision_mask,3.671995364129543e-05
toy4,neural_output_average,tensor_batched,tensor_batched,cpu,2048,10,1,0,0,3,toy4_gpu_core_neural_output_average_tensor_batched_2048_cpu_repeat00,4,neural_policy,output_average,build_step_context,8.917064405977726e-06
toy4,neural_output_average,tensor_batched,tensor_batched,cpu,2048,10,1,0,0,3,toy4_gpu_core_neural_output_average_tensor_batched_2048_cpu_repeat00,4,neural_policy,output_average,build_observations,0.0006921050371602178
toy4,neural_output_average,tensor_batched,tensor_batched,cpu,2048,10,1,0,0,3,toy4_gpu_core_neural_output_average_tensor_batched_2048_cpu_repeat00,4,neural_policy,output_average,policy_readout,0.0012714349431917071
toy4,neural_output_average,tensor_batched,tensor_batched,cpu,2048,10,1,0,0,3,toy4_gpu_core_neural_output_average_tensor_batched_2048_cpu_repeat00,4,neural_policy,output_average,decision_selection,0.0023838989436626434
toy4,neural_output_average,tensor_batched,tensor_batched,cpu,2048,10,1,0,0,3,toy4_gpu_core_neural_output_average_tensor_batched_2048_cpu_repeat00,4,neural_policy,output_average,local_trainable_parameters,0.0005265700165182352
toy4,neural_output_average,tensor_batched,tensor_batched,cpu,2048,10,1,0,0,3,toy4_gpu_core_neural_output_average_tensor_batched_2048_cpu_repeat00,4,neural_policy,output_average,local_loss_forward,0.0011352970032021403
toy4,neural_output_average,tensor_batched,tensor_batched,cpu,2048,10,1,0,0,3,toy4_gpu_core_neural_output_average_tensor_batched_2048_cpu_repeat00,4,neural_policy,output_average,local_autograd_grad,0.0013382330071181059
toy4,neural_output_average,tensor_batched,tensor_batched,cpu,2048,10,1,0,0,3,toy4_gpu_core_neural_output_average_tensor_batched_2048_cpu_repeat00,4,neural_policy,output_average,local_adam_update,0.003612854052335024
toy4,neural_output_average,tensor_batched,tensor_batched,cpu,2048,10,1,0,0,3,toy4_gpu_core_neural_output_average_tensor_batched_2048_cpu_repeat00,4,neural_policy,output_average,local_optimizer_update,0.005060716066509485
toy4,neural_output_average,tensor_batched,tensor_batched,cpu,2048,10,1,0,0,3,toy4_gpu_core_neural_output_average_tensor_batched_2048_cpu_repeat00,4,neural_policy,output_average,local_loss_update,0.006213536020368338
toy4,neural_output_average,tensor_batched,tensor_batched,cpu,2048,10,1,0,0,3,toy4_gpu_core_neural_output_average_tensor_batched_2048_cpu_repeat00,4,neural_policy,output_average,local_training,0.006786854937672615
toy4,neural_output_average,tensor_batched,tensor_batched,cpu,2048,10,1,0,0,3,toy4_gpu_core_neural_output_average_tensor_batched_2048_cpu_repeat00,4,neural_policy,output_average,cache_refresh,2.794899046421051e-06
toy4,neural_output_average,tensor_batched,tensor_batched,cpu,2048,10,1,0,0,3,toy4_gpu_core_neural_output_average_tensor_batched_2048_cpu_repeat00,4,neural_policy,output_average,post_local_readout,0.00044205004815012217
toy4,neural_output_average,tensor_batched,tensor_batched,cpu,2048,10,1,0,0,3,toy4_gpu_core_neural_output_average_tensor_batched_2048_cpu_repeat00,4,neural_policy,output_average,local_step,0.012300079921260476
toy4,neural_output_average,tensor_batched,tensor_batched,cpu,2048,10,1,0,0,3,toy4_gpu_core_neural_output_average_tensor_batched_2048_cpu_repeat00,4,neural_policy,output_average,select_peers,5.78899635002017e-05
toy4,neural_output_average,tensor_batched,tensor_batched,cpu,2048,10,1,0,0,3,toy4_gpu_core_neural_output_average_tensor_batched_2048_cpu_repeat00,4,neural_policy,output_average,social_mix,0.0004657349782064557
toy4,neural_output_average,tensor_batched,tensor_batched,cpu,2048,10,1,0,0,3,toy4_gpu_core_neural_output_average_tensor_batched_2048_cpu_repeat00,4,neural_policy,output_average,social_loss_forward,0.00040286604780703783
toy4,neural_output_average,tensor_batched,tensor_batched,cpu,2048,10,1,0,0,3,toy4_gpu_core_neural_output_average_tensor_batched_2048_cpu_repeat00,4,neural_policy,output_average,social_autograd_grad,0.0008897900115698576
toy4,neural_output_average,tensor_batched,tensor_batched,cpu,2048,10,1,0,0,3,toy4_gpu_core_neural_output_average_tensor_batched_2048_cpu_repeat00,4,neural_policy,output_average,social_adam_update,0.003059502923861146
toy4,neural_output_average,tensor_batched,tensor_batched,cpu,2048,10,1,0,0,3,toy4_gpu_core_neural_output_average_tensor_batched_2048_cpu_repeat00,4,neural_policy,output_average,social_optimizer_update,0.004566626041196287
toy4,neural_output_average,tensor_batched,tensor_batched,cpu,2048,10,1,0,0,3,toy4_gpu_core_neural_output_average_tensor_batched_2048_cpu_repeat00,4,neural_policy,output_average,social_distillation,0.006378168938681483
toy4,neural_output_average,tensor_batched,tensor_batched,cpu,2048,10,1,0,0,3,toy4_gpu_core_neural_output_average_tensor_batched_2048_cpu_repeat00,4,neural_policy,output_average,social_step,0.006390452035702765
toy4,neural_output_average,tensor_batched,tensor_batched,cpu,2048,10,1,0,0,3,toy4_gpu_core_neural_output_average_tensor_batched_2048_cpu_repeat00,4,neural_policy,output_average,sample_actions,9.520445019006729e-07
toy4,neural_output_average,tensor_batched,tensor_batched,cpu,2048,10,1,0,0,3,toy4_gpu_core_neural_output_average_tensor_batched_2048_cpu_repeat00,4,neural_policy,output_average,commit_actions,3.7669669836759567e-06
toy4,neural_output_average,tensor_batched,tensor_batched,cpu,2048,10,1,0,0,3,toy4_gpu_core_neural_output_average_tensor_batched_2048_cpu_repeat00,4,neural_policy,output_average,post_step_state_policy,2.9815942980349064e-05
toy4,neural_output_average,tensor_batched,tensor_batched,cpu,2048,10,1,0,0,3,toy4_gpu_core_neural_output_average_tensor_batched_2048_cpu_repeat00,4,neural_policy,output_average,update_payoff_ema,2.8733978979289532e-05
toy4,neural_output_average,tensor_batched,tensor_batched,cpu,2048,10,1,0,0,3,toy4_gpu_core_neural_output_average_tensor_batched_2048_cpu_repeat00,4,neural_policy,output_average,update_reputation_ema,1.9476981833577156e-05
toy4,neural_output_average,tensor_batched,tensor_batched,cpu,2048,10,1,0,0,3,toy4_gpu_core_neural_output_average_tensor_batched_2048_cpu_repeat00,4,neural_policy,output_average,mobility_swaps,2.0178034901618958e-05
toy4,neural_output_average,tensor_batched,tensor_batched,cpu,2048,10,1,0,0,3,toy4_gpu_core_neural_output_average_tensor_batched_2048_cpu_repeat00,4,neural_policy,output_average,finalize_hook_step,1.0289950296282768e-05
toy4,neural_output_average,tensor_batched,tensor_batched,cpu,2048,10,1,0,0,3,toy4_gpu_core_neural_output_average_tensor_batched_2048_cpu_repeat00,4,neural_policy,output_average,hooked_step_total,0.01952960598282516
toy4,neural_output_average,tensor_batched,tensor_batched,cpu,2048,10,1,0,0,3,toy4_gpu_core_neural_output_average_tensor_batched_2048_cpu_repeat00,4,neural_policy,output_average,aggregate_row,0.14956257899757475
toy4,neural_output_average,tensor_batched,tensor_batched,cpu,2048,10,1,0,0,3,toy4_gpu_core_neural_output_average_tensor_batched_2048_cpu_repeat00,4,neural_policy,output_average,write_aggregate,0.0001316900597885251
toy4,neural_output_average,tensor_batched,tensor_batched,cpu,2048,10,1,0,0,3,toy4_gpu_core_neural_output_average_tensor_batched_2048_cpu_repeat00,5,neural_policy,output_average,sample_revision_mask,5.451298784464598e-05
toy4,neural_output_average,tensor_batched,tensor_batched,cpu,2048,10,1,0,0,3,toy4_gpu_core_neural_output_average_tensor_batched_2048_cpu_repeat00,5,neural_policy,output_average,build_step_context,2.207199577242136e-05
toy4,neural_output_average,tensor_batched,tensor_batched,cpu,2048,10,1,0,0,3,toy4_gpu_core_neural_output_average_tensor_batched_2048_cpu_repeat00,5,neural_policy,output_average,build_observations,0.0018088370561599731
toy4,neural_output_average,tensor_batched,tensor_batched,cpu,2048,10,1,0,0,3,toy4_gpu_core_neural_output_average_tensor_batched_2048_cpu_repeat00,5,neural_policy,output_average,policy_readout,0.0026681290473788977
toy4,neural_output_average,tensor_batched,tensor_batched,cpu,2048,10,1,0,0,3,toy4_gpu_core_neural_output_average_tensor_batched_2048_cpu_repeat00,5,neural_policy,output_average,decision_selection,0.0018459269776940346
toy4,neural_output_average,tensor_batched,tensor_batched,cpu,2048,10,1,0,0,3,toy4_gpu_core_neural_output_average_tensor_batched_2048_cpu_repeat00,5,neural_policy,output_average,local_trainable_parameters,0.0010461179772391915
toy4,neural_output_average,tensor_batched,tensor_batched,cpu,2048,10,1,0,0,3,toy4_gpu_core_neural_output_average_tensor_batched_2048_cpu_repeat00,5,neural_policy,output_average,local_loss_forward,0.002028434071689844
toy4,neural_output_average,tensor_batched,tensor_batched,cpu,2048,10,1,0,0,3,toy4_gpu_core_neural_output_average_tensor_batched_2048_cpu_repeat00,5,neural_policy,output_average,local_autograd_grad,0.001448131981305778
toy4,neural_output_average,tensor_batched,tensor_batched,cpu,2048,10,1,0,0,3,toy4_gpu_core_neural_output_average_tensor_batched_2048_cpu_repeat00,5,neural_policy,output_average,local_adam_update,0.0034392450470477343
toy4,neural_output_average,tensor_batched,tensor_batched,cpu,2048,10,1,0,0,3,toy4_gpu_core_neural_output_average_tensor_batched_2048_cpu_repeat00,5,neural_policy,output_average,local_optimizer_update,0.004987547057680786
toy4,neural_output_average,tensor_batched,tensor_batched,cpu,2048,10,1,0,0,3,toy4_gpu_core_neural_output_average_tensor_batched_2048_cpu_repeat00,5,neural_policy,output_average,local_loss_update,0.007033684058114886
toy4,neural_output_average,tensor_batched,tensor_batched,cpu,2048,10,1,0,0,3,toy4_gpu_core_neural_output_average_tensor_batched_2048_cpu_repeat00,5,neural_policy,output_average,local_training,0.008149563916958869
toy4,neural_output_average,tensor_batched,tensor_batched,cpu,2048,10,1,0,0,3,toy4_gpu_core_neural_output_average_tensor_batched_2048_cpu_repeat00,5,neural_policy,output_average,cache_refresh,3.25602013617754e-06
toy4,neural_output_average,tensor_batched,tensor_batched,cpu,2048,10,1,0,0,3,toy4_gpu_core_neural_output_average_tensor_batched_2048_cpu_repeat00,5,neural_policy,output_average,post_local_readout,0.00043318304233253
toy4,neural_output_average,tensor_batched,tensor_batched,cpu,2048,10,1,0,0,3,toy4_gpu_core_neural_output_average_tensor_batched_2048_cpu_repeat00,5,neural_policy,output_average,local_step,0.015744755044579506
toy4,neural_output_average,tensor_batched,tensor_batched,cpu,2048,10,1,0,0,3,toy4_gpu_core_neural_output_average_tensor_batched_2048_cpu_repeat00,5,neural_policy,output_average,select_peers,6.51839654892683e-05
toy4,neural_output_average,tensor_batched,tensor_batched,cpu,2048,10,1,0,0,3,toy4_gpu_core_neural_output_average_tensor_batched_2048_cpu_repeat00,5,neural_policy,output_average,social_mix,0.0004435620503500104
toy4,neural_output_average,tensor_batched,tensor_batched,cpu,2048,10,1,0,0,3,toy4_gpu_core_neural_output_average_tensor_batched_2048_cpu_repeat00,5,neural_policy,output_average,social_loss_forward,0.0004856330342590809
toy4,neural_output_average,tensor_batched,tensor_batched,cpu,2048,10,1,0,0,3,toy4_gpu_core_neural_output_average_tensor_batched_2048_cpu_repeat00,5,neural_policy,output_average,social_autograd_grad,0.0009956719586625695
toy4,neural_output_average,tensor_batched,tensor_batched,cpu,2048,10,1,0,0,3,toy4_gpu_core_neural_output_average_tensor_batched_2048_cpu_repeat00,5,neural_policy,output_average,social_adam_update,0.0025567770935595036
toy4,neural_output_average,tensor_batched,tensor_batched,cpu,2048,10,1,0,0,3,toy4_gpu_core_neural_output_average_tensor_batched_2048_cpu_repeat00,5,neural_policy,output_average,social_optimizer_update,0.0040638219797983766
toy4,neural_output_average,tensor_batched,tensor_batched,cpu,2048,10,1,0,0,3,toy4_gpu_core_neural_output_average_tensor_batched_2048_cpu_repeat00,5,neural_policy,output_average,social_distillation,0.005873279995284975
toy4,neural_output_average,tensor_batched,tensor_batched,cpu,2048,10,1,0,0,3,toy4_gpu_core_neural_output_average_tensor_batched_2048_cpu_repeat00,5,neural_policy,output_average,social_step,0.005885362043045461
toy4,neural_output_average,tensor_batched,tensor_batched,cpu,2048,10,1,0,0,3,toy4_gpu_core_neural_output_average_tensor_batched_2048_cpu_repeat00,5,neural_policy,output_average,sample_actions,1.0919757187366486e-06
toy4,neural_output_average,tensor_batched,tensor_batched,cpu,2048,10,1,0,0,3,toy4_gpu_core_neural_output_average_tensor_batched_2048_cpu_repeat00,5,neural_policy,output_average,commit_actions,3.1259842216968536e-06
toy4,neural_output_average,tensor_batched,tensor_batched,cpu,2048,10,1,0,0,3,toy4_gpu_core_neural_output_average_tensor_batched_2048_cpu_repeat00,5,neural_policy,output_average,post_step_state_policy,2.7260975912213326e-05
toy4,neural_output_average,tensor_batched,tensor_batched,cpu,2048,10,1,0,0,3,toy4_gpu_core_neural_output_average_tensor_batched_2048_cpu_repeat00,5,neural_policy,output_average,update_payoff_ema,3.0798022635281086e-05
toy4,neural_output_average,tensor_batched,tensor_batched,cpu,2048,10,1,0,0,3,toy4_gpu_core_neural_output_average_tensor_batched_2048_cpu_repeat00,5,neural_policy,output_average,update_reputation_ema,1.706206239759922e-05
toy4,neural_output_average,tensor_batched,tensor_batched,cpu,2048,10,1,0,0,3,toy4_gpu_core_neural_output_average_tensor_batched_2048_cpu_repeat00,5,neural_policy,output_average,mobility_swaps,1.881597563624382e-05
toy4,neural_output_average,tensor_batched,tensor_batched,cpu,2048,10,1,0,0,3,toy4_gpu_core_neural_output_average_tensor_batched_2048_cpu_repeat00,5,neural_policy,output_average,finalize_hook_step,8.066068403422832e-06
toy4,neural_output_average,tensor_batched,tensor_batched,cpu,2048,10,1,0,0,3,toy4_gpu_core_neural_output_average_tensor_batched_2048_cpu_repeat00,5,neural_policy,output_average,hooked_step_total,0.02261690190061927
toy4,neural_output_average,tensor_batched,tensor_batched,cpu,2048,10,1,0,0,3,toy4_gpu_core_neural_output_average_tensor_batched_2048_cpu_repeat00,5,neural_policy,output_average,aggregate_row,0.12658385001122952
toy4,neural_output_average,tensor_batched,tensor_batched,cpu,2048,10,1,0,0,3,toy4_gpu_core_neural_output_average_tensor_batched_2048_cpu_repeat00,5,neural_policy,output_average,write_aggregate,0.00011443800758570433
toy4,neural_output_average,tensor_batched,tensor_batched,cpu,2048,10,1,0,0,3,toy4_gpu_core_neural_output_average_tensor_batched_2048_cpu_repeat00,6,neural_policy,output_average,sample_revision_mask,4.70189843326807e-05
toy4,neural_output_average,tensor_batched,tensor_batched,cpu,2048,10,1,0,0,3,toy4_gpu_core_neural_output_average_tensor_batched_2048_cpu_repeat00,6,neural_policy,output_average,build_step_context,1.2584030628204346e-05
toy4,neural_output_average,tensor_batched,tensor_batched,cpu,2048,10,1,0,0,3,toy4_gpu_core_neural_output_average_tensor_batched_2048_cpu_repeat00,6,neural_policy,output_average,build_observations,0.0009714459301903844
toy4,neural_output_average,tensor_batched,tensor_batched,cpu,2048,10,1,0,0,3,toy4_gpu_core_neural_output_average_tensor_batched_2048_cpu_repeat00,6,neural_policy,output_average,policy_readout,0.0013227430172264576
toy4,neural_output_average,tensor_batched,tensor_batched,cpu,2048,10,1,0,0,3,toy4_gpu_core_neural_output_average_tensor_batched_2048_cpu_repeat00,6,neural_policy,output_average,decision_selection,0.001707443967461586
toy4,neural_output_average,tensor_batched,tensor_batched,cpu,2048,10,1,0,0,3,toy4_gpu_core_neural_output_average_tensor_batched_2048_cpu_repeat00,6,neural_policy,output_average,local_trainable_parameters,0.0004634709330275655
toy4,neural_output_average,tensor_batched,tensor_batched,cpu,2048,10,1,0,0,3,toy4_gpu_core_neural_output_average_tensor_batched_2048_cpu_repeat00,6,neural_policy,output_average,local_loss_forward,0.0010240660049021244
toy4,neural_output_average,tensor_batched,tensor_batched,cpu,2048,10,1,0,0,3,toy4_gpu_core_neural_output_average_tensor_batched_2048_cpu_repeat00,6,neural_policy,output_average,local_autograd_grad,0.0016842189943417907
toy4,neural_output_average,tensor_batched,tensor_batched,cpu,2048,10,1,0,0,3,toy4_gpu_core_neural_output_average_tensor_batched_2048_cpu_repeat00,6,neural_policy,output_average,local_adam_update,0.0028110609855502844
toy4,neural_output_average,tensor_batched,tensor_batched,cpu,2048,10,1,0,0,3,toy4_gpu_core_neural_output_average_tensor_batched_2048_cpu_repeat00,6,neural_policy,output_average,local_optimizer_update,0.004585021059028804
toy4,neural_output_average,tensor_batched,tensor_batched,cpu,2048,10,1,0,0,3,toy4_gpu_core_neural_output_average_tensor_batched_2048_cpu_repeat00,6,neural_policy,output_average,local_loss_update,0.005623193923383951
toy4,neural_output_average,tensor_batched,tensor_batched,cpu,2048,10,1,0,0,3,toy4_gpu_core_neural_output_average_tensor_batched_2048_cpu_repeat00,6,neural_policy,output_average,local_training,0.0061190970009192824
toy4,neural_output_average,tensor_batched,tensor_batched,cpu,2048,10,1,0,0,3,toy4_gpu_core_neural_output_average_tensor_batched_2048_cpu_repeat00,6,neural_policy,output_average,cache_refresh,2.17510387301445e-06
toy4,neural_output_average,tensor_batched,tensor_batched,cpu,2048,10,1,0,0,3,toy4_gpu_core_neural_output_average_tensor_batched_2048_cpu_repeat00,6,neural_policy,output_average,post_local_readout,0.00027847907040268183
toy4,neural_output_average,tensor_batched,tensor_batched,cpu,2048,10,1,0,0,3,toy4_gpu_core_neural_output_average_tensor_batched_2048_cpu_repeat00,6,neural_policy,output_average,local_step,0.011037601041607559
toy4,neural_output_average,tensor_batched,tensor_batched,cpu,2048,10,1,0,0,3,toy4_gpu_core_neural_output_average_tensor_batched_2048_cpu_repeat00,6,neural_policy,output_average,select_peers,6.676698103547096e-05
toy4,neural_output_average,tensor_batched,tensor_batched,cpu,2048,10,1,0,0,3,toy4_gpu_core_neural_output_average_tensor_batched_2048_cpu_repeat00,6,neural_policy,output_average,social_mix,0.0005709649994969368
toy4,neural_output_average,tensor_batched,tensor_batched,cpu,2048,10,1,0,0,3,toy4_gpu_core_neural_output_average_tensor_batched_2048_cpu_repeat00,6,neural_policy,output_average,social_loss_forward,0.00044821109622716904
toy4,neural_output_average,tensor_batched,tensor_batched,cpu,2048,10,1,0,0,3,toy4_gpu_core_neural_output_average_tensor_batched_2048_cpu_repeat00,6,neural_policy,output_average,social_autograd_grad,0.0010259790578857064
toy4,neural_output_average,tensor_batched,tensor_batched,cpu,2048,10,1,0,0,3,toy4_gpu_core_neural_output_average_tensor_batched_2048_cpu_repeat00,6,neural_policy,output_average,social_adam_update,0.0018641019705682993
toy4,neural_output_average,tensor_batched,tensor_batched,cpu,2048,10,1,0,0,3,toy4_gpu_core_neural_output_average_tensor_batched_2048_cpu_repeat00,6,neural_policy,output_average,social_optimizer_update,0.003349573933519423
toy4,neural_output_average,tensor_batched,tensor_batched,cpu,2048,10,1,0,0,3,toy4_gpu_core_neural_output_average_tensor_batched_2048_cpu_repeat00,6,neural_policy,output_average,social_distillation,0.0051617370918393135
toy4,neural_output_average,tensor_batched,tensor_batched,cpu,2048,10,1,0,0,3,toy4_gpu_core_neural_output_average_tensor_batched_2048_cpu_repeat00,6,neural_policy,output_average,social_step,0.0051761450013145804
toy4,neural_output_average,tensor_batched,tensor_batched,cpu,2048,10,1,0,0,3,toy4_gpu_core_neural_output_average_tensor_batched_2048_cpu_repeat00,6,neural_policy,output_average,sample_actions,8.819624781608582e-07
toy4,neural_output_average,tensor_batched,tensor_batched,cpu,2048,10,1,0,0,3,toy4_gpu_core_neural_output_average_tensor_batched_2048_cpu_repeat00,6,neural_policy,output_average,commit_actions,4.758941940963268e-06
toy4,neural_output_average,tensor_batched,tensor_batched,cpu,2048,10,1,0,0,3,toy4_gpu_core_neural_output_average_tensor_batched_2048_cpu_repeat00,6,neural_policy,output_average,post_step_state_policy,4.381290636956692e-05
toy4,neural_output_average,tensor_batched,tensor_batched,cpu,2048,10,1,0,0,3,toy4_gpu_core_neural_output_average_tensor_batched_2048_cpu_repeat00,6,neural_policy,output_average,update_payoff_ema,2.8052949346601963e-05
toy4,neural_output_average,tensor_batched,tensor_batched,cpu,2048,10,1,0,0,3,toy4_gpu_core_neural_output_average_tensor_batched_2048_cpu_repeat00,6,neural_policy,output_average,update_reputation_ema,1.8866034224629402e-05
toy4,neural_output_average,tensor_batched,tensor_batched,cpu,2048,10,1,0,0,3,toy4_gpu_core_neural_output_average_tensor_batched_2048_cpu_repeat00,6,neural_policy,output_average,mobility_swaps,2.083997242152691e-05
toy4,neural_output_average,tensor_batched,tensor_batched,cpu,2048,10,1,0,0,3,toy4_gpu_core_neural_output_average_tensor_batched_2048_cpu_repeat00,6,neural_policy,output_average,finalize_hook_step,9.868992492556572e-06
toy4,neural_output_average,tensor_batched,tensor_batched,cpu,2048,10,1,0,0,3,toy4_gpu_core_neural_output_average_tensor_batched_2048_cpu_repeat00,6,neural_policy,output_average,hooked_step_total,0.017089770990423858
toy4,neural_output_average,tensor_batched,tensor_batched,cpu,2048,10,1,0,0,3,toy4_gpu_core_neural_output_average_tensor_batched_2048_cpu_repeat00,6,neural_policy,output_average,aggregate_row,0.1510156289441511
toy4,neural_output_average,tensor_batched,tensor_batched,cpu,2048,10,1,0,0,3,toy4_gpu_core_neural_output_average_tensor_batched_2048_cpu_repeat00,6,neural_policy,output_average,write_aggregate,0.00011355604510754347
toy4,neural_output_average,tensor_batched,tensor_batched,cpu,2048,10,1,0,0,3,toy4_gpu_core_neural_output_average_tensor_batched_2048_cpu_repeat00,7,neural_policy,output_average,sample_revision_mask,4.771002568304539e-05
toy4,neural_output_average,tensor_batched,tensor_batched,cpu,2048,10,1,0,0,3,toy4_gpu_core_neural_output_average_tensor_batched_2048_cpu_repeat00,7,neural_policy,output_average,build_step_context,1.2613949365913868e-05
toy4,neural_output_average,tensor_batched,tensor_batched,cpu,2048,10,1,0,0,3,toy4_gpu_core_neural_output_average_tensor_batched_2048_cpu_repeat00,7,neural_policy,output_average,build_observations,0.0014536420349031687
toy4,neural_output_average,tensor_batched,tensor_batched,cpu,2048,10,1,0,0,3,toy4_gpu_core_neural_output_average_tensor_batched_2048_cpu_repeat00,7,neural_policy,output_average,policy_readout,0.0016154799377545714
toy4,neural_output_average,tensor_batched,tensor_batched,cpu,2048,10,1,0,0,3,toy4_gpu_core_neural_output_average_tensor_batched_2048_cpu_repeat00,7,neural_policy,output_average,decision_selection,0.0023610959760844707
toy4,neural_output_average,tensor_batched,tensor_batched,cpu,2048,10,1,0,0,3,toy4_gpu_core_neural_output_average_tensor_batched_2048_cpu_repeat00,7,neural_policy,output_average,local_trainable_parameters,0.00032514799386262894
toy4,neural_output_average,tensor_batched,tensor_batched,cpu,2048,10,1,0,0,3,toy4_gpu_core_neural_output_average_tensor_batched_2048_cpu_repeat00,7,neural_policy,output_average,local_loss_forward,0.0008813439635559916
toy4,neural_output_average,tensor_batched,tensor_batched,cpu,2048,10,1,0,0,3,toy4_gpu_core_neural_output_average_tensor_batched_2048_cpu_repeat00,7,neural_policy,output_average,local_autograd_grad,0.0012010220671072602
toy4,neural_output_average,tensor_batched,tensor_batched,cpu,2048,10,1,0,0,3,toy4_gpu_core_neural_output_average_tensor_batched_2048_cpu_repeat00,7,neural_policy,output_average,local_adam_update,0.002323174034245312
toy4,neural_output_average,tensor_batched,tensor_batched,cpu,2048,10,1,0,0,3,toy4_gpu_core_neural_output_average_tensor_batched_2048_cpu_repeat00,7,neural_policy,output_average,local_optimizer_update,0.0036295459140092134
toy4,neural_output_average,tensor_batched,tensor_batched,cpu,2048,10,1,0,0,3,toy4_gpu_core_neural_output_average_tensor_batched_2048_cpu_repeat00,7,neural_policy,output_average,local_loss_update,0.004525900003500283
toy4,neural_output_average,tensor_batched,tensor_batched,cpu,2048,10,1,0,0,3,toy4_gpu_core_neural_output_average_tensor_batched_2048_cpu_repeat00,7,neural_policy,output_average,local_training,0.004890621989034116
toy4,neural_output_average,tensor_batched,tensor_batched,cpu,2048,10,1,0,0,3,toy4_gpu_core_neural_output_average_tensor_batched_2048_cpu_repeat00,7,neural_policy,output_average,cache_refresh,4.959059879183769e-06
toy4,neural_output_average,tensor_batched,tensor_batched,cpu,2048,10,1,0,0,3,toy4_gpu_core_neural_output_average_tensor_batched_2048_cpu_repeat00,7,neural_policy,output_average,post_local_readout,0.0005014019552618265
toy4,neural_output_average,tensor_batched,tensor_batched,cpu,2048,10,1,0,0,3,toy4_gpu_core_neural_output_average_tensor_batched_2048_cpu_repeat00,7,neural_policy,output_average,local_step,0.011773189064115286
toy4,neural_output_average,tensor_batched,tensor_batched,cpu,2048,10,1,0,0,3,toy4_gpu_core_neural_output_average_tensor_batched_2048_cpu_repeat00,7,neural_policy,output_average,select_peers,7.022393401712179e-05
toy4,neural_output_average,tensor_batched,tensor_batched,cpu,2048,10,1,0,0,3,toy4_gpu_core_neural_output_average_tensor_batched_2048_cpu_repeat00,7,neural_policy,output_average,social_mix,0.0005232050316408277
toy4,neural_output_average,tensor_batched,tensor_batched,cpu,2048,10,1,0,0,3,toy4_gpu_core_neural_output_average_tensor_batched_2048_cpu_repeat00,7,neural_policy,output_average,social_loss_forward,0.0003915739944204688
toy4,neural_output_average,tensor_batched,tensor_batched,cpu,2048,10,1,0,0,3,toy4_gpu_core_neural_output_average_tensor_batched_2048_cpu_repeat00,7,neural_policy,output_average,social_autograd_grad,0.0009471900993958116
toy4,neural_output_average,tensor_batched,tensor_batched,cpu,2048,10,1,0,0,3,toy4_gpu_core_neural_output_average_tensor_batched_2048_cpu_repeat00,7,neural_policy,output_average,social_adam_update,0.00172806391492486
toy4,neural_output_average,tensor_batched,tensor_batched,cpu,2048,10,1,0,0,3,toy4_gpu_core_neural_output_average_tensor_batched_2048_cpu_repeat00,7,neural_policy,output_average,social_optimizer_update,0.003305910970084369
toy4,neural_output_average,tensor_batched,tensor_batched,cpu,2048,10,1,0,0,3,toy4_gpu_core_neural_output_average_tensor_batched_2048_cpu_repeat00,7,neural_policy,output_average,social_distillation,0.004933183081448078
toy4,neural_output_average,tensor_batched,tensor_batched,cpu,2048,10,1,0,0,3,toy4_gpu_core_neural_output_average_tensor_batched_2048_cpu_repeat00,7,neural_policy,output_average,social_step,0.004946158034726977
toy4,neural_output_average,tensor_batched,tensor_batched,cpu,2048,10,1,0,0,3,toy4_gpu_core_neural_output_average_tensor_batched_2048_cpu_repeat00,7,neural_policy,output_average,sample_actions,1.1529773473739624e-06
toy4,neural_output_average,tensor_batched,tensor_batched,cpu,2048,10,1,0,0,3,toy4_gpu_core_neural_output_average_tensor_batched_2048_cpu_repeat00,7,neural_policy,output_average,commit_actions,4.9300724640488625e-06
toy4,neural_output_average,tensor_batched,tensor_batched,cpu,2048,10,1,0,0,3,toy4_gpu_core_neural_output_average_tensor_batched_2048_cpu_repeat00,7,neural_policy,output_average,post_step_state_policy,3.004702739417553e-05
toy4,neural_output_average,tensor_batched,tensor_batched,cpu,2048,10,1,0,0,3,toy4_gpu_core_neural_output_average_tensor_batched_2048_cpu_repeat00,7,neural_policy,output_average,update_payoff_ema,3.979599568992853e-05
toy4,neural_output_average,tensor_batched,tensor_batched,cpu,2048,10,1,0,0,3,toy4_gpu_core_neural_output_average_tensor_batched_2048_cpu_repeat00,7,neural_policy,output_average,update_reputation_ema,2.859393134713173e-05
toy4,neural_output_average,tensor_batched,tensor_batched,cpu,2048,10,1,0,0,3,toy4_gpu_core_neural_output_average_tensor_batched_2048_cpu_repeat00,7,neural_policy,output_average,mobility_swaps,2.5479006581008434e-05
toy4,neural_output_average,tensor_batched,tensor_batched,cpu,2048,10,1,0,0,3,toy4_gpu_core_neural_output_average_tensor_batched_2048_cpu_repeat00,7,neural_policy,output_average,finalize_hook_step,1.120101660490036e-05
toy4,neural_output_average,tensor_batched,tensor_batched,cpu,2048,10,1,0,0,3,toy4_gpu_core_neural_output_average_tensor_batched_2048_cpu_repeat00,7,neural_policy,output_average,hooked_step_total,0.017769120982848108
toy4,neural_output_average,tensor_batched,tensor_batched,cpu,2048,10,1,0,0,3,toy4_gpu_core_neural_output_average_tensor_batched_2048_cpu_repeat00,7,neural_policy,output_average,aggregate_row,0.1352756239939481
toy4,neural_output_average,tensor_batched,tensor_batched,cpu,2048,10,1,0,0,3,toy4_gpu_core_neural_output_average_tensor_batched_2048_cpu_repeat00,7,neural_policy,output_average,write_aggregate,8.131400682032108e-05
toy4,neural_output_average,tensor_batched,tensor_batched,cpu,2048,10,1,0,0,3,toy4_gpu_core_neural_output_average_tensor_batched_2048_cpu_repeat00,8,neural_policy,output_average,sample_revision_mask,2.9706046916544437e-05
toy4,neural_output_average,tensor_batched,tensor_batched,cpu,2048,10,1,0,0,3,toy4_gpu_core_neural_output_average_tensor_batched_2048_cpu_repeat00,8,neural_policy,output_average,build_step_context,8.845934644341469e-06
toy4,neural_output_average,tensor_batched,tensor_batched,cpu,2048,10,1,0,0,3,toy4_gpu_core_neural_output_average_tensor_batched_2048_cpu_repeat00,8,neural_policy,output_average,build_observations,0.0006829079939052463
toy4,neural_output_average,tensor_batched,tensor_batched,cpu,2048,10,1,0,0,3,toy4_gpu_core_neural_output_average_tensor_batched_2048_cpu_repeat00,8,neural_policy,output_average,policy_readout,0.0012793110217899084
toy4,neural_output_average,tensor_batched,tensor_batched,cpu,2048,10,1,0,0,3,toy4_gpu_core_neural_output_average_tensor_batched_2048_cpu_repeat00,8,neural_policy,output_average,decision_selection,0.0016921049682423472
toy4,neural_output_average,tensor_batched,tensor_batched,cpu,2048,10,1,0,0,3,toy4_gpu_core_neural_output_average_tensor_batched_2048_cpu_repeat00,8,neural_policy,output_average,local_trainable_parameters,0.0004445349331945181
toy4,neural_output_average,tensor_batched,tensor_batched,cpu,2048,10,1,0,0,3,toy4_gpu_core_neural_output_average_tensor_batched_2048_cpu_repeat00,8,neural_policy,output_average,local_loss_forward,0.0009550240356475115
toy4,neural_output_average,tensor_batched,tensor_batched,cpu,2048,10,1,0,0,3,toy4_gpu_core_neural_output_average_tensor_batched_2048_cpu_repeat00,8,neural_policy,output_average,local_autograd_grad,0.001164873014204204
toy4,neural_output_average,tensor_batched,tensor_batched,cpu,2048,10,1,0,0,3,toy4_gpu_core_neural_output_average_tensor_batched_2048_cpu_repeat00,8,neural_policy,output_average,local_adam_update,0.0026442839298397303
toy4,neural_output_average,tensor_batched,tensor_batched,cpu,2048,10,1,0,0,3,toy4_gpu_core_neural_output_average_tensor_batched_2048_cpu_repeat00,8,neural_policy,output_average,local_optimizer_update,0.003927111974917352
toy4,neural_output_average,tensor_batched,tensor_batched,cpu,2048,10,1,0,0,3,toy4_gpu_core_neural_output_average_tensor_batched_2048_cpu_repeat00,8,neural_policy,output_average,local_loss_update,0.004899438936263323
toy4,neural_output_average,tensor_batched,tensor_batched,cpu,2048,10,1,0,0,3,toy4_gpu_core_neural_output_average_tensor_batched_2048_cpu_repeat00,8,neural_policy,output_average,local_training,0.0053928770357742906
toy4,neural_output_average,tensor_batched,tensor_batched,cpu,2048,10,1,0,0,3,toy4_gpu_core_neural_output_average_tensor_batched_2048_cpu_repeat00,8,neural_policy,output_average,cache_refresh,4.358007572591305e-06
toy4,neural_output_average,tensor_batched,tensor_batched,cpu,2048,10,1,0,0,3,toy4_gpu_core_neural_output_average_tensor_batched_2048_cpu_repeat00,8,neural_policy,output_average,post_local_readout,0.00042142008896917105
toy4,neural_output_average,tensor_batched,tensor_batched,cpu,2048,10,1,0,0,3,toy4_gpu_core_neural_output_average_tensor_batched_2048_cpu_repeat00,8,neural_policy,output_average,local_step,0.010325598064810038
toy4,neural_output_average,tensor_batched,tensor_batched,cpu,2048,10,1,0,0,3,toy4_gpu_core_neural_output_average_tensor_batched_2048_cpu_repeat00,8,neural_policy,output_average,select_peers,9.704404510557652e-05
toy4,neural_output_average,tensor_batched,tensor_batched,cpu,2048,10,1,0,0,3,toy4_gpu_core_neural_output_average_tensor_batched_2048_cpu_repeat00,8,neural_policy,output_average,social_mix,0.00118915899656713
toy4,neural_output_average,tensor_batched,tensor_batched,cpu,2048,10,1,0,0,3,toy4_gpu_core_neural_output_average_tensor_batched_2048_cpu_repeat00,8,neural_policy,output_average,social_loss_forward,0.0009577400051057339
toy4,neural_output_average,tensor_batched,tensor_batched,cpu,2048,10,1,0,0,3,toy4_gpu_core_neural_output_average_tensor_batched_2048_cpu_repeat00,8,neural_policy,output_average,social_autograd_grad,0.00094840198289603
toy4,neural_output_average,tensor_batched,tensor_batched,cpu,2048,10,1,0,0,3,toy4_gpu_core_neural_output_average_tensor_batched_2048_cpu_repeat00,8,neural_policy,output_average,social_adam_update,0.0026100289542227983
toy4,neural_output_average,tensor_batched,tensor_batched,cpu,2048,10,1,0,0,3,toy4_gpu_core_neural_output_average_tensor_batched_2048_cpu_repeat00,8,neural_policy,output_average,social_optimizer_update,0.004830667981877923
toy4,neural_output_average,tensor_batched,tensor_batched,cpu,2048,10,1,0,0,3,toy4_gpu_core_neural_output_average_tensor_batched_2048_cpu_repeat00,8,neural_policy,output_average,social_distillation,0.008243052056059241
toy4,neural_output_average,tensor_batched,tensor_batched,cpu,2048,10,1,0,0,3,toy4_gpu_core_neural_output_average_tensor_batched_2048_cpu_repeat00,8,neural_policy,output_average,social_step,0.008256979053840041
toy4,neural_output_average,tensor_batched,tensor_batched,cpu,2048,10,1,0,0,3,toy4_gpu_core_neural_output_average_tensor_batched_2048_cpu_repeat00,8,neural_policy,output_average,sample_actions,1.5529803931713104e-06
toy4,neural_output_average,tensor_batched,tensor_batched,cpu,2048,10,1,0,0,3,toy4_gpu_core_neural_output_average_tensor_batched_2048_cpu_repeat00,8,neural_policy,output_average,commit_actions,5.990965291857719e-06
toy4,neural_output_average,tensor_batched,tensor_batched,cpu,2048,10,1,0,0,3,toy4_gpu_core_neural_output_average_tensor_batched_2048_cpu_repeat00,8,neural_policy,output_average,post_step_state_policy,4.58169961348176e-05
toy4,neural_output_average,tensor_batched,tensor_batched,cpu,2048,10,1,0,0,3,toy4_gpu_core_neural_output_average_tensor_batched_2048_cpu_repeat00,8,neural_policy,output_average,update_payoff_ema,7.044302765280008e-05
toy4,neural_output_average,tensor_batched,tensor_batched,cpu,2048,10,1,0,0,3,toy4_gpu_core_neural_output_average_tensor_batched_2048_cpu_repeat00,8,neural_policy,output_average,update_reputation_ema,3.943499177694321e-05
toy4,neural_output_average,tensor_batched,tensor_batched,cpu,2048,10,1,0,0,3,toy4_gpu_core_neural_output_average_tensor_batched_2048_cpu_repeat00,8,neural_policy,output_average,mobility_swaps,4.23709861934185e-05
toy4,neural_output_average,tensor_batched,tensor_batched,cpu,2048,10,1,0,0,3,toy4_gpu_core_neural_output_average_tensor_batched_2048_cpu_repeat00,8,neural_policy,output_average,finalize_hook_step,1.2714066542685032e-05
toy4,neural_output_average,tensor_batched,tensor_batched,cpu,2048,10,1,0,0,3,toy4_gpu_core_neural_output_average_tensor_batched_2048_cpu_repeat00,8,neural_policy,output_average,hooked_step_total,0.0200327419443056
toy4,neural_output_average,tensor_batched,tensor_batched,cpu,2048,10,1,0,0,3,toy4_gpu_core_neural_output_average_tensor_batched_2048_cpu_repeat00,8,neural_policy,output_average,aggregate_row,0.14982917509041727
toy4,neural_output_average,tensor_batched,tensor_batched,cpu,2048,10,1,0,0,3,toy4_gpu_core_neural_output_average_tensor_batched_2048_cpu_repeat00,8,neural_policy,output_average,write_aggregate,8.109398186206818e-05
toy4,neural_output_average,tensor_batched,tensor_batched,cpu,2048,10,1,0,0,3,toy4_gpu_core_neural_output_average_tensor_batched_2048_cpu_repeat00,9,neural_policy,output_average,sample_revision_mask,3.2551935873925686e-05
toy4,neural_output_average,tensor_batched,tensor_batched,cpu,2048,10,1,0,0,3,toy4_gpu_core_neural_output_average_tensor_batched_2048_cpu_repeat00,9,neural_policy,output_average,build_step_context,9.589013643562794e-06
toy4,neural_output_average,tensor_batched,tensor_batched,cpu,2048,10,1,0,0,3,toy4_gpu_core_neural_output_average_tensor_batched_2048_cpu_repeat00,9,neural_policy,output_average,build_observations,0.0006139259785413742
toy4,neural_output_average,tensor_batched,tensor_batched,cpu,2048,10,1,0,0,3,toy4_gpu_core_neural_output_average_tensor_batched_2048_cpu_repeat00,9,neural_policy,output_average,policy_readout,0.001183960004709661
toy4,neural_output_average,tensor_batched,tensor_batched,cpu,2048,10,1,0,0,3,toy4_gpu_core_neural_output_average_tensor_batched_2048_cpu_repeat00,9,neural_policy,output_average,decision_selection,0.0017303370404988527
toy4,neural_output_average,tensor_batched,tensor_batched,cpu,2048,10,1,0,0,3,toy4_gpu_core_neural_output_average_tensor_batched_2048_cpu_repeat00,9,neural_policy,output_average,local_trainable_parameters,0.0005039579700678587
toy4,neural_output_average,tensor_batched,tensor_batched,cpu,2048,10,1,0,0,3,toy4_gpu_core_neural_output_average_tensor_batched_2048_cpu_repeat00,9,neural_policy,output_average,local_loss_forward,0.0008591529913246632
toy4,neural_output_average,tensor_batched,tensor_batched,cpu,2048,10,1,0,0,3,toy4_gpu_core_neural_output_average_tensor_batched_2048_cpu_repeat00,9,neural_policy,output_average,local_autograd_grad,0.0010716660181060433
toy4,neural_output_average,tensor_batched,tensor_batched,cpu,2048,10,1,0,0,3,toy4_gpu_core_neural_output_average_tensor_batched_2048_cpu_repeat00,9,neural_policy,output_average,local_adam_update,0.002932442002929747
toy4,neural_output_average,tensor_batched,tensor_batched,cpu,2048,10,1,0,0,3,toy4_gpu_core_neural_output_average_tensor_batched_2048_cpu_repeat00,9,neural_policy,output_average,local_optimizer_update,0.004089100053533912
toy4,neural_output_average,tensor_batched,tensor_batched,cpu,2048,10,1,0,0,3,toy4_gpu_core_neural_output_average_tensor_batched_2048_cpu_repeat00,9,neural_policy,output_average,local_loss_update,0.004961616941727698
toy4,neural_output_average,tensor_batched,tensor_batched,cpu,2048,10,1,0,0,3,toy4_gpu_core_neural_output_average_tensor_batched_2048_cpu_repeat00,9,neural_policy,output_average,local_training,0.005506212008185685
toy4,neural_output_average,tensor_batched,tensor_batched,cpu,2048,10,1,0,0,3,toy4_gpu_core_neural_output_average_tensor_batched_2048_cpu_repeat00,9,neural_policy,output_average,cache_refresh,3.1960662454366684e-06
toy4,neural_output_average,tensor_batched,tensor_batched,cpu,2048,10,1,0,0,3,toy4_gpu_core_neural_output_average_tensor_batched_2048_cpu_repeat00,9,neural_policy,output_average,post_local_readout,0.00033537799026817083
toy4,neural_output_average,tensor_batched,tensor_batched,cpu,2048,10,1,0,0,3,toy4_gpu_core_neural_output_average_tensor_batched_2048_cpu_repeat00,9,neural_policy,output_average,local_step,0.009946689009666443
toy4,neural_output_average,tensor_batched,tensor_batched,cpu,2048,10,1,0,0,3,toy4_gpu_core_neural_output_average_tensor_batched_2048_cpu_repeat00,9,neural_policy,output_average,select_peers,5.342101212590933e-05
toy4,neural_output_average,tensor_batched,tensor_batched,cpu,2048,10,1,0,0,3,toy4_gpu_core_neural_output_average_tensor_batched_2048_cpu_repeat00,9,neural_policy,output_average,social_mix,0.0005903609562665224
toy4,neural_output_average,tensor_batched,tensor_batched,cpu,2048,10,1,0,0,3,toy4_gpu_core_neural_output_average_tensor_batched_2048_cpu_repeat00,9,neural_policy,output_average,social_loss_forward,0.0004778580041602254
toy4,neural_output_average,tensor_batched,tensor_batched,cpu,2048,10,1,0,0,3,toy4_gpu_core_neural_output_average_tensor_batched_2048_cpu_repeat00,9,neural_policy,output_average,social_autograd_grad,0.0006932669784873724
toy4,neural_output_average,tensor_batched,tensor_batched,cpu,2048,10,1,0,0,3,toy4_gpu_core_neural_output_average_tensor_batched_2048_cpu_repeat00,9,neural_policy,output_average,social_adam_update,0.0018415390513837337
toy4,neural_output_average,tensor_batched,tensor_batched,cpu,2048,10,1,0,0,3,toy4_gpu_core_neural_output_average_tensor_batched_2048_cpu_repeat00,9,neural_policy,output_average,social_optimizer_update,0.0031809130450710654
toy4,neural_output_average,tensor_batched,tensor_batched,cpu,2048,10,1,0,0,3,toy4_gpu_core_neural_output_average_tensor_batched_2048_cpu_repeat00,9,neural_policy,output_average,social_distillation,0.00499923899769783
toy4,neural_output_average,tensor_batched,tensor_batched,cpu,2048,10,1,0,0,3,toy4_gpu_core_neural_output_average_tensor_batched_2048_cpu_repeat00,9,neural_policy,output_average,social_step,0.005011992994695902
toy4,neural_output_average,tensor_batched,tensor_batched,cpu,2048,10,1,0,0,3,toy4_gpu_core_neural_output_average_tensor_batched_2048_cpu_repeat00,9,neural_policy,output_average,sample_actions,1.6029225662350655e-06
toy4,neural_output_average,tensor_batched,tensor_batched,cpu,2048,10,1,0,0,3,toy4_gpu_core_neural_output_average_tensor_batched_2048_cpu_repeat00,9,neural_policy,output_average,commit_actions,3.898050636053085e-06
toy4,neural_output_average,tensor_batched,tensor_batched,cpu,2048,10,1,0,0,3,toy4_gpu_core_neural_output_average_tensor_batched_2048_cpu_repeat00,9,neural_policy,output_average,post_step_state_policy,3.684998955577612e-05
toy4,neural_output_average,tensor_batched,tensor_batched,cpu,2048,10,1,0,0,3,toy4_gpu_core_neural_output_average_tensor_batched_2048_cpu_repeat00,9,neural_policy,output_average,update_payoff_ema,3.5717966966331005e-05
toy4,neural_output_average,tensor_batched,tensor_batched,cpu,2048,10,1,0,0,3,toy4_gpu_core_neural_output_average_tensor_batched_2048_cpu_repeat00,9,neural_policy,output_average,update_reputation_ema,2.4546985514461994e-05
toy4,neural_output_average,tensor_batched,tensor_batched,cpu,2048,10,1,0,0,3,toy4_gpu_core_neural_output_average_tensor_batched_2048_cpu_repeat00,9,neural_policy,output_average,mobility_swaps,2.4595996364951134e-05
toy4,neural_output_average,tensor_batched,tensor_batched,cpu,2048,10,1,0,0,3,toy4_gpu_core_neural_output_average_tensor_batched_2048_cpu_repeat00,9,neural_policy,output_average,finalize_hook_step,1.1001015082001686e-05
toy4,neural_output_average,tensor_batched,tensor_batched,cpu,2048,10,1,0,0,3,toy4_gpu_core_neural_output_average_tensor_batched_2048_cpu_repeat00,9,neural_policy,output_average,hooked_step_total,0.015874822973273695
toy4,neural_output_average,tensor_batched,tensor_batched,cpu,2048,10,1,0,0,3,toy4_gpu_core_neural_output_average_tensor_batched_2048_cpu_repeat00,9,neural_policy,output_average,aggregate_row,0.15274598798714578
toy4,neural_output_average,tensor_batched,tensor_batched,cpu,2048,10,1,0,0,3,toy4_gpu_core_neural_output_average_tensor_batched_2048_cpu_repeat00,9,neural_policy,output_average,write_aggregate,0.00010038097389042377
toy4,neural_output_average,tensor_batched,tensor_batched,cpu,2048,10,1,0,0,3,toy4_gpu_core_neural_output_average_tensor_batched_2048_cpu_repeat00,10,neural_policy,output_average,sample_revision_mask,4.277203697711229e-05
toy4,neural_output_average,tensor_batched,tensor_batched,cpu,2048,10,1,0,0,3,toy4_gpu_core_neural_output_average_tensor_batched_2048_cpu_repeat00,10,neural_policy,output_average,build_step_context,1.1262018233537674e-05
toy4,neural_output_average,tensor_batched,tensor_batched,cpu,2048,10,1,0,0,3,toy4_gpu_core_neural_output_average_tensor_batched_2048_cpu_repeat00,10,neural_policy,output_average,build_observations,0.0006500150775536895
toy4,neural_output_average,tensor_batched,tensor_batched,cpu,2048,10,1,0,0,3,toy4_gpu_core_neural_output_average_tensor_batched_2048_cpu_repeat00,10,neural_policy,output_average,policy_readout,0.0011273419950157404
toy4,neural_output_average,tensor_batched,tensor_batched,cpu,2048,10,1,0,0,3,toy4_gpu_core_neural_output_average_tensor_batched_2048_cpu_repeat00,10,neural_policy,output_average,decision_selection,0.0016461180057376623
toy4,neural_output_average,tensor_batched,tensor_batched,cpu,2048,10,1,0,0,3,toy4_gpu_core_neural_output_average_tensor_batched_2048_cpu_repeat00,10,neural_policy,output_average,local_trainable_parameters,0.0003350459737703204
toy4,neural_output_average,tensor_batched,tensor_batched,cpu,2048,10,1,0,0,3,toy4_gpu_core_neural_output_average_tensor_batched_2048_cpu_repeat00,10,neural_policy,output_average,local_loss_forward,0.0012695420300588012
toy4,neural_output_average,tensor_batched,tensor_batched,cpu,2048,10,1,0,0,3,toy4_gpu_core_neural_output_average_tensor_batched_2048_cpu_repeat00,10,neural_policy,output_average,local_autograd_grad,0.0011141570284962654
toy4,neural_output_average,tensor_batched,tensor_batched,cpu,2048,10,1,0,0,3,toy4_gpu_core_neural_output_average_tensor_batched_2048_cpu_repeat00,10,neural_policy,output_average,local_adam_update,0.0030340049415826797
toy4,neural_output_average,tensor_batched,tensor_batched,cpu,2048,10,1,0,0,3,toy4_gpu_core_neural_output_average_tensor_batched_2048_cpu_repeat00,10,neural_policy,output_average,local_optimizer_update,0.004251878010109067
toy4,neural_output_average,tensor_batched,tensor_batched,cpu,2048,10,1,0,0,3,toy4_gpu_core_neural_output_average_tensor_batched_2048_cpu_repeat00,10,neural_policy,output_average,local_loss_update,0.0055434430250898
toy4,neural_output_average,tensor_batched,tensor_batched,cpu,2048,10,1,0,0,3,toy4_gpu_core_neural_output_average_tensor_batched_2048_cpu_repeat00,10,neural_policy,output_average,local_training,0.00591759302187711
toy4,neural_output_average,tensor_batched,tensor_batched,cpu,2048,10,1,0,0,3,toy4_gpu_core_neural_output_average_tensor_batched_2048_cpu_repeat00,10,neural_policy,output_average,cache_refresh,2.1739397197961807e-06
toy4,neural_output_average,tensor_batched,tensor_batched,cpu,2048,10,1,0,0,3,toy4_gpu_core_neural_output_average_tensor_batched_2048_cpu_repeat00,10,neural_policy,output_average,post_local_readout,0.00033268192782998085
toy4,neural_output_average,tensor_batched,tensor_batched,cpu,2048,10,1,0,0,3,toy4_gpu_core_neural_output_average_tensor_batched_2048_cpu_repeat00,10,neural_policy,output_average,local_step,0.010264361975714564
toy4,neural_output_average,tensor_batched,tensor_batched,cpu,2048,10,1,0,0,3,toy4_gpu_core_neural_output_average_tensor_batched_2048_cpu_repeat00,10,neural_policy,output_average,select_peers,5.4282951168715954e-05
toy4,neural_output_average,tensor_batched,tensor_batched,cpu,2048,10,1,0,0,3,toy4_gpu_core_neural_output_average_tensor_batched_2048_cpu_repeat00,10,neural_policy,output_average,social_mix,0.00039439008105546236
toy4,neural_output_average,tensor_batched,tensor_batched,cpu,2048,10,1,0,0,3,toy4_gpu_core_neural_output_average_tensor_batched_2048_cpu_repeat00,10,neural_policy,output_average,social_loss_forward,0.0003132550045847893
toy4,neural_output_average,tensor_batched,tensor_batched,cpu,2048,10,1,0,0,3,toy4_gpu_core_neural_output_average_tensor_batched_2048_cpu_repeat00,10,neural_policy,output_average,social_autograd_grad,0.000876554986461997
toy4,neural_output_average,tensor_batched,tensor_batched,cpu,2048,10,1,0,0,3,toy4_gpu_core_neural_output_average_tensor_batched_2048_cpu_repeat00,10,neural_policy,output_average,social_adam_update,0.001663621049374342
toy4,neural_output_average,tensor_batched,tensor_batched,cpu,2048,10,1,0,0,3,toy4_gpu_core_neural_output_average_tensor_batched_2048_cpu_repeat00,10,neural_policy,output_average,social_optimizer_update,0.002986393985338509
toy4,neural_output_average,tensor_batched,tensor_batched,cpu,2048,10,1,0,0,3,toy4_gpu_core_neural_output_average_tensor_batched_2048_cpu_repeat00,10,neural_policy,output_average,social_distillation,0.004321390995755792
toy4,neural_output_average,tensor_batched,tensor_batched,cpu,2048,10,1,0,0,3,toy4_gpu_core_neural_output_average_tensor_batched_2048_cpu_repeat00,10,neural_policy,output_average,social_step,0.00433222099673003
toy4,neural_output_average,tensor_batched,tensor_batched,cpu,2048,10,1,0,0,3,toy4_gpu_core_neural_output_average_tensor_batched_2048_cpu_repeat00,10,neural_policy,output_average,sample_actions,7.810303941369057e-07
toy4,neural_output_average,tensor_batched,tensor_batched,cpu,2048,10,1,0,0,3,toy4_gpu_core_neural_output_average_tensor_batched_2048_cpu_repeat00,10,neural_policy,output_average,commit_actions,5.41098415851593e-06
toy4,neural_output_average,tensor_batched,tensor_batched,cpu,2048,10,1,0,0,3,toy4_gpu_core_neural_output_average_tensor_batched_2048_cpu_repeat00,10,neural_policy,output_average,post_step_state_policy,2.5879009626805782e-05
toy4,neural_output_average,tensor_batched,tensor_batched,cpu,2048,10,1,0,0,3,toy4_gpu_core_neural_output_average_tensor_batched_2048_cpu_repeat00,10,neural_policy,output_average,update_payoff_ema,2.631999086588621e-05
toy4,neural_output_average,tensor_batched,tensor_batched,cpu,2048,10,1,0,0,3,toy4_gpu_core_neural_output_average_tensor_batched_2048_cpu_repeat00,10,neural_policy,output_average,update_reputation_ema,1.666101161390543e-05
toy4,neural_output_average,tensor_batched,tensor_batched,cpu,2048,10,1,0,0,3,toy4_gpu_core_neural_output_average_tensor_batched_2048_cpu_repeat00,10,neural_policy,output_average,mobility_swaps,1.8474995158612728e-05
toy4,neural_output_average,tensor_batched,tensor_batched,cpu,2048,10,1,0,0,3,toy4_gpu_core_neural_output_average_tensor_batched_2048_cpu_repeat00,10,neural_policy,output_average,finalize_hook_step,8.99704173207283e-06
toy4,neural_output_average,tensor_batched,tensor_batched,cpu,2048,10,1,0,0,3,toy4_gpu_core_neural_output_average_tensor_batched_2048_cpu_repeat00,10,neural_policy,output_average,hooked_step_total,0.015339965932071209
toy4,neural_output_average,tensor_batched,tensor_batched,cpu,2048,10,1,0,0,3,toy4_gpu_core_neural_output_average_tensor_batched_2048_cpu_repeat00,10,neural_policy,output_average,aggregate_row,0.172420529066585
toy4,neural_output_average,tensor_batched,tensor_batched,cpu,2048,10,1,0,0,3,toy4_gpu_core_neural_output_average_tensor_batched_2048_cpu_repeat00,10,neural_policy,output_average,write_aggregate,9.56919975578785e-05
toy4,neural_output_average,tensor_batched,tensor_batched,cpu,2048,10,1,1,0,3,toy4_gpu_core_neural_output_average_tensor_batched_2048_cpu_repeat01,0,neural_policy,output_average,make_run_dir,0.0001915539614856243
toy4,neural_output_average,tensor_batched,tensor_batched,cpu,2048,10,1,1,0,3,toy4_gpu_core_neural_output_average_tensor_batched_2048_cpu_repeat01,0,neural_policy,output_average,write_metadata,0.00212651991751045
toy4,neural_output_average,tensor_batched,tensor_batched,cpu,2048,10,1,1,0,3,toy4_gpu_core_neural_output_average_tensor_batched_2048_cpu_repeat01,0,neural_policy,output_average,initial_state,1.0895378469722345
toy4,neural_output_average,tensor_batched,tensor_batched,cpu,2048,10,1,1,0,3,toy4_gpu_core_neural_output_average_tensor_batched_2048_cpu_repeat01,0,neural_policy,output_average,writer_setup,0.001724596950225532
toy4,neural_output_average,tensor_batched,tensor_batched,cpu,2048,10,1,1,0,3,toy4_gpu_core_neural_output_average_tensor_batched_2048_cpu_repeat01,0,neural_policy,output_average,initial_step_result,0.006257890956476331
toy4,neural_output_average,tensor_batched,tensor_batched,cpu,2048,10,1,1,0,3,toy4_gpu_core_neural_output_average_tensor_batched_2048_cpu_repeat01,0,neural_policy,output_average,initial_aggregate_row,0.1335457069799304
toy4,neural_output_average,tensor_batched,tensor_batched,cpu,2048,10,1,1,0,3,toy4_gpu_core_neural_output_average_tensor_batched_2048_cpu_repeat01,0,neural_policy,output_average,write_initial_aggregate,7.216690573841333e-05
toy4,neural_output_average,tensor_batched,tensor_batched,cpu,2048,10,1,1,0,3,toy4_gpu_core_neural_output_average_tensor_batched_2048_cpu_repeat01,1,neural_policy,output_average,sample_revision_mask,2.4286098778247833e-05
toy4,neural_output_average,tensor_batched,tensor_batched,cpu,2048,10,1,1,0,3,toy4_gpu_core_neural_output_average_tensor_batched_2048_cpu_repeat01,1,neural_policy,output_average,build_step_context,1.0099029168486595e-05
toy4,neural_output_average,tensor_batched,tensor_batched,cpu,2048,10,1,1,0,3,toy4_gpu_core_neural_output_average_tensor_batched_2048_cpu_repeat01,1,neural_policy,output_average,build_observations,0.00053293292876333
toy4,neural_output_average,tensor_batched,tensor_batched,cpu,2048,10,1,1,0,3,toy4_gpu_core_neural_output_average_tensor_batched_2048_cpu_repeat01,1,neural_policy,output_average,policy_readout,0.0009139770409092307
toy4,neural_output_average,tensor_batched,tensor_batched,cpu,2048,10,1,1,0,3,toy4_gpu_core_neural_output_average_tensor_batched_2048_cpu_repeat01,1,neural_policy,output_average,decision_selection,0.002242711023427546
toy4,neural_output_average,tensor_batched,tensor_batched,cpu,2048,10,1,1,0,3,toy4_gpu_core_neural_output_average_tensor_batched_2048_cpu_repeat01,1,neural_policy,output_average,local_trainable_parameters,0.000532723031938076
toy4,neural_output_average,tensor_batched,tensor_batched,cpu,2048,10,1,1,0,3,toy4_gpu_core_neural_output_average_tensor_batched_2048_cpu_repeat01,1,neural_policy,output_average,local_loss_forward,0.0010647630551829934
toy4,neural_output_average,tensor_batched,tensor_batched,cpu,2048,10,1,1,0,3,toy4_gpu_core_neural_output_average_tensor_batched_2048_cpu_repeat01,1,neural_policy,output_average,local_autograd_grad,0.0016310190549120307
toy4,neural_output_average,tensor_batched,tensor_batched,cpu,2048,10,1,1,0,3,toy4_gpu_core_neural_output_average_tensor_batched_2048_cpu_repeat01,1,neural_policy,output_average,local_adam_update,0.005929977050982416
toy4,neural_output_average,tensor_batched,tensor_batched,cpu,2048,10,1,1,0,3,toy4_gpu_core_neural_output_average_tensor_batched_2048_cpu_repeat01,1,neural_policy,output_average,local_optimizer_update,0.007716911961324513
toy4,neural_output_average,tensor_batched,tensor_batched,cpu,2048,10,1,1,0,3,toy4_gpu_core_neural_output_average_tensor_batched_2048_cpu_repeat01,1,neural_policy,output_average,local_loss_update,0.008797765942290425
toy4,neural_output_average,tensor_batched,tensor_batched,cpu,2048,10,1,1,0,3,toy4_gpu_core_neural_output_average_tensor_batched_2048_cpu_repeat01,1,neural_policy,output_average,local_training,0.009377466980367899
toy4,neural_output_average,tensor_batched,tensor_batched,cpu,2048,10,1,1,0,3,toy4_gpu_core_neural_output_average_tensor_batched_2048_cpu_repeat01,1,neural_policy,output_average,cache_refresh,5.349982529878616e-06
toy4,neural_output_average,tensor_batched,tensor_batched,cpu,2048,10,1,1,0,3,toy4_gpu_core_neural_output_average_tensor_batched_2048_cpu_repeat01,1,neural_policy,output_average,post_local_readout,0.0005094980588182807
toy4,neural_output_average,tensor_batched,tensor_batched,cpu,2048,10,1,1,0,3,toy4_gpu_core_neural_output_average_tensor_batched_2048_cpu_repeat01,1,neural_policy,output_average,local_step,0.014557759976014495
toy4,neural_output_average,tensor_batched,tensor_batched,cpu,2048,10,1,1,0,3,toy4_gpu_core_neural_output_average_tensor_batched_2048_cpu_repeat01,1,neural_policy,output_average,select_peers,6.613600999116898e-05
toy4,neural_output_average,tensor_batched,tensor_batched,cpu,2048,10,1,1,0,3,toy4_gpu_core_neural_output_average_tensor_batched_2048_cpu_repeat01,1,neural_policy,output_average,social_mix,0.000552710029296577
toy4,neural_output_average,tensor_batched,tensor_batched,cpu,2048,10,1,1,0,3,toy4_gpu_core_neural_output_average_tensor_batched_2048_cpu_repeat01,1,neural_policy,output_average,social_loss_forward,0.0005577399861067533
toy4,neural_output_average,tensor_batched,tensor_batched,cpu,2048,10,1,1,0,3,toy4_gpu_core_neural_output_average_tensor_batched_2048_cpu_repeat01,1,neural_policy,output_average,social_autograd_grad,0.0009852619841694832
toy4,neural_output_average,tensor_batched,tensor_batched,cpu,2048,10,1,1,0,3,toy4_gpu_core_neural_output_average_tensor_batched_2048_cpu_repeat01,1,neural_policy,output_average,social_adam_update,0.0027538130525499582
toy4,neural_output_average,tensor_batched,tensor_batched,cpu,2048,10,1,1,0,3,toy4_gpu_core_neural_output_average_tensor_batched_2048_cpu_repeat01,1,neural_policy,output_average,social_optimizer_update,0.004429375985637307
toy4,neural_output_average,tensor_batched,tensor_batched,cpu,2048,10,1,1,0,3,toy4_gpu_core_neural_output_average_tensor_batched_2048_cpu_repeat01,1,neural_policy,output_average,social_distillation,0.0063735200092196465
toy4,neural_output_average,tensor_batched,tensor_batched,cpu,2048,10,1,1,0,3,toy4_gpu_core_neural_output_average_tensor_batched_2048_cpu_repeat01,1,neural_policy,output_average,social_step,0.006384580046869814
toy4,neural_output_average,tensor_batched,tensor_batched,cpu,2048,10,1,1,0,3,toy4_gpu_core_neural_output_average_tensor_batched_2048_cpu_repeat01,1,neural_policy,output_average,sample_actions,1.2320233508944511e-06
toy4,neural_output_average,tensor_batched,tensor_batched,cpu,2048,10,1,1,0,3,toy4_gpu_core_neural_output_average_tensor_batched_2048_cpu_repeat01,1,neural_policy,output_average,commit_actions,4.317960701882839e-06
toy4,neural_output_average,tensor_batched,tensor_batched,cpu,2048,10,1,1,0,3,toy4_gpu_core_neural_output_average_tensor_batched_2048_cpu_repeat01,1,neural_policy,output_average,post_step_state_policy,2.744200173765421e-05
toy4,neural_output_average,tensor_batched,tensor_batched,cpu,2048,10,1,1,0,3,toy4_gpu_core_neural_output_average_tensor_batched_2048_cpu_repeat01,1,neural_policy,output_average,update_payoff_ema,3.9255013689398766e-05
toy4,neural_output_average,tensor_batched,tensor_batched,cpu,2048,10,1,1,0,3,toy4_gpu_core_neural_output_average_tensor_batched_2048_cpu_repeat01,1,neural_policy,output_average,update_reputation_ema,2.4685985408723354e-05
toy4,neural_output_average,tensor_batched,tensor_batched,cpu,2048,10,1,1,0,3,toy4_gpu_core_neural_output_average_tensor_batched_2048_cpu_repeat01,1,neural_policy,output_average,mobility_swaps,2.3033935576677322e-05
toy4,neural_output_average,tensor_batched,tensor_batched,cpu,2048,10,1,1,0,3,toy4_gpu_core_neural_output_average_tensor_batched_2048_cpu_repeat01,1,neural_policy,output_average,finalize_hook_step,8.616014383733273e-06
toy4,neural_output_average,tensor_batched,tensor_batched,cpu,2048,10,1,1,0,3,toy4_gpu_core_neural_output_average_tensor_batched_2048_cpu_repeat01,1,neural_policy,output_average,hooked_step_total,0.02188907901290804
toy4,neural_output_average,tensor_batched,tensor_batched,cpu,2048,10,1,1,0,3,toy4_gpu_core_neural_output_average_tensor_batched_2048_cpu_repeat01,1,neural_policy,output_average,aggregate_row,0.12992251303512603
toy4,neural_output_average,tensor_batched,tensor_batched,cpu,2048,10,1,1,0,3,toy4_gpu_core_neural_output_average_tensor_batched_2048_cpu_repeat01,1,neural_policy,output_average,write_aggregate,9.74549911916256e-05
toy4,neural_output_average,tensor_batched,tensor_batched,cpu,2048,10,1,1,0,3,toy4_gpu_core_neural_output_average_tensor_batched_2048_cpu_repeat01,2,neural_policy,output_average,sample_revision_mask,3.09190945699811e-05
toy4,neural_output_average,tensor_batched,tensor_batched,cpu,2048,10,1,1,0,3,toy4_gpu_core_neural_output_average_tensor_batched_2048_cpu_repeat01,2,neural_policy,output_average,build_step_context,1.0540010407567024e-05
toy4,neural_output_average,tensor_batched,tensor_batched,cpu,2048,10,1,1,0,3,toy4_gpu_core_neural_output_average_tensor_batched_2048_cpu_repeat01,2,neural_policy,output_average,build_observations,0.0006198479095473886
toy4,neural_output_average,tensor_batched,tensor_batched,cpu,2048,10,1,1,0,3,toy4_gpu_core_neural_output_average_tensor_batched_2048_cpu_repeat01,2,neural_policy,output_average,policy_readout,0.001062840106897056
toy4,neural_output_average,tensor_batched,tensor_batched,cpu,2048,10,1,1,0,3,toy4_gpu_core_neural_output_average_tensor_batched_2048_cpu_repeat01,2,neural_policy,output_average,decision_selection,0.002344514010474086
toy4,neural_output_average,tensor_batched,tensor_batched,cpu,2048,10,1,1,0,3,toy4_gpu_core_neural_output_average_tensor_batched_2048_cpu_repeat01,2,neural_policy,output_average,local_trainable_parameters,0.00032642995938658714
toy4,neural_output_average,tensor_batched,tensor_batched,cpu,2048,10,1,1,0,3,toy4_gpu_core_neural_output_average_tensor_batched_2048_cpu_repeat01,2,neural_policy,output_average,local_loss_forward,0.000917492900043726
toy4,neural_output_average,tensor_batched,tensor_batched,cpu,2048,10,1,1,0,3,toy4_gpu_core_neural_output_average_tensor_batched_2048_cpu_repeat01,2,neural_policy,output_average,local_autograd_grad,0.0011673879344016314
toy4,neural_output_average,tensor_batched,tensor_batched,cpu,2048,10,1,1,0,3,toy4_gpu_core_neural_output_average_tensor_batched_2048_cpu_repeat01,2,neural_policy,output_average,local_adam_update,0.003122952999547124
toy4,neural_output_average,tensor_batched,tensor_batched,cpu,2048,10,1,1,0,3,toy4_gpu_core_neural_output_average_tensor_batched_2048_cpu_repeat01,2,neural_policy,output_average,local_optimizer_update,0.004396272008307278
toy4,neural_output_average,tensor_batched,tensor_batched,cpu,2048,10,1,1,0,3,toy4_gpu_core_neural_output_average_tensor_batched_2048_cpu_repeat01,2,neural_policy,output_average,local_loss_update,0.005328834056854248
toy4,neural_output_average,tensor_batched,tensor_batched,cpu,2048,10,1,1,0,3,toy4_gpu_core_neural_output_average_tensor_batched_2048_cpu_repeat01,2,neural_policy,output_average,local_training,0.005693256971426308
toy4,neural_output_average,tensor_batched,tensor_batched,cpu,2048,10,1,1,0,3,toy4_gpu_core_neural_output_average_tensor_batched_2048_cpu_repeat01,2,neural_policy,output_average,cache_refresh,2.624932676553726e-06
toy4,neural_output_average,tensor_batched,tensor_batched,cpu,2048,10,1,1,0,3,toy4_gpu_core_neural_output_average_tensor_batched_2048_cpu_repeat01,2,neural_policy,output_average,post_local_readout,0.0004084960091859102
toy4,neural_output_average,tensor_batched,tensor_batched,cpu,2048,10,1,1,0,3,toy4_gpu_core_neural_output_average_tensor_batched_2048_cpu_repeat01,2,neural_policy,output_average,local_step,0.010823404998518527
toy4,neural_output_average,tensor_batched,tensor_batched,cpu,2048,10,1,1,0,3,toy4_gpu_core_neural_output_average_tensor_batched_2048_cpu_repeat01,2,neural_policy,output_average,select_peers,5.863094702363014e-05
toy4,neural_output_average,tensor_batched,tensor_batched,cpu,2048,10,1,1,0,3,toy4_gpu_core_neural_output_average_tensor_batched_2048_cpu_repeat01,2,neural_policy,output_average,social_mix,0.0004862429341301322
toy4,neural_output_average,tensor_batched,tensor_batched,cpu,2048,10,1,1,0,3,toy4_gpu_core_neural_output_average_tensor_batched_2048_cpu_repeat01,2,neural_policy,output_average,social_loss_forward,0.0005904410500079393
toy4,neural_output_average,tensor_batched,tensor_batched,cpu,2048,10,1,1,0,3,toy4_gpu_core_neural_output_average_tensor_batched_2048_cpu_repeat01,2,neural_policy,output_average,social_autograd_grad,0.0009373509092256427
toy4,neural_output_average,tensor_batched,tensor_batched,cpu,2048,10,1,1,0,3,toy4_gpu_core_neural_output_average_tensor_batched_2048_cpu_repeat01,2,neural_policy,output_average,social_adam_update,0.0022065520752221346
toy4,neural_output_average,tensor_batched,tensor_batched,cpu,2048,10,1,1,0,3,toy4_gpu_core_neural_output_average_tensor_batched_2048_cpu_repeat01,2,neural_policy,output_average,social_optimizer_update,0.0037796420510858297
toy4,neural_output_average,tensor_batched,tensor_batched,cpu,2048,10,1,1,0,3,toy4_gpu_core_neural_output_average_tensor_batched_2048_cpu_repeat01,2,neural_policy,output_average,social_distillation,0.0055475609842687845
toy4,neural_output_average,tensor_batched,tensor_batched,cpu,2048,10,1,1,0,3,toy4_gpu_core_neural_output_average_tensor_batched_2048_cpu_repeat01,2,neural_policy,output_average,social_step,0.0055586909875273705
toy4,neural_output_average,tensor_batched,tensor_batched,cpu,2048,10,1,1,0,3,toy4_gpu_core_neural_output_average_tensor_batched_2048_cpu_repeat01,2,neural_policy,output_average,sample_actions,8.919741958379745e-07
toy4,neural_output_average,tensor_batched,tensor_batched,cpu,2048,10,1,1,0,3,toy4_gpu_core_neural_output_average_tensor_batched_2048_cpu_repeat01,2,neural_policy,output_average,commit_actions,3.6170240491628647e-06
toy4,neural_output_average,tensor_batched,tensor_batched,cpu,2048,10,1,1,0,3,toy4_gpu_core_neural_output_average_tensor_batched_2048_cpu_repeat01,2,neural_policy,output_average,post_step_state_policy,2.6550027541816235e-05
toy4,neural_output_average,tensor_batched,tensor_batched,cpu,2048,10,1,1,0,3,toy4_gpu_core_neural_output_average_tensor_batched_2048_cpu_repeat01,2,neural_policy,output_average,update_payoff_ema,3.144994843751192e-05
toy4,neural_output_average,tensor_batched,tensor_batched,cpu,2048,10,1,1,0,3,toy4_gpu_core_neural_output_average_tensor_batched_2048_cpu_repeat01,2,neural_policy,output_average,update_reputation_ema,1.8796068616211414e-05
toy4,neural_output_average,tensor_batched,tensor_batched,cpu,2048,10,1,1,0,3,toy4_gpu_core_neural_output_average_tensor_batched_2048_cpu_repeat01,2,neural_policy,output_average,mobility_swaps,2.1149986423552036e-05
toy4,neural_output_average,tensor_batched,tensor_batched,cpu,2048,10,1,1,0,3,toy4_gpu_core_neural_output_average_tensor_batched_2048_cpu_repeat01,2,neural_policy,output_average,finalize_hook_step,8.626026101410389e-06
toy4,neural_output_average,tensor_batched,tensor_batched,cpu,2048,10,1,1,0,3,toy4_gpu_core_neural_output_average_tensor_batched_2048_cpu_repeat01,2,neural_policy,output_average,hooked_step_total,0.01722446596249938
toy4,neural_output_average,tensor_batched,tensor_batched,cpu,2048,10,1,1,0,3,toy4_gpu_core_neural_output_average_tensor_batched_2048_cpu_repeat01,2,neural_policy,output_average,aggregate_row,0.14783322403673083
toy4,neural_output_average,tensor_batched,tensor_batched,cpu,2048,10,1,1,0,3,toy4_gpu_core_neural_output_average_tensor_batched_2048_cpu_repeat01,2,neural_policy,output_average,write_aggregate,0.00014871207531541586
toy4,neural_output_average,tensor_batched,tensor_batched,cpu,2048,10,1,1,0,3,toy4_gpu_core_neural_output_average_tensor_batched_2048_cpu_repeat01,3,neural_policy,output_average,sample_revision_mask,5.83709916099906e-05
toy4,neural_output_average,tensor_batched,tensor_batched,cpu,2048,10,1,1,0,3,toy4_gpu_core_neural_output_average_tensor_batched_2048_cpu_repeat01,3,neural_policy,output_average,build_step_context,1.285504549741745e-05
toy4,neural_output_average,tensor_batched,tensor_batched,cpu,2048,10,1,1,0,3,toy4_gpu_core_neural_output_average_tensor_batched_2048_cpu_repeat01,3,neural_policy,output_average,build_observations,0.0010029060067608953
toy4,neural_output_average,tensor_batched,tensor_batched,cpu,2048,10,1,1,0,3,toy4_gpu_core_neural_output_average_tensor_batched_2048_cpu_repeat01,3,neural_policy,output_average,policy_readout,0.0013789200456812978
toy4,neural_output_average,tensor_batched,tensor_batched,cpu,2048,10,1,1,0,3,toy4_gpu_core_neural_output_average_tensor_batched_2048_cpu_repeat01,3,neural_policy,output_average,decision_selection,0.0018757750513032079
toy4,neural_output_average,tensor_batched,tensor_batched,cpu,2048,10,1,1,0,3,toy4_gpu_core_neural_output_average_tensor_batched_2048_cpu_repeat01,3,neural_policy,output_average,local_trainable_parameters,0.0007594120688736439
toy4,neural_output_average,tensor_batched,tensor_batched,cpu,2048,10,1,1,0,3,toy4_gpu_core_neural_output_average_tensor_batched_2048_cpu_repeat01,3,neural_policy,output_average,local_loss_forward,0.0013020739424973726
toy4,neural_output_average,tensor_batched,tensor_batched,cpu,2048,10,1,1,0,3,toy4_gpu_core_neural_output_average_tensor_batched_2048_cpu_repeat01,3,neural_policy,output_average,local_autograd_grad,0.0020504359854385257
toy4,neural_output_average,tensor_batched,tensor_batched,cpu,2048,10,1,1,0,3,toy4_gpu_core_neural_output_average_tensor_batched_2048_cpu_repeat01,3,neural_policy,output_average,local_adam_update,0.003020909964106977
toy4,neural_output_average,tensor_batched,tensor_batched,cpu,2048,10,1,1,0,3,toy4_gpu_core_neural_output_average_tensor_batched_2048_cpu_repeat01,3,neural_policy,output_average,local_optimizer_update,0.005198576953262091
toy4,neural_output_average,tensor_batched,tensor_batched,cpu,2048,10,1,1,0,3,toy4_gpu_core_neural_output_average_tensor_batched_2048_cpu_repeat01,3,neural_policy,output_average,local_loss_update,0.006521150004118681
toy4,neural_output_average,tensor_batched,tensor_batched,cpu,2048,10,1,1,0,3,toy4_gpu_core_neural_output_average_tensor_batched_2048_cpu_repeat01,3,neural_policy,output_average,local_training,0.007330617983825505
toy4,neural_output_average,tensor_batched,tensor_batched,cpu,2048,10,1,1,0,3,toy4_gpu_core_neural_output_average_tensor_batched_2048_cpu_repeat01,3,neural_policy,output_average,cache_refresh,8.555944077670574e-06
toy4,neural_output_average,tensor_batched,tensor_batched,cpu,2048,10,1,1,0,3,toy4_gpu_core_neural_output_average_tensor_batched_2048_cpu_repeat01,3,neural_policy,output_average,post_local_readout,0.0007514379685744643
toy4,neural_output_average,tensor_batched,tensor_batched,cpu,2048,10,1,1,0,3,toy4_gpu_core_neural_output_average_tensor_batched_2048_cpu_repeat01,3,neural_policy,output_average,local_step,0.01351906603667885
toy4,neural_output_average,tensor_batched,tensor_batched,cpu,2048,10,1,1,0,3,toy4_gpu_core_neural_output_average_tensor_batched_2048_cpu_repeat01,3,neural_policy,output_average,select_peers,8.433102630078793e-05
toy4,neural_output_average,tensor_batched,tensor_batched,cpu,2048,10,1,1,0,3,toy4_gpu_core_neural_output_average_tensor_batched_2048_cpu_repeat01,3,neural_policy,output_average,social_mix,0.000531970988959074
toy4,neural_output_average,tensor_batched,tensor_batched,cpu,2048,10,1,1,0,3,toy4_gpu_core_neural_output_average_tensor_batched_2048_cpu_repeat01,3,neural_policy,output_average,social_loss_forward,0.0004925159737467766
toy4,neural_output_average,tensor_batched,tensor_batched,cpu,2048,10,1,1,0,3,toy4_gpu_core_neural_output_average_tensor_batched_2048_cpu_repeat01,3,neural_policy,output_average,social_autograd_grad,0.0008061520056799054
toy4,neural_output_average,tensor_batched,tensor_batched,cpu,2048,10,1,1,0,3,toy4_gpu_core_neural_output_average_tensor_batched_2048_cpu_repeat01,3,neural_policy,output_average,social_adam_update,0.0011926860315725207
toy4,neural_output_average,tensor_batched,tensor_batched,cpu,2048,10,1,1,0,3,toy4_gpu_core_neural_output_average_tensor_batched_2048_cpu_repeat01,3,neural_policy,output_average,social_optimizer_update,0.002479531103745103
toy4,neural_output_average,tensor_batched,tensor_batched,cpu,2048,10,1,1,0,3,toy4_gpu_core_neural_output_average_tensor_batched_2048_cpu_repeat01,3,neural_policy,output_average,social_distillation,0.004212282947264612
toy4,neural_output_average,tensor_batched,tensor_batched,cpu,2048,10,1,1,0,3,toy4_gpu_core_neural_output_average_tensor_batched_2048_cpu_repeat01,3,neural_policy,output_average,social_step,0.004227261990308762
toy4,neural_output_average,tensor_batched,tensor_batched,cpu,2048,10,1,1,0,3,toy4_gpu_core_neural_output_average_tensor_batched_2048_cpu_repeat01,3,neural_policy,output_average,sample_actions,1.0419171303510666e-06
toy4,neural_output_average,tensor_batched,tensor_batched,cpu,2048,10,1,1,0,3,toy4_gpu_core_neural_output_average_tensor_batched_2048_cpu_repeat01,3,neural_policy,output_average,commit_actions,3.776978701353073e-06
toy4,neural_output_average,tensor_batched,tensor_batched,cpu,2048,10,1,1,0,3,toy4_gpu_core_neural_output_average_tensor_batched_2048_cpu_repeat01,3,neural_policy,output_average,post_step_state_policy,3.873300738632679e-05
toy4,neural_output_average,tensor_batched,tensor_batched,cpu,2048,10,1,1,0,3,toy4_gpu_core_neural_output_average_tensor_batched_2048_cpu_repeat01,3,neural_policy,output_average,update_payoff_ema,4.893296863883734e-05
toy4,neural_output_average,tensor_batched,tensor_batched,cpu,2048,10,1,1,0,3,toy4_gpu_core_neural_output_average_tensor_batched_2048_cpu_repeat01,3,neural_policy,output_average,update_reputation_ema,2.1821935661137104e-05
toy4,neural_output_average,tensor_batched,tensor_batched,cpu,2048,10,1,1,0,3,toy4_gpu_core_neural_output_average_tensor_batched_2048_cpu_repeat01,3,neural_policy,output_average,mobility_swaps,2.1690968424081802e-05
toy4,neural_output_average,tensor_batched,tensor_batched,cpu,2048,10,1,1,0,3,toy4_gpu_core_neural_output_average_tensor_batched_2048_cpu_repeat01,3,neural_policy,output_average,finalize_hook_step,1.0209041647613049e-05
toy4,neural_output_average,tensor_batched,tensor_batched,cpu,2048,10,1,1,0,3,toy4_gpu_core_neural_output_average_tensor_batched_2048_cpu_repeat01,3,neural_policy,output_average,hooked_step_total,0.018812263035215437
toy4,neural_output_average,tensor_batched,tensor_batched,cpu,2048,10,1,1,0,3,toy4_gpu_core_neural_output_average_tensor_batched_2048_cpu_repeat01,3,neural_policy,output_average,aggregate_row,0.1320043089799583
toy4,neural_output_average,tensor_batched,tensor_batched,cpu,2048,10,1,1,0,3,toy4_gpu_core_neural_output_average_tensor_batched_2048_cpu_repeat01,3,neural_policy,output_average,write_aggregate,9.508104994893074e-05
toy4,neural_output_average,tensor_batched,tensor_batched,cpu,2048,10,1,1,0,3,toy4_gpu_core_neural_output_average_tensor_batched_2048_cpu_repeat01,4,neural_policy,output_average,sample_revision_mask,4.124792758375406e-05
toy4,neural_output_average,tensor_batched,tensor_batched,cpu,2048,10,1,1,0,3,toy4_gpu_core_neural_output_average_tensor_batched_2048_cpu_repeat01,4,neural_policy,output_average,build_step_context,1.2203003279864788e-05
toy4,neural_output_average,tensor_batched,tensor_batched,cpu,2048,10,1,1,0,3,toy4_gpu_core_neural_output_average_tensor_batched_2048_cpu_repeat01,4,neural_policy,output_average,build_observations,0.0008214110275730491
toy4,neural_output_average,tensor_batched,tensor_batched,cpu,2048,10,1,1,0,3,toy4_gpu_core_neural_output_average_tensor_batched_2048_cpu_repeat01,4,neural_policy,output_average,policy_readout,0.0012204289669170976
toy4,neural_output_average,tensor_batched,tensor_batched,cpu,2048,10,1,1,0,3,toy4_gpu_core_neural_output_average_tensor_batched_2048_cpu_repeat01,4,neural_policy,output_average,decision_selection,0.0016966639086604118
toy4,neural_output_average,tensor_batched,tensor_batched,cpu,2048,10,1,1,0,3,toy4_gpu_core_neural_output_average_tensor_batched_2048_cpu_repeat01,4,neural_policy,output_average,local_trainable_parameters,0.00029130291659384966
toy4,neural_output_average,tensor_batched,tensor_batched,cpu,2048,10,1,1,0,3,toy4_gpu_core_neural_output_average_tensor_batched_2048_cpu_repeat01,4,neural_policy,output_average,local_loss_forward,0.0009200980421155691
toy4,neural_output_average,tensor_batched,tensor_batched,cpu,2048,10,1,1,0,3,toy4_gpu_core_neural_output_average_tensor_batched_2048_cpu_repeat01,4,neural_policy,output_average,local_autograd_grad,0.0011068129679188132
toy4,neural_output_average,tensor_batched,tensor_batched,cpu,2048,10,1,1,0,3,toy4_gpu_core_neural_output_average_tensor_batched_2048_cpu_repeat01,4,neural_policy,output_average,local_adam_update,0.002574590966105461
toy4,neural_output_average,tensor_batched,tensor_batched,cpu,2048,10,1,1,0,3,toy4_gpu_core_neural_output_average_tensor_batched_2048_cpu_repeat01,4,neural_policy,output_average,local_optimizer_update,0.0037608459824696183
toy4,neural_output_average,tensor_batched,tensor_batched,cpu,2048,10,1,1,0,3,toy4_gpu_core_neural_output_average_tensor_batched_2048_cpu_repeat01,4,neural_policy,output_average,local_loss_update,0.004697213997133076
toy4,neural_output_average,tensor_batched,tensor_batched,cpu,2048,10,1,1,0,3,toy4_gpu_core_neural_output_average_tensor_batched_2048_cpu_repeat01,4,neural_policy,output_average,local_training,0.005022131954319775
toy4,neural_output_average,tensor_batched,tensor_batched,cpu,2048,10,1,1,0,3,toy4_gpu_core_neural_output_average_tensor_batched_2048_cpu_repeat01,4,neural_policy,output_average,cache_refresh,2.2239983081817627e-06
toy4,neural_output_average,tensor_batched,tensor_batched,cpu,2048,10,1,1,0,3,toy4_gpu_core_neural_output_average_tensor_batched_2048_cpu_repeat01,4,neural_policy,output_average,post_local_readout,0.0003816059324890375
toy4,neural_output_average,tensor_batched,tensor_batched,cpu,2048,10,1,1,0,3,toy4_gpu_core_neural_output_average_tensor_batched_2048_cpu_repeat01,4,neural_policy,output_average,local_step,0.009732031030580401
toy4,neural_output_average,tensor_batched,tensor_batched,cpu,2048,10,1,1,0,3,toy4_gpu_core_neural_output_average_tensor_batched_2048_cpu_repeat01,4,neural_policy,output_average,select_peers,5.312100984156132e-05
toy4,neural_output_average,tensor_batched,tensor_batched,cpu,2048,10,1,1,0,3,toy4_gpu_core_neural_output_average_tensor_batched_2048_cpu_repeat01,4,neural_policy,output_average,social_mix,0.0004329119110479951
toy4,neural_output_average,tensor_batched,tensor_batched,cpu,2048,10,1,1,0,3,toy4_gpu_core_neural_output_average_tensor_batched_2048_cpu_repeat01,4,neural_policy,output_average,social_loss_forward,0.0003590920241549611
toy4,neural_output_average,tensor_batched,tensor_batched,cpu,2048,10,1,1,0,3,toy4_gpu_core_neural_output_average_tensor_batched_2048_cpu_repeat01,4,neural_policy,output_average,social_autograd_grad,0.0009265600237995386
toy4,neural_output_average,tensor_batched,tensor_batched,cpu,2048,10,1,1,0,3,toy4_gpu_core_neural_output_average_tensor_batched_2048_cpu_repeat01,4,neural_policy,output_average,social_adam_update,0.0015030460199341178
toy4,neural_output_average,tensor_batched,tensor_batched,cpu,2048,10,1,1,0,3,toy4_gpu_core_neural_output_average_tensor_batched_2048_cpu_repeat01,4,neural_policy,output_average,social_optimizer_update,0.0028924760408699512
toy4,neural_output_average,tensor_batched,tensor_batched,cpu,2048,10,1,1,0,3,toy4_gpu_core_neural_output_average_tensor_batched_2048_cpu_repeat01,4,neural_policy,output_average,social_distillation,0.004416982061229646
toy4,neural_output_average,tensor_batched,tensor_batched,cpu,2048,10,1,1,0,3,toy4_gpu_core_neural_output_average_tensor_batched_2048_cpu_repeat01,4,neural_policy,output_average,social_step,0.004427292034961283
toy4,neural_output_average,tensor_batched,tensor_batched,cpu,2048,10,1,1,0,3,toy4_gpu_core_neural_output_average_tensor_batched_2048_cpu_repeat01,4,neural_policy,output_average,sample_actions,9.021023288369179e-07
toy4,neural_output_average,tensor_batched,tensor_batched,cpu,2048,10,1,1,0,3,toy4_gpu_core_neural_output_average_tensor_batched_2048_cpu_repeat01,4,neural_policy,output_average,commit_actions,4.217959940433502e-06
toy4,neural_output_average,tensor_batched,tensor_batched,cpu,2048,10,1,1,0,3,toy4_gpu_core_neural_output_average_tensor_batched_2048_cpu_repeat01,4,neural_policy,output_average,post_step_state_policy,3.0237948521971703e-05
toy4,neural_output_average,tensor_batched,tensor_batched,cpu,2048,10,1,1,0,3,toy4_gpu_core_neural_output_average_tensor_batched_2048_cpu_repeat01,4,neural_policy,output_average,update_payoff_ema,2.912594936788082e-05
toy4,neural_output_average,tensor_batched,tensor_batched,cpu,2048,10,1,1,0,3,toy4_gpu_core_neural_output_average_tensor_batched_2048_cpu_repeat01,4,neural_policy,output_average,update_reputation_ema,2.1410989575088024e-05
toy4,neural_output_average,tensor_batched,tensor_batched,cpu,2048,10,1,1,0,3,toy4_gpu_core_neural_output_average_tensor_batched_2048_cpu_repeat01,4,neural_policy,output_average,mobility_swaps,1.849501859396696e-05
toy4,neural_output_average,tensor_batched,tensor_batched,cpu,2048,10,1,1,0,3,toy4_gpu_core_neural_output_average_tensor_batched_2048_cpu_repeat01,4,neural_policy,output_average,finalize_hook_step,7.283990271389484e-06
toy4,neural_output_average,tensor_batched,tensor_batched,cpu,2048,10,1,1,0,3,toy4_gpu_core_neural_output_average_tensor_batched_2048_cpu_repeat01,4,neural_policy,output_average,hooked_step_total,0.014938533073291183
toy4,neural_output_average,tensor_batched,tensor_batched,cpu,2048,10,1,1,0,3,toy4_gpu_core_neural_output_average_tensor_batched_2048_cpu_repeat01,4,neural_policy,output_average,aggregate_row,0.12431265506893396
toy4,neural_output_average,tensor_batched,tensor_batched,cpu,2048,10,1,1,0,3,toy4_gpu_core_neural_output_average_tensor_batched_2048_cpu_repeat01,4,neural_policy,output_average,write_aggregate,9.31069953367114e-05
toy4,neural_output_average,tensor_batched,tensor_batched,cpu,2048,10,1,1,0,3,toy4_gpu_core_neural_output_average_tensor_batched_2048_cpu_repeat01,5,neural_policy,output_average,sample_revision_mask,4.238099791109562e-05
toy4,neural_output_average,tensor_batched,tensor_batched,cpu,2048,10,1,1,0,3,toy4_gpu_core_neural_output_average_tensor_batched_2048_cpu_repeat01,5,neural_policy,output_average,build_step_context,1.2274016626179218e-05
toy4,neural_output_average,tensor_batched,tensor_batched,cpu,2048,10,1,1,0,3,toy4_gpu_core_neural_output_average_tensor_batched_2048_cpu_repeat01,5,neural_policy,output_average,build_observations,0.0006643719971179962
toy4,neural_output_average,tensor_batched,tensor_batched,cpu,2048,10,1,1,0,3,toy4_gpu_core_neural_output_average_tensor_batched_2048_cpu_repeat01,5,neural_policy,output_average,policy_readout,0.0014506259467452765
toy4,neural_output_average,tensor_batched,tensor_batched,cpu,2048,10,1,1,0,3,toy4_gpu_core_neural_output_average_tensor_batched_2048_cpu_repeat01,5,neural_policy,output_average,decision_selection,0.0018833279609680176
toy4,neural_output_average,tensor_batched,tensor_batched,cpu,2048,10,1,1,0,3,toy4_gpu_core_neural_output_average_tensor_batched_2048_cpu_repeat01,5,neural_policy,output_average,local_trainable_parameters,0.00035149790346622467
toy4,neural_output_average,tensor_batched,tensor_batched,cpu,2048,10,1,1,0,3,toy4_gpu_core_neural_output_average_tensor_batched_2048_cpu_repeat01,5,neural_policy,output_average,local_loss_forward,0.0009631700813770294
toy4,neural_output_average,tensor_batched,tensor_batched,cpu,2048,10,1,1,0,3,toy4_gpu_core_neural_output_average_tensor_batched_2048_cpu_repeat01,5,neural_policy,output_average,local_autograd_grad,0.0010758840944617987
toy4,neural_output_average,tensor_batched,tensor_batched,cpu,2048,10,1,1,0,3,toy4_gpu_core_neural_output_average_tensor_batched_2048_cpu_repeat01,5,neural_policy,output_average,local_adam_update,0.00277159595862031
toy4,neural_output_average,tensor_batched,tensor_batched,cpu,2048,10,1,1,0,3,toy4_gpu_core_neural_output_average_tensor_batched_2048_cpu_repeat01,5,neural_policy,output_average,local_optimizer_update,0.00393052794970572
toy4,neural_output_average,tensor_batched,tensor_batched,cpu,2048,10,1,1,0,3,toy4_gpu_core_neural_output_average_tensor_batched_2048_cpu_repeat01,5,neural_policy,output_average,local_loss_update,0.004906391957774758
toy4,neural_output_average,tensor_batched,tensor_batched,cpu,2048,10,1,1,0,3,toy4_gpu_core_neural_output_average_tensor_batched_2048_cpu_repeat01,5,neural_policy,output_average,local_training,0.005293388036079705
toy4,neural_output_average,tensor_batched,tensor_batched,cpu,2048,10,1,1,0,3,toy4_gpu_core_neural_output_average_tensor_batched_2048_cpu_repeat01,5,neural_policy,output_average,cache_refresh,3.1760428100824356e-06
toy4,neural_output_average,tensor_batched,tensor_batched,cpu,2048,10,1,1,0,3,toy4_gpu_core_neural_output_average_tensor_batched_2048_cpu_repeat01,5,neural_policy,output_average,post_local_readout,0.0003806429449468851
toy4,neural_output_average,tensor_batched,tensor_batched,cpu,2048,10,1,1,0,3,toy4_gpu_core_neural_output_average_tensor_batched_2048_cpu_repeat01,5,neural_policy,output_average,local_step,0.010291793965734541
toy4,neural_output_average,tensor_batched,tensor_batched,cpu,2048,10,1,1,0,3,toy4_gpu_core_neural_output_average_tensor_batched_2048_cpu_repeat01,5,neural_policy,output_average,select_peers,5.8511970564723015e-05
toy4,neural_output_average,tensor_batched,tensor_batched,cpu,2048,10,1,1,0,3,toy4_gpu_core_neural_output_average_tensor_batched_2048_cpu_repeat01,5,neural_policy,output_average,social_mix,0.0004390239482745528
toy4,neural_output_average,tensor_batched,tensor_batched,cpu,2048,10,1,1,0,3,toy4_gpu_core_neural_output_average_tensor_batched_2048_cpu_repeat01,5,neural_policy,output_average,social_loss_forward,0.0003864150494337082
toy4,neural_output_average,tensor_batched,tensor_batched,cpu,2048,10,1,1,0,3,toy4_gpu_core_neural_output_average_tensor_batched_2048_cpu_repeat01,5,neural_policy,output_average,social_autograd_grad,0.0007927970727905631
toy4,neural_output_average,tensor_batched,tensor_batched,cpu,2048,10,1,1,0,3,toy4_gpu_core_neural_output_average_tensor_batched_2048_cpu_repeat01,5,neural_policy,output_average,social_adam_update,0.002104518935084343
toy4,neural_output_average,tensor_batched,tensor_batched,cpu,2048,10,1,1,0,3,toy4_gpu_core_neural_output_average_tensor_batched_2048_cpu_repeat01,5,neural_policy,output_average,social_optimizer_update,0.0033942790469154716
toy4,neural_output_average,tensor_batched,tensor_batched,cpu,2048,10,1,1,0,3,toy4_gpu_core_neural_output_average_tensor_batched_2048_cpu_repeat01,5,neural_policy,output_average,social_distillation,0.004970434005372226
toy4,neural_output_average,tensor_batched,tensor_batched,cpu,2048,10,1,1,0,3,toy4_gpu_core_neural_output_average_tensor_batched_2048_cpu_repeat01,5,neural_policy,output_average,social_step,0.004980904050171375
toy4,neural_output_average,tensor_batched,tensor_batched,cpu,2048,10,1,1,0,3,toy4_gpu_core_neural_output_average_tensor_batched_2048_cpu_repeat01,5,neural_policy,output_average,sample_actions,1.1119991540908813e-06
toy4,neural_output_average,tensor_batched,tensor_batched,cpu,2048,10,1,1,0,3,toy4_gpu_core_neural_output_average_tensor_batched_2048_cpu_repeat01,5,neural_policy,output_average,commit_actions,3.7569552659988403e-06
toy4,neural_output_average,tensor_batched,tensor_batched,cpu,2048,10,1,1,0,3,toy4_gpu_core_neural_output_average_tensor_batched_2048_cpu_repeat01,5,neural_policy,output_average,post_step_state_policy,3.699096851050854e-05
toy4,neural_output_average,tensor_batched,tensor_batched,cpu,2048,10,1,1,0,3,toy4_gpu_core_neural_output_average_tensor_batched_2048_cpu_repeat01,5,neural_policy,output_average,update_payoff_ema,3.9965962059795856e-05
toy4,neural_output_average,tensor_batched,tensor_batched,cpu,2048,10,1,1,0,3,toy4_gpu_core_neural_output_average_tensor_batched_2048_cpu_repeat01,5,neural_policy,output_average,update_reputation_ema,2.8513954021036625e-05
toy4,neural_output_average,tensor_batched,tensor_batched,cpu,2048,10,1,1,0,3,toy4_gpu_core_neural_output_average_tensor_batched_2048_cpu_repeat01,5,neural_policy,output_average,mobility_swaps,2.723198849707842e-05
toy4,neural_output_average,tensor_batched,tensor_batched,cpu,2048,10,1,1,0,3,toy4_gpu_core_neural_output_average_tensor_batched_2048_cpu_repeat01,5,neural_policy,output_average,finalize_hook_step,9.046983905136585e-06
toy4,neural_output_average,tensor_batched,tensor_batched,cpu,2048,10,1,1,0,3,toy4_gpu_core_neural_output_average_tensor_batched_2048_cpu_repeat01,5,neural_policy,output_average,hooked_step_total,0.01624636899214238
toy4,neural_output_average,tensor_batched,tensor_batched,cpu,2048,10,1,1,0,3,toy4_gpu_core_neural_output_average_tensor_batched_2048_cpu_repeat01,5,neural_policy,output_average,aggregate_row,0.12675534596201032
toy4,neural_output_average,tensor_batched,tensor_batched,cpu,2048,10,1,1,0,3,toy4_gpu_core_neural_output_average_tensor_batched_2048_cpu_repeat01,5,neural_policy,output_average,write_aggregate,7.450196426361799e-05
toy4,neural_output_average,tensor_batched,tensor_batched,cpu,2048,10,1,1,0,3,toy4_gpu_core_neural_output_average_tensor_batched_2048_cpu_repeat01,6,neural_policy,output_average,sample_revision_mask,2.8293929062783718e-05
toy4,neural_output_average,tensor_batched,tensor_batched,cpu,2048,10,1,1,0,3,toy4_gpu_core_neural_output_average_tensor_batched_2048_cpu_repeat01,6,neural_policy,output_average,build_step_context,7.234048098325729e-06
toy4,neural_output_average,tensor_batched,tensor_batched,cpu,2048,10,1,1,0,3,toy4_gpu_core_neural_output_average_tensor_batched_2048_cpu_repeat01,6,neural_policy,output_average,build_observations,0.0005435120547190309
toy4,neural_output_average,tensor_batched,tensor_batched,cpu,2048,10,1,1,0,3,toy4_gpu_core_neural_output_average_tensor_batched_2048_cpu_repeat01,6,neural_policy,output_average,policy_readout,0.0009044990874826908
toy4,neural_output_average,tensor_batched,tensor_batched,cpu,2048,10,1,1,0,3,toy4_gpu_core_neural_output_average_tensor_batched_2048_cpu_repeat01,6,neural_policy,output_average,decision_selection,0.00233256199862808
toy4,neural_output_average,tensor_batched,tensor_batched,cpu,2048,10,1,1,0,3,toy4_gpu_core_neural_output_average_tensor_batched_2048_cpu_repeat01,6,neural_policy,output_average,local_trainable_parameters,0.0007240360137075186
toy4,neural_output_average,tensor_batched,tensor_batched,cpu,2048,10,1,1,0,3,toy4_gpu_core_neural_output_average_tensor_batched_2048_cpu_repeat01,6,neural_policy,output_average,local_loss_forward,0.001499069039709866
toy4,neural_output_average,tensor_batched,tensor_batched,cpu,2048,10,1,1,0,3,toy4_gpu_core_neural_output_average_tensor_batched_2048_cpu_repeat01,6,neural_policy,output_average,local_autograd_grad,0.0011904819402843714
toy4,neural_output_average,tensor_batched,tensor_batched,cpu,2048,10,1,1,0,3,toy4_gpu_core_neural_output_average_tensor_batched_2048_cpu_repeat01,6,neural_policy,output_average,local_adam_update,0.0030475599924102426
toy4,neural_output_average,tensor_batched,tensor_batched,cpu,2048,10,1,1,0,3,toy4_gpu_core_neural_output_average_tensor_batched_2048_cpu_repeat01,6,neural_policy,output_average,local_optimizer_update,0.004359974060207605
toy4,neural_output_average,tensor_batched,tensor_batched,cpu,2048,10,1,1,0,3,toy4_gpu_core_neural_output_average_tensor_batched_2048_cpu_repeat01,6,neural_policy,output_average,local_loss_update,0.005899669951759279
toy4,neural_output_average,tensor_batched,tensor_batched,cpu,2048,10,1,1,0,3,toy4_gpu_core_neural_output_average_tensor_batched_2048_cpu_repeat01,6,neural_policy,output_average,local_training,0.006800821982324123
toy4,neural_output_average,tensor_batched,tensor_batched,cpu,2048,10,1,1,0,3,toy4_gpu_core_neural_output_average_tensor_batched_2048_cpu_repeat01,6,neural_policy,output_average,cache_refresh,2.5349436327815056e-06
toy4,neural_output_average,tensor_batched,tensor_batched,cpu,2048,10,1,1,0,3,toy4_gpu_core_neural_output_average_tensor_batched_2048_cpu_repeat01,6,neural_policy,output_average,post_local_readout,0.0005382728995755315
toy4,neural_output_average,tensor_batched,tensor_batched,cpu,2048,10,1,1,0,3,toy4_gpu_core_neural_output_average_tensor_batched_2048_cpu_repeat01,6,neural_policy,output_average,local_step,0.011781124048866332
toy4,neural_output_average,tensor_batched,tensor_batched,cpu,2048,10,1,1,0,3,toy4_gpu_core_neural_output_average_tensor_batched_2048_cpu_repeat01,6,neural_policy,output_average,select_peers,5.7900091633200645e-05
toy4,neural_output_average,tensor_batched,tensor_batched,cpu,2048,10,1,1,0,3,toy4_gpu_core_neural_output_average_tensor_batched_2048_cpu_repeat01,6,neural_policy,output_average,social_mix,0.00045376201160252094
toy4,neural_output_average,tensor_batched,tensor_batched,cpu,2048,10,1,1,0,3,toy4_gpu_core_neural_output_average_tensor_batched_2048_cpu_repeat01,6,neural_policy,output_average,social_loss_forward,0.0004563679685816169
toy4,neural_output_average,tensor_batched,tensor_batched,cpu,2048,10,1,1,0,3,toy4_gpu_core_neural_output_average_tensor_batched_2048_cpu_repeat01,6,neural_policy,output_average,social_autograd_grad,0.0007792609976604581
toy4,neural_output_average,tensor_batched,tensor_batched,cpu,2048,10,1,1,0,3,toy4_gpu_core_neural_output_average_tensor_batched_2048_cpu_repeat01,6,neural_policy,output_average,social_adam_update,0.0020273319678381085
toy4,neural_output_average,tensor_batched,tensor_batched,cpu,2048,10,1,1,0,3,toy4_gpu_core_neural_output_average_tensor_batched_2048_cpu_repeat01,6,neural_policy,output_average,social_optimizer_update,0.0032565268920734525
toy4,neural_output_average,tensor_batched,tensor_batched,cpu,2048,10,1,1,0,3,toy4_gpu_core_neural_output_average_tensor_batched_2048_cpu_repeat01,6,neural_policy,output_average,social_distillation,0.004855434992350638
toy4,neural_output_average,tensor_batched,tensor_batched,cpu,2048,10,1,1,0,3,toy4_gpu_core_neural_output_average_tensor_batched_2048_cpu_repeat01,6,neural_policy,output_average,social_step,0.004865113995037973
toy4,neural_output_average,tensor_batched,tensor_batched,cpu,2048,10,1,1,0,3,toy4_gpu_core_neural_output_average_tensor_batched_2048_cpu_repeat01,6,neural_policy,output_average,sample_actions,8.520437404513359e-07
toy4,neural_output_average,tensor_batched,tensor_batched,cpu,2048,10,1,1,0,3,toy4_gpu_core_neural_output_average_tensor_batched_2048_cpu_repeat01,6,neural_policy,output_average,commit_actions,4.168017767369747e-06
toy4,neural_output_average,tensor_batched,tensor_batched,cpu,2048,10,1,1,0,3,toy4_gpu_core_neural_output_average_tensor_batched_2048_cpu_repeat01,6,neural_policy,output_average,post_step_state_policy,2.3014028556644917e-05
toy4,neural_output_average,tensor_batched,tensor_batched,cpu,2048,10,1,1,0,3,toy4_gpu_core_neural_output_average_tensor_batched_2048_cpu_repeat01,6,neural_policy,output_average,update_payoff_ema,4.081695806235075e-05
toy4,neural_output_average,tensor_batched,tensor_batched,cpu,2048,10,1,1,0,3,toy4_gpu_core_neural_output_average_tensor_batched_2048_cpu_repeat01,6,neural_policy,output_average,update_reputation_ema,1.735298428684473e-05
toy4,neural_output_average,tensor_batched,tensor_batched,cpu,2048,10,1,1,0,3,toy4_gpu_core_neural_output_average_tensor_batched_2048_cpu_repeat01,6,neural_policy,output_average,mobility_swaps,1.8145074136555195e-05
toy4,neural_output_average,tensor_batched,tensor_batched,cpu,2048,10,1,1,0,3,toy4_gpu_core_neural_output_average_tensor_batched_2048_cpu_repeat01,6,neural_policy,output_average,finalize_hook_step,8.44593159854412e-06
toy4,neural_output_average,tensor_batched,tensor_batched,cpu,2048,10,1,1,0,3,toy4_gpu_core_neural_output_average_tensor_batched_2048_cpu_repeat01,6,neural_policy,output_average,hooked_step_total,0.017496332991868258
toy4,neural_output_average,tensor_batched,tensor_batched,cpu,2048,10,1,1,0,3,toy4_gpu_core_neural_output_average_tensor_batched_2048_cpu_repeat01,6,neural_policy,output_average,aggregate_row,0.11656043503899127
toy4,neural_output_average,tensor_batched,tensor_batched,cpu,2048,10,1,1,0,3,toy4_gpu_core_neural_output_average_tensor_batched_2048_cpu_repeat01,6,neural_policy,output_average,write_aggregate,7.65960430726409e-05
toy4,neural_output_average,tensor_batched,tensor_batched,cpu,2048,10,1,1,0,3,toy4_gpu_core_neural_output_average_tensor_batched_2048_cpu_repeat01,7,neural_policy,output_average,sample_revision_mask,2.5397981517016888e-05
toy4,neural_output_average,tensor_batched,tensor_batched,cpu,2048,10,1,1,0,3,toy4_gpu_core_neural_output_average_tensor_batched_2048_cpu_repeat01,7,neural_policy,output_average,build_step_context,7.713912054896355e-06
toy4,neural_output_average,tensor_batched,tensor_batched,cpu,2048,10,1,1,0,3,toy4_gpu_core_neural_output_average_tensor_batched_2048_cpu_repeat01,7,neural_policy,output_average,build_observations,0.0005877859657630324
toy4,neural_output_average,tensor_batched,tensor_batched,cpu,2048,10,1,1,0,3,toy4_gpu_core_neural_output_average_tensor_batched_2048_cpu_repeat01,7,neural_policy,output_average,policy_readout,0.0008753640577197075
toy4,neural_output_average,tensor_batched,tensor_batched,cpu,2048,10,1,1,0,3,toy4_gpu_core_neural_output_average_tensor_batched_2048_cpu_repeat01,7,neural_policy,output_average,decision_selection,0.002369341906160116
toy4,neural_output_average,tensor_batched,tensor_batched,cpu,2048,10,1,1,0,3,toy4_gpu_core_neural_output_average_tensor_batched_2048_cpu_repeat01,7,neural_policy,output_average,local_trainable_parameters,0.00040577107574790716
toy4,neural_output_average,tensor_batched,tensor_batched,cpu,2048,10,1,1,0,3,toy4_gpu_core_neural_output_average_tensor_batched_2048_cpu_repeat01,7,neural_policy,output_average,local_loss_forward,0.000792104983702302
toy4,neural_output_average,tensor_batched,tensor_batched,cpu,2048,10,1,1,0,3,toy4_gpu_core_neural_output_average_tensor_batched_2048_cpu_repeat01,7,neural_policy,output_average,local_autograd_grad,0.001173458993434906
toy4,neural_output_average,tensor_batched,tensor_batched,cpu,2048,10,1,1,0,3,toy4_gpu_core_neural_output_average_tensor_batched_2048_cpu_repeat01,7,neural_policy,output_average,local_adam_update,0.0024356970097869635
toy4,neural_output_average,tensor_batched,tensor_batched,cpu,2048,10,1,1,0,3,toy4_gpu_core_neural_output_average_tensor_batched_2048_cpu_repeat01,7,neural_policy,output_average,local_optimizer_update,0.00368917896412313
toy4,neural_output_average,tensor_batched,tensor_batched,cpu,2048,10,1,1,0,3,toy4_gpu_core_neural_output_average_tensor_batched_2048_cpu_repeat01,7,neural_policy,output_average,local_loss_update,0.004495341097936034
toy4,neural_output_average,tensor_batched,tensor_batched,cpu,2048,10,1,1,0,3,toy4_gpu_core_neural_output_average_tensor_batched_2048_cpu_repeat01,7,neural_policy,output_average,local_training,0.004939113976433873
toy4,neural_output_average,tensor_batched,tensor_batched,cpu,2048,10,1,1,0,3,toy4_gpu_core_neural_output_average_tensor_batched_2048_cpu_repeat01,7,neural_policy,output_average,cache_refresh,2.0139850676059723e-06
toy4,neural_output_average,tensor_batched,tensor_batched,cpu,2048,10,1,1,0,3,toy4_gpu_core_neural_output_average_tensor_batched_2048_cpu_repeat01,7,neural_policy,output_average,post_local_readout,0.00028096395544707775
toy4,neural_output_average,tensor_batched,tensor_batched,cpu,2048,10,1,1,0,3,toy4_gpu_core_neural_output_average_tensor_batched_2048_cpu_repeat01,7,neural_policy,output_average,local_step,0.009720830013975501
toy4,neural_output_average,tensor_batched,tensor_batched,cpu,2048,10,1,1,0,3,toy4_gpu_core_neural_output_average_tensor_batched_2048_cpu_repeat01,7,neural_policy,output_average,select_peers,5.97640173509717e-05
toy4,neural_output_average,tensor_batched,tensor_batched,cpu,2048,10,1,1,0,3,toy4_gpu_core_neural_output_average_tensor_batched_2048_cpu_repeat01,7,neural_policy,output_average,social_mix,0.0005632400279864669
toy4,neural_output_average,tensor_batched,tensor_batched,cpu,2048,10,1,1,0,3,toy4_gpu_core_neural_output_average_tensor_batched_2048_cpu_repeat01,7,neural_policy,output_average,social_loss_forward,0.0005074850050732493
toy4,neural_output_average,tensor_batched,tensor_batched,cpu,2048,10,1,1,0,3,toy4_gpu_core_neural_output_average_tensor_batched_2048_cpu_repeat01,7,neural_policy,output_average,social_autograd_grad,0.0009994589490815997
toy4,neural_output_average,tensor_batched,tensor_batched,cpu,2048,10,1,1,0,3,toy4_gpu_core_neural_output_average_tensor_batched_2048_cpu_repeat01,7,neural_policy,output_average,social_adam_update,0.0018209399422630668
toy4,neural_output_average,tensor_batched,tensor_batched,cpu,2048,10,1,1,0,3,toy4_gpu_core_neural_output_average_tensor_batched_2048_cpu_repeat01,7,neural_policy,output_average,social_optimizer_update,0.003451147931627929
toy4,neural_output_average,tensor_batched,tensor_batched,cpu,2048,10,1,1,0,3,toy4_gpu_core_neural_output_average_tensor_batched_2048_cpu_repeat01,7,neural_policy,output_average,social_distillation,0.005591244087554514
toy4,neural_output_average,tensor_batched,tensor_batched,cpu,2048,10,1,1,0,3,toy4_gpu_core_neural_output_average_tensor_batched_2048_cpu_repeat01,7,neural_policy,output_average,social_step,0.00560271495487541
toy4,neural_output_average,tensor_batched,tensor_batched,cpu,2048,10,1,1,0,3,toy4_gpu_core_neural_output_average_tensor_batched_2048_cpu_repeat01,7,neural_policy,output_average,sample_actions,9.919749572873116e-07
toy4,neural_output_average,tensor_batched,tensor_batched,cpu,2048,10,1,1,0,3,toy4_gpu_core_neural_output_average_tensor_batched_2048_cpu_repeat01,7,neural_policy,output_average,commit_actions,4.698988050222397e-06
toy4,neural_output_average,tensor_batched,tensor_batched,cpu,2048,10,1,1,0,3,toy4_gpu_core_neural_output_average_tensor_batched_2048_cpu_repeat01,7,neural_policy,output_average,post_step_state_policy,2.7653062716126442e-05
toy4,neural_output_average,tensor_batched,tensor_batched,cpu,2048,10,1,1,0,3,toy4_gpu_core_neural_output_average_tensor_batched_2048_cpu_repeat01,7,neural_policy,output_average,update_payoff_ema,3.525696229189634e-05
toy4,neural_output_average,tensor_batched,tensor_batched,cpu,2048,10,1,1,0,3,toy4_gpu_core_neural_output_average_tensor_batched_2048_cpu_repeat01,7,neural_policy,output_average,update_reputation_ema,1.8664984963834286e-05
toy4,neural_output_average,tensor_batched,tensor_batched,cpu,2048,10,1,1,0,3,toy4_gpu_core_neural_output_average_tensor_batched_2048_cpu_repeat01,7,neural_policy,output_average,mobility_swaps,2.3704953491687775e-05
toy4,neural_output_average,tensor_batched,tensor_batched,cpu,2048,10,1,1,0,3,toy4_gpu_core_neural_output_average_tensor_batched_2048_cpu_repeat01,7,neural_policy,output_average,finalize_hook_step,9.267008863389492e-06
toy4,neural_output_average,tensor_batched,tensor_batched,cpu,2048,10,1,1,0,3,toy4_gpu_core_neural_output_average_tensor_batched_2048_cpu_repeat01,7,neural_policy,output_average,hooked_step_total,0.01612987695261836
toy4,neural_output_average,tensor_batched,tensor_batched,cpu,2048,10,1,1,0,3,toy4_gpu_core_neural_output_average_tensor_batched_2048_cpu_repeat01,7,neural_policy,output_average,aggregate_row,0.138592598028481
toy4,neural_output_average,tensor_batched,tensor_batched,cpu,2048,10,1,1,0,3,toy4_gpu_core_neural_output_average_tensor_batched_2048_cpu_repeat01,7,neural_policy,output_average,write_aggregate,7.720699068158865e-05
toy4,neural_output_average,tensor_batched,tensor_batched,cpu,2048,10,1,1,0,3,toy4_gpu_core_neural_output_average_tensor_batched_2048_cpu_repeat01,8,neural_policy,output_average,sample_revision_mask,2.4066073819994926e-05
toy4,neural_output_average,tensor_batched,tensor_batched,cpu,2048,10,1,1,0,3,toy4_gpu_core_neural_output_average_tensor_batched_2048_cpu_repeat01,8,neural_policy,output_average,build_step_context,8.956994861364365e-06
toy4,neural_output_average,tensor_batched,tensor_batched,cpu,2048,10,1,1,0,3,toy4_gpu_core_neural_output_average_tensor_batched_2048_cpu_repeat01,8,neural_policy,output_average,build_observations,0.0005572090158239007
toy4,neural_output_average,tensor_batched,tensor_batched,cpu,2048,10,1,1,0,3,toy4_gpu_core_neural_output_average_tensor_batched_2048_cpu_repeat01,8,neural_policy,output_average,policy_readout,0.000979882082901895
toy4,neural_output_average,tensor_batched,tensor_batched,cpu,2048,10,1,1,0,3,toy4_gpu_core_neural_output_average_tensor_batched_2048_cpu_repeat01,8,neural_policy,output_average,decision_selection,0.0022976950276643038
toy4,neural_output_average,tensor_batched,tensor_batched,cpu,2048,10,1,1,0,3,toy4_gpu_core_neural_output_average_tensor_batched_2048_cpu_repeat01,8,neural_policy,output_average,local_trainable_parameters,0.0003899009898304939
toy4,neural_output_average,tensor_batched,tensor_batched,cpu,2048,10,1,1,0,3,toy4_gpu_core_neural_output_average_tensor_batched_2048_cpu_repeat01,8,neural_policy,output_average,local_loss_forward,0.0008827568963170052
toy4,neural_output_average,tensor_batched,tensor_batched,cpu,2048,10,1,1,0,3,toy4_gpu_core_neural_output_average_tensor_batched_2048_cpu_repeat01,8,neural_policy,output_average,local_autograd_grad,0.001294560031965375
toy4,neural_output_average,tensor_batched,tensor_batched,cpu,2048,10,1,1,0,3,toy4_gpu_core_neural_output_average_tensor_batched_2048_cpu_repeat01,8,neural_policy,output_average,local_adam_update,0.0029144479194656014
toy4,neural_output_average,tensor_batched,tensor_batched,cpu,2048,10,1,1,0,3,toy4_gpu_core_neural_output_average_tensor_batched_2048_cpu_repeat01,8,neural_policy,output_average,local_optimizer_update,0.004424466984346509
toy4,neural_output_average,tensor_batched,tensor_batched,cpu,2048,10,1,1,0,3,toy4_gpu_core_neural_output_average_tensor_batched_2048_cpu_repeat01,8,neural_policy,output_average,local_loss_update,0.005324727040715516
toy4,neural_output_average,tensor_batched,tensor_batched,cpu,2048,10,1,1,0,3,toy4_gpu_core_neural_output_average_tensor_batched_2048_cpu_repeat01,8,neural_policy,output_average,local_training,0.005760836065746844
toy4,neural_output_average,tensor_batched,tensor_batched,cpu,2048,10,1,1,0,3,toy4_gpu_core_neural_output_average_tensor_batched_2048_cpu_repeat01,8,neural_policy,output_average,cache_refresh,2.2849999368190765e-06
toy4,neural_output_average,tensor_batched,tensor_batched,cpu,2048,10,1,1,0,3,toy4_gpu_core_neural_output_average_tensor_batched_2048_cpu_repeat01,8,neural_policy,output_average,post_local_readout,0.0005914340727031231
toy4,neural_output_average,tensor_batched,tensor_batched,cpu,2048,10,1,1,0,3,toy4_gpu_core_neural_output_average_tensor_batched_2048_cpu_repeat01,8,neural_policy,output_average,local_step,0.010955746052786708
toy4,neural_output_average,tensor_batched,tensor_batched,cpu,2048,10,1,1,0,3,toy4_gpu_core_neural_output_average_tensor_batched_2048_cpu_repeat01,8,neural_policy,output_average,select_peers,5.1517970860004425e-05
toy4,neural_output_average,tensor_batched,tensor_batched,cpu,2048,10,1,1,0,3,toy4_gpu_core_neural_output_average_tensor_batched_2048_cpu_repeat01,8,neural_policy,output_average,social_mix,0.00042382499668747187
toy4,neural_output_average,tensor_batched,tensor_batched,cpu,2048,10,1,1,0,3,toy4_gpu_core_neural_output_average_tensor_batched_2048_cpu_repeat01,8,neural_policy,output_average,social_loss_forward,0.00045622698962688446
toy4,neural_output_average,tensor_batched,tensor_batched,cpu,2048,10,1,1,0,3,toy4_gpu_core_neural_output_average_tensor_batched_2048_cpu_repeat01,8,neural_policy,output_average,social_autograd_grad,0.0009616969618946314
toy4,neural_output_average,tensor_batched,tensor_batched,cpu,2048,10,1,1,0,3,toy4_gpu_core_neural_output_average_tensor_batched_2048_cpu_repeat01,8,neural_policy,output_average,social_adam_update,0.0023187960032373667
toy4,neural_output_average,tensor_batched,tensor_batched,cpu,2048,10,1,1,0,3,toy4_gpu_core_neural_output_average_tensor_batched_2048_cpu_repeat01,8,neural_policy,output_average,social_optimizer_update,0.003760274965316057
toy4,neural_output_average,tensor_batched,tensor_batched,cpu,2048,10,1,1,0,3,toy4_gpu_core_neural_output_average_tensor_batched_2048_cpu_repeat01,8,neural_policy,output_average,social_distillation,0.005194699973799288
toy4,neural_output_average,tensor_batched,tensor_batched,cpu,2048,10,1,1,0,3,toy4_gpu_core_neural_output_average_tensor_batched_2048_cpu_repeat01,8,neural_policy,output_average,social_step,0.005203807959333062
toy4,neural_output_average,tensor_batched,tensor_batched,cpu,2048,10,1,1,0,3,toy4_gpu_core_neural_output_average_tensor_batched_2048_cpu_repeat01,8,neural_policy,output_average,sample_actions,7.509952411055565e-07
toy4,neural_output_average,tensor_batched,tensor_batched,cpu,2048,10,1,1,0,3,toy4_gpu_core_neural_output_average_tensor_batched_2048_cpu_repeat01,8,neural_policy,output_average,commit_actions,3.316090442240238e-06
toy4,neural_output_average,tensor_batched,tensor_batched,cpu,2048,10,1,1,0,3,toy4_gpu_core_neural_output_average_tensor_batched_2048_cpu_repeat01,8,neural_policy,output_average,post_step_state_policy,2.0619016140699387e-05
toy4,neural_output_average,tensor_batched,tensor_batched,cpu,2048,10,1,1,0,3,toy4_gpu_core_neural_output_average_tensor_batched_2048_cpu_repeat01,8,neural_policy,output_average,update_payoff_ema,4.463503137230873e-05
toy4,neural_output_average,tensor_batched,tensor_batched,cpu,2048,10,1,1,0,3,toy4_gpu_core_neural_output_average_tensor_batched_2048_cpu_repeat01,8,neural_policy,output_average,update_reputation_ema,2.0227977074682713e-05
toy4,neural_output_average,tensor_batched,tensor_batched,cpu,2048,10,1,1,0,3,toy4_gpu_core_neural_output_average_tensor_batched_2048_cpu_repeat01,8,neural_policy,output_average,mobility_swaps,2.5447923690080643e-05
toy4,neural_output_average,tensor_batched,tensor_batched,cpu,2048,10,1,1,0,3,toy4_gpu_core_neural_output_average_tensor_batched_2048_cpu_repeat01,8,neural_policy,output_average,finalize_hook_step,7.594935595989227e-06
toy4,neural_output_average,tensor_batched,tensor_batched,cpu,2048,10,1,1,0,3,toy4_gpu_core_neural_output_average_tensor_batched_2048_cpu_repeat01,8,neural_policy,output_average,hooked_step_total,0.016881696064956486
toy4,neural_output_average,tensor_batched,tensor_batched,cpu,2048,10,1,1,0,3,toy4_gpu_core_neural_output_average_tensor_batched_2048_cpu_repeat01,8,neural_policy,output_average,aggregate_row,0.17227001395076513
toy4,neural_output_average,tensor_batched,tensor_batched,cpu,2048,10,1,1,0,3,toy4_gpu_core_neural_output_average_tensor_batched_2048_cpu_repeat01,8,neural_policy,output_average,write_aggregate,0.00024905300233513117
toy4,neural_output_average,tensor_batched,tensor_batched,cpu,2048,10,1,1,0,3,toy4_gpu_core_neural_output_average_tensor_batched_2048_cpu_repeat01,9,neural_policy,output_average,sample_revision_mask,0.00013777101412415504
toy4,neural_output_average,tensor_batched,tensor_batched,cpu,2048,10,1,1,0,3,toy4_gpu_core_neural_output_average_tensor_batched_2048_cpu_repeat01,9,neural_policy,output_average,build_step_context,2.133101224899292e-05
toy4,neural_output_average,tensor_batched,tensor_batched,cpu,2048,10,1,1,0,3,toy4_gpu_core_neural_output_average_tensor_batched_2048_cpu_repeat01,9,neural_policy,output_average,build_observations,0.0017457869835197926
toy4,neural_output_average,tensor_batched,tensor_batched,cpu,2048,10,1,1,0,3,toy4_gpu_core_neural_output_average_tensor_batched_2048_cpu_repeat01,9,neural_policy,output_average,policy_readout,0.0026970049366354942
toy4,neural_output_average,tensor_batched,tensor_batched,cpu,2048,10,1,1,0,3,toy4_gpu_core_neural_output_average_tensor_batched_2048_cpu_repeat01,9,neural_policy,output_average,decision_selection,0.0029120330000296235
toy4,neural_output_average,tensor_batched,tensor_batched,cpu,2048,10,1,1,0,3,toy4_gpu_core_neural_output_average_tensor_batched_2048_cpu_repeat01,9,neural_policy,output_average,local_trainable_parameters,0.0007628289749845862
toy4,neural_output_average,tensor_batched,tensor_batched,cpu,2048,10,1,1,0,3,toy4_gpu_core_neural_output_average_tensor_batched_2048_cpu_repeat01,9,neural_policy,output_average,local_loss_forward,0.001176225021481514
toy4,neural_output_average,tensor_batched,tensor_batched,cpu,2048,10,1,1,0,3,toy4_gpu_core_neural_output_average_tensor_batched_2048_cpu_repeat01,9,neural_policy,output_average,local_autograd_grad,0.001708265976049006
toy4,neural_output_average,tensor_batched,tensor_batched,cpu,2048,10,1,1,0,3,toy4_gpu_core_neural_output_average_tensor_batched_2048_cpu_repeat01,9,neural_policy,output_average,local_adam_update,0.0030737000051885843
toy4,neural_output_average,tensor_batched,tensor_batched,cpu,2048,10,1,1,0,3,toy4_gpu_core_neural_output_average_tensor_batched_2048_cpu_repeat01,9,neural_policy,output_average,local_optimizer_update,0.004905080073513091
toy4,neural_output_average,tensor_batched,tensor_batched,cpu,2048,10,1,1,0,3,toy4_gpu_core_neural_output_average_tensor_batched_2048_cpu_repeat01,9,neural_policy,output_average,local_loss_update,0.006099499063566327
toy4,neural_output_average,tensor_batched,tensor_batched,cpu,2048,10,1,1,0,3,toy4_gpu_core_neural_output_average_tensor_batched_2048_cpu_repeat01,9,neural_policy,output_average,local_training,0.00693285302259028
toy4,neural_output_average,tensor_batched,tensor_batched,cpu,2048,10,1,1,0,3,toy4_gpu_core_neural_output_average_tensor_batched_2048_cpu_repeat01,9,neural_policy,output_average,cache_refresh,3.476976417005062e-06
toy4,neural_output_average,tensor_batched,tensor_batched,cpu,2048,10,1,1,0,3,toy4_gpu_core_neural_output_average_tensor_batched_2048_cpu_repeat01,9,neural_policy,output_average,post_local_readout,0.0005807629786431789
toy4,neural_output_average,tensor_batched,tensor_batched,cpu,2048,10,1,1,0,3,toy4_gpu_core_neural_output_average_tensor_batched_2048_cpu_repeat01,9,neural_policy,output_average,local_step,0.016034615924581885
toy4,neural_output_average,tensor_batched,tensor_batched,cpu,2048,10,1,1,0,3,toy4_gpu_core_neural_output_average_tensor_batched_2048_cpu_repeat01,9,neural_policy,output_average,select_peers,0.0001022240612655878
toy4,neural_output_average,tensor_batched,tensor_batched,cpu,2048,10,1,1,0,3,toy4_gpu_core_neural_output_average_tensor_batched_2048_cpu_repeat01,9,neural_policy,output_average,social_mix,0.0006926859496161342
toy4,neural_output_average,tensor_batched,tensor_batched,cpu,2048,10,1,1,0,3,toy4_gpu_core_neural_output_average_tensor_batched_2048_cpu_repeat01,9,neural_policy,output_average,social_loss_forward,0.0006067220820114017
toy4,neural_output_average,tensor_batched,tensor_batched,cpu,2048,10,1,1,0,3,toy4_gpu_core_neural_output_average_tensor_batched_2048_cpu_repeat01,9,neural_policy,output_average,social_autograd_grad,0.0009999499889090657
toy4,neural_output_average,tensor_batched,tensor_batched,cpu,2048,10,1,1,0,3,toy4_gpu_core_neural_output_average_tensor_batched_2048_cpu_repeat01,9,neural_policy,output_average,social_adam_update,0.003634675987996161
toy4,neural_output_average,tensor_batched,tensor_batched,cpu,2048,10,1,1,0,3,toy4_gpu_core_neural_output_average_tensor_batched_2048_cpu_repeat01,9,neural_policy,output_average,social_optimizer_update,0.005350756924599409
toy4,neural_output_average,tensor_batched,tensor_batched,cpu,2048,10,1,1,0,3,toy4_gpu_core_neural_output_average_tensor_batched_2048_cpu_repeat01,9,neural_policy,output_average,social_distillation,0.008056296966969967
toy4,neural_output_average,tensor_batched,tensor_batched,cpu,2048,10,1,1,0,3,toy4_gpu_core_neural_output_average_tensor_batched_2048_cpu_repeat01,9,neural_policy,output_average,social_step,0.00808033300563693
toy4,neural_output_average,tensor_batched,tensor_batched,cpu,2048,10,1,1,0,3,toy4_gpu_core_neural_output_average_tensor_batched_2048_cpu_repeat01,9,neural_policy,output_average,sample_actions,1.6529811546206474e-06
toy4,neural_output_average,tensor_batched,tensor_batched,cpu,2048,10,1,1,0,3,toy4_gpu_core_neural_output_average_tensor_batched_2048_cpu_repeat01,9,neural_policy,output_average,commit_actions,8.436036296188831e-06
toy4,neural_output_average,tensor_batched,tensor_batched,cpu,2048,10,1,1,0,3,toy4_gpu_core_neural_output_average_tensor_batched_2048_cpu_repeat01,9,neural_policy,output_average,post_step_state_policy,4.6628061681985855e-05
toy4,neural_output_average,tensor_batched,tensor_batched,cpu,2048,10,1,1,0,3,toy4_gpu_core_neural_output_average_tensor_batched_2048_cpu_repeat01,9,neural_policy,output_average,update_payoff_ema,7.125502452254295e-05
toy4,neural_output_average,tensor_batched,tensor_batched,cpu,2048,10,1,1,0,3,toy4_gpu_core_neural_output_average_tensor_batched_2048_cpu_repeat01,9,neural_policy,output_average,update_reputation_ema,3.4374999813735485e-05
toy4,neural_output_average,tensor_batched,tensor_batched,cpu,2048,10,1,1,0,3,toy4_gpu_core_neural_output_average_tensor_batched_2048_cpu_repeat01,9,neural_policy,output_average,mobility_swaps,3.716000355780125e-05
toy4,neural_output_average,tensor_batched,tensor_batched,cpu,2048,10,1,1,0,3,toy4_gpu_core_neural_output_average_tensor_batched_2048_cpu_repeat01,9,neural_policy,output_average,finalize_hook_step,1.4316989108920097e-05
toy4,neural_output_average,tensor_batched,tensor_batched,cpu,2048,10,1,1,0,3,toy4_gpu_core_neural_output_average_tensor_batched_2048_cpu_repeat01,9,neural_policy,output_average,hooked_step_total,0.025711832102388144
toy4,neural_output_average,tensor_batched,tensor_batched,cpu,2048,10,1,1,0,3,toy4_gpu_core_neural_output_average_tensor_batched_2048_cpu_repeat01,9,neural_policy,output_average,aggregate_row,0.14383368496783078
toy4,neural_output_average,tensor_batched,tensor_batched,cpu,2048,10,1,1,0,3,toy4_gpu_core_neural_output_average_tensor_batched_2048_cpu_repeat01,9,neural_policy,output_average,write_aggregate,0.00011281389743089676
toy4,neural_output_average,tensor_batched,tensor_batched,cpu,2048,10,1,1,0,3,toy4_gpu_core_neural_output_average_tensor_batched_2048_cpu_repeat01,10,neural_policy,output_average,sample_revision_mask,4.1708932258188725e-05
toy4,neural_output_average,tensor_batched,tensor_batched,cpu,2048,10,1,1,0,3,toy4_gpu_core_neural_output_average_tensor_batched_2048_cpu_repeat01,10,neural_policy,output_average,build_step_context,1.0239076800644398e-05
toy4,neural_output_average,tensor_batched,tensor_batched,cpu,2048,10,1,1,0,3,toy4_gpu_core_neural_output_average_tensor_batched_2048_cpu_repeat01,10,neural_policy,output_average,build_observations,0.000761316972784698
toy4,neural_output_average,tensor_batched,tensor_batched,cpu,2048,10,1,1,0,3,toy4_gpu_core_neural_output_average_tensor_batched_2048_cpu_repeat01,10,neural_policy,output_average,policy_readout,0.0012078550644218922
toy4,neural_output_average,tensor_batched,tensor_batched,cpu,2048,10,1,1,0,3,toy4_gpu_core_neural_output_average_tensor_batched_2048_cpu_repeat01,10,neural_policy,output_average,decision_selection,0.0022969440324231982
toy4,neural_output_average,tensor_batched,tensor_batched,cpu,2048,10,1,1,0,3,toy4_gpu_core_neural_output_average_tensor_batched_2048_cpu_repeat01,10,neural_policy,output_average,local_trainable_parameters,0.0003963930066674948
toy4,neural_output_average,tensor_batched,tensor_batched,cpu,2048,10,1,1,0,3,toy4_gpu_core_neural_output_average_tensor_batched_2048_cpu_repeat01,10,neural_policy,output_average,local_loss_forward,0.0008613669779151678
toy4,neural_output_average,tensor_batched,tensor_batched,cpu,2048,10,1,1,0,3,toy4_gpu_core_neural_output_average_tensor_batched_2048_cpu_repeat01,10,neural_policy,output_average,local_autograd_grad,0.0010853320127353072
toy4,neural_output_average,tensor_batched,tensor_batched,cpu,2048,10,1,1,0,3,toy4_gpu_core_neural_output_average_tensor_batched_2048_cpu_repeat01,10,neural_policy,output_average,local_adam_update,0.002831961028277874
toy4,neural_output_average,tensor_batched,tensor_batched,cpu,2048,10,1,1,0,3,toy4_gpu_core_neural_output_average_tensor_batched_2048_cpu_repeat01,10,neural_policy,output_average,local_optimizer_update,0.004011471988633275
toy4,neural_output_average,tensor_batched,tensor_batched,cpu,2048,10,1,1,0,3,toy4_gpu_core_neural_output_average_tensor_batched_2048_cpu_repeat01,10,neural_policy,output_average,local_loss_update,0.004887365968897939
toy4,neural_output_average,tensor_batched,tensor_batched,cpu,2048,10,1,1,0,3,toy4_gpu_core_neural_output_average_tensor_batched_2048_cpu_repeat01,10,neural_policy,output_average,local_training,0.005323174060322344
toy4,neural_output_average,tensor_batched,tensor_batched,cpu,2048,10,1,1,0,3,toy4_gpu_core_neural_output_average_tensor_batched_2048_cpu_repeat01,10,neural_policy,output_average,cache_refresh,2.995016984641552e-06
toy4,neural_output_average,tensor_batched,tensor_batched,cpu,2048,10,1,1,0,3,toy4_gpu_core_neural_output_average_tensor_batched_2048_cpu_repeat01,10,neural_policy,output_average,post_local_readout,0.00047739699948579073
toy4,neural_output_average,tensor_batched,tensor_batched,cpu,2048,10,1,1,0,3,toy4_gpu_core_neural_output_average_tensor_batched_2048_cpu_repeat01,10,neural_policy,output_average,local_step,0.010904619004577398
toy4,neural_output_average,tensor_batched,tensor_batched,cpu,2048,10,1,1,0,3,toy4_gpu_core_neural_output_average_tensor_batched_2048_cpu_repeat01,10,neural_policy,output_average,select_peers,7.417099550366402e-05
toy4,neural_output_average,tensor_batched,tensor_batched,cpu,2048,10,1,1,0,3,toy4_gpu_core_neural_output_average_tensor_batched_2048_cpu_repeat01,10,neural_policy,output_average,social_mix,0.0004984770203009248
toy4,neural_output_average,tensor_batched,tensor_batched,cpu,2048,10,1,1,0,3,toy4_gpu_core_neural_output_average_tensor_batched_2048_cpu_repeat01,10,neural_policy,output_average,social_loss_forward,0.0004114509792998433
toy4,neural_output_average,tensor_batched,tensor_batched,cpu,2048,10,1,1,0,3,toy4_gpu_core_neural_output_average_tensor_batched_2048_cpu_repeat01,10,neural_policy,output_average,social_autograd_grad,0.0010148079600185156
toy4,neural_output_average,tensor_batched,tensor_batched,cpu,2048,10,1,1,0,3,toy4_gpu_core_neural_output_average_tensor_batched_2048_cpu_repeat01,10,neural_policy,output_average,social_adam_update,0.00207694701384753
toy4,neural_output_average,tensor_batched,tensor_batched,cpu,2048,10,1,1,0,3,toy4_gpu_core_neural_output_average_tensor_batched_2048_cpu_repeat01,10,neural_policy,output_average,social_optimizer_update,0.0037301569245755672
toy4,neural_output_average,tensor_batched,tensor_batched,cpu,2048,10,1,1,0,3,toy4_gpu_core_neural_output_average_tensor_batched_2048_cpu_repeat01,10,neural_policy,output_average,social_distillation,0.005408876924775541
toy4,neural_output_average,tensor_batched,tensor_batched,cpu,2048,10,1,1,0,3,toy4_gpu_core_neural_output_average_tensor_batched_2048_cpu_repeat01,10,neural_policy,output_average,social_step,0.005420748959295452
toy4,neural_output_average,tensor_batched,tensor_batched,cpu,2048,10,1,1,0,3,toy4_gpu_core_neural_output_average_tensor_batched_2048_cpu_repeat01,10,neural_policy,output_average,sample_actions,9.320210665464401e-07
toy4,neural_output_average,tensor_batched,tensor_batched,cpu,2048,10,1,1,0,3,toy4_gpu_core_neural_output_average_tensor_batched_2048_cpu_repeat01,10,neural_policy,output_average,commit_actions,5.12006226927042e-06
toy4,neural_output_average,tensor_batched,tensor_batched,cpu,2048,10,1,1,0,3,toy4_gpu_core_neural_output_average_tensor_batched_2048_cpu_repeat01,10,neural_policy,output_average,post_step_state_policy,3.938504960387945e-05
toy4,neural_output_average,tensor_batched,tensor_batched,cpu,2048,10,1,1,0,3,toy4_gpu_core_neural_output_average_tensor_batched_2048_cpu_repeat01,10,neural_policy,output_average,update_payoff_ema,3.4806085750460625e-05
toy4,neural_output_average,tensor_batched,tensor_batched,cpu,2048,10,1,1,0,3,toy4_gpu_core_neural_output_average_tensor_batched_2048_cpu_repeat01,10,neural_policy,output_average,update_reputation_ema,2.7681933715939522e-05
toy4,neural_output_average,tensor_batched,tensor_batched,cpu,2048,10,1,1,0,3,toy4_gpu_core_neural_output_average_tensor_batched_2048_cpu_repeat01,10,neural_policy,output_average,mobility_swaps,2.069899346679449e-05
toy4,neural_output_average,tensor_batched,tensor_batched,cpu,2048,10,1,1,0,3,toy4_gpu_core_neural_output_average_tensor_batched_2048_cpu_repeat01,10,neural_policy,output_average,finalize_hook_step,9.31799877434969e-06
toy4,neural_output_average,tensor_batched,tensor_batched,cpu,2048,10,1,1,0,3,toy4_gpu_core_neural_output_average_tensor_batched_2048_cpu_repeat01,10,neural_policy,output_average,hooked_step_total,0.017354803974740207
toy4,neural_output_average,tensor_batched,tensor_batched,cpu,2048,10,1,1,0,3,toy4_gpu_core_neural_output_average_tensor_batched_2048_cpu_repeat01,10,neural_policy,output_average,aggregate_row,0.16853103099856526
toy4,neural_output_average,tensor_batched,tensor_batched,cpu,2048,10,1,1,0,3,toy4_gpu_core_neural_output_average_tensor_batched_2048_cpu_repeat01,10,neural_policy,output_average,write_aggregate,0.00013024802319705486
toy4,neural_output_average,tensor_batched,tensor_batched,cpu,2048,10,1,2,0,3,toy4_gpu_core_neural_output_average_tensor_batched_2048_cpu_repeat02,0,neural_policy,output_average,make_run_dir,0.0002342450898140669
toy4,neural_output_average,tensor_batched,tensor_batched,cpu,2048,10,1,2,0,3,toy4_gpu_core_neural_output_average_tensor_batched_2048_cpu_repeat02,0,neural_policy,output_average,write_metadata,0.002179811941459775
toy4,neural_output_average,tensor_batched,tensor_batched,cpu,2048,10,1,2,0,3,toy4_gpu_core_neural_output_average_tensor_batched_2048_cpu_repeat02,0,neural_policy,output_average,initial_state,1.1139434761134908
toy4,neural_output_average,tensor_batched,tensor_batched,cpu,2048,10,1,2,0,3,toy4_gpu_core_neural_output_average_tensor_batched_2048_cpu_repeat02,0,neural_policy,output_average,writer_setup,0.00046501297038048506
toy4,neural_output_average,tensor_batched,tensor_batched,cpu,2048,10,1,2,0,3,toy4_gpu_core_neural_output_average_tensor_batched_2048_cpu_repeat02,0,neural_policy,output_average,initial_step_result,0.003388657933101058
toy4,neural_output_average,tensor_batched,tensor_batched,cpu,2048,10,1,2,0,3,toy4_gpu_core_neural_output_average_tensor_batched_2048_cpu_repeat02,0,neural_policy,output_average,initial_aggregate_row,0.11476368200965226
toy4,neural_output_average,tensor_batched,tensor_batched,cpu,2048,10,1,2,0,3,toy4_gpu_core_neural_output_average_tensor_batched_2048_cpu_repeat02,0,neural_policy,output_average,write_initial_aggregate,0.00011700298637151718
toy4,neural_output_average,tensor_batched,tensor_batched,cpu,2048,10,1,2,0,3,toy4_gpu_core_neural_output_average_tensor_batched_2048_cpu_repeat02,1,neural_policy,output_average,sample_revision_mask,4.261103458702564e-05
toy4,neural_output_average,tensor_batched,tensor_batched,cpu,2048,10,1,2,0,3,toy4_gpu_core_neural_output_average_tensor_batched_2048_cpu_repeat02,1,neural_policy,output_average,build_step_context,1.5650060959160328e-05
toy4,neural_output_average,tensor_batched,tensor_batched,cpu,2048,10,1,2,0,3,toy4_gpu_core_neural_output_average_tensor_batched_2048_cpu_repeat02,1,neural_policy,output_average,build_observations,0.000809749006293714
toy4,neural_output_average,tensor_batched,tensor_batched,cpu,2048,10,1,2,0,3,toy4_gpu_core_neural_output_average_tensor_batched_2048_cpu_repeat02,1,neural_policy,output_average,policy_readout,0.0012260989751666784
toy4,neural_output_average,tensor_batched,tensor_batched,cpu,2048,10,1,2,0,3,toy4_gpu_core_neural_output_average_tensor_batched_2048_cpu_repeat02,1,neural_policy,output_average,decision_selection,0.0016687109600752592
toy4,neural_output_average,tensor_batched,tensor_batched,cpu,2048,10,1,2,0,3,toy4_gpu_core_neural_output_average_tensor_batched_2048_cpu_repeat02,1,neural_policy,output_average,local_trainable_parameters,0.0006792800268158317
toy4,neural_output_average,tensor_batched,tensor_batched,cpu,2048,10,1,2,0,3,toy4_gpu_core_neural_output_average_tensor_batched_2048_cpu_repeat02,1,neural_policy,output_average,local_loss_forward,0.0012314000632613897
toy4,neural_output_average,tensor_batched,tensor_batched,cpu,2048,10,1,2,0,3,toy4_gpu_core_neural_output_average_tensor_batched_2048_cpu_repeat02,1,neural_policy,output_average,local_autograd_grad,0.0024631499545648694
toy4,neural_output_average,tensor_batched,tensor_batched,cpu,2048,10,1,2,0,3,toy4_gpu_core_neural_output_average_tensor_batched_2048_cpu_repeat02,1,neural_policy,output_average,local_adam_update,0.004275514045730233
toy4,neural_output_average,tensor_batched,tensor_batched,cpu,2048,10,1,2,0,3,toy4_gpu_core_neural_output_average_tensor_batched_2048_cpu_repeat02,1,neural_policy,output_average,local_optimizer_update,0.00683630898129195
toy4,neural_output_average,tensor_batched,tensor_batched,cpu,2048,10,1,2,0,3,toy4_gpu_core_neural_output_average_tensor_batched_2048_cpu_repeat02,1,neural_policy,output_average,local_loss_update,0.008081734995357692
toy4,neural_output_average,tensor_batched,tensor_batched,cpu,2048,10,1,2,0,3,toy4_gpu_core_neural_output_average_tensor_batched_2048_cpu_repeat02,1,neural_policy,output_average,local_training,0.008801663061603904
toy4,neural_output_average,tensor_batched,tensor_batched,cpu,2048,10,1,2,0,3,toy4_gpu_core_neural_output_average_tensor_batched_2048_cpu_repeat02,1,neural_policy,output_average,cache_refresh,3.2458920031785965e-06
toy4,neural_output_average,tensor_batched,tensor_batched,cpu,2048,10,1,2,0,3,toy4_gpu_core_neural_output_average_tensor_batched_2048_cpu_repeat02,1,neural_policy,output_average,post_local_readout,0.00043189001735299826
toy4,neural_output_average,tensor_batched,tensor_batched,cpu,2048,10,1,2,0,3,toy4_gpu_core_neural_output_average_tensor_batched_2048_cpu_repeat02,1,neural_policy,output_average,local_step,0.013548863003961742
toy4,neural_output_average,tensor_batched,tensor_batched,cpu,2048,10,1,2,0,3,toy4_gpu_core_neural_output_average_tensor_batched_2048_cpu_repeat02,1,neural_policy,output_average,select_peers,5.004496779292822e-05
toy4,neural_output_average,tensor_batched,tensor_batched,cpu,2048,10,1,2,0,3,toy4_gpu_core_neural_output_average_tensor_batched_2048_cpu_repeat02,1,neural_policy,output_average,social_mix,0.0004286940675228834
toy4,neural_output_average,tensor_batched,tensor_batched,cpu,2048,10,1,2,0,3,toy4_gpu_core_neural_output_average_tensor_batched_2048_cpu_repeat02,1,neural_policy,output_average,social_loss_forward,0.000603226013481617
toy4,neural_output_average,tensor_batched,tensor_batched,cpu,2048,10,1,2,0,3,toy4_gpu_core_neural_output_average_tensor_batched_2048_cpu_repeat02,1,neural_policy,output_average,social_autograd_grad,0.0008852019673213363
toy4,neural_output_average,tensor_batched,tensor_batched,cpu,2048,10,1,2,0,3,toy4_gpu_core_neural_output_average_tensor_batched_2048_cpu_repeat02,1,neural_policy,output_average,social_adam_update,0.0025569890858605504
toy4,neural_output_average,tensor_batched,tensor_batched,cpu,2048,10,1,2,0,3,toy4_gpu_core_neural_output_average_tensor_batched_2048_cpu_repeat02,1,neural_policy,output_average,social_optimizer_update,0.003906994010321796
toy4,neural_output_average,tensor_batched,tensor_batched,cpu,2048,10,1,2,0,3,toy4_gpu_core_neural_output_average_tensor_batched_2048_cpu_repeat02,1,neural_policy,output_average,social_distillation,0.005685942946001887
toy4,neural_output_average,tensor_batched,tensor_batched,cpu,2048,10,1,2,0,3,toy4_gpu_core_neural_output_average_tensor_batched_2048_cpu_repeat02,1,neural_policy,output_average,social_step,0.005698016961105168
toy4,neural_output_average,tensor_batched,tensor_batched,cpu,2048,10,1,2,0,3,toy4_gpu_core_neural_output_average_tensor_batched_2048_cpu_repeat02,1,neural_policy,output_average,sample_actions,7.909256964921951e-07
toy4,neural_output_average,tensor_batched,tensor_batched,cpu,2048,10,1,2,0,3,toy4_gpu_core_neural_output_average_tensor_batched_2048_cpu_repeat02,1,neural_policy,output_average,commit_actions,4.027970135211945e-06
toy4,neural_output_average,tensor_batched,tensor_batched,cpu,2048,10,1,2,0,3,toy4_gpu_core_neural_output_average_tensor_batched_2048_cpu_repeat02,1,neural_policy,output_average,post_step_state_policy,2.499797847121954e-05
toy4,neural_output_average,tensor_batched,tensor_batched,cpu,2048,10,1,2,0,3,toy4_gpu_core_neural_output_average_tensor_batched_2048_cpu_repeat02,1,neural_policy,output_average,update_payoff_ema,2.4936976842582226e-05
toy4,neural_output_average,tensor_batched,tensor_batched,cpu,2048,10,1,2,0,3,toy4_gpu_core_neural_output_average_tensor_batched_2048_cpu_repeat02,1,neural_policy,output_average,update_reputation_ema,2.277304884046316e-05
toy4,neural_output_average,tensor_batched,tensor_batched,cpu,2048,10,1,2,0,3,toy4_gpu_core_neural_output_average_tensor_batched_2048_cpu_repeat02,1,neural_policy,output_average,mobility_swaps,1.8805963918566704e-05
toy4,neural_output_average,tensor_batched,tensor_batched,cpu,2048,10,1,2,0,3,toy4_gpu_core_neural_output_average_tensor_batched_2048_cpu_repeat02,1,neural_policy,output_average,finalize_hook_step,7.344060577452183e-06
toy4,neural_output_average,tensor_batched,tensor_batched,cpu,2048,10,1,2,0,3,toy4_gpu_core_neural_output_average_tensor_batched_2048_cpu_repeat02,1,neural_policy,output_average,hooked_step_total,0.019965283921919763
toy4,neural_output_average,tensor_batched,tensor_batched,cpu,2048,10,1,2,0,3,toy4_gpu_core_neural_output_average_tensor_batched_2048_cpu_repeat02,1,neural_policy,output_average,aggregate_row,0.1748442059615627
toy4,neural_output_average,tensor_batched,tensor_batched,cpu,2048,10,1,2,0,3,toy4_gpu_core_neural_output_average_tensor_batched_2048_cpu_repeat02,1,neural_policy,output_average,write_aggregate,0.00011495908256620169
toy4,neural_output_average,tensor_batched,tensor_batched,cpu,2048,10,1,2,0,3,toy4_gpu_core_neural_output_average_tensor_batched_2048_cpu_repeat02,2,neural_policy,output_average,sample_revision_mask,5.6446995586156845e-05
toy4,neural_output_average,tensor_batched,tensor_batched,cpu,2048,10,1,2,0,3,toy4_gpu_core_neural_output_average_tensor_batched_2048_cpu_repeat02,2,neural_policy,output_average,build_step_context,1.3655982911586761e-05
toy4,neural_output_average,tensor_batched,tensor_batched,cpu,2048,10,1,2,0,3,toy4_gpu_core_neural_output_average_tensor_batched_2048_cpu_repeat02,2,neural_policy,output_average,build_observations,0.0015499149449169636
toy4,neural_output_average,tensor_batched,tensor_batched,cpu,2048,10,1,2,0,3,toy4_gpu_core_neural_output_average_tensor_batched_2048_cpu_repeat02,2,neural_policy,output_average,policy_readout,0.001700321095995605
toy4,neural_output_average,tensor_batched,tensor_batched,cpu,2048,10,1,2,0,3,toy4_gpu_core_neural_output_average_tensor_batched_2048_cpu_repeat02,2,neural_policy,output_average,decision_selection,0.0018606949597597122
toy4,neural_output_average,tensor_batched,tensor_batched,cpu,2048,10,1,2,0,3,toy4_gpu_core_neural_output_average_tensor_batched_2048_cpu_repeat02,2,neural_policy,output_average,local_trainable_parameters,0.000900551094673574
toy4,neural_output_average,tensor_batched,tensor_batched,cpu,2048,10,1,2,0,3,toy4_gpu_core_neural_output_average_tensor_batched_2048_cpu_repeat02,2,neural_policy,output_average,local_loss_forward,0.0013940290082246065
toy4,neural_output_average,tensor_batched,tensor_batched,cpu,2048,10,1,2,0,3,toy4_gpu_core_neural_output_average_tensor_batched_2048_cpu_repeat02,2,neural_policy,output_average,local_autograd_grad,0.001278148964047432
toy4,neural_output_average,tensor_batched,tensor_batched,cpu,2048,10,1,2,0,3,toy4_gpu_core_neural_output_average_tensor_batched_2048_cpu_repeat02,2,neural_policy,output_average,local_adam_update,0.003821550984866917
toy4,neural_output_average,tensor_batched,tensor_batched,cpu,2048,10,1,2,0,3,toy4_gpu_core_neural_output_average_tensor_batched_2048_cpu_repeat02,2,neural_policy,output_average,local_optimizer_update,0.00519856798928231
toy4,neural_output_average,tensor_batched,tensor_batched,cpu,2048,10,1,2,0,3,toy4_gpu_core_neural_output_average_tensor_batched_2048_cpu_repeat02,2,neural_policy,output_average,local_loss_update,0.006608756026253104
toy4,neural_output_average,tensor_batched,tensor_batched,cpu,2048,10,1,2,0,3,toy4_gpu_core_neural_output_average_tensor_batched_2048_cpu_repeat02,2,neural_policy,output_average,local_training,0.007556126918643713
toy4,neural_output_average,tensor_batched,tensor_batched,cpu,2048,10,1,2,0,3,toy4_gpu_core_neural_output_average_tensor_batched_2048_cpu_repeat02,2,neural_policy,output_average,cache_refresh,2.3739412426948547e-06
toy4,neural_output_average,tensor_batched,tensor_batched,cpu,2048,10,1,2,0,3,toy4_gpu_core_neural_output_average_tensor_batched_2048_cpu_repeat02,2,neural_policy,output_average,post_local_readout,0.0004446950042620301
toy4,neural_output_average,tensor_batched,tensor_batched,cpu,2048,10,1,2,0,3,toy4_gpu_core_neural_output_average_tensor_batched_2048_cpu_repeat02,2,neural_policy,output_average,local_step,0.013857128913514316
toy4,neural_output_average,tensor_batched,tensor_batched,cpu,2048,10,1,2,0,3,toy4_gpu_core_neural_output_average_tensor_batched_2048_cpu_repeat02,2,neural_policy,output_average,select_peers,5.449401214718819e-05
toy4,neural_output_average,tensor_batched,tensor_batched,cpu,2048,10,1,2,0,3,toy4_gpu_core_neural_output_average_tensor_batched_2048_cpu_repeat02,2,neural_policy,output_average,social_mix,0.00042333395686000586
toy4,neural_output_average,tensor_batched,tensor_batched,cpu,2048,10,1,2,0,3,toy4_gpu_core_neural_output_average_tensor_batched_2048_cpu_repeat02,2,neural_policy,output_average,social_loss_forward,0.0005164110334590077
toy4,neural_output_average,tensor_batched,tensor_batched,cpu,2048,10,1,2,0,3,toy4_gpu_core_neural_output_average_tensor_batched_2048_cpu_repeat02,2,neural_policy,output_average,social_autograd_grad,0.0010123540414497256
toy4,neural_output_average,tensor_batched,tensor_batched,cpu,2048,10,1,2,0,3,toy4_gpu_core_neural_output_average_tensor_batched_2048_cpu_repeat02,2,neural_policy,output_average,social_adam_update,0.0019301980501040816
toy4,neural_output_average,tensor_batched,tensor_batched,cpu,2048,10,1,2,0,3,toy4_gpu_core_neural_output_average_tensor_batched_2048_cpu_repeat02,2,neural_policy,output_average,social_optimizer_update,0.0034181639784947038
toy4,neural_output_average,tensor_batched,tensor_batched,cpu,2048,10,1,2,0,3,toy4_gpu_core_neural_output_average_tensor_batched_2048_cpu_repeat02,2,neural_policy,output_average,social_distillation,0.00511952699162066
toy4,neural_output_average,tensor_batched,tensor_batched,cpu,2048,10,1,2,0,3,toy4_gpu_core_neural_output_average_tensor_batched_2048_cpu_repeat02,2,neural_policy,output_average,social_step,0.005129987024702132
toy4,neural_output_average,tensor_batched,tensor_batched,cpu,2048,10,1,2,0,3,toy4_gpu_core_neural_output_average_tensor_batched_2048_cpu_repeat02,2,neural_policy,output_average,sample_actions,7.710186764597893e-07
toy4,neural_output_average,tensor_batched,tensor_batched,cpu,2048,10,1,2,0,3,toy4_gpu_core_neural_output_average_tensor_batched_2048_cpu_repeat02,2,neural_policy,output_average,commit_actions,3.3159740269184113e-06
toy4,neural_output_average,tensor_batched,tensor_batched,cpu,2048,10,1,2,0,3,toy4_gpu_core_neural_output_average_tensor_batched_2048_cpu_repeat02,2,neural_policy,output_average,post_step_state_policy,2.5599030777812004e-05
toy4,neural_output_average,tensor_batched,tensor_batched,cpu,2048,10,1,2,0,3,toy4_gpu_core_neural_output_average_tensor_batched_2048_cpu_repeat02,2,neural_policy,output_average,update_payoff_ema,3.0427007004618645e-05
toy4,neural_output_average,tensor_batched,tensor_batched,cpu,2048,10,1,2,0,3,toy4_gpu_core_neural_output_average_tensor_batched_2048_cpu_repeat02,2,neural_policy,output_average,update_reputation_ema,1.6261008568108082e-05
toy4,neural_output_average,tensor_batched,tensor_batched,cpu,2048,10,1,2,0,3,toy4_gpu_core_neural_output_average_tensor_batched_2048_cpu_repeat02,2,neural_policy,output_average,mobility_swaps,1.856498420238495e-05
toy4,neural_output_average,tensor_batched,tensor_batched,cpu,2048,10,1,2,0,3,toy4_gpu_core_neural_output_average_tensor_batched_2048_cpu_repeat02,2,neural_policy,output_average,finalize_hook_step,8.615897968411446e-06
toy4,neural_output_average,tensor_batched,tensor_batched,cpu,2048,10,1,2,0,3,toy4_gpu_core_neural_output_average_tensor_batched_2048_cpu_repeat02,2,neural_policy,output_average,hooked_step_total,0.019822903908789158
toy4,neural_output_average,tensor_batched,tensor_batched,cpu,2048,10,1,2,0,3,toy4_gpu_core_neural_output_average_tensor_batched_2048_cpu_repeat02,2,neural_policy,output_average,aggregate_row,0.14784892497118562
toy4,neural_output_average,tensor_batched,tensor_batched,cpu,2048,10,1,2,0,3,toy4_gpu_core_neural_output_average_tensor_batched_2048_cpu_repeat02,2,neural_policy,output_average,write_aggregate,8.273706771433353e-05
toy4,neural_output_average,tensor_batched,tensor_batched,cpu,2048,10,1,2,0,3,toy4_gpu_core_neural_output_average_tensor_batched_2048_cpu_repeat02,3,neural_policy,output_average,sample_revision_mask,2.8733978979289532e-05
toy4,neural_output_average,tensor_batched,tensor_batched,cpu,2048,10,1,2,0,3,toy4_gpu_core_neural_output_average_tensor_batched_2048_cpu_repeat02,3,neural_policy,output_average,build_step_context,7.794937118887901e-06
toy4,neural_output_average,tensor_batched,tensor_batched,cpu,2048,10,1,2,0,3,toy4_gpu_core_neural_output_average_tensor_batched_2048_cpu_repeat02,3,neural_policy,output_average,build_observations,0.0006756429793313146
toy4,neural_output_average,tensor_batched,tensor_batched,cpu,2048,10,1,2,0,3,toy4_gpu_core_neural_output_average_tensor_batched_2048_cpu_repeat02,3,neural_policy,output_average,policy_readout,0.0010927369585260749
toy4,neural_output_average,tensor_batched,tensor_batched,cpu,2048,10,1,2,0,3,toy4_gpu_core_neural_output_average_tensor_batched_2048_cpu_repeat02,3,neural_policy,output_average,decision_selection,0.0016787489876151085
toy4,neural_output_average,tensor_batched,tensor_batched,cpu,2048,10,1,2,0,3,toy4_gpu_core_neural_output_average_tensor_batched_2048_cpu_repeat02,3,neural_policy,output_average,local_trainable_parameters,0.0003793700598180294
toy4,neural_output_average,tensor_batched,tensor_batched,cpu,2048,10,1,2,0,3,toy4_gpu_core_neural_output_average_tensor_batched_2048_cpu_repeat02,3,neural_policy,output_average,local_loss_forward,0.0009214410092681646
toy4,neural_output_average,tensor_batched,tensor_batched,cpu,2048,10,1,2,0,3,toy4_gpu_core_neural_output_average_tensor_batched_2048_cpu_repeat02,3,neural_policy,output_average,local_autograd_grad,0.0010341750457882881
toy4,neural_output_average,tensor_batched,tensor_batched,cpu,2048,10,1,2,0,3,toy4_gpu_core_neural_output_average_tensor_batched_2048_cpu_repeat02,3,neural_policy,output_average,local_adam_update,0.0030701030045747757
toy4,neural_output_average,tensor_batched,tensor_batched,cpu,2048,10,1,2,0,3,toy4_gpu_core_neural_output_average_tensor_batched_2048_cpu_repeat02,3,neural_policy,output_average,local_optimizer_update,0.004195291083306074
toy4,neural_output_average,tensor_batched,tensor_batched,cpu,2048,10,1,2,0,3,toy4_gpu_core_neural_output_average_tensor_batched_2048_cpu_repeat02,3,neural_policy,output_average,local_loss_update,0.005128844059072435
toy4,neural_output_average,tensor_batched,tensor_batched,cpu,2048,10,1,2,0,3,toy4_gpu_core_neural_output_average_tensor_batched_2048_cpu_repeat02,3,neural_policy,output_average,local_training,0.0055439830757677555
toy4,neural_output_average,tensor_batched,tensor_batched,cpu,2048,10,1,2,0,3,toy4_gpu_core_neural_output_average_tensor_batched_2048_cpu_repeat02,3,neural_policy,output_average,cache_refresh,2.695014700293541e-06
toy4,neural_output_average,tensor_batched,tensor_batched,cpu,2048,10,1,2,0,3,toy4_gpu_core_neural_output_average_tensor_batched_2048_cpu_repeat02,3,neural_policy,output_average,post_local_readout,0.0003169020637869835
toy4,neural_output_average,tensor_batched,tensor_batched,cpu,2048,10,1,2,0,3,toy4_gpu_core_neural_output_average_tensor_batched_2048_cpu_repeat02,3,neural_policy,output_average,local_step,0.00994109793100506
toy4,neural_output_average,tensor_batched,tensor_batched,cpu,2048,10,1,2,0,3,toy4_gpu_core_neural_output_average_tensor_batched_2048_cpu_repeat02,3,neural_policy,output_average,select_peers,5.1356968469917774e-05
toy4,neural_output_average,tensor_batched,tensor_batched,cpu,2048,10,1,2,0,3,toy4_gpu_core_neural_output_average_tensor_batched_2048_cpu_repeat02,3,neural_policy,output_average,social_mix,0.0004312789533287287
toy4,neural_output_average,tensor_batched,tensor_batched,cpu,2048,10,1,2,0,3,toy4_gpu_core_neural_output_average_tensor_batched_2048_cpu_repeat02,3,neural_policy,output_average,social_loss_forward,0.00033397390507161617
toy4,neural_output_average,tensor_batched,tensor_batched,cpu,2048,10,1,2,0,3,toy4_gpu_core_neural_output_average_tensor_batched_2048_cpu_repeat02,3,neural_policy,output_average,social_autograd_grad,0.0008946500020101666
toy4,neural_output_average,tensor_batched,tensor_batched,cpu,2048,10,1,2,0,3,toy4_gpu_core_neural_output_average_tensor_batched_2048_cpu_repeat02,3,neural_policy,output_average,social_adam_update,0.0016214910428971052
toy4,neural_output_average,tensor_batched,tensor_batched,cpu,2048,10,1,2,0,3,toy4_gpu_core_neural_output_average_tensor_batched_2048_cpu_repeat02,3,neural_policy,output_average,social_optimizer_update,0.0029775670263916254
toy4,neural_output_average,tensor_batched,tensor_batched,cpu,2048,10,1,2,0,3,toy4_gpu_core_neural_output_average_tensor_batched_2048_cpu_repeat02,3,neural_policy,output_average,social_distillation,0.004466727026738226
toy4,neural_output_average,tensor_batched,tensor_batched,cpu,2048,10,1,2,0,3,toy4_gpu_core_neural_output_average_tensor_batched_2048_cpu_repeat02,3,neural_policy,output_average,social_step,0.004476435016840696
toy4,neural_output_average,tensor_batched,tensor_batched,cpu,2048,10,1,2,0,3,toy4_gpu_core_neural_output_average_tensor_batched_2048_cpu_repeat02,3,neural_policy,output_average,sample_actions,7.420312613248825e-07
toy4,neural_output_average,tensor_batched,tensor_batched,cpu,2048,10,1,2,0,3,toy4_gpu_core_neural_output_average_tensor_batched_2048_cpu_repeat02,3,neural_policy,output_average,commit_actions,3.276974894106388e-06
toy4,neural_output_average,tensor_batched,tensor_batched,cpu,2048,10,1,2,0,3,toy4_gpu_core_neural_output_average_tensor_batched_2048_cpu_repeat02,3,neural_policy,output_average,post_step_state_policy,2.242298796772957e-05
toy4,neural_output_average,tensor_batched,tensor_batched,cpu,2048,10,1,2,0,3,toy4_gpu_core_neural_output_average_tensor_batched_2048_cpu_repeat02,3,neural_policy,output_average,update_payoff_ema,2.725201193243265e-05
toy4,neural_output_average,tensor_batched,tensor_batched,cpu,2048,10,1,2,0,3,toy4_gpu_core_neural_output_average_tensor_batched_2048_cpu_repeat02,3,neural_policy,output_average,update_reputation_ema,1.550000160932541e-05
toy4,neural_output_average,tensor_batched,tensor_batched,cpu,2048,10,1,2,0,3,toy4_gpu_core_neural_output_average_tensor_batched_2048_cpu_repeat02,3,neural_policy,output_average,mobility_swaps,1.9085942767560482e-05
toy4,neural_output_average,tensor_batched,tensor_batched,cpu,2048,10,1,2,0,3,toy4_gpu_core_neural_output_average_tensor_batched_2048_cpu_repeat02,3,neural_policy,output_average,finalize_hook_step,8.626957423985004e-06
toy4,neural_output_average,tensor_batched,tensor_batched,cpu,2048,10,1,2,0,3,toy4_gpu_core_neural_output_average_tensor_batched_2048_cpu_repeat02,3,neural_policy,output_average,hooked_step_total,0.015140607953071594
toy4,neural_output_average,tensor_batched,tensor_batched,cpu,2048,10,1,2,0,3,toy4_gpu_core_neural_output_average_tensor_batched_2048_cpu_repeat02,3,neural_policy,output_average,aggregate_row,0.16598015499766916
toy4,neural_output_average,tensor_batched,tensor_batched,cpu,2048,10,1,2,0,3,toy4_gpu_core_neural_output_average_tensor_batched_2048_cpu_repeat02,3,neural_policy,output_average,write_aggregate,0.0001114819897338748
toy4,neural_output_average,tensor_batched,tensor_batched,cpu,2048,10,1,2,0,3,toy4_gpu_core_neural_output_average_tensor_batched_2048_cpu_repeat02,4,neural_policy,output_average,sample_revision_mask,3.875396214425564e-05
toy4,neural_output_average,tensor_batched,tensor_batched,cpu,2048,10,1,2,0,3,toy4_gpu_core_neural_output_average_tensor_batched_2048_cpu_repeat02,4,neural_policy,output_average,build_step_context,9.107054211199284e-06
toy4,neural_output_average,tensor_batched,tensor_batched,cpu,2048,10,1,2,0,3,toy4_gpu_core_neural_output_average_tensor_batched_2048_cpu_repeat02,4,neural_policy,output_average,build_observations,0.0008764049271121621
toy4,neural_output_average,tensor_batched,tensor_batched,cpu,2048,10,1,2,0,3,toy4_gpu_core_neural_output_average_tensor_batched_2048_cpu_repeat02,4,neural_policy,output_average,policy_readout,0.001630328013561666
toy4,neural_output_average,tensor_batched,tensor_batched,cpu,2048,10,1,2,0,3,toy4_gpu_core_neural_output_average_tensor_batched_2048_cpu_repeat02,4,neural_policy,output_average,decision_selection,0.0018803420243784785
toy4,neural_output_average,tensor_batched,tensor_batched,cpu,2048,10,1,2,0,3,toy4_gpu_core_neural_output_average_tensor_batched_2048_cpu_repeat02,4,neural_policy,output_average,local_trainable_parameters,0.0006569781107828021
toy4,neural_output_average,tensor_batched,tensor_batched,cpu,2048,10,1,2,0,3,toy4_gpu_core_neural_output_average_tensor_batched_2048_cpu_repeat02,4,neural_policy,output_average,local_loss_forward,0.0012341249966993928
toy4,neural_output_average,tensor_batched,tensor_batched,cpu,2048,10,1,2,0,3,toy4_gpu_core_neural_output_average_tensor_batched_2048_cpu_repeat02,4,neural_policy,output_average,local_autograd_grad,0.0013204589486122131
toy4,neural_output_average,tensor_batched,tensor_batched,cpu,2048,10,1,2,0,3,toy4_gpu_core_neural_output_average_tensor_batched_2048_cpu_repeat02,4,neural_policy,output_average,local_adam_update,0.0034786598989740014
toy4,neural_output_average,tensor_batched,tensor_batched,cpu,2048,10,1,2,0,3,toy4_gpu_core_neural_output_average_tensor_batched_2048_cpu_repeat02,4,neural_policy,output_average,local_optimizer_update,0.0049230740405619144
toy4,neural_output_average,tensor_batched,tensor_batched,cpu,2048,10,1,2,0,3,toy4_gpu_core_neural_output_average_tensor_batched_2048_cpu_repeat02,4,neural_policy,output_average,local_loss_update,0.00617325899656862
toy4,neural_output_average,tensor_batched,tensor_batched,cpu,2048,10,1,2,0,3,toy4_gpu_core_neural_output_average_tensor_batched_2048_cpu_repeat02,4,neural_policy,output_average,local_training,0.006894269958138466
toy4,neural_output_average,tensor_batched,tensor_batched,cpu,2048,10,1,2,0,3,toy4_gpu_core_neural_output_average_tensor_batched_2048_cpu_repeat02,4,neural_policy,output_average,cache_refresh,2.774992026388645e-06
toy4,neural_output_average,tensor_batched,tensor_batched,cpu,2048,10,1,2,0,3,toy4_gpu_core_neural_output_average_tensor_batched_2048_cpu_repeat02,4,neural_policy,output_average,post_local_readout,0.0004281429573893547
toy4,neural_output_average,tensor_batched,tensor_batched,cpu,2048,10,1,2,0,3,toy4_gpu_core_neural_output_average_tensor_batched_2048_cpu_repeat02,4,neural_policy,output_average,local_step,0.012639394961297512
toy4,neural_output_average,tensor_batched,tensor_batched,cpu,2048,10,1,2,0,3,toy4_gpu_core_neural_output_average_tensor_batched_2048_cpu_repeat02,4,neural_policy,output_average,select_peers,0.00010712293442338705
toy4,neural_output_average,tensor_batched,tensor_batched,cpu,2048,10,1,2,0,3,toy4_gpu_core_neural_output_average_tensor_batched_2048_cpu_repeat02,4,neural_policy,output_average,social_mix,0.0008056000806391239
toy4,neural_output_average,tensor_batched,tensor_batched,cpu,2048,10,1,2,0,3,toy4_gpu_core_neural_output_average_tensor_batched_2048_cpu_repeat02,4,neural_policy,output_average,social_loss_forward,0.0005401360103860497
toy4,neural_output_average,tensor_batched,tensor_batched,cpu,2048,10,1,2,0,3,toy4_gpu_core_neural_output_average_tensor_batched_2048_cpu_repeat02,4,neural_policy,output_average,social_autograd_grad,0.000951387919485569
toy4,neural_output_average,tensor_batched,tensor_batched,cpu,2048,10,1,2,0,3,toy4_gpu_core_neural_output_average_tensor_batched_2048_cpu_repeat02,4,neural_policy,output_average,social_adam_update,0.0030801219400018454
toy4,neural_output_average,tensor_batched,tensor_batched,cpu,2048,10,1,2,0,3,toy4_gpu_core_neural_output_average_tensor_batched_2048_cpu_repeat02,4,neural_policy,output_average,social_optimizer_update,0.004530388046987355
toy4,neural_output_average,tensor_batched,tensor_batched,cpu,2048,10,1,2,0,3,toy4_gpu_core_neural_output_average_tensor_batched_2048_cpu_repeat02,4,neural_policy,output_average,social_distillation,0.006592927034944296
toy4,neural_output_average,tensor_batched,tensor_batched,cpu,2048,10,1,2,0,3,toy4_gpu_core_neural_output_average_tensor_batched_2048_cpu_repeat02,4,neural_policy,output_average,social_step,0.006609678966924548
toy4,neural_output_average,tensor_batched,tensor_batched,cpu,2048,10,1,2,0,3,toy4_gpu_core_neural_output_average_tensor_batched_2048_cpu_repeat02,4,neural_policy,output_average,sample_actions,8.420320227742195e-07
toy4,neural_output_average,tensor_batched,tensor_batched,cpu,2048,10,1,2,0,3,toy4_gpu_core_neural_output_average_tensor_batched_2048_cpu_repeat02,4,neural_policy,output_average,commit_actions,3.3759279176592827e-06
toy4,neural_output_average,tensor_batched,tensor_batched,cpu,2048,10,1,2,0,3,toy4_gpu_core_neural_output_average_tensor_batched_2048_cpu_repeat02,4,neural_policy,output_average,post_step_state_policy,2.6399968191981316e-05
toy4,neural_output_average,tensor_batched,tensor_batched,cpu,2048,10,1,2,0,3,toy4_gpu_core_neural_output_average_tensor_batched_2048_cpu_repeat02,4,neural_policy,output_average,update_payoff_ema,2.2553023882210255e-05
toy4,neural_output_average,tensor_batched,tensor_batched,cpu,2048,10,1,2,0,3,toy4_gpu_core_neural_output_average_tensor_batched_2048_cpu_repeat02,4,neural_policy,output_average,update_reputation_ema,1.6250996850430965e-05
toy4,neural_output_average,tensor_batched,tensor_batched,cpu,2048,10,1,2,0,3,toy4_gpu_core_neural_output_average_tensor_batched_2048_cpu_repeat02,4,neural_policy,output_average,mobility_swaps,1.9117025658488274e-05
toy4,neural_output_average,tensor_batched,tensor_batched,cpu,2048,10,1,2,0,3,toy4_gpu_core_neural_output_average_tensor_batched_2048_cpu_repeat02,4,neural_policy,output_average,finalize_hook_step,8.375965990126133e-06
toy4,neural_output_average,tensor_batched,tensor_batched,cpu,2048,10,1,2,0,3,toy4_gpu_core_neural_output_average_tensor_batched_2048_cpu_repeat02,4,neural_policy,output_average,hooked_step_total,0.020263100042939186
toy4,neural_output_average,tensor_batched,tensor_batched,cpu,2048,10,1,2,0,3,toy4_gpu_core_neural_output_average_tensor_batched_2048_cpu_repeat02,4,neural_policy,output_average,aggregate_row,0.13845438498537987
toy4,neural_output_average,tensor_batched,tensor_batched,cpu,2048,10,1,2,0,3,toy4_gpu_core_neural_output_average_tensor_batched_2048_cpu_repeat02,4,neural_policy,output_average,write_aggregate,7.686601020395756e-05
toy4,neural_output_average,tensor_batched,tensor_batched,cpu,2048,10,1,2,0,3,toy4_gpu_core_neural_output_average_tensor_batched_2048_cpu_repeat02,5,neural_policy,output_average,sample_revision_mask,2.776295877993107e-05
toy4,neural_output_average,tensor_batched,tensor_batched,cpu,2048,10,1,2,0,3,toy4_gpu_core_neural_output_average_tensor_batched_2048_cpu_repeat02,5,neural_policy,output_average,build_step_context,7.64499418437481e-06
toy4,neural_output_average,tensor_batched,tensor_batched,cpu,2048,10,1,2,0,3,toy4_gpu_core_neural_output_average_tensor_batched_2048_cpu_repeat02,5,neural_policy,output_average,build_observations,0.0006600039778277278
toy4,neural_output_average,tensor_batched,tensor_batched,cpu,2048,10,1,2,0,3,toy4_gpu_core_neural_output_average_tensor_batched_2048_cpu_repeat02,5,neural_policy,output_average,policy_readout,0.0011806529946625233
toy4,neural_output_average,tensor_batched,tensor_batched,cpu,2048,10,1,2,0,3,toy4_gpu_core_neural_output_average_tensor_batched_2048_cpu_repeat02,5,neural_policy,output_average,decision_selection,0.00165655801538378
toy4,neural_output_average,tensor_batched,tensor_batched,cpu,2048,10,1,2,0,3,toy4_gpu_core_neural_output_average_tensor_batched_2048_cpu_repeat02,5,neural_policy,output_average,local_trainable_parameters,0.0003418601118028164
toy4,neural_output_average,tensor_batched,tensor_batched,cpu,2048,10,1,2,0,3,toy4_gpu_core_neural_output_average_tensor_batched_2048_cpu_repeat02,5,neural_policy,output_average,local_loss_forward,0.000987356062978506
toy4,neural_output_average,tensor_batched,tensor_batched,cpu,2048,10,1,2,0,3,toy4_gpu_core_neural_output_average_tensor_batched_2048_cpu_repeat02,5,neural_policy,output_average,local_autograd_grad,0.0012660560896620154
toy4,neural_output_average,tensor_batched,tensor_batched,cpu,2048,10,1,2,0,3,toy4_gpu_core_neural_output_average_tensor_batched_2048_cpu_repeat02,5,neural_policy,output_average,local_adam_update,0.003429095959290862
toy4,neural_output_average,tensor_batched,tensor_batched,cpu,2048,10,1,2,0,3,toy4_gpu_core_neural_output_average_tensor_batched_2048_cpu_repeat02,5,neural_policy,output_average,local_optimizer_update,0.004793127067387104
toy4,neural_output_average,tensor_batched,tensor_batched,cpu,2048,10,1,2,0,3,toy4_gpu_core_neural_output_average_tensor_batched_2048_cpu_repeat02,5,neural_policy,output_average,local_loss_update,0.00579892797395587
toy4,neural_output_average,tensor_batched,tensor_batched,cpu,2048,10,1,2,0,3,toy4_gpu_core_neural_output_average_tensor_batched_2048_cpu_repeat02,5,neural_policy,output_average,local_training,0.00617490301374346
toy4,neural_output_average,tensor_batched,tensor_batched,cpu,2048,10,1,2,0,3,toy4_gpu_core_neural_output_average_tensor_batched_2048_cpu_repeat02,5,neural_policy,output_average,cache_refresh,3.285938873887062e-06
toy4,neural_output_average,tensor_batched,tensor_batched,cpu,2048,10,1,2,0,3,toy4_gpu_core_neural_output_average_tensor_batched_2048_cpu_repeat02,5,neural_policy,output_average,post_local_readout,0.00038612401112914085
toy4,neural_output_average,tensor_batched,tensor_batched,cpu,2048,10,1,2,0,3,toy4_gpu_core_neural_output_average_tensor_batched_2048_cpu_repeat02,5,neural_policy,output_average,local_step,0.010747771011665463
toy4,neural_output_average,tensor_batched,tensor_batched,cpu,2048,10,1,2,0,3,toy4_gpu_core_neural_output_average_tensor_batched_2048_cpu_repeat02,5,neural_policy,output_average,select_peers,6.206799298524857e-05
toy4,neural_output_average,tensor_batched,tensor_batched,cpu,2048,10,1,2,0,3,toy4_gpu_core_neural_output_average_tensor_batched_2048_cpu_repeat02,5,neural_policy,output_average,social_mix,0.0004940190119668841
toy4,neural_output_average,tensor_batched,tensor_batched,cpu,2048,10,1,2,0,3,toy4_gpu_core_neural_output_average_tensor_batched_2048_cpu_repeat02,5,neural_policy,output_average,social_loss_forward,0.00041517894715070724
toy4,neural_output_average,tensor_batched,tensor_batched,cpu,2048,10,1,2,0,3,toy4_gpu_core_neural_output_average_tensor_batched_2048_cpu_repeat02,5,neural_policy,output_average,social_autograd_grad,0.0009580999612808228
toy4,neural_output_average,tensor_batched,tensor_batched,cpu,2048,10,1,2,0,3,toy4_gpu_core_neural_output_average_tensor_batched_2048_cpu_repeat02,5,neural_policy,output_average,social_adam_update,0.0024908119812607765
toy4,neural_output_average,tensor_batched,tensor_batched,cpu,2048,10,1,2,0,3,toy4_gpu_core_neural_output_average_tensor_batched_2048_cpu_repeat02,5,neural_policy,output_average,social_optimizer_update,0.003961668000556529
toy4,neural_output_average,tensor_batched,tensor_batched,cpu,2048,10,1,2,0,3,toy4_gpu_core_neural_output_average_tensor_batched_2048_cpu_repeat02,5,neural_policy,output_average,social_distillation,0.005765375099144876
toy4,neural_output_average,tensor_batched,tensor_batched,cpu,2048,10,1,2,0,3,toy4_gpu_core_neural_output_average_tensor_batched_2048_cpu_repeat02,5,neural_policy,output_average,social_step,0.005778909893706441
toy4,neural_output_average,tensor_batched,tensor_batched,cpu,2048,10,1,2,0,3,toy4_gpu_core_neural_output_average_tensor_batched_2048_cpu_repeat02,5,neural_policy,output_average,sample_actions,9.720679372549057e-07
toy4,neural_output_average,tensor_batched,tensor_batched,cpu,2048,10,1,2,0,3,toy4_gpu_core_neural_output_average_tensor_batched_2048_cpu_repeat02,5,neural_policy,output_average,commit_actions,4.187924787402153e-06
toy4,neural_output_average,tensor_batched,tensor_batched,cpu,2048,10,1,2,0,3,toy4_gpu_core_neural_output_average_tensor_batched_2048_cpu_repeat02,5,neural_policy,output_average,post_step_state_policy,3.2983021810650826e-05
toy4,neural_output_average,tensor_batched,tensor_batched,cpu,2048,10,1,2,0,3,toy4_gpu_core_neural_output_average_tensor_batched_2048_cpu_repeat02,5,neural_policy,output_average,update_payoff_ema,3.0878931283950806e-05
toy4,neural_output_average,tensor_batched,tensor_batched,cpu,2048,10,1,2,0,3,toy4_gpu_core_neural_output_average_tensor_batched_2048_cpu_repeat02,5,neural_policy,output_average,update_reputation_ema,2.1741027012467384e-05
toy4,neural_output_average,tensor_batched,tensor_batched,cpu,2048,10,1,2,0,3,toy4_gpu_core_neural_output_average_tensor_batched_2048_cpu_repeat02,5,neural_policy,output_average,mobility_swaps,2.592999953776598e-05
toy4,neural_output_average,tensor_batched,tensor_batched,cpu,2048,10,1,2,0,3,toy4_gpu_core_neural_output_average_tensor_batched_2048_cpu_repeat02,5,neural_policy,output_average,finalize_hook_step,1.3174954801797867e-05
toy4,neural_output_average,tensor_batched,tensor_batched,cpu,2048,10,1,2,0,3,toy4_gpu_core_neural_output_average_tensor_batched_2048_cpu_repeat02,5,neural_policy,output_average,hooked_step_total,0.017504438990727067
toy4,neural_output_average,tensor_batched,tensor_batched,cpu,2048,10,1,2,0,3,toy4_gpu_core_neural_output_average_tensor_batched_2048_cpu_repeat02,5,neural_policy,output_average,aggregate_row,0.1444999019149691
toy4,neural_output_average,tensor_batched,tensor_batched,cpu,2048,10,1,2,0,3,toy4_gpu_core_neural_output_average_tensor_batched_2048_cpu_repeat02,5,neural_policy,output_average,write_aggregate,8.960999548435211e-05
toy4,neural_output_average,tensor_batched,tensor_batched,cpu,2048,10,1,2,0,3,toy4_gpu_core_neural_output_average_tensor_batched_2048_cpu_repeat02,6,neural_policy,output_average,sample_revision_mask,3.4374999813735485e-05
toy4,neural_output_average,tensor_batched,tensor_batched,cpu,2048,10,1,2,0,3,toy4_gpu_core_neural_output_average_tensor_batched_2048_cpu_repeat02,6,neural_policy,output_average,build_step_context,7.675029337406158e-06
toy4,neural_output_average,tensor_batched,tensor_batched,cpu,2048,10,1,2,0,3,toy4_gpu_core_neural_output_average_tensor_batched_2048_cpu_repeat02,6,neural_policy,output_average,build_observations,0.0007419489556923509
toy4,neural_output_average,tensor_batched,tensor_batched,cpu,2048,10,1,2,0,3,toy4_gpu_core_neural_output_average_tensor_batched_2048_cpu_repeat02,6,neural_policy,output_average,policy_readout,0.0016186559805646539
toy4,neural_output_average,tensor_batched,tensor_batched,cpu,2048,10,1,2,0,3,toy4_gpu_core_neural_output_average_tensor_batched_2048_cpu_repeat02,6,neural_policy,output_average,decision_selection,0.0017644530162215233
toy4,neural_output_average,tensor_batched,tensor_batched,cpu,2048,10,1,2,0,3,toy4_gpu_core_neural_output_average_tensor_batched_2048_cpu_repeat02,6,neural_policy,output_average,local_trainable_parameters,0.0005032960325479507
toy4,neural_output_average,tensor_batched,tensor_batched,cpu,2048,10,1,2,0,3,toy4_gpu_core_neural_output_average_tensor_batched_2048_cpu_repeat02,6,neural_policy,output_average,local_loss_forward,0.0013031259877607226
toy4,neural_output_average,tensor_batched,tensor_batched,cpu,2048,10,1,2,0,3,toy4_gpu_core_neural_output_average_tensor_batched_2048_cpu_repeat02,6,neural_policy,output_average,local_autograd_grad,0.001230026944540441
toy4,neural_output_average,tensor_batched,tensor_batched,cpu,2048,10,1,2,0,3,toy4_gpu_core_neural_output_average_tensor_batched_2048_cpu_repeat02,6,neural_policy,output_average,local_adam_update,0.0030329120345413685
toy4,neural_output_average,tensor_batched,tensor_batched,cpu,2048,10,1,2,0,3,toy4_gpu_core_neural_output_average_tensor_batched_2048_cpu_repeat02,6,neural_policy,output_average,local_optimizer_update,0.0043552350252866745
toy4,neural_output_average,tensor_batched,tensor_batched,cpu,2048,10,1,2,0,3,toy4_gpu_core_neural_output_average_tensor_batched_2048_cpu_repeat02,6,neural_policy,output_average,local_loss_update,0.005670313024893403
toy4,neural_output_average,tensor_batched,tensor_batched,cpu,2048,10,1,2,0,3,toy4_gpu_core_neural_output_average_tensor_batched_2048_cpu_repeat02,6,neural_policy,output_average,local_training,0.006217372952960432
toy4,neural_output_average,tensor_batched,tensor_batched,cpu,2048,10,1,2,0,3,toy4_gpu_core_neural_output_average_tensor_batched_2048_cpu_repeat02,6,neural_policy,output_average,cache_refresh,2.3139873519539833e-06
toy4,neural_output_average,tensor_batched,tensor_batched,cpu,2048,10,1,2,0,3,toy4_gpu_core_neural_output_average_tensor_batched_2048_cpu_repeat02,6,neural_policy,output_average,post_local_readout,0.0002709749387577176
toy4,neural_output_average,tensor_batched,tensor_batched,cpu,2048,10,1,2,0,3,toy4_gpu_core_neural_output_average_tensor_batched_2048_cpu_repeat02,6,neural_policy,output_average,local_step,0.011289268964901567
toy4,neural_output_average,tensor_batched,tensor_batched,cpu,2048,10,1,2,0,3,toy4_gpu_core_neural_output_average_tensor_batched_2048_cpu_repeat02,6,neural_policy,output_average,select_peers,6.277009379118681e-05
toy4,neural_output_average,tensor_batched,tensor_batched,cpu,2048,10,1,2,0,3,toy4_gpu_core_neural_output_average_tensor_batched_2048_cpu_repeat02,6,neural_policy,output_average,social_mix,0.0005085560260340571
toy4,neural_output_average,tensor_batched,tensor_batched,cpu,2048,10,1,2,0,3,toy4_gpu_core_neural_output_average_tensor_batched_2048_cpu_repeat02,6,neural_policy,output_average,social_loss_forward,0.0004287549527361989
toy4,neural_output_average,tensor_batched,tensor_batched,cpu,2048,10,1,2,0,3,toy4_gpu_core_neural_output_average_tensor_batched_2048_cpu_repeat02,6,neural_policy,output_average,social_autograd_grad,0.0010765750193968415
toy4,neural_output_average,tensor_batched,tensor_batched,cpu,2048,10,1,2,0,3,toy4_gpu_core_neural_output_average_tensor_batched_2048_cpu_repeat02,6,neural_policy,output_average,social_adam_update,0.0025092880241572857
toy4,neural_output_average,tensor_batched,tensor_batched,cpu,2048,10,1,2,0,3,toy4_gpu_core_neural_output_average_tensor_batched_2048_cpu_repeat02,6,neural_policy,output_average,social_optimizer_update,0.004101793980225921
toy4,neural_output_average,tensor_batched,tensor_batched,cpu,2048,10,1,2,0,3,toy4_gpu_core_neural_output_average_tensor_batched_2048_cpu_repeat02,6,neural_policy,output_average,social_distillation,0.00597369996830821
toy4,neural_output_average,tensor_batched,tensor_batched,cpu,2048,10,1,2,0,3,toy4_gpu_core_neural_output_average_tensor_batched_2048_cpu_repeat02,6,neural_policy,output_average,social_step,0.005994890001602471
toy4,neural_output_average,tensor_batched,tensor_batched,cpu,2048,10,1,2,0,3,toy4_gpu_core_neural_output_average_tensor_batched_2048_cpu_repeat02,6,neural_policy,output_average,sample_actions,1.6529811546206474e-06
toy4,neural_output_average,tensor_batched,tensor_batched,cpu,2048,10,1,2,0,3,toy4_gpu_core_neural_output_average_tensor_batched_2048_cpu_repeat02,6,neural_policy,output_average,commit_actions,7.443944923579693e-06
toy4,neural_output_average,tensor_batched,tensor_batched,cpu,2048,10,1,2,0,3,toy4_gpu_core_neural_output_average_tensor_batched_2048_cpu_repeat02,6,neural_policy,output_average,post_step_state_policy,5.7480065152049065e-05
toy4,neural_output_average,tensor_batched,tensor_batched,cpu,2048,10,1,2,0,3,toy4_gpu_core_neural_output_average_tensor_batched_2048_cpu_repeat02,6,neural_policy,output_average,update_payoff_ema,5.466397851705551e-05
toy4,neural_output_average,tensor_batched,tensor_batched,cpu,2048,10,1,2,0,3,toy4_gpu_core_neural_output_average_tensor_batched_2048_cpu_repeat02,6,neural_policy,output_average,update_reputation_ema,3.735104110091925e-05
toy4,neural_output_average,tensor_batched,tensor_batched,cpu,2048,10,1,2,0,3,toy4_gpu_core_neural_output_average_tensor_batched_2048_cpu_repeat02,6,neural_policy,output_average,mobility_swaps,5.291006527841091e-05
toy4,neural_output_average,tensor_batched,tensor_batched,cpu,2048,10,1,2,0,3,toy4_gpu_core_neural_output_average_tensor_batched_2048_cpu_repeat02,6,neural_policy,output_average,finalize_hook_step,2.1249987185001373e-05
toy4,neural_output_average,tensor_batched,tensor_batched,cpu,2048,10,1,2,0,3,toy4_gpu_core_neural_output_average_tensor_batched_2048_cpu_repeat02,6,neural_policy,output_average,hooked_step_total,0.018451337004080415
toy4,neural_output_average,tensor_batched,tensor_batched,cpu,2048,10,1,2,0,3,toy4_gpu_core_neural_output_average_tensor_batched_2048_cpu_repeat02,6,neural_policy,output_average,aggregate_row,0.15734221308957785
toy4,neural_output_average,tensor_batched,tensor_batched,cpu,2048,10,1,2,0,3,toy4_gpu_core_neural_output_average_tensor_batched_2048_cpu_repeat02,6,neural_policy,output_average,write_aggregate,9.239499922841787e-05
toy4,neural_output_average,tensor_batched,tensor_batched,cpu,2048,10,1,2,0,3,toy4_gpu_core_neural_output_average_tensor_batched_2048_cpu_repeat02,7,neural_policy,output_average,sample_revision_mask,3.3693970181047916e-05
toy4,neural_output_average,tensor_batched,tensor_batched,cpu,2048,10,1,2,0,3,toy4_gpu_core_neural_output_average_tensor_batched_2048_cpu_repeat02,7,neural_policy,output_average,build_step_context,9.798095561563969e-06
toy4,neural_output_average,tensor_batched,tensor_batched,cpu,2048,10,1,2,0,3,toy4_gpu_core_neural_output_average_tensor_batched_2048_cpu_repeat02,7,neural_policy,output_average,build_observations,0.0006425200263038278
toy4,neural_output_average,tensor_batched,tensor_batched,cpu,2048,10,1,2,0,3,toy4_gpu_core_neural_output_average_tensor_batched_2048_cpu_repeat02,7,neural_policy,output_average,policy_readout,0.0011077249655500054
toy4,neural_output_average,tensor_batched,tensor_batched,cpu,2048,10,1,2,0,3,toy4_gpu_core_neural_output_average_tensor_batched_2048_cpu_repeat02,7,neural_policy,output_average,decision_selection,0.0019704640144482255
toy4,neural_output_average,tensor_batched,tensor_batched,cpu,2048,10,1,2,0,3,toy4_gpu_core_neural_output_average_tensor_batched_2048_cpu_repeat02,7,neural_policy,output_average,local_trainable_parameters,0.0006865650648251176
toy4,neural_output_average,tensor_batched,tensor_batched,cpu,2048,10,1,2,0,3,toy4_gpu_core_neural_output_average_tensor_batched_2048_cpu_repeat02,7,neural_policy,output_average,local_loss_forward,0.0013768560020253062
toy4,neural_output_average,tensor_batched,tensor_batched,cpu,2048,10,1,2,0,3,toy4_gpu_core_neural_output_average_tensor_batched_2048_cpu_repeat02,7,neural_policy,output_average,local_autograd_grad,0.0013627189910039306
toy4,neural_output_average,tensor_batched,tensor_batched,cpu,2048,10,1,2,0,3,toy4_gpu_core_neural_output_average_tensor_batched_2048_cpu_repeat02,7,neural_policy,output_average,local_adam_update,0.004015589947812259
toy4,neural_output_average,tensor_batched,tensor_batched,cpu,2048,10,1,2,0,3,toy4_gpu_core_neural_output_average_tensor_batched_2048_cpu_repeat02,7,neural_policy,output_average,local_optimizer_update,0.0055043179308995605
toy4,neural_output_average,tensor_batched,tensor_batched,cpu,2048,10,1,2,0,3,toy4_gpu_core_neural_output_average_tensor_batched_2048_cpu_repeat02,7,neural_policy,output_average,local_loss_update,0.006893928977660835
toy4,neural_output_average,tensor_batched,tensor_batched,cpu,2048,10,1,2,0,3,toy4_gpu_core_neural_output_average_tensor_batched_2048_cpu_repeat02,7,neural_policy,output_average,local_training,0.00763777201063931
toy4,neural_output_average,tensor_batched,tensor_batched,cpu,2048,10,1,2,0,3,toy4_gpu_core_neural_output_average_tensor_batched_2048_cpu_repeat02,7,neural_policy,output_average,cache_refresh,2.0239967852830887e-06
toy4,neural_output_average,tensor_batched,tensor_batched,cpu,2048,10,1,2,0,3,toy4_gpu_core_neural_output_average_tensor_batched_2048_cpu_repeat02,7,neural_policy,output_average,post_local_readout,0.0003733099438250065
toy4,neural_output_average,tensor_batched,tensor_batched,cpu,2048,10,1,2,0,3,toy4_gpu_core_neural_output_average_tensor_batched_2048_cpu_repeat02,7,neural_policy,output_average,local_step,0.012384010013192892
toy4,neural_output_average,tensor_batched,tensor_batched,cpu,2048,10,1,2,0,3,toy4_gpu_core_neural_output_average_tensor_batched_2048_cpu_repeat02,7,neural_policy,output_average,select_peers,7.392093539237976e-05
toy4,neural_output_average,tensor_batched,tensor_batched,cpu,2048,10,1,2,0,3,toy4_gpu_core_neural_output_average_tensor_batched_2048_cpu_repeat02,7,neural_policy,output_average,social_mix,0.0004941289080306888
toy4,neural_output_average,tensor_batched,tensor_batched,cpu,2048,10,1,2,0,3,toy4_gpu_core_neural_output_average_tensor_batched_2048_cpu_repeat02,7,neural_policy,output_average,social_loss_forward,0.0005100989947095513
toy4,neural_output_average,tensor_batched,tensor_batched,cpu,2048,10,1,2,0,3,toy4_gpu_core_neural_output_average_tensor_batched_2048_cpu_repeat02,7,neural_policy,output_average,social_autograd_grad,0.0009840390412136912
toy4,neural_output_average,tensor_batched,tensor_batched,cpu,2048,10,1,2,0,3,toy4_gpu_core_neural_output_average_tensor_batched_2048_cpu_repeat02,7,neural_policy,output_average,social_adam_update,0.0017767560202628374
toy4,neural_output_average,tensor_batched,tensor_batched,cpu,2048,10,1,2,0,3,toy4_gpu_core_neural_output_average_tensor_batched_2048_cpu_repeat02,7,neural_policy,output_average,social_optimizer_update,0.003232792019844055
toy4,neural_output_average,tensor_batched,tensor_batched,cpu,2048,10,1,2,0,3,toy4_gpu_core_neural_output_average_tensor_batched_2048_cpu_repeat02,7,neural_policy,output_average,social_distillation,0.0050172730116173625
toy4,neural_output_average,tensor_batched,tensor_batched,cpu,2048,10,1,2,0,3,toy4_gpu_core_neural_output_average_tensor_batched_2048_cpu_repeat02,7,neural_policy,output_average,social_step,0.005031269043684006
toy4,neural_output_average,tensor_batched,tensor_batched,cpu,2048,10,1,2,0,3,toy4_gpu_core_neural_output_average_tensor_batched_2048_cpu_repeat02,7,neural_policy,output_average,sample_actions,8.420320227742195e-07
toy4,neural_output_average,tensor_batched,tensor_batched,cpu,2048,10,1,2,0,3,toy4_gpu_core_neural_output_average_tensor_batched_2048_cpu_repeat02,7,neural_policy,output_average,commit_actions,3.4659169614315033e-06
toy4,neural_output_average,tensor_batched,tensor_batched,cpu,2048,10,1,2,0,3,toy4_gpu_core_neural_output_average_tensor_batched_2048_cpu_repeat02,7,neural_policy,output_average,post_step_state_policy,2.2292952053248882e-05
toy4,neural_output_average,tensor_batched,tensor_batched,cpu,2048,10,1,2,0,3,toy4_gpu_core_neural_output_average_tensor_batched_2048_cpu_repeat02,7,neural_policy,output_average,update_payoff_ema,2.9686023481190205e-05
toy4,neural_output_average,tensor_batched,tensor_batched,cpu,2048,10,1,2,0,3,toy4_gpu_core_neural_output_average_tensor_batched_2048_cpu_repeat02,7,neural_policy,output_average,update_reputation_ema,1.4588003978133202e-05
toy4,neural_output_average,tensor_batched,tensor_batched,cpu,2048,10,1,2,0,3,toy4_gpu_core_neural_output_average_tensor_batched_2048_cpu_repeat02,7,neural_policy,output_average,mobility_swaps,1.8454971723258495e-05
toy4,neural_output_average,tensor_batched,tensor_batched,cpu,2048,10,1,2,0,3,toy4_gpu_core_neural_output_average_tensor_batched_2048_cpu_repeat02,7,neural_policy,output_average,finalize_hook_step,8.677016012370586e-06
toy4,neural_output_average,tensor_batched,tensor_batched,cpu,2048,10,1,2,0,3,toy4_gpu_core_neural_output_average_tensor_batched_2048_cpu_repeat02,7,neural_policy,output_average,hooked_step_total,0.01829711499158293
toy4,neural_output_average,tensor_batched,tensor_batched,cpu,2048,10,1,2,0,3,toy4_gpu_core_neural_output_average_tensor_batched_2048_cpu_repeat02,7,neural_policy,output_average,aggregate_row,0.13017598702572286
toy4,neural_output_average,tensor_batched,tensor_batched,cpu,2048,10,1,2,0,3,toy4_gpu_core_neural_output_average_tensor_batched_2048_cpu_repeat02,7,neural_policy,output_average,write_aggregate,7.616402581334114e-05
toy4,neural_output_average,tensor_batched,tensor_batched,cpu,2048,10,1,2,0,3,toy4_gpu_core_neural_output_average_tensor_batched_2048_cpu_repeat02,8,neural_policy,output_average,sample_revision_mask,2.4066073819994926e-05
toy4,neural_output_average,tensor_batched,tensor_batched,cpu,2048,10,1,2,0,3,toy4_gpu_core_neural_output_average_tensor_batched_2048_cpu_repeat02,8,neural_policy,output_average,build_step_context,7.6639698818326e-06
toy4,neural_output_average,tensor_batched,tensor_batched,cpu,2048,10,1,2,0,3,toy4_gpu_core_neural_output_average_tensor_batched_2048_cpu_repeat02,8,neural_policy,output_average,build_observations,0.0005854429909959435
toy4,neural_output_average,tensor_batched,tensor_batched,cpu,2048,10,1,2,0,3,toy4_gpu_core_neural_output_average_tensor_batched_2048_cpu_repeat02,8,neural_policy,output_average,policy_readout,0.0016629400197416544
toy4,neural_output_average,tensor_batched,tensor_batched,cpu,2048,10,1,2,0,3,toy4_gpu_core_neural_output_average_tensor_batched_2048_cpu_repeat02,8,neural_policy,output_average,decision_selection,0.0016086369287222624
toy4,neural_output_average,tensor_batched,tensor_batched,cpu,2048,10,1,2,0,3,toy4_gpu_core_neural_output_average_tensor_batched_2048_cpu_repeat02,8,neural_policy,output_average,local_trainable_parameters,0.0002750930143520236
toy4,neural_output_average,tensor_batched,tensor_batched,cpu,2048,10,1,2,0,3,toy4_gpu_core_neural_output_average_tensor_batched_2048_cpu_repeat02,8,neural_policy,output_average,local_loss_forward,0.0006738400552421808
toy4,neural_output_average,tensor_batched,tensor_batched,cpu,2048,10,1,2,0,3,toy4_gpu_core_neural_output_average_tensor_batched_2048_cpu_repeat02,8,neural_policy,output_average,local_autograd_grad,0.0010935679310932755
toy4,neural_output_average,tensor_batched,tensor_batched,cpu,2048,10,1,2,0,3,toy4_gpu_core_neural_output_average_tensor_batched_2048_cpu_repeat02,8,neural_policy,output_average,local_adam_update,0.0023912129690870643
toy4,neural_output_average,tensor_batched,tensor_batched,cpu,2048,10,1,2,0,3,toy4_gpu_core_neural_output_average_tensor_batched_2048_cpu_repeat02,8,neural_policy,output_average,local_optimizer_update,0.003578228992410004
toy4,neural_output_average,tensor_batched,tensor_batched,cpu,2048,10,1,2,0,3,toy4_gpu_core_neural_output_average_tensor_batched_2048_cpu_repeat02,8,neural_policy,output_average,local_loss_update,0.004264563089236617
toy4,neural_output_average,tensor_batched,tensor_batched,cpu,2048,10,1,2,0,3,toy4_gpu_core_neural_output_average_tensor_batched_2048_cpu_repeat02,8,neural_policy,output_average,local_training,0.004577226005494595
toy4,neural_output_average,tensor_batched,tensor_batched,cpu,2048,10,1,2,0,3,toy4_gpu_core_neural_output_average_tensor_batched_2048_cpu_repeat02,8,neural_policy,output_average,cache_refresh,4.319008439779282e-06
toy4,neural_output_average,tensor_batched,tensor_batched,cpu,2048,10,1,2,0,3,toy4_gpu_core_neural_output_average_tensor_batched_2048_cpu_repeat02,8,neural_policy,output_average,post_local_readout,0.0003068129299208522
toy4,neural_output_average,tensor_batched,tensor_batched,cpu,2048,10,1,2,0,3,toy4_gpu_core_neural_output_average_tensor_batched_2048_cpu_repeat02,8,neural_policy,output_average,local_step,0.00959402893204242
toy4,neural_output_average,tensor_batched,tensor_batched,cpu,2048,10,1,2,0,3,toy4_gpu_core_neural_output_average_tensor_batched_2048_cpu_repeat02,8,neural_policy,output_average,select_peers,0.00010407809168100357
toy4,neural_output_average,tensor_batched,tensor_batched,cpu,2048,10,1,2,0,3,toy4_gpu_core_neural_output_average_tensor_batched_2048_cpu_repeat02,8,neural_policy,output_average,social_mix,0.0005319810006767511
toy4,neural_output_average,tensor_batched,tensor_batched,cpu,2048,10,1,2,0,3,toy4_gpu_core_neural_output_average_tensor_batched_2048_cpu_repeat02,8,neural_policy,output_average,social_loss_forward,0.000355385011062026
toy4,neural_output_average,tensor_batched,tensor_batched,cpu,2048,10,1,2,0,3,toy4_gpu_core_neural_output_average_tensor_batched_2048_cpu_repeat02,8,neural_policy,output_average,social_autograd_grad,0.0007227129535749555
toy4,neural_output_average,tensor_batched,tensor_batched,cpu,2048,10,1,2,0,3,toy4_gpu_core_neural_output_average_tensor_batched_2048_cpu_repeat02,8,neural_policy,output_average,social_adam_update,0.001258490956388414
toy4,neural_output_average,tensor_batched,tensor_batched,cpu,2048,10,1,2,0,3,toy4_gpu_core_neural_output_average_tensor_batched_2048_cpu_repeat02,8,neural_policy,output_average,social_optimizer_update,0.002443572971969843
toy4,neural_output_average,tensor_batched,tensor_batched,cpu,2048,10,1,2,0,3,toy4_gpu_core_neural_output_average_tensor_batched_2048_cpu_repeat02,8,neural_policy,output_average,social_distillation,0.003959593013860285
toy4,neural_output_average,tensor_batched,tensor_batched,cpu,2048,10,1,2,0,3,toy4_gpu_core_neural_output_average_tensor_batched_2048_cpu_repeat02,8,neural_policy,output_average,social_step,0.003974000923335552
toy4,neural_output_average,tensor_batched,tensor_batched,cpu,2048,10,1,2,0,3,toy4_gpu_core_neural_output_average_tensor_batched_2048_cpu_repeat02,8,neural_policy,output_average,sample_actions,8.019851520657539e-07
toy4,neural_output_average,tensor_batched,tensor_batched,cpu,2048,10,1,2,0,3,toy4_gpu_core_neural_output_average_tensor_batched_2048_cpu_repeat02,8,neural_policy,output_average,commit_actions,5.510984919965267e-06
toy4,neural_output_average,tensor_batched,tensor_batched,cpu,2048,10,1,2,0,3,toy4_gpu_core_neural_output_average_tensor_batched_2048_cpu_repeat02,8,neural_policy,output_average,post_step_state_policy,3.4495024010539055e-05
toy4,neural_output_average,tensor_batched,tensor_batched,cpu,2048,10,1,2,0,3,toy4_gpu_core_neural_output_average_tensor_batched_2048_cpu_repeat02,8,neural_policy,output_average,update_payoff_ema,2.1581072360277176e-05
toy4,neural_output_average,tensor_batched,tensor_batched,cpu,2048,10,1,2,0,3,toy4_gpu_core_neural_output_average_tensor_batched_2048_cpu_repeat02,8,neural_policy,output_average,update_reputation_ema,2.6060035452246666e-05
toy4,neural_output_average,tensor_batched,tensor_batched,cpu,2048,10,1,2,0,3,toy4_gpu_core_neural_output_average_tensor_batched_2048_cpu_repeat02,8,neural_policy,output_average,mobility_swaps,2.248294185847044e-05
toy4,neural_output_average,tensor_batched,tensor_batched,cpu,2048,10,1,2,0,3,toy4_gpu_core_neural_output_average_tensor_batched_2048_cpu_repeat02,8,neural_policy,output_average,finalize_hook_step,7.224036380648613e-06
toy4,neural_output_average,tensor_batched,tensor_batched,cpu,2048,10,1,2,0,3,toy4_gpu_core_neural_output_average_tensor_batched_2048_cpu_repeat02,8,neural_policy,output_average,hooked_step_total,0.014674242003820837
toy4,neural_output_average,tensor_batched,tensor_batched,cpu,2048,10,1,2,0,3,toy4_gpu_core_neural_output_average_tensor_batched_2048_cpu_repeat02,8,neural_policy,output_average,aggregate_row,0.12851608206983656
toy4,neural_output_average,tensor_batched,tensor_batched,cpu,2048,10,1,2,0,3,toy4_gpu_core_neural_output_average_tensor_batched_2048_cpu_repeat02,8,neural_policy,output_average,write_aggregate,7.809803355485201e-05
toy4,neural_output_average,tensor_batched,tensor_batched,cpu,2048,10,1,2,0,3,toy4_gpu_core_neural_output_average_tensor_batched_2048_cpu_repeat02,9,neural_policy,output_average,sample_revision_mask,2.747203689068556e-05
toy4,neural_output_average,tensor_batched,tensor_batched,cpu,2048,10,1,2,0,3,toy4_gpu_core_neural_output_average_tensor_batched_2048_cpu_repeat02,9,neural_policy,output_average,build_step_context,7.563969120383263e-06
toy4,neural_output_average,tensor_batched,tensor_batched,cpu,2048,10,1,2,0,3,toy4_gpu_core_neural_output_average_tensor_batched_2048_cpu_repeat02,9,neural_policy,output_average,build_observations,0.000593957956880331
toy4,neural_output_average,tensor_batched,tensor_batched,cpu,2048,10,1,2,0,3,toy4_gpu_core_neural_output_average_tensor_batched_2048_cpu_repeat02,9,neural_policy,output_average,policy_readout,0.0011261890176683664
toy4,neural_output_average,tensor_batched,tensor_batched,cpu,2048,10,1,2,0,3,toy4_gpu_core_neural_output_average_tensor_batched_2048_cpu_repeat02,9,neural_policy,output_average,decision_selection,0.0016451859846711159
toy4,neural_output_average,tensor_batched,tensor_batched,cpu,2048,10,1,2,0,3,toy4_gpu_core_neural_output_average_tensor_batched_2048_cpu_repeat02,9,neural_policy,output_average,local_trainable_parameters,0.0004065419780090451
toy4,neural_output_average,tensor_batched,tensor_batched,cpu,2048,10,1,2,0,3,toy4_gpu_core_neural_output_average_tensor_batched_2048_cpu_repeat02,9,neural_policy,output_average,local_loss_forward,0.0010234150104224682
toy4,neural_output_average,tensor_batched,tensor_batched,cpu,2048,10,1,2,0,3,toy4_gpu_core_neural_output_average_tensor_batched_2048_cpu_repeat02,9,neural_policy,output_average,local_autograd_grad,0.0011079650139436126
toy4,neural_output_average,tensor_batched,tensor_batched,cpu,2048,10,1,2,0,3,toy4_gpu_core_neural_output_average_tensor_batched_2048_cpu_repeat02,9,neural_policy,output_average,local_adam_update,0.0023823759984225035
toy4,neural_output_average,tensor_batched,tensor_batched,cpu,2048,10,1,2,0,3,toy4_gpu_core_neural_output_average_tensor_batched_2048_cpu_repeat02,9,neural_policy,output_average,local_optimizer_update,0.0035784690408036113
toy4,neural_output_average,tensor_batched,tensor_batched,cpu,2048,10,1,2,0,3,toy4_gpu_core_neural_output_average_tensor_batched_2048_cpu_repeat02,9,neural_policy,output_average,local_loss_update,0.00461537903174758
toy4,neural_output_average,tensor_batched,tensor_batched,cpu,2048,10,1,2,0,3,toy4_gpu_core_neural_output_average_tensor_batched_2048_cpu_repeat02,9,neural_policy,output_average,local_training,0.0050553749315440655
toy4,neural_output_average,tensor_batched,tensor_batched,cpu,2048,10,1,2,0,3,toy4_gpu_core_neural_output_average_tensor_batched_2048_cpu_repeat02,9,neural_policy,output_average,cache_refresh,1.842970959842205e-06
toy4,neural_output_average,tensor_batched,tensor_batched,cpu,2048,10,1,2,0,3,toy4_gpu_core_neural_output_average_tensor_batched_2048_cpu_repeat02,9,neural_policy,output_average,post_local_readout,0.0003242760431021452
toy4,neural_output_average,tensor_batched,tensor_batched,cpu,2048,10,1,2,0,3,toy4_gpu_core_neural_output_average_tensor_batched_2048_cpu_repeat02,9,neural_policy,output_average,local_step,0.009370984975248575
toy4,neural_output_average,tensor_batched,tensor_batched,cpu,2048,10,1,2,0,3,toy4_gpu_core_neural_output_average_tensor_batched_2048_cpu_repeat02,9,neural_policy,output_average,select_peers,5.9193000197410583e-05
toy4,neural_output_average,tensor_batched,tensor_batched,cpu,2048,10,1,2,0,3,toy4_gpu_core_neural_output_average_tensor_batched_2048_cpu_repeat02,9,neural_policy,output_average,social_mix,0.00041617092210799456
toy4,neural_output_average,tensor_batched,tensor_batched,cpu,2048,10,1,2,0,3,toy4_gpu_core_neural_output_average_tensor_batched_2048_cpu_repeat02,9,neural_policy,output_average,social_loss_forward,0.0003856020048260689
toy4,neural_output_average,tensor_batched,tensor_batched,cpu,2048,10,1,2,0,3,toy4_gpu_core_neural_output_average_tensor_batched_2048_cpu_repeat02,9,neural_policy,output_average,social_autograd_grad,0.0010364599293097854
toy4,neural_output_average,tensor_batched,tensor_batched,cpu,2048,10,1,2,0,3,toy4_gpu_core_neural_output_average_tensor_batched_2048_cpu_repeat02,9,neural_policy,output_average,social_adam_update,0.0018251780420541763
toy4,neural_output_average,tensor_batched,tensor_batched,cpu,2048,10,1,2,0,3,toy4_gpu_core_neural_output_average_tensor_batched_2048_cpu_repeat02,9,neural_policy,output_average,social_optimizer_update,0.0033195270225405693
toy4,neural_output_average,tensor_batched,tensor_batched,cpu,2048,10,1,2,0,3,toy4_gpu_core_neural_output_average_tensor_batched_2048_cpu_repeat02,9,neural_policy,output_average,social_distillation,0.004856667015701532
toy4,neural_output_average,tensor_batched,tensor_batched,cpu,2048,10,1,2,0,3,toy4_gpu_core_neural_output_average_tensor_batched_2048_cpu_repeat02,9,neural_policy,output_average,social_step,0.004868781077675521
toy4,neural_output_average,tensor_batched,tensor_batched,cpu,2048,10,1,2,0,3,toy4_gpu_core_neural_output_average_tensor_batched_2048_cpu_repeat02,9,neural_policy,output_average,sample_actions,7.810303941369057e-07
toy4,neural_output_average,tensor_batched,tensor_batched,cpu,2048,10,1,2,0,3,toy4_gpu_core_neural_output_average_tensor_batched_2048_cpu_repeat02,9,neural_policy,output_average,commit_actions,3.1759263947606087e-06
toy4,neural_output_average,tensor_batched,tensor_batched,cpu,2048,10,1,2,0,3,toy4_gpu_core_neural_output_average_tensor_batched_2048_cpu_repeat02,9,neural_policy,output_average,post_step_state_policy,2.304394729435444e-05
toy4,neural_output_average,tensor_batched,tensor_batched,cpu,2048,10,1,2,0,3,toy4_gpu_core_neural_output_average_tensor_batched_2048_cpu_repeat02,9,neural_policy,output_average,update_payoff_ema,2.492696512490511e-05
toy4,neural_output_average,tensor_batched,tensor_batched,cpu,2048,10,1,2,0,3,toy4_gpu_core_neural_output_average_tensor_batched_2048_cpu_repeat02,9,neural_policy,output_average,update_reputation_ema,2.418598160147667e-05
toy4,neural_output_average,tensor_batched,tensor_batched,cpu,2048,10,1,2,0,3,toy4_gpu_core_neural_output_average_tensor_batched_2048_cpu_repeat02,9,neural_policy,output_average,mobility_swaps,1.856498420238495e-05
toy4,neural_output_average,tensor_batched,tensor_batched,cpu,2048,10,1,2,0,3,toy4_gpu_core_neural_output_average_tensor_batched_2048_cpu_repeat02,9,neural_policy,output_average,finalize_hook_step,8.035101927816868e-06
toy4,neural_output_average,tensor_batched,tensor_batched,cpu,2048,10,1,2,0,3,toy4_gpu_core_neural_output_average_tensor_batched_2048_cpu_repeat02,9,neural_policy,output_average,hooked_step_total,0.015047730063088238
toy4,neural_output_average,tensor_batched,tensor_batched,cpu,2048,10,1,2,0,3,toy4_gpu_core_neural_output_average_tensor_batched_2048_cpu_repeat02,9,neural_policy,output_average,aggregate_row,0.10725799191277474
toy4,neural_output_average,tensor_batched,tensor_batched,cpu,2048,10,1,2,0,3,toy4_gpu_core_neural_output_average_tensor_batched_2048_cpu_repeat02,9,neural_policy,output_average,write_aggregate,9.84469661489129e-05
toy4,neural_output_average,tensor_batched,tensor_batched,cpu,2048,10,1,2,0,3,toy4_gpu_core_neural_output_average_tensor_batched_2048_cpu_repeat02,10,neural_policy,output_average,sample_revision_mask,3.5556964576244354e-05
toy4,neural_output_average,tensor_batched,tensor_batched,cpu,2048,10,1,2,0,3,toy4_gpu_core_neural_output_average_tensor_batched_2048_cpu_repeat02,10,neural_policy,output_average,build_step_context,1.31949782371521e-05
toy4,neural_output_average,tensor_batched,tensor_batched,cpu,2048,10,1,2,0,3,toy4_gpu_core_neural_output_average_tensor_batched_2048_cpu_repeat02,10,neural_policy,output_average,build_observations,0.0010176929645240307
toy4,neural_output_average,tensor_batched,tensor_batched,cpu,2048,10,1,2,0,3,toy4_gpu_core_neural_output_average_tensor_batched_2048_cpu_repeat02,10,neural_policy,output_average,policy_readout,0.0011851419694721699
toy4,neural_output_average,tensor_batched,tensor_batched,cpu,2048,10,1,2,0,3,toy4_gpu_core_neural_output_average_tensor_batched_2048_cpu_repeat02,10,neural_policy,output_average,decision_selection,0.0015687600243836641
toy4,neural_output_average,tensor_batched,tensor_batched,cpu,2048,10,1,2,0,3,toy4_gpu_core_neural_output_average_tensor_batched_2048_cpu_repeat02,10,neural_policy,output_average,local_trainable_parameters,0.0002069129841402173
toy4,neural_output_average,tensor_batched,tensor_batched,cpu,2048,10,1,2,0,3,toy4_gpu_core_neural_output_average_tensor_batched_2048_cpu_repeat02,10,neural_policy,output_average,local_loss_forward,0.0008817249909043312
toy4,neural_output_average,tensor_batched,tensor_batched,cpu,2048,10,1,2,0,3,toy4_gpu_core_neural_output_average_tensor_batched_2048_cpu_repeat02,10,neural_policy,output_average,local_autograd_grad,0.0012853730004280806
toy4,neural_output_average,tensor_batched,tensor_batched,cpu,2048,10,1,2,0,3,toy4_gpu_core_neural_output_average_tensor_batched_2048_cpu_repeat02,10,neural_policy,output_average,local_adam_update,0.0023754530120640993
toy4,neural_output_average,tensor_batched,tensor_batched,cpu,2048,10,1,2,0,3,toy4_gpu_core_neural_output_average_tensor_batched_2048_cpu_repeat02,10,neural_policy,output_average,local_optimizer_update,0.0037474710261449218
toy4,neural_output_average,tensor_batched,tensor_batched,cpu,2048,10,1,2,0,3,toy4_gpu_core_neural_output_average_tensor_batched_2048_cpu_repeat02,10,neural_policy,output_average,local_loss_update,0.004641758976504207
toy4,neural_output_average,tensor_batched,tensor_batched,cpu,2048,10,1,2,0,3,toy4_gpu_core_neural_output_average_tensor_batched_2048_cpu_repeat02,10,neural_policy,output_average,local_training,0.004881495027802885
toy4,neural_output_average,tensor_batched,tensor_batched,cpu,2048,10,1,2,0,3,toy4_gpu_core_neural_output_average_tensor_batched_2048_cpu_repeat02,10,neural_policy,output_average,cache_refresh,2.3439060896635056e-06
toy4,neural_output_average,tensor_batched,tensor_batched,cpu,2048,10,1,2,0,3,toy4_gpu_core_neural_output_average_tensor_batched_2048_cpu_repeat02,10,neural_policy,output_average,post_local_readout,0.0002415589988231659
toy4,neural_output_average,tensor_batched,tensor_batched,cpu,2048,10,1,2,0,3,toy4_gpu_core_neural_output_average_tensor_batched_2048_cpu_repeat02,10,neural_policy,output_average,local_step,0.009540978004224598
toy4,neural_output_average,tensor_batched,tensor_batched,cpu,2048,10,1,2,0,3,toy4_gpu_core_neural_output_average_tensor_batched_2048_cpu_repeat02,10,neural_policy,output_average,select_peers,7.721700239926577e-05
toy4,neural_output_average,tensor_batched,tensor_batched,cpu,2048,10,1,2,0,3,toy4_gpu_core_neural_output_average_tensor_batched_2048_cpu_repeat02,10,neural_policy,output_average,social_mix,0.0005914439680054784
toy4,neural_output_average,tensor_batched,tensor_batched,cpu,2048,10,1,2,0,3,toy4_gpu_core_neural_output_average_tensor_batched_2048_cpu_repeat02,10,neural_policy,output_average,social_loss_forward,0.0005273220594972372
toy4,neural_output_average,tensor_batched,tensor_batched,cpu,2048,10,1,2,0,3,toy4_gpu_core_neural_output_average_tensor_batched_2048_cpu_repeat02,10,neural_policy,output_average,social_autograd_grad,0.0009012019727379084
toy4,neural_output_average,tensor_batched,tensor_batched,cpu,2048,10,1,2,0,3,toy4_gpu_core_neural_output_average_tensor_batched_2048_cpu_repeat02,10,neural_policy,output_average,social_adam_update,0.0020715659484267235
toy4,neural_output_average,tensor_batched,tensor_batched,cpu,2048,10,1,2,0,3,toy4_gpu_core_neural_output_average_tensor_batched_2048_cpu_repeat02,10,neural_policy,output_average,social_optimizer_update,0.003436148981563747
toy4,neural_output_average,tensor_batched,tensor_batched,cpu,2048,10,1,2,0,3,toy4_gpu_core_neural_output_average_tensor_batched_2048_cpu_repeat02,10,neural_policy,output_average,social_distillation,0.0054316099267452955
toy4,neural_output_average,tensor_batched,tensor_batched,cpu,2048,10,1,2,0,3,toy4_gpu_core_neural_output_average_tensor_batched_2048_cpu_repeat02,10,neural_policy,output_average,social_step,0.005442691035568714
toy4,neural_output_average,tensor_batched,tensor_batched,cpu,2048,10,1,2,0,3,toy4_gpu_core_neural_output_average_tensor_batched_2048_cpu_repeat02,10,neural_policy,output_average,sample_actions,1.1119991540908813e-06
toy4,neural_output_average,tensor_batched,tensor_batched,cpu,2048,10,1,2,0,3,toy4_gpu_core_neural_output_average_tensor_batched_2048_cpu_repeat02,10,neural_policy,output_average,commit_actions,3.06498259305954e-06
toy4,neural_output_average,tensor_batched,tensor_batched,cpu,2048,10,1,2,0,3,toy4_gpu_core_neural_output_average_tensor_batched_2048_cpu_repeat02,10,neural_policy,output_average,post_step_state_policy,2.610997762531042e-05
toy4,neural_output_average,tensor_batched,tensor_batched,cpu,2048,10,1,2,0,3,toy4_gpu_core_neural_output_average_tensor_batched_2048_cpu_repeat02,10,neural_policy,output_average,update_payoff_ema,2.7421978302299976e-05
toy4,neural_output_average,tensor_batched,tensor_batched,cpu,2048,10,1,2,0,3,toy4_gpu_core_neural_output_average_tensor_batched_2048_cpu_repeat02,10,neural_policy,output_average,update_reputation_ema,2.066895831376314e-05
toy4,neural_output_average,tensor_batched,tensor_batched,cpu,2048,10,1,2,0,3,toy4_gpu_core_neural_output_average_tensor_batched_2048_cpu_repeat02,10,neural_policy,output_average,mobility_swaps,2.8693932108581066e-05
toy4,neural_output_average,tensor_batched,tensor_batched,cpu,2048,10,1,2,0,3,toy4_gpu_core_neural_output_average_tensor_batched_2048_cpu_repeat02,10,neural_policy,output_average,finalize_hook_step,8.185976184904575e-06
toy4,neural_output_average,tensor_batched,tensor_batched,cpu,2048,10,1,2,0,3,toy4_gpu_core_neural_output_average_tensor_batched_2048_cpu_repeat02,10,neural_policy,output_average,hooked_step_total,0.015985733014531434
toy4,neural_output_average,tensor_batched,tensor_batched,cpu,2048,10,1,2,0,3,toy4_gpu_core_neural_output_average_tensor_batched_2048_cpu_repeat02,10,neural_policy,output_average,aggregate_row,0.11247206898406148
toy4,neural_output_average,tensor_batched,tensor_batched,cpu,2048,10,1,2,0,3,toy4_gpu_core_neural_output_average_tensor_batched_2048_cpu_repeat02,10,neural_policy,output_average,write_aggregate,8.168502245098352e-05
toy4,neural_output_average,tensor_batched,tensor_batched,cuda,2048,10,1,0,0,3,toy4_gpu_core_neural_output_average_tensor_batched_2048_cuda_repeat00,0,neural_policy,output_average,make_run_dir,0.00033736100886017084
toy4,neural_output_average,tensor_batched,tensor_batched,cuda,2048,10,1,0,0,3,toy4_gpu_core_neural_output_average_tensor_batched_2048_cuda_repeat00,0,neural_policy,output_average,write_metadata,0.002524405950680375
toy4,neural_output_average,tensor_batched,tensor_batched,cuda,2048,10,1,0,0,3,toy4_gpu_core_neural_output_average_tensor_batched_2048_cuda_repeat00,0,neural_policy,output_average,initial_state,1.4384835249511525
toy4,neural_output_average,tensor_batched,tensor_batched,cuda,2048,10,1,0,0,3,toy4_gpu_core_neural_output_average_tensor_batched_2048_cuda_repeat00,0,neural_policy,output_average,writer_setup,0.0005129940109327435
toy4,neural_output_average,tensor_batched,tensor_batched,cuda,2048,10,1,0,0,3,toy4_gpu_core_neural_output_average_tensor_batched_2048_cuda_repeat00,0,neural_policy,output_average,initial_step_result,0.003073128988035023
toy4,neural_output_average,tensor_batched,tensor_batched,cuda,2048,10,1,0,0,3,toy4_gpu_core_neural_output_average_tensor_batched_2048_cuda_repeat00,0,neural_policy,output_average,initial_aggregate_row,0.1262839320115745
toy4,neural_output_average,tensor_batched,tensor_batched,cuda,2048,10,1,0,0,3,toy4_gpu_core_neural_output_average_tensor_batched_2048_cuda_repeat00,0,neural_policy,output_average,write_initial_aggregate,8.319795597344637e-05
toy4,neural_output_average,tensor_batched,tensor_batched,cuda,2048,10,1,0,0,3,toy4_gpu_core_neural_output_average_tensor_batched_2048_cuda_repeat00,1,neural_policy,output_average,sample_revision_mask,3.8041966035962105e-05
toy4,neural_output_average,tensor_batched,tensor_batched,cuda,2048,10,1,0,0,3,toy4_gpu_core_neural_output_average_tensor_batched_2048_cuda_repeat00,1,neural_policy,output_average,build_step_context,1.517904456704855e-05
toy4,neural_output_average,tensor_batched,tensor_batched,cuda,2048,10,1,0,0,3,toy4_gpu_core_neural_output_average_tensor_batched_2048_cuda_repeat00,1,neural_policy,output_average,build_observations,0.0010382919572293758
toy4,neural_output_average,tensor_batched,tensor_batched,cuda,2048,10,1,0,0,3,toy4_gpu_core_neural_output_average_tensor_batched_2048_cuda_repeat00,1,neural_policy,output_average,policy_readout,0.0008560660062357783
toy4,neural_output_average,tensor_batched,tensor_batched,cuda,2048,10,1,0,0,3,toy4_gpu_core_neural_output_average_tensor_batched_2048_cuda_repeat00,1,neural_policy,output_average,decision_selection,0.0017444139812141657
toy4,neural_output_average,tensor_batched,tensor_batched,cuda,2048,10,1,0,0,3,toy4_gpu_core_neural_output_average_tensor_batched_2048_cuda_repeat00,1,neural_policy,output_average,local_trainable_parameters,9.401794523000717e-05
toy4,neural_output_average,tensor_batched,tensor_batched,cuda,2048,10,1,0,0,3,toy4_gpu_core_neural_output_average_tensor_batched_2048_cuda_repeat00,1,neural_policy,output_average,local_loss_forward,0.0007527900161221623
toy4,neural_output_average,tensor_batched,tensor_batched,cuda,2048,10,1,0,0,3,toy4_gpu_core_neural_output_average_tensor_batched_2048_cuda_repeat00,1,neural_policy,output_average,local_autograd_grad,0.0012978860177099705
toy4,neural_output_average,tensor_batched,tensor_batched,cuda,2048,10,1,0,0,3,toy4_gpu_core_neural_output_average_tensor_batched_2048_cuda_repeat00,1,neural_policy,output_average,local_adam_update,0.0011579099809750915
toy4,neural_output_average,tensor_batched,tensor_batched,cuda,2048,10,1,0,0,3,toy4_gpu_core_neural_output_average_tensor_batched_2048_cuda_repeat00,1,neural_policy,output_average,local_optimizer_update,0.002588868956081569
toy4,neural_output_average,tensor_batched,tensor_batched,cuda,2048,10,1,0,0,3,toy4_gpu_core_neural_output_average_tensor_batched_2048_cuda_repeat00,1,neural_policy,output_average,local_loss_update,0.0033732790034264326
toy4,neural_output_average,tensor_batched,tensor_batched,cuda,2048,10,1,0,0,3,toy4_gpu_core_neural_output_average_tensor_batched_2048_cuda_repeat00,1,neural_policy,output_average,local_training,0.003522243001498282
toy4,neural_output_average,tensor_batched,tensor_batched,cuda,2048,10,1,0,0,3,toy4_gpu_core_neural_output_average_tensor_batched_2048_cuda_repeat00,1,neural_policy,output_average,cache_refresh,9.838957339525223e-06
toy4,neural_output_average,tensor_batched,tensor_batched,cuda,2048,10,1,0,0,3,toy4_gpu_core_neural_output_average_tensor_batched_2048_cuda_repeat00,1,neural_policy,output_average,post_local_readout,0.00019470998086035252
toy4,neural_output_average,tensor_batched,tensor_batched,cuda,2048,10,1,0,0,3,toy4_gpu_core_neural_output_average_tensor_batched_2048_cuda_repeat00,1,neural_policy,output_average,local_step,0.008201483055017889
toy4,neural_output_average,tensor_batched,tensor_batched,cuda,2048,10,1,0,0,3,toy4_gpu_core_neural_output_average_tensor_batched_2048_cuda_repeat00,1,neural_policy,output_average,select_peers,0.0001444549998268485
toy4,neural_output_average,tensor_batched,tensor_batched,cuda,2048,10,1,0,0,3,toy4_gpu_core_neural_output_average_tensor_batched_2048_cuda_repeat00,1,neural_policy,output_average,social_mix,0.0006573189748451114
toy4,neural_output_average,tensor_batched,tensor_batched,cuda,2048,10,1,0,0,3,toy4_gpu_core_neural_output_average_tensor_batched_2048_cuda_repeat00,1,neural_policy,output_average,social_loss_forward,0.00027198693715035915
toy4,neural_output_average,tensor_batched,tensor_batched,cuda,2048,10,1,0,0,3,toy4_gpu_core_neural_output_average_tensor_batched_2048_cuda_repeat00,1,neural_policy,output_average,social_autograd_grad,0.0004577899817377329
toy4,neural_output_average,tensor_batched,tensor_batched,cuda,2048,10,1,0,0,3,toy4_gpu_core_neural_output_average_tensor_batched_2048_cuda_repeat00,1,neural_policy,output_average,social_adam_update,0.0006866350304335356
toy4,neural_output_average,tensor_batched,tensor_batched,cuda,2048,10,1,0,0,3,toy4_gpu_core_neural_output_average_tensor_batched_2048_cuda_repeat00,1,neural_policy,output_average,social_optimizer_update,0.001674070954322815
toy4,neural_output_average,tensor_batched,tensor_batched,cuda,2048,10,1,0,0,3,toy4_gpu_core_neural_output_average_tensor_batched_2048_cuda_repeat00,1,neural_policy,output_average,social_distillation,0.0031330729834735394
toy4,neural_output_average,tensor_batched,tensor_batched,cuda,2048,10,1,0,0,3,toy4_gpu_core_neural_output_average_tensor_batched_2048_cuda_repeat00,1,neural_policy,output_average,social_step,0.0031549440464004874
toy4,neural_output_average,tensor_batched,tensor_batched,cuda,2048,10,1,0,0,3,toy4_gpu_core_neural_output_average_tensor_batched_2048_cuda_repeat00,1,neural_policy,output_average,sample_actions,6.653019227087498e-06
toy4,neural_output_average,tensor_batched,tensor_batched,cuda,2048,10,1,0,0,3,toy4_gpu_core_neural_output_average_tensor_batched_2048_cuda_repeat00,1,neural_policy,output_average,commit_actions,8.836970664560795e-06
toy4,neural_output_average,tensor_batched,tensor_batched,cuda,2048,10,1,0,0,3,toy4_gpu_core_neural_output_average_tensor_batched_2048_cuda_repeat00,1,neural_policy,output_average,post_step_state_policy,3.320304676890373e-05
toy4,neural_output_average,tensor_batched,tensor_batched,cuda,2048,10,1,0,0,3,toy4_gpu_core_neural_output_average_tensor_batched_2048_cuda_repeat00,1,neural_policy,output_average,update_payoff_ema,3.4875934943556786e-05
toy4,neural_output_average,tensor_batched,tensor_batched,cuda,2048,10,1,0,0,3,toy4_gpu_core_neural_output_average_tensor_batched_2048_cuda_repeat00,1,neural_policy,output_average,update_reputation_ema,2.4186098016798496e-05
toy4,neural_output_average,tensor_batched,tensor_batched,cuda,2048,10,1,0,0,3,toy4_gpu_core_neural_output_average_tensor_batched_2048_cuda_repeat00,1,neural_policy,output_average,mobility_swaps,2.1570944227278233e-05
toy4,neural_output_average,tensor_batched,tensor_batched,cuda,2048,10,1,0,0,3,toy4_gpu_core_neural_output_average_tensor_batched_2048_cuda_repeat00,1,neural_policy,output_average,finalize_hook_step,1.4377059414982796e-05
toy4,neural_output_average,tensor_batched,tensor_batched,cuda,2048,10,1,0,0,3,toy4_gpu_core_neural_output_average_tensor_batched_2048_cuda_repeat00,1,neural_policy,output_average,hooked_step_total,0.012518455041572452
toy4,neural_output_average,tensor_batched,tensor_batched,cuda,2048,10,1,0,0,3,toy4_gpu_core_neural_output_average_tensor_batched_2048_cuda_repeat00,1,neural_policy,output_average,aggregate_row,0.14184609102085233
toy4,neural_output_average,tensor_batched,tensor_batched,cuda,2048,10,1,0,0,3,toy4_gpu_core_neural_output_average_tensor_batched_2048_cuda_repeat00,1,neural_policy,output_average,write_aggregate,9.295705240219831e-05
toy4,neural_output_average,tensor_batched,tensor_batched,cuda,2048,10,1,0,0,3,toy4_gpu_core_neural_output_average_tensor_batched_2048_cuda_repeat00,2,neural_policy,output_average,sample_revision_mask,4.4053071178495884e-05
toy4,neural_output_average,tensor_batched,tensor_batched,cuda,2048,10,1,0,0,3,toy4_gpu_core_neural_output_average_tensor_batched_2048_cuda_repeat00,2,neural_policy,output_average,build_step_context,1.3555050827562809e-05
toy4,neural_output_average,tensor_batched,tensor_batched,cuda,2048,10,1,0,0,3,toy4_gpu_core_neural_output_average_tensor_batched_2048_cuda_repeat00,2,neural_policy,output_average,build_observations,0.0014069629833102226
toy4,neural_output_average,tensor_batched,tensor_batched,cuda,2048,10,1,0,0,3,toy4_gpu_core_neural_output_average_tensor_batched_2048_cuda_repeat00,2,neural_policy,output_average,policy_readout,0.0007527699926868081
toy4,neural_output_average,tensor_batched,tensor_batched,cuda,2048,10,1,0,0,3,toy4_gpu_core_neural_output_average_tensor_batched_2048_cuda_repeat00,2,neural_policy,output_average,decision_selection,0.0018846000311896205
toy4,neural_output_average,tensor_batched,tensor_batched,cuda,2048,10,1,0,0,3,toy4_gpu_core_neural_output_average_tensor_batched_2048_cuda_repeat00,2,neural_policy,output_average,local_trainable_parameters,0.00015961297322064638
toy4,neural_output_average,tensor_batched,tensor_batched,cuda,2048,10,1,0,0,3,toy4_gpu_core_neural_output_average_tensor_batched_2048_cuda_repeat00,2,neural_policy,output_average,local_loss_forward,0.0007598929805681109
toy4,neural_output_average,tensor_batched,tensor_batched,cuda,2048,10,1,0,0,3,toy4_gpu_core_neural_output_average_tensor_batched_2048_cuda_repeat00,2,neural_policy,output_average,local_autograd_grad,0.0013486919924616814
toy4,neural_output_average,tensor_batched,tensor_batched,cuda,2048,10,1,0,0,3,toy4_gpu_core_neural_output_average_tensor_batched_2048_cuda_repeat00,2,neural_policy,output_average,local_adam_update,0.0008826369885355234
toy4,neural_output_average,tensor_batched,tensor_batched,cuda,2048,10,1,0,0,3,toy4_gpu_core_neural_output_average_tensor_batched_2048_cuda_repeat00,2,neural_policy,output_average,local_optimizer_update,0.0023407479748129845
toy4,neural_output_average,tensor_batched,tensor_batched,cuda,2048,10,1,0,0,3,toy4_gpu_core_neural_output_average_tensor_batched_2048_cuda_repeat00,2,neural_policy,output_average,local_loss_update,0.0031304480507969856
toy4,neural_output_average,tensor_batched,tensor_batched,cuda,2048,10,1,0,0,3,toy4_gpu_core_neural_output_average_tensor_batched_2048_cuda_repeat00,2,neural_policy,output_average,local_training,0.003341207979246974
toy4,neural_output_average,tensor_batched,tensor_batched,cuda,2048,10,1,0,0,3,toy4_gpu_core_neural_output_average_tensor_batched_2048_cuda_repeat00,2,neural_policy,output_average,cache_refresh,8.276081643998623e-06
toy4,neural_output_average,tensor_batched,tensor_batched,cuda,2048,10,1,0,0,3,toy4_gpu_core_neural_output_average_tensor_batched_2048_cuda_repeat00,2,neural_policy,output_average,post_local_readout,0.00018757698126137257
toy4,neural_output_average,tensor_batched,tensor_batched,cuda,2048,10,1,0,0,3,toy4_gpu_core_neural_output_average_tensor_batched_2048_cuda_repeat00,2,neural_policy,output_average,local_step,0.008365885936655104
toy4,neural_output_average,tensor_batched,tensor_batched,cuda,2048,10,1,0,0,3,toy4_gpu_core_neural_output_average_tensor_batched_2048_cuda_repeat00,2,neural_policy,output_average,select_peers,0.00011980696581304073
toy4,neural_output_average,tensor_batched,tensor_batched,cuda,2048,10,1,0,0,3,toy4_gpu_core_neural_output_average_tensor_batched_2048_cuda_repeat00,2,neural_policy,output_average,social_mix,0.0005186659982427955
toy4,neural_output_average,tensor_batched,tensor_batched,cuda,2048,10,1,0,0,3,toy4_gpu_core_neural_output_average_tensor_batched_2048_cuda_repeat00,2,neural_policy,output_average,social_loss_forward,0.00021725299302488565
toy4,neural_output_average,tensor_batched,tensor_batched,cuda,2048,10,1,0,0,3,toy4_gpu_core_neural_output_average_tensor_batched_2048_cuda_repeat00,2,neural_policy,output_average,social_autograd_grad,0.00039843691047281027
toy4,neural_output_average,tensor_batched,tensor_batched,cuda,2048,10,1,0,0,3,toy4_gpu_core_neural_output_average_tensor_batched_2048_cuda_repeat00,2,neural_policy,output_average,social_adam_update,0.0006809340557083488
toy4,neural_output_average,tensor_batched,tensor_batched,cuda,2048,10,1,0,0,3,toy4_gpu_core_neural_output_average_tensor_batched_2048_cuda_repeat00,2,neural_policy,output_average,social_optimizer_update,0.0015803729183971882
toy4,neural_output_average,tensor_batched,tensor_batched,cuda,2048,10,1,0,0,3,toy4_gpu_core_neural_output_average_tensor_batched_2048_cuda_repeat00,2,neural_policy,output_average,social_distillation,0.0027287739794701338
toy4,neural_output_average,tensor_batched,tensor_batched,cuda,2048,10,1,0,0,3,toy4_gpu_core_neural_output_average_tensor_batched_2048_cuda_repeat00,2,neural_policy,output_average,social_step,0.0027504359604790807
toy4,neural_output_average,tensor_batched,tensor_batched,cuda,2048,10,1,0,0,3,toy4_gpu_core_neural_output_average_tensor_batched_2048_cuda_repeat00,2,neural_policy,output_average,sample_actions,6.812973879277706e-06
toy4,neural_output_average,tensor_batched,tensor_batched,cuda,2048,10,1,0,0,3,toy4_gpu_core_neural_output_average_tensor_batched_2048_cuda_repeat00,2,neural_policy,output_average,commit_actions,8.375965990126133e-06
toy4,neural_output_average,tensor_batched,tensor_batched,cuda,2048,10,1,0,0,3,toy4_gpu_core_neural_output_average_tensor_batched_2048_cuda_repeat00,2,neural_policy,output_average,post_step_state_policy,2.4016015231609344e-05
toy4,neural_output_average,tensor_batched,tensor_batched,cuda,2048,10,1,0,0,3,toy4_gpu_core_neural_output_average_tensor_batched_2048_cuda_repeat00,2,neural_policy,output_average,update_payoff_ema,3.057799767702818e-05
toy4,neural_output_average,tensor_batched,tensor_batched,cuda,2048,10,1,0,0,3,toy4_gpu_core_neural_output_average_tensor_batched_2048_cuda_repeat00,2,neural_policy,output_average,update_reputation_ema,2.247304655611515e-05
toy4,neural_output_average,tensor_batched,tensor_batched,cuda,2048,10,1,0,0,3,toy4_gpu_core_neural_output_average_tensor_batched_2048_cuda_repeat00,2,neural_policy,output_average,mobility_swaps,2.2502033971250057e-05
toy4,neural_output_average,tensor_batched,tensor_batched,cuda,2048,10,1,0,0,3,toy4_gpu_core_neural_output_average_tensor_batched_2048_cuda_repeat00,2,neural_policy,output_average,finalize_hook_step,1.4347024261951447e-05
toy4,neural_output_average,tensor_batched,tensor_batched,cuda,2048,10,1,0,0,3,toy4_gpu_core_neural_output_average_tensor_batched_2048_cuda_repeat00,2,neural_policy,output_average,hooked_step_total,0.012147110071964562
toy4,neural_output_average,tensor_batched,tensor_batched,cuda,2048,10,1,0,0,3,toy4_gpu_core_neural_output_average_tensor_batched_2048_cuda_repeat00,2,neural_policy,output_average,aggregate_row,0.11643152206670493
toy4,neural_output_average,tensor_batched,tensor_batched,cuda,2048,10,1,0,0,3,toy4_gpu_core_neural_output_average_tensor_batched_2048_cuda_repeat00,2,neural_policy,output_average,write_aggregate,9.34479758143425e-05
toy4,neural_output_average,tensor_batched,tensor_batched,cuda,2048,10,1,0,0,3,toy4_gpu_core_neural_output_average_tensor_batched_2048_cuda_repeat00,3,neural_policy,output_average,sample_revision_mask,4.8693036660552025e-05
toy4,neural_output_average,tensor_batched,tensor_batched,cuda,2048,10,1,0,0,3,toy4_gpu_core_neural_output_average_tensor_batched_2048_cuda_repeat00,3,neural_policy,output_average,build_step_context,1.56499445438385e-05
toy4,neural_output_average,tensor_batched,tensor_batched,cuda,2048,10,1,0,0,3,toy4_gpu_core_neural_output_average_tensor_batched_2048_cuda_repeat00,3,neural_policy,output_average,build_observations,0.0015591919654980302
toy4,neural_output_average,tensor_batched,tensor_batched,cuda,2048,10,1,0,0,3,toy4_gpu_core_neural_output_average_tensor_batched_2048_cuda_repeat00,3,neural_policy,output_average,policy_readout,0.0013205589493736625
toy4,neural_output_average,tensor_batched,tensor_batched,cuda,2048,10,1,0,0,3,toy4_gpu_core_neural_output_average_tensor_batched_2048_cuda_repeat00,3,neural_policy,output_average,decision_selection,0.0021230540005490184
toy4,neural_output_average,tensor_batched,tensor_batched,cuda,2048,10,1,0,0,3,toy4_gpu_core_neural_output_average_tensor_batched_2048_cuda_repeat00,3,neural_policy,output_average,local_trainable_parameters,0.0002561970613896847
toy4,neural_output_average,tensor_batched,tensor_batched,cuda,2048,10,1,0,0,3,toy4_gpu_core_neural_output_average_tensor_batched_2048_cuda_repeat00,3,neural_policy,output_average,local_loss_forward,0.0010261799907311797
toy4,neural_output_average,tensor_batched,tensor_batched,cuda,2048,10,1,0,0,3,toy4_gpu_core_neural_output_average_tensor_batched_2048_cuda_repeat00,3,neural_policy,output_average,local_autograd_grad,0.0013791709206998348
toy4,neural_output_average,tensor_batched,tensor_batched,cuda,2048,10,1,0,0,3,toy4_gpu_core_neural_output_average_tensor_batched_2048_cuda_repeat00,3,neural_policy,output_average,local_adam_update,0.0013041080674156547
toy4,neural_output_average,tensor_batched,tensor_batched,cuda,2048,10,1,0,0,3,toy4_gpu_core_neural_output_average_tensor_batched_2048_cuda_repeat00,3,neural_policy,output_average,local_optimizer_update,0.0028203389374539256
toy4,neural_output_average,tensor_batched,tensor_batched,cuda,2048,10,1,0,0,3,toy4_gpu_core_neural_output_average_tensor_batched_2048_cuda_repeat00,3,neural_policy,output_average,local_loss_update,0.003879280062392354
toy4,neural_output_average,tensor_batched,tensor_batched,cuda,2048,10,1,0,0,3,toy4_gpu_core_neural_output_average_tensor_batched_2048_cuda_repeat00,3,neural_policy,output_average,local_training,0.004241249058395624
toy4,neural_output_average,tensor_batched,tensor_batched,cuda,2048,10,1,0,0,3,toy4_gpu_core_neural_output_average_tensor_batched_2048_cuda_repeat00,3,neural_policy,output_average,cache_refresh,1.0119052603840828e-05
toy4,neural_output_average,tensor_batched,tensor_batched,cuda,2048,10,1,0,0,3,toy4_gpu_core_neural_output_average_tensor_batched_2048_cuda_repeat00,3,neural_policy,output_average,post_local_readout,0.0002036968944594264
toy4,neural_output_average,tensor_batched,tensor_batched,cuda,2048,10,1,0,0,3,toy4_gpu_core_neural_output_average_tensor_batched_2048_cuda_repeat00,3,neural_policy,output_average,local_step,0.010771326022222638
toy4,neural_output_average,tensor_batched,tensor_batched,cuda,2048,10,1,0,0,3,toy4_gpu_core_neural_output_average_tensor_batched_2048_cuda_repeat00,3,neural_policy,output_average,select_peers,0.00015280104707926512
toy4,neural_output_average,tensor_batched,tensor_batched,cuda,2048,10,1,0,0,3,toy4_gpu_core_neural_output_average_tensor_batched_2048_cuda_repeat00,3,neural_policy,output_average,social_mix,0.0006478209979832172
toy4,neural_output_average,tensor_batched,tensor_batched,cuda,2048,10,1,0,0,3,toy4_gpu_core_neural_output_average_tensor_batched_2048_cuda_repeat00,3,neural_policy,output_average,social_loss_forward,0.0002438540104776621
toy4,neural_output_average,tensor_batched,tensor_batched,cuda,2048,10,1,0,0,3,toy4_gpu_core_neural_output_average_tensor_batched_2048_cuda_repeat00,3,neural_policy,output_average,social_autograd_grad,0.0005222118925303221
toy4,neural_output_average,tensor_batched,tensor_batched,cuda,2048,10,1,0,0,3,toy4_gpu_core_neural_output_average_tensor_batched_2048_cuda_repeat00,3,neural_policy,output_average,social_adam_update,0.0007749729556962848
toy4,neural_output_average,tensor_batched,tensor_batched,cuda,2048,10,1,0,0,3,toy4_gpu_core_neural_output_average_tensor_batched_2048_cuda_repeat00,3,neural_policy,output_average,social_optimizer_update,0.0018017840338870883
toy4,neural_output_average,tensor_batched,tensor_batched,cuda,2048,10,1,0,0,3,toy4_gpu_core_neural_output_average_tensor_batched_2048_cuda_repeat00,3,neural_policy,output_average,social_distillation,0.003243863000534475
toy4,neural_output_average,tensor_batched,tensor_batched,cuda,2048,10,1,0,0,3,toy4_gpu_core_neural_output_average_tensor_batched_2048_cuda_repeat00,3,neural_policy,output_average,social_step,0.0032693520188331604
toy4,neural_output_average,tensor_batched,tensor_batched,cuda,2048,10,1,0,0,3,toy4_gpu_core_neural_output_average_tensor_batched_2048_cuda_repeat00,3,neural_policy,output_average,sample_actions,7.104012183845043e-06
toy4,neural_output_average,tensor_batched,tensor_batched,cuda,2048,10,1,0,0,3,toy4_gpu_core_neural_output_average_tensor_batched_2048_cuda_repeat00,3,neural_policy,output_average,commit_actions,1.3495911844074726e-05
toy4,neural_output_average,tensor_batched,tensor_batched,cuda,2048,10,1,0,0,3,toy4_gpu_core_neural_output_average_tensor_batched_2048_cuda_repeat00,3,neural_policy,output_average,post_step_state_policy,6.015400867909193e-05
toy4,neural_output_average,tensor_batched,tensor_batched,cuda,2048,10,1,0,0,3,toy4_gpu_core_neural_output_average_tensor_batched_2048_cuda_repeat00,3,neural_policy,output_average,update_payoff_ema,9.975896682590246e-05
toy4,neural_output_average,tensor_batched,tensor_batched,cuda,2048,10,1,0,0,3,toy4_gpu_core_neural_output_average_tensor_batched_2048_cuda_repeat00,3,neural_policy,output_average,update_reputation_ema,4.1758990846574306e-05
toy4,neural_output_average,tensor_batched,tensor_batched,cuda,2048,10,1,0,0,3,toy4_gpu_core_neural_output_average_tensor_batched_2048_cuda_repeat00,3,neural_policy,output_average,mobility_swaps,4.268100019544363e-05
toy4,neural_output_average,tensor_batched,tensor_batched,cuda,2048,10,1,0,0,3,toy4_gpu_core_neural_output_average_tensor_batched_2048_cuda_repeat00,3,neural_policy,output_average,finalize_hook_step,3.557698801159859e-05
toy4,neural_output_average,tensor_batched,tensor_batched,cuda,2048,10,1,0,0,3,toy4_gpu_core_neural_output_average_tensor_batched_2048_cuda_repeat00,3,neural_policy,output_average,hooked_step_total,0.015562328975647688
toy4,neural_output_average,tensor_batched,tensor_batched,cuda,2048,10,1,0,0,3,toy4_gpu_core_neural_output_average_tensor_batched_2048_cuda_repeat00,3,neural_policy,output_average,aggregate_row,0.1298384260153398
toy4,neural_output_average,tensor_batched,tensor_batched,cuda,2048,10,1,0,0,3,toy4_gpu_core_neural_output_average_tensor_batched_2048_cuda_repeat00,3,neural_policy,output_average,write_aggregate,0.00010567100252956152
toy4,neural_output_average,tensor_batched,tensor_batched,cuda,2048,10,1,0,0,3,toy4_gpu_core_neural_output_average_tensor_batched_2048_cuda_repeat00,4,neural_policy,output_average,sample_revision_mask,4.351208917796612e-05
toy4,neural_output_average,tensor_batched,tensor_batched,cuda,2048,10,1,0,0,3,toy4_gpu_core_neural_output_average_tensor_batched_2048_cuda_repeat00,4,neural_policy,output_average,build_step_context,1.9827974028885365e-05
toy4,neural_output_average,tensor_batched,tensor_batched,cuda,2048,10,1,0,0,3,toy4_gpu_core_neural_output_average_tensor_batched_2048_cuda_repeat00,4,neural_policy,output_average,build_observations,0.0010867450619116426
toy4,neural_output_average,tensor_batched,tensor_batched,cuda,2048,10,1,0,0,3,toy4_gpu_core_neural_output_average_tensor_batched_2048_cuda_repeat00,4,neural_policy,output_average,policy_readout,0.001227563014253974
toy4,neural_output_average,tensor_batched,tensor_batched,cuda,2048,10,1,0,0,3,toy4_gpu_core_neural_output_average_tensor_batched_2048_cuda_repeat00,4,neural_policy,output_average,decision_selection,0.002097985940054059
toy4,neural_output_average,tensor_batched,tensor_batched,cuda,2048,10,1,0,0,3,toy4_gpu_core_neural_output_average_tensor_batched_2048_cuda_repeat00,4,neural_policy,output_average,local_trainable_parameters,0.00016175804194062948
toy4,neural_output_average,tensor_batched,tensor_batched,cuda,2048,10,1,0,0,3,toy4_gpu_core_neural_output_average_tensor_batched_2048_cuda_repeat00,4,neural_policy,output_average,local_loss_forward,0.0010387840447947383
toy4,neural_output_average,tensor_batched,tensor_batched,cuda,2048,10,1,0,0,3,toy4_gpu_core_neural_output_average_tensor_batched_2048_cuda_repeat00,4,neural_policy,output_average,local_autograd_grad,0.0013727890327572823
toy4,neural_output_average,tensor_batched,tensor_batched,cuda,2048,10,1,0,0,3,toy4_gpu_core_neural_output_average_tensor_batched_2048_cuda_repeat00,4,neural_policy,output_average,local_adam_update,0.0011898910161107779
toy4,neural_output_average,tensor_batched,tensor_batched,cuda,2048,10,1,0,0,3,toy4_gpu_core_neural_output_average_tensor_batched_2048_cuda_repeat00,4,neural_policy,output_average,local_optimizer_update,0.0026994890067726374
toy4,neural_output_average,tensor_batched,tensor_batched,cuda,2048,10,1,0,0,3,toy4_gpu_core_neural_output_average_tensor_batched_2048_cuda_repeat00,4,neural_policy,output_average,local_loss_update,0.003782697021961212
toy4,neural_output_average,tensor_batched,tensor_batched,cuda,2048,10,1,0,0,3,toy4_gpu_core_neural_output_average_tensor_batched_2048_cuda_repeat00,4,neural_policy,output_average,local_training,0.004042551037855446
toy4,neural_output_average,tensor_batched,tensor_batched,cuda,2048,10,1,0,0,3,toy4_gpu_core_neural_output_average_tensor_batched_2048_cuda_repeat00,4,neural_policy,output_average,cache_refresh,9.43802297115326e-06
toy4,neural_output_average,tensor_batched,tensor_batched,cuda,2048,10,1,0,0,3,toy4_gpu_core_neural_output_average_tensor_batched_2048_cuda_repeat00,4,neural_policy,output_average,post_local_readout,0.00020131201017647982
toy4,neural_output_average,tensor_batched,tensor_batched,cuda,2048,10,1,0,0,3,toy4_gpu_core_neural_output_average_tensor_batched_2048_cuda_repeat00,4,neural_policy,output_average,local_step,0.009622302954085171
toy4,neural_output_average,tensor_batched,tensor_batched,cuda,2048,10,1,0,0,3,toy4_gpu_core_neural_output_average_tensor_batched_2048_cuda_repeat00,4,neural_policy,output_average,select_peers,0.0001310689840465784
toy4,neural_output_average,tensor_batched,tensor_batched,cuda,2048,10,1,0,0,3,toy4_gpu_core_neural_output_average_tensor_batched_2048_cuda_repeat00,4,neural_policy,output_average,social_mix,0.0005746509414166212
toy4,neural_output_average,tensor_batched,tensor_batched,cuda,2048,10,1,0,0,3,toy4_gpu_core_neural_output_average_tensor_batched_2048_cuda_repeat00,4,neural_policy,output_average,social_loss_forward,0.00023871404118835926
toy4,neural_output_average,tensor_batched,tensor_batched,cuda,2048,10,1,0,0,3,toy4_gpu_core_neural_output_average_tensor_batched_2048_cuda_repeat00,4,neural_policy,output_average,social_autograd_grad,0.00037516304291784763
toy4,neural_output_average,tensor_batched,tensor_batched,cuda,2048,10,1,0,0,3,toy4_gpu_core_neural_output_average_tensor_batched_2048_cuda_repeat00,4,neural_policy,output_average,social_adam_update,0.0006928960792720318
toy4,neural_output_average,tensor_batched,tensor_batched,cuda,2048,10,1,0,0,3,toy4_gpu_core_neural_output_average_tensor_batched_2048_cuda_repeat00,4,neural_policy,output_average,social_optimizer_update,0.0015802420675754547
toy4,neural_output_average,tensor_batched,tensor_batched,cuda,2048,10,1,0,0,3,toy4_gpu_core_neural_output_average_tensor_batched_2048_cuda_repeat00,4,neural_policy,output_average,social_distillation,0.0028366890037432313
toy4,neural_output_average,tensor_batched,tensor_batched,cuda,2048,10,1,0,0,3,toy4_gpu_core_neural_output_average_tensor_batched_2048_cuda_repeat00,4,neural_policy,output_average,social_step,0.0028590320143848658
toy4,neural_output_average,tensor_batched,tensor_batched,cuda,2048,10,1,0,0,3,toy4_gpu_core_neural_output_average_tensor_batched_2048_cuda_repeat00,4,neural_policy,output_average,sample_actions,7.004011422395706e-06
toy4,neural_output_average,tensor_batched,tensor_batched,cuda,2048,10,1,0,0,3,toy4_gpu_core_neural_output_average_tensor_batched_2048_cuda_repeat00,4,neural_policy,output_average,commit_actions,9.086914360523224e-06
toy4,neural_output_average,tensor_batched,tensor_batched,cuda,2048,10,1,0,0,3,toy4_gpu_core_neural_output_average_tensor_batched_2048_cuda_repeat00,4,neural_policy,output_average,post_step_state_policy,3.1390110962092876e-05
toy4,neural_output_average,tensor_batched,tensor_batched,cuda,2048,10,1,0,0,3,toy4_gpu_core_neural_output_average_tensor_batched_2048_cuda_repeat00,4,neural_policy,output_average,update_payoff_ema,3.1589996069669724e-05
toy4,neural_output_average,tensor_batched,tensor_batched,cuda,2048,10,1,0,0,3,toy4_gpu_core_neural_output_average_tensor_batched_2048_cuda_repeat00,4,neural_policy,output_average,update_reputation_ema,2.361403312534094e-05
toy4,neural_output_average,tensor_batched,tensor_batched,cuda,2048,10,1,0,0,3,toy4_gpu_core_neural_output_average_tensor_batched_2048_cuda_repeat00,4,neural_policy,output_average,mobility_swaps,2.343393862247467e-05
toy4,neural_output_average,tensor_batched,tensor_batched,cuda,2048,10,1,0,0,3,toy4_gpu_core_neural_output_average_tensor_batched_2048_cuda_repeat00,4,neural_policy,output_average,finalize_hook_step,1.546007115393877e-05
toy4,neural_output_average,tensor_batched,tensor_batched,cuda,2048,10,1,0,0,3,toy4_gpu_core_neural_output_average_tensor_batched_2048_cuda_repeat00,4,neural_policy,output_average,hooked_step_total,0.013640757999382913
toy4,neural_output_average,tensor_batched,tensor_batched,cuda,2048,10,1,0,0,3,toy4_gpu_core_neural_output_average_tensor_batched_2048_cuda_repeat00,4,neural_policy,output_average,aggregate_row,0.12831679498776793
toy4,neural_output_average,tensor_batched,tensor_batched,cuda,2048,10,1,0,0,3,toy4_gpu_core_neural_output_average_tensor_batched_2048_cuda_repeat00,4,neural_policy,output_average,write_aggregate,7.713702507317066e-05
toy4,neural_output_average,tensor_batched,tensor_batched,cuda,2048,10,1,0,0,3,toy4_gpu_core_neural_output_average_tensor_batched_2048_cuda_repeat00,5,neural_policy,output_average,sample_revision_mask,3.7671998143196106e-05
toy4,neural_output_average,tensor_batched,tensor_batched,cuda,2048,10,1,0,0,3,toy4_gpu_core_neural_output_average_tensor_batched_2048_cuda_repeat00,5,neural_policy,output_average,build_step_context,1.2933975085616112e-05
toy4,neural_output_average,tensor_batched,tensor_batched,cuda,2048,10,1,0,0,3,toy4_gpu_core_neural_output_average_tensor_batched_2048_cuda_repeat00,5,neural_policy,output_average,build_observations,0.0008760649943724275
toy4,neural_output_average,tensor_batched,tensor_batched,cuda,2048,10,1,0,0,3,toy4_gpu_core_neural_output_average_tensor_batched_2048_cuda_repeat00,5,neural_policy,output_average,policy_readout,0.0006983060156926513
toy4,neural_output_average,tensor_batched,tensor_batched,cuda,2048,10,1,0,0,3,toy4_gpu_core_neural_output_average_tensor_batched_2048_cuda_repeat00,5,neural_policy,output_average,decision_selection,0.001787757035344839
toy4,neural_output_average,tensor_batched,tensor_batched,cuda,2048,10,1,0,0,3,toy4_gpu_core_neural_output_average_tensor_batched_2048_cuda_repeat00,5,neural_policy,output_average,local_trainable_parameters,0.00010180298704653978
toy4,neural_output_average,tensor_batched,tensor_batched,cuda,2048,10,1,0,0,3,toy4_gpu_core_neural_output_average_tensor_batched_2048_cuda_repeat00,5,neural_policy,output_average,local_loss_forward,0.0006441340083256364
toy4,neural_output_average,tensor_batched,tensor_batched,cuda,2048,10,1,0,0,3,toy4_gpu_core_neural_output_average_tensor_batched_2048_cuda_repeat00,5,neural_policy,output_average,local_autograd_grad,0.000783247989602387
toy4,neural_output_average,tensor_batched,tensor_batched,cuda,2048,10,1,0,0,3,toy4_gpu_core_neural_output_average_tensor_batched_2048_cuda_repeat00,5,neural_policy,output_average,local_adam_update,0.0009067229693755507
toy4,neural_output_average,tensor_batched,tensor_batched,cuda,2048,10,1,0,0,3,toy4_gpu_core_neural_output_average_tensor_batched_2048_cuda_repeat00,5,neural_policy,output_average,local_optimizer_update,0.0017967140302062035
toy4,neural_output_average,tensor_batched,tensor_batched,cuda,2048,10,1,0,0,3,toy4_gpu_core_neural_output_average_tensor_batched_2048_cuda_repeat00,5,neural_policy,output_average,local_loss_update,0.002481154049746692
toy4,neural_output_average,tensor_batched,tensor_batched,cuda,2048,10,1,0,0,3,toy4_gpu_core_neural_output_average_tensor_batched_2048_cuda_repeat00,5,neural_policy,output_average,local_training,0.0026336440350860357
toy4,neural_output_average,tensor_batched,tensor_batched,cuda,2048,10,1,0,0,3,toy4_gpu_core_neural_output_average_tensor_batched_2048_cuda_repeat00,5,neural_policy,output_average,cache_refresh,7.82497227191925e-06
toy4,neural_output_average,tensor_batched,tensor_batched,cuda,2048,10,1,0,0,3,toy4_gpu_core_neural_output_average_tensor_batched_2048_cuda_repeat00,5,neural_policy,output_average,post_local_readout,0.0001797709846869111
toy4,neural_output_average,tensor_batched,tensor_batched,cuda,2048,10,1,0,0,3,toy4_gpu_core_neural_output_average_tensor_batched_2048_cuda_repeat00,5,neural_policy,output_average,local_step,0.007027081912383437
toy4,neural_output_average,tensor_batched,tensor_batched,cuda,2048,10,1,0,0,3,toy4_gpu_core_neural_output_average_tensor_batched_2048_cuda_repeat00,5,neural_policy,output_average,select_peers,0.00012356508523225784
toy4,neural_output_average,tensor_batched,tensor_batched,cuda,2048,10,1,0,0,3,toy4_gpu_core_neural_output_average_tensor_batched_2048_cuda_repeat00,5,neural_policy,output_average,social_mix,0.0004970949376001954
toy4,neural_output_average,tensor_batched,tensor_batched,cuda,2048,10,1,0,0,3,toy4_gpu_core_neural_output_average_tensor_batched_2048_cuda_repeat00,5,neural_policy,output_average,social_loss_forward,0.0002172519452869892
toy4,neural_output_average,tensor_batched,tensor_batched,cuda,2048,10,1,0,0,3,toy4_gpu_core_neural_output_average_tensor_batched_2048_cuda_repeat00,5,neural_policy,output_average,social_autograd_grad,0.00043207104317843914
toy4,neural_output_average,tensor_batched,tensor_batched,cuda,2048,10,1,0,0,3,toy4_gpu_core_neural_output_average_tensor_batched_2048_cuda_repeat00,5,neural_policy,output_average,social_adam_update,0.0007054699817672372
toy4,neural_output_average,tensor_batched,tensor_batched,cuda,2048,10,1,0,0,3,toy4_gpu_core_neural_output_average_tensor_batched_2048_cuda_repeat00,5,neural_policy,output_average,social_optimizer_update,0.0016373909311369061
toy4,neural_output_average,tensor_batched,tensor_batched,cuda,2048,10,1,0,0,3,toy4_gpu_core_neural_output_average_tensor_batched_2048_cuda_repeat00,5,neural_policy,output_average,social_distillation,0.002778138965368271
toy4,neural_output_average,tensor_batched,tensor_batched,cuda,2048,10,1,0,0,3,toy4_gpu_core_neural_output_average_tensor_batched_2048_cuda_repeat00,5,neural_policy,output_average,social_step,0.0028015630086883903
toy4,neural_output_average,tensor_batched,tensor_batched,cuda,2048,10,1,0,0,3,toy4_gpu_core_neural_output_average_tensor_batched_2048_cuda_repeat00,5,neural_policy,output_average,sample_actions,6.843009032309055e-06
toy4,neural_output_average,tensor_batched,tensor_batched,cuda,2048,10,1,0,0,3,toy4_gpu_core_neural_output_average_tensor_batched_2048_cuda_repeat00,5,neural_policy,output_average,commit_actions,8.116010576486588e-06
toy4,neural_output_average,tensor_batched,tensor_batched,cuda,2048,10,1,0,0,3,toy4_gpu_core_neural_output_average_tensor_batched_2048_cuda_repeat00,5,neural_policy,output_average,post_step_state_policy,3.041804302483797e-05
toy4,neural_output_average,tensor_batched,tensor_batched,cuda,2048,10,1,0,0,3,toy4_gpu_core_neural_output_average_tensor_batched_2048_cuda_repeat00,5,neural_policy,output_average,update_payoff_ema,3.178010229021311e-05
toy4,neural_output_average,tensor_batched,tensor_batched,cuda,2048,10,1,0,0,3,toy4_gpu_core_neural_output_average_tensor_batched_2048_cuda_repeat00,5,neural_policy,output_average,update_reputation_ema,2.5187968276441097e-05
toy4,neural_output_average,tensor_batched,tensor_batched,cuda,2048,10,1,0,0,3,toy4_gpu_core_neural_output_average_tensor_batched_2048_cuda_repeat00,5,neural_policy,output_average,mobility_swaps,2.157106064260006e-05
toy4,neural_output_average,tensor_batched,tensor_batched,cuda,2048,10,1,0,0,3,toy4_gpu_core_neural_output_average_tensor_batched_2048_cuda_repeat00,5,neural_policy,output_average,finalize_hook_step,1.4467979781329632e-05
toy4,neural_output_average,tensor_batched,tensor_batched,cuda,2048,10,1,0,0,3,toy4_gpu_core_neural_output_average_tensor_batched_2048_cuda_repeat00,5,neural_policy,output_average,hooked_step_total,0.010943623026832938
toy4,neural_output_average,tensor_batched,tensor_batched,cuda,2048,10,1,0,0,3,toy4_gpu_core_neural_output_average_tensor_batched_2048_cuda_repeat00,5,neural_policy,output_average,aggregate_row,0.1668547079898417
toy4,neural_output_average,tensor_batched,tensor_batched,cuda,2048,10,1,0,0,3,toy4_gpu_core_neural_output_average_tensor_batched_2048_cuda_repeat00,5,neural_policy,output_average,write_aggregate,0.00010209402535110712
toy4,neural_output_average,tensor_batched,tensor_batched,cuda,2048,10,1,0,0,3,toy4_gpu_core_neural_output_average_tensor_batched_2048_cuda_repeat00,6,neural_policy,output_average,sample_revision_mask,4.6498957090079784e-05
toy4,neural_output_average,tensor_batched,tensor_batched,cuda,2048,10,1,0,0,3,toy4_gpu_core_neural_output_average_tensor_batched_2048_cuda_repeat00,6,neural_policy,output_average,build_step_context,1.4948076568543911e-05
toy4,neural_output_average,tensor_batched,tensor_batched,cuda,2048,10,1,0,0,3,toy4_gpu_core_neural_output_average_tensor_batched_2048_cuda_repeat00,6,neural_policy,output_average,build_observations,0.0019538929918780923
toy4,neural_output_average,tensor_batched,tensor_batched,cuda,2048,10,1,0,0,3,toy4_gpu_core_neural_output_average_tensor_batched_2048_cuda_repeat00,6,neural_policy,output_average,policy_readout,0.0014751629205420613
toy4,neural_output_average,tensor_batched,tensor_batched,cuda,2048,10,1,0,0,3,toy4_gpu_core_neural_output_average_tensor_batched_2048_cuda_repeat00,6,neural_policy,output_average,decision_selection,0.002012994955293834
toy4,neural_output_average,tensor_batched,tensor_batched,cuda,2048,10,1,0,0,3,toy4_gpu_core_neural_output_average_tensor_batched_2048_cuda_repeat00,6,neural_policy,output_average,local_trainable_parameters,0.0001468390692025423
toy4,neural_output_average,tensor_batched,tensor_batched,cuda,2048,10,1,0,0,3,toy4_gpu_core_neural_output_average_tensor_batched_2048_cuda_repeat00,6,neural_policy,output_average,local_loss_forward,0.000727682956494391
toy4,neural_output_average,tensor_batched,tensor_batched,cuda,2048,10,1,0,0,3,toy4_gpu_core_neural_output_average_tensor_batched_2048_cuda_repeat00,6,neural_policy,output_average,local_autograd_grad,0.0008674480486661196
toy4,neural_output_average,tensor_batched,tensor_batched,cuda,2048,10,1,0,0,3,toy4_gpu_core_neural_output_average_tensor_batched_2048_cuda_repeat00,6,neural_policy,output_average,local_adam_update,0.0008586420444771647
toy4,neural_output_average,tensor_batched,tensor_batched,cuda,2048,10,1,0,0,3,toy4_gpu_core_neural_output_average_tensor_batched_2048_cuda_repeat00,6,neural_policy,output_average,local_optimizer_update,0.0018423598958179355
toy4,neural_output_average,tensor_batched,tensor_batched,cuda,2048,10,1,0,0,3,toy4_gpu_core_neural_output_average_tensor_batched_2048_cuda_repeat00,6,neural_policy,output_average,local_loss_update,0.002601142041385174
toy4,neural_output_average,tensor_batched,tensor_batched,cuda,2048,10,1,0,0,3,toy4_gpu_core_neural_output_average_tensor_batched_2048_cuda_repeat00,6,neural_policy,output_average,local_training,0.002817873959429562
toy4,neural_output_average,tensor_batched,tensor_batched,cuda,2048,10,1,0,0,3,toy4_gpu_core_neural_output_average_tensor_batched_2048_cuda_repeat00,6,neural_policy,output_average,cache_refresh,8.736969903111458e-06
toy4,neural_output_average,tensor_batched,tensor_batched,cuda,2048,10,1,0,0,3,toy4_gpu_core_neural_output_average_tensor_batched_2048_cuda_repeat00,6,neural_policy,output_average,post_local_readout,0.00019199494272470474
toy4,neural_output_average,tensor_batched,tensor_batched,cuda,2048,10,1,0,0,3,toy4_gpu_core_neural_output_average_tensor_batched_2048_cuda_repeat00,6,neural_policy,output_average,local_step,0.009355004993267357
toy4,neural_output_average,tensor_batched,tensor_batched,cuda,2048,10,1,0,0,3,toy4_gpu_core_neural_output_average_tensor_batched_2048_cuda_repeat00,6,neural_policy,output_average,select_peers,0.00012279395014047623
toy4,neural_output_average,tensor_batched,tensor_batched,cuda,2048,10,1,0,0,3,toy4_gpu_core_neural_output_average_tensor_batched_2048_cuda_repeat00,6,neural_policy,output_average,social_mix,0.0005202789325267076
toy4,neural_output_average,tensor_batched,tensor_batched,cuda,2048,10,1,0,0,3,toy4_gpu_core_neural_output_average_tensor_batched_2048_cuda_repeat00,6,neural_policy,output_average,social_loss_forward,0.0002172030508518219
toy4,neural_output_average,tensor_batched,tensor_batched,cuda,2048,10,1,0,0,3,toy4_gpu_core_neural_output_average_tensor_batched_2048_cuda_repeat00,6,neural_policy,output_average,social_autograd_grad,0.0003520379541441798
toy4,neural_output_average,tensor_batched,tensor_batched,cuda,2048,10,1,0,0,3,toy4_gpu_core_neural_output_average_tensor_batched_2048_cuda_repeat00,6,neural_policy,output_average,social_adam_update,0.000661546946503222
toy4,neural_output_average,tensor_batched,tensor_batched,cuda,2048,10,1,0,0,3,toy4_gpu_core_neural_output_average_tensor_batched_2048_cuda_repeat00,6,neural_policy,output_average,social_optimizer_update,0.001506341970525682
toy4,neural_output_average,tensor_batched,tensor_batched,cuda,2048,10,1,0,0,3,toy4_gpu_core_neural_output_average_tensor_batched_2048_cuda_repeat00,6,neural_policy,output_average,social_distillation,0.0026819159975275397
toy4,neural_output_average,tensor_batched,tensor_batched,cuda,2048,10,1,0,0,3,toy4_gpu_core_neural_output_average_tensor_batched_2048_cuda_repeat00,6,neural_policy,output_average,social_step,0.0027053799713030457
toy4,neural_output_average,tensor_batched,tensor_batched,cuda,2048,10,1,0,0,3,toy4_gpu_core_neural_output_average_tensor_batched_2048_cuda_repeat00,6,neural_policy,output_average,sample_actions,6.863032467663288e-06
toy4,neural_output_average,tensor_batched,tensor_batched,cuda,2048,10,1,0,0,3,toy4_gpu_core_neural_output_average_tensor_batched_2048_cuda_repeat00,6,neural_policy,output_average,commit_actions,9.197043254971504e-06
toy4,neural_output_average,tensor_batched,tensor_batched,cuda,2048,10,1,0,0,3,toy4_gpu_core_neural_output_average_tensor_batched_2048_cuda_repeat00,6,neural_policy,output_average,post_step_state_policy,3.136997111141682e-05
toy4,neural_output_average,tensor_batched,tensor_batched,cuda,2048,10,1,0,0,3,toy4_gpu_core_neural_output_average_tensor_batched_2048_cuda_repeat00,6,neural_policy,output_average,update_payoff_ema,2.847390715032816e-05
toy4,neural_output_average,tensor_batched,tensor_batched,cuda,2048,10,1,0,0,3,toy4_gpu_core_neural_output_average_tensor_batched_2048_cuda_repeat00,6,neural_policy,output_average,update_reputation_ema,2.411601599305868e-05
toy4,neural_output_average,tensor_batched,tensor_batched,cuda,2048,10,1,0,0,3,toy4_gpu_core_neural_output_average_tensor_batched_2048_cuda_repeat00,6,neural_policy,output_average,mobility_swaps,2.2703083232045174e-05
toy4,neural_output_average,tensor_batched,tensor_batched,cuda,2048,10,1,0,0,3,toy4_gpu_core_neural_output_average_tensor_batched_2048_cuda_repeat00,6,neural_policy,output_average,finalize_hook_step,1.424702350050211e-05
toy4,neural_output_average,tensor_batched,tensor_batched,cuda,2048,10,1,0,0,3,toy4_gpu_core_neural_output_average_tensor_batched_2048_cuda_repeat00,6,neural_policy,output_average,hooked_step_total,0.01316156703978777
toy4,neural_output_average,tensor_batched,tensor_batched,cuda,2048,10,1,0,0,3,toy4_gpu_core_neural_output_average_tensor_batched_2048_cuda_repeat00,6,neural_policy,output_average,aggregate_row,0.13013061101082712
toy4,neural_output_average,tensor_batched,tensor_batched,cuda,2048,10,1,0,0,3,toy4_gpu_core_neural_output_average_tensor_batched_2048_cuda_repeat00,6,neural_policy,output_average,write_aggregate,0.00012083898764103651
toy4,neural_output_average,tensor_batched,tensor_batched,cuda,2048,10,1,0,0,3,toy4_gpu_core_neural_output_average_tensor_batched_2048_cuda_repeat00,7,neural_policy,output_average,sample_revision_mask,7.870001718401909e-05
toy4,neural_output_average,tensor_batched,tensor_batched,cuda,2048,10,1,0,0,3,toy4_gpu_core_neural_output_average_tensor_batched_2048_cuda_repeat00,7,neural_policy,output_average,build_step_context,1.6710953786969185e-05
toy4,neural_output_average,tensor_batched,tensor_batched,cuda,2048,10,1,0,0,3,toy4_gpu_core_neural_output_average_tensor_batched_2048_cuda_repeat00,7,neural_policy,output_average,build_observations,0.0009875668911263347
toy4,neural_output_average,tensor_batched,tensor_batched,cuda,2048,10,1,0,0,3,toy4_gpu_core_neural_output_average_tensor_batched_2048_cuda_repeat00,7,neural_policy,output_average,policy_readout,0.0006633100565522909
toy4,neural_output_average,tensor_batched,tensor_batched,cuda,2048,10,1,0,0,3,toy4_gpu_core_neural_output_average_tensor_batched_2048_cuda_repeat00,7,neural_policy,output_average,decision_selection,0.0017301980406045914
toy4,neural_output_average,tensor_batched,tensor_batched,cuda,2048,10,1,0,0,3,toy4_gpu_core_neural_output_average_tensor_batched_2048_cuda_repeat00,7,neural_policy,output_average,local_trainable_parameters,9.334692731499672e-05
toy4,neural_output_average,tensor_batched,tensor_batched,cuda,2048,10,1,0,0,3,toy4_gpu_core_neural_output_average_tensor_batched_2048_cuda_repeat00,7,neural_policy,output_average,local_loss_forward,0.000680191908031702
toy4,neural_output_average,tensor_batched,tensor_batched,cuda,2048,10,1,0,0,3,toy4_gpu_core_neural_output_average_tensor_batched_2048_cuda_repeat00,7,neural_policy,output_average,local_autograd_grad,0.0008633109973743558
toy4,neural_output_average,tensor_batched,tensor_batched,cuda,2048,10,1,0,0,3,toy4_gpu_core_neural_output_average_tensor_batched_2048_cuda_repeat00,7,neural_policy,output_average,local_adam_update,0.0015743509866297245
toy4,neural_output_average,tensor_batched,tensor_batched,cuda,2048,10,1,0,0,3,toy4_gpu_core_neural_output_average_tensor_batched_2048_cuda_repeat00,7,neural_policy,output_average,local_optimizer_update,0.002727371989749372
toy4,neural_output_average,tensor_batched,tensor_batched,cuda,2048,10,1,0,0,3,toy4_gpu_core_neural_output_average_tensor_batched_2048_cuda_repeat00,7,neural_policy,output_average,local_loss_update,0.003437611972913146
toy4,neural_output_average,tensor_batched,tensor_batched,cuda,2048,10,1,0,0,3,toy4_gpu_core_neural_output_average_tensor_batched_2048_cuda_repeat00,7,neural_policy,output_average,local_training,0.0035844800295308232
toy4,neural_output_average,tensor_batched,tensor_batched,cuda,2048,10,1,0,0,3,toy4_gpu_core_neural_output_average_tensor_batched_2048_cuda_repeat00,7,neural_policy,output_average,cache_refresh,1.2694043107330799e-05
toy4,neural_output_average,tensor_batched,tensor_batched,cuda,2048,10,1,0,0,3,toy4_gpu_core_neural_output_average_tensor_batched_2048_cuda_repeat00,7,neural_policy,output_average,post_local_readout,0.00020932790357619524
toy4,neural_output_average,tensor_batched,tensor_batched,cuda,2048,10,1,0,0,3,toy4_gpu_core_neural_output_average_tensor_batched_2048_cuda_repeat00,7,neural_policy,output_average,local_step,0.008412003051489592
toy4,neural_output_average,tensor_batched,tensor_batched,cuda,2048,10,1,0,0,3,toy4_gpu_core_neural_output_average_tensor_batched_2048_cuda_repeat00,7,neural_policy,output_average,select_peers,0.00013075803872197866
toy4,neural_output_average,tensor_batched,tensor_batched,cuda,2048,10,1,0,0,3,toy4_gpu_core_neural_output_average_tensor_batched_2048_cuda_repeat00,7,neural_policy,output_average,social_mix,0.0005296770250424743
toy4,neural_output_average,tensor_batched,tensor_batched,cuda,2048,10,1,0,0,3,toy4_gpu_core_neural_output_average_tensor_batched_2048_cuda_repeat00,7,neural_policy,output_average,social_loss_forward,0.00021394703071564436
toy4,neural_output_average,tensor_batched,tensor_batched,cuda,2048,10,1,0,0,3,toy4_gpu_core_neural_output_average_tensor_batched_2048_cuda_repeat00,7,neural_policy,output_average,social_autograd_grad,0.0003287749132141471
toy4,neural_output_average,tensor_batched,tensor_batched,cuda,2048,10,1,0,0,3,toy4_gpu_core_neural_output_average_tensor_batched_2048_cuda_repeat00,7,neural_policy,output_average,social_adam_update,0.0010173229966312647
toy4,neural_output_average,tensor_batched,tensor_batched,cuda,2048,10,1,0,0,3,toy4_gpu_core_neural_output_average_tensor_batched_2048_cuda_repeat00,7,neural_policy,output_average,social_optimizer_update,0.001868830993771553
toy4,neural_output_average,tensor_batched,tensor_batched,cuda,2048,10,1,0,0,3,toy4_gpu_core_neural_output_average_tensor_batched_2048_cuda_repeat00,7,neural_policy,output_average,social_distillation,0.003124446957372129
toy4,neural_output_average,tensor_batched,tensor_batched,cuda,2048,10,1,0,0,3,toy4_gpu_core_neural_output_average_tensor_batched_2048_cuda_repeat00,7,neural_policy,output_average,social_step,0.0031535510206595063
toy4,neural_output_average,tensor_batched,tensor_batched,cuda,2048,10,1,0,0,3,toy4_gpu_core_neural_output_average_tensor_batched_2048_cuda_repeat00,7,neural_policy,output_average,sample_actions,1.1741998605430126e-05
toy4,neural_output_average,tensor_batched,tensor_batched,cuda,2048,10,1,0,0,3,toy4_gpu_core_neural_output_average_tensor_batched_2048_cuda_repeat00,7,neural_policy,output_average,commit_actions,1.3825949281454086e-05
toy4,neural_output_average,tensor_batched,tensor_batched,cuda,2048,10,1,0,0,3,toy4_gpu_core_neural_output_average_tensor_batched_2048_cuda_repeat00,7,neural_policy,output_average,post_step_state_policy,3.719108644872904e-05
toy4,neural_output_average,tensor_batched,tensor_batched,cuda,2048,10,1,0,0,3,toy4_gpu_core_neural_output_average_tensor_batched_2048_cuda_repeat00,7,neural_policy,output_average,update_payoff_ema,3.797200042754412e-05
toy4,neural_output_average,tensor_batched,tensor_batched,cuda,2048,10,1,0,0,3,toy4_gpu_core_neural_output_average_tensor_batched_2048_cuda_repeat00,7,neural_policy,output_average,update_reputation_ema,3.1550065614283085e-05
toy4,neural_output_average,tensor_batched,tensor_batched,cuda,2048,10,1,0,0,3,toy4_gpu_core_neural_output_average_tensor_batched_2048_cuda_repeat00,7,neural_policy,output_average,mobility_swaps,3.108906093984842e-05
toy4,neural_output_average,tensor_batched,tensor_batched,cuda,2048,10,1,0,0,3,toy4_gpu_core_neural_output_average_tensor_batched_2048_cuda_repeat00,7,neural_policy,output_average,finalize_hook_step,2.1159998141229153e-05
toy4,neural_output_average,tensor_batched,tensor_batched,cuda,2048,10,1,0,0,3,toy4_gpu_core_neural_output_average_tensor_batched_2048_cuda_repeat00,7,neural_policy,output_average,hooked_step_total,0.012817643932066858
toy4,neural_output_average,tensor_batched,tensor_batched,cuda,2048,10,1,0,0,3,toy4_gpu_core_neural_output_average_tensor_batched_2048_cuda_repeat00,7,neural_policy,output_average,aggregate_row,0.30688863492105156
toy4,neural_output_average,tensor_batched,tensor_batched,cuda,2048,10,1,0,0,3,toy4_gpu_core_neural_output_average_tensor_batched_2048_cuda_repeat00,7,neural_policy,output_average,write_aggregate,0.00018560304306447506
toy4,neural_output_average,tensor_batched,tensor_batched,cuda,2048,10,1,0,0,3,toy4_gpu_core_neural_output_average_tensor_batched_2048_cuda_repeat00,8,neural_policy,output_average,sample_revision_mask,6.199791096150875e-05
toy4,neural_output_average,tensor_batched,tensor_batched,cuda,2048,10,1,0,0,3,toy4_gpu_core_neural_output_average_tensor_batched_2048_cuda_repeat00,8,neural_policy,output_average,build_step_context,1.732294913381338e-05
toy4,neural_output_average,tensor_batched,tensor_batched,cuda,2048,10,1,0,0,3,toy4_gpu_core_neural_output_average_tensor_batched_2048_cuda_repeat00,8,neural_policy,output_average,build_observations,0.0010643519926816225
toy4,neural_output_average,tensor_batched,tensor_batched,cuda,2048,10,1,0,0,3,toy4_gpu_core_neural_output_average_tensor_batched_2048_cuda_repeat00,8,neural_policy,output_average,policy_readout,0.0008925760630518198
toy4,neural_output_average,tensor_batched,tensor_batched,cuda,2048,10,1,0,0,3,toy4_gpu_core_neural_output_average_tensor_batched_2048_cuda_repeat00,8,neural_policy,output_average,decision_selection,0.002024987945333123
toy4,neural_output_average,tensor_batched,tensor_batched,cuda,2048,10,1,0,0,3,toy4_gpu_core_neural_output_average_tensor_batched_2048_cuda_repeat00,8,neural_policy,output_average,local_trainable_parameters,0.00013231101911514997
toy4,neural_output_average,tensor_batched,tensor_batched,cuda,2048,10,1,0,0,3,toy4_gpu_core_neural_output_average_tensor_batched_2048_cuda_repeat00,8,neural_policy,output_average,local_loss_forward,0.0009109110105782747
toy4,neural_output_average,tensor_batched,tensor_batched,cuda,2048,10,1,0,0,3,toy4_gpu_core_neural_output_average_tensor_batched_2048_cuda_repeat00,8,neural_policy,output_average,local_autograd_grad,0.0011065430007874966
toy4,neural_output_average,tensor_batched,tensor_batched,cuda,2048,10,1,0,0,3,toy4_gpu_core_neural_output_average_tensor_batched_2048_cuda_repeat00,8,neural_policy,output_average,local_adam_update,0.0010233040666207671
toy4,neural_output_average,tensor_batched,tensor_batched,cuda,2048,10,1,0,0,3,toy4_gpu_core_neural_output_average_tensor_batched_2048_cuda_repeat00,8,neural_policy,output_average,local_optimizer_update,0.002382917096838355
toy4,neural_output_average,tensor_batched,tensor_batched,cuda,2048,10,1,0,0,3,toy4_gpu_core_neural_output_average_tensor_batched_2048_cuda_repeat00,8,neural_policy,output_average,local_loss_update,0.0033266210230067372
toy4,neural_output_average,tensor_batched,tensor_batched,cuda,2048,10,1,0,0,3,toy4_gpu_core_neural_output_average_tensor_batched_2048_cuda_repeat00,8,neural_policy,output_average,local_training,0.0035271919332444668
toy4,neural_output_average,tensor_batched,tensor_batched,cuda,2048,10,1,0,0,3,toy4_gpu_core_neural_output_average_tensor_batched_2048_cuda_repeat00,8,neural_policy,output_average,cache_refresh,9.899027645587921e-06
toy4,neural_output_average,tensor_batched,tensor_batched,cuda,2048,10,1,0,0,3,toy4_gpu_core_neural_output_average_tensor_batched_2048_cuda_repeat00,8,neural_policy,output_average,post_local_readout,0.00021519896108657122
toy4,neural_output_average,tensor_batched,tensor_batched,cuda,2048,10,1,0,0,3,toy4_gpu_core_neural_output_average_tensor_batched_2048_cuda_repeat00,8,neural_policy,output_average,local_step,0.008888307958841324
toy4,neural_output_average,tensor_batched,tensor_batched,cuda,2048,10,1,0,0,3,toy4_gpu_core_neural_output_average_tensor_batched_2048_cuda_repeat00,8,neural_policy,output_average,select_peers,0.0001376420259475708
toy4,neural_output_average,tensor_batched,tensor_batched,cuda,2048,10,1,0,0,3,toy4_gpu_core_neural_output_average_tensor_batched_2048_cuda_repeat00,8,neural_policy,output_average,social_mix,0.0007007719250395894
toy4,neural_output_average,tensor_batched,tensor_batched,cuda,2048,10,1,0,0,3,toy4_gpu_core_neural_output_average_tensor_batched_2048_cuda_repeat00,8,neural_policy,output_average,social_loss_forward,0.0002666669897735119
toy4,neural_output_average,tensor_batched,tensor_batched,cuda,2048,10,1,0,0,3,toy4_gpu_core_neural_output_average_tensor_batched_2048_cuda_repeat00,8,neural_policy,output_average,social_autograd_grad,0.00042513804510235786
toy4,neural_output_average,tensor_batched,tensor_batched,cuda,2048,10,1,0,0,3,toy4_gpu_core_neural_output_average_tensor_batched_2048_cuda_repeat00,8,neural_policy,output_average,social_adam_update,0.0007915940368548036
toy4,neural_output_average,tensor_batched,tensor_batched,cuda,2048,10,1,0,0,3,toy4_gpu_core_neural_output_average_tensor_batched_2048_cuda_repeat00,8,neural_policy,output_average,social_optimizer_update,0.0017743909265846014
toy4,neural_output_average,tensor_batched,tensor_batched,cuda,2048,10,1,0,0,3,toy4_gpu_core_neural_output_average_tensor_batched_2048_cuda_repeat00,8,neural_policy,output_average,social_distillation,0.0032788000535219908
toy4,neural_output_average,tensor_batched,tensor_batched,cuda,2048,10,1,0,0,3,toy4_gpu_core_neural_output_average_tensor_batched_2048_cuda_repeat00,8,neural_policy,output_average,social_step,0.0033027050085365772
toy4,neural_output_average,tensor_batched,tensor_batched,cuda,2048,10,1,0,0,3,toy4_gpu_core_neural_output_average_tensor_batched_2048_cuda_repeat00,8,neural_policy,output_average,sample_actions,7.0140231400728226e-06
toy4,neural_output_average,tensor_batched,tensor_batched,cuda,2048,10,1,0,0,3,toy4_gpu_core_neural_output_average_tensor_batched_2048_cuda_repeat00,8,neural_policy,output_average,commit_actions,1.0260031558573246e-05
toy4,neural_output_average,tensor_batched,tensor_batched,cuda,2048,10,1,0,0,3,toy4_gpu_core_neural_output_average_tensor_batched_2048_cuda_repeat00,8,neural_policy,output_average,post_step_state_policy,4.677905235439539e-05
toy4,neural_output_average,tensor_batched,tensor_batched,cuda,2048,10,1,0,0,3,toy4_gpu_core_neural_output_average_tensor_batched_2048_cuda_repeat00,8,neural_policy,output_average,update_payoff_ema,4.84720803797245e-05
toy4,neural_output_average,tensor_batched,tensor_batched,cuda,2048,10,1,0,0,3,toy4_gpu_core_neural_output_average_tensor_batched_2048_cuda_repeat00,8,neural_policy,output_average,update_reputation_ema,3.612798172980547e-05
toy4,neural_output_average,tensor_batched,tensor_batched,cuda,2048,10,1,0,0,3,toy4_gpu_core_neural_output_average_tensor_batched_2048_cuda_repeat00,8,neural_policy,output_average,mobility_swaps,5.556503310799599e-05
toy4,neural_output_average,tensor_batched,tensor_batched,cuda,2048,10,1,0,0,3,toy4_gpu_core_neural_output_average_tensor_batched_2048_cuda_repeat00,8,neural_policy,output_average,finalize_hook_step,2.330401912331581e-05
toy4,neural_output_average,tensor_batched,tensor_batched,cuda,2048,10,1,0,0,3,toy4_gpu_core_neural_output_average_tensor_batched_2048_cuda_repeat00,8,neural_policy,output_average,hooked_step_total,0.013685754034668207
toy4,neural_output_average,tensor_batched,tensor_batched,cuda,2048,10,1,0,0,3,toy4_gpu_core_neural_output_average_tensor_batched_2048_cuda_repeat00,8,neural_policy,output_average,aggregate_row,0.16983736492693424
toy4,neural_output_average,tensor_batched,tensor_batched,cuda,2048,10,1,0,0,3,toy4_gpu_core_neural_output_average_tensor_batched_2048_cuda_repeat00,8,neural_policy,output_average,write_aggregate,0.00013697997201234102
toy4,neural_output_average,tensor_batched,tensor_batched,cuda,2048,10,1,0,0,3,toy4_gpu_core_neural_output_average_tensor_batched_2048_cuda_repeat00,9,neural_policy,output_average,sample_revision_mask,8.583301678299904e-05
toy4,neural_output_average,tensor_batched,tensor_batched,cuda,2048,10,1,0,0,3,toy4_gpu_core_neural_output_average_tensor_batched_2048_cuda_repeat00,9,neural_policy,output_average,build_step_context,1.7813988961279392e-05
toy4,neural_output_average,tensor_batched,tensor_batched,cuda,2048,10,1,0,0,3,toy4_gpu_core_neural_output_average_tensor_batched_2048_cuda_repeat00,9,neural_policy,output_average,build_observations,0.0015266310656443238
toy4,neural_output_average,tensor_batched,tensor_batched,cuda,2048,10,1,0,0,3,toy4_gpu_core_neural_output_average_tensor_batched_2048_cuda_repeat00,9,neural_policy,output_average,policy_readout,0.0013364090118557215
toy4,neural_output_average,tensor_batched,tensor_batched,cuda,2048,10,1,0,0,3,toy4_gpu_core_neural_output_average_tensor_batched_2048_cuda_repeat00,9,neural_policy,output_average,decision_selection,0.0019475510343909264
toy4,neural_output_average,tensor_batched,tensor_batched,cuda,2048,10,1,0,0,3,toy4_gpu_core_neural_output_average_tensor_batched_2048_cuda_repeat00,9,neural_policy,output_average,local_trainable_parameters,0.00012264307588338852
toy4,neural_output_average,tensor_batched,tensor_batched,cuda,2048,10,1,0,0,3,toy4_gpu_core_neural_output_average_tensor_batched_2048_cuda_repeat00,9,neural_policy,output_average,local_loss_forward,0.0007768559735268354
toy4,neural_output_average,tensor_batched,tensor_batched,cuda,2048,10,1,0,0,3,toy4_gpu_core_neural_output_average_tensor_batched_2048_cuda_repeat00,9,neural_policy,output_average,local_autograd_grad,0.000970725086517632
toy4,neural_output_average,tensor_batched,tensor_batched,cuda,2048,10,1,0,0,3,toy4_gpu_core_neural_output_average_tensor_batched_2048_cuda_repeat00,9,neural_policy,output_average,local_adam_update,0.0009116730652749538
toy4,neural_output_average,tensor_batched,tensor_batched,cuda,2048,10,1,0,0,3,toy4_gpu_core_neural_output_average_tensor_batched_2048_cuda_repeat00,9,neural_policy,output_average,local_optimizer_update,0.0020020740339532495
toy4,neural_output_average,tensor_batched,tensor_batched,cuda,2048,10,1,0,0,3,toy4_gpu_core_neural_output_average_tensor_batched_2048_cuda_repeat00,9,neural_policy,output_average,local_loss_update,0.0028111509745940566
toy4,neural_output_average,tensor_batched,tensor_batched,cuda,2048,10,1,0,0,3,toy4_gpu_core_neural_output_average_tensor_batched_2048_cuda_repeat00,9,neural_policy,output_average,local_training,0.002989750006236136
toy4,neural_output_average,tensor_batched,tensor_batched,cuda,2048,10,1,0,0,3,toy4_gpu_core_neural_output_average_tensor_batched_2048_cuda_repeat00,9,neural_policy,output_average,cache_refresh,1.0811025276780128e-05
toy4,neural_output_average,tensor_batched,tensor_batched,cuda,2048,10,1,0,0,3,toy4_gpu_core_neural_output_average_tensor_batched_2048_cuda_repeat00,9,neural_policy,output_average,post_local_readout,0.00019068201072514057
toy4,neural_output_average,tensor_batched,tensor_batched,cuda,2048,10,1,0,0,3,toy4_gpu_core_neural_output_average_tensor_batched_2048_cuda_repeat00,9,neural_policy,output_average,local_step,0.00899050198495388
toy4,neural_output_average,tensor_batched,tensor_batched,cuda,2048,10,1,0,0,3,toy4_gpu_core_neural_output_average_tensor_batched_2048_cuda_repeat00,9,neural_policy,output_average,select_peers,0.00012816302478313446
toy4,neural_output_average,tensor_batched,tensor_batched,cuda,2048,10,1,0,0,3,toy4_gpu_core_neural_output_average_tensor_batched_2048_cuda_repeat00,9,neural_policy,output_average,social_mix,0.0005323810037225485
toy4,neural_output_average,tensor_batched,tensor_batched,cuda,2048,10,1,0,0,3,toy4_gpu_core_neural_output_average_tensor_batched_2048_cuda_repeat00,9,neural_policy,output_average,social_loss_forward,0.0002094479277729988
toy4,neural_output_average,tensor_batched,tensor_batched,cuda,2048,10,1,0,0,3,toy4_gpu_core_neural_output_average_tensor_batched_2048_cuda_repeat00,9,neural_policy,output_average,social_autograd_grad,0.00035113701596856117
toy4,neural_output_average,tensor_batched,tensor_batched,cuda,2048,10,1,0,0,3,toy4_gpu_core_neural_output_average_tensor_batched_2048_cuda_repeat00,9,neural_policy,output_average,social_adam_update,0.0006846399046480656
toy4,neural_output_average,tensor_batched,tensor_batched,cuda,2048,10,1,0,0,3,toy4_gpu_core_neural_output_average_tensor_batched_2048_cuda_repeat00,9,neural_policy,output_average,social_optimizer_update,0.0015324120176956058
toy4,neural_output_average,tensor_batched,tensor_batched,cuda,2048,10,1,0,0,3,toy4_gpu_core_neural_output_average_tensor_batched_2048_cuda_repeat00,9,neural_policy,output_average,social_distillation,0.002697654999792576
toy4,neural_output_average,tensor_batched,tensor_batched,cuda,2048,10,1,0,0,3,toy4_gpu_core_neural_output_average_tensor_batched_2048_cuda_repeat00,9,neural_policy,output_average,social_step,0.0027211710112169385
toy4,neural_output_average,tensor_batched,tensor_batched,cuda,2048,10,1,0,0,3,toy4_gpu_core_neural_output_average_tensor_batched_2048_cuda_repeat00,9,neural_policy,output_average,sample_actions,6.601912900805473e-06
toy4,neural_output_average,tensor_batched,tensor_batched,cuda,2048,10,1,0,0,3,toy4_gpu_core_neural_output_average_tensor_batched_2048_cuda_repeat00,9,neural_policy,output_average,commit_actions,9.589013643562794e-06
toy4,neural_output_average,tensor_batched,tensor_batched,cuda,2048,10,1,0,0,3,toy4_gpu_core_neural_output_average_tensor_batched_2048_cuda_repeat00,9,neural_policy,output_average,post_step_state_policy,3.160000778734684e-05
toy4,neural_output_average,tensor_batched,tensor_batched,cuda,2048,10,1,0,0,3,toy4_gpu_core_neural_output_average_tensor_batched_2048_cuda_repeat00,9,neural_policy,output_average,update_payoff_ema,3.2081035897135735e-05
toy4,neural_output_average,tensor_batched,tensor_batched,cuda,2048,10,1,0,0,3,toy4_gpu_core_neural_output_average_tensor_batched_2048_cuda_repeat00,9,neural_policy,output_average,update_reputation_ema,2.824410330504179e-05
toy4,neural_output_average,tensor_batched,tensor_batched,cuda,2048,10,1,0,0,3,toy4_gpu_core_neural_output_average_tensor_batched_2048_cuda_repeat00,9,neural_policy,output_average,mobility_swaps,2.4336040951311588e-05
toy4,neural_output_average,tensor_batched,tensor_batched,cuda,2048,10,1,0,0,3,toy4_gpu_core_neural_output_average_tensor_batched_2048_cuda_repeat00,9,neural_policy,output_average,finalize_hook_step,1.5400000847876072e-05
toy4,neural_output_average,tensor_batched,tensor_batched,cuda,2048,10,1,0,0,3,toy4_gpu_core_neural_output_average_tensor_batched_2048_cuda_repeat00,9,neural_policy,output_average,hooked_step_total,0.012874692096374929
toy4,neural_output_average,tensor_batched,tensor_batched,cuda,2048,10,1,0,0,3,toy4_gpu_core_neural_output_average_tensor_batched_2048_cuda_repeat00,9,neural_policy,output_average,aggregate_row,0.13953111309092492
toy4,neural_output_average,tensor_batched,tensor_batched,cuda,2048,10,1,0,0,3,toy4_gpu_core_neural_output_average_tensor_batched_2048_cuda_repeat00,9,neural_policy,output_average,write_aggregate,7.622502744197845e-05
toy4,neural_output_average,tensor_batched,tensor_batched,cuda,2048,10,1,0,0,3,toy4_gpu_core_neural_output_average_tensor_batched_2048_cuda_repeat00,10,neural_policy,output_average,sample_revision_mask,3.4245080314576626e-05
toy4,neural_output_average,tensor_batched,tensor_batched,cuda,2048,10,1,0,0,3,toy4_gpu_core_neural_output_average_tensor_batched_2048_cuda_repeat00,10,neural_policy,output_average,build_step_context,1.2503936886787415e-05
toy4,neural_output_average,tensor_batched,tensor_batched,cuda,2048,10,1,0,0,3,toy4_gpu_core_neural_output_average_tensor_batched_2048_cuda_repeat00,10,neural_policy,output_average,build_observations,0.0010517489863559604
toy4,neural_output_average,tensor_batched,tensor_batched,cuda,2048,10,1,0,0,3,toy4_gpu_core_neural_output_average_tensor_batched_2048_cuda_repeat00,10,neural_policy,output_average,policy_readout,0.0008207999635487795
toy4,neural_output_average,tensor_batched,tensor_batched,cuda,2048,10,1,0,0,3,toy4_gpu_core_neural_output_average_tensor_batched_2048_cuda_repeat00,10,neural_policy,output_average,decision_selection,0.001691823941655457
toy4,neural_output_average,tensor_batched,tensor_batched,cuda,2048,10,1,0,0,3,toy4_gpu_core_neural_output_average_tensor_batched_2048_cuda_repeat00,10,neural_policy,output_average,local_trainable_parameters,0.00011635094415396452
toy4,neural_output_average,tensor_batched,tensor_batched,cuda,2048,10,1,0,0,3,toy4_gpu_core_neural_output_average_tensor_batched_2048_cuda_repeat00,10,neural_policy,output_average,local_loss_forward,0.0006258889334276319
toy4,neural_output_average,tensor_batched,tensor_batched,cuda,2048,10,1,0,0,3,toy4_gpu_core_neural_output_average_tensor_batched_2048_cuda_repeat00,10,neural_policy,output_average,local_autograd_grad,0.0008080849656835198
toy4,neural_output_average,tensor_batched,tensor_batched,cuda,2048,10,1,0,0,3,toy4_gpu_core_neural_output_average_tensor_batched_2048_cuda_repeat00,10,neural_policy,output_average,local_adam_update,0.000835226965136826
toy4,neural_output_average,tensor_batched,tensor_batched,cuda,2048,10,1,0,0,3,toy4_gpu_core_neural_output_average_tensor_batched_2048_cuda_repeat00,10,neural_policy,output_average,local_optimizer_update,0.0017493939958512783
toy4,neural_output_average,tensor_batched,tensor_batched,cuda,2048,10,1,0,0,3,toy4_gpu_core_neural_output_average_tensor_batched_2048_cuda_repeat00,10,neural_policy,output_average,local_loss_update,0.0024042680161073804
toy4,neural_output_average,tensor_batched,tensor_batched,cuda,2048,10,1,0,0,3,toy4_gpu_core_neural_output_average_tensor_batched_2048_cuda_repeat00,10,neural_policy,output_average,local_training,0.0025643520057201385
toy4,neural_output_average,tensor_batched,tensor_batched,cuda,2048,10,1,0,0,3,toy4_gpu_core_neural_output_average_tensor_batched_2048_cuda_repeat00,10,neural_policy,output_average,cache_refresh,8.506001904606819e-06
toy4,neural_output_average,tensor_batched,tensor_batched,cuda,2048,10,1,0,0,3,toy4_gpu_core_neural_output_average_tensor_batched_2048_cuda_repeat00,10,neural_policy,output_average,post_local_readout,0.0001732389209792018
toy4,neural_output_average,tensor_batched,tensor_batched,cuda,2048,10,1,0,0,3,toy4_gpu_core_neural_output_average_tensor_batched_2048_cuda_repeat00,10,neural_policy,output_average,local_step,0.0071011419640854
toy4,neural_output_average,tensor_batched,tensor_batched,cuda,2048,10,1,0,0,3,toy4_gpu_core_neural_output_average_tensor_batched_2048_cuda_repeat00,10,neural_policy,output_average,select_peers,0.00012211210560053587
toy4,neural_output_average,tensor_batched,tensor_batched,cuda,2048,10,1,0,0,3,toy4_gpu_core_neural_output_average_tensor_batched_2048_cuda_repeat00,10,neural_policy,output_average,social_mix,0.0005007210420444608
toy4,neural_output_average,tensor_batched,tensor_batched,cuda,2048,10,1,0,0,3,toy4_gpu_core_neural_output_average_tensor_batched_2048_cuda_repeat00,10,neural_policy,output_average,social_loss_forward,0.00022258295211941004
toy4,neural_output_average,tensor_batched,tensor_batched,cuda,2048,10,1,0,0,3,toy4_gpu_core_neural_output_average_tensor_batched_2048_cuda_repeat00,10,neural_policy,output_average,social_autograd_grad,0.0003343349089846015
toy4,neural_output_average,tensor_batched,tensor_batched,cuda,2048,10,1,0,0,3,toy4_gpu_core_neural_output_average_tensor_batched_2048_cuda_repeat00,10,neural_policy,output_average,social_adam_update,0.0006758240051567554
toy4,neural_output_average,tensor_batched,tensor_batched,cuda,2048,10,1,0,0,3,toy4_gpu_core_neural_output_average_tensor_batched_2048_cuda_repeat00,10,neural_policy,output_average,social_optimizer_update,0.0014940990367904305
toy4,neural_output_average,tensor_batched,tensor_batched,cuda,2048,10,1,0,0,3,toy4_gpu_core_neural_output_average_tensor_batched_2048_cuda_repeat00,10,neural_policy,output_average,social_distillation,0.002625789027661085
toy4,neural_output_average,tensor_batched,tensor_batched,cuda,2048,10,1,0,0,3,toy4_gpu_core_neural_output_average_tensor_batched_2048_cuda_repeat00,10,neural_policy,output_average,social_step,0.0026482719695195556
toy4,neural_output_average,tensor_batched,tensor_batched,cuda,2048,10,1,0,0,3,toy4_gpu_core_neural_output_average_tensor_batched_2048_cuda_repeat00,10,neural_policy,output_average,sample_actions,7.74406362324953e-06
toy4,neural_output_average,tensor_batched,tensor_batched,cuda,2048,10,1,0,0,3,toy4_gpu_core_neural_output_average_tensor_batched_2048_cuda_repeat00,10,neural_policy,output_average,commit_actions,8.986913599073887e-06
toy4,neural_output_average,tensor_batched,tensor_batched,cuda,2048,10,1,0,0,3,toy4_gpu_core_neural_output_average_tensor_batched_2048_cuda_repeat00,10,neural_policy,output_average,post_step_state_policy,2.7050962671637535e-05
toy4,neural_output_average,tensor_batched,tensor_batched,cuda,2048,10,1,0,0,3,toy4_gpu_core_neural_output_average_tensor_batched_2048_cuda_repeat00,10,neural_policy,output_average,update_payoff_ema,2.4826964363455772e-05
toy4,neural_output_average,tensor_batched,tensor_batched,cuda,2048,10,1,0,0,3,toy4_gpu_core_neural_output_average_tensor_batched_2048_cuda_repeat00,10,neural_policy,output_average,update_reputation_ema,2.3344997316598892e-05
toy4,neural_output_average,tensor_batched,tensor_batched,cuda,2048,10,1,0,0,3,toy4_gpu_core_neural_output_average_tensor_batched_2048_cuda_repeat00,10,neural_policy,output_average,mobility_swaps,2.1581072360277176e-05
toy4,neural_output_average,tensor_batched,tensor_batched,cuda,2048,10,1,0,0,3,toy4_gpu_core_neural_output_average_tensor_batched_2048_cuda_repeat00,10,neural_policy,output_average,finalize_hook_step,1.3767043128609657e-05
toy4,neural_output_average,tensor_batched,tensor_batched,cuda,2048,10,1,0,0,3,toy4_gpu_core_neural_output_average_tensor_batched_2048_cuda_repeat00,10,neural_policy,output_average,hooked_step_total,0.010795663110911846
toy4,neural_output_average,tensor_batched,tensor_batched,cuda,2048,10,1,0,0,3,toy4_gpu_core_neural_output_average_tensor_batched_2048_cuda_repeat00,10,neural_policy,output_average,aggregate_row,0.13668140792287886
toy4,neural_output_average,tensor_batched,tensor_batched,cuda,2048,10,1,0,0,3,toy4_gpu_core_neural_output_average_tensor_batched_2048_cuda_repeat00,10,neural_policy,output_average,write_aggregate,0.00010767392814159393
toy4,neural_output_average,tensor_batched,tensor_batched,cuda,2048,10,1,1,0,3,toy4_gpu_core_neural_output_average_tensor_batched_2048_cuda_repeat01,0,neural_policy,output_average,make_run_dir,0.0002328719710931182
toy4,neural_output_average,tensor_batched,tensor_batched,cuda,2048,10,1,1,0,3,toy4_gpu_core_neural_output_average_tensor_batched_2048_cuda_repeat01,0,neural_policy,output_average,write_metadata,0.002417273004539311
toy4,neural_output_average,tensor_batched,tensor_batched,cuda,2048,10,1,1,0,3,toy4_gpu_core_neural_output_average_tensor_batched_2048_cuda_repeat01,0,neural_policy,output_average,initial_state,1.6412032089428976
toy4,neural_output_average,tensor_batched,tensor_batched,cuda,2048,10,1,1,0,3,toy4_gpu_core_neural_output_average_tensor_batched_2048_cuda_repeat01,0,neural_policy,output_average,writer_setup,0.0007855620933696628
toy4,neural_output_average,tensor_batched,tensor_batched,cuda,2048,10,1,1,0,3,toy4_gpu_core_neural_output_average_tensor_batched_2048_cuda_repeat01,0,neural_policy,output_average,initial_step_result,0.007402634946629405
toy4,neural_output_average,tensor_batched,tensor_batched,cuda,2048,10,1,1,0,3,toy4_gpu_core_neural_output_average_tensor_batched_2048_cuda_repeat01,0,neural_policy,output_average,initial_aggregate_row,0.11954307509586215
toy4,neural_output_average,tensor_batched,tensor_batched,cuda,2048,10,1,1,0,3,toy4_gpu_core_neural_output_average_tensor_batched_2048_cuda_repeat01,0,neural_policy,output_average,write_initial_aggregate,0.00014135893434286118
toy4,neural_output_average,tensor_batched,tensor_batched,cuda,2048,10,1,1,0,3,toy4_gpu_core_neural_output_average_tensor_batched_2048_cuda_repeat01,1,neural_policy,output_average,sample_revision_mask,4.598707892000675e-05
toy4,neural_output_average,tensor_batched,tensor_batched,cuda,2048,10,1,1,0,3,toy4_gpu_core_neural_output_average_tensor_batched_2048_cuda_repeat01,1,neural_policy,output_average,build_step_context,1.8103979527950287e-05
toy4,neural_output_average,tensor_batched,tensor_batched,cuda,2048,10,1,1,0,3,toy4_gpu_core_neural_output_average_tensor_batched_2048_cuda_repeat01,1,neural_policy,output_average,build_observations,0.0009760439861565828
toy4,neural_output_average,tensor_batched,tensor_batched,cuda,2048,10,1,1,0,3,toy4_gpu_core_neural_output_average_tensor_batched_2048_cuda_repeat01,1,neural_policy,output_average,policy_readout,0.0007373510161414742
toy4,neural_output_average,tensor_batched,tensor_batched,cuda,2048,10,1,1,0,3,toy4_gpu_core_neural_output_average_tensor_batched_2048_cuda_repeat01,1,neural_policy,output_average,decision_selection,0.0016936579486355186
toy4,neural_output_average,tensor_batched,tensor_batched,cuda,2048,10,1,1,0,3,toy4_gpu_core_neural_output_average_tensor_batched_2048_cuda_repeat01,1,neural_policy,output_average,local_trainable_parameters,9.47900116443634e-05
toy4,neural_output_average,tensor_batched,tensor_batched,cuda,2048,10,1,1,0,3,toy4_gpu_core_neural_output_average_tensor_batched_2048_cuda_repeat01,1,neural_policy,output_average,local_loss_forward,0.0006016329862177372
toy4,neural_output_average,tensor_batched,tensor_batched,cuda,2048,10,1,1,0,3,toy4_gpu_core_neural_output_average_tensor_batched_2048_cuda_repeat01,1,neural_policy,output_average,local_autograd_grad,0.0008105600718408823
toy4,neural_output_average,tensor_batched,tensor_batched,cuda,2048,10,1,1,0,3,toy4_gpu_core_neural_output_average_tensor_batched_2048_cuda_repeat01,1,neural_policy,output_average,local_adam_update,0.0010729380883276463
toy4,neural_output_average,tensor_batched,tensor_batched,cuda,2048,10,1,1,0,3,toy4_gpu_core_neural_output_average_tensor_batched_2048_cuda_repeat01,1,neural_policy,output_average,local_optimizer_update,0.0020112720085307956
toy4,neural_output_average,tensor_batched,tensor_batched,cuda,2048,10,1,1,0,3,toy4_gpu_core_neural_output_average_tensor_batched_2048_cuda_repeat01,1,neural_policy,output_average,local_loss_update,0.0026434529572725296
toy4,neural_output_average,tensor_batched,tensor_batched,cuda,2048,10,1,1,0,3,toy4_gpu_core_neural_output_average_tensor_batched_2048_cuda_repeat01,1,neural_policy,output_average,local_training,0.0027947300113737583
toy4,neural_output_average,tensor_batched,tensor_batched,cuda,2048,10,1,1,0,3,toy4_gpu_core_neural_output_average_tensor_batched_2048_cuda_repeat01,1,neural_policy,output_average,cache_refresh,9.73802525550127e-06
toy4,neural_output_average,tensor_batched,tensor_batched,cuda,2048,10,1,1,0,3,toy4_gpu_core_neural_output_average_tensor_batched_2048_cuda_repeat01,1,neural_policy,output_average,post_local_readout,0.000203415984287858
toy4,neural_output_average,tensor_batched,tensor_batched,cuda,2048,10,1,1,0,3,toy4_gpu_core_neural_output_average_tensor_batched_2048_cuda_repeat01,1,neural_policy,output_average,local_step,0.007408645935356617
toy4,neural_output_average,tensor_batched,tensor_batched,cuda,2048,10,1,1,0,3,toy4_gpu_core_neural_output_average_tensor_batched_2048_cuda_repeat01,1,neural_policy,output_average,select_peers,0.0010748420609161258
toy4,neural_output_average,tensor_batched,tensor_batched,cuda,2048,10,1,1,0,3,toy4_gpu_core_neural_output_average_tensor_batched_2048_cuda_repeat01,1,neural_policy,output_average,social_mix,0.000597284990362823
toy4,neural_output_average,tensor_batched,tensor_batched,cuda,2048,10,1,1,0,3,toy4_gpu_core_neural_output_average_tensor_batched_2048_cuda_repeat01,1,neural_policy,output_average,social_loss_forward,0.00024242105428129435
toy4,neural_output_average,tensor_batched,tensor_batched,cuda,2048,10,1,1,0,3,toy4_gpu_core_neural_output_average_tensor_batched_2048_cuda_repeat01,1,neural_policy,output_average,social_autograd_grad,0.00044001603964716196
toy4,neural_output_average,tensor_batched,tensor_batched,cuda,2048,10,1,1,0,3,toy4_gpu_core_neural_output_average_tensor_batched_2048_cuda_repeat01,1,neural_policy,output_average,social_adam_update,0.0006764249410480261
toy4,neural_output_average,tensor_batched,tensor_batched,cuda,2048,10,1,1,0,3,toy4_gpu_core_neural_output_average_tensor_batched_2048_cuda_repeat01,1,neural_policy,output_average,social_optimizer_update,0.0016209199093282223
toy4,neural_output_average,tensor_batched,tensor_batched,cuda,2048,10,1,1,0,3,toy4_gpu_core_neural_output_average_tensor_batched_2048_cuda_repeat01,1,neural_policy,output_average,social_distillation,0.002926790970377624
toy4,neural_output_average,tensor_batched,tensor_batched,cuda,2048,10,1,1,0,3,toy4_gpu_core_neural_output_average_tensor_batched_2048_cuda_repeat01,1,neural_policy,output_average,social_step,0.0029509870801120996
toy4,neural_output_average,tensor_batched,tensor_batched,cuda,2048,10,1,1,0,3,toy4_gpu_core_neural_output_average_tensor_batched_2048_cuda_repeat01,1,neural_policy,output_average,sample_actions,7.504946552217007e-06
toy4,neural_output_average,tensor_batched,tensor_batched,cuda,2048,10,1,1,0,3,toy4_gpu_core_neural_output_average_tensor_batched_2048_cuda_repeat01,1,neural_policy,output_average,commit_actions,9.236973710358143e-06
toy4,neural_output_average,tensor_batched,tensor_batched,cuda,2048,10,1,1,0,3,toy4_gpu_core_neural_output_average_tensor_batched_2048_cuda_repeat01,1,neural_policy,output_average,post_step_state_policy,3.343296702951193e-05
toy4,neural_output_average,tensor_batched,tensor_batched,cuda,2048,10,1,1,0,3,toy4_gpu_core_neural_output_average_tensor_batched_2048_cuda_repeat01,1,neural_policy,output_average,update_payoff_ema,3.5798060707747936e-05
toy4,neural_output_average,tensor_batched,tensor_batched,cuda,2048,10,1,1,0,3,toy4_gpu_core_neural_output_average_tensor_batched_2048_cuda_repeat01,1,neural_policy,output_average,update_reputation_ema,2.4465960450470448e-05
toy4,neural_output_average,tensor_batched,tensor_batched,cuda,2048,10,1,1,0,3,toy4_gpu_core_neural_output_average_tensor_batched_2048_cuda_repeat01,1,neural_policy,output_average,mobility_swaps,2.450693864375353e-05
toy4,neural_output_average,tensor_batched,tensor_batched,cuda,2048,10,1,1,0,3,toy4_gpu_core_neural_output_average_tensor_batched_2048_cuda_repeat01,1,neural_policy,output_average,finalize_hook_step,1.5169032849371433e-05
toy4,neural_output_average,tensor_batched,tensor_batched,cuda,2048,10,1,1,0,3,toy4_gpu_core_neural_output_average_tensor_batched_2048_cuda_repeat01,1,neural_policy,output_average,hooked_step_total,0.01242518809158355
toy4,neural_output_average,tensor_batched,tensor_batched,cuda,2048,10,1,1,0,3,toy4_gpu_core_neural_output_average_tensor_batched_2048_cuda_repeat01,1,neural_policy,output_average,aggregate_row,0.11726024700328708
toy4,neural_output_average,tensor_batched,tensor_batched,cuda,2048,10,1,1,0,3,toy4_gpu_core_neural_output_average_tensor_batched_2048_cuda_repeat01,1,neural_policy,output_average,write_aggregate,0.00010592094622552395
toy4,neural_output_average,tensor_batched,tensor_batched,cuda,2048,10,1,1,0,3,toy4_gpu_core_neural_output_average_tensor_batched_2048_cuda_repeat01,2,neural_policy,output_average,sample_revision_mask,5.749997217208147e-05
toy4,neural_output_average,tensor_batched,tensor_batched,cuda,2048,10,1,1,0,3,toy4_gpu_core_neural_output_average_tensor_batched_2048_cuda_repeat01,2,neural_policy,output_average,build_step_context,1.4488003216683865e-05
toy4,neural_output_average,tensor_batched,tensor_batched,cuda,2048,10,1,1,0,3,toy4_gpu_core_neural_output_average_tensor_batched_2048_cuda_repeat01,2,neural_policy,output_average,build_observations,0.0009880770230665803
toy4,neural_output_average,tensor_batched,tensor_batched,cuda,2048,10,1,1,0,3,toy4_gpu_core_neural_output_average_tensor_batched_2048_cuda_repeat01,2,neural_policy,output_average,policy_readout,0.0007429320830851793
toy4,neural_output_average,tensor_batched,tensor_batched,cuda,2048,10,1,1,0,3,toy4_gpu_core_neural_output_average_tensor_batched_2048_cuda_repeat01,2,neural_policy,output_average,decision_selection,0.001760064042173326
toy4,neural_output_average,tensor_batched,tensor_batched,cuda,2048,10,1,1,0,3,toy4_gpu_core_neural_output_average_tensor_batched_2048_cuda_repeat01,2,neural_policy,output_average,local_trainable_parameters,9.606196545064449e-05
toy4,neural_output_average,tensor_batched,tensor_batched,cuda,2048,10,1,1,0,3,toy4_gpu_core_neural_output_average_tensor_batched_2048_cuda_repeat01,2,neural_policy,output_average,local_loss_forward,0.000669592060148716
toy4,neural_output_average,tensor_batched,tensor_batched,cuda,2048,10,1,1,0,3,toy4_gpu_core_neural_output_average_tensor_batched_2048_cuda_repeat01,2,neural_policy,output_average,local_autograd_grad,0.0008534910157322884
toy4,neural_output_average,tensor_batched,tensor_batched,cuda,2048,10,1,1,0,3,toy4_gpu_core_neural_output_average_tensor_batched_2048_cuda_repeat01,2,neural_policy,output_average,local_adam_update,0.0008898410014808178
toy4,neural_output_average,tensor_batched,tensor_batched,cuda,2048,10,1,1,0,3,toy4_gpu_core_neural_output_average_tensor_batched_2048_cuda_repeat01,2,neural_policy,output_average,local_optimizer_update,0.0018689209828153253
toy4,neural_output_average,tensor_batched,tensor_batched,cuda,2048,10,1,1,0,3,toy4_gpu_core_neural_output_average_tensor_batched_2048_cuda_repeat01,2,neural_policy,output_average,local_loss_update,0.002568701049312949
toy4,neural_output_average,tensor_batched,tensor_batched,cuda,2048,10,1,1,0,3,toy4_gpu_core_neural_output_average_tensor_batched_2048_cuda_repeat01,2,neural_policy,output_average,local_training,0.002715499955229461
toy4,neural_output_average,tensor_batched,tensor_batched,cuda,2048,10,1,1,0,3,toy4_gpu_core_neural_output_average_tensor_batched_2048_cuda_repeat01,2,neural_policy,output_average,cache_refresh,7.804948836565018e-06
toy4,neural_output_average,tensor_batched,tensor_batched,cuda,2048,10,1,1,0,3,toy4_gpu_core_neural_output_average_tensor_batched_2048_cuda_repeat01,2,neural_policy,output_average,post_local_readout,0.00019805703777819872
toy4,neural_output_average,tensor_batched,tensor_batched,cuda,2048,10,1,1,0,3,toy4_gpu_core_neural_output_average_tensor_batched_2048_cuda_repeat01,2,neural_policy,output_average,local_step,0.00729992997366935
toy4,neural_output_average,tensor_batched,tensor_batched,cuda,2048,10,1,1,0,3,toy4_gpu_core_neural_output_average_tensor_batched_2048_cuda_repeat01,2,neural_policy,output_average,select_peers,0.0001251680077984929
toy4,neural_output_average,tensor_batched,tensor_batched,cuda,2048,10,1,1,0,3,toy4_gpu_core_neural_output_average_tensor_batched_2048_cuda_repeat01,2,neural_policy,output_average,social_mix,0.0005409880541265011
toy4,neural_output_average,tensor_batched,tensor_batched,cuda,2048,10,1,1,0,3,toy4_gpu_core_neural_output_average_tensor_batched_2048_cuda_repeat01,2,neural_policy,output_average,social_loss_forward,0.00022251205518841743
toy4,neural_output_average,tensor_batched,tensor_batched,cuda,2048,10,1,1,0,3,toy4_gpu_core_neural_output_average_tensor_batched_2048_cuda_repeat01,2,neural_policy,output_average,social_autograd_grad,0.00045546505134552717
toy4,neural_output_average,tensor_batched,tensor_batched,cuda,2048,10,1,1,0,3,toy4_gpu_core_neural_output_average_tensor_batched_2048_cuda_repeat01,2,neural_policy,output_average,social_adam_update,0.0007122440729290247
toy4,neural_output_average,tensor_batched,tensor_batched,cuda,2048,10,1,1,0,3,toy4_gpu_core_neural_output_average_tensor_batched_2048_cuda_repeat01,2,neural_policy,output_average,social_optimizer_update,0.001833242946304381
toy4,neural_output_average,tensor_batched,tensor_batched,cuda,2048,10,1,1,0,3,toy4_gpu_core_neural_output_average_tensor_batched_2048_cuda_repeat01,2,neural_policy,output_average,social_distillation,0.003110941033810377
toy4,neural_output_average,tensor_batched,tensor_batched,cuda,2048,10,1,1,0,3,toy4_gpu_core_neural_output_average_tensor_batched_2048_cuda_repeat01,2,neural_policy,output_average,social_step,0.0031362989684566855
toy4,neural_output_average,tensor_batched,tensor_batched,cuda,2048,10,1,1,0,3,toy4_gpu_core_neural_output_average_tensor_batched_2048_cuda_repeat01,2,neural_policy,output_average,sample_actions,7.074093446135521e-06
toy4,neural_output_average,tensor_batched,tensor_batched,cuda,2048,10,1,1,0,3,toy4_gpu_core_neural_output_average_tensor_batched_2048_cuda_repeat01,2,neural_policy,output_average,commit_actions,9.499024599790573e-06
toy4,neural_output_average,tensor_batched,tensor_batched,cuda,2048,10,1,1,0,3,toy4_gpu_core_neural_output_average_tensor_batched_2048_cuda_repeat01,2,neural_policy,output_average,post_step_state_policy,2.7382979169487953e-05
toy4,neural_output_average,tensor_batched,tensor_batched,cuda,2048,10,1,1,0,3,toy4_gpu_core_neural_output_average_tensor_batched_2048_cuda_repeat01,2,neural_policy,output_average,update_payoff_ema,3.357394598424435e-05
toy4,neural_output_average,tensor_batched,tensor_batched,cuda,2048,10,1,1,0,3,toy4_gpu_core_neural_output_average_tensor_batched_2048_cuda_repeat01,2,neural_policy,output_average,update_reputation_ema,2.354406751692295e-05
toy4,neural_output_average,tensor_batched,tensor_batched,cuda,2048,10,1,1,0,3,toy4_gpu_core_neural_output_average_tensor_batched_2048_cuda_repeat01,2,neural_policy,output_average,mobility_swaps,2.2603082470595837e-05
toy4,neural_output_average,tensor_batched,tensor_batched,cuda,2048,10,1,1,0,3,toy4_gpu_core_neural_output_average_tensor_batched_2048_cuda_repeat01,2,neural_policy,output_average,finalize_hook_step,1.5388941392302513e-05
toy4,neural_output_average,tensor_batched,tensor_batched,cuda,2048,10,1,1,0,3,toy4_gpu_core_neural_output_average_tensor_batched_2048_cuda_repeat01,2,neural_policy,output_average,hooked_step_total,0.011541979969479144
toy4,neural_output_average,tensor_batched,tensor_batched,cuda,2048,10,1,1,0,3,toy4_gpu_core_neural_output_average_tensor_batched_2048_cuda_repeat01,2,neural_policy,output_average,aggregate_row,0.10950996202882379
toy4,neural_output_average,tensor_batched,tensor_batched,cuda,2048,10,1,1,0,3,toy4_gpu_core_neural_output_average_tensor_batched_2048_cuda_repeat01,2,neural_policy,output_average,write_aggregate,7.929094135761261e-05
toy4,neural_output_average,tensor_batched,tensor_batched,cuda,2048,10,1,1,0,3,toy4_gpu_core_neural_output_average_tensor_batched_2048_cuda_repeat01,3,neural_policy,output_average,sample_revision_mask,3.420503344386816e-05
toy4,neural_output_average,tensor_batched,tensor_batched,cuda,2048,10,1,1,0,3,toy4_gpu_core_neural_output_average_tensor_batched_2048_cuda_repeat01,3,neural_policy,output_average,build_step_context,1.2182979844510555e-05
toy4,neural_output_average,tensor_batched,tensor_batched,cuda,2048,10,1,1,0,3,toy4_gpu_core_neural_output_average_tensor_batched_2048_cuda_repeat01,3,neural_policy,output_average,build_observations,0.0008000599918887019
toy4,neural_output_average,tensor_batched,tensor_batched,cuda,2048,10,1,1,0,3,toy4_gpu_core_neural_output_average_tensor_batched_2048_cuda_repeat01,3,neural_policy,output_average,policy_readout,0.0006452261004596949
toy4,neural_output_average,tensor_batched,tensor_batched,cuda,2048,10,1,1,0,3,toy4_gpu_core_neural_output_average_tensor_batched_2048_cuda_repeat01,3,neural_policy,output_average,decision_selection,0.001668520038947463
toy4,neural_output_average,tensor_batched,tensor_batched,cuda,2048,10,1,1,0,3,toy4_gpu_core_neural_output_average_tensor_batched_2048_cuda_repeat01,3,neural_policy,output_average,local_trainable_parameters,8.600391447544098e-05
toy4,neural_output_average,tensor_batched,tensor_batched,cuda,2048,10,1,1,0,3,toy4_gpu_core_neural_output_average_tensor_batched_2048_cuda_repeat01,3,neural_policy,output_average,local_loss_forward,0.0005253381095826626
toy4,neural_output_average,tensor_batched,tensor_batched,cuda,2048,10,1,1,0,3,toy4_gpu_core_neural_output_average_tensor_batched_2048_cuda_repeat01,3,neural_policy,output_average,local_autograd_grad,0.0008034969214349985
toy4,neural_output_average,tensor_batched,tensor_batched,cuda,2048,10,1,1,0,3,toy4_gpu_core_neural_output_average_tensor_batched_2048_cuda_repeat01,3,neural_policy,output_average,local_adam_update,0.0008823070675134659
toy4,neural_output_average,tensor_batched,tensor_batched,cuda,2048,10,1,1,0,3,toy4_gpu_core_neural_output_average_tensor_batched_2048_cuda_repeat01,3,neural_policy,output_average,local_optimizer_update,0.0018007319886237383
toy4,neural_output_average,tensor_batched,tensor_batched,cuda,2048,10,1,1,0,3,toy4_gpu_core_neural_output_average_tensor_batched_2048_cuda_repeat01,3,neural_policy,output_average,local_loss_update,0.0023544630967080593
toy4,neural_output_average,tensor_batched,tensor_batched,cuda,2048,10,1,1,0,3,toy4_gpu_core_neural_output_average_tensor_batched_2048_cuda_repeat01,3,neural_policy,output_average,local_training,0.0024775670608505607
toy4,neural_output_average,tensor_batched,tensor_batched,cuda,2048,10,1,1,0,3,toy4_gpu_core_neural_output_average_tensor_batched_2048_cuda_repeat01,3,neural_policy,output_average,cache_refresh,7.634982466697693e-06
toy4,neural_output_average,tensor_batched,tensor_batched,cuda,2048,10,1,1,0,3,toy4_gpu_core_neural_output_average_tensor_batched_2048_cuda_repeat01,3,neural_policy,output_average,post_local_readout,0.00016894110012799501
toy4,neural_output_average,tensor_batched,tensor_batched,cuda,2048,10,1,1,0,3,toy4_gpu_core_neural_output_average_tensor_batched_2048_cuda_repeat01,3,neural_policy,output_average,local_step,0.006560074049048126
toy4,neural_output_average,tensor_batched,tensor_batched,cuda,2048,10,1,1,0,3,toy4_gpu_core_neural_output_average_tensor_batched_2048_cuda_repeat01,3,neural_policy,output_average,select_peers,0.00012137996964156628
toy4,neural_output_average,tensor_batched,tensor_batched,cuda,2048,10,1,1,0,3,toy4_gpu_core_neural_output_average_tensor_batched_2048_cuda_repeat01,3,neural_policy,output_average,social_mix,0.000499058049172163
toy4,neural_output_average,tensor_batched,tensor_batched,cuda,2048,10,1,1,0,3,toy4_gpu_core_neural_output_average_tensor_batched_2048_cuda_repeat01,3,neural_policy,output_average,social_loss_forward,0.00021038996055722237
toy4,neural_output_average,tensor_batched,tensor_batched,cuda,2048,10,1,1,0,3,toy4_gpu_core_neural_output_average_tensor_batched_2048_cuda_repeat01,3,neural_policy,output_average,social_autograd_grad,0.0003371400525793433
toy4,neural_output_average,tensor_batched,tensor_batched,cuda,2048,10,1,1,0,3,toy4_gpu_core_neural_output_average_tensor_batched_2048_cuda_repeat01,3,neural_policy,output_average,social_adam_update,0.0006587520474568009
toy4,neural_output_average,tensor_batched,tensor_batched,cuda,2048,10,1,1,0,3,toy4_gpu_core_neural_output_average_tensor_batched_2048_cuda_repeat01,3,neural_policy,output_average,social_optimizer_update,0.001479892060160637
toy4,neural_output_average,tensor_batched,tensor_batched,cuda,2048,10,1,1,0,3,toy4_gpu_core_neural_output_average_tensor_batched_2048_cuda_repeat01,3,neural_policy,output_average,social_distillation,0.002608816954307258
toy4,neural_output_average,tensor_batched,tensor_batched,cuda,2048,10,1,1,0,3,toy4_gpu_core_neural_output_average_tensor_batched_2048_cuda_repeat01,3,neural_policy,output_average,social_step,0.0026372011052444577
toy4,neural_output_average,tensor_batched,tensor_batched,cuda,2048,10,1,1,0,3,toy4_gpu_core_neural_output_average_tensor_batched_2048_cuda_repeat01,3,neural_policy,output_average,sample_actions,6.653019227087498e-06
toy4,neural_output_average,tensor_batched,tensor_batched,cuda,2048,10,1,1,0,3,toy4_gpu_core_neural_output_average_tensor_batched_2048_cuda_repeat01,3,neural_policy,output_average,commit_actions,8.175964467227459e-06
toy4,neural_output_average,tensor_batched,tensor_batched,cuda,2048,10,1,1,0,3,toy4_gpu_core_neural_output_average_tensor_batched_2048_cuda_repeat01,3,neural_policy,output_average,post_step_state_policy,2.700102049857378e-05
toy4,neural_output_average,tensor_batched,tensor_batched,cuda,2048,10,1,1,0,3,toy4_gpu_core_neural_output_average_tensor_batched_2048_cuda_repeat01,3,neural_policy,output_average,update_payoff_ema,2.7913018129765987e-05
toy4,neural_output_average,tensor_batched,tensor_batched,cuda,2048,10,1,1,0,3,toy4_gpu_core_neural_output_average_tensor_batched_2048_cuda_repeat01,3,neural_policy,output_average,update_reputation_ema,2.3053959012031555e-05
toy4,neural_output_average,tensor_batched,tensor_batched,cuda,2048,10,1,1,0,3,toy4_gpu_core_neural_output_average_tensor_batched_2048_cuda_repeat01,3,neural_policy,output_average,mobility_swaps,2.2112042643129826e-05
toy4,neural_output_average,tensor_batched,tensor_batched,cuda,2048,10,1,1,0,3,toy4_gpu_core_neural_output_average_tensor_batched_2048_cuda_repeat01,3,neural_policy,output_average,finalize_hook_step,1.3606040738523006e-05
toy4,neural_output_average,tensor_batched,tensor_batched,cuda,2048,10,1,1,0,3,toy4_gpu_core_neural_output_average_tensor_batched_2048_cuda_repeat01,3,neural_policy,output_average,hooked_step_total,0.01020911696832627
toy4,neural_output_average,tensor_batched,tensor_batched,cuda,2048,10,1,1,0,3,toy4_gpu_core_neural_output_average_tensor_batched_2048_cuda_repeat01,3,neural_policy,output_average,aggregate_row,0.12185789400245994
toy4,neural_output_average,tensor_batched,tensor_batched,cuda,2048,10,1,1,0,3,toy4_gpu_core_neural_output_average_tensor_batched_2048_cuda_repeat01,3,neural_policy,output_average,write_aggregate,8.02819849923253e-05
toy4,neural_output_average,tensor_batched,tensor_batched,cuda,2048,10,1,1,0,3,toy4_gpu_core_neural_output_average_tensor_batched_2048_cuda_repeat01,4,neural_policy,output_average,sample_revision_mask,4.054699093103409e-05
toy4,neural_output_average,tensor_batched,tensor_batched,cuda,2048,10,1,1,0,3,toy4_gpu_core_neural_output_average_tensor_batched_2048_cuda_repeat01,4,neural_policy,output_average,build_step_context,1.2372969649732113e-05
toy4,neural_output_average,tensor_batched,tensor_batched,cuda,2048,10,1,1,0,3,toy4_gpu_core_neural_output_average_tensor_batched_2048_cuda_repeat01,4,neural_policy,output_average,build_observations,0.0010814450215548277
toy4,neural_output_average,tensor_batched,tensor_batched,cuda,2048,10,1,1,0,3,toy4_gpu_core_neural_output_average_tensor_batched_2048_cuda_repeat01,4,neural_policy,output_average,policy_readout,0.0019036370795220137
toy4,neural_output_average,tensor_batched,tensor_batched,cuda,2048,10,1,1,0,3,toy4_gpu_core_neural_output_average_tensor_batched_2048_cuda_repeat01,4,neural_policy,output_average,decision_selection,0.0019964330131188035
toy4,neural_output_average,tensor_batched,tensor_batched,cuda,2048,10,1,1,0,3,toy4_gpu_core_neural_output_average_tensor_batched_2048_cuda_repeat01,4,neural_policy,output_average,local_trainable_parameters,9.749503806233406e-05
toy4,neural_output_average,tensor_batched,tensor_batched,cuda,2048,10,1,1,0,3,toy4_gpu_core_neural_output_average_tensor_batched_2048_cuda_repeat01,4,neural_policy,output_average,local_loss_forward,0.0006254080217331648
toy4,neural_output_average,tensor_batched,tensor_batched,cuda,2048,10,1,1,0,3,toy4_gpu_core_neural_output_average_tensor_batched_2048_cuda_repeat01,4,neural_policy,output_average,local_autograd_grad,0.0008172419620677829
toy4,neural_output_average,tensor_batched,tensor_batched,cuda,2048,10,1,1,0,3,toy4_gpu_core_neural_output_average_tensor_batched_2048_cuda_repeat01,4,neural_policy,output_average,local_adam_update,0.0008408779976889491
toy4,neural_output_average,tensor_batched,tensor_batched,cuda,2048,10,1,1,0,3,toy4_gpu_core_neural_output_average_tensor_batched_2048_cuda_repeat01,4,neural_policy,output_average,local_optimizer_update,0.0017666469793766737
toy4,neural_output_average,tensor_batched,tensor_batched,cuda,2048,10,1,1,0,3,toy4_gpu_core_neural_output_average_tensor_batched_2048_cuda_repeat01,4,neural_policy,output_average,local_loss_update,0.0024219820043072104
toy4,neural_output_average,tensor_batched,tensor_batched,cuda,2048,10,1,1,0,3,toy4_gpu_core_neural_output_average_tensor_batched_2048_cuda_repeat01,4,neural_policy,output_average,local_training,0.002567218034528196
toy4,neural_output_average,tensor_batched,tensor_batched,cuda,2048,10,1,1,0,3,toy4_gpu_core_neural_output_average_tensor_batched_2048_cuda_repeat01,4,neural_policy,output_average,cache_refresh,7.623923011124134e-06
toy4,neural_output_average,tensor_batched,tensor_batched,cuda,2048,10,1,1,0,3,toy4_gpu_core_neural_output_average_tensor_batched_2048_cuda_repeat01,4,neural_policy,output_average,post_local_readout,0.00018497102428227663
toy4,neural_output_average,tensor_batched,tensor_batched,cuda,2048,10,1,1,0,3,toy4_gpu_core_neural_output_average_tensor_batched_2048_cuda_repeat01,4,neural_policy,output_average,local_step,0.008585072006098926
toy4,neural_output_average,tensor_batched,tensor_batched,cuda,2048,10,1,1,0,3,toy4_gpu_core_neural_output_average_tensor_batched_2048_cuda_repeat01,4,neural_policy,output_average,select_peers,0.00012245296966284513
toy4,neural_output_average,tensor_batched,tensor_batched,cuda,2048,10,1,1,0,3,toy4_gpu_core_neural_output_average_tensor_batched_2048_cuda_repeat01,4,neural_policy,output_average,social_mix,0.0005375409964472055
toy4,neural_output_average,tensor_batched,tensor_batched,cuda,2048,10,1,1,0,3,toy4_gpu_core_neural_output_average_tensor_batched_2048_cuda_repeat01,4,neural_policy,output_average,social_loss_forward,0.00020582100842148066
toy4,neural_output_average,tensor_batched,tensor_batched,cuda,2048,10,1,1,0,3,toy4_gpu_core_neural_output_average_tensor_batched_2048_cuda_repeat01,4,neural_policy,output_average,social_autograd_grad,0.00039931898936629295
toy4,neural_output_average,tensor_batched,tensor_batched,cuda,2048,10,1,1,0,3,toy4_gpu_core_neural_output_average_tensor_batched_2048_cuda_repeat01,4,neural_policy,output_average,social_adam_update,0.0006830380298197269
toy4,neural_output_average,tensor_batched,tensor_batched,cuda,2048,10,1,1,0,3,toy4_gpu_core_neural_output_average_tensor_batched_2048_cuda_repeat01,4,neural_policy,output_average,social_optimizer_update,0.0015777379740029573
toy4,neural_output_average,tensor_batched,tensor_batched,cuda,2048,10,1,1,0,3,toy4_gpu_core_neural_output_average_tensor_batched_2048_cuda_repeat01,4,neural_policy,output_average,social_distillation,0.0027457569958642125
toy4,neural_output_average,tensor_batched,tensor_batched,cuda,2048,10,1,1,0,3,toy4_gpu_core_neural_output_average_tensor_batched_2048_cuda_repeat01,4,neural_policy,output_average,social_step,0.0027681500650942326
toy4,neural_output_average,tensor_batched,tensor_batched,cuda,2048,10,1,1,0,3,toy4_gpu_core_neural_output_average_tensor_batched_2048_cuda_repeat01,4,neural_policy,output_average,sample_actions,7.1339309215545654e-06
toy4,neural_output_average,tensor_batched,tensor_batched,cuda,2048,10,1,1,0,3,toy4_gpu_core_neural_output_average_tensor_batched_2048_cuda_repeat01,4,neural_policy,output_average,commit_actions,8.626026101410389e-06
toy4,neural_output_average,tensor_batched,tensor_batched,cuda,2048,10,1,1,0,3,toy4_gpu_core_neural_output_average_tensor_batched_2048_cuda_repeat01,4,neural_policy,output_average,post_step_state_policy,3.224099054932594e-05
toy4,neural_output_average,tensor_batched,tensor_batched,cuda,2048,10,1,1,0,3,toy4_gpu_core_neural_output_average_tensor_batched_2048_cuda_repeat01,4,neural_policy,output_average,update_payoff_ema,3.117998130619526e-05
toy4,neural_output_average,tensor_batched,tensor_batched,cuda,2048,10,1,1,0,3,toy4_gpu_core_neural_output_average_tensor_batched_2048_cuda_repeat01,4,neural_policy,output_average,update_reputation_ema,2.6040012016892433e-05
toy4,neural_output_average,tensor_batched,tensor_batched,cuda,2048,10,1,1,0,3,toy4_gpu_core_neural_output_average_tensor_batched_2048_cuda_repeat01,4,neural_policy,output_average,mobility_swaps,2.393603790551424e-05
toy4,neural_output_average,tensor_batched,tensor_batched,cuda,2048,10,1,1,0,3,toy4_gpu_core_neural_output_average_tensor_batched_2048_cuda_repeat01,4,neural_policy,output_average,finalize_hook_step,1.493899617344141e-05
toy4,neural_output_average,tensor_batched,tensor_batched,cuda,2048,10,1,1,0,3,toy4_gpu_core_neural_output_average_tensor_batched_2048_cuda_repeat01,4,neural_policy,output_average,hooked_step_total,0.01245101704262197
toy4,neural_output_average,tensor_batched,tensor_batched,cuda,2048,10,1,1,0,3,toy4_gpu_core_neural_output_average_tensor_batched_2048_cuda_repeat01,4,neural_policy,output_average,aggregate_row,0.12882208509836346
toy4,neural_output_average,tensor_batched,tensor_batched,cuda,2048,10,1,1,0,3,toy4_gpu_core_neural_output_average_tensor_batched_2048_cuda_repeat01,4,neural_policy,output_average,write_aggregate,9.533099364489317e-05
toy4,neural_output_average,tensor_batched,tensor_batched,cuda,2048,10,1,1,0,3,toy4_gpu_core_neural_output_average_tensor_batched_2048_cuda_repeat01,5,neural_policy,output_average,sample_revision_mask,6.0605001635849476e-05
toy4,neural_output_average,tensor_batched,tensor_batched,cuda,2048,10,1,1,0,3,toy4_gpu_core_neural_output_average_tensor_batched_2048_cuda_repeat01,5,neural_policy,output_average,build_step_context,1.347600482404232e-05
toy4,neural_output_average,tensor_batched,tensor_batched,cuda,2048,10,1,1,0,3,toy4_gpu_core_neural_output_average_tensor_batched_2048_cuda_repeat01,5,neural_policy,output_average,build_observations,0.0010544939432293177
toy4,neural_output_average,tensor_batched,tensor_batched,cuda,2048,10,1,1,0,3,toy4_gpu_core_neural_output_average_tensor_batched_2048_cuda_repeat01,5,neural_policy,output_average,policy_readout,0.0007654839428141713
toy4,neural_output_average,tensor_batched,tensor_batched,cuda,2048,10,1,1,0,3,toy4_gpu_core_neural_output_average_tensor_batched_2048_cuda_repeat01,5,neural_policy,output_average,decision_selection,0.0017398260533809662
toy4,neural_output_average,tensor_batched,tensor_batched,cuda,2048,10,1,1,0,3,toy4_gpu_core_neural_output_average_tensor_batched_2048_cuda_repeat01,5,neural_policy,output_average,local_trainable_parameters,8.768693078309298e-05
toy4,neural_output_average,tensor_batched,tensor_batched,cuda,2048,10,1,1,0,3,toy4_gpu_core_neural_output_average_tensor_batched_2048_cuda_repeat01,5,neural_policy,output_average,local_loss_forward,0.0006122629856690764
toy4,neural_output_average,tensor_batched,tensor_batched,cuda,2048,10,1,1,0,3,toy4_gpu_core_neural_output_average_tensor_batched_2048_cuda_repeat01,5,neural_policy,output_average,local_autograd_grad,0.0008000599918887019
toy4,neural_output_average,tensor_batched,tensor_batched,cuda,2048,10,1,1,0,3,toy4_gpu_core_neural_output_average_tensor_batched_2048_cuda_repeat01,5,neural_policy,output_average,local_adam_update,0.0008213010150939226
toy4,neural_output_average,tensor_batched,tensor_batched,cuda,2048,10,1,1,0,3,toy4_gpu_core_neural_output_average_tensor_batched_2048_cuda_repeat01,5,neural_policy,output_average,local_optimizer_update,0.001723443972878158
toy4,neural_output_average,tensor_batched,tensor_batched,cuda,2048,10,1,1,0,3,toy4_gpu_core_neural_output_average_tensor_batched_2048_cuda_repeat01,5,neural_policy,output_average,local_loss_update,0.0023715459974482656
toy4,neural_output_average,tensor_batched,tensor_batched,cuda,2048,10,1,1,0,3,toy4_gpu_core_neural_output_average_tensor_batched_2048_cuda_repeat01,5,neural_policy,output_average,local_training,0.002505259937606752
toy4,neural_output_average,tensor_batched,tensor_batched,cuda,2048,10,1,1,0,3,toy4_gpu_core_neural_output_average_tensor_batched_2048_cuda_repeat01,5,neural_policy,output_average,cache_refresh,8.547096513211727e-06
toy4,neural_output_average,tensor_batched,tensor_batched,cuda,2048,10,1,1,0,3,toy4_gpu_core_neural_output_average_tensor_batched_2048_cuda_repeat01,5,neural_policy,output_average,post_local_readout,0.0001937180059030652
toy4,neural_output_average,tensor_batched,tensor_batched,cuda,2048,10,1,1,0,3,toy4_gpu_core_neural_output_average_tensor_batched_2048_cuda_repeat01,5,neural_policy,output_average,local_step,0.007082066033035517
toy4,neural_output_average,tensor_batched,tensor_batched,cuda,2048,10,1,1,0,3,toy4_gpu_core_neural_output_average_tensor_batched_2048_cuda_repeat01,5,neural_policy,output_average,select_peers,0.00011979707051068544
toy4,neural_output_average,tensor_batched,tensor_batched,cuda,2048,10,1,1,0,3,toy4_gpu_core_neural_output_average_tensor_batched_2048_cuda_repeat01,5,neural_policy,output_average,social_mix,0.0004996400093659759
toy4,neural_output_average,tensor_batched,tensor_batched,cuda,2048,10,1,1,0,3,toy4_gpu_core_neural_output_average_tensor_batched_2048_cuda_repeat01,5,neural_policy,output_average,social_loss_forward,0.00020621204748749733
toy4,neural_output_average,tensor_batched,tensor_batched,cuda,2048,10,1,1,0,3,toy4_gpu_core_neural_output_average_tensor_batched_2048_cuda_repeat01,5,neural_policy,output_average,social_autograd_grad,0.0003084558993577957
toy4,neural_output_average,tensor_batched,tensor_batched,cuda,2048,10,1,1,0,3,toy4_gpu_core_neural_output_average_tensor_batched_2048_cuda_repeat01,5,neural_policy,output_average,social_adam_update,0.0006304680136963725
toy4,neural_output_average,tensor_batched,tensor_batched,cuda,2048,10,1,1,0,3,toy4_gpu_core_neural_output_average_tensor_batched_2048_cuda_repeat01,5,neural_policy,output_average,social_optimizer_update,0.0013943490339443088
toy4,neural_output_average,tensor_batched,tensor_batched,cuda,2048,10,1,1,0,3,toy4_gpu_core_neural_output_average_tensor_batched_2048_cuda_repeat01,5,neural_policy,output_average,social_distillation,0.0025135850301012397
toy4,neural_output_average,tensor_batched,tensor_batched,cuda,2048,10,1,1,0,3,toy4_gpu_core_neural_output_average_tensor_batched_2048_cuda_repeat01,5,neural_policy,output_average,social_step,0.002534245024435222
toy4,neural_output_average,tensor_batched,tensor_batched,cuda,2048,10,1,1,0,3,toy4_gpu_core_neural_output_average_tensor_batched_2048_cuda_repeat01,5,neural_policy,output_average,sample_actions,5.620997399091721e-06
toy4,neural_output_average,tensor_batched,tensor_batched,cuda,2048,10,1,1,0,3,toy4_gpu_core_neural_output_average_tensor_batched_2048_cuda_repeat01,5,neural_policy,output_average,commit_actions,1.3786018826067448e-05
toy4,neural_output_average,tensor_batched,tensor_batched,cuda,2048,10,1,1,0,3,toy4_gpu_core_neural_output_average_tensor_batched_2048_cuda_repeat01,5,neural_policy,output_average,post_step_state_policy,0.00013396400026977062
toy4,neural_output_average,tensor_batched,tensor_batched,cuda,2048,10,1,1,0,3,toy4_gpu_core_neural_output_average_tensor_batched_2048_cuda_repeat01,5,neural_policy,output_average,update_payoff_ema,9.407894685864449e-05
toy4,neural_output_average,tensor_batched,tensor_batched,cuda,2048,10,1,1,0,3,toy4_gpu_core_neural_output_average_tensor_batched_2048_cuda_repeat01,5,neural_policy,output_average,update_reputation_ema,4.605809226632118e-05
toy4,neural_output_average,tensor_batched,tensor_batched,cuda,2048,10,1,1,0,3,toy4_gpu_core_neural_output_average_tensor_batched_2048_cuda_repeat01,5,neural_policy,output_average,mobility_swaps,2.1030078642070293e-05
toy4,neural_output_average,tensor_batched,tensor_batched,cuda,2048,10,1,1,0,3,toy4_gpu_core_neural_output_average_tensor_batched_2048_cuda_repeat01,5,neural_policy,output_average,finalize_hook_step,1.3856100849807262e-05
toy4,neural_output_average,tensor_batched,tensor_batched,cuda,2048,10,1,1,0,3,toy4_gpu_core_neural_output_average_tensor_batched_2048_cuda_repeat01,5,neural_policy,output_average,hooked_step_total,0.01103148004040122
toy4,neural_output_average,tensor_batched,tensor_batched,cuda,2048,10,1,1,0,3,toy4_gpu_core_neural_output_average_tensor_batched_2048_cuda_repeat01,5,neural_policy,output_average,aggregate_row,0.12008335196878761
toy4,neural_output_average,tensor_batched,tensor_batched,cuda,2048,10,1,1,0,3,toy4_gpu_core_neural_output_average_tensor_batched_2048_cuda_repeat01,5,neural_policy,output_average,write_aggregate,7.632502820342779e-05
toy4,neural_output_average,tensor_batched,tensor_batched,cuda,2048,10,1,1,0,3,toy4_gpu_core_neural_output_average_tensor_batched_2048_cuda_repeat01,6,neural_policy,output_average,sample_revision_mask,3.0918046832084656e-05
toy4,neural_output_average,tensor_batched,tensor_batched,cuda,2048,10,1,1,0,3,toy4_gpu_core_neural_output_average_tensor_batched_2048_cuda_repeat01,6,neural_policy,output_average,build_step_context,1.0891002602875233e-05
toy4,neural_output_average,tensor_batched,tensor_batched,cuda,2048,10,1,1,0,3,toy4_gpu_core_neural_output_average_tensor_batched_2048_cuda_repeat01,6,neural_policy,output_average,build_observations,0.0009595240699127316
toy4,neural_output_average,tensor_batched,tensor_batched,cuda,2048,10,1,1,0,3,toy4_gpu_core_neural_output_average_tensor_batched_2048_cuda_repeat01,6,neural_policy,output_average,policy_readout,0.000694919959641993
toy4,neural_output_average,tensor_batched,tensor_batched,cuda,2048,10,1,1,0,3,toy4_gpu_core_neural_output_average_tensor_batched_2048_cuda_repeat01,6,neural_policy,output_average,decision_selection,0.0017123339930549264
toy4,neural_output_average,tensor_batched,tensor_batched,cuda,2048,10,1,1,0,3,toy4_gpu_core_neural_output_average_tensor_batched_2048_cuda_repeat01,6,neural_policy,output_average,local_trainable_parameters,0.00010808592196553946
toy4,neural_output_average,tensor_batched,tensor_batched,cuda,2048,10,1,1,0,3,toy4_gpu_core_neural_output_average_tensor_batched_2048_cuda_repeat01,6,neural_policy,output_average,local_loss_forward,0.0005861340323463082
toy4,neural_output_average,tensor_batched,tensor_batched,cuda,2048,10,1,1,0,3,toy4_gpu_core_neural_output_average_tensor_batched_2048_cuda_repeat01,6,neural_policy,output_average,local_autograd_grad,0.0007961519295349717
toy4,neural_output_average,tensor_batched,tensor_batched,cuda,2048,10,1,1,0,3,toy4_gpu_core_neural_output_average_tensor_batched_2048_cuda_repeat01,6,neural_policy,output_average,local_adam_update,0.000848272000439465
toy4,neural_output_average,tensor_batched,tensor_batched,cuda,2048,10,1,1,0,3,toy4_gpu_core_neural_output_average_tensor_batched_2048_cuda_repeat01,6,neural_policy,output_average,local_optimizer_update,0.001748743001371622
toy4,neural_output_average,tensor_batched,tensor_batched,cuda,2048,10,1,1,0,3,toy4_gpu_core_neural_output_average_tensor_batched_2048_cuda_repeat01,6,neural_policy,output_average,local_loss_update,0.0023638909915462136
toy4,neural_output_average,tensor_batched,tensor_batched,cuda,2048,10,1,1,0,3,toy4_gpu_core_neural_output_average_tensor_batched_2048_cuda_repeat01,6,neural_policy,output_average,local_training,0.0025211800821125507
toy4,neural_output_average,tensor_batched,tensor_batched,cuda,2048,10,1,1,0,3,toy4_gpu_core_neural_output_average_tensor_batched_2048_cuda_repeat01,6,neural_policy,output_average,cache_refresh,7.955008186399937e-06
toy4,neural_output_average,tensor_batched,tensor_batched,cuda,2048,10,1,1,0,3,toy4_gpu_core_neural_output_average_tensor_batched_2048_cuda_repeat01,6,neural_policy,output_average,post_local_readout,0.00019845704082399607
toy4,neural_output_average,tensor_batched,tensor_batched,cuda,2048,10,1,1,0,3,toy4_gpu_core_neural_output_average_tensor_batched_2048_cuda_repeat01,6,neural_policy,output_average,local_step,0.00689712492749095
toy4,neural_output_average,tensor_batched,tensor_batched,cuda,2048,10,1,1,0,3,toy4_gpu_core_neural_output_average_tensor_batched_2048_cuda_repeat01,6,neural_policy,output_average,select_peers,0.00012532796245068312
toy4,neural_output_average,tensor_batched,tensor_batched,cuda,2048,10,1,1,0,3,toy4_gpu_core_neural_output_average_tensor_batched_2048_cuda_repeat01,6,neural_policy,output_average,social_mix,0.0005177829880267382
toy4,neural_output_average,tensor_batched,tensor_batched,cuda,2048,10,1,1,0,3,toy4_gpu_core_neural_output_average_tensor_batched_2048_cuda_repeat01,6,neural_policy,output_average,social_loss_forward,0.00021310499869287014
toy4,neural_output_average,tensor_batched,tensor_batched,cuda,2048,10,1,1,0,3,toy4_gpu_core_neural_output_average_tensor_batched_2048_cuda_repeat01,6,neural_policy,output_average,social_autograd_grad,0.00032555905636399984
toy4,neural_output_average,tensor_batched,tensor_batched,cuda,2048,10,1,1,0,3,toy4_gpu_core_neural_output_average_tensor_batched_2048_cuda_repeat01,6,neural_policy,output_average,social_adam_update,0.0006935580167919397
toy4,neural_output_average,tensor_batched,tensor_batched,cuda,2048,10,1,1,0,3,toy4_gpu_core_neural_output_average_tensor_batched_2048_cuda_repeat01,6,neural_policy,output_average,social_optimizer_update,0.0015204179799184203
toy4,neural_output_average,tensor_batched,tensor_batched,cuda,2048,10,1,1,0,3,toy4_gpu_core_neural_output_average_tensor_batched_2048_cuda_repeat01,6,neural_policy,output_average,social_distillation,0.0026757240993902087
toy4,neural_output_average,tensor_batched,tensor_batched,cuda,2048,10,1,1,0,3,toy4_gpu_core_neural_output_average_tensor_batched_2048_cuda_repeat01,6,neural_policy,output_average,social_step,0.0026975449873134494
toy4,neural_output_average,tensor_batched,tensor_batched,cuda,2048,10,1,1,0,3,toy4_gpu_core_neural_output_average_tensor_batched_2048_cuda_repeat01,6,neural_policy,output_average,sample_actions,6.452901288866997e-06
toy4,neural_output_average,tensor_batched,tensor_batched,cuda,2048,10,1,1,0,3,toy4_gpu_core_neural_output_average_tensor_batched_2048_cuda_repeat01,6,neural_policy,output_average,commit_actions,8.865958079695702e-06
toy4,neural_output_average,tensor_batched,tensor_batched,cuda,2048,10,1,1,0,3,toy4_gpu_core_neural_output_average_tensor_batched_2048_cuda_repeat01,6,neural_policy,output_average,post_step_state_policy,3.803195431828499e-05
toy4,neural_output_average,tensor_batched,tensor_batched,cuda,2048,10,1,1,0,3,toy4_gpu_core_neural_output_average_tensor_batched_2048_cuda_repeat01,6,neural_policy,output_average,update_payoff_ema,4.151894245296717e-05
toy4,neural_output_average,tensor_batched,tensor_batched,cuda,2048,10,1,1,0,3,toy4_gpu_core_neural_output_average_tensor_batched_2048_cuda_repeat01,6,neural_policy,output_average,update_reputation_ema,2.5348039343953133e-05
toy4,neural_output_average,tensor_batched,tensor_batched,cuda,2048,10,1,1,0,3,toy4_gpu_core_neural_output_average_tensor_batched_2048_cuda_repeat01,6,neural_policy,output_average,mobility_swaps,2.7391943149268627e-05
toy4,neural_output_average,tensor_batched,tensor_batched,cuda,2048,10,1,1,0,3,toy4_gpu_core_neural_output_average_tensor_batched_2048_cuda_repeat01,6,neural_policy,output_average,finalize_hook_step,1.576996874064207e-05
toy4,neural_output_average,tensor_batched,tensor_batched,cuda,2048,10,1,1,0,3,toy4_gpu_core_neural_output_average_tensor_batched_2048_cuda_repeat01,6,neural_policy,output_average,hooked_step_total,0.010717362980358303
toy4,neural_output_average,tensor_batched,tensor_batched,cuda,2048,10,1,1,0,3,toy4_gpu_core_neural_output_average_tensor_batched_2048_cuda_repeat01,6,neural_policy,output_average,aggregate_row,0.12808371300343424
toy4,neural_output_average,tensor_batched,tensor_batched,cuda,2048,10,1,1,0,3,toy4_gpu_core_neural_output_average_tensor_batched_2048_cuda_repeat01,6,neural_policy,output_average,write_aggregate,7.48620368540287e-05
toy4,neural_output_average,tensor_batched,tensor_batched,cuda,2048,10,1,1,0,3,toy4_gpu_core_neural_output_average_tensor_batched_2048_cuda_repeat01,7,neural_policy,output_average,sample_revision_mask,3.714091144502163e-05
toy4,neural_output_average,tensor_batched,tensor_batched,cuda,2048,10,1,1,0,3,toy4_gpu_core_neural_output_average_tensor_batched_2048_cuda_repeat01,7,neural_policy,output_average,build_step_context,1.1051073670387268e-05
toy4,neural_output_average,tensor_batched,tensor_batched,cuda,2048,10,1,1,0,3,toy4_gpu_core_neural_output_average_tensor_batched_2048_cuda_repeat01,7,neural_policy,output_average,build_observations,0.0008531599305570126
toy4,neural_output_average,tensor_batched,tensor_batched,cuda,2048,10,1,1,0,3,toy4_gpu_core_neural_output_average_tensor_batched_2048_cuda_repeat01,7,neural_policy,output_average,policy_readout,0.0007209699833765626
toy4,neural_output_average,tensor_batched,tensor_batched,cuda,2048,10,1,1,0,3,toy4_gpu_core_neural_output_average_tensor_batched_2048_cuda_repeat01,7,neural_policy,output_average,decision_selection,0.0016921859933063388
toy4,neural_output_average,tensor_batched,tensor_batched,cuda,2048,10,1,1,0,3,toy4_gpu_core_neural_output_average_tensor_batched_2048_cuda_repeat01,7,neural_policy,output_average,local_trainable_parameters,0.00013273197691887617
toy4,neural_output_average,tensor_batched,tensor_batched,cuda,2048,10,1,1,0,3,toy4_gpu_core_neural_output_average_tensor_batched_2048_cuda_repeat01,7,neural_policy,output_average,local_loss_forward,0.0007662159623578191
toy4,neural_output_average,tensor_batched,tensor_batched,cuda,2048,10,1,1,0,3,toy4_gpu_core_neural_output_average_tensor_batched_2048_cuda_repeat01,7,neural_policy,output_average,local_autograd_grad,0.0010332330130040646
toy4,neural_output_average,tensor_batched,tensor_batched,cuda,2048,10,1,1,0,3,toy4_gpu_core_neural_output_average_tensor_batched_2048_cuda_repeat01,7,neural_policy,output_average,local_adam_update,0.001042039948515594
toy4,neural_output_average,tensor_batched,tensor_batched,cuda,2048,10,1,1,0,3,toy4_gpu_core_neural_output_average_tensor_batched_2048_cuda_repeat01,7,neural_policy,output_average,local_optimizer_update,0.0022656350629404187
toy4,neural_output_average,tensor_batched,tensor_batched,cuda,2048,10,1,1,0,3,toy4_gpu_core_neural_output_average_tensor_batched_2048_cuda_repeat01,7,neural_policy,output_average,local_loss_update,0.003114809049293399
toy4,neural_output_average,tensor_batched,tensor_batched,cuda,2048,10,1,1,0,3,toy4_gpu_core_neural_output_average_tensor_batched_2048_cuda_repeat01,7,neural_policy,output_average,local_training,0.0033715759636834264
toy4,neural_output_average,tensor_batched,tensor_batched,cuda,2048,10,1,1,0,3,toy4_gpu_core_neural_output_average_tensor_batched_2048_cuda_repeat01,7,neural_policy,output_average,cache_refresh,1.4988938346505165e-05
toy4,neural_output_average,tensor_batched,tensor_batched,cuda,2048,10,1,1,0,3,toy4_gpu_core_neural_output_average_tensor_batched_2048_cuda_repeat01,7,neural_policy,output_average,post_local_readout,0.0016407470684498549
toy4,neural_output_average,tensor_batched,tensor_batched,cuda,2048,10,1,1,0,3,toy4_gpu_core_neural_output_average_tensor_batched_2048_cuda_repeat01,7,neural_policy,output_average,local_step,0.011018936056643724
toy4,neural_output_average,tensor_batched,tensor_batched,cuda,2048,10,1,1,0,3,toy4_gpu_core_neural_output_average_tensor_batched_2048_cuda_repeat01,7,neural_policy,output_average,select_peers,0.0002106800675392151
toy4,neural_output_average,tensor_batched,tensor_batched,cuda,2048,10,1,1,0,3,toy4_gpu_core_neural_output_average_tensor_batched_2048_cuda_repeat01,7,neural_policy,output_average,social_mix,0.0006436929106712341
toy4,neural_output_average,tensor_batched,tensor_batched,cuda,2048,10,1,1,0,3,toy4_gpu_core_neural_output_average_tensor_batched_2048_cuda_repeat01,7,neural_policy,output_average,social_loss_forward,0.00026243901811540127
toy4,neural_output_average,tensor_batched,tensor_batched,cuda,2048,10,1,1,0,3,toy4_gpu_core_neural_output_average_tensor_batched_2048_cuda_repeat01,7,neural_policy,output_average,social_autograd_grad,0.0004178339149802923
toy4,neural_output_average,tensor_batched,tensor_batched,cuda,2048,10,1,1,0,3,toy4_gpu_core_neural_output_average_tensor_batched_2048_cuda_repeat01,7,neural_policy,output_average,social_adam_update,0.0018504559993743896
toy4,neural_output_average,tensor_batched,tensor_batched,cuda,2048,10,1,1,0,3,toy4_gpu_core_neural_output_average_tensor_batched_2048_cuda_repeat01,7,neural_policy,output_average,social_optimizer_update,0.0027927670162171125
toy4,neural_output_average,tensor_batched,tensor_batched,cuda,2048,10,1,1,0,3,toy4_gpu_core_neural_output_average_tensor_batched_2048_cuda_repeat01,7,neural_policy,output_average,social_distillation,0.005120899062603712
toy4,neural_output_average,tensor_batched,tensor_batched,cuda,2048,10,1,1,0,3,toy4_gpu_core_neural_output_average_tensor_batched_2048_cuda_repeat01,7,neural_policy,output_average,social_step,0.005148131982423365
toy4,neural_output_average,tensor_batched,tensor_batched,cuda,2048,10,1,1,0,3,toy4_gpu_core_neural_output_average_tensor_batched_2048_cuda_repeat01,7,neural_policy,output_average,sample_actions,7.585040293633938e-06
toy4,neural_output_average,tensor_batched,tensor_batched,cuda,2048,10,1,1,0,3,toy4_gpu_core_neural_output_average_tensor_batched_2048_cuda_repeat01,7,neural_policy,output_average,commit_actions,1.2904987670481205e-05
toy4,neural_output_average,tensor_batched,tensor_batched,cuda,2048,10,1,1,0,3,toy4_gpu_core_neural_output_average_tensor_batched_2048_cuda_repeat01,7,neural_policy,output_average,post_step_state_policy,4.658801481127739e-05
toy4,neural_output_average,tensor_batched,tensor_batched,cuda,2048,10,1,1,0,3,toy4_gpu_core_neural_output_average_tensor_batched_2048_cuda_repeat01,7,neural_policy,output_average,update_payoff_ema,5.783000960946083e-05
toy4,neural_output_average,tensor_batched,tensor_batched,cuda,2048,10,1,1,0,3,toy4_gpu_core_neural_output_average_tensor_batched_2048_cuda_repeat01,7,neural_policy,output_average,update_reputation_ema,3.3412943594157696e-05
toy4,neural_output_average,tensor_batched,tensor_batched,cuda,2048,10,1,1,0,3,toy4_gpu_core_neural_output_average_tensor_batched_2048_cuda_repeat01,7,neural_policy,output_average,mobility_swaps,3.48059693351388e-05
toy4,neural_output_average,tensor_batched,tensor_batched,cuda,2048,10,1,1,0,3,toy4_gpu_core_neural_output_average_tensor_batched_2048_cuda_repeat01,7,neural_policy,output_average,finalize_hook_step,2.483697608113289e-05
toy4,neural_output_average,tensor_batched,tensor_batched,cuda,2048,10,1,1,0,3,toy4_gpu_core_neural_output_average_tensor_batched_2048_cuda_repeat01,7,neural_policy,output_average,hooked_step_total,0.017937280936166644
toy4,neural_output_average,tensor_batched,tensor_batched,cuda,2048,10,1,1,0,3,toy4_gpu_core_neural_output_average_tensor_batched_2048_cuda_repeat01,7,neural_policy,output_average,aggregate_row,0.1278708390891552
toy4,neural_output_average,tensor_batched,tensor_batched,cuda,2048,10,1,1,0,3,toy4_gpu_core_neural_output_average_tensor_batched_2048_cuda_repeat01,7,neural_policy,output_average,write_aggregate,9.497092105448246e-05
toy4,neural_output_average,tensor_batched,tensor_batched,cuda,2048,10,1,1,0,3,toy4_gpu_core_neural_output_average_tensor_batched_2048_cuda_repeat01,8,neural_policy,output_average,sample_revision_mask,4.2831990867853165e-05
toy4,neural_output_average,tensor_batched,tensor_batched,cuda,2048,10,1,1,0,3,toy4_gpu_core_neural_output_average_tensor_batched_2048_cuda_repeat01,8,neural_policy,output_average,build_step_context,1.3535958714783192e-05
toy4,neural_output_average,tensor_batched,tensor_batched,cuda,2048,10,1,1,0,3,toy4_gpu_core_neural_output_average_tensor_batched_2048_cuda_repeat01,8,neural_policy,output_average,build_observations,0.0013617470394819975
toy4,neural_output_average,tensor_batched,tensor_batched,cuda,2048,10,1,1,0,3,toy4_gpu_core_neural_output_average_tensor_batched_2048_cuda_repeat01,8,neural_policy,output_average,policy_readout,0.0014723370550200343
toy4,neural_output_average,tensor_batched,tensor_batched,cuda,2048,10,1,1,0,3,toy4_gpu_core_neural_output_average_tensor_batched_2048_cuda_repeat01,8,neural_policy,output_average,decision_selection,0.0017647030763328075
toy4,neural_output_average,tensor_batched,tensor_batched,cuda,2048,10,1,1,0,3,toy4_gpu_core_neural_output_average_tensor_batched_2048_cuda_repeat01,8,neural_policy,output_average,local_trainable_parameters,0.00010644202120602131
toy4,neural_output_average,tensor_batched,tensor_batched,cuda,2048,10,1,1,0,3,toy4_gpu_core_neural_output_average_tensor_batched_2048_cuda_repeat01,8,neural_policy,output_average,local_loss_forward,0.0005160609725862741
toy4,neural_output_average,tensor_batched,tensor_batched,cuda,2048,10,1,1,0,3,toy4_gpu_core_neural_output_average_tensor_batched_2048_cuda_repeat01,8,neural_policy,output_average,local_autograd_grad,0.000816390966065228
toy4,neural_output_average,tensor_batched,tensor_batched,cuda,2048,10,1,1,0,3,toy4_gpu_core_neural_output_average_tensor_batched_2048_cuda_repeat01,8,neural_policy,output_average,local_adam_update,0.0008373010205104947
toy4,neural_output_average,tensor_batched,tensor_batched,cuda,2048,10,1,1,0,3,toy4_gpu_core_neural_output_average_tensor_batched_2048_cuda_repeat01,8,neural_policy,output_average,local_optimizer_update,0.0017549949698150158
toy4,neural_output_average,tensor_batched,tensor_batched,cuda,2048,10,1,1,0,3,toy4_gpu_core_neural_output_average_tensor_batched_2048_cuda_repeat01,8,neural_policy,output_average,local_loss_update,0.0022990580182522535
toy4,neural_output_average,tensor_batched,tensor_batched,cuda,2048,10,1,1,0,3,toy4_gpu_core_neural_output_average_tensor_batched_2048_cuda_repeat01,8,neural_policy,output_average,local_training,0.0024446049937978387
toy4,neural_output_average,tensor_batched,tensor_batched,cuda,2048,10,1,1,0,3,toy4_gpu_core_neural_output_average_tensor_batched_2048_cuda_repeat01,8,neural_policy,output_average,cache_refresh,7.965019904077053e-06
toy4,neural_output_average,tensor_batched,tensor_batched,cuda,2048,10,1,1,0,3,toy4_gpu_core_neural_output_average_tensor_batched_2048_cuda_repeat01,8,neural_policy,output_average,post_local_readout,0.00016776903066784143
toy4,neural_output_average,tensor_batched,tensor_batched,cuda,2048,10,1,1,0,3,toy4_gpu_core_neural_output_average_tensor_batched_2048_cuda_repeat01,8,neural_policy,output_average,local_step,0.008004909032024443
toy4,neural_output_average,tensor_batched,tensor_batched,cuda,2048,10,1,1,0,3,toy4_gpu_core_neural_output_average_tensor_batched_2048_cuda_repeat01,8,neural_policy,output_average,select_peers,0.0001182750565931201
toy4,neural_output_average,tensor_batched,tensor_batched,cuda,2048,10,1,1,0,3,toy4_gpu_core_neural_output_average_tensor_batched_2048_cuda_repeat01,8,neural_policy,output_average,social_mix,0.0005057109519839287
toy4,neural_output_average,tensor_batched,tensor_batched,cuda,2048,10,1,1,0,3,toy4_gpu_core_neural_output_average_tensor_batched_2048_cuda_repeat01,8,neural_policy,output_average,social_loss_forward,0.00020345603115856647
toy4,neural_output_average,tensor_batched,tensor_batched,cuda,2048,10,1,1,0,3,toy4_gpu_core_neural_output_average_tensor_batched_2048_cuda_repeat01,8,neural_policy,output_average,social_autograd_grad,0.00036509300116449594
toy4,neural_output_average,tensor_batched,tensor_batched,cuda,2048,10,1,1,0,3,toy4_gpu_core_neural_output_average_tensor_batched_2048_cuda_repeat01,8,neural_policy,output_average,social_adam_update,0.000669442000798881
toy4,neural_output_average,tensor_batched,tensor_batched,cuda,2048,10,1,1,0,3,toy4_gpu_core_neural_output_average_tensor_batched_2048_cuda_repeat01,8,neural_policy,output_average,social_optimizer_update,0.0015232539735734463
toy4,neural_output_average,tensor_batched,tensor_batched,cuda,2048,10,1,1,0,3,toy4_gpu_core_neural_output_average_tensor_batched_2048_cuda_repeat01,8,neural_policy,output_average,social_distillation,0.002632751944474876
toy4,neural_output_average,tensor_batched,tensor_batched,cuda,2048,10,1,1,0,3,toy4_gpu_core_neural_output_average_tensor_batched_2048_cuda_repeat01,8,neural_policy,output_average,social_step,0.0026549940230324864
toy4,neural_output_average,tensor_batched,tensor_batched,cuda,2048,10,1,1,0,3,toy4_gpu_core_neural_output_average_tensor_batched_2048_cuda_repeat01,8,neural_policy,output_average,sample_actions,7.0229871198534966e-06
toy4,neural_output_average,tensor_batched,tensor_batched,cuda,2048,10,1,1,0,3,toy4_gpu_core_neural_output_average_tensor_batched_2048_cuda_repeat01,8,neural_policy,output_average,commit_actions,8.146045729517937e-06
toy4,neural_output_average,tensor_batched,tensor_batched,cuda,2048,10,1,1,0,3,toy4_gpu_core_neural_output_average_tensor_batched_2048_cuda_repeat01,8,neural_policy,output_average,post_step_state_policy,2.5958986952900887e-05
toy4,neural_output_average,tensor_batched,tensor_batched,cuda,2048,10,1,1,0,3,toy4_gpu_core_neural_output_average_tensor_batched_2048_cuda_repeat01,8,neural_policy,output_average,update_payoff_ema,2.664094790816307e-05
toy4,neural_output_average,tensor_batched,tensor_batched,cuda,2048,10,1,1,0,3,toy4_gpu_core_neural_output_average_tensor_batched_2048_cuda_repeat01,8,neural_policy,output_average,update_reputation_ema,2.6340014301240444e-05
toy4,neural_output_average,tensor_batched,tensor_batched,cuda,2048,10,1,1,0,3,toy4_gpu_core_neural_output_average_tensor_batched_2048_cuda_repeat01,8,neural_policy,output_average,mobility_swaps,2.138002309948206e-05
toy4,neural_output_average,tensor_batched,tensor_batched,cuda,2048,10,1,1,0,3,toy4_gpu_core_neural_output_average_tensor_batched_2048_cuda_repeat01,8,neural_policy,output_average,finalize_hook_step,1.5089055523276329e-05
toy4,neural_output_average,tensor_batched,tensor_batched,cuda,2048,10,1,1,0,3,toy4_gpu_core_neural_output_average_tensor_batched_2048_cuda_repeat01,8,neural_policy,output_average,hooked_step_total,0.011666267062537372
toy4,neural_output_average,tensor_batched,tensor_batched,cuda,2048,10,1,1,0,3,toy4_gpu_core_neural_output_average_tensor_batched_2048_cuda_repeat01,8,neural_policy,output_average,aggregate_row,0.2821077030384913
toy4,neural_output_average,tensor_batched,tensor_batched,cuda,2048,10,1,1,0,3,toy4_gpu_core_neural_output_average_tensor_batched_2048_cuda_repeat01,8,neural_policy,output_average,write_aggregate,7.386994548141956e-05
toy4,neural_output_average,tensor_batched,tensor_batched,cuda,2048,10,1,1,0,3,toy4_gpu_core_neural_output_average_tensor_batched_2048_cuda_repeat01,9,neural_policy,output_average,sample_revision_mask,2.9545975849032402e-05
toy4,neural_output_average,tensor_batched,tensor_batched,cuda,2048,10,1,1,0,3,toy4_gpu_core_neural_output_average_tensor_batched_2048_cuda_repeat01,9,neural_policy,output_average,build_step_context,1.2413016520440578e-05
toy4,neural_output_average,tensor_batched,tensor_batched,cuda,2048,10,1,1,0,3,toy4_gpu_core_neural_output_average_tensor_batched_2048_cuda_repeat01,9,neural_policy,output_average,build_observations,0.0007409079698845744
toy4,neural_output_average,tensor_batched,tensor_batched,cuda,2048,10,1,1,0,3,toy4_gpu_core_neural_output_average_tensor_batched_2048_cuda_repeat01,9,neural_policy,output_average,policy_readout,0.0005971650825813413
toy4,neural_output_average,tensor_batched,tensor_batched,cuda,2048,10,1,1,0,3,toy4_gpu_core_neural_output_average_tensor_batched_2048_cuda_repeat01,9,neural_policy,output_average,decision_selection,0.0016789200017228723
toy4,neural_output_average,tensor_batched,tensor_batched,cuda,2048,10,1,1,0,3,toy4_gpu_core_neural_output_average_tensor_batched_2048_cuda_repeat01,9,neural_policy,output_average,local_trainable_parameters,8.361903019249439e-05
toy4,neural_output_average,tensor_batched,tensor_batched,cuda,2048,10,1,1,0,3,toy4_gpu_core_neural_output_average_tensor_batched_2048_cuda_repeat01,9,neural_policy,output_average,local_loss_forward,0.0006278530927374959
toy4,neural_output_average,tensor_batched,tensor_batched,cuda,2048,10,1,1,0,3,toy4_gpu_core_neural_output_average_tensor_batched_2048_cuda_repeat01,9,neural_policy,output_average,local_autograd_grad,0.0011581509606912732
toy4,neural_output_average,tensor_batched,tensor_batched,cuda,2048,10,1,1,0,3,toy4_gpu_core_neural_output_average_tensor_batched_2048_cuda_repeat01,9,neural_policy,output_average,local_adam_update,0.0010254989610984921
toy4,neural_output_average,tensor_batched,tensor_batched,cuda,2048,10,1,1,0,3,toy4_gpu_core_neural_output_average_tensor_batched_2048_cuda_repeat01,9,neural_policy,output_average,local_optimizer_update,0.0024784699780866504
toy4,neural_output_average,tensor_batched,tensor_batched,cuda,2048,10,1,1,0,3,toy4_gpu_core_neural_output_average_tensor_batched_2048_cuda_repeat01,9,neural_policy,output_average,local_loss_update,0.0031353370286524296
toy4,neural_output_average,tensor_batched,tensor_batched,cuda,2048,10,1,1,0,3,toy4_gpu_core_neural_output_average_tensor_batched_2048_cuda_repeat01,9,neural_policy,output_average,local_training,0.003261447069235146
toy4,neural_output_average,tensor_batched,tensor_batched,cuda,2048,10,1,1,0,3,toy4_gpu_core_neural_output_average_tensor_batched_2048_cuda_repeat01,9,neural_policy,output_average,cache_refresh,7.844995707273483e-06
toy4,neural_output_average,tensor_batched,tensor_batched,cuda,2048,10,1,1,0,3,toy4_gpu_core_neural_output_average_tensor_batched_2048_cuda_repeat01,9,neural_policy,output_average,post_local_readout,0.0001798020675778389
toy4,neural_output_average,tensor_batched,tensor_batched,cuda,2048,10,1,1,0,3,toy4_gpu_core_neural_output_average_tensor_batched_2048_cuda_repeat01,9,neural_policy,output_average,local_step,0.007426741067320108
toy4,neural_output_average,tensor_batched,tensor_batched,cuda,2048,10,1,1,0,3,toy4_gpu_core_neural_output_average_tensor_batched_2048_cuda_repeat01,9,neural_policy,output_average,select_peers,0.00021922693122178316
toy4,neural_output_average,tensor_batched,tensor_batched,cuda,2048,10,1,1,0,3,toy4_gpu_core_neural_output_average_tensor_batched_2048_cuda_repeat01,9,neural_policy,output_average,social_mix,0.001767377951182425
toy4,neural_output_average,tensor_batched,tensor_batched,cuda,2048,10,1,1,0,3,toy4_gpu_core_neural_output_average_tensor_batched_2048_cuda_repeat01,9,neural_policy,output_average,social_loss_forward,0.0007296060211956501
toy4,neural_output_average,tensor_batched,tensor_batched,cuda,2048,10,1,1,0,3,toy4_gpu_core_neural_output_average_tensor_batched_2048_cuda_repeat01,9,neural_policy,output_average,social_autograd_grad,0.0004666560562327504
toy4,neural_output_average,tensor_batched,tensor_batched,cuda,2048,10,1,1,0,3,toy4_gpu_core_neural_output_average_tensor_batched_2048_cuda_repeat01,9,neural_policy,output_average,social_adam_update,0.000814307015389204
toy4,neural_output_average,tensor_batched,tensor_batched,cuda,2048,10,1,1,0,3,toy4_gpu_core_neural_output_average_tensor_batched_2048_cuda_repeat01,9,neural_policy,output_average,social_optimizer_update,0.0017994489753618836
toy4,neural_output_average,tensor_batched,tensor_batched,cuda,2048,10,1,1,0,3,toy4_gpu_core_neural_output_average_tensor_batched_2048_cuda_repeat01,9,neural_policy,output_average,social_distillation,0.005995722021907568
toy4,neural_output_average,tensor_batched,tensor_batched,cuda,2048,10,1,1,0,3,toy4_gpu_core_neural_output_average_tensor_batched_2048_cuda_repeat01,9,neural_policy,output_average,social_step,0.0060213509714230895
toy4,neural_output_average,tensor_batched,tensor_batched,cuda,2048,10,1,1,0,3,toy4_gpu_core_neural_output_average_tensor_batched_2048_cuda_repeat01,9,neural_policy,output_average,sample_actions,7.744994945824146e-06
toy4,neural_output_average,tensor_batched,tensor_batched,cuda,2048,10,1,1,0,3,toy4_gpu_core_neural_output_average_tensor_batched_2048_cuda_repeat01,9,neural_policy,output_average,commit_actions,9.758048690855503e-06
toy4,neural_output_average,tensor_batched,tensor_batched,cuda,2048,10,1,1,0,3,toy4_gpu_core_neural_output_average_tensor_batched_2048_cuda_repeat01,9,neural_policy,output_average,post_step_state_policy,4.655809607356787e-05
toy4,neural_output_average,tensor_batched,tensor_batched,cuda,2048,10,1,1,0,3,toy4_gpu_core_neural_output_average_tensor_batched_2048_cuda_repeat01,9,neural_policy,output_average,update_payoff_ema,6.737804505974054e-05
toy4,neural_output_average,tensor_batched,tensor_batched,cuda,2048,10,1,1,0,3,toy4_gpu_core_neural_output_average_tensor_batched_2048_cuda_repeat01,9,neural_policy,output_average,update_reputation_ema,3.33139905706048e-05
toy4,neural_output_average,tensor_batched,tensor_batched,cuda,2048,10,1,1,0,3,toy4_gpu_core_neural_output_average_tensor_batched_2048_cuda_repeat01,9,neural_policy,output_average,mobility_swaps,3.194098826497793e-05
toy4,neural_output_average,tensor_batched,tensor_batched,cuda,2048,10,1,1,0,3,toy4_gpu_core_neural_output_average_tensor_batched_2048_cuda_repeat01,9,neural_policy,output_average,finalize_hook_step,1.8264981918036938e-05
toy4,neural_output_average,tensor_batched,tensor_batched,cuda,2048,10,1,1,0,3,toy4_gpu_core_neural_output_average_tensor_batched_2048_cuda_repeat01,9,neural_policy,output_average,hooked_step_total,0.016093177953734994
toy4,neural_output_average,tensor_batched,tensor_batched,cuda,2048,10,1,1,0,3,toy4_gpu_core_neural_output_average_tensor_batched_2048_cuda_repeat01,9,neural_policy,output_average,aggregate_row,0.10708568606059998
toy4,neural_output_average,tensor_batched,tensor_batched,cuda,2048,10,1,1,0,3,toy4_gpu_core_neural_output_average_tensor_batched_2048_cuda_repeat01,9,neural_policy,output_average,write_aggregate,7.658498361706734e-05
toy4,neural_output_average,tensor_batched,tensor_batched,cuda,2048,10,1,1,0,3,toy4_gpu_core_neural_output_average_tensor_batched_2048_cuda_repeat01,10,neural_policy,output_average,sample_revision_mask,3.168999683111906e-05
toy4,neural_output_average,tensor_batched,tensor_batched,cuda,2048,10,1,1,0,3,toy4_gpu_core_neural_output_average_tensor_batched_2048_cuda_repeat01,10,neural_policy,output_average,build_step_context,1.1191004887223244e-05
toy4,neural_output_average,tensor_batched,tensor_batched,cuda,2048,10,1,1,0,3,toy4_gpu_core_neural_output_average_tensor_batched_2048_cuda_repeat01,10,neural_policy,output_average,build_observations,0.0007999700028449297
toy4,neural_output_average,tensor_batched,tensor_batched,cuda,2048,10,1,1,0,3,toy4_gpu_core_neural_output_average_tensor_batched_2048_cuda_repeat01,10,neural_policy,output_average,policy_readout,0.0006815649103373289
toy4,neural_output_average,tensor_batched,tensor_batched,cuda,2048,10,1,1,0,3,toy4_gpu_core_neural_output_average_tensor_batched_2048_cuda_repeat01,10,neural_policy,output_average,decision_selection,0.0017696019494906068
toy4,neural_output_average,tensor_batched,tensor_batched,cuda,2048,10,1,1,0,3,toy4_gpu_core_neural_output_average_tensor_batched_2048_cuda_repeat01,10,neural_policy,output_average,local_trainable_parameters,9.340804535895586e-05
toy4,neural_output_average,tensor_batched,tensor_batched,cuda,2048,10,1,1,0,3,toy4_gpu_core_neural_output_average_tensor_batched_2048_cuda_repeat01,10,neural_policy,output_average,local_loss_forward,0.0005847009597346187
toy4,neural_output_average,tensor_batched,tensor_batched,cuda,2048,10,1,1,0,3,toy4_gpu_core_neural_output_average_tensor_batched_2048_cuda_repeat01,10,neural_policy,output_average,local_autograd_grad,0.0007940379437059164
toy4,neural_output_average,tensor_batched,tensor_batched,cuda,2048,10,1,1,0,3,toy4_gpu_core_neural_output_average_tensor_batched_2048_cuda_repeat01,10,neural_policy,output_average,local_adam_update,0.0008598730200901628
toy4,neural_output_average,tensor_batched,tensor_batched,cuda,2048,10,1,1,0,3,toy4_gpu_core_neural_output_average_tensor_batched_2048_cuda_repeat01,10,neural_policy,output_average,local_optimizer_update,0.0017601540312170982
toy4,neural_output_average,tensor_batched,tensor_batched,cuda,2048,10,1,1,0,3,toy4_gpu_core_neural_output_average_tensor_batched_2048_cuda_repeat01,10,neural_policy,output_average,local_loss_update,0.002374651958234608
toy4,neural_output_average,tensor_batched,tensor_batched,cuda,2048,10,1,1,0,3,toy4_gpu_core_neural_output_average_tensor_batched_2048_cuda_repeat01,10,neural_policy,output_average,local_training,0.0025176239432767034
toy4,neural_output_average,tensor_batched,tensor_batched,cuda,2048,10,1,1,0,3,toy4_gpu_core_neural_output_average_tensor_batched_2048_cuda_repeat01,10,neural_policy,output_average,cache_refresh,8.47596675157547e-06
toy4,neural_output_average,tensor_batched,tensor_batched,cuda,2048,10,1,1,0,3,toy4_gpu_core_neural_output_average_tensor_batched_2048_cuda_repeat01,10,neural_policy,output_average,post_local_readout,0.00018219603225588799
toy4,neural_output_average,tensor_batched,tensor_batched,cuda,2048,10,1,1,0,3,toy4_gpu_core_neural_output_average_tensor_batched_2048_cuda_repeat01,10,neural_policy,output_average,local_step,0.006803276017308235
toy4,neural_output_average,tensor_batched,tensor_batched,cuda,2048,10,1,1,0,3,toy4_gpu_core_neural_output_average_tensor_batched_2048_cuda_repeat01,10,neural_policy,output_average,select_peers,0.00012324494309723377
toy4,neural_output_average,tensor_batched,tensor_batched,cuda,2048,10,1,1,0,3,toy4_gpu_core_neural_output_average_tensor_batched_2048_cuda_repeat01,10,neural_policy,output_average,social_mix,0.0005135759711265564
toy4,neural_output_average,tensor_batched,tensor_batched,cuda,2048,10,1,1,0,3,toy4_gpu_core_neural_output_average_tensor_batched_2048_cuda_repeat01,10,neural_policy,output_average,social_loss_forward,0.0002128139603883028
toy4,neural_output_average,tensor_batched,tensor_batched,cuda,2048,10,1,1,0,3,toy4_gpu_core_neural_output_average_tensor_batched_2048_cuda_repeat01,10,neural_policy,output_average,social_autograd_grad,0.00034002691973000765
toy4,neural_output_average,tensor_batched,tensor_batched,cuda,2048,10,1,1,0,3,toy4_gpu_core_neural_output_average_tensor_batched_2048_cuda_repeat01,10,neural_policy,output_average,social_adam_update,0.0006872960366308689
toy4,neural_output_average,tensor_batched,tensor_batched,cuda,2048,10,1,1,0,3,toy4_gpu_core_neural_output_average_tensor_batched_2048_cuda_repeat01,10,neural_policy,output_average,social_optimizer_update,0.0015222919173538685
toy4,neural_output_average,tensor_batched,tensor_batched,cuda,2048,10,1,1,0,3,toy4_gpu_core_neural_output_average_tensor_batched_2048_cuda_repeat01,10,neural_policy,output_average,social_distillation,0.0026894999900832772
toy4,neural_output_average,tensor_batched,tensor_batched,cuda,2048,10,1,1,0,3,toy4_gpu_core_neural_output_average_tensor_batched_2048_cuda_repeat01,10,neural_policy,output_average,social_step,0.0027134049450978637
toy4,neural_output_average,tensor_batched,tensor_batched,cuda,2048,10,1,1,0,3,toy4_gpu_core_neural_output_average_tensor_batched_2048_cuda_repeat01,10,neural_policy,output_average,sample_actions,7.383991032838821e-06
toy4,neural_output_average,tensor_batched,tensor_batched,cuda,2048,10,1,1,0,3,toy4_gpu_core_neural_output_average_tensor_batched_2048_cuda_repeat01,10,neural_policy,output_average,commit_actions,9.19797457754612e-06
toy4,neural_output_average,tensor_batched,tensor_batched,cuda,2048,10,1,1,0,3,toy4_gpu_core_neural_output_average_tensor_batched_2048_cuda_repeat01,10,neural_policy,output_average,post_step_state_policy,2.7242000214755535e-05
toy4,neural_output_average,tensor_batched,tensor_batched,cuda,2048,10,1,1,0,3,toy4_gpu_core_neural_output_average_tensor_batched_2048_cuda_repeat01,10,neural_policy,output_average,update_payoff_ema,4.215002991259098e-05
toy4,neural_output_average,tensor_batched,tensor_batched,cuda,2048,10,1,1,0,3,toy4_gpu_core_neural_output_average_tensor_batched_2048_cuda_repeat01,10,neural_policy,output_average,update_reputation_ema,2.665992360562086e-05
toy4,neural_output_average,tensor_batched,tensor_batched,cuda,2048,10,1,1,0,3,toy4_gpu_core_neural_output_average_tensor_batched_2048_cuda_repeat01,10,neural_policy,output_average,mobility_swaps,2.183194737881422e-05
toy4,neural_output_average,tensor_batched,tensor_batched,cuda,2048,10,1,1,0,3,toy4_gpu_core_neural_output_average_tensor_batched_2048_cuda_repeat01,10,neural_policy,output_average,finalize_hook_step,1.3947021216154099e-05
toy4,neural_output_average,tensor_batched,tensor_batched,cuda,2048,10,1,1,0,3,toy4_gpu_core_neural_output_average_tensor_batched_2048_cuda_repeat01,10,neural_policy,output_average,hooked_step_total,0.010567257995717227
toy4,neural_output_average,tensor_batched,tensor_batched,cuda,2048,10,1,1,0,3,toy4_gpu_core_neural_output_average_tensor_batched_2048_cuda_repeat01,10,neural_policy,output_average,aggregate_row,0.11066838295664638
toy4,neural_output_average,tensor_batched,tensor_batched,cuda,2048,10,1,1,0,3,toy4_gpu_core_neural_output_average_tensor_batched_2048_cuda_repeat01,10,neural_policy,output_average,write_aggregate,0.0001321209128946066
toy4,neural_output_average,tensor_batched,tensor_batched,cuda,2048,10,1,2,0,3,toy4_gpu_core_neural_output_average_tensor_batched_2048_cuda_repeat02,0,neural_policy,output_average,make_run_dir,0.00020882708486169577
toy4,neural_output_average,tensor_batched,tensor_batched,cuda,2048,10,1,2,0,3,toy4_gpu_core_neural_output_average_tensor_batched_2048_cuda_repeat02,0,neural_policy,output_average,write_metadata,0.002151989028789103
toy4,neural_output_average,tensor_batched,tensor_batched,cuda,2048,10,1,2,0,3,toy4_gpu_core_neural_output_average_tensor_batched_2048_cuda_repeat02,0,neural_policy,output_average,initial_state,1.5281786089763045
toy4,neural_output_average,tensor_batched,tensor_batched,cuda,2048,10,1,2,0,3,toy4_gpu_core_neural_output_average_tensor_batched_2048_cuda_repeat02,0,neural_policy,output_average,writer_setup,0.0005107310134917498
toy4,neural_output_average,tensor_batched,tensor_batched,cuda,2048,10,1,2,0,3,toy4_gpu_core_neural_output_average_tensor_batched_2048_cuda_repeat02,0,neural_policy,output_average,initial_step_result,0.0030082460725679994
toy4,neural_output_average,tensor_batched,tensor_batched,cuda,2048,10,1,2,0,3,toy4_gpu_core_neural_output_average_tensor_batched_2048_cuda_repeat02,0,neural_policy,output_average,initial_aggregate_row,0.12076951691415161
toy4,neural_output_average,tensor_batched,tensor_batched,cuda,2048,10,1,2,0,3,toy4_gpu_core_neural_output_average_tensor_batched_2048_cuda_repeat02,0,neural_policy,output_average,write_initial_aggregate,0.00010960805229842663
toy4,neural_output_average,tensor_batched,tensor_batched,cuda,2048,10,1,2,0,3,toy4_gpu_core_neural_output_average_tensor_batched_2048_cuda_repeat02,1,neural_policy,output_average,sample_revision_mask,3.504694905132055e-05
toy4,neural_output_average,tensor_batched,tensor_batched,cuda,2048,10,1,2,0,3,toy4_gpu_core_neural_output_average_tensor_batched_2048_cuda_repeat02,1,neural_policy,output_average,build_step_context,1.4267978258430958e-05
toy4,neural_output_average,tensor_batched,tensor_batched,cuda,2048,10,1,2,0,3,toy4_gpu_core_neural_output_average_tensor_batched_2048_cuda_repeat02,1,neural_policy,output_average,build_observations,0.0009082159958779812
toy4,neural_output_average,tensor_batched,tensor_batched,cuda,2048,10,1,2,0,3,toy4_gpu_core_neural_output_average_tensor_batched_2048_cuda_repeat02,1,neural_policy,output_average,policy_readout,0.000839495100080967
toy4,neural_output_average,tensor_batched,tensor_batched,cuda,2048,10,1,2,0,3,toy4_gpu_core_neural_output_average_tensor_batched_2048_cuda_repeat02,1,neural_policy,output_average,decision_selection,0.0017776680178940296
toy4,neural_output_average,tensor_batched,tensor_batched,cuda,2048,10,1,2,0,3,toy4_gpu_core_neural_output_average_tensor_batched_2048_cuda_repeat02,1,neural_policy,output_average,local_trainable_parameters,9.343691635876894e-05
toy4,neural_output_average,tensor_batched,tensor_batched,cuda,2048,10,1,2,0,3,toy4_gpu_core_neural_output_average_tensor_batched_2048_cuda_repeat02,1,neural_policy,output_average,local_loss_forward,0.0005718660540878773
toy4,neural_output_average,tensor_batched,tensor_batched,cuda,2048,10,1,2,0,3,toy4_gpu_core_neural_output_average_tensor_batched_2048_cuda_repeat02,1,neural_policy,output_average,local_autograd_grad,0.0008725780062377453
toy4,neural_output_average,tensor_batched,tensor_batched,cuda,2048,10,1,2,0,3,toy4_gpu_core_neural_output_average_tensor_batched_2048_cuda_repeat02,1,neural_policy,output_average,local_adam_update,0.0008645829511806369
toy4,neural_output_average,tensor_batched,tensor_batched,cuda,2048,10,1,2,0,3,toy4_gpu_core_neural_output_average_tensor_batched_2048_cuda_repeat02,1,neural_policy,output_average,local_optimizer_update,0.0018548649968579412
toy4,neural_output_average,tensor_batched,tensor_batched,cuda,2048,10,1,2,0,3,toy4_gpu_core_neural_output_average_tensor_batched_2048_cuda_repeat02,1,neural_policy,output_average,local_loss_update,0.002455906942486763
toy4,neural_output_average,tensor_batched,tensor_batched,cuda,2048,10,1,2,0,3,toy4_gpu_core_neural_output_average_tensor_batched_2048_cuda_repeat02,1,neural_policy,output_average,local_training,0.002591984928585589
toy4,neural_output_average,tensor_batched,tensor_batched,cuda,2048,10,1,2,0,3,toy4_gpu_core_neural_output_average_tensor_batched_2048_cuda_repeat02,1,neural_policy,output_average,cache_refresh,8.807051926851273e-06
toy4,neural_output_average,tensor_batched,tensor_batched,cuda,2048,10,1,2,0,3,toy4_gpu_core_neural_output_average_tensor_batched_2048_cuda_repeat02,1,neural_policy,output_average,post_local_readout,0.00016975298058241606
toy4,neural_output_average,tensor_batched,tensor_batched,cuda,2048,10,1,2,0,3,toy4_gpu_core_neural_output_average_tensor_batched_2048_cuda_repeat02,1,neural_policy,output_average,local_step,0.007144514936953783
toy4,neural_output_average,tensor_batched,tensor_batched,cuda,2048,10,1,2,0,3,toy4_gpu_core_neural_output_average_tensor_batched_2048_cuda_repeat02,1,neural_policy,output_average,select_peers,0.00012463703751564026
toy4,neural_output_average,tensor_batched,tensor_batched,cuda,2048,10,1,2,0,3,toy4_gpu_core_neural_output_average_tensor_batched_2048_cuda_repeat02,1,neural_policy,output_average,social_mix,0.0005361789371818304
toy4,neural_output_average,tensor_batched,tensor_batched,cuda,2048,10,1,2,0,3,toy4_gpu_core_neural_output_average_tensor_batched_2048_cuda_repeat02,1,neural_policy,output_average,social_loss_forward,0.0002107509644702077
toy4,neural_output_average,tensor_batched,tensor_batched,cuda,2048,10,1,2,0,3,toy4_gpu_core_neural_output_average_tensor_batched_2048_cuda_repeat02,1,neural_policy,output_average,social_autograd_grad,0.00036262907087802887
toy4,neural_output_average,tensor_batched,tensor_batched,cuda,2048,10,1,2,0,3,toy4_gpu_core_neural_output_average_tensor_batched_2048_cuda_repeat02,1,neural_policy,output_average,social_adam_update,0.0006586620584130287
toy4,neural_output_average,tensor_batched,tensor_batched,cuda,2048,10,1,2,0,3,toy4_gpu_core_neural_output_average_tensor_batched_2048_cuda_repeat02,1,neural_policy,output_average,social_optimizer_update,0.0015020639402791858
toy4,neural_output_average,tensor_batched,tensor_batched,cuda,2048,10,1,2,0,3,toy4_gpu_core_neural_output_average_tensor_batched_2048_cuda_repeat02,1,neural_policy,output_average,social_distillation,0.002695371047593653
toy4,neural_output_average,tensor_batched,tensor_batched,cuda,2048,10,1,2,0,3,toy4_gpu_core_neural_output_average_tensor_batched_2048_cuda_repeat02,1,neural_policy,output_average,social_step,0.002717953990213573
toy4,neural_output_average,tensor_batched,tensor_batched,cuda,2048,10,1,2,0,3,toy4_gpu_core_neural_output_average_tensor_batched_2048_cuda_repeat02,1,neural_policy,output_average,sample_actions,6.732996553182602e-06
toy4,neural_output_average,tensor_batched,tensor_batched,cuda,2048,10,1,2,0,3,toy4_gpu_core_neural_output_average_tensor_batched_2048_cuda_repeat02,1,neural_policy,output_average,commit_actions,8.785980753600597e-06
toy4,neural_output_average,tensor_batched,tensor_batched,cuda,2048,10,1,2,0,3,toy4_gpu_core_neural_output_average_tensor_batched_2048_cuda_repeat02,1,neural_policy,output_average,post_step_state_policy,2.9335031285881996e-05
toy4,neural_output_average,tensor_batched,tensor_batched,cuda,2048,10,1,2,0,3,toy4_gpu_core_neural_output_average_tensor_batched_2048_cuda_repeat02,1,neural_policy,output_average,update_payoff_ema,2.661102917045355e-05
toy4,neural_output_average,tensor_batched,tensor_batched,cuda,2048,10,1,2,0,3,toy4_gpu_core_neural_output_average_tensor_batched_2048_cuda_repeat02,1,neural_policy,output_average,update_reputation_ema,2.4636974558234215e-05
toy4,neural_output_average,tensor_batched,tensor_batched,cuda,2048,10,1,2,0,3,toy4_gpu_core_neural_output_average_tensor_batched_2048_cuda_repeat02,1,neural_policy,output_average,mobility_swaps,2.4406006559729576e-05
toy4,neural_output_average,tensor_batched,tensor_batched,cuda,2048,10,1,2,0,3,toy4_gpu_core_neural_output_average_tensor_batched_2048_cuda_repeat02,1,neural_policy,output_average,finalize_hook_step,1.3856100849807262e-05
toy4,neural_output_average,tensor_batched,tensor_batched,cuda,2048,10,1,2,0,3,toy4_gpu_core_neural_output_average_tensor_batched_2048_cuda_repeat02,1,neural_policy,output_average,hooked_step_total,0.010848492034710944
toy4,neural_output_average,tensor_batched,tensor_batched,cuda,2048,10,1,2,0,3,toy4_gpu_core_neural_output_average_tensor_batched_2048_cuda_repeat02,1,neural_policy,output_average,aggregate_row,0.1358224479481578
toy4,neural_output_average,tensor_batched,tensor_batched,cuda,2048,10,1,2,0,3,toy4_gpu_core_neural_output_average_tensor_batched_2048_cuda_repeat02,1,neural_policy,output_average,write_aggregate,8.907995652407408e-05
toy4,neural_output_average,tensor_batched,tensor_batched,cuda,2048,10,1,2,0,3,toy4_gpu_core_neural_output_average_tensor_batched_2048_cuda_repeat02,2,neural_policy,output_average,sample_revision_mask,3.745092544704676e-05
toy4,neural_output_average,tensor_batched,tensor_batched,cuda,2048,10,1,2,0,3,toy4_gpu_core_neural_output_average_tensor_batched_2048_cuda_repeat02,2,neural_policy,output_average,build_step_context,1.3135024346411228e-05
toy4,neural_output_average,tensor_batched,tensor_batched,cuda,2048,10,1,2,0,3,toy4_gpu_core_neural_output_average_tensor_batched_2048_cuda_repeat02,2,neural_policy,output_average,build_observations,0.0009792100172489882
toy4,neural_output_average,tensor_batched,tensor_batched,cuda,2048,10,1,2,0,3,toy4_gpu_core_neural_output_average_tensor_batched_2048_cuda_repeat02,2,neural_policy,output_average,policy_readout,0.0022265109000727534
toy4,neural_output_average,tensor_batched,tensor_batched,cuda,2048,10,1,2,0,3,toy4_gpu_core_neural_output_average_tensor_batched_2048_cuda_repeat02,2,neural_policy,output_average,decision_selection,0.005009407992474735
toy4,neural_output_average,tensor_batched,tensor_batched,cuda,2048,10,1,2,0,3,toy4_gpu_core_neural_output_average_tensor_batched_2048_cuda_repeat02,2,neural_policy,output_average,local_trainable_parameters,0.00035359093453735113
toy4,neural_output_average,tensor_batched,tensor_batched,cuda,2048,10,1,2,0,3,toy4_gpu_core_neural_output_average_tensor_batched_2048_cuda_repeat02,2,neural_policy,output_average,local_loss_forward,0.0011822059750556946
toy4,neural_output_average,tensor_batched,tensor_batched,cuda,2048,10,1,2,0,3,toy4_gpu_core_neural_output_average_tensor_batched_2048_cuda_repeat02,2,neural_policy,output_average,local_autograd_grad,0.0008774070302024484
toy4,neural_output_average,tensor_batched,tensor_batched,cuda,2048,10,1,2,0,3,toy4_gpu_core_neural_output_average_tensor_batched_2048_cuda_repeat02,2,neural_policy,output_average,local_adam_update,0.0008947000605985522
toy4,neural_output_average,tensor_batched,tensor_batched,cuda,2048,10,1,2,0,3,toy4_gpu_core_neural_output_average_tensor_batched_2048_cuda_repeat02,2,neural_policy,output_average,local_optimizer_update,0.0018894599052146077
toy4,neural_output_average,tensor_batched,tensor_batched,cuda,2048,10,1,2,0,3,toy4_gpu_core_neural_output_average_tensor_batched_2048_cuda_repeat02,2,neural_policy,output_average,local_loss_update,0.003106452990323305
toy4,neural_output_average,tensor_batched,tensor_batched,cuda,2048,10,1,2,0,3,toy4_gpu_core_neural_output_average_tensor_batched_2048_cuda_repeat02,2,neural_policy,output_average,local_training,0.0036003109999001026
toy4,neural_output_average,tensor_batched,tensor_batched,cuda,2048,10,1,2,0,3,toy4_gpu_core_neural_output_average_tensor_batched_2048_cuda_repeat02,2,neural_policy,output_average,cache_refresh,1.2643984518945217e-05
toy4,neural_output_average,tensor_batched,tensor_batched,cuda,2048,10,1,2,0,3,toy4_gpu_core_neural_output_average_tensor_batched_2048_cuda_repeat02,2,neural_policy,output_average,post_local_readout,0.00017622497398406267
toy4,neural_output_average,tensor_batched,tensor_batched,cuda,2048,10,1,2,0,3,toy4_gpu_core_neural_output_average_tensor_batched_2048_cuda_repeat02,2,neural_policy,output_average,local_step,0.01303134998306632
toy4,neural_output_average,tensor_batched,tensor_batched,cuda,2048,10,1,2,0,3,toy4_gpu_core_neural_output_average_tensor_batched_2048_cuda_repeat02,2,neural_policy,output_average,select_peers,0.00012380490079522133
toy4,neural_output_average,tensor_batched,tensor_batched,cuda,2048,10,1,2,0,3,toy4_gpu_core_neural_output_average_tensor_batched_2048_cuda_repeat02,2,neural_policy,output_average,social_mix,0.0005200180457904935
toy4,neural_output_average,tensor_batched,tensor_batched,cuda,2048,10,1,2,0,3,toy4_gpu_core_neural_output_average_tensor_batched_2048_cuda_repeat02,2,neural_policy,output_average,social_loss_forward,0.00020556000526994467
toy4,neural_output_average,tensor_batched,tensor_batched,cuda,2048,10,1,2,0,3,toy4_gpu_core_neural_output_average_tensor_batched_2048_cuda_repeat02,2,neural_policy,output_average,social_autograd_grad,0.0003319300012663007
toy4,neural_output_average,tensor_batched,tensor_batched,cuda,2048,10,1,2,0,3,toy4_gpu_core_neural_output_average_tensor_batched_2048_cuda_repeat02,2,neural_policy,output_average,social_adam_update,0.0006616369355469942
toy4,neural_output_average,tensor_batched,tensor_batched,cuda,2048,10,1,2,0,3,toy4_gpu_core_neural_output_average_tensor_batched_2048_cuda_repeat02,2,neural_policy,output_average,social_optimizer_update,0.0014776269672438502
toy4,neural_output_average,tensor_batched,tensor_batched,cuda,2048,10,1,2,0,3,toy4_gpu_core_neural_output_average_tensor_batched_2048_cuda_repeat02,2,neural_policy,output_average,social_distillation,0.002640507067553699
toy4,neural_output_average,tensor_batched,tensor_batched,cuda,2048,10,1,2,0,3,toy4_gpu_core_neural_output_average_tensor_batched_2048_cuda_repeat02,2,neural_policy,output_average,social_step,0.0026626390172168612
toy4,neural_output_average,tensor_batched,tensor_batched,cuda,2048,10,1,2,0,3,toy4_gpu_core_neural_output_average_tensor_batched_2048_cuda_repeat02,2,neural_policy,output_average,sample_actions,6.671994924545288e-06
toy4,neural_output_average,tensor_batched,tensor_batched,cuda,2048,10,1,2,0,3,toy4_gpu_core_neural_output_average_tensor_batched_2048_cuda_repeat02,2,neural_policy,output_average,commit_actions,9.12696123123169e-06
toy4,neural_output_average,tensor_batched,tensor_batched,cuda,2048,10,1,2,0,3,toy4_gpu_core_neural_output_average_tensor_batched_2048_cuda_repeat02,2,neural_policy,output_average,post_step_state_policy,2.8725014999508858e-05
toy4,neural_output_average,tensor_batched,tensor_batched,cuda,2048,10,1,2,0,3,toy4_gpu_core_neural_output_average_tensor_batched_2048_cuda_repeat02,2,neural_policy,output_average,update_payoff_ema,7.260800339281559e-05
toy4,neural_output_average,tensor_batched,tensor_batched,cuda,2048,10,1,2,0,3,toy4_gpu_core_neural_output_average_tensor_batched_2048_cuda_repeat02,2,neural_policy,output_average,update_reputation_ema,3.1920033507049084e-05
toy4,neural_output_average,tensor_batched,tensor_batched,cuda,2048,10,1,2,0,3,toy4_gpu_core_neural_output_average_tensor_batched_2048_cuda_repeat02,2,neural_policy,output_average,mobility_swaps,3.9414968341588974e-05
toy4,neural_output_average,tensor_batched,tensor_batched,cuda,2048,10,1,2,0,3,toy4_gpu_core_neural_output_average_tensor_batched_2048_cuda_repeat02,2,neural_policy,output_average,finalize_hook_step,1.6211066395044327e-05
toy4,neural_output_average,tensor_batched,tensor_batched,cuda,2048,10,1,2,0,3,toy4_gpu_core_neural_output_average_tensor_batched_2048_cuda_repeat02,2,neural_policy,output_average,hooked_step_total,0.017122482997365296
toy4,neural_output_average,tensor_batched,tensor_batched,cuda,2048,10,1,2,0,3,toy4_gpu_core_neural_output_average_tensor_batched_2048_cuda_repeat02,2,neural_policy,output_average,aggregate_row,0.13668905408121645
toy4,neural_output_average,tensor_batched,tensor_batched,cuda,2048,10,1,2,0,3,toy4_gpu_core_neural_output_average_tensor_batched_2048_cuda_repeat02,2,neural_policy,output_average,write_aggregate,8.178595453500748e-05
toy4,neural_output_average,tensor_batched,tensor_batched,cuda,2048,10,1,2,0,3,toy4_gpu_core_neural_output_average_tensor_batched_2048_cuda_repeat02,3,neural_policy,output_average,sample_revision_mask,3.665999975055456e-05
toy4,neural_output_average,tensor_batched,tensor_batched,cuda,2048,10,1,2,0,3,toy4_gpu_core_neural_output_average_tensor_batched_2048_cuda_repeat02,3,neural_policy,output_average,build_step_context,1.294503454118967e-05
toy4,neural_output_average,tensor_batched,tensor_batched,cuda,2048,10,1,2,0,3,toy4_gpu_core_neural_output_average_tensor_batched_2048_cuda_repeat02,3,neural_policy,output_average,build_observations,0.0009612359572201967
toy4,neural_output_average,tensor_batched,tensor_batched,cuda,2048,10,1,2,0,3,toy4_gpu_core_neural_output_average_tensor_batched_2048_cuda_repeat02,3,neural_policy,output_average,policy_readout,0.0007853420684114099
toy4,neural_output_average,tensor_batched,tensor_batched,cuda,2048,10,1,2,0,3,toy4_gpu_core_neural_output_average_tensor_batched_2048_cuda_repeat02,3,neural_policy,output_average,decision_selection,0.0017378519987687469
toy4,neural_output_average,tensor_batched,tensor_batched,cuda,2048,10,1,2,0,3,toy4_gpu_core_neural_output_average_tensor_batched_2048_cuda_repeat02,3,neural_policy,output_average,local_trainable_parameters,0.00010206399019807577
toy4,neural_output_average,tensor_batched,tensor_batched,cuda,2048,10,1,2,0,3,toy4_gpu_core_neural_output_average_tensor_batched_2048_cuda_repeat02,3,neural_policy,output_average,local_loss_forward,0.0006515079876407981
toy4,neural_output_average,tensor_batched,tensor_batched,cuda,2048,10,1,2,0,3,toy4_gpu_core_neural_output_average_tensor_batched_2048_cuda_repeat02,3,neural_policy,output_average,local_autograd_grad,0.0009132049744948745
toy4,neural_output_average,tensor_batched,tensor_batched,cuda,2048,10,1,2,0,3,toy4_gpu_core_neural_output_average_tensor_batched_2048_cuda_repeat02,3,neural_policy,output_average,local_adam_update,0.0009036969859153032
toy4,neural_output_average,tensor_batched,tensor_batched,cuda,2048,10,1,2,0,3,toy4_gpu_core_neural_output_average_tensor_batched_2048_cuda_repeat02,3,neural_policy,output_average,local_optimizer_update,0.0019374609692022204
toy4,neural_output_average,tensor_batched,tensor_batched,cuda,2048,10,1,2,0,3,toy4_gpu_core_neural_output_average_tensor_batched_2048_cuda_repeat02,3,neural_policy,output_average,local_loss_update,0.002618375001475215
toy4,neural_output_average,tensor_batched,tensor_batched,cuda,2048,10,1,2,0,3,toy4_gpu_core_neural_output_average_tensor_batched_2048_cuda_repeat02,3,neural_policy,output_average,local_training,0.0027696629986166954
toy4,neural_output_average,tensor_batched,tensor_batched,cuda,2048,10,1,2,0,3,toy4_gpu_core_neural_output_average_tensor_batched_2048_cuda_repeat02,3,neural_policy,output_average,cache_refresh,8.87701753526926e-06
toy4,neural_output_average,tensor_batched,tensor_batched,cuda,2048,10,1,2,0,3,toy4_gpu_core_neural_output_average_tensor_batched_2048_cuda_repeat02,3,neural_policy,output_average,post_local_readout,0.0002086659660562873
toy4,neural_output_average,tensor_batched,tensor_batched,cuda,2048,10,1,2,0,3,toy4_gpu_core_neural_output_average_tensor_batched_2048_cuda_repeat02,3,neural_policy,output_average,local_step,0.0073948809877038
toy4,neural_output_average,tensor_batched,tensor_batched,cuda,2048,10,1,2,0,3,toy4_gpu_core_neural_output_average_tensor_batched_2048_cuda_repeat02,3,neural_policy,output_average,select_peers,0.00013216107618063688
toy4,neural_output_average,tensor_batched,tensor_batched,cuda,2048,10,1,2,0,3,toy4_gpu_core_neural_output_average_tensor_batched_2048_cuda_repeat02,3,neural_policy,output_average,social_mix,0.0005664159543812275
toy4,neural_output_average,tensor_batched,tensor_batched,cuda,2048,10,1,2,0,3,toy4_gpu_core_neural_output_average_tensor_batched_2048_cuda_repeat02,3,neural_policy,output_average,social_loss_forward,0.00022644991986453533
toy4,neural_output_average,tensor_batched,tensor_batched,cuda,2048,10,1,2,0,3,toy4_gpu_core_neural_output_average_tensor_batched_2048_cuda_repeat02,3,neural_policy,output_average,social_autograd_grad,0.0003913240507245064
toy4,neural_output_average,tensor_batched,tensor_batched,cuda,2048,10,1,2,0,3,toy4_gpu_core_neural_output_average_tensor_batched_2048_cuda_repeat02,3,neural_policy,output_average,social_adam_update,0.0007030359702184796
toy4,neural_output_average,tensor_batched,tensor_batched,cuda,2048,10,1,2,0,3,toy4_gpu_core_neural_output_average_tensor_batched_2048_cuda_repeat02,3,neural_policy,output_average,social_optimizer_update,0.0016374409897252917
toy4,neural_output_average,tensor_batched,tensor_batched,cuda,2048,10,1,2,0,3,toy4_gpu_core_neural_output_average_tensor_batched_2048_cuda_repeat02,3,neural_policy,output_average,social_distillation,0.002968258922919631
toy4,neural_output_average,tensor_batched,tensor_batched,cuda,2048,10,1,2,0,3,toy4_gpu_core_neural_output_average_tensor_batched_2048_cuda_repeat02,3,neural_policy,output_average,social_step,0.0029910029843449593
toy4,neural_output_average,tensor_batched,tensor_batched,cuda,2048,10,1,2,0,3,toy4_gpu_core_neural_output_average_tensor_batched_2048_cuda_repeat02,3,neural_policy,output_average,sample_actions,6.302027031779289e-06
toy4,neural_output_average,tensor_batched,tensor_batched,cuda,2048,10,1,2,0,3,toy4_gpu_core_neural_output_average_tensor_batched_2048_cuda_repeat02,3,neural_policy,output_average,commit_actions,8.767005056142807e-06
toy4,neural_output_average,tensor_batched,tensor_batched,cuda,2048,10,1,2,0,3,toy4_gpu_core_neural_output_average_tensor_batched_2048_cuda_repeat02,3,neural_policy,output_average,post_step_state_policy,5.2830902859568596e-05
toy4,neural_output_average,tensor_batched,tensor_batched,cuda,2048,10,1,2,0,3,toy4_gpu_core_neural_output_average_tensor_batched_2048_cuda_repeat02,3,neural_policy,output_average,update_payoff_ema,3.5667093470692635e-05
toy4,neural_output_average,tensor_batched,tensor_batched,cuda,2048,10,1,2,0,3,toy4_gpu_core_neural_output_average_tensor_batched_2048_cuda_repeat02,3,neural_policy,output_average,update_reputation_ema,2.3533939383924007e-05
toy4,neural_output_average,tensor_batched,tensor_batched,cuda,2048,10,1,2,0,3,toy4_gpu_core_neural_output_average_tensor_batched_2048_cuda_repeat02,3,neural_policy,output_average,mobility_swaps,2.6730005629360676e-05
toy4,neural_output_average,tensor_batched,tensor_batched,cuda,2048,10,1,2,0,3,toy4_gpu_core_neural_output_average_tensor_batched_2048_cuda_repeat02,3,neural_policy,output_average,finalize_hook_step,1.6632024198770523e-05
toy4,neural_output_average,tensor_batched,tensor_batched,cuda,2048,10,1,2,0,3,toy4_gpu_core_neural_output_average_tensor_batched_2048_cuda_repeat02,3,neural_policy,output_average,hooked_step_total,0.01161939708981663
toy4,neural_output_average,tensor_batched,tensor_batched,cuda,2048,10,1,2,0,3,toy4_gpu_core_neural_output_average_tensor_batched_2048_cuda_repeat02,3,neural_policy,output_average,aggregate_row,0.13609401299618185
toy4,neural_output_average,tensor_batched,tensor_batched,cuda,2048,10,1,2,0,3,toy4_gpu_core_neural_output_average_tensor_batched_2048_cuda_repeat02,3,neural_policy,output_average,write_aggregate,0.00014402298256754875
toy4,neural_output_average,tensor_batched,tensor_batched,cuda,2048,10,1,2,0,3,toy4_gpu_core_neural_output_average_tensor_batched_2048_cuda_repeat02,4,neural_policy,output_average,sample_revision_mask,8.564302697777748e-05
toy4,neural_output_average,tensor_batched,tensor_batched,cuda,2048,10,1,2,0,3,toy4_gpu_core_neural_output_average_tensor_batched_2048_cuda_repeat02,4,neural_policy,output_average,build_step_context,3.307207953184843e-05
toy4,neural_output_average,tensor_batched,tensor_batched,cuda,2048,10,1,2,0,3,toy4_gpu_core_neural_output_average_tensor_batched_2048_cuda_repeat02,4,neural_policy,output_average,build_observations,0.0025848409859463573
toy4,neural_output_average,tensor_batched,tensor_batched,cuda,2048,10,1,2,0,3,toy4_gpu_core_neural_output_average_tensor_batched_2048_cuda_repeat02,4,neural_policy,output_average,policy_readout,0.002135417074896395
toy4,neural_output_average,tensor_batched,tensor_batched,cuda,2048,10,1,2,0,3,toy4_gpu_core_neural_output_average_tensor_batched_2048_cuda_repeat02,4,neural_policy,output_average,decision_selection,0.004285442060790956
toy4,neural_output_average,tensor_batched,tensor_batched,cuda,2048,10,1,2,0,3,toy4_gpu_core_neural_output_average_tensor_batched_2048_cuda_repeat02,4,neural_policy,output_average,local_trainable_parameters,0.0005247170338407159
toy4,neural_output_average,tensor_batched,tensor_batched,cuda,2048,10,1,2,0,3,toy4_gpu_core_neural_output_average_tensor_batched_2048_cuda_repeat02,4,neural_policy,output_average,local_loss_forward,0.001183058018796146
toy4,neural_output_average,tensor_batched,tensor_batched,cuda,2048,10,1,2,0,3,toy4_gpu_core_neural_output_average_tensor_batched_2048_cuda_repeat02,4,neural_policy,output_average,local_autograd_grad,0.0011590420035645366
toy4,neural_output_average,tensor_batched,tensor_batched,cuda,2048,10,1,2,0,3,toy4_gpu_core_neural_output_average_tensor_batched_2048_cuda_repeat02,4,neural_policy,output_average,local_adam_update,0.0010989380534738302
toy4,neural_output_average,tensor_batched,tensor_batched,cuda,2048,10,1,2,0,3,toy4_gpu_core_neural_output_average_tensor_batched_2048_cuda_repeat02,4,neural_policy,output_average,local_optimizer_update,0.002421251032501459
toy4,neural_output_average,tensor_batched,tensor_batched,cuda,2048,10,1,2,0,3,toy4_gpu_core_neural_output_average_tensor_batched_2048_cuda_repeat02,4,neural_policy,output_average,local_loss_update,0.003645867924205959
toy4,neural_output_average,tensor_batched,tensor_batched,cuda,2048,10,1,2,0,3,toy4_gpu_core_neural_output_average_tensor_batched_2048_cuda_repeat02,4,neural_policy,output_average,local_training,0.004289330099709332
toy4,neural_output_average,tensor_batched,tensor_batched,cuda,2048,10,1,2,0,3,toy4_gpu_core_neural_output_average_tensor_batched_2048_cuda_repeat02,4,neural_policy,output_average,cache_refresh,1.4307093806564808e-05
toy4,neural_output_average,tensor_batched,tensor_batched,cuda,2048,10,1,2,0,3,toy4_gpu_core_neural_output_average_tensor_batched_2048_cuda_repeat02,4,neural_policy,output_average,post_local_readout,0.00020433904137462378
toy4,neural_output_average,tensor_batched,tensor_batched,cuda,2048,10,1,2,0,3,toy4_gpu_core_neural_output_average_tensor_batched_2048_cuda_repeat02,4,neural_policy,output_average,local_step,0.015256277052685618
toy4,neural_output_average,tensor_batched,tensor_batched,cuda,2048,10,1,2,0,3,toy4_gpu_core_neural_output_average_tensor_batched_2048_cuda_repeat02,4,neural_policy,output_average,select_peers,0.0001551850000396371
toy4,neural_output_average,tensor_batched,tensor_batched,cuda,2048,10,1,2,0,3,toy4_gpu_core_neural_output_average_tensor_batched_2048_cuda_repeat02,4,neural_policy,output_average,social_mix,0.0005887380102649331
toy4,neural_output_average,tensor_batched,tensor_batched,cuda,2048,10,1,2,0,3,toy4_gpu_core_neural_output_average_tensor_batched_2048_cuda_repeat02,4,neural_policy,output_average,social_loss_forward,0.0002177739515900612
toy4,neural_output_average,tensor_batched,tensor_batched,cuda,2048,10,1,2,0,3,toy4_gpu_core_neural_output_average_tensor_batched_2048_cuda_repeat02,4,neural_policy,output_average,social_autograd_grad,0.0004669680492952466
toy4,neural_output_average,tensor_batched,tensor_batched,cuda,2048,10,1,2,0,3,toy4_gpu_core_neural_output_average_tensor_batched_2048_cuda_repeat02,4,neural_policy,output_average,social_adam_update,0.0007071439176797867
toy4,neural_output_average,tensor_batched,tensor_batched,cuda,2048,10,1,2,0,3,toy4_gpu_core_neural_output_average_tensor_batched_2048_cuda_repeat02,4,neural_policy,output_average,social_optimizer_update,0.0016874660504981875
toy4,neural_output_average,tensor_batched,tensor_batched,cuda,2048,10,1,2,0,3,toy4_gpu_core_neural_output_average_tensor_batched_2048_cuda_repeat02,4,neural_policy,output_average,social_distillation,0.003014007001183927
toy4,neural_output_average,tensor_batched,tensor_batched,cuda,2048,10,1,2,0,3,toy4_gpu_core_neural_output_average_tensor_batched_2048_cuda_repeat02,4,neural_policy,output_average,social_step,0.0030411190818995237
toy4,neural_output_average,tensor_batched,tensor_batched,cuda,2048,10,1,2,0,3,toy4_gpu_core_neural_output_average_tensor_batched_2048_cuda_repeat02,4,neural_policy,output_average,sample_actions,7.474096491932869e-06
toy4,neural_output_average,tensor_batched,tensor_batched,cuda,2048,10,1,2,0,3,toy4_gpu_core_neural_output_average_tensor_batched_2048_cuda_repeat02,4,neural_policy,output_average,commit_actions,9.758980013430119e-06
toy4,neural_output_average,tensor_batched,tensor_batched,cuda,2048,10,1,2,0,3,toy4_gpu_core_neural_output_average_tensor_batched_2048_cuda_repeat02,4,neural_policy,output_average,post_step_state_policy,3.833300434052944e-05
toy4,neural_output_average,tensor_batched,tensor_batched,cuda,2048,10,1,2,0,3,toy4_gpu_core_neural_output_average_tensor_batched_2048_cuda_repeat02,4,neural_policy,output_average,update_payoff_ema,4.4945976696908474e-05
toy4,neural_output_average,tensor_batched,tensor_batched,cuda,2048,10,1,2,0,3,toy4_gpu_core_neural_output_average_tensor_batched_2048_cuda_repeat02,4,neural_policy,output_average,update_reputation_ema,3.0057039111852646e-05
toy4,neural_output_average,tensor_batched,tensor_batched,cuda,2048,10,1,2,0,3,toy4_gpu_core_neural_output_average_tensor_batched_2048_cuda_repeat02,4,neural_policy,output_average,mobility_swaps,2.840394154191017e-05
toy4,neural_output_average,tensor_batched,tensor_batched,cuda,2048,10,1,2,0,3,toy4_gpu_core_neural_output_average_tensor_batched_2048_cuda_repeat02,4,neural_policy,output_average,finalize_hook_step,1.6110017895698547e-05
toy4,neural_output_average,tensor_batched,tensor_batched,cuda,2048,10,1,2,0,3,toy4_gpu_core_neural_output_average_tensor_batched_2048_cuda_repeat02,4,neural_policy,output_average,hooked_step_total,0.0197708650957793
toy4,neural_output_average,tensor_batched,tensor_batched,cuda,2048,10,1,2,0,3,toy4_gpu_core_neural_output_average_tensor_batched_2048_cuda_repeat02,4,neural_policy,output_average,aggregate_row,0.1338003050768748
toy4,neural_output_average,tensor_batched,tensor_batched,cuda,2048,10,1,2,0,3,toy4_gpu_core_neural_output_average_tensor_batched_2048_cuda_repeat02,4,neural_policy,output_average,write_aggregate,0.00011742301285266876
toy4,neural_output_average,tensor_batched,tensor_batched,cuda,2048,10,1,2,0,3,toy4_gpu_core_neural_output_average_tensor_batched_2048_cuda_repeat02,5,neural_policy,output_average,sample_revision_mask,5.152798257768154e-05
toy4,neural_output_average,tensor_batched,tensor_batched,cuda,2048,10,1,2,0,3,toy4_gpu_core_neural_output_average_tensor_batched_2048_cuda_repeat02,5,neural_policy,output_average,build_step_context,1.4567980542778969e-05
toy4,neural_output_average,tensor_batched,tensor_batched,cuda,2048,10,1,2,0,3,toy4_gpu_core_neural_output_average_tensor_batched_2048_cuda_repeat02,5,neural_policy,output_average,build_observations,0.002013466088101268
toy4,neural_output_average,tensor_batched,tensor_batched,cuda,2048,10,1,2,0,3,toy4_gpu_core_neural_output_average_tensor_batched_2048_cuda_repeat02,5,neural_policy,output_average,policy_readout,0.0010687799658626318
toy4,neural_output_average,tensor_batched,tensor_batched,cuda,2048,10,1,2,0,3,toy4_gpu_core_neural_output_average_tensor_batched_2048_cuda_repeat02,5,neural_policy,output_average,decision_selection,0.001866876962594688
toy4,neural_output_average,tensor_batched,tensor_batched,cuda,2048,10,1,2,0,3,toy4_gpu_core_neural_output_average_tensor_batched_2048_cuda_repeat02,5,neural_policy,output_average,local_trainable_parameters,0.00010304502211511135
toy4,neural_output_average,tensor_batched,tensor_batched,cuda,2048,10,1,2,0,3,toy4_gpu_core_neural_output_average_tensor_batched_2048_cuda_repeat02,5,neural_policy,output_average,local_loss_forward,0.0006785099394619465
toy4,neural_output_average,tensor_batched,tensor_batched,cuda,2048,10,1,2,0,3,toy4_gpu_core_neural_output_average_tensor_batched_2048_cuda_repeat02,5,neural_policy,output_average,local_autograd_grad,0.0010424710344523191
toy4,neural_output_average,tensor_batched,tensor_batched,cuda,2048,10,1,2,0,3,toy4_gpu_core_neural_output_average_tensor_batched_2048_cuda_repeat02,5,neural_policy,output_average,local_adam_update,0.0010346259223297238
toy4,neural_output_average,tensor_batched,tensor_batched,cuda,2048,10,1,2,0,3,toy4_gpu_core_neural_output_average_tensor_batched_2048_cuda_repeat02,5,neural_policy,output_average,local_optimizer_update,0.0021954510593786836
toy4,neural_output_average,tensor_batched,tensor_batched,cuda,2048,10,1,2,0,3,toy4_gpu_core_neural_output_average_tensor_batched_2048_cuda_repeat02,5,neural_policy,output_average,local_loss_update,0.002917143050581217
toy4,neural_output_average,tensor_batched,tensor_batched,cuda,2048,10,1,2,0,3,toy4_gpu_core_neural_output_average_tensor_batched_2048_cuda_repeat02,5,neural_policy,output_average,local_training,0.003088056924752891
toy4,neural_output_average,tensor_batched,tensor_batched,cuda,2048,10,1,2,0,3,toy4_gpu_core_neural_output_average_tensor_batched_2048_cuda_repeat02,5,neural_policy,output_average,cache_refresh,7.584923878312111e-06
toy4,neural_output_average,tensor_batched,tensor_batched,cuda,2048,10,1,2,0,3,toy4_gpu_core_neural_output_average_tensor_batched_2048_cuda_repeat02,5,neural_policy,output_average,post_local_readout,0.00019256502855569124
toy4,neural_output_average,tensor_batched,tensor_batched,cuda,2048,10,1,2,0,3,toy4_gpu_core_neural_output_average_tensor_batched_2048_cuda_repeat02,5,neural_policy,output_average,local_step,0.009207343915477395
toy4,neural_output_average,tensor_batched,tensor_batched,cuda,2048,10,1,2,0,3,toy4_gpu_core_neural_output_average_tensor_batched_2048_cuda_repeat02,5,neural_policy,output_average,select_peers,0.00012096005957573652
toy4,neural_output_average,tensor_batched,tensor_batched,cuda,2048,10,1,2,0,3,toy4_gpu_core_neural_output_average_tensor_batched_2048_cuda_repeat02,5,neural_policy,output_average,social_mix,0.0005173330428078771
toy4,neural_output_average,tensor_batched,tensor_batched,cuda,2048,10,1,2,0,3,toy4_gpu_core_neural_output_average_tensor_batched_2048_cuda_repeat02,5,neural_policy,output_average,social_loss_forward,0.00021639198530465364
toy4,neural_output_average,tensor_batched,tensor_batched,cuda,2048,10,1,2,0,3,toy4_gpu_core_neural_output_average_tensor_batched_2048_cuda_repeat02,5,neural_policy,output_average,social_autograd_grad,0.00046011502854526043
toy4,neural_output_average,tensor_batched,tensor_batched,cuda,2048,10,1,2,0,3,toy4_gpu_core_neural_output_average_tensor_batched_2048_cuda_repeat02,5,neural_policy,output_average,social_adam_update,0.000672438065521419
toy4,neural_output_average,tensor_batched,tensor_batched,cuda,2048,10,1,2,0,3,toy4_gpu_core_neural_output_average_tensor_batched_2048_cuda_repeat02,5,neural_policy,output_average,social_optimizer_update,0.0016256090020760894
toy4,neural_output_average,tensor_batched,tensor_batched,cuda,2048,10,1,2,0,3,toy4_gpu_core_neural_output_average_tensor_batched_2048_cuda_repeat02,5,neural_policy,output_average,social_distillation,0.002872006967663765
toy4,neural_output_average,tensor_batched,tensor_batched,cuda,2048,10,1,2,0,3,toy4_gpu_core_neural_output_average_tensor_batched_2048_cuda_repeat02,5,neural_policy,output_average,social_step,0.0028941589407622814
toy4,neural_output_average,tensor_batched,tensor_batched,cuda,2048,10,1,2,0,3,toy4_gpu_core_neural_output_average_tensor_batched_2048_cuda_repeat02,5,neural_policy,output_average,sample_actions,6.592017598450184e-06
toy4,neural_output_average,tensor_batched,tensor_batched,cuda,2048,10,1,2,0,3,toy4_gpu_core_neural_output_average_tensor_batched_2048_cuda_repeat02,5,neural_policy,output_average,commit_actions,9.327894076704979e-06
toy4,neural_output_average,tensor_batched,tensor_batched,cuda,2048,10,1,2,0,3,toy4_gpu_core_neural_output_average_tensor_batched_2048_cuda_repeat02,5,neural_policy,output_average,post_step_state_policy,3.385497257113457e-05
toy4,neural_output_average,tensor_batched,tensor_batched,cuda,2048,10,1,2,0,3,toy4_gpu_core_neural_output_average_tensor_batched_2048_cuda_repeat02,5,neural_policy,output_average,update_payoff_ema,5.4974923841655254e-05
toy4,neural_output_average,tensor_batched,tensor_batched,cuda,2048,10,1,2,0,3,toy4_gpu_core_neural_output_average_tensor_batched_2048_cuda_repeat02,5,neural_policy,output_average,update_reputation_ema,3.076891880482435e-05
toy4,neural_output_average,tensor_batched,tensor_batched,cuda,2048,10,1,2,0,3,toy4_gpu_core_neural_output_average_tensor_batched_2048_cuda_repeat02,5,neural_policy,output_average,mobility_swaps,3.195099998265505e-05
toy4,neural_output_average,tensor_batched,tensor_batched,cuda,2048,10,1,2,0,3,toy4_gpu_core_neural_output_average_tensor_batched_2048_cuda_repeat02,5,neural_policy,output_average,finalize_hook_step,1.765298657119274e-05
toy4,neural_output_average,tensor_batched,tensor_batched,cuda,2048,10,1,2,0,3,toy4_gpu_core_neural_output_average_tensor_batched_2048_cuda_repeat02,5,neural_policy,output_average,hooked_step_total,0.013360164943151176
toy4,neural_output_average,tensor_batched,tensor_batched,cuda,2048,10,1,2,0,3,toy4_gpu_core_neural_output_average_tensor_batched_2048_cuda_repeat02,5,neural_policy,output_average,aggregate_row,0.14673054299782962
toy4,neural_output_average,tensor_batched,tensor_batched,cuda,2048,10,1,2,0,3,toy4_gpu_core_neural_output_average_tensor_batched_2048_cuda_repeat02,5,neural_policy,output_average,write_aggregate,0.00011977797839790583
toy4,neural_output_average,tensor_batched,tensor_batched,cuda,2048,10,1,2,0,3,toy4_gpu_core_neural_output_average_tensor_batched_2048_cuda_repeat02,6,neural_policy,output_average,sample_revision_mask,6.604602094739676e-05
toy4,neural_output_average,tensor_batched,tensor_batched,cuda,2048,10,1,2,0,3,toy4_gpu_core_neural_output_average_tensor_batched_2048_cuda_repeat02,6,neural_policy,output_average,build_step_context,1.4999066479504108e-05
toy4,neural_output_average,tensor_batched,tensor_batched,cuda,2048,10,1,2,0,3,toy4_gpu_core_neural_output_average_tensor_batched_2048_cuda_repeat02,6,neural_policy,output_average,build_observations,0.0011504159774631262
toy4,neural_output_average,tensor_batched,tensor_batched,cuda,2048,10,1,2,0,3,toy4_gpu_core_neural_output_average_tensor_batched_2048_cuda_repeat02,6,neural_policy,output_average,policy_readout,0.0008543530711904168
toy4,neural_output_average,tensor_batched,tensor_batched,cuda,2048,10,1,2,0,3,toy4_gpu_core_neural_output_average_tensor_batched_2048_cuda_repeat02,6,neural_policy,output_average,decision_selection,0.002078058081679046
toy4,neural_output_average,tensor_batched,tensor_batched,cuda,2048,10,1,2,0,3,toy4_gpu_core_neural_output_average_tensor_batched_2048_cuda_repeat02,6,neural_policy,output_average,local_trainable_parameters,0.00013131997548043728
toy4,neural_output_average,tensor_batched,tensor_batched,cuda,2048,10,1,2,0,3,toy4_gpu_core_neural_output_average_tensor_batched_2048_cuda_repeat02,6,neural_policy,output_average,local_loss_forward,0.0008247970836237073
toy4,neural_output_average,tensor_batched,tensor_batched,cuda,2048,10,1,2,0,3,toy4_gpu_core_neural_output_average_tensor_batched_2048_cuda_repeat02,6,neural_policy,output_average,local_autograd_grad,0.0009947599610313773
toy4,neural_output_average,tensor_batched,tensor_batched,cuda,2048,10,1,2,0,3,toy4_gpu_core_neural_output_average_tensor_batched_2048_cuda_repeat02,6,neural_policy,output_average,local_adam_update,0.0009604750666767359
toy4,neural_output_average,tensor_batched,tensor_batched,cuda,2048,10,1,2,0,3,toy4_gpu_core_neural_output_average_tensor_batched_2048_cuda_repeat02,6,neural_policy,output_average,local_optimizer_update,0.0021050700452178717
toy4,neural_output_average,tensor_batched,tensor_batched,cuda,2048,10,1,2,0,3,toy4_gpu_core_neural_output_average_tensor_batched_2048_cuda_repeat02,6,neural_policy,output_average,local_loss_update,0.0029629089403897524
toy4,neural_output_average,tensor_batched,tensor_batched,cuda,2048,10,1,2,0,3,toy4_gpu_core_neural_output_average_tensor_batched_2048_cuda_repeat02,6,neural_policy,output_average,local_training,0.0031505670631304383
toy4,neural_output_average,tensor_batched,tensor_batched,cuda,2048,10,1,2,0,3,toy4_gpu_core_neural_output_average_tensor_batched_2048_cuda_repeat02,6,neural_policy,output_average,cache_refresh,8.71601514518261e-06
toy4,neural_output_average,tensor_batched,tensor_batched,cuda,2048,10,1,2,0,3,toy4_gpu_core_neural_output_average_tensor_batched_2048_cuda_repeat02,6,neural_policy,output_average,post_local_readout,0.00021633098367601633
toy4,neural_output_average,tensor_batched,tensor_batched,cuda,2048,10,1,2,0,3,toy4_gpu_core_neural_output_average_tensor_batched_2048_cuda_repeat02,6,neural_policy,output_average,local_step,0.00852332403883338
toy4,neural_output_average,tensor_batched,tensor_batched,cuda,2048,10,1,2,0,3,toy4_gpu_core_neural_output_average_tensor_batched_2048_cuda_repeat02,6,neural_policy,output_average,select_peers,0.00015459395945072174
toy4,neural_output_average,tensor_batched,tensor_batched,cuda,2048,10,1,2,0,3,toy4_gpu_core_neural_output_average_tensor_batched_2048_cuda_repeat02,6,neural_policy,output_average,social_mix,0.0006917939754202962
toy4,neural_output_average,tensor_batched,tensor_batched,cuda,2048,10,1,2,0,3,toy4_gpu_core_neural_output_average_tensor_batched_2048_cuda_repeat02,6,neural_policy,output_average,social_loss_forward,0.00023941509425640106
toy4,neural_output_average,tensor_batched,tensor_batched,cuda,2048,10,1,2,0,3,toy4_gpu_core_neural_output_average_tensor_batched_2048_cuda_repeat02,6,neural_policy,output_average,social_autograd_grad,0.00044396298471838236
toy4,neural_output_average,tensor_batched,tensor_batched,cuda,2048,10,1,2,0,3,toy4_gpu_core_neural_output_average_tensor_batched_2048_cuda_repeat02,6,neural_policy,output_average,social_adam_update,0.0007249669870361686
toy4,neural_output_average,tensor_batched,tensor_batched,cuda,2048,10,1,2,0,3,toy4_gpu_core_neural_output_average_tensor_batched_2048_cuda_repeat02,6,neural_policy,output_average,social_optimizer_update,0.0016875360161066055
toy4,neural_output_average,tensor_batched,tensor_batched,cuda,2048,10,1,2,0,3,toy4_gpu_core_neural_output_average_tensor_batched_2048_cuda_repeat02,6,neural_policy,output_average,social_distillation,0.0031460170866921544
toy4,neural_output_average,tensor_batched,tensor_batched,cuda,2048,10,1,2,0,3,toy4_gpu_core_neural_output_average_tensor_batched_2048_cuda_repeat02,6,neural_policy,output_average,social_step,0.0031709749018773437
toy4,neural_output_average,tensor_batched,tensor_batched,cuda,2048,10,1,2,0,3,toy4_gpu_core_neural_output_average_tensor_batched_2048_cuda_repeat02,6,neural_policy,output_average,sample_actions,7.283990271389484e-06
toy4,neural_output_average,tensor_batched,tensor_batched,cuda,2048,10,1,2,0,3,toy4_gpu_core_neural_output_average_tensor_batched_2048_cuda_repeat02,6,neural_policy,output_average,commit_actions,9.026960469782352e-06
toy4,neural_output_average,tensor_batched,tensor_batched,cuda,2048,10,1,2,0,3,toy4_gpu_core_neural_output_average_tensor_batched_2048_cuda_repeat02,6,neural_policy,output_average,post_step_state_policy,3.9624981582164764e-05
toy4,neural_output_average,tensor_batched,tensor_batched,cuda,2048,10,1,2,0,3,toy4_gpu_core_neural_output_average_tensor_batched_2048_cuda_repeat02,6,neural_policy,output_average,update_payoff_ema,5.309097468852997e-05
toy4,neural_output_average,tensor_batched,tensor_batched,cuda,2048,10,1,2,0,3,toy4_gpu_core_neural_output_average_tensor_batched_2048_cuda_repeat02,6,neural_policy,output_average,update_reputation_ema,2.775306347757578e-05
toy4,neural_output_average,tensor_batched,tensor_batched,cuda,2048,10,1,2,0,3,toy4_gpu_core_neural_output_average_tensor_batched_2048_cuda_repeat02,6,neural_policy,output_average,mobility_swaps,2.9657036066055298e-05
toy4,neural_output_average,tensor_batched,tensor_batched,cuda,2048,10,1,2,0,3,toy4_gpu_core_neural_output_average_tensor_batched_2048_cuda_repeat02,6,neural_policy,output_average,finalize_hook_step,1.5810015611350536e-05
toy4,neural_output_average,tensor_batched,tensor_batched,cuda,2048,10,1,2,0,3,toy4_gpu_core_neural_output_average_tensor_batched_2048_cuda_repeat02,6,neural_policy,output_average,hooked_step_total,0.013108356040902436
toy4,neural_output_average,tensor_batched,tensor_batched,cuda,2048,10,1,2,0,3,toy4_gpu_core_neural_output_average_tensor_batched_2048_cuda_repeat02,6,neural_policy,output_average,aggregate_row,0.12807159998919815
toy4,neural_output_average,tensor_batched,tensor_batched,cuda,2048,10,1,2,0,3,toy4_gpu_core_neural_output_average_tensor_batched_2048_cuda_repeat02,6,neural_policy,output_average,write_aggregate,9.656301699578762e-05
toy4,neural_output_average,tensor_batched,tensor_batched,cuda,2048,10,1,2,0,3,toy4_gpu_core_neural_output_average_tensor_batched_2048_cuda_repeat02,7,neural_policy,output_average,sample_revision_mask,3.801204729825258e-05
toy4,neural_output_average,tensor_batched,tensor_batched,cuda,2048,10,1,2,0,3,toy4_gpu_core_neural_output_average_tensor_batched_2048_cuda_repeat02,7,neural_policy,output_average,build_step_context,1.3735960237681866e-05
toy4,neural_output_average,tensor_batched,tensor_batched,cuda,2048,10,1,2,0,3,toy4_gpu_core_neural_output_average_tensor_batched_2048_cuda_repeat02,7,neural_policy,output_average,build_observations,0.0017786499811336398
toy4,neural_output_average,tensor_batched,tensor_batched,cuda,2048,10,1,2,0,3,toy4_gpu_core_neural_output_average_tensor_batched_2048_cuda_repeat02,7,neural_policy,output_average,policy_readout,0.0008499049581587315
toy4,neural_output_average,tensor_batched,tensor_batched,cuda,2048,10,1,2,0,3,toy4_gpu_core_neural_output_average_tensor_batched_2048_cuda_repeat02,7,neural_policy,output_average,decision_selection,0.0018124140333384275
toy4,neural_output_average,tensor_batched,tensor_batched,cuda,2048,10,1,2,0,3,toy4_gpu_core_neural_output_average_tensor_batched_2048_cuda_repeat02,7,neural_policy,output_average,local_trainable_parameters,9.981903713196516e-05
toy4,neural_output_average,tensor_batched,tensor_batched,cuda,2048,10,1,2,0,3,toy4_gpu_core_neural_output_average_tensor_batched_2048_cuda_repeat02,7,neural_policy,output_average,local_loss_forward,0.000637682038359344
toy4,neural_output_average,tensor_batched,tensor_batched,cuda,2048,10,1,2,0,3,toy4_gpu_core_neural_output_average_tensor_batched_2048_cuda_repeat02,7,neural_policy,output_average,local_autograd_grad,0.0008528199978172779
toy4,neural_output_average,tensor_batched,tensor_batched,cuda,2048,10,1,2,0,3,toy4_gpu_core_neural_output_average_tensor_batched_2048_cuda_repeat02,7,neural_policy,output_average,local_adam_update,0.0008655950659886003
toy4,neural_output_average,tensor_batched,tensor_batched,cuda,2048,10,1,2,0,3,toy4_gpu_core_neural_output_average_tensor_batched_2048_cuda_repeat02,7,neural_policy,output_average,local_optimizer_update,0.0018258190248161554
toy4,neural_output_average,tensor_batched,tensor_batched,cuda,2048,10,1,2,0,3,toy4_gpu_core_neural_output_average_tensor_batched_2048_cuda_repeat02,7,neural_policy,output_average,local_loss_update,0.0024919549468904734
toy4,neural_output_average,tensor_batched,tensor_batched,cuda,2048,10,1,2,0,3,toy4_gpu_core_neural_output_average_tensor_batched_2048_cuda_repeat02,7,neural_policy,output_average,local_training,0.002641628962010145
toy4,neural_output_average,tensor_batched,tensor_batched,cuda,2048,10,1,2,0,3,toy4_gpu_core_neural_output_average_tensor_batched_2048_cuda_repeat02,7,neural_policy,output_average,cache_refresh,7.72508792579174e-06
toy4,neural_output_average,tensor_batched,tensor_batched,cuda,2048,10,1,2,0,3,toy4_gpu_core_neural_output_average_tensor_batched_2048_cuda_repeat02,7,neural_policy,output_average,post_local_readout,0.00019380799494683743
toy4,neural_output_average,tensor_batched,tensor_batched,cuda,2048,10,1,2,0,3,toy4_gpu_core_neural_output_average_tensor_batched_2048_cuda_repeat02,7,neural_policy,output_average,local_step,0.008197515970095992
toy4,neural_output_average,tensor_batched,tensor_batched,cuda,2048,10,1,2,0,3,toy4_gpu_core_neural_output_average_tensor_batched_2048_cuda_repeat02,7,neural_policy,output_average,select_peers,0.00012553902342915535
toy4,neural_output_average,tensor_batched,tensor_batched,cuda,2048,10,1,2,0,3,toy4_gpu_core_neural_output_average_tensor_batched_2048_cuda_repeat02,7,neural_policy,output_average,social_mix,0.0005273420829325914
toy4,neural_output_average,tensor_batched,tensor_batched,cuda,2048,10,1,2,0,3,toy4_gpu_core_neural_output_average_tensor_batched_2048_cuda_repeat02,7,neural_policy,output_average,social_loss_forward,0.00022223300766199827
toy4,neural_output_average,tensor_batched,tensor_batched,cuda,2048,10,1,2,0,3,toy4_gpu_core_neural_output_average_tensor_batched_2048_cuda_repeat02,7,neural_policy,output_average,social_autograd_grad,0.0003999699838459492
toy4,neural_output_average,tensor_batched,tensor_batched,cuda,2048,10,1,2,0,3,toy4_gpu_core_neural_output_average_tensor_batched_2048_cuda_repeat02,7,neural_policy,output_average,social_adam_update,0.0008175029652193189
toy4,neural_output_average,tensor_batched,tensor_batched,cuda,2048,10,1,2,0,3,toy4_gpu_core_neural_output_average_tensor_batched_2048_cuda_repeat02,7,neural_policy,output_average,social_optimizer_update,0.001721711945720017
toy4,neural_output_average,tensor_batched,tensor_batched,cuda,2048,10,1,2,0,3,toy4_gpu_core_neural_output_average_tensor_batched_2048_cuda_repeat02,7,neural_policy,output_average,social_distillation,0.0030331729212775826
toy4,neural_output_average,tensor_batched,tensor_batched,cuda,2048,10,1,2,0,3,toy4_gpu_core_neural_output_average_tensor_batched_2048_cuda_repeat02,7,neural_policy,output_average,social_step,0.003055805922485888
toy4,neural_output_average,tensor_batched,tensor_batched,cuda,2048,10,1,2,0,3,toy4_gpu_core_neural_output_average_tensor_batched_2048_cuda_repeat02,7,neural_policy,output_average,sample_actions,7.354072295129299e-06
toy4,neural_output_average,tensor_batched,tensor_batched,cuda,2048,10,1,2,0,3,toy4_gpu_core_neural_output_average_tensor_batched_2048_cuda_repeat02,7,neural_policy,output_average,commit_actions,8.736969903111458e-06
toy4,neural_output_average,tensor_batched,tensor_batched,cuda,2048,10,1,2,0,3,toy4_gpu_core_neural_output_average_tensor_batched_2048_cuda_repeat02,7,neural_policy,output_average,post_step_state_policy,4.4254004023969173e-05
toy4,neural_output_average,tensor_batched,tensor_batched,cuda,2048,10,1,2,0,3,toy4_gpu_core_neural_output_average_tensor_batched_2048_cuda_repeat02,7,neural_policy,output_average,update_payoff_ema,4.5276014134287834e-05
toy4,neural_output_average,tensor_batched,tensor_batched,cuda,2048,10,1,2,0,3,toy4_gpu_core_neural_output_average_tensor_batched_2048_cuda_repeat02,7,neural_policy,output_average,update_reputation_ema,2.8082984499633312e-05
toy4,neural_output_average,tensor_batched,tensor_batched,cuda,2048,10,1,2,0,3,toy4_gpu_core_neural_output_average_tensor_batched_2048_cuda_repeat02,7,neural_policy,output_average,mobility_swaps,2.5628949515521526e-05
toy4,neural_output_average,tensor_batched,tensor_batched,cuda,2048,10,1,2,0,3,toy4_gpu_core_neural_output_average_tensor_batched_2048_cuda_repeat02,7,neural_policy,output_average,finalize_hook_step,1.541909296065569e-05
toy4,neural_output_average,tensor_batched,tensor_batched,cuda,2048,10,1,2,0,3,toy4_gpu_core_neural_output_average_tensor_batched_2048_cuda_repeat02,7,neural_policy,output_average,hooked_step_total,0.012466095970012248
toy4,neural_output_average,tensor_batched,tensor_batched,cuda,2048,10,1,2,0,3,toy4_gpu_core_neural_output_average_tensor_batched_2048_cuda_repeat02,7,neural_policy,output_average,aggregate_row,0.154747226042673
toy4,neural_output_average,tensor_batched,tensor_batched,cuda,2048,10,1,2,0,3,toy4_gpu_core_neural_output_average_tensor_batched_2048_cuda_repeat02,7,neural_policy,output_average,write_aggregate,0.00010029098484665155
toy4,neural_output_average,tensor_batched,tensor_batched,cuda,2048,10,1,2,0,3,toy4_gpu_core_neural_output_average_tensor_batched_2048_cuda_repeat02,8,neural_policy,output_average,sample_revision_mask,4.6026892960071564e-05
toy4,neural_output_average,tensor_batched,tensor_batched,cuda,2048,10,1,2,0,3,toy4_gpu_core_neural_output_average_tensor_batched_2048_cuda_repeat02,8,neural_policy,output_average,build_step_context,1.285504549741745e-05
toy4,neural_output_average,tensor_batched,tensor_batched,cuda,2048,10,1,2,0,3,toy4_gpu_core_neural_output_average_tensor_batched_2048_cuda_repeat02,8,neural_policy,output_average,build_observations,0.0016853419365361333
toy4,neural_output_average,tensor_batched,tensor_batched,cuda,2048,10,1,2,0,3,toy4_gpu_core_neural_output_average_tensor_batched_2048_cuda_repeat02,8,neural_policy,output_average,policy_readout,0.0026390450075268745
toy4,neural_output_average,tensor_batched,tensor_batched,cuda,2048,10,1,2,0,3,toy4_gpu_core_neural_output_average_tensor_batched_2048_cuda_repeat02,8,neural_policy,output_average,decision_selection,0.0020952009363099933
toy4,neural_output_average,tensor_batched,tensor_batched,cuda,2048,10,1,2,0,3,toy4_gpu_core_neural_output_average_tensor_batched_2048_cuda_repeat02,8,neural_policy,output_average,local_trainable_parameters,0.0002920950064435601
toy4,neural_output_average,tensor_batched,tensor_batched,cuda,2048,10,1,2,0,3,toy4_gpu_core_neural_output_average_tensor_batched_2048_cuda_repeat02,8,neural_policy,output_average,local_loss_forward,0.001416591927409172
toy4,neural_output_average,tensor_batched,tensor_batched,cuda,2048,10,1,2,0,3,toy4_gpu_core_neural_output_average_tensor_batched_2048_cuda_repeat02,8,neural_policy,output_average,local_autograd_grad,0.002296122955158353
toy4,neural_output_average,tensor_batched,tensor_batched,cuda,2048,10,1,2,0,3,toy4_gpu_core_neural_output_average_tensor_batched_2048_cuda_repeat02,8,neural_policy,output_average,local_adam_update,0.001034535001963377
toy4,neural_output_average,tensor_batched,tensor_batched,cuda,2048,10,1,2,0,3,toy4_gpu_core_neural_output_average_tensor_batched_2048_cuda_repeat02,8,neural_policy,output_average,local_optimizer_update,0.003482305910438299
toy4,neural_output_average,tensor_batched,tensor_batched,cuda,2048,10,1,2,0,3,toy4_gpu_core_neural_output_average_tensor_batched_2048_cuda_repeat02,8,neural_policy,output_average,local_loss_update,0.004936459008604288
toy4,neural_output_average,tensor_batched,tensor_batched,cuda,2048,10,1,2,0,3,toy4_gpu_core_neural_output_average_tensor_batched_2048_cuda_repeat02,8,neural_policy,output_average,local_training,0.0053637109231203794
toy4,neural_output_average,tensor_batched,tensor_batched,cuda,2048,10,1,2,0,3,toy4_gpu_core_neural_output_average_tensor_batched_2048_cuda_repeat02,8,neural_policy,output_average,cache_refresh,1.1082040145993233e-05
toy4,neural_output_average,tensor_batched,tensor_batched,cuda,2048,10,1,2,0,3,toy4_gpu_core_neural_output_average_tensor_batched_2048_cuda_repeat02,8,neural_policy,output_average,post_local_readout,0.00022625003475695848
toy4,neural_output_average,tensor_batched,tensor_batched,cuda,2048,10,1,2,0,3,toy4_gpu_core_neural_output_average_tensor_batched_2048_cuda_repeat02,8,neural_policy,output_average,local_step,0.015144173987209797
toy4,neural_output_average,tensor_batched,tensor_batched,cuda,2048,10,1,2,0,3,toy4_gpu_core_neural_output_average_tensor_batched_2048_cuda_repeat02,8,neural_policy,output_average,select_peers,0.0001334439730271697
toy4,neural_output_average,tensor_batched,tensor_batched,cuda,2048,10,1,2,0,3,toy4_gpu_core_neural_output_average_tensor_batched_2048_cuda_repeat02,8,neural_policy,output_average,social_mix,0.0005857519572600722
toy4,neural_output_average,tensor_batched,tensor_batched,cuda,2048,10,1,2,0,3,toy4_gpu_core_neural_output_average_tensor_batched_2048_cuda_repeat02,8,neural_policy,output_average,social_loss_forward,0.00022959604393690825
toy4,neural_output_average,tensor_batched,tensor_batched,cuda,2048,10,1,2,0,3,toy4_gpu_core_neural_output_average_tensor_batched_2048_cuda_repeat02,8,neural_policy,output_average,social_autograd_grad,0.0004331941017881036
toy4,neural_output_average,tensor_batched,tensor_batched,cuda,2048,10,1,2,0,3,toy4_gpu_core_neural_output_average_tensor_batched_2048_cuda_repeat02,8,neural_policy,output_average,social_adam_update,0.0009525500936433673
toy4,neural_output_average,tensor_batched,tensor_batched,cuda,2048,10,1,2,0,3,toy4_gpu_core_neural_output_average_tensor_batched_2048_cuda_repeat02,8,neural_policy,output_average,social_optimizer_update,0.002051787916570902
toy4,neural_output_average,tensor_batched,tensor_batched,cuda,2048,10,1,2,0,3,toy4_gpu_core_neural_output_average_tensor_batched_2048_cuda_repeat02,8,neural_policy,output_average,social_distillation,0.0034720069961622357
toy4,neural_output_average,tensor_batched,tensor_batched,cuda,2048,10,1,2,0,3,toy4_gpu_core_neural_output_average_tensor_batched_2048_cuda_repeat02,8,neural_policy,output_average,social_step,0.0034977560862898827
toy4,neural_output_average,tensor_batched,tensor_batched,cuda,2048,10,1,2,0,3,toy4_gpu_core_neural_output_average_tensor_batched_2048_cuda_repeat02,8,neural_policy,output_average,sample_actions,8.195987902581692e-06
toy4,neural_output_average,tensor_batched,tensor_batched,cuda,2048,10,1,2,0,3,toy4_gpu_core_neural_output_average_tensor_batched_2048_cuda_repeat02,8,neural_policy,output_average,commit_actions,1.2394040822982788e-05
toy4,neural_output_average,tensor_batched,tensor_batched,cuda,2048,10,1,2,0,3,toy4_gpu_core_neural_output_average_tensor_batched_2048_cuda_repeat02,8,neural_policy,output_average,post_step_state_policy,3.889400977641344e-05
toy4,neural_output_average,tensor_batched,tensor_batched,cuda,2048,10,1,2,0,3,toy4_gpu_core_neural_output_average_tensor_batched_2048_cuda_repeat02,8,neural_policy,output_average,update_payoff_ema,5.409203004091978e-05
toy4,neural_output_average,tensor_batched,tensor_batched,cuda,2048,10,1,2,0,3,toy4_gpu_core_neural_output_average_tensor_batched_2048_cuda_repeat02,8,neural_policy,output_average,update_reputation_ema,2.6450958102941513e-05
toy4,neural_output_average,tensor_batched,tensor_batched,cuda,2048,10,1,2,0,3,toy4_gpu_core_neural_output_average_tensor_batched_2048_cuda_repeat02,8,neural_policy,output_average,mobility_swaps,2.962700091302395e-05
toy4,neural_output_average,tensor_batched,tensor_batched,cuda,2048,10,1,2,0,3,toy4_gpu_core_neural_output_average_tensor_batched_2048_cuda_repeat02,8,neural_policy,output_average,finalize_hook_step,1.958699431270361e-05
toy4,neural_output_average,tensor_batched,tensor_batched,cuda,2048,10,1,2,0,3,toy4_gpu_core_neural_output_average_tensor_batched_2048_cuda_repeat02,8,neural_policy,output_average,hooked_step_total,0.019953001057729125
toy4,neural_output_average,tensor_batched,tensor_batched,cuda,2048,10,1,2,0,3,toy4_gpu_core_neural_output_average_tensor_batched_2048_cuda_repeat02,8,neural_policy,output_average,aggregate_row,0.3206581820268184
toy4,neural_output_average,tensor_batched,tensor_batched,cuda,2048,10,1,2,0,3,toy4_gpu_core_neural_output_average_tensor_batched_2048_cuda_repeat02,8,neural_policy,output_average,write_aggregate,7.303908932954073e-05
toy4,neural_output_average,tensor_batched,tensor_batched,cuda,2048,10,1,2,0,3,toy4_gpu_core_neural_output_average_tensor_batched_2048_cuda_repeat02,9,neural_policy,output_average,sample_revision_mask,2.914492506533861e-05
toy4,neural_output_average,tensor_batched,tensor_batched,cuda,2048,10,1,2,0,3,toy4_gpu_core_neural_output_average_tensor_batched_2048_cuda_repeat02,9,neural_policy,output_average,build_step_context,1.242395956069231e-05
toy4,neural_output_average,tensor_batched,tensor_batched,cuda,2048,10,1,2,0,3,toy4_gpu_core_neural_output_average_tensor_batched_2048_cuda_repeat02,9,neural_policy,output_average,build_observations,0.00083555793389678
toy4,neural_output_average,tensor_batched,tensor_batched,cuda,2048,10,1,2,0,3,toy4_gpu_core_neural_output_average_tensor_batched_2048_cuda_repeat02,9,neural_policy,output_average,policy_readout,0.0006340749096125364
toy4,neural_output_average,tensor_batched,tensor_batched,cuda,2048,10,1,2,0,3,toy4_gpu_core_neural_output_average_tensor_batched_2048_cuda_repeat02,9,neural_policy,output_average,decision_selection,0.0018051000079140067
toy4,neural_output_average,tensor_batched,tensor_batched,cuda,2048,10,1,2,0,3,toy4_gpu_core_neural_output_average_tensor_batched_2048_cuda_repeat02,9,neural_policy,output_average,local_trainable_parameters,0.0001473809825256467
toy4,neural_output_average,tensor_batched,tensor_batched,cuda,2048,10,1,2,0,3,toy4_gpu_core_neural_output_average_tensor_batched_2048_cuda_repeat02,9,neural_policy,output_average,local_loss_forward,0.0006172530120238662
toy4,neural_output_average,tensor_batched,tensor_batched,cuda,2048,10,1,2,0,3,toy4_gpu_core_neural_output_average_tensor_batched_2048_cuda_repeat02,9,neural_policy,output_average,local_autograd_grad,0.0008839400252327323
toy4,neural_output_average,tensor_batched,tensor_batched,cuda,2048,10,1,2,0,3,toy4_gpu_core_neural_output_average_tensor_batched_2048_cuda_repeat02,9,neural_policy,output_average,local_adam_update,0.0012171320850029588
toy4,neural_output_average,tensor_batched,tensor_batched,cuda,2048,10,1,2,0,3,toy4_gpu_core_neural_output_average_tensor_batched_2048_cuda_repeat02,9,neural_policy,output_average,local_optimizer_update,0.0022412579273805022
toy4,neural_output_average,tensor_batched,tensor_batched,cuda,2048,10,1,2,0,3,toy4_gpu_core_neural_output_average_tensor_batched_2048_cuda_repeat02,9,neural_policy,output_average,local_loss_update,0.002893508062697947
toy4,neural_output_average,tensor_batched,tensor_batched,cuda,2048,10,1,2,0,3,toy4_gpu_core_neural_output_average_tensor_batched_2048_cuda_repeat02,9,neural_policy,output_average,local_training,0.003103987080976367
toy4,neural_output_average,tensor_batched,tensor_batched,cuda,2048,10,1,2,0,3,toy4_gpu_core_neural_output_average_tensor_batched_2048_cuda_repeat02,9,neural_policy,output_average,cache_refresh,8.264905773103237e-06
toy4,neural_output_average,tensor_batched,tensor_batched,cuda,2048,10,1,2,0,3,toy4_gpu_core_neural_output_average_tensor_batched_2048_cuda_repeat02,9,neural_policy,output_average,post_local_readout,0.00018227705731987953
toy4,neural_output_average,tensor_batched,tensor_batched,cuda,2048,10,1,2,0,3,toy4_gpu_core_neural_output_average_tensor_batched_2048_cuda_repeat02,9,neural_policy,output_average,local_step,0.008755205082707107
toy4,neural_output_average,tensor_batched,tensor_batched,cuda,2048,10,1,2,0,3,toy4_gpu_core_neural_output_average_tensor_batched_2048_cuda_repeat02,9,neural_policy,output_average,select_peers,0.00015102699398994446
toy4,neural_output_average,tensor_batched,tensor_batched,cuda,2048,10,1,2,0,3,toy4_gpu_core_neural_output_average_tensor_batched_2048_cuda_repeat02,9,neural_policy,output_average,social_mix,0.0005497439997270703
toy4,neural_output_average,tensor_batched,tensor_batched,cuda,2048,10,1,2,0,3,toy4_gpu_core_neural_output_average_tensor_batched_2048_cuda_repeat02,9,neural_policy,output_average,social_loss_forward,0.00022714096121490002
toy4,neural_output_average,tensor_batched,tensor_batched,cuda,2048,10,1,2,0,3,toy4_gpu_core_neural_output_average_tensor_batched_2048_cuda_repeat02,9,neural_policy,output_average,social_autograd_grad,0.0004007519455626607
toy4,neural_output_average,tensor_batched,tensor_batched,cuda,2048,10,1,2,0,3,toy4_gpu_core_neural_output_average_tensor_batched_2048_cuda_repeat02,9,neural_policy,output_average,social_adam_update,0.000675383023917675
toy4,neural_output_average,tensor_batched,tensor_batched,cuda,2048,10,1,2,0,3,toy4_gpu_core_neural_output_average_tensor_batched_2048_cuda_repeat02,9,neural_policy,output_average,social_optimizer_update,0.001573299989104271
toy4,neural_output_average,tensor_batched,tensor_batched,cuda,2048,10,1,2,0,3,toy4_gpu_core_neural_output_average_tensor_batched_2048_cuda_repeat02,9,neural_policy,output_average,social_distillation,0.002822602982632816
toy4,neural_output_average,tensor_batched,tensor_batched,cuda,2048,10,1,2,0,3,toy4_gpu_core_neural_output_average_tensor_batched_2048_cuda_repeat02,9,neural_policy,output_average,social_step,0.0028476400766521692
toy4,neural_output_average,tensor_batched,tensor_batched,cuda,2048,10,1,2,0,3,toy4_gpu_core_neural_output_average_tensor_batched_2048_cuda_repeat02,9,neural_policy,output_average,sample_actions,6.603077054023743e-06
toy4,neural_output_average,tensor_batched,tensor_batched,cuda,2048,10,1,2,0,3,toy4_gpu_core_neural_output_average_tensor_batched_2048_cuda_repeat02,9,neural_policy,output_average,commit_actions,8.015078492462635e-06
toy4,neural_output_average,tensor_batched,tensor_batched,cuda,2048,10,1,2,0,3,toy4_gpu_core_neural_output_average_tensor_batched_2048_cuda_repeat02,9,neural_policy,output_average,post_step_state_policy,2.7101021260023117e-05
toy4,neural_output_average,tensor_batched,tensor_batched,cuda,2048,10,1,2,0,3,toy4_gpu_core_neural_output_average_tensor_batched_2048_cuda_repeat02,9,neural_policy,output_average,update_payoff_ema,2.737203612923622e-05
toy4,neural_output_average,tensor_batched,tensor_batched,cuda,2048,10,1,2,0,3,toy4_gpu_core_neural_output_average_tensor_batched_2048_cuda_repeat02,9,neural_policy,output_average,update_reputation_ema,2.3012980818748474e-05
toy4,neural_output_average,tensor_batched,tensor_batched,cuda,2048,10,1,2,0,3,toy4_gpu_core_neural_output_average_tensor_batched_2048_cuda_repeat02,9,neural_policy,output_average,mobility_swaps,2.1931948140263557e-05
toy4,neural_output_average,tensor_batched,tensor_batched,cuda,2048,10,1,2,0,3,toy4_gpu_core_neural_output_average_tensor_batched_2048_cuda_repeat02,9,neural_policy,output_average,finalize_hook_step,1.5238998457789421e-05
toy4,neural_output_average,tensor_batched,tensor_batched,cuda,2048,10,1,2,0,3,toy4_gpu_core_neural_output_average_tensor_batched_2048_cuda_repeat02,9,neural_policy,output_average,hooked_step_total,0.012772558024153113
toy4,neural_output_average,tensor_batched,tensor_batched,cuda,2048,10,1,2,0,3,toy4_gpu_core_neural_output_average_tensor_batched_2048_cuda_repeat02,9,neural_policy,output_average,aggregate_row,0.14487414702307433
toy4,neural_output_average,tensor_batched,tensor_batched,cuda,2048,10,1,2,0,3,toy4_gpu_core_neural_output_average_tensor_batched_2048_cuda_repeat02,9,neural_policy,output_average,write_aggregate,7.938093040138483e-05
toy4,neural_output_average,tensor_batched,tensor_batched,cuda,2048,10,1,2,0,3,toy4_gpu_core_neural_output_average_tensor_batched_2048_cuda_repeat02,10,neural_policy,output_average,sample_revision_mask,3.775197546929121e-05
toy4,neural_output_average,tensor_batched,tensor_batched,cuda,2048,10,1,2,0,3,toy4_gpu_core_neural_output_average_tensor_batched_2048_cuda_repeat02,10,neural_policy,output_average,build_step_context,1.3344921171665192e-05
toy4,neural_output_average,tensor_batched,tensor_batched,cuda,2048,10,1,2,0,3,toy4_gpu_core_neural_output_average_tensor_batched_2048_cuda_repeat02,10,neural_policy,output_average,build_observations,0.0010217720409855247
toy4,neural_output_average,tensor_batched,tensor_batched,cuda,2048,10,1,2,0,3,toy4_gpu_core_neural_output_average_tensor_batched_2048_cuda_repeat02,10,neural_policy,output_average,policy_readout,0.0008174239192157984
toy4,neural_output_average,tensor_batched,tensor_batched,cuda,2048,10,1,2,0,3,toy4_gpu_core_neural_output_average_tensor_batched_2048_cuda_repeat02,10,neural_policy,output_average,decision_selection,0.0017695630667731166
toy4,neural_output_average,tensor_batched,tensor_batched,cuda,2048,10,1,2,0,3,toy4_gpu_core_neural_output_average_tensor_batched_2048_cuda_repeat02,10,neural_policy,output_average,local_trainable_parameters,0.00010181404650211334
toy4,neural_output_average,tensor_batched,tensor_batched,cuda,2048,10,1,2,0,3,toy4_gpu_core_neural_output_average_tensor_batched_2048_cuda_repeat02,10,neural_policy,output_average,local_loss_forward,0.0006643619854003191
toy4,neural_output_average,tensor_batched,tensor_batched,cuda,2048,10,1,2,0,3,toy4_gpu_core_neural_output_average_tensor_batched_2048_cuda_repeat02,10,neural_policy,output_average,local_autograd_grad,0.000853913021273911
toy4,neural_output_average,tensor_batched,tensor_batched,cuda,2048,10,1,2,0,3,toy4_gpu_core_neural_output_average_tensor_batched_2048_cuda_repeat02,10,neural_policy,output_average,local_adam_update,0.0008521389681845903
toy4,neural_output_average,tensor_batched,tensor_batched,cuda,2048,10,1,2,0,3,toy4_gpu_core_neural_output_average_tensor_batched_2048_cuda_repeat02,10,neural_policy,output_average,local_optimizer_update,0.0018290251027792692
toy4,neural_output_average,tensor_batched,tensor_batched,cuda,2048,10,1,2,0,3,toy4_gpu_core_neural_output_average_tensor_batched_2048_cuda_repeat02,10,neural_policy,output_average,local_loss_update,0.0025234550703316927
toy4,neural_output_average,tensor_batched,tensor_batched,cuda,2048,10,1,2,0,3,toy4_gpu_core_neural_output_average_tensor_batched_2048_cuda_repeat02,10,neural_policy,output_average,local_training,0.0026765760267153382
toy4,neural_output_average,tensor_batched,tensor_batched,cuda,2048,10,1,2,0,3,toy4_gpu_core_neural_output_average_tensor_batched_2048_cuda_repeat02,10,neural_policy,output_average,cache_refresh,8.215080015361309e-06
toy4,neural_output_average,tensor_batched,tensor_batched,cuda,2048,10,1,2,0,3,toy4_gpu_core_neural_output_average_tensor_batched_2048_cuda_repeat02,10,neural_policy,output_average,post_local_readout,0.00020599097479134798
toy4,neural_output_average,tensor_batched,tensor_batched,cuda,2048,10,1,2,0,3,toy4_gpu_core_neural_output_average_tensor_batched_2048_cuda_repeat02,10,neural_policy,output_average,local_step,0.007499389001168311
toy4,neural_output_average,tensor_batched,tensor_batched,cuda,2048,10,1,2,0,3,toy4_gpu_core_neural_output_average_tensor_batched_2048_cuda_repeat02,10,neural_policy,output_average,select_peers,0.00013871409464627504
toy4,neural_output_average,tensor_batched,tensor_batched,cuda,2048,10,1,2,0,3,toy4_gpu_core_neural_output_average_tensor_batched_2048_cuda_repeat02,10,neural_policy,output_average,social_mix,0.0005781890358775854
toy4,neural_output_average,tensor_batched,tensor_batched,cuda,2048,10,1,2,0,3,toy4_gpu_core_neural_output_average_tensor_batched_2048_cuda_repeat02,10,neural_policy,output_average,social_loss_forward,0.00022123008966445923
toy4,neural_output_average,tensor_batched,tensor_batched,cuda,2048,10,1,2,0,3,toy4_gpu_core_neural_output_average_tensor_batched_2048_cuda_repeat02,10,neural_policy,output_average,social_autograd_grad,0.00044687907211482525
toy4,neural_output_average,tensor_batched,tensor_batched,cuda,2048,10,1,2,0,3,toy4_gpu_core_neural_output_average_tensor_batched_2048_cuda_repeat02,10,neural_policy,output_average,social_adam_update,0.0008442739490419626
toy4,neural_output_average,tensor_batched,tensor_batched,cuda,2048,10,1,2,0,3,toy4_gpu_core_neural_output_average_tensor_batched_2048_cuda_repeat02,10,neural_policy,output_average,social_optimizer_update,0.0018121730536222458
toy4,neural_output_average,tensor_batched,tensor_batched,cuda,2048,10,1,2,0,3,toy4_gpu_core_neural_output_average_tensor_batched_2048_cuda_repeat02,10,neural_policy,output_average,social_distillation,0.003141970024444163
toy4,neural_output_average,tensor_batched,tensor_batched,cuda,2048,10,1,2,0,3,toy4_gpu_core_neural_output_average_tensor_batched_2048_cuda_repeat02,10,neural_policy,output_average,social_step,0.0031644930131733418
toy4,neural_output_average,tensor_batched,tensor_batched,cuda,2048,10,1,2,0,3,toy4_gpu_core_neural_output_average_tensor_batched_2048_cuda_repeat02,10,neural_policy,output_average,sample_actions,6.91309105604887e-06
toy4,neural_output_average,tensor_batched,tensor_batched,cuda,2048,10,1,2,0,3,toy4_gpu_core_neural_output_average_tensor_batched_2048_cuda_repeat02,10,neural_policy,output_average,commit_actions,9.949086233973503e-06
toy4,neural_output_average,tensor_batched,tensor_batched,cuda,2048,10,1,2,0,3,toy4_gpu_core_neural_output_average_tensor_batched_2048_cuda_repeat02,10,neural_policy,output_average,post_step_state_policy,5.8631994761526585e-05
toy4,neural_output_average,tensor_batched,tensor_batched,cuda,2048,10,1,2,0,3,toy4_gpu_core_neural_output_average_tensor_batched_2048_cuda_repeat02,10,neural_policy,output_average,update_payoff_ema,5.944306030869484e-05
toy4,neural_output_average,tensor_batched,tensor_batched,cuda,2048,10,1,2,0,3,toy4_gpu_core_neural_output_average_tensor_batched_2048_cuda_repeat02,10,neural_policy,output_average,update_reputation_ema,7.428100798279047e-05
toy4,neural_output_average,tensor_batched,tensor_batched,cuda,2048,10,1,2,0,3,toy4_gpu_core_neural_output_average_tensor_batched_2048_cuda_repeat02,10,neural_policy,output_average,mobility_swaps,9.362807031720877e-05
toy4,neural_output_average,tensor_batched,tensor_batched,cuda,2048,10,1,2,0,3,toy4_gpu_core_neural_output_average_tensor_batched_2048_cuda_repeat02,10,neural_policy,output_average,finalize_hook_step,3.56379896402359e-05
toy4,neural_output_average,tensor_batched,tensor_batched,cuda,2048,10,1,2,0,3,toy4_gpu_core_neural_output_average_tensor_batched_2048_cuda_repeat02,10,neural_policy,output_average,hooked_step_total,0.012666597031056881
toy4,neural_output_average,tensor_batched,tensor_batched,cuda,2048,10,1,2,0,3,toy4_gpu_core_neural_output_average_tensor_batched_2048_cuda_repeat02,10,neural_policy,output_average,aggregate_row,0.11318741994909942
toy4,neural_output_average,tensor_batched,tensor_batched,cuda,2048,10,1,2,0,3,toy4_gpu_core_neural_output_average_tensor_batched_2048_cuda_repeat02,10,neural_policy,output_average,write_aggregate,0.0001402759226039052
