toy,scenario,training_backend,resolved_training_backend,device,agent_count,epochs,seed,repeat_index,warmup_runs,repeats,run_id,epoch,policy_rule,coordination_mixer,stage,seconds
toy4,neural_output_average,batched,batched,cpu,1024,3,9,0,1,2,toy4_gpu_core_neural_output_average_batched_1024_cpu_repeat00,0,neural_policy,output_average,make_run_dir,0.00019879499450325966
toy4,neural_output_average,batched,batched,cpu,1024,3,9,0,1,2,toy4_gpu_core_neural_output_average_batched_1024_cpu_repeat00,0,neural_policy,output_average,write_metadata,0.0022268310422077775
toy4,neural_output_average,batched,batched,cpu,1024,3,9,0,1,2,toy4_gpu_core_neural_output_average_batched_1024_cpu_repeat00,0,neural_policy,output_average,initial_state,0.4970107189146802
toy4,neural_output_average,batched,batched,cpu,1024,3,9,0,1,2,toy4_gpu_core_neural_output_average_batched_1024_cpu_repeat00,0,neural_policy,output_average,writer_setup,0.00039855996146798134
toy4,neural_output_average,batched,batched,cpu,1024,3,9,0,1,2,toy4_gpu_core_neural_output_average_batched_1024_cpu_repeat00,0,neural_policy,output_average,initial_step_result,0.009805694106034935
toy4,neural_output_average,batched,batched,cpu,1024,3,9,0,1,2,toy4_gpu_core_neural_output_average_batched_1024_cpu_repeat00,0,neural_policy,output_average,initial_aggregate_row,0.02677757409401238
toy4,neural_output_average,batched,batched,cpu,1024,3,9,0,1,2,toy4_gpu_core_neural_output_average_batched_1024_cpu_repeat00,0,neural_policy,output_average,write_initial_aggregate,7.792690303176641e-05
toy4,neural_output_average,batched,batched,cpu,1024,3,9,0,1,2,toy4_gpu_core_neural_output_average_batched_1024_cpu_repeat00,1,neural_policy,output_average,sample_revision_mask,3.172003198415041e-05
toy4,neural_output_average,batched,batched,cpu,1024,3,9,0,1,2,toy4_gpu_core_neural_output_average_batched_1024_cpu_repeat00,1,neural_policy,output_average,build_step_context,1.0560033842921257e-05
toy4,neural_output_average,batched,batched,cpu,1024,3,9,0,1,2,toy4_gpu_core_neural_output_average_batched_1024_cpu_repeat00,1,neural_policy,output_average,build_observations,0.007845866028219461
toy4,neural_output_average,batched,batched,cpu,1024,3,9,0,1,2,toy4_gpu_core_neural_output_average_batched_1024_cpu_repeat00,1,neural_policy,output_average,policy_readout,0.0008716600714251399
toy4,neural_output_average,batched,batched,cpu,1024,3,9,0,1,2,toy4_gpu_core_neural_output_average_batched_1024_cpu_repeat00,1,neural_policy,output_average,decision_selection,0.006585563998669386
toy4,neural_output_average,batched,batched,cpu,1024,3,9,0,1,2,toy4_gpu_core_neural_output_average_batched_1024_cpu_repeat00,1,neural_policy,output_average,local_trainable_parameters,0.0005136970430612564
toy4,neural_output_average,batched,batched,cpu,1024,3,9,0,1,2,toy4_gpu_core_neural_output_average_batched_1024_cpu_repeat00,1,neural_policy,output_average,local_loss_forward,0.0019230389734730124
toy4,neural_output_average,batched,batched,cpu,1024,3,9,0,1,2,toy4_gpu_core_neural_output_average_batched_1024_cpu_repeat00,1,neural_policy,output_average,local_optimizer_update,0.022729355026967824
toy4,neural_output_average,batched,batched,cpu,1024,3,9,0,1,2,toy4_gpu_core_neural_output_average_batched_1024_cpu_repeat00,1,neural_policy,output_average,local_loss_update,0.08208717603702098
toy4,neural_output_average,batched,batched,cpu,1024,3,9,0,1,2,toy4_gpu_core_neural_output_average_batched_1024_cpu_repeat00,1,neural_policy,output_average,local_training,0.08263372397050261
toy4,neural_output_average,batched,batched,cpu,1024,3,9,0,1,2,toy4_gpu_core_neural_output_average_batched_1024_cpu_repeat00,1,neural_policy,output_average,cache_refresh,9.718001820147038e-06
toy4,neural_output_average,batched,batched,cpu,1024,3,9,0,1,2,toy4_gpu_core_neural_output_average_batched_1024_cpu_repeat00,1,neural_policy,output_average,post_local_readout,0.0004922760417684913
toy4,neural_output_average,batched,batched,cpu,1024,3,9,0,1,2,toy4_gpu_core_neural_output_average_batched_1024_cpu_repeat00,1,neural_policy,output_average,local_step,0.09892893105279654
toy4,neural_output_average,batched,batched,cpu,1024,3,9,0,1,2,toy4_gpu_core_neural_output_average_batched_1024_cpu_repeat00,1,neural_policy,output_average,select_peers,8.424895349889994e-05
toy4,neural_output_average,batched,batched,cpu,1024,3,9,0,1,2,toy4_gpu_core_neural_output_average_batched_1024_cpu_repeat00,1,neural_policy,output_average,social_trainable_parameters,0.00032271689269691706
toy4,neural_output_average,batched,batched,cpu,1024,3,9,0,1,2,toy4_gpu_core_neural_output_average_batched_1024_cpu_repeat00,1,neural_policy,output_average,social_mix,0.0006020129658281803
toy4,neural_output_average,batched,batched,cpu,1024,3,9,0,1,2,toy4_gpu_core_neural_output_average_batched_1024_cpu_repeat00,1,neural_policy,output_average,social_loss_forward,0.00042613199912011623
toy4,neural_output_average,batched,batched,cpu,1024,3,9,0,1,2,toy4_gpu_core_neural_output_average_batched_1024_cpu_repeat00,1,neural_policy,output_average,social_optimizer_update,0.04443836200516671
toy4,neural_output_average,batched,batched,cpu,1024,3,9,0,1,2,toy4_gpu_core_neural_output_average_batched_1024_cpu_repeat00,1,neural_policy,output_average,social_loss_update,0.045564921922050416
toy4,neural_output_average,batched,batched,cpu,1024,3,9,0,1,2,toy4_gpu_core_neural_output_average_batched_1024_cpu_repeat00,1,neural_policy,output_average,social_distillation,0.04647003498394042
toy4,neural_output_average,batched,batched,cpu,1024,3,9,0,1,2,toy4_gpu_core_neural_output_average_batched_1024_cpu_repeat00,1,neural_policy,output_average,social_step,0.046487479005008936
toy4,neural_output_average,batched,batched,cpu,1024,3,9,0,1,2,toy4_gpu_core_neural_output_average_batched_1024_cpu_repeat00,1,neural_policy,output_average,sample_actions,1.05204526335001e-06
toy4,neural_output_average,batched,batched,cpu,1024,3,9,0,1,2,toy4_gpu_core_neural_output_average_batched_1024_cpu_repeat00,1,neural_policy,output_average,commit_actions,7.453956641256809e-06
toy4,neural_output_average,batched,batched,cpu,1024,3,9,0,1,2,toy4_gpu_core_neural_output_average_batched_1024_cpu_repeat00,1,neural_policy,output_average,post_step_state_policy,2.259190659970045e-05
toy4,neural_output_average,batched,batched,cpu,1024,3,9,0,1,2,toy4_gpu_core_neural_output_average_batched_1024_cpu_repeat00,1,neural_policy,output_average,update_payoff_ema,3.285100683569908e-05
toy4,neural_output_average,batched,batched,cpu,1024,3,9,0,1,2,toy4_gpu_core_neural_output_average_batched_1024_cpu_repeat00,1,neural_policy,output_average,update_reputation_ema,2.1359999664127827e-05
toy4,neural_output_average,batched,batched,cpu,1024,3,9,0,1,2,toy4_gpu_core_neural_output_average_batched_1024_cpu_repeat00,1,neural_policy,output_average,mobility_swaps,1.8113991245627403e-05
toy4,neural_output_average,batched,batched,cpu,1024,3,9,0,1,2,toy4_gpu_core_neural_output_average_batched_1024_cpu_repeat00,1,neural_policy,output_average,finalize_hook_step,8.846982382237911e-06
toy4,neural_output_average,batched,batched,cpu,1024,3,9,0,1,2,toy4_gpu_core_neural_output_average_batched_1024_cpu_repeat00,1,neural_policy,output_average,hooked_step_total,0.14679740800056607
toy4,neural_output_average,batched,batched,cpu,1024,3,9,0,1,2,toy4_gpu_core_neural_output_average_batched_1024_cpu_repeat00,1,neural_policy,output_average,aggregate_row,0.03375016700010747
toy4,neural_output_average,batched,batched,cpu,1024,3,9,0,1,2,toy4_gpu_core_neural_output_average_batched_1024_cpu_repeat00,1,neural_policy,output_average,write_aggregate,0.00020469503942877054
toy4,neural_output_average,batched,batched,cpu,1024,3,9,0,1,2,toy4_gpu_core_neural_output_average_batched_1024_cpu_repeat00,2,neural_policy,output_average,sample_revision_mask,6.386998575180769e-05
toy4,neural_output_average,batched,batched,cpu,1024,3,9,0,1,2,toy4_gpu_core_neural_output_average_batched_1024_cpu_repeat00,2,neural_policy,output_average,build_step_context,1.8755090422928333e-05
toy4,neural_output_average,batched,batched,cpu,1024,3,9,0,1,2,toy4_gpu_core_neural_output_average_batched_1024_cpu_repeat00,2,neural_policy,output_average,build_observations,0.00847353704739362
toy4,neural_output_average,batched,batched,cpu,1024,3,9,0,1,2,toy4_gpu_core_neural_output_average_batched_1024_cpu_repeat00,2,neural_policy,output_average,policy_readout,0.000989072024822235
toy4,neural_output_average,batched,batched,cpu,1024,3,9,0,1,2,toy4_gpu_core_neural_output_average_batched_1024_cpu_repeat00,2,neural_policy,output_average,decision_selection,0.005027862964197993
toy4,neural_output_average,batched,batched,cpu,1024,3,9,0,1,2,toy4_gpu_core_neural_output_average_batched_1024_cpu_repeat00,2,neural_policy,output_average,local_trainable_parameters,0.00031096499878913164
toy4,neural_output_average,batched,batched,cpu,1024,3,9,0,1,2,toy4_gpu_core_neural_output_average_batched_1024_cpu_repeat00,2,neural_policy,output_average,local_loss_forward,0.0006335829384624958
toy4,neural_output_average,batched,batched,cpu,1024,3,9,0,1,2,toy4_gpu_core_neural_output_average_batched_1024_cpu_repeat00,2,neural_policy,output_average,local_optimizer_update,0.018005204969085753
toy4,neural_output_average,batched,batched,cpu,1024,3,9,0,1,2,toy4_gpu_core_neural_output_average_batched_1024_cpu_repeat00,2,neural_policy,output_average,local_loss_update,0.018767258967272937
toy4,neural_output_average,batched,batched,cpu,1024,3,9,0,1,2,toy4_gpu_core_neural_output_average_batched_1024_cpu_repeat00,2,neural_policy,output_average,local_training,0.019102080026641488
toy4,neural_output_average,batched,batched,cpu,1024,3,9,0,1,2,toy4_gpu_core_neural_output_average_batched_1024_cpu_repeat00,2,neural_policy,output_average,cache_refresh,4.547997377812862e-06
toy4,neural_output_average,batched,batched,cpu,1024,3,9,0,1,2,toy4_gpu_core_neural_output_average_batched_1024_cpu_repeat00,2,neural_policy,output_average,post_local_readout,0.0002833330072462559
toy4,neural_output_average,batched,batched,cpu,1024,3,9,0,1,2,toy4_gpu_core_neural_output_average_batched_1024_cpu_repeat00,2,neural_policy,output_average,local_step,0.03430997102987021
toy4,neural_output_average,batched,batched,cpu,1024,3,9,0,1,2,toy4_gpu_core_neural_output_average_batched_1024_cpu_repeat00,2,neural_policy,output_average,select_peers,5.412206519395113e-05
toy4,neural_output_average,batched,batched,cpu,1024,3,9,0,1,2,toy4_gpu_core_neural_output_average_batched_1024_cpu_repeat00,2,neural_policy,output_average,social_trainable_parameters,0.00021646800450980663
toy4,neural_output_average,batched,batched,cpu,1024,3,9,0,1,2,toy4_gpu_core_neural_output_average_batched_1024_cpu_repeat00,2,neural_policy,output_average,social_mix,0.0003463010070845485
toy4,neural_output_average,batched,batched,cpu,1024,3,9,0,1,2,toy4_gpu_core_neural_output_average_batched_1024_cpu_repeat00,2,neural_policy,output_average,social_loss_forward,0.000262303976342082
toy4,neural_output_average,batched,batched,cpu,1024,3,9,0,1,2,toy4_gpu_core_neural_output_average_batched_1024_cpu_repeat00,2,neural_policy,output_average,social_optimizer_update,0.050366268027573824
toy4,neural_output_average,batched,batched,cpu,1024,3,9,0,1,2,toy4_gpu_core_neural_output_average_batched_1024_cpu_repeat00,2,neural_policy,output_average,social_loss_update,0.05107656598556787
toy4,neural_output_average,batched,batched,cpu,1024,3,9,0,1,2,toy4_gpu_core_neural_output_average_batched_1024_cpu_repeat00,2,neural_policy,output_average,social_distillation,0.051942004007287323
toy4,neural_output_average,batched,batched,cpu,1024,3,9,0,1,2,toy4_gpu_core_neural_output_average_batched_1024_cpu_repeat00,2,neural_policy,output_average,social_step,0.0519553889753297
toy4,neural_output_average,batched,batched,cpu,1024,3,9,0,1,2,toy4_gpu_core_neural_output_average_batched_1024_cpu_repeat00,2,neural_policy,output_average,sample_actions,1.0320218279957771e-06
toy4,neural_output_average,batched,batched,cpu,1024,3,9,0,1,2,toy4_gpu_core_neural_output_average_batched_1024_cpu_repeat00,2,neural_policy,output_average,commit_actions,4.588044248521328e-06
toy4,neural_output_average,batched,batched,cpu,1024,3,9,0,1,2,toy4_gpu_core_neural_output_average_batched_1024_cpu_repeat00,2,neural_policy,output_average,post_step_state_policy,4.363199695944786e-05
toy4,neural_output_average,batched,batched,cpu,1024,3,9,0,1,2,toy4_gpu_core_neural_output_average_batched_1024_cpu_repeat00,2,neural_policy,output_average,update_payoff_ema,2.981605939567089e-05
toy4,neural_output_average,batched,batched,cpu,1024,3,9,0,1,2,toy4_gpu_core_neural_output_average_batched_1024_cpu_repeat00,2,neural_policy,output_average,update_reputation_ema,1.5890109352767467e-05
toy4,neural_output_average,batched,batched,cpu,1024,3,9,0,1,2,toy4_gpu_core_neural_output_average_batched_1024_cpu_repeat00,2,neural_policy,output_average,mobility_swaps,2.1600979380309582e-05
toy4,neural_output_average,batched,batched,cpu,1024,3,9,0,1,2,toy4_gpu_core_neural_output_average_batched_1024_cpu_repeat00,2,neural_policy,output_average,finalize_hook_step,9.677954949438572e-06
toy4,neural_output_average,batched,batched,cpu,1024,3,9,0,1,2,toy4_gpu_core_neural_output_average_batched_1024_cpu_repeat00,2,neural_policy,output_average,hooked_step_total,0.08740096702240407
toy4,neural_output_average,batched,batched,cpu,1024,3,9,0,1,2,toy4_gpu_core_neural_output_average_batched_1024_cpu_repeat00,2,neural_policy,output_average,aggregate_row,0.0294859919231385
toy4,neural_output_average,batched,batched,cpu,1024,3,9,0,1,2,toy4_gpu_core_neural_output_average_batched_1024_cpu_repeat00,2,neural_policy,output_average,write_aggregate,0.00011071807239204645
toy4,neural_output_average,batched,batched,cpu,1024,3,9,0,1,2,toy4_gpu_core_neural_output_average_batched_1024_cpu_repeat00,3,neural_policy,output_average,sample_revision_mask,3.667897544801235e-05
toy4,neural_output_average,batched,batched,cpu,1024,3,9,0,1,2,toy4_gpu_core_neural_output_average_batched_1024_cpu_repeat00,3,neural_policy,output_average,build_step_context,9.72894486039877e-06
toy4,neural_output_average,batched,batched,cpu,1024,3,9,0,1,2,toy4_gpu_core_neural_output_average_batched_1024_cpu_repeat00,3,neural_policy,output_average,build_observations,0.00805094197858125
toy4,neural_output_average,batched,batched,cpu,1024,3,9,0,1,2,toy4_gpu_core_neural_output_average_batched_1024_cpu_repeat00,3,neural_policy,output_average,policy_readout,0.0007982730166986585
toy4,neural_output_average,batched,batched,cpu,1024,3,9,0,1,2,toy4_gpu_core_neural_output_average_batched_1024_cpu_repeat00,3,neural_policy,output_average,decision_selection,0.00657227891497314
toy4,neural_output_average,batched,batched,cpu,1024,3,9,0,1,2,toy4_gpu_core_neural_output_average_batched_1024_cpu_repeat00,3,neural_policy,output_average,local_trainable_parameters,0.0002874409547075629
toy4,neural_output_average,batched,batched,cpu,1024,3,9,0,1,2,toy4_gpu_core_neural_output_average_batched_1024_cpu_repeat00,3,neural_policy,output_average,local_loss_forward,0.00056713807862252
toy4,neural_output_average,batched,batched,cpu,1024,3,9,0,1,2,toy4_gpu_core_neural_output_average_batched_1024_cpu_repeat00,3,neural_policy,output_average,local_optimizer_update,0.021816829103045166
toy4,neural_output_average,batched,batched,cpu,1024,3,9,0,1,2,toy4_gpu_core_neural_output_average_batched_1024_cpu_repeat00,3,neural_policy,output_average,local_loss_update,0.022530182031914592
toy4,neural_output_average,batched,batched,cpu,1024,3,9,0,1,2,toy4_gpu_core_neural_output_average_batched_1024_cpu_repeat00,3,neural_policy,output_average,local_training,0.022848980966955423
toy4,neural_output_average,batched,batched,cpu,1024,3,9,0,1,2,toy4_gpu_core_neural_output_average_batched_1024_cpu_repeat00,3,neural_policy,output_average,cache_refresh,7.103080861270428e-06
toy4,neural_output_average,batched,batched,cpu,1024,3,9,0,1,2,toy4_gpu_core_neural_output_average_batched_1024_cpu_repeat00,3,neural_policy,output_average,post_local_readout,0.0002531659556552768
toy4,neural_output_average,batched,batched,cpu,1024,3,9,0,1,2,toy4_gpu_core_neural_output_average_batched_1024_cpu_repeat00,3,neural_policy,output_average,local_step,0.03888353903312236
toy4,neural_output_average,batched,batched,cpu,1024,3,9,0,1,2,toy4_gpu_core_neural_output_average_batched_1024_cpu_repeat00,3,neural_policy,output_average,select_peers,6.702600512653589e-05
toy4,neural_output_average,batched,batched,cpu,1024,3,9,0,1,2,toy4_gpu_core_neural_output_average_batched_1024_cpu_repeat00,3,neural_policy,output_average,social_trainable_parameters,0.00013845006469637156
toy4,neural_output_average,batched,batched,cpu,1024,3,9,0,1,2,toy4_gpu_core_neural_output_average_batched_1024_cpu_repeat00,3,neural_policy,output_average,social_mix,0.00037473498377949
toy4,neural_output_average,batched,batched,cpu,1024,3,9,0,1,2,toy4_gpu_core_neural_output_average_batched_1024_cpu_repeat00,3,neural_policy,output_average,social_loss_forward,0.00026196299586445093
toy4,neural_output_average,batched,batched,cpu,1024,3,9,0,1,2,toy4_gpu_core_neural_output_average_batched_1024_cpu_repeat00,3,neural_policy,output_average,social_optimizer_update,0.04558794596232474
toy4,neural_output_average,batched,batched,cpu,1024,3,9,0,1,2,toy4_gpu_core_neural_output_average_batched_1024_cpu_repeat00,3,neural_policy,output_average,social_loss_update,0.0463246830040589
toy4,neural_output_average,batched,batched,cpu,1024,3,9,0,1,2,toy4_gpu_core_neural_output_average_batched_1024_cpu_repeat00,3,neural_policy,output_average,social_distillation,0.04722518706694245
toy4,neural_output_average,batched,batched,cpu,1024,3,9,0,1,2,toy4_gpu_core_neural_output_average_batched_1024_cpu_repeat00,3,neural_policy,output_average,social_step,0.04723939404357225
toy4,neural_output_average,batched,batched,cpu,1024,3,9,0,1,2,toy4_gpu_core_neural_output_average_batched_1024_cpu_repeat00,3,neural_policy,output_average,sample_actions,1.4329561963677406e-06
toy4,neural_output_average,batched,batched,cpu,1024,3,9,0,1,2,toy4_gpu_core_neural_output_average_batched_1024_cpu_repeat00,3,neural_policy,output_average,commit_actions,6.5729254856705666e-06
toy4,neural_output_average,batched,batched,cpu,1024,3,9,0,1,2,toy4_gpu_core_neural_output_average_batched_1024_cpu_repeat00,3,neural_policy,output_average,post_step_state_policy,3.6528101190924644e-05
toy4,neural_output_average,batched,batched,cpu,1024,3,9,0,1,2,toy4_gpu_core_neural_output_average_batched_1024_cpu_repeat00,3,neural_policy,output_average,update_payoff_ema,6.100395694375038e-05
toy4,neural_output_average,batched,batched,cpu,1024,3,9,0,1,2,toy4_gpu_core_neural_output_average_batched_1024_cpu_repeat00,3,neural_policy,output_average,update_reputation_ema,2.125999890267849e-05
toy4,neural_output_average,batched,batched,cpu,1024,3,9,0,1,2,toy4_gpu_core_neural_output_average_batched_1024_cpu_repeat00,3,neural_policy,output_average,mobility_swaps,5.265907384455204e-05
toy4,neural_output_average,batched,batched,cpu,1024,3,9,0,1,2,toy4_gpu_core_neural_output_average_batched_1024_cpu_repeat00,3,neural_policy,output_average,finalize_hook_step,1.3937009498476982e-05
toy4,neural_output_average,batched,batched,cpu,1024,3,9,0,1,2,toy4_gpu_core_neural_output_average_batched_1024_cpu_repeat00,3,neural_policy,output_average,hooked_step_total,0.0881274149287492
toy4,neural_output_average,batched,batched,cpu,1024,3,9,0,1,2,toy4_gpu_core_neural_output_average_batched_1024_cpu_repeat00,3,neural_policy,output_average,aggregate_row,0.028932270011864603
toy4,neural_output_average,batched,batched,cpu,1024,3,9,0,1,2,toy4_gpu_core_neural_output_average_batched_1024_cpu_repeat00,3,neural_policy,output_average,write_aggregate,8.656305726617575e-05
toy4,neural_output_average,batched,batched,cpu,1024,3,9,1,1,2,toy4_gpu_core_neural_output_average_batched_1024_cpu_repeat01,0,neural_policy,output_average,make_run_dir,0.00032382900826632977
toy4,neural_output_average,batched,batched,cpu,1024,3,9,1,1,2,toy4_gpu_core_neural_output_average_batched_1024_cpu_repeat01,0,neural_policy,output_average,write_metadata,0.002492269966751337
toy4,neural_output_average,batched,batched,cpu,1024,3,9,1,1,2,toy4_gpu_core_neural_output_average_batched_1024_cpu_repeat01,0,neural_policy,output_average,initial_state,0.6550250940490514
toy4,neural_output_average,batched,batched,cpu,1024,3,9,1,1,2,toy4_gpu_core_neural_output_average_batched_1024_cpu_repeat01,0,neural_policy,output_average,writer_setup,0.0006751100299879909
toy4,neural_output_average,batched,batched,cpu,1024,3,9,1,1,2,toy4_gpu_core_neural_output_average_batched_1024_cpu_repeat01,0,neural_policy,output_average,initial_step_result,0.01069274393375963
toy4,neural_output_average,batched,batched,cpu,1024,3,9,1,1,2,toy4_gpu_core_neural_output_average_batched_1024_cpu_repeat01,0,neural_policy,output_average,initial_aggregate_row,0.027764552040025592
toy4,neural_output_average,batched,batched,cpu,1024,3,9,1,1,2,toy4_gpu_core_neural_output_average_batched_1024_cpu_repeat01,0,neural_policy,output_average,write_initial_aggregate,6.601400673389435e-05
toy4,neural_output_average,batched,batched,cpu,1024,3,9,1,1,2,toy4_gpu_core_neural_output_average_batched_1024_cpu_repeat01,1,neural_policy,output_average,sample_revision_mask,1.574005000293255e-05
toy4,neural_output_average,batched,batched,cpu,1024,3,9,1,1,2,toy4_gpu_core_neural_output_average_batched_1024_cpu_repeat01,1,neural_policy,output_average,build_step_context,5.761045031249523e-06
toy4,neural_output_average,batched,batched,cpu,1024,3,9,1,1,2,toy4_gpu_core_neural_output_average_batched_1024_cpu_repeat01,1,neural_policy,output_average,build_observations,0.007955302018672228
toy4,neural_output_average,batched,batched,cpu,1024,3,9,1,1,2,toy4_gpu_core_neural_output_average_batched_1024_cpu_repeat01,1,neural_policy,output_average,policy_readout,0.0008636250859126449
toy4,neural_output_average,batched,batched,cpu,1024,3,9,1,1,2,toy4_gpu_core_neural_output_average_batched_1024_cpu_repeat01,1,neural_policy,output_average,decision_selection,0.006531230988912284
toy4,neural_output_average,batched,batched,cpu,1024,3,9,1,1,2,toy4_gpu_core_neural_output_average_batched_1024_cpu_repeat01,1,neural_policy,output_average,local_trainable_parameters,0.0003698160871863365
toy4,neural_output_average,batched,batched,cpu,1024,3,9,1,1,2,toy4_gpu_core_neural_output_average_batched_1024_cpu_repeat01,1,neural_policy,output_average,local_loss_forward,0.0011948889587074518
toy4,neural_output_average,batched,batched,cpu,1024,3,9,1,1,2,toy4_gpu_core_neural_output_average_batched_1024_cpu_repeat01,1,neural_policy,output_average,local_optimizer_update,0.018058076035231352
toy4,neural_output_average,batched,batched,cpu,1024,3,9,1,1,2,toy4_gpu_core_neural_output_average_batched_1024_cpu_repeat01,1,neural_policy,output_average,local_loss_update,0.0771487740566954
toy4,neural_output_average,batched,batched,cpu,1024,3,9,1,1,2,toy4_gpu_core_neural_output_average_batched_1024_cpu_repeat01,1,neural_policy,output_average,local_training,0.07754746498540044
toy4,neural_output_average,batched,batched,cpu,1024,3,9,1,1,2,toy4_gpu_core_neural_output_average_batched_1024_cpu_repeat01,1,neural_policy,output_average,cache_refresh,9.888899512588978e-06
toy4,neural_output_average,batched,batched,cpu,1024,3,9,1,1,2,toy4_gpu_core_neural_output_average_batched_1024_cpu_repeat01,1,neural_policy,output_average,post_local_readout,0.0004442769568413496
toy4,neural_output_average,batched,batched,cpu,1024,3,9,1,1,2,toy4_gpu_core_neural_output_average_batched_1024_cpu_repeat01,1,neural_policy,output_average,local_step,0.09383365500252694
toy4,neural_output_average,batched,batched,cpu,1024,3,9,1,1,2,toy4_gpu_core_neural_output_average_batched_1024_cpu_repeat01,1,neural_policy,output_average,select_peers,7.412000559270382e-05
toy4,neural_output_average,batched,batched,cpu,1024,3,9,1,1,2,toy4_gpu_core_neural_output_average_batched_1024_cpu_repeat01,1,neural_policy,output_average,social_trainable_parameters,0.00017914699856191874
toy4,neural_output_average,batched,batched,cpu,1024,3,9,1,1,2,toy4_gpu_core_neural_output_average_batched_1024_cpu_repeat01,1,neural_policy,output_average,social_mix,0.00043569004628807306
toy4,neural_output_average,batched,batched,cpu,1024,3,9,1,1,2,toy4_gpu_core_neural_output_average_batched_1024_cpu_repeat01,1,neural_policy,output_average,social_loss_forward,0.0003774510696530342
toy4,neural_output_average,batched,batched,cpu,1024,3,9,1,1,2,toy4_gpu_core_neural_output_average_batched_1024_cpu_repeat01,1,neural_policy,output_average,social_optimizer_update,0.04674348293337971
toy4,neural_output_average,batched,batched,cpu,1024,3,9,1,1,2,toy4_gpu_core_neural_output_average_batched_1024_cpu_repeat01,1,neural_policy,output_average,social_loss_update,0.047669505001977086
toy4,neural_output_average,batched,batched,cpu,1024,3,9,1,1,2,toy4_gpu_core_neural_output_average_batched_1024_cpu_repeat01,1,neural_policy,output_average,social_distillation,0.048573896987363696
toy4,neural_output_average,batched,batched,cpu,1024,3,9,1,1,2,toy4_gpu_core_neural_output_average_batched_1024_cpu_repeat01,1,neural_policy,output_average,social_step,0.04858958697877824
toy4,neural_output_average,batched,batched,cpu,1024,3,9,1,1,2,toy4_gpu_core_neural_output_average_batched_1024_cpu_repeat01,1,neural_policy,output_average,sample_actions,1.1220108717679977e-06
toy4,neural_output_average,batched,batched,cpu,1024,3,9,1,1,2,toy4_gpu_core_neural_output_average_batched_1024_cpu_repeat01,1,neural_policy,output_average,commit_actions,4.297937266528606e-06
toy4,neural_output_average,batched,batched,cpu,1024,3,9,1,1,2,toy4_gpu_core_neural_output_average_batched_1024_cpu_repeat01,1,neural_policy,output_average,post_step_state_policy,3.057694993913174e-05
toy4,neural_output_average,batched,batched,cpu,1024,3,9,1,1,2,toy4_gpu_core_neural_output_average_batched_1024_cpu_repeat01,1,neural_policy,output_average,update_payoff_ema,3.7439982406795025e-05
toy4,neural_output_average,batched,batched,cpu,1024,3,9,1,1,2,toy4_gpu_core_neural_output_average_batched_1024_cpu_repeat01,1,neural_policy,output_average,update_reputation_ema,1.653109211474657e-05
toy4,neural_output_average,batched,batched,cpu,1024,3,9,1,1,2,toy4_gpu_core_neural_output_average_batched_1024_cpu_repeat01,1,neural_policy,output_average,mobility_swaps,2.1419953554868698e-05
toy4,neural_output_average,batched,batched,cpu,1024,3,9,1,1,2,toy4_gpu_core_neural_output_average_batched_1024_cpu_repeat01,1,neural_policy,output_average,finalize_hook_step,9.518000297248363e-06
toy4,neural_output_average,batched,batched,cpu,1024,3,9,1,1,2,toy4_gpu_core_neural_output_average_batched_1024_cpu_repeat01,1,neural_policy,output_average,hooked_step_total,0.1439399659866467
toy4,neural_output_average,batched,batched,cpu,1024,3,9,1,1,2,toy4_gpu_core_neural_output_average_batched_1024_cpu_repeat01,1,neural_policy,output_average,aggregate_row,0.029845799901522696
toy4,neural_output_average,batched,batched,cpu,1024,3,9,1,1,2,toy4_gpu_core_neural_output_average_batched_1024_cpu_repeat01,1,neural_policy,output_average,write_aggregate,8.469994645565748e-05
toy4,neural_output_average,batched,batched,cpu,1024,3,9,1,1,2,toy4_gpu_core_neural_output_average_batched_1024_cpu_repeat01,2,neural_policy,output_average,sample_revision_mask,1.9276048988103867e-05
toy4,neural_output_average,batched,batched,cpu,1024,3,9,1,1,2,toy4_gpu_core_neural_output_average_batched_1024_cpu_repeat01,2,neural_policy,output_average,build_step_context,6.851973012089729e-06
toy4,neural_output_average,batched,batched,cpu,1024,3,9,1,1,2,toy4_gpu_core_neural_output_average_batched_1024_cpu_repeat01,2,neural_policy,output_average,build_observations,0.008004714967682958
toy4,neural_output_average,batched,batched,cpu,1024,3,9,1,1,2,toy4_gpu_core_neural_output_average_batched_1024_cpu_repeat01,2,neural_policy,output_average,policy_readout,0.0009813669603317976
toy4,neural_output_average,batched,batched,cpu,1024,3,9,1,1,2,toy4_gpu_core_neural_output_average_batched_1024_cpu_repeat01,2,neural_policy,output_average,decision_selection,0.006603928981348872
toy4,neural_output_average,batched,batched,cpu,1024,3,9,1,1,2,toy4_gpu_core_neural_output_average_batched_1024_cpu_repeat01,2,neural_policy,output_average,local_trainable_parameters,0.00041587301529943943
toy4,neural_output_average,batched,batched,cpu,1024,3,9,1,1,2,toy4_gpu_core_neural_output_average_batched_1024_cpu_repeat01,2,neural_policy,output_average,local_loss_forward,0.0006848790217190981
toy4,neural_output_average,batched,batched,cpu,1024,3,9,1,1,2,toy4_gpu_core_neural_output_average_batched_1024_cpu_repeat01,2,neural_policy,output_average,local_optimizer_update,0.01948498096317053
toy4,neural_output_average,batched,batched,cpu,1024,3,9,1,1,2,toy4_gpu_core_neural_output_average_batched_1024_cpu_repeat01,2,neural_policy,output_average,local_loss_update,0.020318779977969825
toy4,neural_output_average,batched,batched,cpu,1024,3,9,1,1,2,toy4_gpu_core_neural_output_average_batched_1024_cpu_repeat01,2,neural_policy,output_average,local_training,0.02076153305824846
toy4,neural_output_average,batched,batched,cpu,1024,3,9,1,1,2,toy4_gpu_core_neural_output_average_batched_1024_cpu_repeat01,2,neural_policy,output_average,cache_refresh,5.4209958761930466e-06
toy4,neural_output_average,batched,batched,cpu,1024,3,9,1,1,2,toy4_gpu_core_neural_output_average_batched_1024_cpu_repeat01,2,neural_policy,output_average,post_local_readout,0.0002961179707199335
toy4,neural_output_average,batched,batched,cpu,1024,3,9,1,1,2,toy4_gpu_core_neural_output_average_batched_1024_cpu_repeat01,2,neural_policy,output_average,local_step,0.037017907947301865
toy4,neural_output_average,batched,batched,cpu,1024,3,9,1,1,2,toy4_gpu_core_neural_output_average_batched_1024_cpu_repeat01,2,neural_policy,output_average,select_peers,8.202495519071817e-05
toy4,neural_output_average,batched,batched,cpu,1024,3,9,1,1,2,toy4_gpu_core_neural_output_average_batched_1024_cpu_repeat01,2,neural_policy,output_average,social_trainable_parameters,0.0001266590552404523
toy4,neural_output_average,batched,batched,cpu,1024,3,9,1,1,2,toy4_gpu_core_neural_output_average_batched_1024_cpu_repeat01,2,neural_policy,output_average,social_mix,0.00038205902092158794
toy4,neural_output_average,batched,batched,cpu,1024,3,9,1,1,2,toy4_gpu_core_neural_output_average_batched_1024_cpu_repeat01,2,neural_policy,output_average,social_loss_forward,0.0002815800253301859
toy4,neural_output_average,batched,batched,cpu,1024,3,9,1,1,2,toy4_gpu_core_neural_output_average_batched_1024_cpu_repeat01,2,neural_policy,output_average,social_optimizer_update,0.04836946201976389
toy4,neural_output_average,batched,batched,cpu,1024,3,9,1,1,2,toy4_gpu_core_neural_output_average_batched_1024_cpu_repeat01,2,neural_policy,output_average,social_loss_update,0.04915104398969561
toy4,neural_output_average,batched,batched,cpu,1024,3,9,1,1,2,toy4_gpu_core_neural_output_average_batched_1024_cpu_repeat01,2,neural_policy,output_average,social_distillation,0.05015899008139968
toy4,neural_output_average,batched,batched,cpu,1024,3,9,1,1,2,toy4_gpu_core_neural_output_average_batched_1024_cpu_repeat01,2,neural_policy,output_average,social_step,0.050175992073491216
toy4,neural_output_average,batched,batched,cpu,1024,3,9,1,1,2,toy4_gpu_core_neural_output_average_batched_1024_cpu_repeat01,2,neural_policy,output_average,sample_actions,1.2730015441775322e-06
toy4,neural_output_average,batched,batched,cpu,1024,3,9,1,1,2,toy4_gpu_core_neural_output_average_batched_1024_cpu_repeat01,2,neural_policy,output_average,commit_actions,5.740090273320675e-06
toy4,neural_output_average,batched,batched,cpu,1024,3,9,1,1,2,toy4_gpu_core_neural_output_average_batched_1024_cpu_repeat01,2,neural_policy,output_average,post_step_state_policy,4.4394051656126976e-05
toy4,neural_output_average,batched,batched,cpu,1024,3,9,1,1,2,toy4_gpu_core_neural_output_average_batched_1024_cpu_repeat01,2,neural_policy,output_average,update_payoff_ema,5.207792855799198e-05
toy4,neural_output_average,batched,batched,cpu,1024,3,9,1,1,2,toy4_gpu_core_neural_output_average_batched_1024_cpu_repeat01,2,neural_policy,output_average,update_reputation_ema,1.695193350315094e-05
toy4,neural_output_average,batched,batched,cpu,1024,3,9,1,1,2,toy4_gpu_core_neural_output_average_batched_1024_cpu_repeat01,2,neural_policy,output_average,mobility_swaps,3.3844029530882835e-05
toy4,neural_output_average,batched,batched,cpu,1024,3,9,1,1,2,toy4_gpu_core_neural_output_average_batched_1024_cpu_repeat01,2,neural_policy,output_average,finalize_hook_step,1.0830932296812534e-05
toy4,neural_output_average,batched,batched,cpu,1024,3,9,1,1,2,toy4_gpu_core_neural_output_average_batched_1024_cpu_repeat01,2,neural_policy,output_average,hooked_step_total,0.08864636404905468
toy4,neural_output_average,batched,batched,cpu,1024,3,9,1,1,2,toy4_gpu_core_neural_output_average_batched_1024_cpu_repeat01,2,neural_policy,output_average,aggregate_row,0.025657278019934893
toy4,neural_output_average,batched,batched,cpu,1024,3,9,1,1,2,toy4_gpu_core_neural_output_average_batched_1024_cpu_repeat01,2,neural_policy,output_average,write_aggregate,6.411003414541483e-05
toy4,neural_output_average,batched,batched,cpu,1024,3,9,1,1,2,toy4_gpu_core_neural_output_average_batched_1024_cpu_repeat01,3,neural_policy,output_average,sample_revision_mask,2.0419014617800713e-05
toy4,neural_output_average,batched,batched,cpu,1024,3,9,1,1,2,toy4_gpu_core_neural_output_average_batched_1024_cpu_repeat01,3,neural_policy,output_average,build_step_context,6.7729270085692406e-06
toy4,neural_output_average,batched,batched,cpu,1024,3,9,1,1,2,toy4_gpu_core_neural_output_average_batched_1024_cpu_repeat01,3,neural_policy,output_average,build_observations,0.008237482979893684
toy4,neural_output_average,batched,batched,cpu,1024,3,9,1,1,2,toy4_gpu_core_neural_output_average_batched_1024_cpu_repeat01,3,neural_policy,output_average,policy_readout,0.001353187020868063
toy4,neural_output_average,batched,batched,cpu,1024,3,9,1,1,2,toy4_gpu_core_neural_output_average_batched_1024_cpu_repeat01,3,neural_policy,output_average,decision_selection,0.0064134710701182485
toy4,neural_output_average,batched,batched,cpu,1024,3,9,1,1,2,toy4_gpu_core_neural_output_average_batched_1024_cpu_repeat01,3,neural_policy,output_average,local_trainable_parameters,0.00032059301156550646
toy4,neural_output_average,batched,batched,cpu,1024,3,9,1,1,2,toy4_gpu_core_neural_output_average_batched_1024_cpu_repeat01,3,neural_policy,output_average,local_loss_forward,0.0006192650180310011
toy4,neural_output_average,batched,batched,cpu,1024,3,9,1,1,2,toy4_gpu_core_neural_output_average_batched_1024_cpu_repeat01,3,neural_policy,output_average,local_optimizer_update,0.018347510020248592
toy4,neural_output_average,batched,batched,cpu,1024,3,9,1,1,2,toy4_gpu_core_neural_output_average_batched_1024_cpu_repeat01,3,neural_policy,output_average,local_loss_update,0.019090719055384398
toy4,neural_output_average,batched,batched,cpu,1024,3,9,1,1,2,toy4_gpu_core_neural_output_average_batched_1024_cpu_repeat01,3,neural_policy,output_average,local_training,0.01944399403873831
toy4,neural_output_average,batched,batched,cpu,1024,3,9,1,1,2,toy4_gpu_core_neural_output_average_batched_1024_cpu_repeat01,3,neural_policy,output_average,cache_refresh,5.0299568101763725e-06
toy4,neural_output_average,batched,batched,cpu,1024,3,9,1,1,2,toy4_gpu_core_neural_output_average_batched_1024_cpu_repeat01,3,neural_policy,output_average,post_local_readout,0.00023829902056604624
toy4,neural_output_average,batched,batched,cpu,1024,3,9,1,1,2,toy4_gpu_core_neural_output_average_batched_1024_cpu_repeat01,3,neural_policy,output_average,local_step,0.035998109029605985
toy4,neural_output_average,batched,batched,cpu,1024,3,9,1,1,2,toy4_gpu_core_neural_output_average_batched_1024_cpu_repeat01,3,neural_policy,output_average,select_peers,5.434197373688221e-05
toy4,neural_output_average,batched,batched,cpu,1024,3,9,1,1,2,toy4_gpu_core_neural_output_average_batched_1024_cpu_repeat01,3,neural_policy,output_average,social_trainable_parameters,5.224801134318113e-05
toy4,neural_output_average,batched,batched,cpu,1024,3,9,1,1,2,toy4_gpu_core_neural_output_average_batched_1024_cpu_repeat01,3,neural_policy,output_average,social_mix,0.0005899399984627962
toy4,neural_output_average,batched,batched,cpu,1024,3,9,1,1,2,toy4_gpu_core_neural_output_average_batched_1024_cpu_repeat01,3,neural_policy,output_average,social_loss_forward,0.0003119769971817732
toy4,neural_output_average,batched,batched,cpu,1024,3,9,1,1,2,toy4_gpu_core_neural_output_average_batched_1024_cpu_repeat01,3,neural_policy,output_average,social_optimizer_update,0.042598802014254034
toy4,neural_output_average,batched,batched,cpu,1024,3,9,1,1,2,toy4_gpu_core_neural_output_average_batched_1024_cpu_repeat01,3,neural_policy,output_average,social_loss_update,0.04364791593980044
toy4,neural_output_average,batched,batched,cpu,1024,3,9,1,1,2,toy4_gpu_core_neural_output_average_batched_1024_cpu_repeat01,3,neural_policy,output_average,social_distillation,0.04468912596348673
toy4,neural_output_average,batched,batched,cpu,1024,3,9,1,1,2,toy4_gpu_core_neural_output_average_batched_1024_cpu_repeat01,3,neural_policy,output_average,social_step,0.04470915405545384
toy4,neural_output_average,batched,batched,cpu,1024,3,9,1,1,2,toy4_gpu_core_neural_output_average_batched_1024_cpu_repeat01,3,neural_policy,output_average,sample_actions,1.4130491763353348e-06
toy4,neural_output_average,batched,batched,cpu,1024,3,9,1,1,2,toy4_gpu_core_neural_output_average_batched_1024_cpu_repeat01,3,neural_policy,output_average,commit_actions,6.6820066422224045e-06
toy4,neural_output_average,batched,batched,cpu,1024,3,9,1,1,2,toy4_gpu_core_neural_output_average_batched_1024_cpu_repeat01,3,neural_policy,output_average,post_step_state_policy,2.554792445152998e-05
toy4,neural_output_average,batched,batched,cpu,1024,3,9,1,1,2,toy4_gpu_core_neural_output_average_batched_1024_cpu_repeat01,3,neural_policy,output_average,update_payoff_ema,4.77589201182127e-05
toy4,neural_output_average,batched,batched,cpu,1024,3,9,1,1,2,toy4_gpu_core_neural_output_average_batched_1024_cpu_repeat01,3,neural_policy,output_average,update_reputation_ema,1.601001713424921e-05
toy4,neural_output_average,batched,batched,cpu,1024,3,9,1,1,2,toy4_gpu_core_neural_output_average_batched_1024_cpu_repeat01,3,neural_policy,output_average,mobility_swaps,2.492696512490511e-05
toy4,neural_output_average,batched,batched,cpu,1024,3,9,1,1,2,toy4_gpu_core_neural_output_average_batched_1024_cpu_repeat01,3,neural_policy,output_average,finalize_hook_step,9.648967534303665e-06
toy4,neural_output_average,batched,batched,cpu,1024,3,9,1,1,2,toy4_gpu_core_neural_output_average_batched_1024_cpu_repeat01,3,neural_policy,output_average,hooked_step_total,0.08200873201712966
toy4,neural_output_average,batched,batched,cpu,1024,3,9,1,1,2,toy4_gpu_core_neural_output_average_batched_1024_cpu_repeat01,3,neural_policy,output_average,aggregate_row,0.027233914006501436
toy4,neural_output_average,batched,batched,cpu,1024,3,9,1,1,2,toy4_gpu_core_neural_output_average_batched_1024_cpu_repeat01,3,neural_policy,output_average,write_aggregate,0.00010260299313813448
toy4,neural_output_average,batched,batched,cuda,1024,3,9,0,1,2,toy4_gpu_core_neural_output_average_batched_1024_cuda_repeat00,0,neural_policy,output_average,make_run_dir,0.0003547270316630602
toy4,neural_output_average,batched,batched,cuda,1024,3,9,0,1,2,toy4_gpu_core_neural_output_average_batched_1024_cuda_repeat00,0,neural_policy,output_average,write_metadata,0.0024333191104233265
toy4,neural_output_average,batched,batched,cuda,1024,3,9,0,1,2,toy4_gpu_core_neural_output_average_batched_1024_cuda_repeat00,0,neural_policy,output_average,initial_state,0.7140603139996529
toy4,neural_output_average,batched,batched,cuda,1024,3,9,0,1,2,toy4_gpu_core_neural_output_average_batched_1024_cuda_repeat00,0,neural_policy,output_average,writer_setup,0.0009109840029850602
toy4,neural_output_average,batched,batched,cuda,1024,3,9,0,1,2,toy4_gpu_core_neural_output_average_batched_1024_cuda_repeat00,0,neural_policy,output_average,initial_step_result,0.010693026008084416
toy4,neural_output_average,batched,batched,cuda,1024,3,9,0,1,2,toy4_gpu_core_neural_output_average_batched_1024_cuda_repeat00,0,neural_policy,output_average,initial_aggregate_row,0.02962432603817433
toy4,neural_output_average,batched,batched,cuda,1024,3,9,0,1,2,toy4_gpu_core_neural_output_average_batched_1024_cuda_repeat00,0,neural_policy,output_average,write_initial_aggregate,7.731502410024405e-05
toy4,neural_output_average,batched,batched,cuda,1024,3,9,0,1,2,toy4_gpu_core_neural_output_average_batched_1024_cuda_repeat00,1,neural_policy,output_average,sample_revision_mask,2.6579946279525757e-05
toy4,neural_output_average,batched,batched,cuda,1024,3,9,0,1,2,toy4_gpu_core_neural_output_average_batched_1024_cuda_repeat00,1,neural_policy,output_average,build_step_context,1.1362018994987011e-05
toy4,neural_output_average,batched,batched,cuda,1024,3,9,0,1,2,toy4_gpu_core_neural_output_average_batched_1024_cuda_repeat00,1,neural_policy,output_average,build_observations,0.008729789988137782
toy4,neural_output_average,batched,batched,cuda,1024,3,9,0,1,2,toy4_gpu_core_neural_output_average_batched_1024_cuda_repeat00,1,neural_policy,output_average,policy_readout,0.0008393099997192621
toy4,neural_output_average,batched,batched,cuda,1024,3,9,0,1,2,toy4_gpu_core_neural_output_average_batched_1024_cuda_repeat00,1,neural_policy,output_average,decision_selection,0.005568641005083919
toy4,neural_output_average,batched,batched,cuda,1024,3,9,0,1,2,toy4_gpu_core_neural_output_average_batched_1024_cuda_repeat00,1,neural_policy,output_average,local_trainable_parameters,0.00033558206632733345
toy4,neural_output_average,batched,batched,cuda,1024,3,9,0,1,2,toy4_gpu_core_neural_output_average_batched_1024_cuda_repeat00,1,neural_policy,output_average,local_loss_forward,0.0012364370049908757
toy4,neural_output_average,batched,batched,cuda,1024,3,9,0,1,2,toy4_gpu_core_neural_output_average_batched_1024_cuda_repeat00,1,neural_policy,output_average,local_optimizer_update,0.014657646999694407
toy4,neural_output_average,batched,batched,cuda,1024,3,9,0,1,2,toy4_gpu_core_neural_output_average_batched_1024_cuda_repeat00,1,neural_policy,output_average,local_loss_update,0.18718029302544892
toy4,neural_output_average,batched,batched,cuda,1024,3,9,0,1,2,toy4_gpu_core_neural_output_average_batched_1024_cuda_repeat00,1,neural_policy,output_average,local_training,0.18756420502904803
toy4,neural_output_average,batched,batched,cuda,1024,3,9,0,1,2,toy4_gpu_core_neural_output_average_batched_1024_cuda_repeat00,1,neural_policy,output_average,cache_refresh,3.141001798212528e-05
toy4,neural_output_average,batched,batched,cuda,1024,3,9,0,1,2,toy4_gpu_core_neural_output_average_batched_1024_cuda_repeat00,1,neural_policy,output_average,post_local_readout,0.00024547206703573465
toy4,neural_output_average,batched,batched,cuda,1024,3,9,0,1,2,toy4_gpu_core_neural_output_average_batched_1024_cuda_repeat00,1,neural_policy,output_average,local_step,0.20356330694630742
toy4,neural_output_average,batched,batched,cuda,1024,3,9,0,1,2,toy4_gpu_core_neural_output_average_batched_1024_cuda_repeat00,1,neural_policy,output_average,select_peers,0.00013303000014275312
toy4,neural_output_average,batched,batched,cuda,1024,3,9,0,1,2,toy4_gpu_core_neural_output_average_batched_1024_cuda_repeat00,1,neural_policy,output_average,social_trainable_parameters,6.13649608567357e-05
toy4,neural_output_average,batched,batched,cuda,1024,3,9,0,1,2,toy4_gpu_core_neural_output_average_batched_1024_cuda_repeat00,1,neural_policy,output_average,social_mix,0.0005508670583367348
toy4,neural_output_average,batched,batched,cuda,1024,3,9,0,1,2,toy4_gpu_core_neural_output_average_batched_1024_cuda_repeat00,1,neural_policy,output_average,social_loss_forward,0.0002226489596068859
toy4,neural_output_average,batched,batched,cuda,1024,3,9,0,1,2,toy4_gpu_core_neural_output_average_batched_1024_cuda_repeat00,1,neural_policy,output_average,social_optimizer_update,0.07887050195131451
toy4,neural_output_average,batched,batched,cuda,1024,3,9,0,1,2,toy4_gpu_core_neural_output_average_batched_1024_cuda_repeat00,1,neural_policy,output_average,social_loss_update,0.0798004730604589
toy4,neural_output_average,batched,batched,cuda,1024,3,9,0,1,2,toy4_gpu_core_neural_output_average_batched_1024_cuda_repeat00,1,neural_policy,output_average,social_distillation,0.08089378103613853
toy4,neural_output_average,batched,batched,cuda,1024,3,9,0,1,2,toy4_gpu_core_neural_output_average_batched_1024_cuda_repeat00,1,neural_policy,output_average,social_step,0.08092742308508605
toy4,neural_output_average,batched,batched,cuda,1024,3,9,0,1,2,toy4_gpu_core_neural_output_average_batched_1024_cuda_repeat00,1,neural_policy,output_average,sample_actions,7.25302379578352e-06
toy4,neural_output_average,batched,batched,cuda,1024,3,9,0,1,2,toy4_gpu_core_neural_output_average_batched_1024_cuda_repeat00,1,neural_policy,output_average,commit_actions,1.3445038348436356e-05
toy4,neural_output_average,batched,batched,cuda,1024,3,9,0,1,2,toy4_gpu_core_neural_output_average_batched_1024_cuda_repeat00,1,neural_policy,output_average,post_step_state_policy,3.8812984712421894e-05
toy4,neural_output_average,batched,batched,cuda,1024,3,9,0,1,2,toy4_gpu_core_neural_output_average_batched_1024_cuda_repeat00,1,neural_policy,output_average,update_payoff_ema,4.1847932152450085e-05
toy4,neural_output_average,batched,batched,cuda,1024,3,9,0,1,2,toy4_gpu_core_neural_output_average_batched_1024_cuda_repeat00,1,neural_policy,output_average,update_reputation_ema,3.181002102792263e-05
toy4,neural_output_average,batched,batched,cuda,1024,3,9,0,1,2,toy4_gpu_core_neural_output_average_batched_1024_cuda_repeat00,1,neural_policy,output_average,mobility_swaps,2.6079011149704456e-05
toy4,neural_output_average,batched,batched,cuda,1024,3,9,0,1,2,toy4_gpu_core_neural_output_average_batched_1024_cuda_repeat00,1,neural_policy,output_average,finalize_hook_step,1.82250514626503e-05
toy4,neural_output_average,batched,batched,cuda,1024,3,9,0,1,2,toy4_gpu_core_neural_output_average_batched_1024_cuda_repeat00,1,neural_policy,output_average,hooked_step_total,0.28619121108204126
toy4,neural_output_average,batched,batched,cuda,1024,3,9,0,1,2,toy4_gpu_core_neural_output_average_batched_1024_cuda_repeat00,1,neural_policy,output_average,aggregate_row,0.1084604860516265
toy4,neural_output_average,batched,batched,cuda,1024,3,9,0,1,2,toy4_gpu_core_neural_output_average_batched_1024_cuda_repeat00,1,neural_policy,output_average,write_aggregate,0.00028311298228800297
toy4,neural_output_average,batched,batched,cuda,1024,3,9,0,1,2,toy4_gpu_core_neural_output_average_batched_1024_cuda_repeat00,2,neural_policy,output_average,sample_revision_mask,0.00019733095541596413
toy4,neural_output_average,batched,batched,cuda,1024,3,9,0,1,2,toy4_gpu_core_neural_output_average_batched_1024_cuda_repeat00,2,neural_policy,output_average,build_step_context,3.0157039873301983e-05
toy4,neural_output_average,batched,batched,cuda,1024,3,9,0,1,2,toy4_gpu_core_neural_output_average_batched_1024_cuda_repeat00,2,neural_policy,output_average,build_observations,0.009559703059494495
toy4,neural_output_average,batched,batched,cuda,1024,3,9,0,1,2,toy4_gpu_core_neural_output_average_batched_1024_cuda_repeat00,2,neural_policy,output_average,policy_readout,0.001313321990892291
toy4,neural_output_average,batched,batched,cuda,1024,3,9,0,1,2,toy4_gpu_core_neural_output_average_batched_1024_cuda_repeat00,2,neural_policy,output_average,decision_selection,0.0052994240541011095
toy4,neural_output_average,batched,batched,cuda,1024,3,9,0,1,2,toy4_gpu_core_neural_output_average_batched_1024_cuda_repeat00,2,neural_policy,output_average,local_trainable_parameters,0.00011916505172848701
toy4,neural_output_average,batched,batched,cuda,1024,3,9,0,1,2,toy4_gpu_core_neural_output_average_batched_1024_cuda_repeat00,2,neural_policy,output_average,local_loss_forward,0.0008880810346454382
toy4,neural_output_average,batched,batched,cuda,1024,3,9,0,1,2,toy4_gpu_core_neural_output_average_batched_1024_cuda_repeat00,2,neural_policy,output_average,local_optimizer_update,0.02445617993362248
toy4,neural_output_average,batched,batched,cuda,1024,3,9,0,1,2,toy4_gpu_core_neural_output_average_batched_1024_cuda_repeat00,2,neural_policy,output_average,local_loss_update,0.025601615896448493
toy4,neural_output_average,batched,batched,cuda,1024,3,9,0,1,2,toy4_gpu_core_neural_output_average_batched_1024_cuda_repeat00,2,neural_policy,output_average,local_training,0.02577006199862808
toy4,neural_output_average,batched,batched,cuda,1024,3,9,0,1,2,toy4_gpu_core_neural_output_average_batched_1024_cuda_repeat00,2,neural_policy,output_average,cache_refresh,1.7832964658737183e-05
toy4,neural_output_average,batched,batched,cuda,1024,3,9,0,1,2,toy4_gpu_core_neural_output_average_batched_1024_cuda_repeat00,2,neural_policy,output_average,post_local_readout,0.0006094580749049783
toy4,neural_output_average,batched,batched,cuda,1024,3,9,0,1,2,toy4_gpu_core_neural_output_average_batched_1024_cuda_repeat00,2,neural_policy,output_average,local_step,0.04362085007596761
toy4,neural_output_average,batched,batched,cuda,1024,3,9,0,1,2,toy4_gpu_core_neural_output_average_batched_1024_cuda_repeat00,2,neural_policy,output_average,select_peers,0.00017187302000820637
toy4,neural_output_average,batched,batched,cuda,1024,3,9,0,1,2,toy4_gpu_core_neural_output_average_batched_1024_cuda_repeat00,2,neural_policy,output_average,social_trainable_parameters,7.255701348185539e-05
toy4,neural_output_average,batched,batched,cuda,1024,3,9,0,1,2,toy4_gpu_core_neural_output_average_batched_1024_cuda_repeat00,2,neural_policy,output_average,social_mix,0.0007079620845615864
toy4,neural_output_average,batched,batched,cuda,1024,3,9,0,1,2,toy4_gpu_core_neural_output_average_batched_1024_cuda_repeat00,2,neural_policy,output_average,social_loss_forward,0.0003628029953688383
toy4,neural_output_average,batched,batched,cuda,1024,3,9,0,1,2,toy4_gpu_core_neural_output_average_batched_1024_cuda_repeat00,2,neural_policy,output_average,social_optimizer_update,0.11136322992388159
toy4,neural_output_average,batched,batched,cuda,1024,3,9,0,1,2,toy4_gpu_core_neural_output_average_batched_1024_cuda_repeat00,2,neural_policy,output_average,social_loss_update,0.11269573809113353
toy4,neural_output_average,batched,batched,cuda,1024,3,9,0,1,2,toy4_gpu_core_neural_output_average_batched_1024_cuda_repeat00,2,neural_policy,output_average,social_distillation,0.11479800392407924
toy4,neural_output_average,batched,batched,cuda,1024,3,9,0,1,2,toy4_gpu_core_neural_output_average_batched_1024_cuda_repeat00,2,neural_policy,output_average,social_step,0.1148313480662182
toy4,neural_output_average,batched,batched,cuda,1024,3,9,0,1,2,toy4_gpu_core_neural_output_average_batched_1024_cuda_repeat00,2,neural_policy,output_average,sample_actions,7.673981599509716e-06
toy4,neural_output_average,batched,batched,cuda,1024,3,9,0,1,2,toy4_gpu_core_neural_output_average_batched_1024_cuda_repeat00,2,neural_policy,output_average,commit_actions,1.5568919479846954e-05
toy4,neural_output_average,batched,batched,cuda,1024,3,9,0,1,2,toy4_gpu_core_neural_output_average_batched_1024_cuda_repeat00,2,neural_policy,output_average,post_step_state_policy,2.9584974981844425e-05
toy4,neural_output_average,batched,batched,cuda,1024,3,9,0,1,2,toy4_gpu_core_neural_output_average_batched_1024_cuda_repeat00,2,neural_policy,output_average,update_payoff_ema,4.534597974270582e-05
toy4,neural_output_average,batched,batched,cuda,1024,3,9,0,1,2,toy4_gpu_core_neural_output_average_batched_1024_cuda_repeat00,2,neural_policy,output_average,update_reputation_ema,2.4736975319683552e-05
toy4,neural_output_average,batched,batched,cuda,1024,3,9,0,1,2,toy4_gpu_core_neural_output_average_batched_1024_cuda_repeat00,2,neural_policy,output_average,mobility_swaps,3.5276985727250576e-05
toy4,neural_output_average,batched,batched,cuda,1024,3,9,0,1,2,toy4_gpu_core_neural_output_average_batched_1024_cuda_repeat00,2,neural_policy,output_average,finalize_hook_step,1.7993035726249218e-05
toy4,neural_output_average,batched,batched,cuda,1024,3,9,0,1,2,toy4_gpu_core_neural_output_average_batched_1024_cuda_repeat00,2,neural_policy,output_average,hooked_step_total,0.16078877600375563
toy4,neural_output_average,batched,batched,cuda,1024,3,9,0,1,2,toy4_gpu_core_neural_output_average_batched_1024_cuda_repeat00,2,neural_policy,output_average,aggregate_row,0.04123737500049174
toy4,neural_output_average,batched,batched,cuda,1024,3,9,0,1,2,toy4_gpu_core_neural_output_average_batched_1024_cuda_repeat00,2,neural_policy,output_average,write_aggregate,0.00011687993537634611
toy4,neural_output_average,batched,batched,cuda,1024,3,9,0,1,2,toy4_gpu_core_neural_output_average_batched_1024_cuda_repeat00,3,neural_policy,output_average,sample_revision_mask,4.206888843327761e-05
toy4,neural_output_average,batched,batched,cuda,1024,3,9,0,1,2,toy4_gpu_core_neural_output_average_batched_1024_cuda_repeat00,3,neural_policy,output_average,build_step_context,1.7393031157553196e-05
toy4,neural_output_average,batched,batched,cuda,1024,3,9,0,1,2,toy4_gpu_core_neural_output_average_batched_1024_cuda_repeat00,3,neural_policy,output_average,build_observations,0.01020886399783194
toy4,neural_output_average,batched,batched,cuda,1024,3,9,0,1,2,toy4_gpu_core_neural_output_average_batched_1024_cuda_repeat00,3,neural_policy,output_average,policy_readout,0.0008996839169412851
toy4,neural_output_average,batched,batched,cuda,1024,3,9,0,1,2,toy4_gpu_core_neural_output_average_batched_1024_cuda_repeat00,3,neural_policy,output_average,decision_selection,0.005570464883930981
toy4,neural_output_average,batched,batched,cuda,1024,3,9,0,1,2,toy4_gpu_core_neural_output_average_batched_1024_cuda_repeat00,3,neural_policy,output_average,local_trainable_parameters,0.0013563830871134996
toy4,neural_output_average,batched,batched,cuda,1024,3,9,0,1,2,toy4_gpu_core_neural_output_average_batched_1024_cuda_repeat00,3,neural_policy,output_average,local_loss_forward,0.0009378449758514762
toy4,neural_output_average,batched,batched,cuda,1024,3,9,0,1,2,toy4_gpu_core_neural_output_average_batched_1024_cuda_repeat00,3,neural_policy,output_average,local_optimizer_update,0.01686530199367553
toy4,neural_output_average,batched,batched,cuda,1024,3,9,0,1,2,toy4_gpu_core_neural_output_average_batched_1024_cuda_repeat00,3,neural_policy,output_average,local_loss_update,0.017975182039663196
toy4,neural_output_average,batched,batched,cuda,1024,3,9,0,1,2,toy4_gpu_core_neural_output_average_batched_1024_cuda_repeat00,3,neural_policy,output_average,local_training,0.019385476014576852
toy4,neural_output_average,batched,batched,cuda,1024,3,9,0,1,2,toy4_gpu_core_neural_output_average_batched_1024_cuda_repeat00,3,neural_policy,output_average,cache_refresh,2.6889960281550884e-05
toy4,neural_output_average,batched,batched,cuda,1024,3,9,0,1,2,toy4_gpu_core_neural_output_average_batched_1024_cuda_repeat00,3,neural_policy,output_average,post_local_readout,0.0003225369146093726
toy4,neural_output_average,batched,batched,cuda,1024,3,9,0,1,2,toy4_gpu_core_neural_output_average_batched_1024_cuda_repeat00,3,neural_policy,output_average,local_step,0.037079879897646606
toy4,neural_output_average,batched,batched,cuda,1024,3,9,0,1,2,toy4_gpu_core_neural_output_average_batched_1024_cuda_repeat00,3,neural_policy,output_average,select_peers,0.00019715097732841969
toy4,neural_output_average,batched,batched,cuda,1024,3,9,0,1,2,toy4_gpu_core_neural_output_average_batched_1024_cuda_repeat00,3,neural_policy,output_average,social_trainable_parameters,8.24460294097662e-05
toy4,neural_output_average,batched,batched,cuda,1024,3,9,0,1,2,toy4_gpu_core_neural_output_average_batched_1024_cuda_repeat00,3,neural_policy,output_average,social_mix,0.0011805120157077909
toy4,neural_output_average,batched,batched,cuda,1024,3,9,0,1,2,toy4_gpu_core_neural_output_average_batched_1024_cuda_repeat00,3,neural_policy,output_average,social_loss_forward,0.0006966920336708426
toy4,neural_output_average,batched,batched,cuda,1024,3,9,0,1,2,toy4_gpu_core_neural_output_average_batched_1024_cuda_repeat00,3,neural_policy,output_average,social_optimizer_update,0.09824656299315393
toy4,neural_output_average,batched,batched,cuda,1024,3,9,0,1,2,toy4_gpu_core_neural_output_average_batched_1024_cuda_repeat00,3,neural_policy,output_average,social_loss_update,0.10027677391190082
toy4,neural_output_average,batched,batched,cuda,1024,3,9,0,1,2,toy4_gpu_core_neural_output_average_batched_1024_cuda_repeat00,3,neural_policy,output_average,social_distillation,0.10108334198594093
toy4,neural_output_average,batched,batched,cuda,1024,3,9,0,1,2,toy4_gpu_core_neural_output_average_batched_1024_cuda_repeat00,3,neural_policy,output_average,social_step,0.10111957998014987
toy4,neural_output_average,batched,batched,cuda,1024,3,9,0,1,2,toy4_gpu_core_neural_output_average_batched_1024_cuda_repeat00,3,neural_policy,output_average,sample_actions,7.354072295129299e-06
toy4,neural_output_average,batched,batched,cuda,1024,3,9,0,1,2,toy4_gpu_core_neural_output_average_batched_1024_cuda_repeat00,3,neural_policy,output_average,commit_actions,9.779003448784351e-06
toy4,neural_output_average,batched,batched,cuda,1024,3,9,0,1,2,toy4_gpu_core_neural_output_average_batched_1024_cuda_repeat00,3,neural_policy,output_average,post_step_state_policy,2.768205013126135e-05
toy4,neural_output_average,batched,batched,cuda,1024,3,9,0,1,2,toy4_gpu_core_neural_output_average_batched_1024_cuda_repeat00,3,neural_policy,output_average,update_payoff_ema,3.4795026294887066e-05
toy4,neural_output_average,batched,batched,cuda,1024,3,9,0,1,2,toy4_gpu_core_neural_output_average_batched_1024_cuda_repeat00,3,neural_policy,output_average,update_reputation_ema,2.0358944311738014e-05
toy4,neural_output_average,batched,batched,cuda,1024,3,9,0,1,2,toy4_gpu_core_neural_output_average_batched_1024_cuda_repeat00,3,neural_policy,output_average,mobility_swaps,2.6240013539791107e-05
toy4,neural_output_average,batched,batched,cuda,1024,3,9,0,1,2,toy4_gpu_core_neural_output_average_batched_1024_cuda_repeat00,3,neural_policy,output_average,finalize_hook_step,1.6350066289305687e-05
toy4,neural_output_average,batched,batched,cuda,1024,3,9,0,1,2,toy4_gpu_core_neural_output_average_batched_1024_cuda_repeat00,3,neural_policy,output_average,hooked_step_total,0.14000617002602667
toy4,neural_output_average,batched,batched,cuda,1024,3,9,0,1,2,toy4_gpu_core_neural_output_average_batched_1024_cuda_repeat00,3,neural_policy,output_average,aggregate_row,0.032869023038074374
toy4,neural_output_average,batched,batched,cuda,1024,3,9,0,1,2,toy4_gpu_core_neural_output_average_batched_1024_cuda_repeat00,3,neural_policy,output_average,write_aggregate,8.840602822601795e-05
toy4,neural_output_average,batched,batched,cuda,1024,3,9,1,1,2,toy4_gpu_core_neural_output_average_batched_1024_cuda_repeat01,0,neural_policy,output_average,make_run_dir,0.00021708791609853506
toy4,neural_output_average,batched,batched,cuda,1024,3,9,1,1,2,toy4_gpu_core_neural_output_average_batched_1024_cuda_repeat01,0,neural_policy,output_average,write_metadata,0.002253781887702644
toy4,neural_output_average,batched,batched,cuda,1024,3,9,1,1,2,toy4_gpu_core_neural_output_average_batched_1024_cuda_repeat01,0,neural_policy,output_average,initial_state,0.7122293249703944
toy4,neural_output_average,batched,batched,cuda,1024,3,9,1,1,2,toy4_gpu_core_neural_output_average_batched_1024_cuda_repeat01,0,neural_policy,output_average,writer_setup,0.0005018649389967322
toy4,neural_output_average,batched,batched,cuda,1024,3,9,1,1,2,toy4_gpu_core_neural_output_average_batched_1024_cuda_repeat01,0,neural_policy,output_average,initial_step_result,0.01072139898315072
toy4,neural_output_average,batched,batched,cuda,1024,3,9,1,1,2,toy4_gpu_core_neural_output_average_batched_1024_cuda_repeat01,0,neural_policy,output_average,initial_aggregate_row,0.034322922001592815
toy4,neural_output_average,batched,batched,cuda,1024,3,9,1,1,2,toy4_gpu_core_neural_output_average_batched_1024_cuda_repeat01,0,neural_policy,output_average,write_initial_aggregate,0.00030267902184277773
toy4,neural_output_average,batched,batched,cuda,1024,3,9,1,1,2,toy4_gpu_core_neural_output_average_batched_1024_cuda_repeat01,1,neural_policy,output_average,sample_revision_mask,0.0001543599646538496
toy4,neural_output_average,batched,batched,cuda,1024,3,9,1,1,2,toy4_gpu_core_neural_output_average_batched_1024_cuda_repeat01,1,neural_policy,output_average,build_step_context,3.127800300717354e-05
toy4,neural_output_average,batched,batched,cuda,1024,3,9,1,1,2,toy4_gpu_core_neural_output_average_batched_1024_cuda_repeat01,1,neural_policy,output_average,build_observations,0.008886315976269543
toy4,neural_output_average,batched,batched,cuda,1024,3,9,1,1,2,toy4_gpu_core_neural_output_average_batched_1024_cuda_repeat01,1,neural_policy,output_average,policy_readout,0.0013407940277829766
toy4,neural_output_average,batched,batched,cuda,1024,3,9,1,1,2,toy4_gpu_core_neural_output_average_batched_1024_cuda_repeat01,1,neural_policy,output_average,decision_selection,0.0052208659471943974
toy4,neural_output_average,batched,batched,cuda,1024,3,9,1,1,2,toy4_gpu_core_neural_output_average_batched_1024_cuda_repeat01,1,neural_policy,output_average,local_trainable_parameters,0.00010055897291749716
toy4,neural_output_average,batched,batched,cuda,1024,3,9,1,1,2,toy4_gpu_core_neural_output_average_batched_1024_cuda_repeat01,1,neural_policy,output_average,local_loss_forward,0.0012795990332961082
toy4,neural_output_average,batched,batched,cuda,1024,3,9,1,1,2,toy4_gpu_core_neural_output_average_batched_1024_cuda_repeat01,1,neural_policy,output_average,local_optimizer_update,0.019642200088128448
toy4,neural_output_average,batched,batched,cuda,1024,3,9,1,1,2,toy4_gpu_core_neural_output_average_batched_1024_cuda_repeat01,1,neural_policy,output_average,local_loss_update,0.1840316760353744
toy4,neural_output_average,batched,batched,cuda,1024,3,9,1,1,2,toy4_gpu_core_neural_output_average_batched_1024_cuda_repeat01,1,neural_policy,output_average,local_training,0.18417977506760508
toy4,neural_output_average,batched,batched,cuda,1024,3,9,1,1,2,toy4_gpu_core_neural_output_average_batched_1024_cuda_repeat01,1,neural_policy,output_average,cache_refresh,1.8795020878314972e-05
toy4,neural_output_average,batched,batched,cuda,1024,3,9,1,1,2,toy4_gpu_core_neural_output_average_batched_1024_cuda_repeat01,1,neural_policy,output_average,post_local_readout,0.0002785450778901577
toy4,neural_output_average,batched,batched,cuda,1024,3,9,1,1,2,toy4_gpu_core_neural_output_average_batched_1024_cuda_repeat01,1,neural_policy,output_average,local_step,0.2007116109598428
toy4,neural_output_average,batched,batched,cuda,1024,3,9,1,1,2,toy4_gpu_core_neural_output_average_batched_1024_cuda_repeat01,1,neural_policy,output_average,select_peers,0.00014560401905328035
toy4,neural_output_average,batched,batched,cuda,1024,3,9,1,1,2,toy4_gpu_core_neural_output_average_batched_1024_cuda_repeat01,1,neural_policy,output_average,social_trainable_parameters,6.514298729598522e-05
toy4,neural_output_average,batched,batched,cuda,1024,3,9,1,1,2,toy4_gpu_core_neural_output_average_batched_1024_cuda_repeat01,1,neural_policy,output_average,social_mix,0.0005530499620363116
toy4,neural_output_average,batched,batched,cuda,1024,3,9,1,1,2,toy4_gpu_core_neural_output_average_batched_1024_cuda_repeat01,1,neural_policy,output_average,social_loss_forward,0.000272363075055182
toy4,neural_output_average,batched,batched,cuda,1024,3,9,1,1,2,toy4_gpu_core_neural_output_average_batched_1024_cuda_repeat01,1,neural_policy,output_average,social_optimizer_update,0.0787294110050425
toy4,neural_output_average,batched,batched,cuda,1024,3,9,1,1,2,toy4_gpu_core_neural_output_average_batched_1024_cuda_repeat01,1,neural_policy,output_average,social_loss_update,0.07968228391837329
toy4,neural_output_average,batched,batched,cuda,1024,3,9,1,1,2,toy4_gpu_core_neural_output_average_batched_1024_cuda_repeat01,1,neural_policy,output_average,social_distillation,0.0804607190657407
toy4,neural_output_average,batched,batched,cuda,1024,3,9,1,1,2,toy4_gpu_core_neural_output_average_batched_1024_cuda_repeat01,1,neural_policy,output_average,social_step,0.080491897999309
toy4,neural_output_average,batched,batched,cuda,1024,3,9,1,1,2,toy4_gpu_core_neural_output_average_batched_1024_cuda_repeat01,1,neural_policy,output_average,sample_actions,7.595052011311054e-06
toy4,neural_output_average,batched,batched,cuda,1024,3,9,1,1,2,toy4_gpu_core_neural_output_average_batched_1024_cuda_repeat01,1,neural_policy,output_average,commit_actions,1.3023964129388332e-05
toy4,neural_output_average,batched,batched,cuda,1024,3,9,1,1,2,toy4_gpu_core_neural_output_average_batched_1024_cuda_repeat01,1,neural_policy,output_average,post_step_state_policy,3.653892781585455e-05
toy4,neural_output_average,batched,batched,cuda,1024,3,9,1,1,2,toy4_gpu_core_neural_output_average_batched_1024_cuda_repeat01,1,neural_policy,output_average,update_payoff_ema,4.5876018702983856e-05
toy4,neural_output_average,batched,batched,cuda,1024,3,9,1,1,2,toy4_gpu_core_neural_output_average_batched_1024_cuda_repeat01,1,neural_policy,output_average,update_reputation_ema,2.3294007405638695e-05
toy4,neural_output_average,batched,batched,cuda,1024,3,9,1,1,2,toy4_gpu_core_neural_output_average_batched_1024_cuda_repeat01,1,neural_policy,output_average,mobility_swaps,2.718099858611822e-05
toy4,neural_output_average,batched,batched,cuda,1024,3,9,1,1,2,toy4_gpu_core_neural_output_average_batched_1024_cuda_repeat01,1,neural_policy,output_average,finalize_hook_step,1.6200006939470768e-05
toy4,neural_output_average,batched,batched,cuda,1024,3,9,1,1,2,toy4_gpu_core_neural_output_average_batched_1024_cuda_repeat01,1,neural_policy,output_average,hooked_step_total,0.2829087380087003
toy4,neural_output_average,batched,batched,cuda,1024,3,9,1,1,2,toy4_gpu_core_neural_output_average_batched_1024_cuda_repeat01,1,neural_policy,output_average,aggregate_row,0.03200783301144838
toy4,neural_output_average,batched,batched,cuda,1024,3,9,1,1,2,toy4_gpu_core_neural_output_average_batched_1024_cuda_repeat01,1,neural_policy,output_average,write_aggregate,0.00012561690527945757
toy4,neural_output_average,batched,batched,cuda,1024,3,9,1,1,2,toy4_gpu_core_neural_output_average_batched_1024_cuda_repeat01,2,neural_policy,output_average,sample_revision_mask,4.398298915475607e-05
toy4,neural_output_average,batched,batched,cuda,1024,3,9,1,1,2,toy4_gpu_core_neural_output_average_batched_1024_cuda_repeat01,2,neural_policy,output_average,build_step_context,1.5369034372270107e-05
toy4,neural_output_average,batched,batched,cuda,1024,3,9,1,1,2,toy4_gpu_core_neural_output_average_batched_1024_cuda_repeat01,2,neural_policy,output_average,build_observations,0.008330079028382897
toy4,neural_output_average,batched,batched,cuda,1024,3,9,1,1,2,toy4_gpu_core_neural_output_average_batched_1024_cuda_repeat01,2,neural_policy,output_average,policy_readout,0.0015537840081378818
toy4,neural_output_average,batched,batched,cuda,1024,3,9,1,1,2,toy4_gpu_core_neural_output_average_batched_1024_cuda_repeat01,2,neural_policy,output_average,decision_selection,0.005181662971153855
toy4,neural_output_average,batched,batched,cuda,1024,3,9,1,1,2,toy4_gpu_core_neural_output_average_batched_1024_cuda_repeat01,2,neural_policy,output_average,local_trainable_parameters,0.0001224710140377283
toy4,neural_output_average,batched,batched,cuda,1024,3,9,1,1,2,toy4_gpu_core_neural_output_average_batched_1024_cuda_repeat01,2,neural_policy,output_average,local_loss_forward,0.0009182379581034184
toy4,neural_output_average,batched,batched,cuda,1024,3,9,1,1,2,toy4_gpu_core_neural_output_average_batched_1024_cuda_repeat01,2,neural_policy,output_average,local_optimizer_update,0.01753425202332437
toy4,neural_output_average,batched,batched,cuda,1024,3,9,1,1,2,toy4_gpu_core_neural_output_average_batched_1024_cuda_repeat01,2,neural_policy,output_average,local_loss_update,0.0187359539559111
toy4,neural_output_average,batched,batched,cuda,1024,3,9,1,1,2,toy4_gpu_core_neural_output_average_batched_1024_cuda_repeat01,2,neural_policy,output_average,local_training,0.018911454011686146
toy4,neural_output_average,batched,batched,cuda,1024,3,9,1,1,2,toy4_gpu_core_neural_output_average_batched_1024_cuda_repeat01,2,neural_policy,output_average,cache_refresh,1.8395017832517624e-05
toy4,neural_output_average,batched,batched,cuda,1024,3,9,1,1,2,toy4_gpu_core_neural_output_average_batched_1024_cuda_repeat01,2,neural_policy,output_average,post_local_readout,0.000312939053401351
toy4,neural_output_average,batched,batched,cuda,1024,3,9,1,1,2,toy4_gpu_core_neural_output_average_batched_1024_cuda_repeat01,2,neural_policy,output_average,local_step,0.03509151691105217
toy4,neural_output_average,batched,batched,cuda,1024,3,9,1,1,2,toy4_gpu_core_neural_output_average_batched_1024_cuda_repeat01,2,neural_policy,output_average,select_peers,0.0001837559975683689
toy4,neural_output_average,batched,batched,cuda,1024,3,9,1,1,2,toy4_gpu_core_neural_output_average_batched_1024_cuda_repeat01,2,neural_policy,output_average,social_trainable_parameters,6.622506771236658e-05
toy4,neural_output_average,batched,batched,cuda,1024,3,9,1,1,2,toy4_gpu_core_neural_output_average_batched_1024_cuda_repeat01,2,neural_policy,output_average,social_mix,0.0005801820661872625
toy4,neural_output_average,batched,batched,cuda,1024,3,9,1,1,2,toy4_gpu_core_neural_output_average_batched_1024_cuda_repeat01,2,neural_policy,output_average,social_loss_forward,0.0002423659898340702
toy4,neural_output_average,batched,batched,cuda,1024,3,9,1,1,2,toy4_gpu_core_neural_output_average_batched_1024_cuda_repeat01,2,neural_policy,output_average,social_optimizer_update,0.08090261102188379
toy4,neural_output_average,batched,batched,cuda,1024,3,9,1,1,2,toy4_gpu_core_neural_output_average_batched_1024_cuda_repeat01,2,neural_policy,output_average,social_loss_update,0.08185404201503843
toy4,neural_output_average,batched,batched,cuda,1024,3,9,1,1,2,toy4_gpu_core_neural_output_average_batched_1024_cuda_repeat01,2,neural_policy,output_average,social_distillation,0.08265857608057559
toy4,neural_output_average,batched,batched,cuda,1024,3,9,1,1,2,toy4_gpu_core_neural_output_average_batched_1024_cuda_repeat01,2,neural_policy,output_average,social_step,0.08268977398984134
toy4,neural_output_average,batched,batched,cuda,1024,3,9,1,1,2,toy4_gpu_core_neural_output_average_batched_1024_cuda_repeat01,2,neural_policy,output_average,sample_actions,6.653019227087498e-06
toy4,neural_output_average,batched,batched,cuda,1024,3,9,1,1,2,toy4_gpu_core_neural_output_average_batched_1024_cuda_repeat01,2,neural_policy,output_average,commit_actions,1.275399699807167e-05
toy4,neural_output_average,batched,batched,cuda,1024,3,9,1,1,2,toy4_gpu_core_neural_output_average_batched_1024_cuda_repeat01,2,neural_policy,output_average,post_step_state_policy,3.6066980101168156e-05
toy4,neural_output_average,batched,batched,cuda,1024,3,9,1,1,2,toy4_gpu_core_neural_output_average_batched_1024_cuda_repeat01,2,neural_policy,output_average,update_payoff_ema,4.029599949717522e-05
toy4,neural_output_average,batched,batched,cuda,1024,3,9,1,1,2,toy4_gpu_core_neural_output_average_batched_1024_cuda_repeat01,2,neural_policy,output_average,update_reputation_ema,2.2182008251547813e-05
toy4,neural_output_average,batched,batched,cuda,1024,3,9,1,1,2,toy4_gpu_core_neural_output_average_batched_1024_cuda_repeat01,2,neural_policy,output_average,mobility_swaps,3.142899367958307e-05
toy4,neural_output_average,batched,batched,cuda,1024,3,9,1,1,2,toy4_gpu_core_neural_output_average_batched_1024_cuda_repeat01,2,neural_policy,output_average,finalize_hook_step,1.5247962437570095e-05
toy4,neural_output_average,batched,batched,cuda,1024,3,9,1,1,2,toy4_gpu_core_neural_output_average_batched_1024_cuda_repeat01,2,neural_policy,output_average,hooked_step_total,0.11976745107676834
toy4,neural_output_average,batched,batched,cuda,1024,3,9,1,1,2,toy4_gpu_core_neural_output_average_batched_1024_cuda_repeat01,2,neural_policy,output_average,aggregate_row,0.02709689107723534
toy4,neural_output_average,batched,batched,cuda,1024,3,9,1,1,2,toy4_gpu_core_neural_output_average_batched_1024_cuda_repeat01,2,neural_policy,output_average,write_aggregate,0.00022360100410878658
toy4,neural_output_average,batched,batched,cuda,1024,3,9,1,1,2,toy4_gpu_core_neural_output_average_batched_1024_cuda_repeat01,3,neural_policy,output_average,sample_revision_mask,6.563297938555479e-05
toy4,neural_output_average,batched,batched,cuda,1024,3,9,1,1,2,toy4_gpu_core_neural_output_average_batched_1024_cuda_repeat01,3,neural_policy,output_average,build_step_context,3.000593278557062e-05
toy4,neural_output_average,batched,batched,cuda,1024,3,9,1,1,2,toy4_gpu_core_neural_output_average_batched_1024_cuda_repeat01,3,neural_policy,output_average,build_observations,0.008666121051646769
toy4,neural_output_average,batched,batched,cuda,1024,3,9,1,1,2,toy4_gpu_core_neural_output_average_batched_1024_cuda_repeat01,3,neural_policy,output_average,policy_readout,0.000791149097494781
toy4,neural_output_average,batched,batched,cuda,1024,3,9,1,1,2,toy4_gpu_core_neural_output_average_batched_1024_cuda_repeat01,3,neural_policy,output_average,decision_selection,0.005012925015762448
toy4,neural_output_average,batched,batched,cuda,1024,3,9,1,1,2,toy4_gpu_core_neural_output_average_batched_1024_cuda_repeat01,3,neural_policy,output_average,local_trainable_parameters,0.0001057089539244771
toy4,neural_output_average,batched,batched,cuda,1024,3,9,1,1,2,toy4_gpu_core_neural_output_average_batched_1024_cuda_repeat01,3,neural_policy,output_average,local_loss_forward,0.0006107890512794256
toy4,neural_output_average,batched,batched,cuda,1024,3,9,1,1,2,toy4_gpu_core_neural_output_average_batched_1024_cuda_repeat01,3,neural_policy,output_average,local_optimizer_update,0.021593271987512708
toy4,neural_output_average,batched,batched,cuda,1024,3,9,1,1,2,toy4_gpu_core_neural_output_average_batched_1024_cuda_repeat01,3,neural_policy,output_average,local_loss_update,0.022423824993893504
toy4,neural_output_average,batched,batched,cuda,1024,3,9,1,1,2,toy4_gpu_core_neural_output_average_batched_1024_cuda_repeat01,3,neural_policy,output_average,local_training,0.022583364974707365
toy4,neural_output_average,batched,batched,cuda,1024,3,9,1,1,2,toy4_gpu_core_neural_output_average_batched_1024_cuda_repeat01,3,neural_policy,output_average,cache_refresh,2.1239975467324257e-05
toy4,neural_output_average,batched,batched,cuda,1024,3,9,1,1,2,toy4_gpu_core_neural_output_average_batched_1024_cuda_repeat01,3,neural_policy,output_average,post_local_readout,0.0005271419649943709
toy4,neural_output_average,batched,batched,cuda,1024,3,9,1,1,2,toy4_gpu_core_neural_output_average_batched_1024_cuda_repeat01,3,neural_policy,output_average,local_step,0.03960987203754485
toy4,neural_output_average,batched,batched,cuda,1024,3,9,1,1,2,toy4_gpu_core_neural_output_average_batched_1024_cuda_repeat01,3,neural_policy,output_average,select_peers,0.0008896340150386095
toy4,neural_output_average,batched,batched,cuda,1024,3,9,1,1,2,toy4_gpu_core_neural_output_average_batched_1024_cuda_repeat01,3,neural_policy,output_average,social_trainable_parameters,6.126600783318281e-05
toy4,neural_output_average,batched,batched,cuda,1024,3,9,1,1,2,toy4_gpu_core_neural_output_average_batched_1024_cuda_repeat01,3,neural_policy,output_average,social_mix,0.0005555960815399885
toy4,neural_output_average,batched,batched,cuda,1024,3,9,1,1,2,toy4_gpu_core_neural_output_average_batched_1024_cuda_repeat01,3,neural_policy,output_average,social_loss_forward,0.0002596280537545681
toy4,neural_output_average,batched,batched,cuda,1024,3,9,1,1,2,toy4_gpu_core_neural_output_average_batched_1024_cuda_repeat01,3,neural_policy,output_average,social_optimizer_update,0.08800940692890435
toy4,neural_output_average,batched,batched,cuda,1024,3,9,1,1,2,toy4_gpu_core_neural_output_average_batched_1024_cuda_repeat01,3,neural_policy,output_average,social_loss_update,0.08897898194845766
toy4,neural_output_average,batched,batched,cuda,1024,3,9,1,1,2,toy4_gpu_core_neural_output_average_batched_1024_cuda_repeat01,3,neural_policy,output_average,social_distillation,0.09013394603971392
toy4,neural_output_average,batched,batched,cuda,1024,3,9,1,1,2,toy4_gpu_core_neural_output_average_batched_1024_cuda_repeat01,3,neural_policy,output_average,social_step,0.09017954196315259
toy4,neural_output_average,batched,batched,cuda,1024,3,9,1,1,2,toy4_gpu_core_neural_output_average_batched_1024_cuda_repeat01,3,neural_policy,output_average,sample_actions,1.171301119029522e-05
toy4,neural_output_average,batched,batched,cuda,1024,3,9,1,1,2,toy4_gpu_core_neural_output_average_batched_1024_cuda_repeat01,3,neural_policy,output_average,commit_actions,1.8505030311644077e-05
toy4,neural_output_average,batched,batched,cuda,1024,3,9,1,1,2,toy4_gpu_core_neural_output_average_batched_1024_cuda_repeat01,3,neural_policy,output_average,post_step_state_policy,5.04049239680171e-05
toy4,neural_output_average,batched,batched,cuda,1024,3,9,1,1,2,toy4_gpu_core_neural_output_average_batched_1024_cuda_repeat01,3,neural_policy,output_average,update_payoff_ema,8.489005267620087e-05
toy4,neural_output_average,batched,batched,cuda,1024,3,9,1,1,2,toy4_gpu_core_neural_output_average_batched_1024_cuda_repeat01,3,neural_policy,output_average,update_reputation_ema,6.565405055880547e-05
toy4,neural_output_average,batched,batched,cuda,1024,3,9,1,1,2,toy4_gpu_core_neural_output_average_batched_1024_cuda_repeat01,3,neural_policy,output_average,mobility_swaps,7.12340697646141e-05
toy4,neural_output_average,batched,batched,cuda,1024,3,9,1,1,2,toy4_gpu_core_neural_output_average_batched_1024_cuda_repeat01,3,neural_policy,output_average,finalize_hook_step,5.972292274236679e-05
toy4,neural_output_average,batched,batched,cuda,1024,3,9,1,1,2,toy4_gpu_core_neural_output_average_batched_1024_cuda_repeat01,3,neural_policy,output_average,hooked_step_total,0.13400182302575558
toy4,neural_output_average,batched,batched,cuda,1024,3,9,1,1,2,toy4_gpu_core_neural_output_average_batched_1024_cuda_repeat01,3,neural_policy,output_average,aggregate_row,0.025888485950417817
toy4,neural_output_average,batched,batched,cuda,1024,3,9,1,1,2,toy4_gpu_core_neural_output_average_batched_1024_cuda_repeat01,3,neural_policy,output_average,write_aggregate,8.453894406557083e-05
toy5,neural_output_average,batched,batched,cpu,1024,3,9,0,1,2,toy5_gpu_core_neural_output_average_batched_1024_cpu_repeat00,0,neural_policy,output_average,make_run_dir,0.0002099249977618456
toy5,neural_output_average,batched,batched,cpu,1024,3,9,0,1,2,toy5_gpu_core_neural_output_average_batched_1024_cpu_repeat00,0,neural_policy,output_average,write_metadata,0.0020452890312299132
toy5,neural_output_average,batched,batched,cpu,1024,3,9,0,1,2,toy5_gpu_core_neural_output_average_batched_1024_cpu_repeat00,0,neural_policy,output_average,initial_state,0.44656738301273435
toy5,neural_output_average,batched,batched,cpu,1024,3,9,0,1,2,toy5_gpu_core_neural_output_average_batched_1024_cpu_repeat00,0,neural_policy,output_average,writer_setup,0.0006127230590209365
toy5,neural_output_average,batched,batched,cpu,1024,3,9,0,1,2,toy5_gpu_core_neural_output_average_batched_1024_cpu_repeat00,0,neural_policy,output_average,initial_step_result,0.10784262302331626
toy5,neural_output_average,batched,batched,cpu,1024,3,9,0,1,2,toy5_gpu_core_neural_output_average_batched_1024_cpu_repeat00,0,neural_policy,output_average,initial_aggregate_row,0.008954984950833023
toy5,neural_output_average,batched,batched,cpu,1024,3,9,0,1,2,toy5_gpu_core_neural_output_average_batched_1024_cpu_repeat00,0,neural_policy,output_average,write_initial_aggregate,4.055595491081476e-05
toy5,neural_output_average,batched,batched,cpu,1024,3,9,0,1,2,toy5_gpu_core_neural_output_average_batched_1024_cpu_repeat00,1,neural_policy,output_average,sample_revision_mask,9.607989341020584e-06
toy5,neural_output_average,batched,batched,cpu,1024,3,9,0,1,2,toy5_gpu_core_neural_output_average_batched_1024_cpu_repeat00,1,neural_policy,output_average,build_step_context,0.0026096620131284
toy5,neural_output_average,batched,batched,cpu,1024,3,9,0,1,2,toy5_gpu_core_neural_output_average_batched_1024_cpu_repeat00,1,neural_policy,output_average,build_observations,0.0043198809726163745
toy5,neural_output_average,batched,batched,cpu,1024,3,9,0,1,2,toy5_gpu_core_neural_output_average_batched_1024_cpu_repeat00,1,neural_policy,output_average,policy_readout,0.0013595189666375518
toy5,neural_output_average,batched,batched,cpu,1024,3,9,0,1,2,toy5_gpu_core_neural_output_average_batched_1024_cpu_repeat00,1,neural_policy,output_average,decision_selection,0.0008600589353591204
toy5,neural_output_average,batched,batched,cpu,1024,3,9,0,1,2,toy5_gpu_core_neural_output_average_batched_1024_cpu_repeat00,1,neural_policy,output_average,local_trainable_parameters,0.0005478410748764873
toy5,neural_output_average,batched,batched,cpu,1024,3,9,0,1,2,toy5_gpu_core_neural_output_average_batched_1024_cpu_repeat00,1,neural_policy,output_average,local_loss_forward,0.0013908069813624024
toy5,neural_output_average,batched,batched,cpu,1024,3,9,0,1,2,toy5_gpu_core_neural_output_average_batched_1024_cpu_repeat00,1,neural_policy,output_average,local_optimizer_update,0.016331890015862882
toy5,neural_output_average,batched,batched,cpu,1024,3,9,0,1,2,toy5_gpu_core_neural_output_average_batched_1024_cpu_repeat00,1,neural_policy,output_average,local_loss_update,0.07408048503566533
toy5,neural_output_average,batched,batched,cpu,1024,3,9,0,1,2,toy5_gpu_core_neural_output_average_batched_1024_cpu_repeat00,1,neural_policy,output_average,local_training,0.07466498494613916
toy5,neural_output_average,batched,batched,cpu,1024,3,9,0,1,2,toy5_gpu_core_neural_output_average_batched_1024_cpu_repeat00,1,neural_policy,output_average,cache_refresh,9.168055839836597e-06
toy5,neural_output_average,batched,batched,cpu,1024,3,9,0,1,2,toy5_gpu_core_neural_output_average_batched_1024_cpu_repeat00,1,neural_policy,output_average,post_local_readout,0.0003116769948974252
toy5,neural_output_average,batched,batched,cpu,1024,3,9,0,1,2,toy5_gpu_core_neural_output_average_batched_1024_cpu_repeat00,1,neural_policy,output_average,local_step,0.08184471901040524
toy5,neural_output_average,batched,batched,cpu,1024,3,9,0,1,2,toy5_gpu_core_neural_output_average_batched_1024_cpu_repeat00,1,neural_policy,output_average,select_peers,6.718607619404793e-05
toy5,neural_output_average,batched,batched,cpu,1024,3,9,0,1,2,toy5_gpu_core_neural_output_average_batched_1024_cpu_repeat00,1,neural_policy,output_average,social_trainable_parameters,0.00021443399600684643
toy5,neural_output_average,batched,batched,cpu,1024,3,9,0,1,2,toy5_gpu_core_neural_output_average_batched_1024_cpu_repeat00,1,neural_policy,output_average,social_mix,0.0005552959628403187
toy5,neural_output_average,batched,batched,cpu,1024,3,9,0,1,2,toy5_gpu_core_neural_output_average_batched_1024_cpu_repeat00,1,neural_policy,output_average,social_loss_forward,0.00035952706821262836
toy5,neural_output_average,batched,batched,cpu,1024,3,9,0,1,2,toy5_gpu_core_neural_output_average_batched_1024_cpu_repeat00,1,neural_policy,output_average,social_optimizer_update,0.04245956800878048
toy5,neural_output_average,batched,batched,cpu,1024,3,9,0,1,2,toy5_gpu_core_neural_output_average_batched_1024_cpu_repeat00,1,neural_policy,output_average,social_loss_update,0.04348762193694711
toy5,neural_output_average,batched,batched,cpu,1024,3,9,0,1,2,toy5_gpu_core_neural_output_average_batched_1024_cpu_repeat00,1,neural_policy,output_average,social_distillation,0.04428915202151984
toy5,neural_output_average,batched,batched,cpu,1024,3,9,0,1,2,toy5_gpu_core_neural_output_average_batched_1024_cpu_repeat00,1,neural_policy,output_average,social_step,0.04430961003527045
toy5,neural_output_average,batched,batched,cpu,1024,3,9,0,1,2,toy5_gpu_core_neural_output_average_batched_1024_cpu_repeat00,1,neural_policy,output_average,sample_actions,1.9440194591879845e-06
toy5,neural_output_average,batched,batched,cpu,1024,3,9,0,1,2,toy5_gpu_core_neural_output_average_batched_1024_cpu_repeat00,1,neural_policy,output_average,commit_actions,5.793897435069084e-05
toy5,neural_output_average,batched,batched,cpu,1024,3,9,0,1,2,toy5_gpu_core_neural_output_average_batched_1024_cpu_repeat00,1,neural_policy,output_average,post_step_state_policy,1.9357074052095413e-05
toy5,neural_output_average,batched,batched,cpu,1024,3,9,0,1,2,toy5_gpu_core_neural_output_average_batched_1024_cpu_repeat00,1,neural_policy,output_average,update_reputation_ema,2.6919995434582233e-05
toy5,neural_output_average,batched,batched,cpu,1024,3,9,0,1,2,toy5_gpu_core_neural_output_average_batched_1024_cpu_repeat00,1,neural_policy,output_average,finalize_hook_step,3.8068974390625954e-06
toy5,neural_output_average,batched,batched,cpu,1024,3,9,0,1,2,toy5_gpu_core_neural_output_average_batched_1024_cpu_repeat00,1,neural_policy,output_average,hooked_step_total,0.12997127301059663
toy5,neural_output_average,batched,batched,cpu,1024,3,9,0,1,2,toy5_gpu_core_neural_output_average_batched_1024_cpu_repeat00,1,neural_policy,output_average,aggregate_row,0.01040593592915684
toy5,neural_output_average,batched,batched,cpu,1024,3,9,0,1,2,toy5_gpu_core_neural_output_average_batched_1024_cpu_repeat00,1,neural_policy,output_average,write_aggregate,7.415004074573517e-05
toy5,neural_output_average,batched,batched,cpu,1024,3,9,0,1,2,toy5_gpu_core_neural_output_average_batched_1024_cpu_repeat00,2,neural_policy,output_average,sample_revision_mask,2.2351974621415138e-05
toy5,neural_output_average,batched,batched,cpu,1024,3,9,0,1,2,toy5_gpu_core_neural_output_average_batched_1024_cpu_repeat00,2,neural_policy,output_average,build_step_context,0.0027200599433854222
toy5,neural_output_average,batched,batched,cpu,1024,3,9,0,1,2,toy5_gpu_core_neural_output_average_batched_1024_cpu_repeat00,2,neural_policy,output_average,build_observations,0.004181049996986985
toy5,neural_output_average,batched,batched,cpu,1024,3,9,0,1,2,toy5_gpu_core_neural_output_average_batched_1024_cpu_repeat00,2,neural_policy,output_average,policy_readout,0.00031327002216130495
toy5,neural_output_average,batched,batched,cpu,1024,3,9,0,1,2,toy5_gpu_core_neural_output_average_batched_1024_cpu_repeat00,2,neural_policy,output_average,decision_selection,0.0005035180365666747
toy5,neural_output_average,batched,batched,cpu,1024,3,9,0,1,2,toy5_gpu_core_neural_output_average_batched_1024_cpu_repeat00,2,neural_policy,output_average,local_trainable_parameters,0.0002303029177710414
toy5,neural_output_average,batched,batched,cpu,1024,3,9,0,1,2,toy5_gpu_core_neural_output_average_batched_1024_cpu_repeat00,2,neural_policy,output_average,local_loss_forward,0.0005484230350703001
toy5,neural_output_average,batched,batched,cpu,1024,3,9,0,1,2,toy5_gpu_core_neural_output_average_batched_1024_cpu_repeat00,2,neural_policy,output_average,local_optimizer_update,0.014102875022217631
toy5,neural_output_average,batched,batched,cpu,1024,3,9,0,1,2,toy5_gpu_core_neural_output_average_batched_1024_cpu_repeat00,2,neural_policy,output_average,local_loss_update,0.01478412700816989
toy5,neural_output_average,batched,batched,cpu,1024,3,9,0,1,2,toy5_gpu_core_neural_output_average_batched_1024_cpu_repeat00,2,neural_policy,output_average,local_training,0.015052321017719805
toy5,neural_output_average,batched,batched,cpu,1024,3,9,0,1,2,toy5_gpu_core_neural_output_average_batched_1024_cpu_repeat00,2,neural_policy,output_average,cache_refresh,5.7710567489266396e-06
toy5,neural_output_average,batched,batched,cpu,1024,3,9,0,1,2,toy5_gpu_core_neural_output_average_batched_1024_cpu_repeat00,2,neural_policy,output_average,post_local_readout,0.00023501296527683735
toy5,neural_output_average,batched,batched,cpu,1024,3,9,0,1,2,toy5_gpu_core_neural_output_average_batched_1024_cpu_repeat00,2,neural_policy,output_average,local_step,0.020651992061175406
toy5,neural_output_average,batched,batched,cpu,1024,3,9,0,1,2,toy5_gpu_core_neural_output_average_batched_1024_cpu_repeat00,2,neural_policy,output_average,select_peers,5.3841969929635525e-05
toy5,neural_output_average,batched,batched,cpu,1024,3,9,0,1,2,toy5_gpu_core_neural_output_average_batched_1024_cpu_repeat00,2,neural_policy,output_average,social_trainable_parameters,9.323598351329565e-05
toy5,neural_output_average,batched,batched,cpu,1024,3,9,0,1,2,toy5_gpu_core_neural_output_average_batched_1024_cpu_repeat00,2,neural_policy,output_average,social_mix,0.0006620960775762796
toy5,neural_output_average,batched,batched,cpu,1024,3,9,0,1,2,toy5_gpu_core_neural_output_average_batched_1024_cpu_repeat00,2,neural_policy,output_average,social_loss_forward,0.000343646970577538
toy5,neural_output_average,batched,batched,cpu,1024,3,9,0,1,2,toy5_gpu_core_neural_output_average_batched_1024_cpu_repeat00,2,neural_policy,output_average,social_optimizer_update,0.0481236589839682
toy5,neural_output_average,batched,batched,cpu,1024,3,9,0,1,2,toy5_gpu_core_neural_output_average_batched_1024_cpu_repeat00,2,neural_policy,output_average,social_loss_update,0.04928476398345083
toy5,neural_output_average,batched,batched,cpu,1024,3,9,0,1,2,toy5_gpu_core_neural_output_average_batched_1024_cpu_repeat00,2,neural_policy,output_average,social_distillation,0.05009129294194281
toy5,neural_output_average,batched,batched,cpu,1024,3,9,0,1,2,toy5_gpu_core_neural_output_average_batched_1024_cpu_repeat00,2,neural_policy,output_average,social_step,0.050109946983866394
toy5,neural_output_average,batched,batched,cpu,1024,3,9,0,1,2,toy5_gpu_core_neural_output_average_batched_1024_cpu_repeat00,2,neural_policy,output_average,sample_actions,1.3230601325631142e-06
toy5,neural_output_average,batched,batched,cpu,1024,3,9,0,1,2,toy5_gpu_core_neural_output_average_batched_1024_cpu_repeat00,2,neural_policy,output_average,commit_actions,4.619709216058254e-05
toy5,neural_output_average,batched,batched,cpu,1024,3,9,0,1,2,toy5_gpu_core_neural_output_average_batched_1024_cpu_repeat00,2,neural_policy,output_average,post_step_state_policy,1.8764985725283623e-05
toy5,neural_output_average,batched,batched,cpu,1024,3,9,0,1,2,toy5_gpu_core_neural_output_average_batched_1024_cpu_repeat00,2,neural_policy,output_average,update_reputation_ema,2.8372975066304207e-05
toy5,neural_output_average,batched,batched,cpu,1024,3,9,0,1,2,toy5_gpu_core_neural_output_average_batched_1024_cpu_repeat00,2,neural_policy,output_average,finalize_hook_step,3.005960024893284e-06
toy5,neural_output_average,batched,batched,cpu,1024,3,9,0,1,2,toy5_gpu_core_neural_output_average_batched_1024_cpu_repeat00,2,neural_policy,output_average,hooked_step_total,0.07450961193535477
toy5,neural_output_average,batched,batched,cpu,1024,3,9,0,1,2,toy5_gpu_core_neural_output_average_batched_1024_cpu_repeat00,2,neural_policy,output_average,aggregate_row,0.011346105951815844
toy5,neural_output_average,batched,batched,cpu,1024,3,9,0,1,2,toy5_gpu_core_neural_output_average_batched_1024_cpu_repeat00,2,neural_policy,output_average,write_aggregate,5.3921015933156013e-05
toy5,neural_output_average,batched,batched,cpu,1024,3,9,0,1,2,toy5_gpu_core_neural_output_average_batched_1024_cpu_repeat00,3,neural_policy,output_average,sample_revision_mask,1.3084965758025646e-05
toy5,neural_output_average,batched,batched,cpu,1024,3,9,0,1,2,toy5_gpu_core_neural_output_average_batched_1024_cpu_repeat00,3,neural_policy,output_average,build_step_context,0.0027275040047243237
toy5,neural_output_average,batched,batched,cpu,1024,3,9,0,1,2,toy5_gpu_core_neural_output_average_batched_1024_cpu_repeat00,3,neural_policy,output_average,build_observations,0.004163295961916447
toy5,neural_output_average,batched,batched,cpu,1024,3,9,0,1,2,toy5_gpu_core_neural_output_average_batched_1024_cpu_repeat00,3,neural_policy,output_average,policy_readout,0.0004007640527561307
toy5,neural_output_average,batched,batched,cpu,1024,3,9,0,1,2,toy5_gpu_core_neural_output_average_batched_1024_cpu_repeat00,3,neural_policy,output_average,decision_selection,0.0003587660612538457
toy5,neural_output_average,batched,batched,cpu,1024,3,9,0,1,2,toy5_gpu_core_neural_output_average_batched_1024_cpu_repeat00,3,neural_policy,output_average,local_trainable_parameters,0.00026869599241763353
toy5,neural_output_average,batched,batched,cpu,1024,3,9,0,1,2,toy5_gpu_core_neural_output_average_batched_1024_cpu_repeat00,3,neural_policy,output_average,local_loss_forward,0.0004714180249720812
toy5,neural_output_average,batched,batched,cpu,1024,3,9,0,1,2,toy5_gpu_core_neural_output_average_batched_1024_cpu_repeat00,3,neural_policy,output_average,local_optimizer_update,0.019531521946191788
toy5,neural_output_average,batched,batched,cpu,1024,3,9,0,1,2,toy5_gpu_core_neural_output_average_batched_1024_cpu_repeat00,3,neural_policy,output_average,local_loss_update,0.02014230191707611
toy5,neural_output_average,batched,batched,cpu,1024,3,9,0,1,2,toy5_gpu_core_neural_output_average_batched_1024_cpu_repeat00,3,neural_policy,output_average,local_training,0.02043846994638443
toy5,neural_output_average,batched,batched,cpu,1024,3,9,0,1,2,toy5_gpu_core_neural_output_average_batched_1024_cpu_repeat00,3,neural_policy,output_average,cache_refresh,5.4299598559737206e-06
toy5,neural_output_average,batched,batched,cpu,1024,3,9,0,1,2,toy5_gpu_core_neural_output_average_batched_1024_cpu_repeat00,3,neural_policy,output_average,post_local_readout,0.0002929921029135585
toy5,neural_output_average,batched,batched,cpu,1024,3,9,0,1,2,toy5_gpu_core_neural_output_average_batched_1024_cpu_repeat00,3,neural_policy,output_average,local_step,0.02588823705445975
toy5,neural_output_average,batched,batched,cpu,1024,3,9,0,1,2,toy5_gpu_core_neural_output_average_batched_1024_cpu_repeat00,3,neural_policy,output_average,select_peers,5.5634998716413975e-05
toy5,neural_output_average,batched,batched,cpu,1024,3,9,0,1,2,toy5_gpu_core_neural_output_average_batched_1024_cpu_repeat00,3,neural_policy,output_average,social_trainable_parameters,0.00014419096987694502
toy5,neural_output_average,batched,batched,cpu,1024,3,9,0,1,2,toy5_gpu_core_neural_output_average_batched_1024_cpu_repeat00,3,neural_policy,output_average,social_mix,0.0005422000540420413
toy5,neural_output_average,batched,batched,cpu,1024,3,9,0,1,2,toy5_gpu_core_neural_output_average_batched_1024_cpu_repeat00,3,neural_policy,output_average,social_loss_forward,0.0002753289882093668
toy5,neural_output_average,batched,batched,cpu,1024,3,9,0,1,2,toy5_gpu_core_neural_output_average_batched_1024_cpu_repeat00,3,neural_policy,output_average,social_optimizer_update,0.04935367498546839
toy5,neural_output_average,batched,batched,cpu,1024,3,9,0,1,2,toy5_gpu_core_neural_output_average_batched_1024_cpu_repeat00,3,neural_policy,output_average,social_loss_update,0.05029913398902863
toy5,neural_output_average,batched,batched,cpu,1024,3,9,0,1,2,toy5_gpu_core_neural_output_average_batched_1024_cpu_repeat00,3,neural_policy,output_average,social_distillation,0.05110502103343606
toy5,neural_output_average,batched,batched,cpu,1024,3,9,0,1,2,toy5_gpu_core_neural_output_average_batched_1024_cpu_repeat00,3,neural_policy,output_average,social_step,0.051144413999281824
toy5,neural_output_average,batched,batched,cpu,1024,3,9,0,1,2,toy5_gpu_core_neural_output_average_batched_1024_cpu_repeat00,3,neural_policy,output_average,sample_actions,1.8640421330928802e-06
toy5,neural_output_average,batched,batched,cpu,1024,3,9,0,1,2,toy5_gpu_core_neural_output_average_batched_1024_cpu_repeat00,3,neural_policy,output_average,commit_actions,6.458209827542305e-05
toy5,neural_output_average,batched,batched,cpu,1024,3,9,0,1,2,toy5_gpu_core_neural_output_average_batched_1024_cpu_repeat00,3,neural_policy,output_average,post_step_state_policy,1.9907020032405853e-05
toy5,neural_output_average,batched,batched,cpu,1024,3,9,0,1,2,toy5_gpu_core_neural_output_average_batched_1024_cpu_repeat00,3,neural_policy,output_average,update_reputation_ema,3.6929966881871223e-05
toy5,neural_output_average,batched,batched,cpu,1024,3,9,0,1,2,toy5_gpu_core_neural_output_average_batched_1024_cpu_repeat00,3,neural_policy,output_average,finalize_hook_step,3.1960662454366684e-06
toy5,neural_output_average,batched,batched,cpu,1024,3,9,0,1,2,toy5_gpu_core_neural_output_average_batched_1024_cpu_repeat00,3,neural_policy,output_average,hooked_step_total,0.08097646397072822
toy5,neural_output_average,batched,batched,cpu,1024,3,9,0,1,2,toy5_gpu_core_neural_output_average_batched_1024_cpu_repeat00,3,neural_policy,output_average,aggregate_row,0.011706565041095018
toy5,neural_output_average,batched,batched,cpu,1024,3,9,0,1,2,toy5_gpu_core_neural_output_average_batched_1024_cpu_repeat00,3,neural_policy,output_average,write_aggregate,5.4021948017179966e-05
toy5,neural_output_average,batched,batched,cpu,1024,3,9,1,1,2,toy5_gpu_core_neural_output_average_batched_1024_cpu_repeat01,0,neural_policy,output_average,make_run_dir,0.00023410108406096697
toy5,neural_output_average,batched,batched,cpu,1024,3,9,1,1,2,toy5_gpu_core_neural_output_average_batched_1024_cpu_repeat01,0,neural_policy,output_average,write_metadata,0.0020896029891446233
toy5,neural_output_average,batched,batched,cpu,1024,3,9,1,1,2,toy5_gpu_core_neural_output_average_batched_1024_cpu_repeat01,0,neural_policy,output_average,initial_state,0.4279839239316061
toy5,neural_output_average,batched,batched,cpu,1024,3,9,1,1,2,toy5_gpu_core_neural_output_average_batched_1024_cpu_repeat01,0,neural_policy,output_average,writer_setup,0.0003410419449210167
toy5,neural_output_average,batched,batched,cpu,1024,3,9,1,1,2,toy5_gpu_core_neural_output_average_batched_1024_cpu_repeat01,0,neural_policy,output_average,initial_step_result,0.001621271949261427
toy5,neural_output_average,batched,batched,cpu,1024,3,9,1,1,2,toy5_gpu_core_neural_output_average_batched_1024_cpu_repeat01,0,neural_policy,output_average,initial_aggregate_row,0.008997686090879142
toy5,neural_output_average,batched,batched,cpu,1024,3,9,1,1,2,toy5_gpu_core_neural_output_average_batched_1024_cpu_repeat01,0,neural_policy,output_average,write_initial_aggregate,3.5766977816820145e-05
toy5,neural_output_average,batched,batched,cpu,1024,3,9,1,1,2,toy5_gpu_core_neural_output_average_batched_1024_cpu_repeat01,1,neural_policy,output_average,sample_revision_mask,9.607989341020584e-06
toy5,neural_output_average,batched,batched,cpu,1024,3,9,1,1,2,toy5_gpu_core_neural_output_average_batched_1024_cpu_repeat01,1,neural_policy,output_average,build_step_context,0.0026610189815983176
toy5,neural_output_average,batched,batched,cpu,1024,3,9,1,1,2,toy5_gpu_core_neural_output_average_batched_1024_cpu_repeat01,1,neural_policy,output_average,build_observations,0.004175228998064995
toy5,neural_output_average,batched,batched,cpu,1024,3,9,1,1,2,toy5_gpu_core_neural_output_average_batched_1024_cpu_repeat01,1,neural_policy,output_average,policy_readout,0.001672248006798327
toy5,neural_output_average,batched,batched,cpu,1024,3,9,1,1,2,toy5_gpu_core_neural_output_average_batched_1024_cpu_repeat01,1,neural_policy,output_average,decision_selection,0.0008456219220533967
toy5,neural_output_average,batched,batched,cpu,1024,3,9,1,1,2,toy5_gpu_core_neural_output_average_batched_1024_cpu_repeat01,1,neural_policy,output_average,local_trainable_parameters,0.0004208420868963003
toy5,neural_output_average,batched,batched,cpu,1024,3,9,1,1,2,toy5_gpu_core_neural_output_average_batched_1024_cpu_repeat01,1,neural_policy,output_average,local_loss_forward,0.0014623929746448994
toy5,neural_output_average,batched,batched,cpu,1024,3,9,1,1,2,toy5_gpu_core_neural_output_average_batched_1024_cpu_repeat01,1,neural_policy,output_average,local_optimizer_update,0.0170572450151667
toy5,neural_output_average,batched,batched,cpu,1024,3,9,1,1,2,toy5_gpu_core_neural_output_average_batched_1024_cpu_repeat01,1,neural_policy,output_average,local_loss_update,0.07941439689602703
toy5,neural_output_average,batched,batched,cpu,1024,3,9,1,1,2,toy5_gpu_core_neural_output_average_batched_1024_cpu_repeat01,1,neural_policy,output_average,local_training,0.07986543606966734
toy5,neural_output_average,batched,batched,cpu,1024,3,9,1,1,2,toy5_gpu_core_neural_output_average_batched_1024_cpu_repeat01,1,neural_policy,output_average,cache_refresh,1.0859919711947441e-05
toy5,neural_output_average,batched,batched,cpu,1024,3,9,1,1,2,toy5_gpu_core_neural_output_average_batched_1024_cpu_repeat01,1,neural_policy,output_average,post_local_readout,0.00029718002770096064
toy5,neural_output_average,batched,batched,cpu,1024,3,9,1,1,2,toy5_gpu_core_neural_output_average_batched_1024_cpu_repeat01,1,neural_policy,output_average,local_step,0.08718509296886623
toy5,neural_output_average,batched,batched,cpu,1024,3,9,1,1,2,toy5_gpu_core_neural_output_average_batched_1024_cpu_repeat01,1,neural_policy,output_average,select_peers,5.244894418865442e-05
toy5,neural_output_average,batched,batched,cpu,1024,3,9,1,1,2,toy5_gpu_core_neural_output_average_batched_1024_cpu_repeat01,1,neural_policy,output_average,social_trainable_parameters,8.525094017386436e-05
toy5,neural_output_average,batched,batched,cpu,1024,3,9,1,1,2,toy5_gpu_core_neural_output_average_batched_1024_cpu_repeat01,1,neural_policy,output_average,social_mix,0.00047556497156620026
toy5,neural_output_average,batched,batched,cpu,1024,3,9,1,1,2,toy5_gpu_core_neural_output_average_batched_1024_cpu_repeat01,1,neural_policy,output_average,social_loss_forward,0.0002624939661473036
toy5,neural_output_average,batched,batched,cpu,1024,3,9,1,1,2,toy5_gpu_core_neural_output_average_batched_1024_cpu_repeat01,1,neural_policy,output_average,social_optimizer_update,0.04360105702653527
toy5,neural_output_average,batched,batched,cpu,1024,3,9,1,1,2,toy5_gpu_core_neural_output_average_batched_1024_cpu_repeat01,1,neural_policy,output_average,social_loss_update,0.0444564470089972
toy5,neural_output_average,batched,batched,cpu,1024,3,9,1,1,2,toy5_gpu_core_neural_output_average_batched_1024_cpu_repeat01,1,neural_policy,output_average,social_distillation,0.04517514002509415
toy5,neural_output_average,batched,batched,cpu,1024,3,9,1,1,2,toy5_gpu_core_neural_output_average_batched_1024_cpu_repeat01,1,neural_policy,output_average,social_step,0.04520147992298007
toy5,neural_output_average,batched,batched,cpu,1024,3,9,1,1,2,toy5_gpu_core_neural_output_average_batched_1024_cpu_repeat01,1,neural_policy,output_average,sample_actions,1.4819670468568802e-06
toy5,neural_output_average,batched,batched,cpu,1024,3,9,1,1,2,toy5_gpu_core_neural_output_average_batched_1024_cpu_repeat01,1,neural_policy,output_average,commit_actions,5.6446995586156845e-05
toy5,neural_output_average,batched,batched,cpu,1024,3,9,1,1,2,toy5_gpu_core_neural_output_average_batched_1024_cpu_repeat01,1,neural_policy,output_average,post_step_state_policy,2.950499765574932e-05
toy5,neural_output_average,batched,batched,cpu,1024,3,9,1,1,2,toy5_gpu_core_neural_output_average_batched_1024_cpu_repeat01,1,neural_policy,output_average,update_reputation_ema,3.857200499624014e-05
toy5,neural_output_average,batched,batched,cpu,1024,3,9,1,1,2,toy5_gpu_core_neural_output_average_batched_1024_cpu_repeat01,1,neural_policy,output_average,finalize_hook_step,3.597000613808632e-06
toy5,neural_output_average,batched,batched,cpu,1024,3,9,1,1,2,toy5_gpu_core_neural_output_average_batched_1024_cpu_repeat01,1,neural_policy,output_average,hooked_step_total,0.13621878495905548
toy5,neural_output_average,batched,batched,cpu,1024,3,9,1,1,2,toy5_gpu_core_neural_output_average_batched_1024_cpu_repeat01,1,neural_policy,output_average,aggregate_row,0.011539881001226604
toy5,neural_output_average,batched,batched,cpu,1024,3,9,1,1,2,toy5_gpu_core_neural_output_average_batched_1024_cpu_repeat01,1,neural_policy,output_average,write_aggregate,4.975404590368271e-05
toy5,neural_output_average,batched,batched,cpu,1024,3,9,1,1,2,toy5_gpu_core_neural_output_average_batched_1024_cpu_repeat01,2,neural_policy,output_average,sample_revision_mask,1.6421079635620117e-05
toy5,neural_output_average,batched,batched,cpu,1024,3,9,1,1,2,toy5_gpu_core_neural_output_average_batched_1024_cpu_repeat01,2,neural_policy,output_average,build_step_context,0.0026732819387689233
toy5,neural_output_average,batched,batched,cpu,1024,3,9,1,1,2,toy5_gpu_core_neural_output_average_batched_1024_cpu_repeat01,2,neural_policy,output_average,build_observations,0.0041280200239270926
toy5,neural_output_average,batched,batched,cpu,1024,3,9,1,1,2,toy5_gpu_core_neural_output_average_batched_1024_cpu_repeat01,2,neural_policy,output_average,policy_readout,0.0003983699716627598
toy5,neural_output_average,batched,batched,cpu,1024,3,9,1,1,2,toy5_gpu_core_neural_output_average_batched_1024_cpu_repeat01,2,neural_policy,output_average,decision_selection,0.0007303450256586075
toy5,neural_output_average,batched,batched,cpu,1024,3,9,1,1,2,toy5_gpu_core_neural_output_average_batched_1024_cpu_repeat01,2,neural_policy,output_average,local_trainable_parameters,0.00023030408192425966
toy5,neural_output_average,batched,batched,cpu,1024,3,9,1,1,2,toy5_gpu_core_neural_output_average_batched_1024_cpu_repeat01,2,neural_policy,output_average,local_loss_forward,0.0005302779609337449
toy5,neural_output_average,batched,batched,cpu,1024,3,9,1,1,2,toy5_gpu_core_neural_output_average_batched_1024_cpu_repeat01,2,neural_policy,output_average,local_optimizer_update,0.023205116973258555
toy5,neural_output_average,batched,batched,cpu,1024,3,9,1,1,2,toy5_gpu_core_neural_output_average_batched_1024_cpu_repeat01,2,neural_policy,output_average,local_loss_update,0.023880940047092736
toy5,neural_output_average,batched,batched,cpu,1024,3,9,1,1,2,toy5_gpu_core_neural_output_average_batched_1024_cpu_repeat01,2,neural_policy,output_average,local_training,0.024142501992173493
toy5,neural_output_average,batched,batched,cpu,1024,3,9,1,1,2,toy5_gpu_core_neural_output_average_batched_1024_cpu_repeat01,2,neural_policy,output_average,cache_refresh,6.412039510905743e-06
toy5,neural_output_average,batched,batched,cpu,1024,3,9,1,1,2,toy5_gpu_core_neural_output_average_batched_1024_cpu_repeat01,2,neural_policy,output_average,post_local_readout,0.00028213101904839277
toy5,neural_output_average,batched,batched,cpu,1024,3,9,1,1,2,toy5_gpu_core_neural_output_average_batched_1024_cpu_repeat01,2,neural_policy,output_average,local_step,0.029942519031465054
toy5,neural_output_average,batched,batched,cpu,1024,3,9,1,1,2,toy5_gpu_core_neural_output_average_batched_1024_cpu_repeat01,2,neural_policy,output_average,select_peers,6.121501792222261e-05
toy5,neural_output_average,batched,batched,cpu,1024,3,9,1,1,2,toy5_gpu_core_neural_output_average_batched_1024_cpu_repeat01,2,neural_policy,output_average,social_trainable_parameters,0.0001233119983226061
toy5,neural_output_average,batched,batched,cpu,1024,3,9,1,1,2,toy5_gpu_core_neural_output_average_batched_1024_cpu_repeat01,2,neural_policy,output_average,social_mix,0.0006002190057188272
toy5,neural_output_average,batched,batched,cpu,1024,3,9,1,1,2,toy5_gpu_core_neural_output_average_batched_1024_cpu_repeat01,2,neural_policy,output_average,social_loss_forward,0.0002828320721164346
toy5,neural_output_average,batched,batched,cpu,1024,3,9,1,1,2,toy5_gpu_core_neural_output_average_batched_1024_cpu_repeat01,2,neural_policy,output_average,social_optimizer_update,0.04914704605471343
toy5,neural_output_average,batched,batched,cpu,1024,3,9,1,1,2,toy5_gpu_core_neural_output_average_batched_1024_cpu_repeat01,2,neural_policy,output_average,social_loss_update,0.05013589793816209
toy5,neural_output_average,batched,batched,cpu,1024,3,9,1,1,2,toy5_gpu_core_neural_output_average_batched_1024_cpu_repeat01,2,neural_policy,output_average,social_distillation,0.05090325197670609
toy5,neural_output_average,batched,batched,cpu,1024,3,9,1,1,2,toy5_gpu_core_neural_output_average_batched_1024_cpu_repeat01,2,neural_policy,output_average,social_step,0.05092878988943994
toy5,neural_output_average,batched,batched,cpu,1024,3,9,1,1,2,toy5_gpu_core_neural_output_average_batched_1024_cpu_repeat01,2,neural_policy,output_average,sample_actions,1.442967914044857e-06
toy5,neural_output_average,batched,batched,cpu,1024,3,9,1,1,2,toy5_gpu_core_neural_output_average_batched_1024_cpu_repeat01,2,neural_policy,output_average,commit_actions,4.863203503191471e-05
toy5,neural_output_average,batched,batched,cpu,1024,3,9,1,1,2,toy5_gpu_core_neural_output_average_batched_1024_cpu_repeat01,2,neural_policy,output_average,post_step_state_policy,1.6730977222323418e-05
toy5,neural_output_average,batched,batched,cpu,1024,3,9,1,1,2,toy5_gpu_core_neural_output_average_batched_1024_cpu_repeat01,2,neural_policy,output_average,update_reputation_ema,2.7672038413584232e-05
toy5,neural_output_average,batched,batched,cpu,1024,3,9,1,1,2,toy5_gpu_core_neural_output_average_batched_1024_cpu_repeat01,2,neural_policy,output_average,finalize_hook_step,3.306078724563122e-06
toy5,neural_output_average,batched,batched,cpu,1024,3,9,1,1,2,toy5_gpu_core_neural_output_average_batched_1024_cpu_repeat01,2,neural_policy,output_average,hooked_step_total,0.0845698700286448
toy5,neural_output_average,batched,batched,cpu,1024,3,9,1,1,2,toy5_gpu_core_neural_output_average_batched_1024_cpu_repeat01,2,neural_policy,output_average,aggregate_row,0.012516179005615413
toy5,neural_output_average,batched,batched,cpu,1024,3,9,1,1,2,toy5_gpu_core_neural_output_average_batched_1024_cpu_repeat01,2,neural_policy,output_average,write_aggregate,5.008396692574024e-05
toy5,neural_output_average,batched,batched,cpu,1024,3,9,1,1,2,toy5_gpu_core_neural_output_average_batched_1024_cpu_repeat01,3,neural_policy,output_average,sample_revision_mask,1.0348972864449024e-05
toy5,neural_output_average,batched,batched,cpu,1024,3,9,1,1,2,toy5_gpu_core_neural_output_average_batched_1024_cpu_repeat01,3,neural_policy,output_average,build_step_context,0.0027007630560547113
toy5,neural_output_average,batched,batched,cpu,1024,3,9,1,1,2,toy5_gpu_core_neural_output_average_batched_1024_cpu_repeat01,3,neural_policy,output_average,build_observations,0.004164309008046985
toy5,neural_output_average,batched,batched,cpu,1024,3,9,1,1,2,toy5_gpu_core_neural_output_average_batched_1024_cpu_repeat01,3,neural_policy,output_average,policy_readout,0.000332214985974133
toy5,neural_output_average,batched,batched,cpu,1024,3,9,1,1,2,toy5_gpu_core_neural_output_average_batched_1024_cpu_repeat01,3,neural_policy,output_average,decision_selection,0.0003797339741140604
toy5,neural_output_average,batched,batched,cpu,1024,3,9,1,1,2,toy5_gpu_core_neural_output_average_batched_1024_cpu_repeat01,3,neural_policy,output_average,local_trainable_parameters,0.00016220496036112309
toy5,neural_output_average,batched,batched,cpu,1024,3,9,1,1,2,toy5_gpu_core_neural_output_average_batched_1024_cpu_repeat01,3,neural_policy,output_average,local_loss_forward,0.000496955937705934
toy5,neural_output_average,batched,batched,cpu,1024,3,9,1,1,2,toy5_gpu_core_neural_output_average_batched_1024_cpu_repeat01,3,neural_policy,output_average,local_optimizer_update,0.01639729307498783
toy5,neural_output_average,batched,batched,cpu,1024,3,9,1,1,2,toy5_gpu_core_neural_output_average_batched_1024_cpu_repeat01,3,neural_policy,output_average,local_loss_update,0.01701092894654721
toy5,neural_output_average,batched,batched,cpu,1024,3,9,1,1,2,toy5_gpu_core_neural_output_average_batched_1024_cpu_repeat01,3,neural_policy,output_average,local_training,0.01719635701738298
toy5,neural_output_average,batched,batched,cpu,1024,3,9,1,1,2,toy5_gpu_core_neural_output_average_batched_1024_cpu_repeat01,3,neural_policy,output_average,cache_refresh,6.141024641692638e-06
toy5,neural_output_average,batched,batched,cpu,1024,3,9,1,1,2,toy5_gpu_core_neural_output_average_batched_1024_cpu_repeat01,3,neural_policy,output_average,post_local_readout,0.00024836696684360504
toy5,neural_output_average,batched,batched,cpu,1024,3,9,1,1,2,toy5_gpu_core_neural_output_average_batched_1024_cpu_repeat01,3,neural_policy,output_average,local_step,0.022572406916879117
toy5,neural_output_average,batched,batched,cpu,1024,3,9,1,1,2,toy5_gpu_core_neural_output_average_batched_1024_cpu_repeat01,3,neural_policy,output_average,select_peers,5.743803922086954e-05
toy5,neural_output_average,batched,batched,cpu,1024,3,9,1,1,2,toy5_gpu_core_neural_output_average_batched_1024_cpu_repeat01,3,neural_policy,output_average,social_trainable_parameters,8.1273028627038e-05
toy5,neural_output_average,batched,batched,cpu,1024,3,9,1,1,2,toy5_gpu_core_neural_output_average_batched_1024_cpu_repeat01,3,neural_policy,output_average,social_mix,0.0004986589774489403
toy5,neural_output_average,batched,batched,cpu,1024,3,9,1,1,2,toy5_gpu_core_neural_output_average_batched_1024_cpu_repeat01,3,neural_policy,output_average,social_loss_forward,0.0002851670142263174
toy5,neural_output_average,batched,batched,cpu,1024,3,9,1,1,2,toy5_gpu_core_neural_output_average_batched_1024_cpu_repeat01,3,neural_policy,output_average,social_optimizer_update,0.040536309010349214
toy5,neural_output_average,batched,batched,cpu,1024,3,9,1,1,2,toy5_gpu_core_neural_output_average_batched_1024_cpu_repeat01,3,neural_policy,output_average,social_loss_update,0.04141533398069441
toy5,neural_output_average,batched,batched,cpu,1024,3,9,1,1,2,toy5_gpu_core_neural_output_average_batched_1024_cpu_repeat01,3,neural_policy,output_average,social_distillation,0.04210658499505371
toy5,neural_output_average,batched,batched,cpu,1024,3,9,1,1,2,toy5_gpu_core_neural_output_average_batched_1024_cpu_repeat01,3,neural_policy,output_average,social_step,0.04212448897305876
toy5,neural_output_average,batched,batched,cpu,1024,3,9,1,1,2,toy5_gpu_core_neural_output_average_batched_1024_cpu_repeat01,3,neural_policy,output_average,sample_actions,1.001986674964428e-06
toy5,neural_output_average,batched,batched,cpu,1024,3,9,1,1,2,toy5_gpu_core_neural_output_average_batched_1024_cpu_repeat01,3,neural_policy,output_average,commit_actions,4.197901580482721e-05
toy5,neural_output_average,batched,batched,cpu,1024,3,9,1,1,2,toy5_gpu_core_neural_output_average_batched_1024_cpu_repeat01,3,neural_policy,output_average,post_step_state_policy,2.111901994794607e-05
toy5,neural_output_average,batched,batched,cpu,1024,3,9,1,1,2,toy5_gpu_core_neural_output_average_batched_1024_cpu_repeat01,3,neural_policy,output_average,update_reputation_ema,2.4246051907539368e-05
toy5,neural_output_average,batched,batched,cpu,1024,3,9,1,1,2,toy5_gpu_core_neural_output_average_batched_1024_cpu_repeat01,3,neural_policy,output_average,finalize_hook_step,3.3959513530135155e-06
toy5,neural_output_average,batched,batched,cpu,1024,3,9,1,1,2,toy5_gpu_core_neural_output_average_batched_1024_cpu_repeat01,3,neural_policy,output_average,hooked_step_total,0.06823131709825248
toy5,neural_output_average,batched,batched,cpu,1024,3,9,1,1,2,toy5_gpu_core_neural_output_average_batched_1024_cpu_repeat01,3,neural_policy,output_average,aggregate_row,0.011114599998109043
toy5,neural_output_average,batched,batched,cpu,1024,3,9,1,1,2,toy5_gpu_core_neural_output_average_batched_1024_cpu_repeat01,3,neural_policy,output_average,write_aggregate,5.584489554166794e-05
toy5,neural_output_average,batched,batched,cuda,1024,3,9,0,1,2,toy5_gpu_core_neural_output_average_batched_1024_cuda_repeat00,0,neural_policy,output_average,make_run_dir,0.00041262595914304256
toy5,neural_output_average,batched,batched,cuda,1024,3,9,0,1,2,toy5_gpu_core_neural_output_average_batched_1024_cuda_repeat00,0,neural_policy,output_average,write_metadata,0.002718026051297784
toy5,neural_output_average,batched,batched,cuda,1024,3,9,0,1,2,toy5_gpu_core_neural_output_average_batched_1024_cuda_repeat00,0,neural_policy,output_average,initial_state,0.7542412809561938
toy5,neural_output_average,batched,batched,cuda,1024,3,9,0,1,2,toy5_gpu_core_neural_output_average_batched_1024_cuda_repeat00,0,neural_policy,output_average,writer_setup,0.001130277058109641
toy5,neural_output_average,batched,batched,cuda,1024,3,9,0,1,2,toy5_gpu_core_neural_output_average_batched_1024_cuda_repeat00,0,neural_policy,output_average,initial_step_result,0.004271319950930774
toy5,neural_output_average,batched,batched,cuda,1024,3,9,0,1,2,toy5_gpu_core_neural_output_average_batched_1024_cuda_repeat00,0,neural_policy,output_average,initial_aggregate_row,0.01134067599195987
toy5,neural_output_average,batched,batched,cuda,1024,3,9,0,1,2,toy5_gpu_core_neural_output_average_batched_1024_cuda_repeat00,0,neural_policy,output_average,write_initial_aggregate,5.700706969946623e-05
toy5,neural_output_average,batched,batched,cuda,1024,3,9,0,1,2,toy5_gpu_core_neural_output_average_batched_1024_cuda_repeat00,1,neural_policy,output_average,sample_revision_mask,2.724106889218092e-05
toy5,neural_output_average,batched,batched,cuda,1024,3,9,0,1,2,toy5_gpu_core_neural_output_average_batched_1024_cuda_repeat00,1,neural_policy,output_average,build_step_context,0.0028702220879495144
toy5,neural_output_average,batched,batched,cuda,1024,3,9,0,1,2,toy5_gpu_core_neural_output_average_batched_1024_cuda_repeat00,1,neural_policy,output_average,build_observations,0.004435117938555777
toy5,neural_output_average,batched,batched,cuda,1024,3,9,0,1,2,toy5_gpu_core_neural_output_average_batched_1024_cuda_repeat00,1,neural_policy,output_average,policy_readout,0.0008377470076084137
toy5,neural_output_average,batched,batched,cuda,1024,3,9,0,1,2,toy5_gpu_core_neural_output_average_batched_1024_cuda_repeat00,1,neural_policy,output_average,decision_selection,0.0009511299431324005
toy5,neural_output_average,batched,batched,cuda,1024,3,9,0,1,2,toy5_gpu_core_neural_output_average_batched_1024_cuda_repeat00,1,neural_policy,output_average,local_trainable_parameters,0.0001244539162144065
toy5,neural_output_average,batched,batched,cuda,1024,3,9,0,1,2,toy5_gpu_core_neural_output_average_batched_1024_cuda_repeat00,1,neural_policy,output_average,local_loss_forward,0.0016872260021045804
toy5,neural_output_average,batched,batched,cuda,1024,3,9,0,1,2,toy5_gpu_core_neural_output_average_batched_1024_cuda_repeat00,1,neural_policy,output_average,local_optimizer_update,0.02283848891966045
toy5,neural_output_average,batched,batched,cuda,1024,3,9,0,1,2,toy5_gpu_core_neural_output_average_batched_1024_cuda_repeat00,1,neural_policy,output_average,local_loss_update,0.19913410302251577
toy5,neural_output_average,batched,batched,cuda,1024,3,9,0,1,2,toy5_gpu_core_neural_output_average_batched_1024_cuda_repeat00,1,neural_policy,output_average,local_training,0.19932400004472584
toy5,neural_output_average,batched,batched,cuda,1024,3,9,0,1,2,toy5_gpu_core_neural_output_average_batched_1024_cuda_repeat00,1,neural_policy,output_average,cache_refresh,3.524601925164461e-05
toy5,neural_output_average,batched,batched,cuda,1024,3,9,0,1,2,toy5_gpu_core_neural_output_average_batched_1024_cuda_repeat00,1,neural_policy,output_average,post_local_readout,0.0004953020252287388
toy5,neural_output_average,batched,batched,cuda,1024,3,9,0,1,2,toy5_gpu_core_neural_output_average_batched_1024_cuda_repeat00,1,neural_policy,output_average,local_step,0.20673296705354005
toy5,neural_output_average,batched,batched,cuda,1024,3,9,0,1,2,toy5_gpu_core_neural_output_average_batched_1024_cuda_repeat00,1,neural_policy,output_average,select_peers,0.0002443300327286124
toy5,neural_output_average,batched,batched,cuda,1024,3,9,0,1,2,toy5_gpu_core_neural_output_average_batched_1024_cuda_repeat00,1,neural_policy,output_average,social_trainable_parameters,0.00014667597133666277
toy5,neural_output_average,batched,batched,cuda,1024,3,9,0,1,2,toy5_gpu_core_neural_output_average_batched_1024_cuda_repeat00,1,neural_policy,output_average,social_mix,0.002840828034095466
toy5,neural_output_average,batched,batched,cuda,1024,3,9,0,1,2,toy5_gpu_core_neural_output_average_batched_1024_cuda_repeat00,1,neural_policy,output_average,social_loss_forward,0.0003662490053102374
toy5,neural_output_average,batched,batched,cuda,1024,3,9,0,1,2,toy5_gpu_core_neural_output_average_batched_1024_cuda_repeat00,1,neural_policy,output_average,social_optimizer_update,0.09434059797786176
toy5,neural_output_average,batched,batched,cuda,1024,3,9,0,1,2,toy5_gpu_core_neural_output_average_batched_1024_cuda_repeat00,1,neural_policy,output_average,social_loss_update,0.09772394702304155
toy5,neural_output_average,batched,batched,cuda,1024,3,9,0,1,2,toy5_gpu_core_neural_output_average_batched_1024_cuda_repeat00,1,neural_policy,output_average,social_distillation,0.09901895502116531
toy5,neural_output_average,batched,batched,cuda,1024,3,9,0,1,2,toy5_gpu_core_neural_output_average_batched_1024_cuda_repeat00,1,neural_policy,output_average,social_step,0.09907895792275667
toy5,neural_output_average,batched,batched,cuda,1024,3,9,0,1,2,toy5_gpu_core_neural_output_average_batched_1024_cuda_repeat00,1,neural_policy,output_average,sample_actions,7.283990271389484e-06
toy5,neural_output_average,batched,batched,cuda,1024,3,9,0,1,2,toy5_gpu_core_neural_output_average_batched_1024_cuda_repeat00,1,neural_policy,output_average,commit_actions,6.375997327268124e-05
toy5,neural_output_average,batched,batched,cuda,1024,3,9,0,1,2,toy5_gpu_core_neural_output_average_batched_1024_cuda_repeat00,1,neural_policy,output_average,post_step_state_policy,3.19300452247262e-05
toy5,neural_output_average,batched,batched,cuda,1024,3,9,0,1,2,toy5_gpu_core_neural_output_average_batched_1024_cuda_repeat00,1,neural_policy,output_average,update_reputation_ema,3.7190038710832596e-05
toy5,neural_output_average,batched,batched,cuda,1024,3,9,0,1,2,toy5_gpu_core_neural_output_average_batched_1024_cuda_repeat00,1,neural_policy,output_average,finalize_hook_step,8.375965990126133e-06
toy5,neural_output_average,batched,batched,cuda,1024,3,9,0,1,2,toy5_gpu_core_neural_output_average_batched_1024_cuda_repeat00,1,neural_policy,output_average,hooked_step_total,0.3110031560063362
toy5,neural_output_average,batched,batched,cuda,1024,3,9,0,1,2,toy5_gpu_core_neural_output_average_batched_1024_cuda_repeat00,1,neural_policy,output_average,aggregate_row,0.013048811932094395
toy5,neural_output_average,batched,batched,cuda,1024,3,9,0,1,2,toy5_gpu_core_neural_output_average_batched_1024_cuda_repeat00,1,neural_policy,output_average,write_aggregate,6.892997771501541e-05
toy5,neural_output_average,batched,batched,cuda,1024,3,9,0,1,2,toy5_gpu_core_neural_output_average_batched_1024_cuda_repeat00,2,neural_policy,output_average,sample_revision_mask,1.7483020201325417e-05
toy5,neural_output_average,batched,batched,cuda,1024,3,9,0,1,2,toy5_gpu_core_neural_output_average_batched_1024_cuda_repeat00,2,neural_policy,output_average,build_step_context,0.0029174110386520624
toy5,neural_output_average,batched,batched,cuda,1024,3,9,0,1,2,toy5_gpu_core_neural_output_average_batched_1024_cuda_repeat00,2,neural_policy,output_average,build_observations,0.004401164944283664
toy5,neural_output_average,batched,batched,cuda,1024,3,9,0,1,2,toy5_gpu_core_neural_output_average_batched_1024_cuda_repeat00,2,neural_policy,output_average,policy_readout,0.0003882809542119503
toy5,neural_output_average,batched,batched,cuda,1024,3,9,0,1,2,toy5_gpu_core_neural_output_average_batched_1024_cuda_repeat00,2,neural_policy,output_average,decision_selection,0.0006381310522556305
toy5,neural_output_average,batched,batched,cuda,1024,3,9,0,1,2,toy5_gpu_core_neural_output_average_batched_1024_cuda_repeat00,2,neural_policy,output_average,local_trainable_parameters,8.509005419909954e-05
toy5,neural_output_average,batched,batched,cuda,1024,3,9,0,1,2,toy5_gpu_core_neural_output_average_batched_1024_cuda_repeat00,2,neural_policy,output_average,local_loss_forward,0.0006458759307861328
toy5,neural_output_average,batched,batched,cuda,1024,3,9,0,1,2,toy5_gpu_core_neural_output_average_batched_1024_cuda_repeat00,2,neural_policy,output_average,local_optimizer_update,0.03090756805613637
toy5,neural_output_average,batched,batched,cuda,1024,3,9,0,1,2,toy5_gpu_core_neural_output_average_batched_1024_cuda_repeat00,2,neural_policy,output_average,local_loss_update,0.03179365606047213
toy5,neural_output_average,batched,batched,cuda,1024,3,9,0,1,2,toy5_gpu_core_neural_output_average_batched_1024_cuda_repeat00,2,neural_policy,output_average,local_training,0.03194658400025219
toy5,neural_output_average,batched,batched,cuda,1024,3,9,0,1,2,toy5_gpu_core_neural_output_average_batched_1024_cuda_repeat00,2,neural_policy,output_average,cache_refresh,2.542708534747362e-05
toy5,neural_output_average,batched,batched,cuda,1024,3,9,0,1,2,toy5_gpu_core_neural_output_average_batched_1024_cuda_repeat00,2,neural_policy,output_average,post_local_readout,0.0005805830005556345
toy5,neural_output_average,batched,batched,cuda,1024,3,9,0,1,2,toy5_gpu_core_neural_output_average_batched_1024_cuda_repeat00,2,neural_policy,output_average,local_step,0.038628089940175414
toy5,neural_output_average,batched,batched,cuda,1024,3,9,0,1,2,toy5_gpu_core_neural_output_average_batched_1024_cuda_repeat00,2,neural_policy,output_average,select_peers,0.00018765300046652555
toy5,neural_output_average,batched,batched,cuda,1024,3,9,0,1,2,toy5_gpu_core_neural_output_average_batched_1024_cuda_repeat00,2,neural_policy,output_average,social_trainable_parameters,8.744397200644016e-05
toy5,neural_output_average,batched,batched,cuda,1024,3,9,0,1,2,toy5_gpu_core_neural_output_average_batched_1024_cuda_repeat00,2,neural_policy,output_average,social_mix,0.0014893639599904418
toy5,neural_output_average,batched,batched,cuda,1024,3,9,0,1,2,toy5_gpu_core_neural_output_average_batched_1024_cuda_repeat00,2,neural_policy,output_average,social_loss_forward,0.0006056599086150527
toy5,neural_output_average,batched,batched,cuda,1024,3,9,0,1,2,toy5_gpu_core_neural_output_average_batched_1024_cuda_repeat00,2,neural_policy,output_average,social_optimizer_update,0.09365593001712114
toy5,neural_output_average,batched,batched,cuda,1024,3,9,0,1,2,toy5_gpu_core_neural_output_average_batched_1024_cuda_repeat00,2,neural_policy,output_average,social_loss_update,0.09595116099808365
toy5,neural_output_average,batched,batched,cuda,1024,3,9,0,1,2,toy5_gpu_core_neural_output_average_batched_1024_cuda_repeat00,2,neural_policy,output_average,social_distillation,0.0972603150876239
toy5,neural_output_average,batched,batched,cuda,1024,3,9,0,1,2,toy5_gpu_core_neural_output_average_batched_1024_cuda_repeat00,2,neural_policy,output_average,social_step,0.09730665199458599
toy5,neural_output_average,batched,batched,cuda,1024,3,9,0,1,2,toy5_gpu_core_neural_output_average_batched_1024_cuda_repeat00,2,neural_policy,output_average,sample_actions,7.323920726776123e-06
toy5,neural_output_average,batched,batched,cuda,1024,3,9,0,1,2,toy5_gpu_core_neural_output_average_batched_1024_cuda_repeat00,2,neural_policy,output_average,commit_actions,7.158401422202587e-05
toy5,neural_output_average,batched,batched,cuda,1024,3,9,0,1,2,toy5_gpu_core_neural_output_average_batched_1024_cuda_repeat00,2,neural_policy,output_average,post_step_state_policy,2.30040168389678e-05
toy5,neural_output_average,batched,batched,cuda,1024,3,9,0,1,2,toy5_gpu_core_neural_output_average_batched_1024_cuda_repeat00,2,neural_policy,output_average,update_reputation_ema,5.924201104789972e-05
toy5,neural_output_average,batched,batched,cuda,1024,3,9,0,1,2,toy5_gpu_core_neural_output_average_batched_1024_cuda_repeat00,2,neural_policy,output_average,finalize_hook_step,8.626957423985004e-06
toy5,neural_output_average,batched,batched,cuda,1024,3,9,0,1,2,toy5_gpu_core_neural_output_average_batched_1024_cuda_repeat00,2,neural_policy,output_average,hooked_step_total,0.1410364949842915
toy5,neural_output_average,batched,batched,cuda,1024,3,9,0,1,2,toy5_gpu_core_neural_output_average_batched_1024_cuda_repeat00,2,neural_policy,output_average,aggregate_row,0.012751603033393621
toy5,neural_output_average,batched,batched,cuda,1024,3,9,0,1,2,toy5_gpu_core_neural_output_average_batched_1024_cuda_repeat00,2,neural_policy,output_average,write_aggregate,9.149196557700634e-05
toy5,neural_output_average,batched,batched,cuda,1024,3,9,0,1,2,toy5_gpu_core_neural_output_average_batched_1024_cuda_repeat00,3,neural_policy,output_average,sample_revision_mask,3.2351003028452396e-05
toy5,neural_output_average,batched,batched,cuda,1024,3,9,0,1,2,toy5_gpu_core_neural_output_average_batched_1024_cuda_repeat00,3,neural_policy,output_average,build_step_context,0.0029090859461575747
toy5,neural_output_average,batched,batched,cuda,1024,3,9,0,1,2,toy5_gpu_core_neural_output_average_batched_1024_cuda_repeat00,3,neural_policy,output_average,build_observations,0.004662325954996049
toy5,neural_output_average,batched,batched,cuda,1024,3,9,0,1,2,toy5_gpu_core_neural_output_average_batched_1024_cuda_repeat00,3,neural_policy,output_average,policy_readout,0.0008380570216104388
toy5,neural_output_average,batched,batched,cuda,1024,3,9,0,1,2,toy5_gpu_core_neural_output_average_batched_1024_cuda_repeat00,3,neural_policy,output_average,decision_selection,0.0006096470169723034
toy5,neural_output_average,batched,batched,cuda,1024,3,9,0,1,2,toy5_gpu_core_neural_output_average_batched_1024_cuda_repeat00,3,neural_policy,output_average,local_trainable_parameters,0.0001176120713353157
toy5,neural_output_average,batched,batched,cuda,1024,3,9,0,1,2,toy5_gpu_core_neural_output_average_batched_1024_cuda_repeat00,3,neural_policy,output_average,local_loss_forward,0.001400226028636098
toy5,neural_output_average,batched,batched,cuda,1024,3,9,0,1,2,toy5_gpu_core_neural_output_average_batched_1024_cuda_repeat00,3,neural_policy,output_average,local_optimizer_update,0.01532338303513825
toy5,neural_output_average,batched,batched,cuda,1024,3,9,0,1,2,toy5_gpu_core_neural_output_average_batched_1024_cuda_repeat00,3,neural_policy,output_average,local_loss_update,0.016977026010863483
toy5,neural_output_average,batched,batched,cuda,1024,3,9,0,1,2,toy5_gpu_core_neural_output_average_batched_1024_cuda_repeat00,3,neural_policy,output_average,local_training,0.0171803591074422
toy5,neural_output_average,batched,batched,cuda,1024,3,9,0,1,2,toy5_gpu_core_neural_output_average_batched_1024_cuda_repeat00,3,neural_policy,output_average,cache_refresh,3.4134951420128345e-05
toy5,neural_output_average,batched,batched,cuda,1024,3,9,0,1,2,toy5_gpu_core_neural_output_average_batched_1024_cuda_repeat00,3,neural_policy,output_average,post_local_readout,0.00028219097293913364
toy5,neural_output_average,batched,batched,cuda,1024,3,9,0,1,2,toy5_gpu_core_neural_output_average_batched_1024_cuda_repeat00,3,neural_policy,output_average,local_step,0.024812485091388226
toy5,neural_output_average,batched,batched,cuda,1024,3,9,0,1,2,toy5_gpu_core_neural_output_average_batched_1024_cuda_repeat00,3,neural_policy,output_average,select_peers,0.00012075807899236679
toy5,neural_output_average,batched,batched,cuda,1024,3,9,0,1,2,toy5_gpu_core_neural_output_average_batched_1024_cuda_repeat00,3,neural_policy,output_average,social_trainable_parameters,5.7367957197129726e-05
toy5,neural_output_average,batched,batched,cuda,1024,3,9,0,1,2,toy5_gpu_core_neural_output_average_batched_1024_cuda_repeat00,3,neural_policy,output_average,social_mix,0.0009045019978657365
toy5,neural_output_average,batched,batched,cuda,1024,3,9,0,1,2,toy5_gpu_core_neural_output_average_batched_1024_cuda_repeat00,3,neural_policy,output_average,social_loss_forward,0.0002462139818817377
toy5,neural_output_average,batched,batched,cuda,1024,3,9,0,1,2,toy5_gpu_core_neural_output_average_batched_1024_cuda_repeat00,3,neural_policy,output_average,social_optimizer_update,0.08470332901924849
toy5,neural_output_average,batched,batched,cuda,1024,3,9,0,1,2,toy5_gpu_core_neural_output_average_batched_1024_cuda_repeat00,3,neural_policy,output_average,social_loss_update,0.08600586093962193
toy5,neural_output_average,batched,batched,cuda,1024,3,9,0,1,2,toy5_gpu_core_neural_output_average_batched_1024_cuda_repeat00,3,neural_policy,output_average,social_distillation,0.08686799299903214
toy5,neural_output_average,batched,batched,cuda,1024,3,9,0,1,2,toy5_gpu_core_neural_output_average_batched_1024_cuda_repeat00,3,neural_policy,output_average,social_step,0.0869065560400486
toy5,neural_output_average,batched,batched,cuda,1024,3,9,0,1,2,toy5_gpu_core_neural_output_average_batched_1024_cuda_repeat00,3,neural_policy,output_average,sample_actions,6.992951966822147e-06
toy5,neural_output_average,batched,batched,cuda,1024,3,9,0,1,2,toy5_gpu_core_neural_output_average_batched_1024_cuda_repeat00,3,neural_policy,output_average,commit_actions,5.780905485153198e-05
toy5,neural_output_average,batched,batched,cuda,1024,3,9,0,1,2,toy5_gpu_core_neural_output_average_batched_1024_cuda_repeat00,3,neural_policy,output_average,post_step_state_policy,2.2112042643129826e-05
toy5,neural_output_average,batched,batched,cuda,1024,3,9,0,1,2,toy5_gpu_core_neural_output_average_batched_1024_cuda_repeat00,3,neural_policy,output_average,update_reputation_ema,4.255003295838833e-05
toy5,neural_output_average,batched,batched,cuda,1024,3,9,0,1,2,toy5_gpu_core_neural_output_average_batched_1024_cuda_repeat00,3,neural_policy,output_average,finalize_hook_step,7.583992555737495e-06
toy5,neural_output_average,batched,batched,cuda,1024,3,9,0,1,2,toy5_gpu_core_neural_output_average_batched_1024_cuda_repeat00,3,neural_policy,output_average,hooked_step_total,0.11615873803384602
toy5,neural_output_average,batched,batched,cuda,1024,3,9,0,1,2,toy5_gpu_core_neural_output_average_batched_1024_cuda_repeat00,3,neural_policy,output_average,aggregate_row,0.01249582099262625
toy5,neural_output_average,batched,batched,cuda,1024,3,9,0,1,2,toy5_gpu_core_neural_output_average_batched_1024_cuda_repeat00,3,neural_policy,output_average,write_aggregate,5.8009056374430656e-05
toy5,neural_output_average,batched,batched,cuda,1024,3,9,1,1,2,toy5_gpu_core_neural_output_average_batched_1024_cuda_repeat01,0,neural_policy,output_average,make_run_dir,0.0002781340153887868
toy5,neural_output_average,batched,batched,cuda,1024,3,9,1,1,2,toy5_gpu_core_neural_output_average_batched_1024_cuda_repeat01,0,neural_policy,output_average,write_metadata,0.0021273739403113723
toy5,neural_output_average,batched,batched,cuda,1024,3,9,1,1,2,toy5_gpu_core_neural_output_average_batched_1024_cuda_repeat01,0,neural_policy,output_average,initial_state,0.7380708530545235
toy5,neural_output_average,batched,batched,cuda,1024,3,9,1,1,2,toy5_gpu_core_neural_output_average_batched_1024_cuda_repeat01,0,neural_policy,output_average,writer_setup,0.00043884594924747944
toy5,neural_output_average,batched,batched,cuda,1024,3,9,1,1,2,toy5_gpu_core_neural_output_average_batched_1024_cuda_repeat01,0,neural_policy,output_average,initial_step_result,0.0021552370162680745
toy5,neural_output_average,batched,batched,cuda,1024,3,9,1,1,2,toy5_gpu_core_neural_output_average_batched_1024_cuda_repeat01,0,neural_policy,output_average,initial_aggregate_row,0.01016734796576202
toy5,neural_output_average,batched,batched,cuda,1024,3,9,1,1,2,toy5_gpu_core_neural_output_average_batched_1024_cuda_repeat01,0,neural_policy,output_average,write_initial_aggregate,4.072592128068209e-05
toy5,neural_output_average,batched,batched,cuda,1024,3,9,1,1,2,toy5_gpu_core_neural_output_average_batched_1024_cuda_repeat01,1,neural_policy,output_average,sample_revision_mask,1.7052050679922104e-05
toy5,neural_output_average,batched,batched,cuda,1024,3,9,1,1,2,toy5_gpu_core_neural_output_average_batched_1024_cuda_repeat01,1,neural_policy,output_average,build_step_context,0.0026911048917099833
toy5,neural_output_average,batched,batched,cuda,1024,3,9,1,1,2,toy5_gpu_core_neural_output_average_batched_1024_cuda_repeat01,1,neural_policy,output_average,build_observations,0.004213712061755359
toy5,neural_output_average,batched,batched,cuda,1024,3,9,1,1,2,toy5_gpu_core_neural_output_average_batched_1024_cuda_repeat01,1,neural_policy,output_average,policy_readout,0.0004970650188624859
toy5,neural_output_average,batched,batched,cuda,1024,3,9,1,1,2,toy5_gpu_core_neural_output_average_batched_1024_cuda_repeat01,1,neural_policy,output_average,decision_selection,0.0008336689788848162
toy5,neural_output_average,batched,batched,cuda,1024,3,9,1,1,2,toy5_gpu_core_neural_output_average_batched_1024_cuda_repeat01,1,neural_policy,output_average,local_trainable_parameters,7.930002175271511e-05
toy5,neural_output_average,batched,batched,cuda,1024,3,9,1,1,2,toy5_gpu_core_neural_output_average_batched_1024_cuda_repeat01,1,neural_policy,output_average,local_loss_forward,0.001219906029291451
toy5,neural_output_average,batched,batched,cuda,1024,3,9,1,1,2,toy5_gpu_core_neural_output_average_batched_1024_cuda_repeat01,1,neural_policy,output_average,local_optimizer_update,0.018004411016590893
toy5,neural_output_average,batched,batched,cuda,1024,3,9,1,1,2,toy5_gpu_core_neural_output_average_batched_1024_cuda_repeat01,1,neural_policy,output_average,local_loss_update,0.166920791962184
toy5,neural_output_average,batched,batched,cuda,1024,3,9,1,1,2,toy5_gpu_core_neural_output_average_batched_1024_cuda_repeat01,1,neural_policy,output_average,local_training,0.16705336200539023
toy5,neural_output_average,batched,batched,cuda,1024,3,9,1,1,2,toy5_gpu_core_neural_output_average_batched_1024_cuda_repeat01,1,neural_policy,output_average,cache_refresh,1.462793443351984e-05
toy5,neural_output_average,batched,batched,cuda,1024,3,9,1,1,2,toy5_gpu_core_neural_output_average_batched_1024_cuda_repeat01,1,neural_policy,output_average,post_local_readout,0.00024119403678923845
toy5,neural_output_average,batched,batched,cuda,1024,3,9,1,1,2,toy5_gpu_core_neural_output_average_batched_1024_cuda_repeat01,1,neural_policy,output_average,local_step,0.17332116898614913
toy5,neural_output_average,batched,batched,cuda,1024,3,9,1,1,2,toy5_gpu_core_neural_output_average_batched_1024_cuda_repeat01,1,neural_policy,output_average,select_peers,0.00013336201664060354
toy5,neural_output_average,batched,batched,cuda,1024,3,9,1,1,2,toy5_gpu_core_neural_output_average_batched_1024_cuda_repeat01,1,neural_policy,output_average,social_trainable_parameters,6.292806938290596e-05
toy5,neural_output_average,batched,batched,cuda,1024,3,9,1,1,2,toy5_gpu_core_neural_output_average_batched_1024_cuda_repeat01,1,neural_policy,output_average,social_mix,0.0008976900717243552
toy5,neural_output_average,batched,batched,cuda,1024,3,9,1,1,2,toy5_gpu_core_neural_output_average_batched_1024_cuda_repeat01,1,neural_policy,output_average,social_loss_forward,0.000238648965023458
toy5,neural_output_average,batched,batched,cuda,1024,3,9,1,1,2,toy5_gpu_core_neural_output_average_batched_1024_cuda_repeat01,1,neural_policy,output_average,social_optimizer_update,0.07454663200769573
toy5,neural_output_average,batched,batched,cuda,1024,3,9,1,1,2,toy5_gpu_core_neural_output_average_batched_1024_cuda_repeat01,1,neural_policy,output_average,social_loss_update,0.07584130903705955
toy5,neural_output_average,batched,batched,cuda,1024,3,9,1,1,2,toy5_gpu_core_neural_output_average_batched_1024_cuda_repeat01,1,neural_policy,output_average,social_distillation,0.07663748797494918
toy5,neural_output_average,batched,batched,cuda,1024,3,9,1,1,2,toy5_gpu_core_neural_output_average_batched_1024_cuda_repeat01,1,neural_policy,output_average,social_step,0.07667475799098611
toy5,neural_output_average,batched,batched,cuda,1024,3,9,1,1,2,toy5_gpu_core_neural_output_average_batched_1024_cuda_repeat01,1,neural_policy,output_average,sample_actions,6.962916813790798e-06
toy5,neural_output_average,batched,batched,cuda,1024,3,9,1,1,2,toy5_gpu_core_neural_output_average_batched_1024_cuda_repeat01,1,neural_policy,output_average,commit_actions,6.389000918716192e-05
toy5,neural_output_average,batched,batched,cuda,1024,3,9,1,1,2,toy5_gpu_core_neural_output_average_batched_1024_cuda_repeat01,1,neural_policy,output_average,post_step_state_policy,2.0329025574028492e-05
toy5,neural_output_average,batched,batched,cuda,1024,3,9,1,1,2,toy5_gpu_core_neural_output_average_batched_1024_cuda_repeat01,1,neural_policy,output_average,update_reputation_ema,3.24309803545475e-05
toy5,neural_output_average,batched,batched,cuda,1024,3,9,1,1,2,toy5_gpu_core_neural_output_average_batched_1024_cuda_repeat01,1,neural_policy,output_average,finalize_hook_step,7.304013706743717e-06
toy5,neural_output_average,batched,batched,cuda,1024,3,9,1,1,2,toy5_gpu_core_neural_output_average_batched_1024_cuda_repeat01,1,neural_policy,output_average,hooked_step_total,0.2541805850341916
toy5,neural_output_average,batched,batched,cuda,1024,3,9,1,1,2,toy5_gpu_core_neural_output_average_batched_1024_cuda_repeat01,1,neural_policy,output_average,aggregate_row,0.012287428951822221
toy5,neural_output_average,batched,batched,cuda,1024,3,9,1,1,2,toy5_gpu_core_neural_output_average_batched_1024_cuda_repeat01,1,neural_policy,output_average,write_aggregate,6.57129567116499e-05
toy5,neural_output_average,batched,batched,cuda,1024,3,9,1,1,2,toy5_gpu_core_neural_output_average_batched_1024_cuda_repeat01,2,neural_policy,output_average,sample_revision_mask,2.2451975382864475e-05
toy5,neural_output_average,batched,batched,cuda,1024,3,9,1,1,2,toy5_gpu_core_neural_output_average_batched_1024_cuda_repeat01,2,neural_policy,output_average,build_step_context,0.002749725943431258
toy5,neural_output_average,batched,batched,cuda,1024,3,9,1,1,2,toy5_gpu_core_neural_output_average_batched_1024_cuda_repeat01,2,neural_policy,output_average,build_observations,0.003955715917982161
toy5,neural_output_average,batched,batched,cuda,1024,3,9,1,1,2,toy5_gpu_core_neural_output_average_batched_1024_cuda_repeat01,2,neural_policy,output_average,policy_readout,0.00023460190277546644
toy5,neural_output_average,batched,batched,cuda,1024,3,9,1,1,2,toy5_gpu_core_neural_output_average_batched_1024_cuda_repeat01,2,neural_policy,output_average,decision_selection,0.0005439840024337173
toy5,neural_output_average,batched,batched,cuda,1024,3,9,1,1,2,toy5_gpu_core_neural_output_average_batched_1024_cuda_repeat01,2,neural_policy,output_average,local_trainable_parameters,6.209698040038347e-05
toy5,neural_output_average,batched,batched,cuda,1024,3,9,1,1,2,toy5_gpu_core_neural_output_average_batched_1024_cuda_repeat01,2,neural_policy,output_average,local_loss_forward,0.00045329402200877666
toy5,neural_output_average,batched,batched,cuda,1024,3,9,1,1,2,toy5_gpu_core_neural_output_average_batched_1024_cuda_repeat01,2,neural_policy,output_average,local_optimizer_update,0.013201348949223757
toy5,neural_output_average,batched,batched,cuda,1024,3,9,1,1,2,toy5_gpu_core_neural_output_average_batched_1024_cuda_repeat01,2,neural_policy,output_average,local_loss_update,0.013787421979941428
toy5,neural_output_average,batched,batched,cuda,1024,3,9,1,1,2,toy5_gpu_core_neural_output_average_batched_1024_cuda_repeat01,2,neural_policy,output_average,local_training,0.01388975593727082
toy5,neural_output_average,batched,batched,cuda,1024,3,9,1,1,2,toy5_gpu_core_neural_output_average_batched_1024_cuda_repeat01,2,neural_policy,output_average,cache_refresh,1.3215001672506332e-05
toy5,neural_output_average,batched,batched,cuda,1024,3,9,1,1,2,toy5_gpu_core_neural_output_average_batched_1024_cuda_repeat01,2,neural_policy,output_average,post_local_readout,0.00018293503671884537
toy5,neural_output_average,batched,batched,cuda,1024,3,9,1,1,2,toy5_gpu_core_neural_output_average_batched_1024_cuda_repeat01,2,neural_policy,output_average,local_step,0.01925144693814218
toy5,neural_output_average,batched,batched,cuda,1024,3,9,1,1,2,toy5_gpu_core_neural_output_average_batched_1024_cuda_repeat01,2,neural_policy,output_average,select_peers,0.00011760101187974215
toy5,neural_output_average,batched,batched,cuda,1024,3,9,1,1,2,toy5_gpu_core_neural_output_average_batched_1024_cuda_repeat01,2,neural_policy,output_average,social_trainable_parameters,5.36011066287756e-05
toy5,neural_output_average,batched,batched,cuda,1024,3,9,1,1,2,toy5_gpu_core_neural_output_average_batched_1024_cuda_repeat01,2,neural_policy,output_average,social_mix,0.0008273880230262876
toy5,neural_output_average,batched,batched,cuda,1024,3,9,1,1,2,toy5_gpu_core_neural_output_average_batched_1024_cuda_repeat01,2,neural_policy,output_average,social_loss_forward,0.00020915304776281118
toy5,neural_output_average,batched,batched,cuda,1024,3,9,1,1,2,toy5_gpu_core_neural_output_average_batched_1024_cuda_repeat01,2,neural_policy,output_average,social_optimizer_update,0.08077865291852504
toy5,neural_output_average,batched,batched,cuda,1024,3,9,1,1,2,toy5_gpu_core_neural_output_average_batched_1024_cuda_repeat01,2,neural_policy,output_average,social_loss_update,0.08198600495234132
toy5,neural_output_average,batched,batched,cuda,1024,3,9,1,1,2,toy5_gpu_core_neural_output_average_batched_1024_cuda_repeat01,2,neural_policy,output_average,social_distillation,0.08292700711172074
toy5,neural_output_average,batched,batched,cuda,1024,3,9,1,1,2,toy5_gpu_core_neural_output_average_batched_1024_cuda_repeat01,2,neural_policy,output_average,social_step,0.08296302508097142
toy5,neural_output_average,batched,batched,cuda,1024,3,9,1,1,2,toy5_gpu_core_neural_output_average_batched_1024_cuda_repeat01,2,neural_policy,output_average,sample_actions,7.4640847742557526e-06
toy5,neural_output_average,batched,batched,cuda,1024,3,9,1,1,2,toy5_gpu_core_neural_output_average_batched_1024_cuda_repeat01,2,neural_policy,output_average,commit_actions,4.627695307135582e-05
toy5,neural_output_average,batched,batched,cuda,1024,3,9,1,1,2,toy5_gpu_core_neural_output_average_batched_1024_cuda_repeat01,2,neural_policy,output_average,post_step_state_policy,1.997698564082384e-05
toy5,neural_output_average,batched,batched,cuda,1024,3,9,1,1,2,toy5_gpu_core_neural_output_average_batched_1024_cuda_repeat01,2,neural_policy,output_average,update_reputation_ema,3.105797804892063e-05
toy5,neural_output_average,batched,batched,cuda,1024,3,9,1,1,2,toy5_gpu_core_neural_output_average_batched_1024_cuda_repeat01,2,neural_policy,output_average,finalize_hook_step,7.5339339673519135e-06
toy5,neural_output_average,batched,batched,cuda,1024,3,9,1,1,2,toy5_gpu_core_neural_output_average_batched_1024_cuda_repeat01,2,neural_policy,output_average,hooked_step_total,0.10620519507210702
toy5,neural_output_average,batched,batched,cuda,1024,3,9,1,1,2,toy5_gpu_core_neural_output_average_batched_1024_cuda_repeat01,2,neural_policy,output_average,aggregate_row,0.011033148970454931
toy5,neural_output_average,batched,batched,cuda,1024,3,9,1,1,2,toy5_gpu_core_neural_output_average_batched_1024_cuda_repeat01,2,neural_policy,output_average,write_aggregate,6.118498276919127e-05
toy5,neural_output_average,batched,batched,cuda,1024,3,9,1,1,2,toy5_gpu_core_neural_output_average_batched_1024_cuda_repeat01,3,neural_policy,output_average,sample_revision_mask,1.564004924148321e-05
toy5,neural_output_average,batched,batched,cuda,1024,3,9,1,1,2,toy5_gpu_core_neural_output_average_batched_1024_cuda_repeat01,3,neural_policy,output_average,build_step_context,0.0026451590238139033
toy5,neural_output_average,batched,batched,cuda,1024,3,9,1,1,2,toy5_gpu_core_neural_output_average_batched_1024_cuda_repeat01,3,neural_policy,output_average,build_observations,0.003916042041964829
toy5,neural_output_average,batched,batched,cuda,1024,3,9,1,1,2,toy5_gpu_core_neural_output_average_batched_1024_cuda_repeat01,3,neural_policy,output_average,policy_readout,0.0002680449979379773
toy5,neural_output_average,batched,batched,cuda,1024,3,9,1,1,2,toy5_gpu_core_neural_output_average_batched_1024_cuda_repeat01,3,neural_policy,output_average,decision_selection,0.0004572609905153513
toy5,neural_output_average,batched,batched,cuda,1024,3,9,1,1,2,toy5_gpu_core_neural_output_average_batched_1024_cuda_repeat01,3,neural_policy,output_average,local_trainable_parameters,0.00010359508451074362
toy5,neural_output_average,batched,batched,cuda,1024,3,9,1,1,2,toy5_gpu_core_neural_output_average_batched_1024_cuda_repeat01,3,neural_policy,output_average,local_loss_forward,0.000739120994694531
toy5,neural_output_average,batched,batched,cuda,1024,3,9,1,1,2,toy5_gpu_core_neural_output_average_batched_1024_cuda_repeat01,3,neural_policy,output_average,local_optimizer_update,0.016001078998669982
toy5,neural_output_average,batched,batched,cuda,1024,3,9,1,1,2,toy5_gpu_core_neural_output_average_batched_1024_cuda_repeat01,3,neural_policy,output_average,local_loss_update,0.016892717918381095
toy5,neural_output_average,batched,batched,cuda,1024,3,9,1,1,2,toy5_gpu_core_neural_output_average_batched_1024_cuda_repeat01,3,neural_policy,output_average,local_training,0.017042730003595352
toy5,neural_output_average,batched,batched,cuda,1024,3,9,1,1,2,toy5_gpu_core_neural_output_average_batched_1024_cuda_repeat01,3,neural_policy,output_average,cache_refresh,1.2313015758991241e-05
toy5,neural_output_average,batched,batched,cuda,1024,3,9,1,1,2,toy5_gpu_core_neural_output_average_batched_1024_cuda_repeat01,3,neural_policy,output_average,post_local_readout,0.00019686995074152946
toy5,neural_output_average,batched,batched,cuda,1024,3,9,1,1,2,toy5_gpu_core_neural_output_average_batched_1024_cuda_repeat01,3,neural_policy,output_average,local_step,0.022278164979070425
toy5,neural_output_average,batched,batched,cuda,1024,3,9,1,1,2,toy5_gpu_core_neural_output_average_batched_1024_cuda_repeat01,3,neural_policy,output_average,select_peers,0.00014319003093987703
toy5,neural_output_average,batched,batched,cuda,1024,3,9,1,1,2,toy5_gpu_core_neural_output_average_batched_1024_cuda_repeat01,3,neural_policy,output_average,social_trainable_parameters,6.009393837302923e-05
toy5,neural_output_average,batched,batched,cuda,1024,3,9,1,1,2,toy5_gpu_core_neural_output_average_batched_1024_cuda_repeat01,3,neural_policy,output_average,social_mix,0.0008775220485404134
toy5,neural_output_average,batched,batched,cuda,1024,3,9,1,1,2,toy5_gpu_core_neural_output_average_batched_1024_cuda_repeat01,3,neural_policy,output_average,social_loss_forward,0.00023062399122864008
toy5,neural_output_average,batched,batched,cuda,1024,3,9,1,1,2,toy5_gpu_core_neural_output_average_batched_1024_cuda_repeat01,3,neural_policy,output_average,social_optimizer_update,0.08230035798624158
toy5,neural_output_average,batched,batched,cuda,1024,3,9,1,1,2,toy5_gpu_core_neural_output_average_batched_1024_cuda_repeat01,3,neural_policy,output_average,social_loss_update,0.08363054203800857
toy5,neural_output_average,batched,batched,cuda,1024,3,9,1,1,2,toy5_gpu_core_neural_output_average_batched_1024_cuda_repeat01,3,neural_policy,output_average,social_distillation,0.08458998706191778
toy5,neural_output_average,batched,batched,cuda,1024,3,9,1,1,2,toy5_gpu_core_neural_output_average_batched_1024_cuda_repeat01,3,neural_policy,output_average,social_step,0.08463115501217544
toy5,neural_output_average,batched,batched,cuda,1024,3,9,1,1,2,toy5_gpu_core_neural_output_average_batched_1024_cuda_repeat01,3,neural_policy,output_average,sample_actions,7.513910531997681e-06
toy5,neural_output_average,batched,batched,cuda,1024,3,9,1,1,2,toy5_gpu_core_neural_output_average_batched_1024_cuda_repeat01,3,neural_policy,output_average,commit_actions,6.254797335714102e-05
toy5,neural_output_average,batched,batched,cuda,1024,3,9,1,1,2,toy5_gpu_core_neural_output_average_batched_1024_cuda_repeat01,3,neural_policy,output_average,post_step_state_policy,2.7111032977700233e-05
toy5,neural_output_average,batched,batched,cuda,1024,3,9,1,1,2,toy5_gpu_core_neural_output_average_batched_1024_cuda_repeat01,3,neural_policy,output_average,update_reputation_ema,4.029599949717522e-05
toy5,neural_output_average,batched,batched,cuda,1024,3,9,1,1,2,toy5_gpu_core_neural_output_average_batched_1024_cuda_repeat01,3,neural_policy,output_average,finalize_hook_step,9.868061169981956e-06
toy5,neural_output_average,batched,batched,cuda,1024,3,9,1,1,2,toy5_gpu_core_neural_output_average_batched_1024_cuda_repeat01,3,neural_policy,output_average,hooked_step_total,0.11098055308684707
toy5,neural_output_average,batched,batched,cuda,1024,3,9,1,1,2,toy5_gpu_core_neural_output_average_batched_1024_cuda_repeat01,3,neural_policy,output_average,aggregate_row,0.013039594981819391
toy5,neural_output_average,batched,batched,cuda,1024,3,9,1,1,2,toy5_gpu_core_neural_output_average_batched_1024_cuda_repeat01,3,neural_policy,output_average,write_aggregate,5.9251091443002224e-05
