toy,scenario,training_backend,device,agent_count,epochs,seed,run_id,epoch,policy_rule,coordination_mixer,stage,seconds
toy4,neural_none,loop,cpu,64,3,4,toy4_gpu_core_neural_none_loop_64_cpu,0,neural_policy,none,make_run_dir,0.001452164025977254
toy4,neural_none,loop,cpu,64,3,4,toy4_gpu_core_neural_none_loop_64_cpu,0,neural_policy,none,write_metadata,0.004471418913453817
toy4,neural_none,loop,cpu,64,3,4,toy4_gpu_core_neural_none_loop_64_cpu,0,neural_policy,none,initial_state,2.1765396690461785
toy4,neural_none,loop,cpu,64,3,4,toy4_gpu_core_neural_none_loop_64_cpu,0,neural_policy,none,writer_setup,0.0017836920451372862
toy4,neural_none,loop,cpu,64,3,4,toy4_gpu_core_neural_none_loop_64_cpu,0,neural_policy,none,initial_step_result,0.014111150056123734
toy4,neural_none,loop,cpu,64,3,4,toy4_gpu_core_neural_none_loop_64_cpu,0,neural_policy,none,initial_aggregate_row,0.003192864009179175
toy4,neural_none,loop,cpu,64,3,4,toy4_gpu_core_neural_none_loop_64_cpu,0,neural_policy,none,write_initial_aggregate,7.161602843552828e-05
toy4,neural_none,loop,cpu,64,3,4,toy4_gpu_core_neural_none_loop_64_cpu,1,neural_policy,none,sample_revision_mask,1.6410951502621174e-05
toy4,neural_none,loop,cpu,64,3,4,toy4_gpu_core_neural_none_loop_64_cpu,1,neural_policy,none,build_step_context,1.1831987649202347e-05
toy4,neural_none,loop,cpu,64,3,4,toy4_gpu_core_neural_none_loop_64_cpu,1,neural_policy,none,build_observations,0.0005919219693168998
toy4,neural_none,loop,cpu,64,3,4,toy4_gpu_core_neural_none_loop_64_cpu,1,neural_policy,none,policy_readout,0.0002589010400697589
toy4,neural_none,loop,cpu,64,3,4,toy4_gpu_core_neural_none_loop_64_cpu,1,neural_policy,none,decision_selection,0.0005069209728389978
toy4,neural_none,loop,cpu,64,3,4,toy4_gpu_core_neural_none_loop_64_cpu,1,neural_policy,none,local_training,0.05368989601265639
toy4,neural_none,loop,cpu,64,3,4,toy4_gpu_core_neural_none_loop_64_cpu,1,neural_policy,none,cache_refresh,0.001415253966115415
toy4,neural_none,loop,cpu,64,3,4,toy4_gpu_core_neural_none_loop_64_cpu,1,neural_policy,none,post_local_readout,0.0007040350465103984
toy4,neural_none,loop,cpu,64,3,4,toy4_gpu_core_neural_none_loop_64_cpu,1,neural_policy,none,local_step,0.057460515992715955
toy4,neural_none,loop,cpu,64,3,4,toy4_gpu_core_neural_none_loop_64_cpu,1,neural_policy,none,select_peers,0.0002205980708822608
toy4,neural_none,loop,cpu,64,3,4,toy4_gpu_core_neural_none_loop_64_cpu,1,neural_policy,none,social_step,4.5397086068987846e-05
toy4,neural_none,loop,cpu,64,3,4,toy4_gpu_core_neural_none_loop_64_cpu,1,neural_policy,none,sample_actions,8.719507604837418e-07
toy4,neural_none,loop,cpu,64,3,4,toy4_gpu_core_neural_none_loop_64_cpu,1,neural_policy,none,commit_actions,8.15500970929861e-06
toy4,neural_none,loop,cpu,64,3,4,toy4_gpu_core_neural_none_loop_64_cpu,1,neural_policy,none,post_step_state_policy,8.319795597344637e-05
toy4,neural_none,loop,cpu,64,3,4,toy4_gpu_core_neural_none_loop_64_cpu,1,neural_policy,none,update_payoff_ema,3.792205825448036e-05
toy4,neural_none,loop,cpu,64,3,4,toy4_gpu_core_neural_none_loop_64_cpu,1,neural_policy,none,update_reputation_ema,4.3413019739091396e-05
toy4,neural_none,loop,cpu,64,3,4,toy4_gpu_core_neural_none_loop_64_cpu,1,neural_policy,none,mobility_swaps,4.249101039022207e-05
toy4,neural_none,loop,cpu,64,3,4,toy4_gpu_core_neural_none_loop_64_cpu,1,neural_policy,none,finalize_hook_step,1.548894215375185e-05
toy4,neural_none,loop,cpu,64,3,4,toy4_gpu_core_neural_none_loop_64_cpu,1,neural_policy,none,hooked_step_total,0.05911537504289299
toy4,neural_none,loop,cpu,64,3,4,toy4_gpu_core_neural_none_loop_64_cpu,1,neural_policy,none,aggregate_row,0.0016066159587353468
toy4,neural_none,loop,cpu,64,3,4,toy4_gpu_core_neural_none_loop_64_cpu,1,neural_policy,none,write_aggregate,0.00011090002954006195
toy4,neural_none,loop,cpu,64,3,4,toy4_gpu_core_neural_none_loop_64_cpu,2,neural_policy,none,sample_revision_mask,2.1851039491593838e-05
toy4,neural_none,loop,cpu,64,3,4,toy4_gpu_core_neural_none_loop_64_cpu,2,neural_policy,none,build_step_context,1.2342934496700764e-05
toy4,neural_none,loop,cpu,64,3,4,toy4_gpu_core_neural_none_loop_64_cpu,2,neural_policy,none,build_observations,0.0008761920034885406
toy4,neural_none,loop,cpu,64,3,4,toy4_gpu_core_neural_none_loop_64_cpu,2,neural_policy,none,policy_readout,0.00022658007219433784
toy4,neural_none,loop,cpu,64,3,4,toy4_gpu_core_neural_none_loop_64_cpu,2,neural_policy,none,decision_selection,0.0006775750080123544
toy4,neural_none,loop,cpu,64,3,4,toy4_gpu_core_neural_none_loop_64_cpu,2,neural_policy,none,local_training,0.043790342984721065
toy4,neural_none,loop,cpu,64,3,4,toy4_gpu_core_neural_none_loop_64_cpu,2,neural_policy,none,cache_refresh,0.0013106859987601638
toy4,neural_none,loop,cpu,64,3,4,toy4_gpu_core_neural_none_loop_64_cpu,2,neural_policy,none,post_local_readout,0.0006554930005222559
toy4,neural_none,loop,cpu,64,3,4,toy4_gpu_core_neural_none_loop_64_cpu,2,neural_policy,none,local_step,0.04784610401839018
toy4,neural_none,loop,cpu,64,3,4,toy4_gpu_core_neural_none_loop_64_cpu,2,neural_policy,none,select_peers,0.00028023100458085537
toy4,neural_none,loop,cpu,64,3,4,toy4_gpu_core_neural_none_loop_64_cpu,2,neural_policy,none,social_step,5.340203642845154e-05
toy4,neural_none,loop,cpu,64,3,4,toy4_gpu_core_neural_none_loop_64_cpu,2,neural_policy,none,sample_actions,1.1419178918004036e-06
toy4,neural_none,loop,cpu,64,3,4,toy4_gpu_core_neural_none_loop_64_cpu,2,neural_policy,none,commit_actions,1.5178928151726723e-05
toy4,neural_none,loop,cpu,64,3,4,toy4_gpu_core_neural_none_loop_64_cpu,2,neural_policy,none,post_step_state_policy,7.251696661114693e-05
toy4,neural_none,loop,cpu,64,3,4,toy4_gpu_core_neural_none_loop_64_cpu,2,neural_policy,none,update_payoff_ema,3.1179049983620644e-05
toy4,neural_none,loop,cpu,64,3,4,toy4_gpu_core_neural_none_loop_64_cpu,2,neural_policy,none,update_reputation_ema,2.089003100991249e-05
toy4,neural_none,loop,cpu,64,3,4,toy4_gpu_core_neural_none_loop_64_cpu,2,neural_policy,none,mobility_swaps,5.169806536287069e-05
toy4,neural_none,loop,cpu,64,3,4,toy4_gpu_core_neural_none_loop_64_cpu,2,neural_policy,none,finalize_hook_step,1.7623999156057835e-05
toy4,neural_none,loop,cpu,64,3,4,toy4_gpu_core_neural_none_loop_64_cpu,2,neural_policy,none,hooked_step_total,0.04970567999407649
toy4,neural_none,loop,cpu,64,3,4,toy4_gpu_core_neural_none_loop_64_cpu,2,neural_policy,none,aggregate_row,0.0017656779382377863
toy4,neural_none,loop,cpu,64,3,4,toy4_gpu_core_neural_none_loop_64_cpu,2,neural_policy,none,write_aggregate,0.0001242560101673007
toy4,neural_none,loop,cpu,64,3,4,toy4_gpu_core_neural_none_loop_64_cpu,3,neural_policy,none,sample_revision_mask,2.2412044927477837e-05
toy4,neural_none,loop,cpu,64,3,4,toy4_gpu_core_neural_none_loop_64_cpu,3,neural_policy,none,build_step_context,8.705887012183666e-06
toy4,neural_none,loop,cpu,64,3,4,toy4_gpu_core_neural_none_loop_64_cpu,3,neural_policy,none,build_observations,0.0009258459322154522
toy4,neural_none,loop,cpu,64,3,4,toy4_gpu_core_neural_none_loop_64_cpu,3,neural_policy,none,policy_readout,0.0014668309595435858
toy4,neural_none,loop,cpu,64,3,4,toy4_gpu_core_neural_none_loop_64_cpu,3,neural_policy,none,decision_selection,0.0016878499882295728
toy4,neural_none,loop,cpu,64,3,4,toy4_gpu_core_neural_none_loop_64_cpu,3,neural_policy,none,local_training,0.04490366403479129
toy4,neural_none,loop,cpu,64,3,4,toy4_gpu_core_neural_none_loop_64_cpu,3,neural_policy,none,cache_refresh,0.0013787948992103338
toy4,neural_none,loop,cpu,64,3,4,toy4_gpu_core_neural_none_loop_64_cpu,3,neural_policy,none,post_local_readout,0.0008489199681207538
toy4,neural_none,loop,cpu,64,3,4,toy4_gpu_core_neural_none_loop_64_cpu,3,neural_policy,none,local_step,0.05161745601799339
toy4,neural_none,loop,cpu,64,3,4,toy4_gpu_core_neural_none_loop_64_cpu,3,neural_policy,none,select_peers,0.0001996479695662856
toy4,neural_none,loop,cpu,64,3,4,toy4_gpu_core_neural_none_loop_64_cpu,3,neural_policy,none,social_step,3.2230978831648827e-05
toy4,neural_none,loop,cpu,64,3,4,toy4_gpu_core_neural_none_loop_64_cpu,3,neural_policy,none,sample_actions,3.044959157705307e-06
toy4,neural_none,loop,cpu,64,3,4,toy4_gpu_core_neural_none_loop_64_cpu,3,neural_policy,none,commit_actions,7.504015229642391e-06
toy4,neural_none,loop,cpu,64,3,4,toy4_gpu_core_neural_none_loop_64_cpu,3,neural_policy,none,post_step_state_policy,5.323102232068777e-05
toy4,neural_none,loop,cpu,64,3,4,toy4_gpu_core_neural_none_loop_64_cpu,3,neural_policy,none,update_payoff_ema,3.248103894293308e-05
toy4,neural_none,loop,cpu,64,3,4,toy4_gpu_core_neural_none_loop_64_cpu,3,neural_policy,none,update_reputation_ema,2.5850022211670876e-05
toy4,neural_none,loop,cpu,64,3,4,toy4_gpu_core_neural_none_loop_64_cpu,3,neural_policy,none,mobility_swaps,0.0001187250018119812
toy4,neural_none,loop,cpu,64,3,4,toy4_gpu_core_neural_none_loop_64_cpu,3,neural_policy,none,finalize_hook_step,3.160000778734684e-05
toy4,neural_none,loop,cpu,64,3,4,toy4_gpu_core_neural_none_loop_64_cpu,3,neural_policy,none,hooked_step_total,0.05355497996788472
toy4,neural_none,loop,cpu,64,3,4,toy4_gpu_core_neural_none_loop_64_cpu,3,neural_policy,none,aggregate_row,0.001964485039934516
toy4,neural_none,loop,cpu,64,3,4,toy4_gpu_core_neural_none_loop_64_cpu,3,neural_policy,none,write_aggregate,0.0001986559946089983
toy4,neural_none,loop,cuda,64,3,4,toy4_gpu_core_neural_none_loop_64_cuda,0,neural_policy,none,make_run_dir,0.0006583689246326685
toy4,neural_none,loop,cuda,64,3,4,toy4_gpu_core_neural_none_loop_64_cuda,0,neural_policy,none,write_metadata,0.004201047006063163
toy4,neural_none,loop,cuda,64,3,4,toy4_gpu_core_neural_none_loop_64_cuda,0,neural_policy,none,initial_state,0.07311987190041691
toy4,neural_none,loop,cuda,64,3,4,toy4_gpu_core_neural_none_loop_64_cuda,0,neural_policy,none,writer_setup,0.0016524340026080608
toy4,neural_none,loop,cuda,64,3,4,toy4_gpu_core_neural_none_loop_64_cuda,0,neural_policy,none,initial_step_result,0.6294611829798669
toy4,neural_none,loop,cuda,64,3,4,toy4_gpu_core_neural_none_loop_64_cuda,0,neural_policy,none,initial_aggregate_row,0.058031350024975836
toy4,neural_none,loop,cuda,64,3,4,toy4_gpu_core_neural_none_loop_64_cuda,0,neural_policy,none,write_initial_aggregate,0.00014826108235865831
toy4,neural_none,loop,cuda,64,3,4,toy4_gpu_core_neural_none_loop_64_cuda,1,neural_policy,none,sample_revision_mask,7.075397297739983e-05
toy4,neural_none,loop,cuda,64,3,4,toy4_gpu_core_neural_none_loop_64_cuda,1,neural_policy,none,build_step_context,2.1329964511096478e-05
toy4,neural_none,loop,cuda,64,3,4,toy4_gpu_core_neural_none_loop_64_cuda,1,neural_policy,none,build_observations,0.0018032700754702091
toy4,neural_none,loop,cuda,64,3,4,toy4_gpu_core_neural_none_loop_64_cuda,1,neural_policy,none,policy_readout,0.003528311033733189
toy4,neural_none,loop,cuda,64,3,4,toy4_gpu_core_neural_none_loop_64_cuda,1,neural_policy,none,decision_selection,0.0009231800213456154
toy4,neural_none,loop,cuda,64,3,4,toy4_gpu_core_neural_none_loop_64_cuda,1,neural_policy,none,local_training,0.542938434984535
toy4,neural_none,loop,cuda,64,3,4,toy4_gpu_core_neural_none_loop_64_cuda,1,neural_policy,none,cache_refresh,0.0017793140141293406
toy4,neural_none,loop,cuda,64,3,4,toy4_gpu_core_neural_none_loop_64_cuda,1,neural_policy,none,post_local_readout,0.00034327106550335884
toy4,neural_none,loop,cuda,64,3,4,toy4_gpu_core_neural_none_loop_64_cuda,1,neural_policy,none,local_step,0.5518012819811702
toy4,neural_none,loop,cuda,64,3,4,toy4_gpu_core_neural_none_loop_64_cuda,1,neural_policy,none,select_peers,0.00017271703109145164
toy4,neural_none,loop,cuda,64,3,4,toy4_gpu_core_neural_none_loop_64_cuda,1,neural_policy,none,social_step,0.00010051997378468513
toy4,neural_none,loop,cuda,64,3,4,toy4_gpu_core_neural_none_loop_64_cuda,1,neural_policy,none,sample_actions,1.3394979760050774e-05
toy4,neural_none,loop,cuda,64,3,4,toy4_gpu_core_neural_none_loop_64_cuda,1,neural_policy,none,commit_actions,1.4488003216683865e-05
toy4,neural_none,loop,cuda,64,3,4,toy4_gpu_core_neural_none_loop_64_cuda,1,neural_policy,none,post_step_state_policy,4.000600893050432e-05
toy4,neural_none,loop,cuda,64,3,4,toy4_gpu_core_neural_none_loop_64_cuda,1,neural_policy,none,update_payoff_ema,2.5908928364515305e-05
toy4,neural_none,loop,cuda,64,3,4,toy4_gpu_core_neural_none_loop_64_cuda,1,neural_policy,none,update_reputation_ema,1.5169032849371433e-05
toy4,neural_none,loop,cuda,64,3,4,toy4_gpu_core_neural_none_loop_64_cuda,1,neural_policy,none,mobility_swaps,3.091897815465927e-05
toy4,neural_none,loop,cuda,64,3,4,toy4_gpu_core_neural_none_loop_64_cuda,1,neural_policy,none,finalize_hook_step,1.875602174550295e-05
toy4,neural_none,loop,cuda,64,3,4,toy4_gpu_core_neural_none_loop_64_cuda,1,neural_policy,none,hooked_step_total,0.5531665809685364
toy4,neural_none,loop,cuda,64,3,4,toy4_gpu_core_neural_none_loop_64_cuda,1,neural_policy,none,aggregate_row,0.0008817620109766722
toy4,neural_none,loop,cuda,64,3,4,toy4_gpu_core_neural_none_loop_64_cuda,1,neural_policy,none,write_aggregate,5.982397124171257e-05
toy4,neural_none,loop,cuda,64,3,4,toy4_gpu_core_neural_none_loop_64_cuda,2,neural_policy,none,sample_revision_mask,1.714297104626894e-05
toy4,neural_none,loop,cuda,64,3,4,toy4_gpu_core_neural_none_loop_64_cuda,2,neural_policy,none,build_step_context,8.054892532527447e-06
toy4,neural_none,loop,cuda,64,3,4,toy4_gpu_core_neural_none_loop_64_cuda,2,neural_policy,none,build_observations,0.000622099032625556
toy4,neural_none,loop,cuda,64,3,4,toy4_gpu_core_neural_none_loop_64_cuda,2,neural_policy,none,policy_readout,0.00018450000789016485
toy4,neural_none,loop,cuda,64,3,4,toy4_gpu_core_neural_none_loop_64_cuda,2,neural_policy,none,decision_selection,0.00044993404299020767
toy4,neural_none,loop,cuda,64,3,4,toy4_gpu_core_neural_none_loop_64_cuda,2,neural_policy,none,local_training,0.09222907200455666
toy4,neural_none,loop,cuda,64,3,4,toy4_gpu_core_neural_none_loop_64_cuda,2,neural_policy,none,cache_refresh,0.001325574005022645
toy4,neural_none,loop,cuda,64,3,4,toy4_gpu_core_neural_none_loop_64_cuda,2,neural_policy,none,post_local_readout,0.0005819740472361445
toy4,neural_none,loop,cuda,64,3,4,toy4_gpu_core_neural_none_loop_64_cuda,2,neural_policy,none,local_step,0.0958494059741497
toy4,neural_none,loop,cuda,64,3,4,toy4_gpu_core_neural_none_loop_64_cuda,2,neural_policy,none,select_peers,0.0002084849402308464
toy4,neural_none,loop,cuda,64,3,4,toy4_gpu_core_neural_none_loop_64_cuda,2,neural_policy,none,social_step,9.722390677779913e-05
toy4,neural_none,loop,cuda,64,3,4,toy4_gpu_core_neural_none_loop_64_cuda,2,neural_policy,none,sample_actions,6.112037226557732e-06
toy4,neural_none,loop,cuda,64,3,4,toy4_gpu_core_neural_none_loop_64_cuda,2,neural_policy,none,commit_actions,1.1942931450903416e-05
toy4,neural_none,loop,cuda,64,3,4,toy4_gpu_core_neural_none_loop_64_cuda,2,neural_policy,none,post_step_state_policy,4.646799061447382e-05
toy4,neural_none,loop,cuda,64,3,4,toy4_gpu_core_neural_none_loop_64_cuda,2,neural_policy,none,update_payoff_ema,2.4045933969318867e-05
toy4,neural_none,loop,cuda,64,3,4,toy4_gpu_core_neural_none_loop_64_cuda,2,neural_policy,none,update_reputation_ema,1.7522950656712055e-05
toy4,neural_none,loop,cuda,64,3,4,toy4_gpu_core_neural_none_loop_64_cuda,2,neural_policy,none,mobility_swaps,3.5146018490195274e-05
toy4,neural_none,loop,cuda,64,3,4,toy4_gpu_core_neural_none_loop_64_cuda,2,neural_policy,none,finalize_hook_step,2.865504939109087e-05
toy4,neural_none,loop,cuda,64,3,4,toy4_gpu_core_neural_none_loop_64_cuda,2,neural_policy,none,hooked_step_total,0.0973022721009329
toy4,neural_none,loop,cuda,64,3,4,toy4_gpu_core_neural_none_loop_64_cuda,2,neural_policy,none,aggregate_row,0.0018973180558532476
toy4,neural_none,loop,cuda,64,3,4,toy4_gpu_core_neural_none_loop_64_cuda,2,neural_policy,none,write_aggregate,9.130395483225584e-05
toy4,neural_none,loop,cuda,64,3,4,toy4_gpu_core_neural_none_loop_64_cuda,3,neural_policy,none,sample_revision_mask,2.8764945454895496e-05
toy4,neural_none,loop,cuda,64,3,4,toy4_gpu_core_neural_none_loop_64_cuda,3,neural_policy,none,build_step_context,1.2323958799242973e-05
toy4,neural_none,loop,cuda,64,3,4,toy4_gpu_core_neural_none_loop_64_cuda,3,neural_policy,none,build_observations,0.0008359950734302402
toy4,neural_none,loop,cuda,64,3,4,toy4_gpu_core_neural_none_loop_64_cuda,3,neural_policy,none,policy_readout,0.00024510500952601433
toy4,neural_none,loop,cuda,64,3,4,toy4_gpu_core_neural_none_loop_64_cuda,3,neural_policy,none,decision_selection,0.00048598204739391804
toy4,neural_none,loop,cuda,64,3,4,toy4_gpu_core_neural_none_loop_64_cuda,3,neural_policy,none,local_training,0.08043894194997847
toy4,neural_none,loop,cuda,64,3,4,toy4_gpu_core_neural_none_loop_64_cuda,3,neural_policy,none,cache_refresh,0.0022891710978001356
toy4,neural_none,loop,cuda,64,3,4,toy4_gpu_core_neural_none_loop_64_cuda,3,neural_policy,none,post_local_readout,0.0010356539860367775
toy4,neural_none,loop,cuda,64,3,4,toy4_gpu_core_neural_none_loop_64_cuda,3,neural_policy,none,local_step,0.08575833006761968
toy4,neural_none,loop,cuda,64,3,4,toy4_gpu_core_neural_none_loop_64_cuda,3,neural_policy,none,select_peers,0.00020772300194948912
toy4,neural_none,loop,cuda,64,3,4,toy4_gpu_core_neural_none_loop_64_cuda,3,neural_policy,none,social_step,8.15150560811162e-05
toy4,neural_none,loop,cuda,64,3,4,toy4_gpu_core_neural_none_loop_64_cuda,3,neural_policy,none,sample_actions,6.7730434238910675e-06
toy4,neural_none,loop,cuda,64,3,4,toy4_gpu_core_neural_none_loop_64_cuda,3,neural_policy,none,commit_actions,1.0709976777434349e-05
toy4,neural_none,loop,cuda,64,3,4,toy4_gpu_core_neural_none_loop_64_cuda,3,neural_policy,none,post_step_state_policy,4.030694253742695e-05
toy4,neural_none,loop,cuda,64,3,4,toy4_gpu_core_neural_none_loop_64_cuda,3,neural_policy,none,update_payoff_ema,3.1649949960410595e-05
toy4,neural_none,loop,cuda,64,3,4,toy4_gpu_core_neural_none_loop_64_cuda,3,neural_policy,none,update_reputation_ema,1.6140053048729897e-05
toy4,neural_none,loop,cuda,64,3,4,toy4_gpu_core_neural_none_loop_64_cuda,3,neural_policy,none,mobility_swaps,2.4065026082098484e-05
toy4,neural_none,loop,cuda,64,3,4,toy4_gpu_core_neural_none_loop_64_cuda,3,neural_policy,none,finalize_hook_step,1.5208963304758072e-05
toy4,neural_none,loop,cuda,64,3,4,toy4_gpu_core_neural_none_loop_64_cuda,3,neural_policy,none,hooked_step_total,0.08736405498348176
toy4,neural_none,loop,cuda,64,3,4,toy4_gpu_core_neural_none_loop_64_cuda,3,neural_policy,none,aggregate_row,0.0010530069703236222
toy4,neural_none,loop,cuda,64,3,4,toy4_gpu_core_neural_none_loop_64_cuda,3,neural_policy,none,write_aggregate,0.00010867603123188019
toy4,neural_none,batched,cpu,64,3,4,toy4_gpu_core_neural_none_batched_64_cpu,0,neural_policy,none,make_run_dir,0.00029513996560126543
toy4,neural_none,batched,cpu,64,3,4,toy4_gpu_core_neural_none_batched_64_cpu,0,neural_policy,none,write_metadata,0.002570255077444017
toy4,neural_none,batched,cpu,64,3,4,toy4_gpu_core_neural_none_batched_64_cpu,0,neural_policy,none,initial_state,0.033725916990078986
toy4,neural_none,batched,cpu,64,3,4,toy4_gpu_core_neural_none_batched_64_cpu,0,neural_policy,none,writer_setup,0.000596722005866468
toy4,neural_none,batched,cpu,64,3,4,toy4_gpu_core_neural_none_batched_64_cpu,0,neural_policy,none,initial_step_result,0.0028656950453296304
toy4,neural_none,batched,cpu,64,3,4,toy4_gpu_core_neural_none_batched_64_cpu,0,neural_policy,none,initial_aggregate_row,0.0013716620160266757
toy4,neural_none,batched,cpu,64,3,4,toy4_gpu_core_neural_none_batched_64_cpu,0,neural_policy,none,write_initial_aggregate,8.272693958133459e-05
toy4,neural_none,batched,cpu,64,3,4,toy4_gpu_core_neural_none_batched_64_cpu,1,neural_policy,none,sample_revision_mask,2.0229024812579155e-05
toy4,neural_none,batched,cpu,64,3,4,toy4_gpu_core_neural_none_batched_64_cpu,1,neural_policy,none,build_step_context,1.6029924154281616e-05
toy4,neural_none,batched,cpu,64,3,4,toy4_gpu_core_neural_none_batched_64_cpu,1,neural_policy,none,build_observations,0.0006051079835742712
toy4,neural_none,batched,cpu,64,3,4,toy4_gpu_core_neural_none_batched_64_cpu,1,neural_policy,none,policy_readout,0.00024073710665106773
toy4,neural_none,batched,cpu,64,3,4,toy4_gpu_core_neural_none_batched_64_cpu,1,neural_policy,none,decision_selection,0.001438648090697825
toy4,neural_none,batched,cpu,64,3,4,toy4_gpu_core_neural_none_batched_64_cpu,1,neural_policy,none,local_training,0.03350652102380991
toy4,neural_none,batched,cpu,64,3,4,toy4_gpu_core_neural_none_batched_64_cpu,1,neural_policy,none,cache_refresh,0.0023596850223839283
toy4,neural_none,batched,cpu,64,3,4,toy4_gpu_core_neural_none_batched_64_cpu,1,neural_policy,none,post_local_readout,0.0007663830183446407
toy4,neural_none,batched,cpu,64,3,4,toy4_gpu_core_neural_none_batched_64_cpu,1,neural_policy,none,local_step,0.039425084949471056
toy4,neural_none,batched,cpu,64,3,4,toy4_gpu_core_neural_none_batched_64_cpu,1,neural_policy,none,select_peers,0.0004281110595911741
toy4,neural_none,batched,cpu,64,3,4,toy4_gpu_core_neural_none_batched_64_cpu,1,neural_policy,none,social_step,6.985291838645935e-05
toy4,neural_none,batched,cpu,64,3,4,toy4_gpu_core_neural_none_batched_64_cpu,1,neural_policy,none,sample_actions,1.0719522833824158e-06
toy4,neural_none,batched,cpu,64,3,4,toy4_gpu_core_neural_none_batched_64_cpu,1,neural_policy,none,commit_actions,2.8333975933492184e-05
toy4,neural_none,batched,cpu,64,3,4,toy4_gpu_core_neural_none_batched_64_cpu,1,neural_policy,none,post_step_state_policy,0.00014732894487679005
toy4,neural_none,batched,cpu,64,3,4,toy4_gpu_core_neural_none_batched_64_cpu,1,neural_policy,none,update_payoff_ema,9.206391405314207e-05
toy4,neural_none,batched,cpu,64,3,4,toy4_gpu_core_neural_none_batched_64_cpu,1,neural_policy,none,update_reputation_ema,4.297192208468914e-05
toy4,neural_none,batched,cpu,64,3,4,toy4_gpu_core_neural_none_batched_64_cpu,1,neural_policy,none,mobility_swaps,0.00011027907021343708
toy4,neural_none,batched,cpu,64,3,4,toy4_gpu_core_neural_none_batched_64_cpu,1,neural_policy,none,finalize_hook_step,0.00010213395580649376
toy4,neural_none,batched,cpu,64,3,4,toy4_gpu_core_neural_none_batched_64_cpu,1,neural_policy,none,hooked_step_total,0.04258823301643133
toy4,neural_none,batched,cpu,64,3,4,toy4_gpu_core_neural_none_batched_64_cpu,1,neural_policy,none,aggregate_row,0.0025220619281753898
toy4,neural_none,batched,cpu,64,3,4,toy4_gpu_core_neural_none_batched_64_cpu,1,neural_policy,none,write_aggregate,0.00011934596113860607
toy4,neural_none,batched,cpu,64,3,4,toy4_gpu_core_neural_none_batched_64_cpu,2,neural_policy,none,sample_revision_mask,4.902295768260956e-05
toy4,neural_none,batched,cpu,64,3,4,toy4_gpu_core_neural_none_batched_64_cpu,2,neural_policy,none,build_step_context,5.731009878218174e-06
toy4,neural_none,batched,cpu,64,3,4,toy4_gpu_core_neural_none_batched_64_cpu,2,neural_policy,none,build_observations,0.0007582280086353421
toy4,neural_none,batched,cpu,64,3,4,toy4_gpu_core_neural_none_batched_64_cpu,2,neural_policy,none,policy_readout,0.001778632984496653
toy4,neural_none,batched,cpu,64,3,4,toy4_gpu_core_neural_none_batched_64_cpu,2,neural_policy,none,decision_selection,0.0008699300233274698
toy4,neural_none,batched,cpu,64,3,4,toy4_gpu_core_neural_none_batched_64_cpu,2,neural_policy,none,local_training,0.02660327998455614
toy4,neural_none,batched,cpu,64,3,4,toy4_gpu_core_neural_none_batched_64_cpu,2,neural_policy,none,cache_refresh,0.0012556710280478
toy4,neural_none,batched,cpu,64,3,4,toy4_gpu_core_neural_none_batched_64_cpu,2,neural_policy,none,post_local_readout,0.00044830096885561943
toy4,neural_none,batched,cpu,64,3,4,toy4_gpu_core_neural_none_batched_64_cpu,2,neural_policy,none,local_step,0.031964006018824875
toy4,neural_none,batched,cpu,64,3,4,toy4_gpu_core_neural_none_batched_64_cpu,2,neural_policy,none,select_peers,0.0001868639374151826
toy4,neural_none,batched,cpu,64,3,4,toy4_gpu_core_neural_none_batched_64_cpu,2,neural_policy,none,social_step,2.621905878186226e-05
toy4,neural_none,batched,cpu,64,3,4,toy4_gpu_core_neural_none_batched_64_cpu,2,neural_policy,none,sample_actions,7.919734343886375e-07
toy4,neural_none,batched,cpu,64,3,4,toy4_gpu_core_neural_none_batched_64_cpu,2,neural_policy,none,commit_actions,5.200039595365524e-06
toy4,neural_none,batched,cpu,64,3,4,toy4_gpu_core_neural_none_batched_64_cpu,2,neural_policy,none,post_step_state_policy,4.5045046135783195e-05
toy4,neural_none,batched,cpu,64,3,4,toy4_gpu_core_neural_none_batched_64_cpu,2,neural_policy,none,update_payoff_ema,3.792205825448036e-05
toy4,neural_none,batched,cpu,64,3,4,toy4_gpu_core_neural_none_batched_64_cpu,2,neural_policy,none,update_reputation_ema,1.0660034604370594e-05
toy4,neural_none,batched,cpu,64,3,4,toy4_gpu_core_neural_none_batched_64_cpu,2,neural_policy,none,mobility_swaps,2.032797783613205e-05
toy4,neural_none,batched,cpu,64,3,4,toy4_gpu_core_neural_none_batched_64_cpu,2,neural_policy,none,finalize_hook_step,9.228009730577469e-06
toy4,neural_none,batched,cpu,64,3,4,toy4_gpu_core_neural_none_batched_64_cpu,2,neural_policy,none,hooked_step_total,0.03292790299747139
toy4,neural_none,batched,cpu,64,3,4,toy4_gpu_core_neural_none_batched_64_cpu,2,neural_policy,none,aggregate_row,0.0007780559826642275
toy4,neural_none,batched,cpu,64,3,4,toy4_gpu_core_neural_none_batched_64_cpu,2,neural_policy,none,write_aggregate,0.00010600092355161905
toy4,neural_none,batched,cpu,64,3,4,toy4_gpu_core_neural_none_batched_64_cpu,3,neural_policy,none,sample_revision_mask,1.0980991646647453e-05
toy4,neural_none,batched,cpu,64,3,4,toy4_gpu_core_neural_none_batched_64_cpu,3,neural_policy,none,build_step_context,6.692018359899521e-06
toy4,neural_none,batched,cpu,64,3,4,toy4_gpu_core_neural_none_batched_64_cpu,3,neural_policy,none,build_observations,0.0008302950300276279
toy4,neural_none,batched,cpu,64,3,4,toy4_gpu_core_neural_none_batched_64_cpu,3,neural_policy,none,policy_readout,0.0002396149793639779
toy4,neural_none,batched,cpu,64,3,4,toy4_gpu_core_neural_none_batched_64_cpu,3,neural_policy,none,decision_selection,0.0006068709772080183
toy4,neural_none,batched,cpu,64,3,4,toy4_gpu_core_neural_none_batched_64_cpu,3,neural_policy,none,local_training,0.025399657897651196
toy4,neural_none,batched,cpu,64,3,4,toy4_gpu_core_neural_none_batched_64_cpu,3,neural_policy,none,cache_refresh,0.0013487279647961259
toy4,neural_none,batched,cpu,64,3,4,toy4_gpu_core_neural_none_batched_64_cpu,3,neural_policy,none,post_local_readout,0.0008831749437376857
toy4,neural_none,batched,cpu,64,3,4,toy4_gpu_core_neural_none_batched_64_cpu,3,neural_policy,none,local_step,0.02959980198647827
toy4,neural_none,batched,cpu,64,3,4,toy4_gpu_core_neural_none_batched_64_cpu,3,neural_policy,none,select_peers,0.00017354893498122692
toy4,neural_none,batched,cpu,64,3,4,toy4_gpu_core_neural_none_batched_64_cpu,3,neural_policy,none,social_step,2.7191010303795338e-05
toy4,neural_none,batched,cpu,64,3,4,toy4_gpu_core_neural_none_batched_64_cpu,3,neural_policy,none,sample_actions,8.009374141693115e-07
toy4,neural_none,batched,cpu,64,3,4,toy4_gpu_core_neural_none_batched_64_cpu,3,neural_policy,none,commit_actions,5.389912985265255e-06
toy4,neural_none,batched,cpu,64,3,4,toy4_gpu_core_neural_none_batched_64_cpu,3,neural_policy,none,post_step_state_policy,3.979494795203209e-05
toy4,neural_none,batched,cpu,64,3,4,toy4_gpu_core_neural_none_batched_64_cpu,3,neural_policy,none,update_payoff_ema,3.005692269653082e-05
toy4,neural_none,batched,cpu,64,3,4,toy4_gpu_core_neural_none_batched_64_cpu,3,neural_policy,none,update_reputation_ema,1.1411961168050766e-05
toy4,neural_none,batched,cpu,64,3,4,toy4_gpu_core_neural_none_batched_64_cpu,3,neural_policy,none,mobility_swaps,2.869497984647751e-05
toy4,neural_none,batched,cpu,64,3,4,toy4_gpu_core_neural_none_batched_64_cpu,3,neural_policy,none,finalize_hook_step,1.538905780762434e-05
toy4,neural_none,batched,cpu,64,3,4,toy4_gpu_core_neural_none_batched_64_cpu,3,neural_policy,none,hooked_step_total,0.030782054993323982
toy4,neural_none,batched,cpu,64,3,4,toy4_gpu_core_neural_none_batched_64_cpu,3,neural_policy,none,aggregate_row,0.0009668039856478572
toy4,neural_none,batched,cpu,64,3,4,toy4_gpu_core_neural_none_batched_64_cpu,3,neural_policy,none,write_aggregate,9.935896378010511e-05
toy4,neural_none,batched,cuda,64,3,4,toy4_gpu_core_neural_none_batched_64_cuda,0,neural_policy,none,make_run_dir,0.00042791198939085007
toy4,neural_none,batched,cuda,64,3,4,toy4_gpu_core_neural_none_batched_64_cuda,0,neural_policy,none,write_metadata,0.0031866729259490967
toy4,neural_none,batched,cuda,64,3,4,toy4_gpu_core_neural_none_batched_64_cuda,0,neural_policy,none,initial_state,0.054785805055871606
toy4,neural_none,batched,cuda,64,3,4,toy4_gpu_core_neural_none_batched_64_cuda,0,neural_policy,none,writer_setup,0.0005232120165601373
toy4,neural_none,batched,cuda,64,3,4,toy4_gpu_core_neural_none_batched_64_cuda,0,neural_policy,none,initial_step_result,0.002776846056804061
toy4,neural_none,batched,cuda,64,3,4,toy4_gpu_core_neural_none_batched_64_cuda,0,neural_policy,none,initial_aggregate_row,0.0010659709805622697
toy4,neural_none,batched,cuda,64,3,4,toy4_gpu_core_neural_none_batched_64_cuda,0,neural_policy,none,write_initial_aggregate,4.8091053031384945e-05
toy4,neural_none,batched,cuda,64,3,4,toy4_gpu_core_neural_none_batched_64_cuda,1,neural_policy,none,sample_revision_mask,2.090900670737028e-05
toy4,neural_none,batched,cuda,64,3,4,toy4_gpu_core_neural_none_batched_64_cuda,1,neural_policy,none,build_step_context,9.968993254005909e-06
toy4,neural_none,batched,cuda,64,3,4,toy4_gpu_core_neural_none_batched_64_cuda,1,neural_policy,none,build_observations,0.0005798899801447988
toy4,neural_none,batched,cuda,64,3,4,toy4_gpu_core_neural_none_batched_64_cuda,1,neural_policy,none,policy_readout,0.00021582003682851791
toy4,neural_none,batched,cuda,64,3,4,toy4_gpu_core_neural_none_batched_64_cuda,1,neural_policy,none,decision_selection,0.0004667650209739804
toy4,neural_none,batched,cuda,64,3,4,toy4_gpu_core_neural_none_batched_64_cuda,1,neural_policy,none,local_training,0.49867214099504054
toy4,neural_none,batched,cuda,64,3,4,toy4_gpu_core_neural_none_batched_64_cuda,1,neural_policy,none,cache_refresh,0.0011343410005792975
toy4,neural_none,batched,cuda,64,3,4,toy4_gpu_core_neural_none_batched_64_cuda,1,neural_policy,none,post_local_readout,0.0011060269316658378
toy4,neural_none,batched,cuda,64,3,4,toy4_gpu_core_neural_none_batched_64_cuda,1,neural_policy,none,local_step,0.5027722750091925
toy4,neural_none,batched,cuda,64,3,4,toy4_gpu_core_neural_none_batched_64_cuda,1,neural_policy,none,select_peers,0.00024157797452062368
toy4,neural_none,batched,cuda,64,3,4,toy4_gpu_core_neural_none_batched_64_cuda,1,neural_policy,none,social_step,8.069304749369621e-05
toy4,neural_none,batched,cuda,64,3,4,toy4_gpu_core_neural_none_batched_64_cuda,1,neural_policy,none,sample_actions,6.471993401646614e-06
toy4,neural_none,batched,cuda,64,3,4,toy4_gpu_core_neural_none_batched_64_cuda,1,neural_policy,none,commit_actions,1.2194039300084114e-05
toy4,neural_none,batched,cuda,64,3,4,toy4_gpu_core_neural_none_batched_64_cuda,1,neural_policy,none,post_step_state_policy,5.151808727532625e-05
toy4,neural_none,batched,cuda,64,3,4,toy4_gpu_core_neural_none_batched_64_cuda,1,neural_policy,none,update_payoff_ema,3.191095311194658e-05
toy4,neural_none,batched,cuda,64,3,4,toy4_gpu_core_neural_none_batched_64_cuda,1,neural_policy,none,update_reputation_ema,1.958699431270361e-05
toy4,neural_none,batched,cuda,64,3,4,toy4_gpu_core_neural_none_batched_64_cuda,1,neural_policy,none,mobility_swaps,3.3763935789465904e-05
toy4,neural_none,batched,cuda,64,3,4,toy4_gpu_core_neural_none_batched_64_cuda,1,neural_policy,none,finalize_hook_step,1.7323065549135208e-05
toy4,neural_none,batched,cuda,64,3,4,toy4_gpu_core_neural_none_batched_64_cuda,1,neural_policy,none,hooked_step_total,0.5044049919815734
toy4,neural_none,batched,cuda,64,3,4,toy4_gpu_core_neural_none_batched_64_cuda,1,neural_policy,none,aggregate_row,0.001851491048000753
toy4,neural_none,batched,cuda,64,3,4,toy4_gpu_core_neural_none_batched_64_cuda,1,neural_policy,none,write_aggregate,0.00020431692246347666
toy4,neural_none,batched,cuda,64,3,4,toy4_gpu_core_neural_none_batched_64_cuda,2,neural_policy,none,sample_revision_mask,2.7101021260023117e-05
toy4,neural_none,batched,cuda,64,3,4,toy4_gpu_core_neural_none_batched_64_cuda,2,neural_policy,none,build_step_context,1.1180993169546127e-05
toy4,neural_none,batched,cuda,64,3,4,toy4_gpu_core_neural_none_batched_64_cuda,2,neural_policy,none,build_observations,0.0008925530128180981
toy4,neural_none,batched,cuda,64,3,4,toy4_gpu_core_neural_none_batched_64_cuda,2,neural_policy,none,policy_readout,0.0005104279844090343
toy4,neural_none,batched,cuda,64,3,4,toy4_gpu_core_neural_none_batched_64_cuda,2,neural_policy,none,decision_selection,0.000603495049290359
toy4,neural_none,batched,cuda,64,3,4,toy4_gpu_core_neural_none_batched_64_cuda,2,neural_policy,none,local_training,0.044011943973600864
toy4,neural_none,batched,cuda,64,3,4,toy4_gpu_core_neural_none_batched_64_cuda,2,neural_policy,none,cache_refresh,0.0011118579423055053
toy4,neural_none,batched,cuda,64,3,4,toy4_gpu_core_neural_none_batched_64_cuda,2,neural_policy,none,post_local_readout,0.000994996982626617
toy4,neural_none,batched,cuda,64,3,4,toy4_gpu_core_neural_none_batched_64_cuda,2,neural_policy,none,local_step,0.048666639951989055
toy4,neural_none,batched,cuda,64,3,4,toy4_gpu_core_neural_none_batched_64_cuda,2,neural_policy,none,select_peers,0.00021129101514816284
toy4,neural_none,batched,cuda,64,3,4,toy4_gpu_core_neural_none_batched_64_cuda,2,neural_policy,none,social_step,7.751700468361378e-05
toy4,neural_none,batched,cuda,64,3,4,toy4_gpu_core_neural_none_batched_64_cuda,2,neural_policy,none,sample_actions,6.322050467133522e-06
toy4,neural_none,batched,cuda,64,3,4,toy4_gpu_core_neural_none_batched_64_cuda,2,neural_policy,none,commit_actions,1.1010910384356976e-05
toy4,neural_none,batched,cuda,64,3,4,toy4_gpu_core_neural_none_batched_64_cuda,2,neural_policy,none,post_step_state_policy,3.9004022255539894e-05
toy4,neural_none,batched,cuda,64,3,4,toy4_gpu_core_neural_none_batched_64_cuda,2,neural_policy,none,update_payoff_ema,2.424593549221754e-05
toy4,neural_none,batched,cuda,64,3,4,toy4_gpu_core_neural_none_batched_64_cuda,2,neural_policy,none,update_reputation_ema,1.69120030477643e-05
toy4,neural_none,batched,cuda,64,3,4,toy4_gpu_core_neural_none_batched_64_cuda,2,neural_policy,none,mobility_swaps,3.1880917958915234e-05
toy4,neural_none,batched,cuda,64,3,4,toy4_gpu_core_neural_none_batched_64_cuda,2,neural_policy,none,finalize_hook_step,1.4256918802857399e-05
toy4,neural_none,batched,cuda,64,3,4,toy4_gpu_core_neural_none_batched_64_cuda,2,neural_policy,none,hooked_step_total,0.04980311600957066
toy4,neural_none,batched,cuda,64,3,4,toy4_gpu_core_neural_none_batched_64_cuda,2,neural_policy,none,aggregate_row,0.0008576159598305821
toy4,neural_none,batched,cuda,64,3,4,toy4_gpu_core_neural_none_batched_64_cuda,2,neural_policy,none,write_aggregate,6.680702790617943e-05
toy4,neural_none,batched,cuda,64,3,4,toy4_gpu_core_neural_none_batched_64_cuda,3,neural_policy,none,sample_revision_mask,2.0629027858376503e-05
toy4,neural_none,batched,cuda,64,3,4,toy4_gpu_core_neural_none_batched_64_cuda,3,neural_policy,none,build_step_context,1.613004133105278e-05
toy4,neural_none,batched,cuda,64,3,4,toy4_gpu_core_neural_none_batched_64_cuda,3,neural_policy,none,build_observations,0.0007277600234374404
toy4,neural_none,batched,cuda,64,3,4,toy4_gpu_core_neural_none_batched_64_cuda,3,neural_policy,none,policy_readout,0.0003125419607385993
toy4,neural_none,batched,cuda,64,3,4,toy4_gpu_core_neural_none_batched_64_cuda,3,neural_policy,none,decision_selection,0.0005061200354248285
toy4,neural_none,batched,cuda,64,3,4,toy4_gpu_core_neural_none_batched_64_cuda,3,neural_policy,none,local_training,0.04120495996903628
toy4,neural_none,batched,cuda,64,3,4,toy4_gpu_core_neural_none_batched_64_cuda,3,neural_policy,none,cache_refresh,0.0012064380571246147
toy4,neural_none,batched,cuda,64,3,4,toy4_gpu_core_neural_none_batched_64_cuda,3,neural_policy,none,post_local_readout,0.0005037960363551974
toy4,neural_none,batched,cuda,64,3,4,toy4_gpu_core_neural_none_batched_64_cuda,3,neural_policy,none,local_step,0.04490736091975123
toy4,neural_none,batched,cuda,64,3,4,toy4_gpu_core_neural_none_batched_64_cuda,3,neural_policy,none,select_peers,0.0002247459487989545
toy4,neural_none,batched,cuda,64,3,4,toy4_gpu_core_neural_none_batched_64_cuda,3,neural_policy,none,social_step,0.00010640197433531284
toy4,neural_none,batched,cuda,64,3,4,toy4_gpu_core_neural_none_batched_64_cuda,3,neural_policy,none,sample_actions,6.212037988007069e-06
toy4,neural_none,batched,cuda,64,3,4,toy4_gpu_core_neural_none_batched_64_cuda,3,neural_policy,none,commit_actions,1.2252945452928543e-05
toy4,neural_none,batched,cuda,64,3,4,toy4_gpu_core_neural_none_batched_64_cuda,3,neural_policy,none,post_step_state_policy,0.00010778498835861683
toy4,neural_none,batched,cuda,64,3,4,toy4_gpu_core_neural_none_batched_64_cuda,3,neural_policy,none,update_payoff_ema,3.2952986657619476e-05
toy4,neural_none,batched,cuda,64,3,4,toy4_gpu_core_neural_none_batched_64_cuda,3,neural_policy,none,update_reputation_ema,1.9807019270956516e-05
toy4,neural_none,batched,cuda,64,3,4,toy4_gpu_core_neural_none_batched_64_cuda,3,neural_policy,none,mobility_swaps,3.06589063256979e-05
toy4,neural_none,batched,cuda,64,3,4,toy4_gpu_core_neural_none_batched_64_cuda,3,neural_policy,none,finalize_hook_step,2.0649051293730736e-05
toy4,neural_none,batched,cuda,64,3,4,toy4_gpu_core_neural_none_batched_64_cuda,3,neural_policy,none,hooked_step_total,0.04629798897076398
toy4,neural_none,batched,cuda,64,3,4,toy4_gpu_core_neural_none_batched_64_cuda,3,neural_policy,none,aggregate_row,0.0010797979775816202
toy4,neural_none,batched,cuda,64,3,4,toy4_gpu_core_neural_none_batched_64_cuda,3,neural_policy,none,write_aggregate,6.091594696044922e-05
toy4,neural_output_average,loop,cpu,64,3,4,toy4_gpu_core_neural_output_average_loop_64_cpu,0,neural_policy,output_average,make_run_dir,0.00043741893023252487
toy4,neural_output_average,loop,cpu,64,3,4,toy4_gpu_core_neural_output_average_loop_64_cpu,0,neural_policy,output_average,write_metadata,0.0035111689940094948
toy4,neural_output_average,loop,cpu,64,3,4,toy4_gpu_core_neural_output_average_loop_64_cpu,0,neural_policy,output_average,initial_state,0.03160429291892797
toy4,neural_output_average,loop,cpu,64,3,4,toy4_gpu_core_neural_output_average_loop_64_cpu,0,neural_policy,output_average,writer_setup,0.00039108109194785357
toy4,neural_output_average,loop,cpu,64,3,4,toy4_gpu_core_neural_output_average_loop_64_cpu,0,neural_policy,output_average,initial_step_result,0.0016378560103476048
toy4,neural_output_average,loop,cpu,64,3,4,toy4_gpu_core_neural_output_average_loop_64_cpu,0,neural_policy,output_average,initial_aggregate_row,0.0009625449310988188
toy4,neural_output_average,loop,cpu,64,3,4,toy4_gpu_core_neural_output_average_loop_64_cpu,0,neural_policy,output_average,write_initial_aggregate,4.411395639181137e-05
toy4,neural_output_average,loop,cpu,64,3,4,toy4_gpu_core_neural_output_average_loop_64_cpu,1,neural_policy,output_average,sample_revision_mask,1.5169032849371433e-05
toy4,neural_output_average,loop,cpu,64,3,4,toy4_gpu_core_neural_output_average_loop_64_cpu,1,neural_policy,output_average,build_step_context,9.447918273508549e-06
toy4,neural_output_average,loop,cpu,64,3,4,toy4_gpu_core_neural_output_average_loop_64_cpu,1,neural_policy,output_average,build_observations,0.0005714939907193184
toy4,neural_output_average,loop,cpu,64,3,4,toy4_gpu_core_neural_output_average_loop_64_cpu,1,neural_policy,output_average,policy_readout,0.0001952899619936943
toy4,neural_output_average,loop,cpu,64,3,4,toy4_gpu_core_neural_output_average_loop_64_cpu,1,neural_policy,output_average,decision_selection,0.00041864404920488596
toy4,neural_output_average,loop,cpu,64,3,4,toy4_gpu_core_neural_output_average_loop_64_cpu,1,neural_policy,output_average,local_training,0.035248524975031614
toy4,neural_output_average,loop,cpu,64,3,4,toy4_gpu_core_neural_output_average_loop_64_cpu,1,neural_policy,output_average,cache_refresh,0.0010981429368257523
toy4,neural_output_average,loop,cpu,64,3,4,toy4_gpu_core_neural_output_average_loop_64_cpu,1,neural_policy,output_average,post_local_readout,0.00044898095075041056
toy4,neural_output_average,loop,cpu,64,3,4,toy4_gpu_core_neural_output_average_loop_64_cpu,1,neural_policy,output_average,local_step,0.038216773071326315
toy4,neural_output_average,loop,cpu,64,3,4,toy4_gpu_core_neural_output_average_loop_64_cpu,1,neural_policy,output_average,select_peers,0.0001997490180656314
toy4,neural_output_average,loop,cpu,64,3,4,toy4_gpu_core_neural_output_average_loop_64_cpu,1,neural_policy,output_average,social_distillation,0.04055339400656521
toy4,neural_output_average,loop,cpu,64,3,4,toy4_gpu_core_neural_output_average_loop_64_cpu,1,neural_policy,output_average,social_step,0.04062845592852682
toy4,neural_output_average,loop,cpu,64,3,4,toy4_gpu_core_neural_output_average_loop_64_cpu,1,neural_policy,output_average,sample_actions,1.4329561963677406e-06
toy4,neural_output_average,loop,cpu,64,3,4,toy4_gpu_core_neural_output_average_loop_64_cpu,1,neural_policy,output_average,commit_actions,1.0229996405541897e-05
toy4,neural_output_average,loop,cpu,64,3,4,toy4_gpu_core_neural_output_average_loop_64_cpu,1,neural_policy,output_average,post_step_state_policy,5.6006014347076416e-05
toy4,neural_output_average,loop,cpu,64,3,4,toy4_gpu_core_neural_output_average_loop_64_cpu,1,neural_policy,output_average,update_payoff_ema,3.979494795203209e-05
toy4,neural_output_average,loop,cpu,64,3,4,toy4_gpu_core_neural_output_average_loop_64_cpu,1,neural_policy,output_average,update_reputation_ema,1.989805605262518e-05
toy4,neural_output_average,loop,cpu,64,3,4,toy4_gpu_core_neural_output_average_loop_64_cpu,1,neural_policy,output_average,mobility_swaps,3.987504169344902e-05
toy4,neural_output_average,loop,cpu,64,3,4,toy4_gpu_core_neural_output_average_loop_64_cpu,1,neural_policy,output_average,finalize_hook_step,2.235302235931158e-05
toy4,neural_output_average,loop,cpu,64,3,4,toy4_gpu_core_neural_output_average_loop_64_cpu,1,neural_policy,output_average,hooked_step_total,0.08065494301263243
toy4,neural_output_average,loop,cpu,64,3,4,toy4_gpu_core_neural_output_average_loop_64_cpu,1,neural_policy,output_average,aggregate_row,0.0013599590165540576
toy4,neural_output_average,loop,cpu,64,3,4,toy4_gpu_core_neural_output_average_loop_64_cpu,1,neural_policy,output_average,write_aggregate,8.980999700725079e-05
toy4,neural_output_average,loop,cpu,64,3,4,toy4_gpu_core_neural_output_average_loop_64_cpu,2,neural_policy,output_average,sample_revision_mask,1.7583020962774754e-05
toy4,neural_output_average,loop,cpu,64,3,4,toy4_gpu_core_neural_output_average_loop_64_cpu,2,neural_policy,output_average,build_step_context,7.173977792263031e-06
toy4,neural_output_average,loop,cpu,64,3,4,toy4_gpu_core_neural_output_average_loop_64_cpu,2,neural_policy,output_average,build_observations,0.0012974099954590201
toy4,neural_output_average,loop,cpu,64,3,4,toy4_gpu_core_neural_output_average_loop_64_cpu,2,neural_policy,output_average,policy_readout,0.0005389220314100385
toy4,neural_output_average,loop,cpu,64,3,4,toy4_gpu_core_neural_output_average_loop_64_cpu,2,neural_policy,output_average,decision_selection,0.0006824739975854754
toy4,neural_output_average,loop,cpu,64,3,4,toy4_gpu_core_neural_output_average_loop_64_cpu,2,neural_policy,output_average,local_training,0.03450460406020284
toy4,neural_output_average,loop,cpu,64,3,4,toy4_gpu_core_neural_output_average_loop_64_cpu,2,neural_policy,output_average,cache_refresh,0.0011840959778055549
toy4,neural_output_average,loop,cpu,64,3,4,toy4_gpu_core_neural_output_average_loop_64_cpu,2,neural_policy,output_average,post_local_readout,0.0006765529979020357
toy4,neural_output_average,loop,cpu,64,3,4,toy4_gpu_core_neural_output_average_loop_64_cpu,2,neural_policy,output_average,local_step,0.03959957591723651
toy4,neural_output_average,loop,cpu,64,3,4,toy4_gpu_core_neural_output_average_loop_64_cpu,2,neural_policy,output_average,select_peers,0.00026392005383968353
toy4,neural_output_average,loop,cpu,64,3,4,toy4_gpu_core_neural_output_average_loop_64_cpu,2,neural_policy,output_average,social_distillation,0.040953943971544504
toy4,neural_output_average,loop,cpu,64,3,4,toy4_gpu_core_neural_output_average_loop_64_cpu,2,neural_policy,output_average,social_step,0.041030648979358375
toy4,neural_output_average,loop,cpu,64,3,4,toy4_gpu_core_neural_output_average_loop_64_cpu,2,neural_policy,output_average,sample_actions,1.7940765246748924e-06
toy4,neural_output_average,loop,cpu,64,3,4,toy4_gpu_core_neural_output_average_loop_64_cpu,2,neural_policy,output_average,commit_actions,7.104012183845043e-06
toy4,neural_output_average,loop,cpu,64,3,4,toy4_gpu_core_neural_output_average_loop_64_cpu,2,neural_policy,output_average,post_step_state_policy,4.5557040721178055e-05
toy4,neural_output_average,loop,cpu,64,3,4,toy4_gpu_core_neural_output_average_loop_64_cpu,2,neural_policy,output_average,update_payoff_ema,2.650998067110777e-05
toy4,neural_output_average,loop,cpu,64,3,4,toy4_gpu_core_neural_output_average_loop_64_cpu,2,neural_policy,output_average,update_reputation_ema,1.5079043805599213e-05
toy4,neural_output_average,loop,cpu,64,3,4,toy4_gpu_core_neural_output_average_loop_64_cpu,2,neural_policy,output_average,mobility_swaps,3.284204285591841e-05
toy4,neural_output_average,loop,cpu,64,3,4,toy4_gpu_core_neural_output_average_loop_64_cpu,2,neural_policy,output_average,finalize_hook_step,1.94270396605134e-05
toy4,neural_output_average,loop,cpu,64,3,4,toy4_gpu_core_neural_output_average_loop_64_cpu,2,neural_policy,output_average,hooked_step_total,0.08254955499432981
toy4,neural_output_average,loop,cpu,64,3,4,toy4_gpu_core_neural_output_average_loop_64_cpu,2,neural_policy,output_average,aggregate_row,0.0010757099371403456
toy4,neural_output_average,loop,cpu,64,3,4,toy4_gpu_core_neural_output_average_loop_64_cpu,2,neural_policy,output_average,write_aggregate,7.231696508824825e-05
toy4,neural_output_average,loop,cpu,64,3,4,toy4_gpu_core_neural_output_average_loop_64_cpu,3,neural_policy,output_average,sample_revision_mask,1.2773904018104076e-05
toy4,neural_output_average,loop,cpu,64,3,4,toy4_gpu_core_neural_output_average_loop_64_cpu,3,neural_policy,output_average,build_step_context,5.029025487601757e-06
toy4,neural_output_average,loop,cpu,64,3,4,toy4_gpu_core_neural_output_average_loop_64_cpu,3,neural_policy,output_average,build_observations,0.0007050778949633241
toy4,neural_output_average,loop,cpu,64,3,4,toy4_gpu_core_neural_output_average_loop_64_cpu,3,neural_policy,output_average,policy_readout,0.00020399701315909624
toy4,neural_output_average,loop,cpu,64,3,4,toy4_gpu_core_neural_output_average_loop_64_cpu,3,neural_policy,output_average,decision_selection,0.0004997770301997662
toy4,neural_output_average,loop,cpu,64,3,4,toy4_gpu_core_neural_output_average_loop_64_cpu,3,neural_policy,output_average,local_training,0.0419390220195055
toy4,neural_output_average,loop,cpu,64,3,4,toy4_gpu_core_neural_output_average_loop_64_cpu,3,neural_policy,output_average,cache_refresh,0.0011194730177521706
toy4,neural_output_average,loop,cpu,64,3,4,toy4_gpu_core_neural_output_average_loop_64_cpu,3,neural_policy,output_average,post_local_readout,0.0007409949321299791
toy4,neural_output_average,loop,cpu,64,3,4,toy4_gpu_core_neural_output_average_loop_64_cpu,3,neural_policy,output_average,local_step,0.04547759296838194
toy4,neural_output_average,loop,cpu,64,3,4,toy4_gpu_core_neural_output_average_loop_64_cpu,3,neural_policy,output_average,select_peers,0.0001255379756912589
toy4,neural_output_average,loop,cpu,64,3,4,toy4_gpu_core_neural_output_average_loop_64_cpu,3,neural_policy,output_average,social_distillation,0.03994890803005546
toy4,neural_output_average,loop,cpu,64,3,4,toy4_gpu_core_neural_output_average_loop_64_cpu,3,neural_policy,output_average,social_step,0.04000789998099208
toy4,neural_output_average,loop,cpu,64,3,4,toy4_gpu_core_neural_output_average_loop_64_cpu,3,neural_policy,output_average,sample_actions,1.0619405657052994e-06
toy4,neural_output_average,loop,cpu,64,3,4,toy4_gpu_core_neural_output_average_loop_64_cpu,3,neural_policy,output_average,commit_actions,7.994938641786575e-06
toy4,neural_output_average,loop,cpu,64,3,4,toy4_gpu_core_neural_output_average_loop_64_cpu,3,neural_policy,output_average,post_step_state_policy,5.950301419943571e-05
toy4,neural_output_average,loop,cpu,64,3,4,toy4_gpu_core_neural_output_average_loop_64_cpu,3,neural_policy,output_average,update_payoff_ema,2.729194238781929e-05
toy4,neural_output_average,loop,cpu,64,3,4,toy4_gpu_core_neural_output_average_loop_64_cpu,3,neural_policy,output_average,update_reputation_ema,1.763296313583851e-05
toy4,neural_output_average,loop,cpu,64,3,4,toy4_gpu_core_neural_output_average_loop_64_cpu,3,neural_policy,output_average,mobility_swaps,3.650004509836435e-05
toy4,neural_output_average,loop,cpu,64,3,4,toy4_gpu_core_neural_output_average_loop_64_cpu,3,neural_policy,output_average,finalize_hook_step,1.9297003746032715e-05
toy4,neural_output_average,loop,cpu,64,3,4,toy4_gpu_core_neural_output_average_loop_64_cpu,3,neural_policy,output_average,hooked_step_total,0.08702780806925148
toy4,neural_output_average,loop,cpu,64,3,4,toy4_gpu_core_neural_output_average_loop_64_cpu,3,neural_policy,output_average,aggregate_row,0.0013276470126584172
toy4,neural_output_average,loop,cpu,64,3,4,toy4_gpu_core_neural_output_average_loop_64_cpu,3,neural_policy,output_average,write_aggregate,0.00010350602678954601
toy4,neural_output_average,loop,cuda,64,3,4,toy4_gpu_core_neural_output_average_loop_64_cuda,0,neural_policy,output_average,make_run_dir,0.00042809208389371634
toy4,neural_output_average,loop,cuda,64,3,4,toy4_gpu_core_neural_output_average_loop_64_cuda,0,neural_policy,output_average,write_metadata,0.003320186981000006
toy4,neural_output_average,loop,cuda,64,3,4,toy4_gpu_core_neural_output_average_loop_64_cuda,0,neural_policy,output_average,initial_state,0.055411129957064986
toy4,neural_output_average,loop,cuda,64,3,4,toy4_gpu_core_neural_output_average_loop_64_cuda,0,neural_policy,output_average,writer_setup,0.0016917880857363343
toy4,neural_output_average,loop,cuda,64,3,4,toy4_gpu_core_neural_output_average_loop_64_cuda,0,neural_policy,output_average,initial_step_result,0.005553100956603885
toy4,neural_output_average,loop,cuda,64,3,4,toy4_gpu_core_neural_output_average_loop_64_cuda,0,neural_policy,output_average,initial_aggregate_row,0.003516489057801664
toy4,neural_output_average,loop,cuda,64,3,4,toy4_gpu_core_neural_output_average_loop_64_cuda,0,neural_policy,output_average,write_initial_aggregate,0.0001812439877539873
toy4,neural_output_average,loop,cuda,64,3,4,toy4_gpu_core_neural_output_average_loop_64_cuda,1,neural_policy,output_average,sample_revision_mask,6.447196938097477e-05
toy4,neural_output_average,loop,cuda,64,3,4,toy4_gpu_core_neural_output_average_loop_64_cuda,1,neural_policy,output_average,build_step_context,2.007803414016962e-05
toy4,neural_output_average,loop,cuda,64,3,4,toy4_gpu_core_neural_output_average_loop_64_cuda,1,neural_policy,output_average,build_observations,0.0015735740307718515
toy4,neural_output_average,loop,cuda,64,3,4,toy4_gpu_core_neural_output_average_loop_64_cuda,1,neural_policy,output_average,policy_readout,0.003033082000911236
toy4,neural_output_average,loop,cuda,64,3,4,toy4_gpu_core_neural_output_average_loop_64_cuda,1,neural_policy,output_average,decision_selection,0.0008175600087270141
toy4,neural_output_average,loop,cuda,64,3,4,toy4_gpu_core_neural_output_average_loop_64_cuda,1,neural_policy,output_average,local_training,0.11968890496063977
toy4,neural_output_average,loop,cuda,64,3,4,toy4_gpu_core_neural_output_average_loop_64_cuda,1,neural_policy,output_average,cache_refresh,0.0015597479650750756
toy4,neural_output_average,loop,cuda,64,3,4,toy4_gpu_core_neural_output_average_loop_64_cuda,1,neural_policy,output_average,post_local_readout,0.0005132140358909965
toy4,neural_output_average,loop,cuda,64,3,4,toy4_gpu_core_neural_output_average_loop_64_cuda,1,neural_policy,output_average,local_step,0.12781626801006496
toy4,neural_output_average,loop,cuda,64,3,4,toy4_gpu_core_neural_output_average_loop_64_cuda,1,neural_policy,output_average,select_peers,0.00027137401048094034
toy4,neural_output_average,loop,cuda,64,3,4,toy4_gpu_core_neural_output_average_loop_64_cuda,1,neural_policy,output_average,social_distillation,0.5733141410164535
toy4,neural_output_average,loop,cuda,64,3,4,toy4_gpu_core_neural_output_average_loop_64_cuda,1,neural_policy,output_average,social_step,0.5734012769535184
toy4,neural_output_average,loop,cuda,64,3,4,toy4_gpu_core_neural_output_average_loop_64_cuda,1,neural_policy,output_average,sample_actions,1.2814067304134369e-05
toy4,neural_output_average,loop,cuda,64,3,4,toy4_gpu_core_neural_output_average_loop_64_cuda,1,neural_policy,output_average,commit_actions,2.0459061488509178e-05
toy4,neural_output_average,loop,cuda,64,3,4,toy4_gpu_core_neural_output_average_loop_64_cuda,1,neural_policy,output_average,post_step_state_policy,6.939203012734652e-05
toy4,neural_output_average,loop,cuda,64,3,4,toy4_gpu_core_neural_output_average_loop_64_cuda,1,neural_policy,output_average,update_payoff_ema,3.581796772778034e-05
toy4,neural_output_average,loop,cuda,64,3,4,toy4_gpu_core_neural_output_average_loop_64_cuda,1,neural_policy,output_average,update_reputation_ema,2.4415901862084866e-05
toy4,neural_output_average,loop,cuda,64,3,4,toy4_gpu_core_neural_output_average_loop_64_cuda,1,neural_policy,output_average,mobility_swaps,3.610900603234768e-05
toy4,neural_output_average,loop,cuda,64,3,4,toy4_gpu_core_neural_output_average_loop_64_cuda,1,neural_policy,output_average,finalize_hook_step,2.90960306301713e-05
toy4,neural_output_average,loop,cuda,64,3,4,toy4_gpu_core_neural_output_average_loop_64_cuda,1,neural_policy,output_average,hooked_step_total,0.7036652259994298
toy4,neural_output_average,loop,cuda,64,3,4,toy4_gpu_core_neural_output_average_loop_64_cuda,1,neural_policy,output_average,aggregate_row,0.0015598280588164926
toy4,neural_output_average,loop,cuda,64,3,4,toy4_gpu_core_neural_output_average_loop_64_cuda,1,neural_policy,output_average,write_aggregate,0.0001194770447909832
toy4,neural_output_average,loop,cuda,64,3,4,toy4_gpu_core_neural_output_average_loop_64_cuda,2,neural_policy,output_average,sample_revision_mask,2.7542002499103546e-05
toy4,neural_output_average,loop,cuda,64,3,4,toy4_gpu_core_neural_output_average_loop_64_cuda,2,neural_policy,output_average,build_step_context,1.4488003216683865e-05
toy4,neural_output_average,loop,cuda,64,3,4,toy4_gpu_core_neural_output_average_loop_64_cuda,2,neural_policy,output_average,build_observations,0.0007612130139023066
toy4,neural_output_average,loop,cuda,64,3,4,toy4_gpu_core_neural_output_average_loop_64_cuda,2,neural_policy,output_average,policy_readout,0.00023818097542971373
toy4,neural_output_average,loop,cuda,64,3,4,toy4_gpu_core_neural_output_average_loop_64_cuda,2,neural_policy,output_average,decision_selection,0.000543770962394774
toy4,neural_output_average,loop,cuda,64,3,4,toy4_gpu_core_neural_output_average_loop_64_cuda,2,neural_policy,output_average,local_training,0.09011810808442533
toy4,neural_output_average,loop,cuda,64,3,4,toy4_gpu_core_neural_output_average_loop_64_cuda,2,neural_policy,output_average,cache_refresh,0.0015898649580776691
toy4,neural_output_average,loop,cuda,64,3,4,toy4_gpu_core_neural_output_average_loop_64_cuda,2,neural_policy,output_average,post_local_readout,0.0010286209871992469
toy4,neural_output_average,loop,cuda,64,3,4,toy4_gpu_core_neural_output_average_loop_64_cuda,2,neural_policy,output_average,local_step,0.0949853389756754
toy4,neural_output_average,loop,cuda,64,3,4,toy4_gpu_core_neural_output_average_loop_64_cuda,2,neural_policy,output_average,select_peers,0.00030608102679252625
toy4,neural_output_average,loop,cuda,64,3,4,toy4_gpu_core_neural_output_average_loop_64_cuda,2,neural_policy,output_average,social_distillation,0.11543407605495304
toy4,neural_output_average,loop,cuda,64,3,4,toy4_gpu_core_neural_output_average_loop_64_cuda,2,neural_policy,output_average,social_step,0.11553156201262027
toy4,neural_output_average,loop,cuda,64,3,4,toy4_gpu_core_neural_output_average_loop_64_cuda,2,neural_policy,output_average,sample_actions,9.107054211199284e-06
toy4,neural_output_average,loop,cuda,64,3,4,toy4_gpu_core_neural_output_average_loop_64_cuda,2,neural_policy,output_average,commit_actions,1.5028053894639015e-05
toy4,neural_output_average,loop,cuda,64,3,4,toy4_gpu_core_neural_output_average_loop_64_cuda,2,neural_policy,output_average,post_step_state_policy,5.113694351166487e-05
toy4,neural_output_average,loop,cuda,64,3,4,toy4_gpu_core_neural_output_average_loop_64_cuda,2,neural_policy,output_average,update_payoff_ema,6.784801371395588e-05
toy4,neural_output_average,loop,cuda,64,3,4,toy4_gpu_core_neural_output_average_loop_64_cuda,2,neural_policy,output_average,update_reputation_ema,2.6119989342987537e-05
toy4,neural_output_average,loop,cuda,64,3,4,toy4_gpu_core_neural_output_average_loop_64_cuda,2,neural_policy,output_average,mobility_swaps,6.692600436508656e-05
toy4,neural_output_average,loop,cuda,64,3,4,toy4_gpu_core_neural_output_average_loop_64_cuda,2,neural_policy,output_average,finalize_hook_step,3.130000550299883e-05
toy4,neural_output_average,loop,cuda,64,3,4,toy4_gpu_core_neural_output_average_loop_64_cuda,2,neural_policy,output_average,hooked_step_total,0.2132067900383845
toy4,neural_output_average,loop,cuda,64,3,4,toy4_gpu_core_neural_output_average_loop_64_cuda,2,neural_policy,output_average,aggregate_row,0.001871588989160955
toy4,neural_output_average,loop,cuda,64,3,4,toy4_gpu_core_neural_output_average_loop_64_cuda,2,neural_policy,output_average,write_aggregate,8.060201071202755e-05
toy4,neural_output_average,loop,cuda,64,3,4,toy4_gpu_core_neural_output_average_loop_64_cuda,3,neural_policy,output_average,sample_revision_mask,2.02979426831007e-05
toy4,neural_output_average,loop,cuda,64,3,4,toy4_gpu_core_neural_output_average_loop_64_cuda,3,neural_policy,output_average,build_step_context,1.0940013453364372e-05
toy4,neural_output_average,loop,cuda,64,3,4,toy4_gpu_core_neural_output_average_loop_64_cuda,3,neural_policy,output_average,build_observations,0.0007177309598773718
toy4,neural_output_average,loop,cuda,64,3,4,toy4_gpu_core_neural_output_average_loop_64_cuda,3,neural_policy,output_average,policy_readout,0.00022296200040727854
toy4,neural_output_average,loop,cuda,64,3,4,toy4_gpu_core_neural_output_average_loop_64_cuda,3,neural_policy,output_average,decision_selection,0.00045725691597908735
toy4,neural_output_average,loop,cuda,64,3,4,toy4_gpu_core_neural_output_average_loop_64_cuda,3,neural_policy,output_average,local_training,0.07995039608795196
toy4,neural_output_average,loop,cuda,64,3,4,toy4_gpu_core_neural_output_average_loop_64_cuda,3,neural_policy,output_average,cache_refresh,0.0019483549986034632
toy4,neural_output_average,loop,cuda,64,3,4,toy4_gpu_core_neural_output_average_loop_64_cuda,3,neural_policy,output_average,post_local_readout,0.0004037260077893734
toy4,neural_output_average,loop,cuda,64,3,4,toy4_gpu_core_neural_output_average_loop_64_cuda,3,neural_policy,output_average,local_step,0.08493973803706467
toy4,neural_output_average,loop,cuda,64,3,4,toy4_gpu_core_neural_output_average_loop_64_cuda,3,neural_policy,output_average,select_peers,0.0002684489591047168
toy4,neural_output_average,loop,cuda,64,3,4,toy4_gpu_core_neural_output_average_loop_64_cuda,3,neural_policy,output_average,social_distillation,0.08855790900997818
toy4,neural_output_average,loop,cuda,64,3,4,toy4_gpu_core_neural_output_average_loop_64_cuda,3,neural_policy,output_average,social_step,0.08862743095960468
toy4,neural_output_average,loop,cuda,64,3,4,toy4_gpu_core_neural_output_average_loop_64_cuda,3,neural_policy,output_average,sample_actions,7.765018381178379e-06
toy4,neural_output_average,loop,cuda,64,3,4,toy4_gpu_core_neural_output_average_loop_64_cuda,3,neural_policy,output_average,commit_actions,1.4869030565023422e-05
toy4,neural_output_average,loop,cuda,64,3,4,toy4_gpu_core_neural_output_average_loop_64_cuda,3,neural_policy,output_average,post_step_state_policy,5.113694351166487e-05
toy4,neural_output_average,loop,cuda,64,3,4,toy4_gpu_core_neural_output_average_loop_64_cuda,3,neural_policy,output_average,update_payoff_ema,4.921306390315294e-05
toy4,neural_output_average,loop,cuda,64,3,4,toy4_gpu_core_neural_output_average_loop_64_cuda,3,neural_policy,output_average,update_reputation_ema,2.7030939236283302e-05
toy4,neural_output_average,loop,cuda,64,3,4,toy4_gpu_core_neural_output_average_loop_64_cuda,3,neural_policy,output_average,mobility_swaps,3.274204209446907e-05
toy4,neural_output_average,loop,cuda,64,3,4,toy4_gpu_core_neural_output_average_loop_64_cuda,3,neural_policy,output_average,finalize_hook_step,2.1902029402554035e-05
toy4,neural_output_average,loop,cuda,64,3,4,toy4_gpu_core_neural_output_average_loop_64_cuda,3,neural_policy,output_average,hooked_step_total,0.17589697788935155
toy4,neural_output_average,loop,cuda,64,3,4,toy4_gpu_core_neural_output_average_loop_64_cuda,3,neural_policy,output_average,aggregate_row,0.001267654006369412
toy4,neural_output_average,loop,cuda,64,3,4,toy4_gpu_core_neural_output_average_loop_64_cuda,3,neural_policy,output_average,write_aggregate,8.779601193964481e-05
toy4,neural_output_average,batched,cpu,64,3,4,toy4_gpu_core_neural_output_average_batched_64_cpu,0,neural_policy,output_average,make_run_dir,0.00031159096397459507
toy4,neural_output_average,batched,cpu,64,3,4,toy4_gpu_core_neural_output_average_batched_64_cpu,0,neural_policy,output_average,write_metadata,0.003029565094038844
toy4,neural_output_average,batched,cpu,64,3,4,toy4_gpu_core_neural_output_average_batched_64_cpu,0,neural_policy,output_average,initial_state,0.039431116078048944
toy4,neural_output_average,batched,cpu,64,3,4,toy4_gpu_core_neural_output_average_batched_64_cpu,0,neural_policy,output_average,writer_setup,0.0011928719468414783
toy4,neural_output_average,batched,cpu,64,3,4,toy4_gpu_core_neural_output_average_batched_64_cpu,0,neural_policy,output_average,initial_step_result,0.0035595110384747386
toy4,neural_output_average,batched,cpu,64,3,4,toy4_gpu_core_neural_output_average_batched_64_cpu,0,neural_policy,output_average,initial_aggregate_row,0.0018416621023789048
toy4,neural_output_average,batched,cpu,64,3,4,toy4_gpu_core_neural_output_average_batched_64_cpu,0,neural_policy,output_average,write_initial_aggregate,0.0001829770626500249
toy4,neural_output_average,batched,cpu,64,3,4,toy4_gpu_core_neural_output_average_batched_64_cpu,1,neural_policy,output_average,sample_revision_mask,4.4415006414055824e-05
toy4,neural_output_average,batched,cpu,64,3,4,toy4_gpu_core_neural_output_average_batched_64_cpu,1,neural_policy,output_average,build_step_context,3.7400983273983e-05
toy4,neural_output_average,batched,cpu,64,3,4,toy4_gpu_core_neural_output_average_batched_64_cpu,1,neural_policy,output_average,build_observations,0.0008806899422779679
toy4,neural_output_average,batched,cpu,64,3,4,toy4_gpu_core_neural_output_average_batched_64_cpu,1,neural_policy,output_average,policy_readout,0.0003498439909890294
toy4,neural_output_average,batched,cpu,64,3,4,toy4_gpu_core_neural_output_average_batched_64_cpu,1,neural_policy,output_average,decision_selection,0.00066849694121629
toy4,neural_output_average,batched,cpu,64,3,4,toy4_gpu_core_neural_output_average_batched_64_cpu,1,neural_policy,output_average,local_training,0.028497903025709093
toy4,neural_output_average,batched,cpu,64,3,4,toy4_gpu_core_neural_output_average_batched_64_cpu,1,neural_policy,output_average,cache_refresh,0.0008002580143511295
toy4,neural_output_average,batched,cpu,64,3,4,toy4_gpu_core_neural_output_average_batched_64_cpu,1,neural_policy,output_average,post_local_readout,0.0012646690011024475
toy4,neural_output_average,batched,cpu,64,3,4,toy4_gpu_core_neural_output_average_batched_64_cpu,1,neural_policy,output_average,local_step,0.032679231953807175
toy4,neural_output_average,batched,cpu,64,3,4,toy4_gpu_core_neural_output_average_batched_64_cpu,1,neural_policy,output_average,select_peers,0.0001388629898428917
toy4,neural_output_average,batched,cpu,64,3,4,toy4_gpu_core_neural_output_average_batched_64_cpu,1,neural_policy,output_average,social_distillation,0.019713624962605536
toy4,neural_output_average,batched,cpu,64,3,4,toy4_gpu_core_neural_output_average_batched_64_cpu,1,neural_policy,output_average,social_step,0.01973452395759523
toy4,neural_output_average,batched,cpu,64,3,4,toy4_gpu_core_neural_output_average_batched_64_cpu,1,neural_policy,output_average,sample_actions,7.109483703970909e-07
toy4,neural_output_average,batched,cpu,64,3,4,toy4_gpu_core_neural_output_average_batched_64_cpu,1,neural_policy,output_average,commit_actions,5.65103255212307e-06
toy4,neural_output_average,batched,cpu,64,3,4,toy4_gpu_core_neural_output_average_batched_64_cpu,1,neural_policy,output_average,post_step_state_policy,4.651898052543402e-05
toy4,neural_output_average,batched,cpu,64,3,4,toy4_gpu_core_neural_output_average_batched_64_cpu,1,neural_policy,output_average,update_payoff_ema,2.1890969946980476e-05
toy4,neural_output_average,batched,cpu,64,3,4,toy4_gpu_core_neural_output_average_batched_64_cpu,1,neural_policy,output_average,update_reputation_ema,1.3356097042560577e-05
toy4,neural_output_average,batched,cpu,64,3,4,toy4_gpu_core_neural_output_average_batched_64_cpu,1,neural_policy,output_average,mobility_swaps,2.7761911042034626e-05
toy4,neural_output_average,batched,cpu,64,3,4,toy4_gpu_core_neural_output_average_batched_64_cpu,1,neural_policy,output_average,finalize_hook_step,1.034000888466835e-05
toy4,neural_output_average,batched,cpu,64,3,4,toy4_gpu_core_neural_output_average_batched_64_cpu,1,neural_policy,output_average,hooked_step_total,0.053580790059641004
toy4,neural_output_average,batched,cpu,64,3,4,toy4_gpu_core_neural_output_average_batched_64_cpu,1,neural_policy,output_average,aggregate_row,0.0009281900711357594
toy4,neural_output_average,batched,cpu,64,3,4,toy4_gpu_core_neural_output_average_batched_64_cpu,1,neural_policy,output_average,write_aggregate,6.516301073133945e-05
toy4,neural_output_average,batched,cpu,64,3,4,toy4_gpu_core_neural_output_average_batched_64_cpu,2,neural_policy,output_average,sample_revision_mask,1.120101660490036e-05
toy4,neural_output_average,batched,cpu,64,3,4,toy4_gpu_core_neural_output_average_batched_64_cpu,2,neural_policy,output_average,build_step_context,5.980953574180603e-06
toy4,neural_output_average,batched,cpu,64,3,4,toy4_gpu_core_neural_output_average_batched_64_cpu,2,neural_policy,output_average,build_observations,0.0006211079889908433
toy4,neural_output_average,batched,cpu,64,3,4,toy4_gpu_core_neural_output_average_batched_64_cpu,2,neural_policy,output_average,policy_readout,0.00013103894889354706
toy4,neural_output_average,batched,cpu,64,3,4,toy4_gpu_core_neural_output_average_batched_64_cpu,2,neural_policy,output_average,decision_selection,0.000442038057371974
toy4,neural_output_average,batched,cpu,64,3,4,toy4_gpu_core_neural_output_average_batched_64_cpu,2,neural_policy,output_average,local_training,0.018118007923476398
toy4,neural_output_average,batched,cpu,64,3,4,toy4_gpu_core_neural_output_average_batched_64_cpu,2,neural_policy,output_average,cache_refresh,0.0007761219749227166
toy4,neural_output_average,batched,cpu,64,3,4,toy4_gpu_core_neural_output_average_batched_64_cpu,2,neural_policy,output_average,post_local_readout,0.00042677996680140495
toy4,neural_output_average,batched,cpu,64,3,4,toy4_gpu_core_neural_output_average_batched_64_cpu,2,neural_policy,output_average,local_step,0.02065141301136464
toy4,neural_output_average,batched,cpu,64,3,4,toy4_gpu_core_neural_output_average_batched_64_cpu,2,neural_policy,output_average,select_peers,0.000125617953017354
toy4,neural_output_average,batched,cpu,64,3,4,toy4_gpu_core_neural_output_average_batched_64_cpu,2,neural_policy,output_average,social_distillation,0.026933226035907865
toy4,neural_output_average,batched,cpu,64,3,4,toy4_gpu_core_neural_output_average_batched_64_cpu,2,neural_policy,output_average,social_step,0.027027274016290903
toy4,neural_output_average,batched,cpu,64,3,4,toy4_gpu_core_neural_output_average_batched_64_cpu,2,neural_policy,output_average,sample_actions,1.5730038285255432e-06
toy4,neural_output_average,batched,cpu,64,3,4,toy4_gpu_core_neural_output_average_batched_64_cpu,2,neural_policy,output_average,commit_actions,1.4417106285691261e-05
toy4,neural_output_average,batched,cpu,64,3,4,toy4_gpu_core_neural_output_average_batched_64_cpu,2,neural_policy,output_average,post_step_state_policy,6.526301149278879e-05
toy4,neural_output_average,batched,cpu,64,3,4,toy4_gpu_core_neural_output_average_batched_64_cpu,2,neural_policy,output_average,update_payoff_ema,4.361302126199007e-05
toy4,neural_output_average,batched,cpu,64,3,4,toy4_gpu_core_neural_output_average_batched_64_cpu,2,neural_policy,output_average,update_reputation_ema,1.7834012396633625e-05
toy4,neural_output_average,batched,cpu,64,3,4,toy4_gpu_core_neural_output_average_batched_64_cpu,2,neural_policy,output_average,mobility_swaps,0.00011293403804302216
toy4,neural_output_average,batched,cpu,64,3,4,toy4_gpu_core_neural_output_average_batched_64_cpu,2,neural_policy,output_average,finalize_hook_step,1.8925988115370274e-05
toy4,neural_output_average,batched,cpu,64,3,4,toy4_gpu_core_neural_output_average_batched_64_cpu,2,neural_policy,output_average,hooked_step_total,0.04943592904601246
toy4,neural_output_average,batched,cpu,64,3,4,toy4_gpu_core_neural_output_average_batched_64_cpu,2,neural_policy,output_average,aggregate_row,0.0019741940777748823
toy4,neural_output_average,batched,cpu,64,3,4,toy4_gpu_core_neural_output_average_batched_64_cpu,2,neural_policy,output_average,write_aggregate,0.0001486820401623845
toy4,neural_output_average,batched,cpu,64,3,4,toy4_gpu_core_neural_output_average_batched_64_cpu,3,neural_policy,output_average,sample_revision_mask,2.2082007490098476e-05
toy4,neural_output_average,batched,cpu,64,3,4,toy4_gpu_core_neural_output_average_batched_64_cpu,3,neural_policy,output_average,build_step_context,1.171301119029522e-05
toy4,neural_output_average,batched,cpu,64,3,4,toy4_gpu_core_neural_output_average_batched_64_cpu,3,neural_policy,output_average,build_observations,0.002154966932721436
toy4,neural_output_average,batched,cpu,64,3,4,toy4_gpu_core_neural_output_average_batched_64_cpu,3,neural_policy,output_average,policy_readout,0.0008722440106794238
toy4,neural_output_average,batched,cpu,64,3,4,toy4_gpu_core_neural_output_average_batched_64_cpu,3,neural_policy,output_average,decision_selection,0.0006991859991103411
toy4,neural_output_average,batched,cpu,64,3,4,toy4_gpu_core_neural_output_average_batched_64_cpu,3,neural_policy,output_average,local_training,0.03018669504672289
toy4,neural_output_average,batched,cpu,64,3,4,toy4_gpu_core_neural_output_average_batched_64_cpu,3,neural_policy,output_average,cache_refresh,0.0011174090905115008
toy4,neural_output_average,batched,cpu,64,3,4,toy4_gpu_core_neural_output_average_batched_64_cpu,3,neural_policy,output_average,post_local_readout,0.0006781959673389792
toy4,neural_output_average,batched,cpu,64,3,4,toy4_gpu_core_neural_output_average_batched_64_cpu,3,neural_policy,output_average,local_step,0.03620493796188384
toy4,neural_output_average,batched,cpu,64,3,4,toy4_gpu_core_neural_output_average_batched_64_cpu,3,neural_policy,output_average,select_peers,0.0002013810444623232
toy4,neural_output_average,batched,cpu,64,3,4,toy4_gpu_core_neural_output_average_batched_64_cpu,3,neural_policy,output_average,social_distillation,0.02631355100311339
toy4,neural_output_average,batched,cpu,64,3,4,toy4_gpu_core_neural_output_average_batched_64_cpu,3,neural_policy,output_average,social_step,0.02635288506280631
toy4,neural_output_average,batched,cpu,64,3,4,toy4_gpu_core_neural_output_average_batched_64_cpu,3,neural_policy,output_average,sample_actions,1.4130491763353348e-06
toy4,neural_output_average,batched,cpu,64,3,4,toy4_gpu_core_neural_output_average_batched_64_cpu,3,neural_policy,output_average,commit_actions,7.194001227617264e-06
toy4,neural_output_average,batched,cpu,64,3,4,toy4_gpu_core_neural_output_average_batched_64_cpu,3,neural_policy,output_average,post_step_state_policy,4.368298687040806e-05
toy4,neural_output_average,batched,cpu,64,3,4,toy4_gpu_core_neural_output_average_batched_64_cpu,3,neural_policy,output_average,update_payoff_ema,3.439595457166433e-05
toy4,neural_output_average,batched,cpu,64,3,4,toy4_gpu_core_neural_output_average_batched_64_cpu,3,neural_policy,output_average,update_reputation_ema,1.4276942238211632e-05
toy4,neural_output_average,batched,cpu,64,3,4,toy4_gpu_core_neural_output_average_batched_64_cpu,3,neural_policy,output_average,mobility_swaps,2.635992132127285e-05
toy4,neural_output_average,batched,cpu,64,3,4,toy4_gpu_core_neural_output_average_batched_64_cpu,3,neural_policy,output_average,finalize_hook_step,1.8674996681511402e-05
toy4,neural_output_average,batched,cpu,64,3,4,toy4_gpu_core_neural_output_average_batched_64_cpu,3,neural_policy,output_average,hooked_step_total,0.06439498800318688
toy4,neural_output_average,batched,cpu,64,3,4,toy4_gpu_core_neural_output_average_batched_64_cpu,3,neural_policy,output_average,aggregate_row,0.0010985530680045485
toy4,neural_output_average,batched,cpu,64,3,4,toy4_gpu_core_neural_output_average_batched_64_cpu,3,neural_policy,output_average,write_aggregate,0.00011407607235014439
toy4,neural_output_average,batched,cuda,64,3,4,toy4_gpu_core_neural_output_average_batched_64_cuda,0,neural_policy,output_average,make_run_dir,0.0004063011147081852
toy4,neural_output_average,batched,cuda,64,3,4,toy4_gpu_core_neural_output_average_batched_64_cuda,0,neural_policy,output_average,write_metadata,0.003609684994444251
toy4,neural_output_average,batched,cuda,64,3,4,toy4_gpu_core_neural_output_average_batched_64_cuda,0,neural_policy,output_average,initial_state,0.049299902049824595
toy4,neural_output_average,batched,cuda,64,3,4,toy4_gpu_core_neural_output_average_batched_64_cuda,0,neural_policy,output_average,writer_setup,0.0006392020732164383
toy4,neural_output_average,batched,cuda,64,3,4,toy4_gpu_core_neural_output_average_batched_64_cuda,0,neural_policy,output_average,initial_step_result,0.0033653120044618845
toy4,neural_output_average,batched,cuda,64,3,4,toy4_gpu_core_neural_output_average_batched_64_cuda,0,neural_policy,output_average,initial_aggregate_row,0.0015797059750184417
toy4,neural_output_average,batched,cuda,64,3,4,toy4_gpu_core_neural_output_average_batched_64_cuda,0,neural_policy,output_average,write_initial_aggregate,8.575303945690393e-05
toy4,neural_output_average,batched,cuda,64,3,4,toy4_gpu_core_neural_output_average_batched_64_cuda,1,neural_policy,output_average,sample_revision_mask,2.3365020751953125e-05
toy4,neural_output_average,batched,cuda,64,3,4,toy4_gpu_core_neural_output_average_batched_64_cuda,1,neural_policy,output_average,build_step_context,1.1352007277309895e-05
toy4,neural_output_average,batched,cuda,64,3,4,toy4_gpu_core_neural_output_average_batched_64_cuda,1,neural_policy,output_average,build_observations,0.000679227989166975
toy4,neural_output_average,batched,cuda,64,3,4,toy4_gpu_core_neural_output_average_batched_64_cuda,1,neural_policy,output_average,policy_readout,0.0003621269715949893
toy4,neural_output_average,batched,cuda,64,3,4,toy4_gpu_core_neural_output_average_batched_64_cuda,1,neural_policy,output_average,decision_selection,0.000625095097348094
toy4,neural_output_average,batched,cuda,64,3,4,toy4_gpu_core_neural_output_average_batched_64_cuda,1,neural_policy,output_average,local_training,0.04550084692891687
toy4,neural_output_average,batched,cuda,64,3,4,toy4_gpu_core_neural_output_average_batched_64_cuda,1,neural_policy,output_average,cache_refresh,0.0015691060107201338
toy4,neural_output_average,batched,cuda,64,3,4,toy4_gpu_core_neural_output_average_batched_64_cuda,1,neural_policy,output_average,post_local_readout,0.0020868469728156924
toy4,neural_output_average,batched,cuda,64,3,4,toy4_gpu_core_neural_output_average_batched_64_cuda,1,neural_policy,output_average,local_step,0.05217998300213367
toy4,neural_output_average,batched,cuda,64,3,4,toy4_gpu_core_neural_output_average_batched_64_cuda,1,neural_policy,output_average,select_peers,0.00035744800698012114
toy4,neural_output_average,batched,cuda,64,3,4,toy4_gpu_core_neural_output_average_batched_64_cuda,1,neural_policy,output_average,social_distillation,0.05304359004367143
toy4,neural_output_average,batched,cuda,64,3,4,toy4_gpu_core_neural_output_average_batched_64_cuda,1,neural_policy,output_average,social_step,0.05319946596864611
toy4,neural_output_average,batched,cuda,64,3,4,toy4_gpu_core_neural_output_average_batched_64_cuda,1,neural_policy,output_average,sample_actions,1.0399962775409222e-05
toy4,neural_output_average,batched,cuda,64,3,4,toy4_gpu_core_neural_output_average_batched_64_cuda,1,neural_policy,output_average,commit_actions,1.5969970263540745e-05
toy4,neural_output_average,batched,cuda,64,3,4,toy4_gpu_core_neural_output_average_batched_64_cuda,1,neural_policy,output_average,post_step_state_policy,5.5604963563382626e-05
toy4,neural_output_average,batched,cuda,64,3,4,toy4_gpu_core_neural_output_average_batched_64_cuda,1,neural_policy,output_average,update_payoff_ema,3.894302062690258e-05
toy4,neural_output_average,batched,cuda,64,3,4,toy4_gpu_core_neural_output_average_batched_64_cuda,1,neural_policy,output_average,update_reputation_ema,2.0598992705345154e-05
toy4,neural_output_average,batched,cuda,64,3,4,toy4_gpu_core_neural_output_average_batched_64_cuda,1,neural_policy,output_average,mobility_swaps,4.51760133728385e-05
toy4,neural_output_average,batched,cuda,64,3,4,toy4_gpu_core_neural_output_average_batched_64_cuda,1,neural_policy,output_average,finalize_hook_step,2.0709005184471607e-05
toy4,neural_output_average,batched,cuda,64,3,4,toy4_gpu_core_neural_output_average_batched_64_cuda,1,neural_policy,output_average,hooked_step_total,0.10912154708057642
toy4,neural_output_average,batched,cuda,64,3,4,toy4_gpu_core_neural_output_average_batched_64_cuda,1,neural_policy,output_average,aggregate_row,0.0015641060890629888
toy4,neural_output_average,batched,cuda,64,3,4,toy4_gpu_core_neural_output_average_batched_64_cuda,1,neural_policy,output_average,write_aggregate,0.00010483898222446442
toy4,neural_output_average,batched,cuda,64,3,4,toy4_gpu_core_neural_output_average_batched_64_cuda,2,neural_policy,output_average,sample_revision_mask,3.546709194779396e-05
toy4,neural_output_average,batched,cuda,64,3,4,toy4_gpu_core_neural_output_average_batched_64_cuda,2,neural_policy,output_average,build_step_context,2.1712039597332478e-05
toy4,neural_output_average,batched,cuda,64,3,4,toy4_gpu_core_neural_output_average_batched_64_cuda,2,neural_policy,output_average,build_observations,0.0007435809820890427
toy4,neural_output_average,batched,cuda,64,3,4,toy4_gpu_core_neural_output_average_batched_64_cuda,2,neural_policy,output_average,policy_readout,0.0003191860159859061
toy4,neural_output_average,batched,cuda,64,3,4,toy4_gpu_core_neural_output_average_batched_64_cuda,2,neural_policy,output_average,decision_selection,0.0006207770202308893
toy4,neural_output_average,batched,cuda,64,3,4,toy4_gpu_core_neural_output_average_batched_64_cuda,2,neural_policy,output_average,local_training,0.03273001895286143
toy4,neural_output_average,batched,cuda,64,3,4,toy4_gpu_core_neural_output_average_batched_64_cuda,2,neural_policy,output_average,cache_refresh,0.001068906974978745
toy4,neural_output_average,batched,cuda,64,3,4,toy4_gpu_core_neural_output_average_batched_64_cuda,2,neural_policy,output_average,post_local_readout,0.0009259460493922234
toy4,neural_output_average,batched,cuda,64,3,4,toy4_gpu_core_neural_output_average_batched_64_cuda,2,neural_policy,output_average,local_step,0.037044030032120645
toy4,neural_output_average,batched,cuda,64,3,4,toy4_gpu_core_neural_output_average_batched_64_cuda,2,neural_policy,output_average,select_peers,0.0002494429936632514
toy4,neural_output_average,batched,cuda,64,3,4,toy4_gpu_core_neural_output_average_batched_64_cuda,2,neural_policy,output_average,social_distillation,0.054880194016732275
toy4,neural_output_average,batched,cuda,64,3,4,toy4_gpu_core_neural_output_average_batched_64_cuda,2,neural_policy,output_average,social_step,0.05495907296426594
toy4,neural_output_average,batched,cuda,64,3,4,toy4_gpu_core_neural_output_average_batched_64_cuda,2,neural_policy,output_average,sample_actions,8.526025339961052e-06
toy4,neural_output_average,batched,cuda,64,3,4,toy4_gpu_core_neural_output_average_batched_64_cuda,2,neural_policy,output_average,commit_actions,1.5157973393797874e-05
toy4,neural_output_average,batched,cuda,64,3,4,toy4_gpu_core_neural_output_average_batched_64_cuda,2,neural_policy,output_average,post_step_state_policy,4.791002720594406e-05
toy4,neural_output_average,batched,cuda,64,3,4,toy4_gpu_core_neural_output_average_batched_64_cuda,2,neural_policy,output_average,update_payoff_ema,3.3202930353581905e-05
toy4,neural_output_average,batched,cuda,64,3,4,toy4_gpu_core_neural_output_average_batched_64_cuda,2,neural_policy,output_average,update_reputation_ema,2.4346052668988705e-05
toy4,neural_output_average,batched,cuda,64,3,4,toy4_gpu_core_neural_output_average_batched_64_cuda,2,neural_policy,output_average,mobility_swaps,4.1828956454992294e-05
toy4,neural_output_average,batched,cuda,64,3,4,toy4_gpu_core_neural_output_average_batched_64_cuda,2,neural_policy,output_average,finalize_hook_step,2.9937014915049076e-05
toy4,neural_output_average,batched,cuda,64,3,4,toy4_gpu_core_neural_output_average_batched_64_cuda,2,neural_policy,output_average,hooked_step_total,0.09415175707545131
toy4,neural_output_average,batched,cuda,64,3,4,toy4_gpu_core_neural_output_average_batched_64_cuda,2,neural_policy,output_average,aggregate_row,0.005327131948433816
toy4,neural_output_average,batched,cuda,64,3,4,toy4_gpu_core_neural_output_average_batched_64_cuda,2,neural_policy,output_average,write_aggregate,0.0001176630612462759
toy4,neural_output_average,batched,cuda,64,3,4,toy4_gpu_core_neural_output_average_batched_64_cuda,3,neural_policy,output_average,sample_revision_mask,2.5768065825104713e-05
toy4,neural_output_average,batched,cuda,64,3,4,toy4_gpu_core_neural_output_average_batched_64_cuda,3,neural_policy,output_average,build_step_context,1.6080914065241814e-05
toy4,neural_output_average,batched,cuda,64,3,4,toy4_gpu_core_neural_output_average_batched_64_cuda,3,neural_policy,output_average,build_observations,0.0009338910458609462
toy4,neural_output_average,batched,cuda,64,3,4,toy4_gpu_core_neural_output_average_batched_64_cuda,3,neural_policy,output_average,policy_readout,0.0003229529829695821
toy4,neural_output_average,batched,cuda,64,3,4,toy4_gpu_core_neural_output_average_batched_64_cuda,3,neural_policy,output_average,decision_selection,0.0005420680390670896
toy4,neural_output_average,batched,cuda,64,3,4,toy4_gpu_core_neural_output_average_batched_64_cuda,3,neural_policy,output_average,local_training,0.041592876077629626
toy4,neural_output_average,batched,cuda,64,3,4,toy4_gpu_core_neural_output_average_batched_64_cuda,3,neural_policy,output_average,cache_refresh,0.0016426949296146631
toy4,neural_output_average,batched,cuda,64,3,4,toy4_gpu_core_neural_output_average_batched_64_cuda,3,neural_policy,output_average,post_local_readout,0.0009306150022894144
toy4,neural_output_average,batched,cuda,64,3,4,toy4_gpu_core_neural_output_average_batched_64_cuda,3,neural_policy,output_average,local_step,0.046689531998708844
toy4,neural_output_average,batched,cuda,64,3,4,toy4_gpu_core_neural_output_average_batched_64_cuda,3,neural_policy,output_average,select_peers,0.00027281802613288164
toy4,neural_output_average,batched,cuda,64,3,4,toy4_gpu_core_neural_output_average_batched_64_cuda,3,neural_policy,output_average,social_distillation,0.05294374201912433
toy4,neural_output_average,batched,cuda,64,3,4,toy4_gpu_core_neural_output_average_batched_64_cuda,3,neural_policy,output_average,social_step,0.0530540409963578
toy4,neural_output_average,batched,cuda,64,3,4,toy4_gpu_core_neural_output_average_batched_64_cuda,3,neural_policy,output_average,sample_actions,1.7764046788215637e-05
toy4,neural_output_average,batched,cuda,64,3,4,toy4_gpu_core_neural_output_average_batched_64_cuda,3,neural_policy,output_average,commit_actions,1.7001992091536522e-05
toy4,neural_output_average,batched,cuda,64,3,4,toy4_gpu_core_neural_output_average_batched_64_cuda,3,neural_policy,output_average,post_step_state_policy,5.850102752447128e-05
toy4,neural_output_average,batched,cuda,64,3,4,toy4_gpu_core_neural_output_average_batched_64_cuda,3,neural_policy,output_average,update_payoff_ema,5.0325063057243824e-05
toy4,neural_output_average,batched,cuda,64,3,4,toy4_gpu_core_neural_output_average_batched_64_cuda,3,neural_policy,output_average,update_reputation_ema,2.7913018129765987e-05
toy4,neural_output_average,batched,cuda,64,3,4,toy4_gpu_core_neural_output_average_batched_64_cuda,3,neural_policy,output_average,mobility_swaps,5.572603549808264e-05
toy4,neural_output_average,batched,cuda,64,3,4,toy4_gpu_core_neural_output_average_batched_64_cuda,3,neural_policy,output_average,finalize_hook_step,3.596802707761526e-05
toy4,neural_output_average,batched,cuda,64,3,4,toy4_gpu_core_neural_output_average_batched_64_cuda,3,neural_policy,output_average,hooked_step_total,0.10311773105058819
toy4,neural_output_average,batched,cuda,64,3,4,toy4_gpu_core_neural_output_average_batched_64_cuda,3,neural_policy,output_average,aggregate_row,0.0018289380241185427
toy4,neural_output_average,batched,cuda,64,3,4,toy4_gpu_core_neural_output_average_batched_64_cuda,3,neural_policy,output_average,write_aggregate,0.00012992590200155973
toy4,neural_none,loop,cpu,256,3,4,toy4_gpu_core_neural_none_loop_256_cpu,0,neural_policy,none,make_run_dir,0.00027767696883529425
toy4,neural_none,loop,cpu,256,3,4,toy4_gpu_core_neural_none_loop_256_cpu,0,neural_policy,none,write_metadata,0.003110549063421786
toy4,neural_none,loop,cpu,256,3,4,toy4_gpu_core_neural_none_loop_256_cpu,0,neural_policy,none,initial_state,0.13822610001079738
toy4,neural_none,loop,cpu,256,3,4,toy4_gpu_core_neural_none_loop_256_cpu,0,neural_policy,none,writer_setup,0.0014171169605106115
toy4,neural_none,loop,cpu,256,3,4,toy4_gpu_core_neural_none_loop_256_cpu,0,neural_policy,none,initial_step_result,0.0071666809963062406
toy4,neural_none,loop,cpu,256,3,4,toy4_gpu_core_neural_none_loop_256_cpu,0,neural_policy,none,initial_aggregate_row,0.004746331018395722
toy4,neural_none,loop,cpu,256,3,4,toy4_gpu_core_neural_none_loop_256_cpu,0,neural_policy,none,write_initial_aggregate,9.824603330343962e-05
toy4,neural_none,loop,cpu,256,3,4,toy4_gpu_core_neural_none_loop_256_cpu,1,neural_policy,none,sample_revision_mask,3.045797348022461e-05
toy4,neural_none,loop,cpu,256,3,4,toy4_gpu_core_neural_none_loop_256_cpu,1,neural_policy,none,build_step_context,1.3064942322671413e-05
toy4,neural_none,loop,cpu,256,3,4,toy4_gpu_core_neural_none_loop_256_cpu,1,neural_policy,none,build_observations,0.0023694930132478476
toy4,neural_none,loop,cpu,256,3,4,toy4_gpu_core_neural_none_loop_256_cpu,1,neural_policy,none,policy_readout,0.0006925129564478993
toy4,neural_none,loop,cpu,256,3,4,toy4_gpu_core_neural_none_loop_256_cpu,1,neural_policy,none,decision_selection,0.0015242310473695397
toy4,neural_none,loop,cpu,256,3,4,toy4_gpu_core_neural_none_loop_256_cpu,1,neural_policy,none,local_training,0.20289505692198873
toy4,neural_none,loop,cpu,256,3,4,toy4_gpu_core_neural_none_loop_256_cpu,1,neural_policy,none,cache_refresh,0.008846957003697753
toy4,neural_none,loop,cpu,256,3,4,toy4_gpu_core_neural_none_loop_256_cpu,1,neural_policy,none,post_local_readout,0.0018829709151759744
toy4,neural_none,loop,cpu,256,3,4,toy4_gpu_core_neural_none_loop_256_cpu,1,neural_policy,none,local_step,0.21880750195123255
toy4,neural_none,loop,cpu,256,3,4,toy4_gpu_core_neural_none_loop_256_cpu,1,neural_policy,none,select_peers,0.0006093060364946723
toy4,neural_none,loop,cpu,256,3,4,toy4_gpu_core_neural_none_loop_256_cpu,1,neural_policy,none,social_step,4.4023036025464535e-05
toy4,neural_none,loop,cpu,256,3,4,toy4_gpu_core_neural_none_loop_256_cpu,1,neural_policy,none,sample_actions,8.409842848777771e-07
toy4,neural_none,loop,cpu,256,3,4,toy4_gpu_core_neural_none_loop_256_cpu,1,neural_policy,none,commit_actions,1.897593028843403e-05
toy4,neural_none,loop,cpu,256,3,4,toy4_gpu_core_neural_none_loop_256_cpu,1,neural_policy,none,post_step_state_policy,0.0001298569841310382
toy4,neural_none,loop,cpu,256,3,4,toy4_gpu_core_neural_none_loop_256_cpu,1,neural_policy,none,update_payoff_ema,8.543208241462708e-05
toy4,neural_none,loop,cpu,256,3,4,toy4_gpu_core_neural_none_loop_256_cpu,1,neural_policy,none,update_reputation_ema,6.655603647232056e-05
toy4,neural_none,loop,cpu,256,3,4,toy4_gpu_core_neural_none_loop_256_cpu,1,neural_policy,none,mobility_swaps,6.00829953327775e-05
toy4,neural_none,loop,cpu,256,3,4,toy4_gpu_core_neural_none_loop_256_cpu,1,neural_policy,none,finalize_hook_step,2.6090070605278015e-05
toy4,neural_none,loop,cpu,256,3,4,toy4_gpu_core_neural_none_loop_256_cpu,1,neural_policy,none,hooked_step_total,0.22161432600114495
toy4,neural_none,loop,cpu,256,3,4,toy4_gpu_core_neural_none_loop_256_cpu,1,neural_policy,none,aggregate_row,0.009724550996907055
toy4,neural_none,loop,cpu,256,3,4,toy4_gpu_core_neural_none_loop_256_cpu,1,neural_policy,none,write_aggregate,0.00023270200472325087
toy4,neural_none,loop,cpu,256,3,4,toy4_gpu_core_neural_none_loop_256_cpu,2,neural_policy,none,sample_revision_mask,5.0866976380348206e-05
toy4,neural_none,loop,cpu,256,3,4,toy4_gpu_core_neural_none_loop_256_cpu,2,neural_policy,none,build_step_context,2.0919949747622013e-05
toy4,neural_none,loop,cpu,256,3,4,toy4_gpu_core_neural_none_loop_256_cpu,2,neural_policy,none,build_observations,0.002831759979017079
toy4,neural_none,loop,cpu,256,3,4,toy4_gpu_core_neural_none_loop_256_cpu,2,neural_policy,none,policy_readout,0.0015272459713742137
toy4,neural_none,loop,cpu,256,3,4,toy4_gpu_core_neural_none_loop_256_cpu,2,neural_policy,none,decision_selection,0.0021739030489698052
toy4,neural_none,loop,cpu,256,3,4,toy4_gpu_core_neural_none_loop_256_cpu,2,neural_policy,none,local_training,0.19756121200043708
toy4,neural_none,loop,cpu,256,3,4,toy4_gpu_core_neural_none_loop_256_cpu,2,neural_policy,none,cache_refresh,0.0056253280490636826
toy4,neural_none,loop,cpu,256,3,4,toy4_gpu_core_neural_none_loop_256_cpu,2,neural_policy,none,post_local_readout,0.0006127019878476858
toy4,neural_none,loop,cpu,256,3,4,toy4_gpu_core_neural_none_loop_256_cpu,2,neural_policy,none,local_step,0.21066395996604115
toy4,neural_none,loop,cpu,256,3,4,toy4_gpu_core_neural_none_loop_256_cpu,2,neural_policy,none,select_peers,0.00023388396948575974
toy4,neural_none,loop,cpu,256,3,4,toy4_gpu_core_neural_none_loop_256_cpu,2,neural_policy,none,social_step,2.6931054890155792e-05
toy4,neural_none,loop,cpu,256,3,4,toy4_gpu_core_neural_none_loop_256_cpu,2,neural_policy,none,sample_actions,1.05204526335001e-06
toy4,neural_none,loop,cpu,256,3,4,toy4_gpu_core_neural_none_loop_256_cpu,2,neural_policy,none,commit_actions,5.961046554148197e-06
toy4,neural_none,loop,cpu,256,3,4,toy4_gpu_core_neural_none_loop_256_cpu,2,neural_policy,none,post_step_state_policy,4.36330446973443e-05
toy4,neural_none,loop,cpu,256,3,4,toy4_gpu_core_neural_none_loop_256_cpu,2,neural_policy,none,update_payoff_ema,3.8992962799966335e-05
toy4,neural_none,loop,cpu,256,3,4,toy4_gpu_core_neural_none_loop_256_cpu,2,neural_policy,none,update_reputation_ema,1.5418976545333862e-05
toy4,neural_none,loop,cpu,256,3,4,toy4_gpu_core_neural_none_loop_256_cpu,2,neural_policy,none,mobility_swaps,3.806198947131634e-05
toy4,neural_none,loop,cpu,256,3,4,toy4_gpu_core_neural_none_loop_256_cpu,2,neural_policy,none,finalize_hook_step,2.220191527158022e-05
toy4,neural_none,loop,cpu,256,3,4,toy4_gpu_core_neural_none_loop_256_cpu,2,neural_policy,none,hooked_step_total,0.21285550598986447
toy4,neural_none,loop,cpu,256,3,4,toy4_gpu_core_neural_none_loop_256_cpu,2,neural_policy,none,aggregate_row,0.005483006942085922
toy4,neural_none,loop,cpu,256,3,4,toy4_gpu_core_neural_none_loop_256_cpu,2,neural_policy,none,write_aggregate,0.00014970393385738134
toy4,neural_none,loop,cpu,256,3,4,toy4_gpu_core_neural_none_loop_256_cpu,3,neural_policy,none,sample_revision_mask,6.341002881526947e-05
toy4,neural_none,loop,cpu,256,3,4,toy4_gpu_core_neural_none_loop_256_cpu,3,neural_policy,none,build_step_context,1.2573087587952614e-05
toy4,neural_none,loop,cpu,256,3,4,toy4_gpu_core_neural_none_loop_256_cpu,3,neural_policy,none,build_observations,0.0028389840153977275
toy4,neural_none,loop,cpu,256,3,4,toy4_gpu_core_neural_none_loop_256_cpu,3,neural_policy,none,policy_readout,0.0012916900450363755
toy4,neural_none,loop,cpu,256,3,4,toy4_gpu_core_neural_none_loop_256_cpu,3,neural_policy,none,decision_selection,0.002027624985203147
toy4,neural_none,loop,cpu,256,3,4,toy4_gpu_core_neural_none_loop_256_cpu,3,neural_policy,none,local_training,0.14153332205023617
toy4,neural_none,loop,cpu,256,3,4,toy4_gpu_core_neural_none_loop_256_cpu,3,neural_policy,none,cache_refresh,0.005784829962067306
toy4,neural_none,loop,cpu,256,3,4,toy4_gpu_core_neural_none_loop_256_cpu,3,neural_policy,none,post_local_readout,0.0006840069545432925
toy4,neural_none,loop,cpu,256,3,4,toy4_gpu_core_neural_none_loop_256_cpu,3,neural_policy,none,local_step,0.15450342698022723
toy4,neural_none,loop,cpu,256,3,4,toy4_gpu_core_neural_none_loop_256_cpu,3,neural_policy,none,select_peers,0.0002595229307189584
toy4,neural_none,loop,cpu,256,3,4,toy4_gpu_core_neural_none_loop_256_cpu,3,neural_policy,none,social_step,5.996401887387037e-05
toy4,neural_none,loop,cpu,256,3,4,toy4_gpu_core_neural_none_loop_256_cpu,3,neural_policy,none,sample_actions,1.3820827007293701e-06
toy4,neural_none,loop,cpu,256,3,4,toy4_gpu_core_neural_none_loop_256_cpu,3,neural_policy,none,commit_actions,6.361980922520161e-06
toy4,neural_none,loop,cpu,256,3,4,toy4_gpu_core_neural_none_loop_256_cpu,3,neural_policy,none,post_step_state_policy,4.323094617575407e-05
toy4,neural_none,loop,cpu,256,3,4,toy4_gpu_core_neural_none_loop_256_cpu,3,neural_policy,none,update_payoff_ema,2.5086919777095318e-05
toy4,neural_none,loop,cpu,256,3,4,toy4_gpu_core_neural_none_loop_256_cpu,3,neural_policy,none,update_reputation_ema,1.7864047549664974e-05
toy4,neural_none,loop,cpu,256,3,4,toy4_gpu_core_neural_none_loop_256_cpu,3,neural_policy,none,mobility_swaps,2.139096613973379e-05
toy4,neural_none,loop,cpu,256,3,4,toy4_gpu_core_neural_none_loop_256_cpu,3,neural_policy,none,finalize_hook_step,4.194001667201519e-05
toy4,neural_none,loop,cpu,256,3,4,toy4_gpu_core_neural_none_loop_256_cpu,3,neural_policy,none,hooked_step_total,0.1560919500188902
toy4,neural_none,loop,cpu,256,3,4,toy4_gpu_core_neural_none_loop_256_cpu,3,neural_policy,none,aggregate_row,0.0030188149539753795
toy4,neural_none,loop,cpu,256,3,4,toy4_gpu_core_neural_none_loop_256_cpu,3,neural_policy,none,write_aggregate,0.00010544003453105688
toy4,neural_none,loop,cuda,256,3,4,toy4_gpu_core_neural_none_loop_256_cuda,0,neural_policy,none,make_run_dir,0.0003314889036118984
toy4,neural_none,loop,cuda,256,3,4,toy4_gpu_core_neural_none_loop_256_cuda,0,neural_policy,none,write_metadata,0.0027884580194950104
toy4,neural_none,loop,cuda,256,3,4,toy4_gpu_core_neural_none_loop_256_cuda,0,neural_policy,none,initial_state,0.19995048304554075
toy4,neural_none,loop,cuda,256,3,4,toy4_gpu_core_neural_none_loop_256_cuda,0,neural_policy,none,writer_setup,0.0008076720405369997
toy4,neural_none,loop,cuda,256,3,4,toy4_gpu_core_neural_none_loop_256_cuda,0,neural_policy,none,initial_step_result,0.007042736047878861
toy4,neural_none,loop,cuda,256,3,4,toy4_gpu_core_neural_none_loop_256_cuda,0,neural_policy,none,initial_aggregate_row,0.005488277995027602
toy4,neural_none,loop,cuda,256,3,4,toy4_gpu_core_neural_none_loop_256_cuda,0,neural_policy,none,write_initial_aggregate,8.166499901562929e-05
toy4,neural_none,loop,cuda,256,3,4,toy4_gpu_core_neural_none_loop_256_cuda,1,neural_policy,none,sample_revision_mask,3.5658013075590134e-05
toy4,neural_none,loop,cuda,256,3,4,toy4_gpu_core_neural_none_loop_256_cuda,1,neural_policy,none,build_step_context,1.7644022591412067e-05
toy4,neural_none,loop,cuda,256,3,4,toy4_gpu_core_neural_none_loop_256_cuda,1,neural_policy,none,build_observations,0.0024086980847641826
toy4,neural_none,loop,cuda,256,3,4,toy4_gpu_core_neural_none_loop_256_cuda,1,neural_policy,none,policy_readout,0.000653189024887979
toy4,neural_none,loop,cuda,256,3,4,toy4_gpu_core_neural_none_loop_256_cuda,1,neural_policy,none,decision_selection,0.0016214849893003702
toy4,neural_none,loop,cuda,256,3,4,toy4_gpu_core_neural_none_loop_256_cuda,1,neural_policy,none,local_training,0.31219373003114015
toy4,neural_none,loop,cuda,256,3,4,toy4_gpu_core_neural_none_loop_256_cuda,1,neural_policy,none,cache_refresh,0.004667430999688804
toy4,neural_none,loop,cuda,256,3,4,toy4_gpu_core_neural_none_loop_256_cuda,1,neural_policy,none,post_local_readout,0.0003320990363135934
toy4,neural_none,loop,cuda,256,3,4,toy4_gpu_core_neural_none_loop_256_cuda,1,neural_policy,none,local_step,0.32230008498299867
toy4,neural_none,loop,cuda,256,3,4,toy4_gpu_core_neural_none_loop_256_cuda,1,neural_policy,none,select_peers,0.00551195302978158
toy4,neural_none,loop,cuda,256,3,4,toy4_gpu_core_neural_none_loop_256_cuda,1,neural_policy,none,social_step,0.0002016529906541109
toy4,neural_none,loop,cuda,256,3,4,toy4_gpu_core_neural_none_loop_256_cuda,1,neural_policy,none,sample_actions,6.541959010064602e-06
toy4,neural_none,loop,cuda,256,3,4,toy4_gpu_core_neural_none_loop_256_cuda,1,neural_policy,none,commit_actions,1.5138997696340084e-05
toy4,neural_none,loop,cuda,256,3,4,toy4_gpu_core_neural_none_loop_256_cuda,1,neural_policy,none,post_step_state_policy,6.485299672931433e-05
toy4,neural_none,loop,cuda,256,3,4,toy4_gpu_core_neural_none_loop_256_cuda,1,neural_policy,none,update_payoff_ema,5.914189387112856e-05
toy4,neural_none,loop,cuda,256,3,4,toy4_gpu_core_neural_none_loop_256_cuda,1,neural_policy,none,update_reputation_ema,2.716097515076399e-05
toy4,neural_none,loop,cuda,256,3,4,toy4_gpu_core_neural_none_loop_256_cuda,1,neural_policy,none,mobility_swaps,3.662996459752321e-05
toy4,neural_none,loop,cuda,256,3,4,toy4_gpu_core_neural_none_loop_256_cuda,1,neural_policy,none,finalize_hook_step,1.8165097571909428e-05
toy4,neural_none,loop,cuda,256,3,4,toy4_gpu_core_neural_none_loop_256_cuda,1,neural_policy,none,hooked_step_total,0.3293897199910134
toy4,neural_none,loop,cuda,256,3,4,toy4_gpu_core_neural_none_loop_256_cuda,1,neural_policy,none,aggregate_row,0.0027487720362842083
toy4,neural_none,loop,cuda,256,3,4,toy4_gpu_core_neural_none_loop_256_cuda,1,neural_policy,none,write_aggregate,8.44800379127264e-05
toy4,neural_none,loop,cuda,256,3,4,toy4_gpu_core_neural_none_loop_256_cuda,2,neural_policy,none,sample_revision_mask,1.983693800866604e-05
toy4,neural_none,loop,cuda,256,3,4,toy4_gpu_core_neural_none_loop_256_cuda,2,neural_policy,none,build_step_context,1.0128947906196117e-05
toy4,neural_none,loop,cuda,256,3,4,toy4_gpu_core_neural_none_loop_256_cuda,2,neural_policy,none,build_observations,0.0025061919586732984
toy4,neural_none,loop,cuda,256,3,4,toy4_gpu_core_neural_none_loop_256_cuda,2,neural_policy,none,policy_readout,0.0007972420426085591
toy4,neural_none,loop,cuda,256,3,4,toy4_gpu_core_neural_none_loop_256_cuda,2,neural_policy,none,decision_selection,0.0014057959197089076
toy4,neural_none,loop,cuda,256,3,4,toy4_gpu_core_neural_none_loop_256_cuda,2,neural_policy,none,local_training,0.2868316440144554
toy4,neural_none,loop,cuda,256,3,4,toy4_gpu_core_neural_none_loop_256_cuda,2,neural_policy,none,cache_refresh,0.005964020034298301
toy4,neural_none,loop,cuda,256,3,4,toy4_gpu_core_neural_none_loop_256_cuda,2,neural_policy,none,post_local_readout,0.00040166103281080723
toy4,neural_none,loop,cuda,256,3,4,toy4_gpu_core_neural_none_loop_256_cuda,2,neural_policy,none,local_step,0.2982990910531953
toy4,neural_none,loop,cuda,256,3,4,toy4_gpu_core_neural_none_loop_256_cuda,2,neural_policy,none,select_peers,0.00032890401780605316
toy4,neural_none,loop,cuda,256,3,4,toy4_gpu_core_neural_none_loop_256_cuda,2,neural_policy,none,social_step,9.157299064099789e-05
toy4,neural_none,loop,cuda,256,3,4,toy4_gpu_core_neural_none_loop_256_cuda,2,neural_policy,none,sample_actions,6.061047315597534e-06
toy4,neural_none,loop,cuda,256,3,4,toy4_gpu_core_neural_none_loop_256_cuda,2,neural_policy,none,commit_actions,1.128192525357008e-05
toy4,neural_none,loop,cuda,256,3,4,toy4_gpu_core_neural_none_loop_256_cuda,2,neural_policy,none,post_step_state_policy,4.1548977605998516e-05
toy4,neural_none,loop,cuda,256,3,4,toy4_gpu_core_neural_none_loop_256_cuda,2,neural_policy,none,update_payoff_ema,3.269198350608349e-05
toy4,neural_none,loop,cuda,256,3,4,toy4_gpu_core_neural_none_loop_256_cuda,2,neural_policy,none,update_reputation_ema,1.62109499797225e-05
toy4,neural_none,loop,cuda,256,3,4,toy4_gpu_core_neural_none_loop_256_cuda,2,neural_policy,none,mobility_swaps,9.018101263791323e-05
toy4,neural_none,loop,cuda,256,3,4,toy4_gpu_core_neural_none_loop_256_cuda,2,neural_policy,none,finalize_hook_step,3.529700916260481e-05
toy4,neural_none,loop,cuda,256,3,4,toy4_gpu_core_neural_none_loop_256_cuda,2,neural_policy,none,hooked_step_total,0.30026321508921683
toy4,neural_none,loop,cuda,256,3,4,toy4_gpu_core_neural_none_loop_256_cuda,2,neural_policy,none,aggregate_row,0.003479007980786264
toy4,neural_none,loop,cuda,256,3,4,toy4_gpu_core_neural_none_loop_256_cuda,2,neural_policy,none,write_aggregate,8.49009957164526e-05
toy4,neural_none,loop,cuda,256,3,4,toy4_gpu_core_neural_none_loop_256_cuda,3,neural_policy,none,sample_revision_mask,2.0619016140699387e-05
toy4,neural_none,loop,cuda,256,3,4,toy4_gpu_core_neural_none_loop_256_cuda,3,neural_policy,none,build_step_context,1.1431053280830383e-05
toy4,neural_none,loop,cuda,256,3,4,toy4_gpu_core_neural_none_loop_256_cuda,3,neural_policy,none,build_observations,0.0022434740094467998
toy4,neural_none,loop,cuda,256,3,4,toy4_gpu_core_neural_none_loop_256_cuda,3,neural_policy,none,policy_readout,0.0002276119776070118
toy4,neural_none,loop,cuda,256,3,4,toy4_gpu_core_neural_none_loop_256_cuda,3,neural_policy,none,decision_selection,0.0014302320778369904
toy4,neural_none,loop,cuda,256,3,4,toy4_gpu_core_neural_none_loop_256_cuda,3,neural_policy,none,local_training,0.3257656379137188
toy4,neural_none,loop,cuda,256,3,4,toy4_gpu_core_neural_none_loop_256_cuda,3,neural_policy,none,cache_refresh,0.006762775010429323
toy4,neural_none,loop,cuda,256,3,4,toy4_gpu_core_neural_none_loop_256_cuda,3,neural_policy,none,post_local_readout,0.0014287299709394574
toy4,neural_none,loop,cuda,256,3,4,toy4_gpu_core_neural_none_loop_256_cuda,3,neural_policy,none,local_step,0.339002629974857
toy4,neural_none,loop,cuda,256,3,4,toy4_gpu_core_neural_none_loop_256_cuda,3,neural_policy,none,select_peers,0.0005600010044872761
toy4,neural_none,loop,cuda,256,3,4,toy4_gpu_core_neural_none_loop_256_cuda,3,neural_policy,none,social_step,0.00011017895303666592
toy4,neural_none,loop,cuda,256,3,4,toy4_gpu_core_neural_none_loop_256_cuda,3,neural_policy,none,sample_actions,6.551970727741718e-06
toy4,neural_none,loop,cuda,256,3,4,toy4_gpu_core_neural_none_loop_256_cuda,3,neural_policy,none,commit_actions,1.5189056284725666e-05
toy4,neural_none,loop,cuda,256,3,4,toy4_gpu_core_neural_none_loop_256_cuda,3,neural_policy,none,post_step_state_policy,6.0074031352996826e-05
toy4,neural_none,loop,cuda,256,3,4,toy4_gpu_core_neural_none_loop_256_cuda,3,neural_policy,none,update_payoff_ema,4.892295692116022e-05
toy4,neural_none,loop,cuda,256,3,4,toy4_gpu_core_neural_none_loop_256_cuda,3,neural_policy,none,update_reputation_ema,2.7041067369282246e-05
toy4,neural_none,loop,cuda,256,3,4,toy4_gpu_core_neural_none_loop_256_cuda,3,neural_policy,none,mobility_swaps,5.118700210005045e-05
toy4,neural_none,loop,cuda,256,3,4,toy4_gpu_core_neural_none_loop_256_cuda,3,neural_policy,none,finalize_hook_step,1.946697011590004e-05
toy4,neural_none,loop,cuda,256,3,4,toy4_gpu_core_neural_none_loop_256_cuda,3,neural_policy,none,hooked_step_total,0.34111968404613435
toy4,neural_none,loop,cuda,256,3,4,toy4_gpu_core_neural_none_loop_256_cuda,3,neural_policy,none,aggregate_row,0.004480527015402913
toy4,neural_none,loop,cuda,256,3,4,toy4_gpu_core_neural_none_loop_256_cuda,3,neural_policy,none,write_aggregate,0.00012613902799785137
toy4,neural_none,batched,cpu,256,3,4,toy4_gpu_core_neural_none_batched_256_cpu,0,neural_policy,none,make_run_dir,0.0007597809890285134
toy4,neural_none,batched,cpu,256,3,4,toy4_gpu_core_neural_none_batched_256_cpu,0,neural_policy,none,write_metadata,0.003959818975999951
toy4,neural_none,batched,cpu,256,3,4,toy4_gpu_core_neural_none_batched_256_cpu,0,neural_policy,none,initial_state,0.5414184289984405
toy4,neural_none,batched,cpu,256,3,4,toy4_gpu_core_neural_none_batched_256_cpu,0,neural_policy,none,writer_setup,0.0008364759851247072
toy4,neural_none,batched,cpu,256,3,4,toy4_gpu_core_neural_none_batched_256_cpu,0,neural_policy,none,initial_step_result,0.005153884063474834
toy4,neural_none,batched,cpu,256,3,4,toy4_gpu_core_neural_none_batched_256_cpu,0,neural_policy,none,initial_aggregate_row,0.005229517002590001
toy4,neural_none,batched,cpu,256,3,4,toy4_gpu_core_neural_none_batched_256_cpu,0,neural_policy,none,write_initial_aggregate,9.145401418209076e-05
toy4,neural_none,batched,cpu,256,3,4,toy4_gpu_core_neural_none_batched_256_cpu,1,neural_policy,none,sample_revision_mask,4.289101343601942e-05
toy4,neural_none,batched,cpu,256,3,4,toy4_gpu_core_neural_none_batched_256_cpu,1,neural_policy,none,build_step_context,1.2092990800738335e-05
toy4,neural_none,batched,cpu,256,3,4,toy4_gpu_core_neural_none_batched_256_cpu,1,neural_policy,none,build_observations,0.002071168040856719
toy4,neural_none,batched,cpu,256,3,4,toy4_gpu_core_neural_none_batched_256_cpu,1,neural_policy,none,policy_readout,0.0008154070237651467
toy4,neural_none,batched,cpu,256,3,4,toy4_gpu_core_neural_none_batched_256_cpu,1,neural_policy,none,decision_selection,0.0015760789392516017
toy4,neural_none,batched,cpu,256,3,4,toy4_gpu_core_neural_none_batched_256_cpu,1,neural_policy,none,local_training,0.10399918304756284
toy4,neural_none,batched,cpu,256,3,4,toy4_gpu_core_neural_none_batched_256_cpu,1,neural_policy,none,cache_refresh,0.00882361305411905
toy4,neural_none,batched,cpu,256,3,4,toy4_gpu_core_neural_none_batched_256_cpu,1,neural_policy,none,post_local_readout,0.001958574983291328
toy4,neural_none,batched,cpu,256,3,4,toy4_gpu_core_neural_none_batched_256_cpu,1,neural_policy,none,local_step,0.12002511392347515
toy4,neural_none,batched,cpu,256,3,4,toy4_gpu_core_neural_none_batched_256_cpu,1,neural_policy,none,select_peers,0.0007086240220814943
toy4,neural_none,batched,cpu,256,3,4,toy4_gpu_core_neural_none_batched_256_cpu,1,neural_policy,none,social_step,5.9142010286450386e-05
toy4,neural_none,batched,cpu,256,3,4,toy4_gpu_core_neural_none_batched_256_cpu,1,neural_policy,none,sample_actions,8.810311555862427e-07
toy4,neural_none,batched,cpu,256,3,4,toy4_gpu_core_neural_none_batched_256_cpu,1,neural_policy,none,commit_actions,1.9827974028885365e-05
toy4,neural_none,batched,cpu,256,3,4,toy4_gpu_core_neural_none_batched_256_cpu,1,neural_policy,none,post_step_state_policy,9.377801325172186e-05
toy4,neural_none,batched,cpu,256,3,4,toy4_gpu_core_neural_none_batched_256_cpu,1,neural_policy,none,update_payoff_ema,5.4924050346016884e-05
toy4,neural_none,batched,cpu,256,3,4,toy4_gpu_core_neural_none_batched_256_cpu,1,neural_policy,none,update_reputation_ema,2.6330002583563328e-05
toy4,neural_none,batched,cpu,256,3,4,toy4_gpu_core_neural_none_batched_256_cpu,1,neural_policy,none,mobility_swaps,4.660896956920624e-05
toy4,neural_none,batched,cpu,256,3,4,toy4_gpu_core_neural_none_batched_256_cpu,1,neural_policy,none,finalize_hook_step,1.1572032235562801e-05
toy4,neural_none,batched,cpu,256,3,4,toy4_gpu_core_neural_none_batched_256_cpu,1,neural_policy,none,hooked_step_total,0.12284289801027626
toy4,neural_none,batched,cpu,256,3,4,toy4_gpu_core_neural_none_batched_256_cpu,1,neural_policy,none,aggregate_row,0.006305126007646322
toy4,neural_none,batched,cpu,256,3,4,toy4_gpu_core_neural_none_batched_256_cpu,1,neural_policy,none,write_aggregate,0.00027658394537866116
toy4,neural_none,batched,cpu,256,3,4,toy4_gpu_core_neural_none_batched_256_cpu,2,neural_policy,none,sample_revision_mask,6.178801413625479e-05
toy4,neural_none,batched,cpu,256,3,4,toy4_gpu_core_neural_none_batched_256_cpu,2,neural_policy,none,build_step_context,9.818002581596375e-06
toy4,neural_none,batched,cpu,256,3,4,toy4_gpu_core_neural_none_batched_256_cpu,2,neural_policy,none,build_observations,0.0027037779800593853
toy4,neural_none,batched,cpu,256,3,4,toy4_gpu_core_neural_none_batched_256_cpu,2,neural_policy,none,policy_readout,0.0014985919697210193
toy4,neural_none,batched,cpu,256,3,4,toy4_gpu_core_neural_none_batched_256_cpu,2,neural_policy,none,decision_selection,0.002316142083145678
toy4,neural_none,batched,cpu,256,3,4,toy4_gpu_core_neural_none_batched_256_cpu,2,neural_policy,none,local_training,0.08759162796195596
toy4,neural_none,batched,cpu,256,3,4,toy4_gpu_core_neural_none_batched_256_cpu,2,neural_policy,none,cache_refresh,0.00577732699457556
toy4,neural_none,batched,cpu,256,3,4,toy4_gpu_core_neural_none_batched_256_cpu,2,neural_policy,none,post_local_readout,0.0020742740016430616
toy4,neural_none,batched,cpu,256,3,4,toy4_gpu_core_neural_none_batched_256_cpu,2,neural_policy,none,local_step,0.10252796404529363
toy4,neural_none,batched,cpu,256,3,4,toy4_gpu_core_neural_none_batched_256_cpu,2,neural_policy,none,select_peers,0.00028632301837205887
toy4,neural_none,batched,cpu,256,3,4,toy4_gpu_core_neural_none_batched_256_cpu,2,neural_policy,none,social_step,4.711898509413004e-05
toy4,neural_none,batched,cpu,256,3,4,toy4_gpu_core_neural_none_batched_256_cpu,2,neural_policy,none,sample_actions,1.001986674964428e-06
toy4,neural_none,batched,cpu,256,3,4,toy4_gpu_core_neural_none_batched_256_cpu,2,neural_policy,none,commit_actions,6.882939487695694e-06
toy4,neural_none,batched,cpu,256,3,4,toy4_gpu_core_neural_none_batched_256_cpu,2,neural_policy,none,post_step_state_policy,6.197800394147635e-05
toy4,neural_none,batched,cpu,256,3,4,toy4_gpu_core_neural_none_batched_256_cpu,2,neural_policy,none,update_payoff_ema,3.635894972831011e-05
toy4,neural_none,batched,cpu,256,3,4,toy4_gpu_core_neural_none_batched_256_cpu,2,neural_policy,none,update_reputation_ema,2.01190123334527e-05
toy4,neural_none,batched,cpu,256,3,4,toy4_gpu_core_neural_none_batched_256_cpu,2,neural_policy,none,mobility_swaps,3.549701068550348e-05
toy4,neural_none,batched,cpu,256,3,4,toy4_gpu_core_neural_none_batched_256_cpu,2,neural_policy,none,finalize_hook_step,1.0360032320022583e-05
toy4,neural_none,batched,cpu,256,3,4,toy4_gpu_core_neural_none_batched_256_cpu,2,neural_policy,none,hooked_step_total,0.10430542298126966
toy4,neural_none,batched,cpu,256,3,4,toy4_gpu_core_neural_none_batched_256_cpu,2,neural_policy,none,aggregate_row,0.00408910505939275
toy4,neural_none,batched,cpu,256,3,4,toy4_gpu_core_neural_none_batched_256_cpu,2,neural_policy,none,write_aggregate,0.00013511697761714458
toy4,neural_none,batched,cpu,256,3,4,toy4_gpu_core_neural_none_batched_256_cpu,3,neural_policy,none,sample_revision_mask,3.0076946131885052e-05
toy4,neural_none,batched,cpu,256,3,4,toy4_gpu_core_neural_none_batched_256_cpu,3,neural_policy,none,build_step_context,7.514026947319508e-06
toy4,neural_none,batched,cpu,256,3,4,toy4_gpu_core_neural_none_batched_256_cpu,3,neural_policy,none,build_observations,0.0025640929816290736
toy4,neural_none,batched,cpu,256,3,4,toy4_gpu_core_neural_none_batched_256_cpu,3,neural_policy,none,policy_readout,0.000767705962061882
toy4,neural_none,batched,cpu,256,3,4,toy4_gpu_core_neural_none_batched_256_cpu,3,neural_policy,none,decision_selection,0.0021524919429793954
toy4,neural_none,batched,cpu,256,3,4,toy4_gpu_core_neural_none_batched_256_cpu,3,neural_policy,none,local_training,0.08626616396941245
toy4,neural_none,batched,cpu,256,3,4,toy4_gpu_core_neural_none_batched_256_cpu,3,neural_policy,none,cache_refresh,0.009341505006887019
toy4,neural_none,batched,cpu,256,3,4,toy4_gpu_core_neural_none_batched_256_cpu,3,neural_policy,none,post_local_readout,0.0010631659533828497
toy4,neural_none,batched,cpu,256,3,4,toy4_gpu_core_neural_none_batched_256_cpu,3,neural_policy,none,local_step,0.10334313893690705
toy4,neural_none,batched,cpu,256,3,4,toy4_gpu_core_neural_none_batched_256_cpu,3,neural_policy,none,select_peers,0.0003172110300511122
toy4,neural_none,batched,cpu,256,3,4,toy4_gpu_core_neural_none_batched_256_cpu,3,neural_policy,none,social_step,3.6779907532036304e-05
toy4,neural_none,batched,cpu,256,3,4,toy4_gpu_core_neural_none_batched_256_cpu,3,neural_policy,none,sample_actions,7.820781320333481e-07
toy4,neural_none,batched,cpu,256,3,4,toy4_gpu_core_neural_none_batched_256_cpu,3,neural_policy,none,commit_actions,6.653019227087498e-06
toy4,neural_none,batched,cpu,256,3,4,toy4_gpu_core_neural_none_batched_256_cpu,3,neural_policy,none,post_step_state_policy,5.407200660556555e-05
toy4,neural_none,batched,cpu,256,3,4,toy4_gpu_core_neural_none_batched_256_cpu,3,neural_policy,none,update_payoff_ema,4.21600416302681e-05
toy4,neural_none,batched,cpu,256,3,4,toy4_gpu_core_neural_none_batched_256_cpu,3,neural_policy,none,update_reputation_ema,1.9046012312173843e-05
toy4,neural_none,batched,cpu,256,3,4,toy4_gpu_core_neural_none_batched_256_cpu,3,neural_policy,none,mobility_swaps,4.146900027990341e-05
toy4,neural_none,batched,cpu,256,3,4,toy4_gpu_core_neural_none_batched_256_cpu,3,neural_policy,none,finalize_hook_step,2.047908492386341e-05
toy4,neural_none,batched,cpu,256,3,4,toy4_gpu_core_neural_none_batched_256_cpu,3,neural_policy,none,hooked_step_total,0.10522139095701277
toy4,neural_none,batched,cpu,256,3,4,toy4_gpu_core_neural_none_batched_256_cpu,3,neural_policy,none,aggregate_row,0.0036788160214200616
toy4,neural_none,batched,cpu,256,3,4,toy4_gpu_core_neural_none_batched_256_cpu,3,neural_policy,none,write_aggregate,9.335798677057028e-05
toy4,neural_none,batched,cuda,256,3,4,toy4_gpu_core_neural_none_batched_256_cuda,0,neural_policy,none,make_run_dir,0.0007781758904457092
toy4,neural_none,batched,cuda,256,3,4,toy4_gpu_core_neural_none_batched_256_cuda,0,neural_policy,none,write_metadata,0.003368898993358016
toy4,neural_none,batched,cuda,256,3,4,toy4_gpu_core_neural_none_batched_256_cuda,0,neural_policy,none,initial_state,0.18111177789978683
toy4,neural_none,batched,cuda,256,3,4,toy4_gpu_core_neural_none_batched_256_cuda,0,neural_policy,none,writer_setup,0.001446341979317367
toy4,neural_none,batched,cuda,256,3,4,toy4_gpu_core_neural_none_batched_256_cuda,0,neural_policy,none,initial_step_result,0.00801593204960227
toy4,neural_none,batched,cuda,256,3,4,toy4_gpu_core_neural_none_batched_256_cuda,0,neural_policy,none,initial_aggregate_row,0.005639125010930002
toy4,neural_none,batched,cuda,256,3,4,toy4_gpu_core_neural_none_batched_256_cuda,0,neural_policy,none,write_initial_aggregate,8.061307016760111e-05
toy4,neural_none,batched,cuda,256,3,4,toy4_gpu_core_neural_none_batched_256_cuda,1,neural_policy,none,sample_revision_mask,3.475602716207504e-05
toy4,neural_none,batched,cuda,256,3,4,toy4_gpu_core_neural_none_batched_256_cuda,1,neural_policy,none,build_step_context,1.6781967133283615e-05
toy4,neural_none,batched,cuda,256,3,4,toy4_gpu_core_neural_none_batched_256_cuda,1,neural_policy,none,build_observations,0.0021826690062880516
toy4,neural_none,batched,cuda,256,3,4,toy4_gpu_core_neural_none_batched_256_cuda,1,neural_policy,none,policy_readout,0.00041504704859107733
toy4,neural_none,batched,cuda,256,3,4,toy4_gpu_core_neural_none_batched_256_cuda,1,neural_policy,none,decision_selection,0.0015351310139521956
toy4,neural_none,batched,cuda,256,3,4,toy4_gpu_core_neural_none_batched_256_cuda,1,neural_policy,none,local_training,0.1885773770045489
toy4,neural_none,batched,cuda,256,3,4,toy4_gpu_core_neural_none_batched_256_cuda,1,neural_policy,none,cache_refresh,0.008150116074830294
toy4,neural_none,batched,cuda,256,3,4,toy4_gpu_core_neural_none_batched_256_cuda,1,neural_policy,none,post_local_readout,0.002035119920037687
toy4,neural_none,batched,cuda,256,3,4,toy4_gpu_core_neural_none_batched_256_cuda,1,neural_policy,none,local_step,0.204458842985332
toy4,neural_none,batched,cuda,256,3,4,toy4_gpu_core_neural_none_batched_256_cuda,1,neural_policy,none,select_peers,0.000929313013330102
toy4,neural_none,batched,cuda,256,3,4,toy4_gpu_core_neural_none_batched_256_cuda,1,neural_policy,none,social_step,0.00023608794435858727
toy4,neural_none,batched,cuda,256,3,4,toy4_gpu_core_neural_none_batched_256_cuda,1,neural_policy,none,sample_actions,7.74406362324953e-06
toy4,neural_none,batched,cuda,256,3,4,toy4_gpu_core_neural_none_batched_256_cuda,1,neural_policy,none,commit_actions,3.447500057518482e-05
toy4,neural_none,batched,cuda,256,3,4,toy4_gpu_core_neural_none_batched_256_cuda,1,neural_policy,none,post_step_state_policy,0.00012697104830294847
toy4,neural_none,batched,cuda,256,3,4,toy4_gpu_core_neural_none_batched_256_cuda,1,neural_policy,none,update_payoff_ema,0.00010263500735163689
toy4,neural_none,batched,cuda,256,3,4,toy4_gpu_core_neural_none_batched_256_cuda,1,neural_policy,none,update_reputation_ema,7.481197826564312e-05
toy4,neural_none,batched,cuda,256,3,4,toy4_gpu_core_neural_none_batched_256_cuda,1,neural_policy,none,mobility_swaps,0.00015737791545689106
toy4,neural_none,batched,cuda,256,3,4,toy4_gpu_core_neural_none_batched_256_cuda,1,neural_policy,none,finalize_hook_step,4.421395715326071e-05
toy4,neural_none,batched,cuda,256,3,4,toy4_gpu_core_neural_none_batched_256_cuda,1,neural_policy,none,hooked_step_total,0.20937988604418933
toy4,neural_none,batched,cuda,256,3,4,toy4_gpu_core_neural_none_batched_256_cuda,1,neural_policy,none,aggregate_row,0.005530067021027207
toy4,neural_none,batched,cuda,256,3,4,toy4_gpu_core_neural_none_batched_256_cuda,1,neural_policy,none,write_aggregate,0.00018436892423778772
toy4,neural_none,batched,cuda,256,3,4,toy4_gpu_core_neural_none_batched_256_cuda,2,neural_policy,none,sample_revision_mask,0.00010828499216586351
toy4,neural_none,batched,cuda,256,3,4,toy4_gpu_core_neural_none_batched_256_cuda,2,neural_policy,none,build_step_context,1.9366969354450703e-05
toy4,neural_none,batched,cuda,256,3,4,toy4_gpu_core_neural_none_batched_256_cuda,2,neural_policy,none,build_observations,0.003223904059268534
toy4,neural_none,batched,cuda,256,3,4,toy4_gpu_core_neural_none_batched_256_cuda,2,neural_policy,none,policy_readout,0.0007037539035081863
toy4,neural_none,batched,cuda,256,3,4,toy4_gpu_core_neural_none_batched_256_cuda,2,neural_policy,none,decision_selection,0.0017105540027841926
toy4,neural_none,batched,cuda,256,3,4,toy4_gpu_core_neural_none_batched_256_cuda,2,neural_policy,none,local_training,0.14997986995149404
toy4,neural_none,batched,cuda,256,3,4,toy4_gpu_core_neural_none_batched_256_cuda,2,neural_policy,none,cache_refresh,0.005000332952477038
toy4,neural_none,batched,cuda,256,3,4,toy4_gpu_core_neural_none_batched_256_cuda,2,neural_policy,none,post_local_readout,0.0007791180396452546
toy4,neural_none,batched,cuda,256,3,4,toy4_gpu_core_neural_none_batched_256_cuda,2,neural_policy,none,local_step,0.16266704990994185
toy4,neural_none,batched,cuda,256,3,4,toy4_gpu_core_neural_none_batched_256_cuda,2,neural_policy,none,select_peers,0.00045220693573355675
toy4,neural_none,batched,cuda,256,3,4,toy4_gpu_core_neural_none_batched_256_cuda,2,neural_policy,none,social_step,0.00012284296099096537
toy4,neural_none,batched,cuda,256,3,4,toy4_gpu_core_neural_none_batched_256_cuda,2,neural_policy,none,sample_actions,6.212037988007069e-06
toy4,neural_none,batched,cuda,256,3,4,toy4_gpu_core_neural_none_batched_256_cuda,2,neural_policy,none,commit_actions,1.2042932212352753e-05
toy4,neural_none,batched,cuda,256,3,4,toy4_gpu_core_neural_none_batched_256_cuda,2,neural_policy,none,post_step_state_policy,4.681898280978203e-05
toy4,neural_none,batched,cuda,256,3,4,toy4_gpu_core_neural_none_batched_256_cuda,2,neural_policy,none,update_payoff_ema,5.237001460045576e-05
toy4,neural_none,batched,cuda,256,3,4,toy4_gpu_core_neural_none_batched_256_cuda,2,neural_policy,none,update_reputation_ema,2.1180021576583385e-05
toy4,neural_none,batched,cuda,256,3,4,toy4_gpu_core_neural_none_batched_256_cuda,2,neural_policy,none,mobility_swaps,3.825209569185972e-05
toy4,neural_none,batched,cuda,256,3,4,toy4_gpu_core_neural_none_batched_256_cuda,2,neural_policy,none,finalize_hook_step,1.6461010091006756e-05
toy4,neural_none,batched,cuda,256,3,4,toy4_gpu_core_neural_none_batched_256_cuda,2,neural_policy,none,hooked_step_total,0.16529861104208976
toy4,neural_none,batched,cuda,256,3,4,toy4_gpu_core_neural_none_batched_256_cuda,2,neural_policy,none,aggregate_row,0.00430725805927068
toy4,neural_none,batched,cuda,256,3,4,toy4_gpu_core_neural_none_batched_256_cuda,2,neural_policy,none,write_aggregate,0.00015663704834878445
toy4,neural_none,batched,cuda,256,3,4,toy4_gpu_core_neural_none_batched_256_cuda,3,neural_policy,none,sample_revision_mask,3.696000203490257e-05
toy4,neural_none,batched,cuda,256,3,4,toy4_gpu_core_neural_none_batched_256_cuda,3,neural_policy,none,build_step_context,1.6079982742667198e-05
toy4,neural_none,batched,cuda,256,3,4,toy4_gpu_core_neural_none_batched_256_cuda,3,neural_policy,none,build_observations,0.0028174830367788672
toy4,neural_none,batched,cuda,256,3,4,toy4_gpu_core_neural_none_batched_256_cuda,3,neural_policy,none,policy_readout,0.0005522069986909628
toy4,neural_none,batched,cuda,256,3,4,toy4_gpu_core_neural_none_batched_256_cuda,3,neural_policy,none,decision_selection,0.0015516818966716528
toy4,neural_none,batched,cuda,256,3,4,toy4_gpu_core_neural_none_batched_256_cuda,3,neural_policy,none,local_training,0.12613221595529467
toy4,neural_none,batched,cuda,256,3,4,toy4_gpu_core_neural_none_batched_256_cuda,3,neural_policy,none,cache_refresh,0.005892463959753513
toy4,neural_none,batched,cuda,256,3,4,toy4_gpu_core_neural_none_batched_256_cuda,3,neural_policy,none,post_local_readout,0.002309539937414229
toy4,neural_none,batched,cuda,256,3,4,toy4_gpu_core_neural_none_batched_256_cuda,3,neural_policy,none,local_step,0.14046134904492646
toy4,neural_none,batched,cuda,256,3,4,toy4_gpu_core_neural_none_batched_256_cuda,3,neural_policy,none,select_peers,0.00044869096018373966
toy4,neural_none,batched,cuda,256,3,4,toy4_gpu_core_neural_none_batched_256_cuda,3,neural_policy,none,social_step,0.00010211404878646135
toy4,neural_none,batched,cuda,256,3,4,toy4_gpu_core_neural_none_batched_256_cuda,3,neural_policy,none,sample_actions,6.543006747961044e-06
toy4,neural_none,batched,cuda,256,3,4,toy4_gpu_core_neural_none_batched_256_cuda,3,neural_policy,none,commit_actions,1.3255048543214798e-05
toy4,neural_none,batched,cuda,256,3,4,toy4_gpu_core_neural_none_batched_256_cuda,3,neural_policy,none,post_step_state_policy,5.210901144891977e-05
toy4,neural_none,batched,cuda,256,3,4,toy4_gpu_core_neural_none_batched_256_cuda,3,neural_policy,none,update_payoff_ema,6.932206451892853e-05
toy4,neural_none,batched,cuda,256,3,4,toy4_gpu_core_neural_none_batched_256_cuda,3,neural_policy,none,update_reputation_ema,2.676097210496664e-05
toy4,neural_none,batched,cuda,256,3,4,toy4_gpu_core_neural_none_batched_256_cuda,3,neural_policy,none,mobility_swaps,4.872202407568693e-05
toy4,neural_none,batched,cuda,256,3,4,toy4_gpu_core_neural_none_batched_256_cuda,3,neural_policy,none,finalize_hook_step,2.186198253184557e-05
toy4,neural_none,batched,cuda,256,3,4,toy4_gpu_core_neural_none_batched_256_cuda,3,neural_policy,none,hooked_step_total,0.14276876603253186
toy4,neural_none,batched,cuda,256,3,4,toy4_gpu_core_neural_none_batched_256_cuda,3,neural_policy,none,aggregate_row,0.004582770983688533
toy4,neural_none,batched,cuda,256,3,4,toy4_gpu_core_neural_none_batched_256_cuda,3,neural_policy,none,write_aggregate,0.00023903290275484324
toy4,neural_output_average,loop,cpu,256,3,4,toy4_gpu_core_neural_output_average_loop_256_cpu,0,neural_policy,output_average,make_run_dir,0.0003996680025011301
toy4,neural_output_average,loop,cpu,256,3,4,toy4_gpu_core_neural_output_average_loop_256_cpu,0,neural_policy,output_average,write_metadata,0.002963289967738092
toy4,neural_output_average,loop,cpu,256,3,4,toy4_gpu_core_neural_output_average_loop_256_cpu,0,neural_policy,output_average,initial_state,0.11856683995574713
toy4,neural_output_average,loop,cpu,256,3,4,toy4_gpu_core_neural_output_average_loop_256_cpu,0,neural_policy,output_average,writer_setup,0.0007207669550552964
toy4,neural_output_average,loop,cpu,256,3,4,toy4_gpu_core_neural_output_average_loop_256_cpu,0,neural_policy,output_average,initial_step_result,0.004177782917395234
toy4,neural_output_average,loop,cpu,256,3,4,toy4_gpu_core_neural_output_average_loop_256_cpu,0,neural_policy,output_average,initial_aggregate_row,0.0029064720729365945
toy4,neural_output_average,loop,cpu,256,3,4,toy4_gpu_core_neural_output_average_loop_256_cpu,0,neural_policy,output_average,write_initial_aggregate,4.149903543293476e-05
toy4,neural_output_average,loop,cpu,256,3,4,toy4_gpu_core_neural_output_average_loop_256_cpu,1,neural_policy,output_average,sample_revision_mask,1.3575074262917042e-05
toy4,neural_output_average,loop,cpu,256,3,4,toy4_gpu_core_neural_output_average_loop_256_cpu,1,neural_policy,output_average,build_step_context,5.631009116768837e-06
toy4,neural_output_average,loop,cpu,256,3,4,toy4_gpu_core_neural_output_average_loop_256_cpu,1,neural_policy,output_average,build_observations,0.001990524004213512
toy4,neural_output_average,loop,cpu,256,3,4,toy4_gpu_core_neural_output_average_loop_256_cpu,1,neural_policy,output_average,policy_readout,0.0002627590438351035
toy4,neural_output_average,loop,cpu,256,3,4,toy4_gpu_core_neural_output_average_loop_256_cpu,1,neural_policy,output_average,decision_selection,0.0015713800676167011
toy4,neural_output_average,loop,cpu,256,3,4,toy4_gpu_core_neural_output_average_loop_256_cpu,1,neural_policy,output_average,local_training,0.17332497297320515
toy4,neural_output_average,loop,cpu,256,3,4,toy4_gpu_core_neural_output_average_loop_256_cpu,1,neural_policy,output_average,cache_refresh,0.00794038805179298
toy4,neural_output_average,loop,cpu,256,3,4,toy4_gpu_core_neural_output_average_loop_256_cpu,1,neural_policy,output_average,post_local_readout,0.0014822110533714294
toy4,neural_output_average,loop,cpu,256,3,4,toy4_gpu_core_neural_output_average_loop_256_cpu,1,neural_policy,output_average,local_step,0.18722042301669717
toy4,neural_output_average,loop,cpu,256,3,4,toy4_gpu_core_neural_output_average_loop_256_cpu,1,neural_policy,output_average,select_peers,0.0018602280179038644
toy4,neural_output_average,loop,cpu,256,3,4,toy4_gpu_core_neural_output_average_loop_256_cpu,1,neural_policy,output_average,social_distillation,0.16497657995205373
toy4,neural_output_average,loop,cpu,256,3,4,toy4_gpu_core_neural_output_average_loop_256_cpu,1,neural_policy,output_average,social_step,0.1650453299516812
toy4,neural_output_average,loop,cpu,256,3,4,toy4_gpu_core_neural_output_average_loop_256_cpu,1,neural_policy,output_average,sample_actions,2.1239975467324257e-06
toy4,neural_output_average,loop,cpu,256,3,4,toy4_gpu_core_neural_output_average_loop_256_cpu,1,neural_policy,output_average,commit_actions,1.1001015082001686e-05
toy4,neural_output_average,loop,cpu,256,3,4,toy4_gpu_core_neural_output_average_loop_256_cpu,1,neural_policy,output_average,post_step_state_policy,5.2168965339660645e-05
toy4,neural_output_average,loop,cpu,256,3,4,toy4_gpu_core_neural_output_average_loop_256_cpu,1,neural_policy,output_average,update_payoff_ema,4.1118008084595203e-05
toy4,neural_output_average,loop,cpu,256,3,4,toy4_gpu_core_neural_output_average_loop_256_cpu,1,neural_policy,output_average,update_reputation_ema,2.0869076251983643e-05
toy4,neural_output_average,loop,cpu,256,3,4,toy4_gpu_core_neural_output_average_loop_256_cpu,1,neural_policy,output_average,mobility_swaps,5.661696195602417e-05
toy4,neural_output_average,loop,cpu,256,3,4,toy4_gpu_core_neural_output_average_loop_256_cpu,1,neural_policy,output_average,finalize_hook_step,1.4718039892613888e-05
toy4,neural_output_average,loop,cpu,256,3,4,toy4_gpu_core_neural_output_average_loop_256_cpu,1,neural_policy,output_average,hooked_step_total,0.35651962109841406
toy4,neural_output_average,loop,cpu,256,3,4,toy4_gpu_core_neural_output_average_loop_256_cpu,1,neural_policy,output_average,aggregate_row,0.004660228034481406
toy4,neural_output_average,loop,cpu,256,3,4,toy4_gpu_core_neural_output_average_loop_256_cpu,1,neural_policy,output_average,write_aggregate,9.936792775988579e-05
toy4,neural_output_average,loop,cpu,256,3,4,toy4_gpu_core_neural_output_average_loop_256_cpu,2,neural_policy,output_average,sample_revision_mask,2.347503323107958e-05
toy4,neural_output_average,loop,cpu,256,3,4,toy4_gpu_core_neural_output_average_loop_256_cpu,2,neural_policy,output_average,build_step_context,8.846982382237911e-06
toy4,neural_output_average,loop,cpu,256,3,4,toy4_gpu_core_neural_output_average_loop_256_cpu,2,neural_policy,output_average,build_observations,0.002277128049172461
toy4,neural_output_average,loop,cpu,256,3,4,toy4_gpu_core_neural_output_average_loop_256_cpu,2,neural_policy,output_average,policy_readout,0.0005715540610253811
toy4,neural_output_average,loop,cpu,256,3,4,toy4_gpu_core_neural_output_average_loop_256_cpu,2,neural_policy,output_average,decision_selection,0.001474777003750205
toy4,neural_output_average,loop,cpu,256,3,4,toy4_gpu_core_neural_output_average_loop_256_cpu,2,neural_policy,output_average,local_training,0.17832360102329403
toy4,neural_output_average,loop,cpu,256,3,4,toy4_gpu_core_neural_output_average_loop_256_cpu,2,neural_policy,output_average,cache_refresh,0.005552580114454031
toy4,neural_output_average,loop,cpu,256,3,4,toy4_gpu_core_neural_output_average_loop_256_cpu,2,neural_policy,output_average,post_local_readout,0.0007034940645098686
toy4,neural_output_average,loop,cpu,256,3,4,toy4_gpu_core_neural_output_average_loop_256_cpu,2,neural_policy,output_average,local_step,0.18920178106054664
toy4,neural_output_average,loop,cpu,256,3,4,toy4_gpu_core_neural_output_average_loop_256_cpu,2,neural_policy,output_average,select_peers,0.00046362902503460646
toy4,neural_output_average,loop,cpu,256,3,4,toy4_gpu_core_neural_output_average_loop_256_cpu,2,neural_policy,output_average,social_distillation,0.16698187310248613
toy4,neural_output_average,loop,cpu,256,3,4,toy4_gpu_core_neural_output_average_loop_256_cpu,2,neural_policy,output_average,social_step,0.16707742493599653
toy4,neural_output_average,loop,cpu,256,3,4,toy4_gpu_core_neural_output_average_loop_256_cpu,2,neural_policy,output_average,sample_actions,5.24008646607399e-06
toy4,neural_output_average,loop,cpu,256,3,4,toy4_gpu_core_neural_output_average_loop_256_cpu,2,neural_policy,output_average,commit_actions,3.831298090517521e-05
toy4,neural_output_average,loop,cpu,256,3,4,toy4_gpu_core_neural_output_average_loop_256_cpu,2,neural_policy,output_average,post_step_state_policy,0.0001056100009009242
toy4,neural_output_average,loop,cpu,256,3,4,toy4_gpu_core_neural_output_average_loop_256_cpu,2,neural_policy,output_average,update_payoff_ema,0.00011644000187516212
toy4,neural_output_average,loop,cpu,256,3,4,toy4_gpu_core_neural_output_average_loop_256_cpu,2,neural_policy,output_average,update_reputation_ema,5.9132929891347885e-05
toy4,neural_output_average,loop,cpu,256,3,4,toy4_gpu_core_neural_output_average_loop_256_cpu,2,neural_policy,output_average,mobility_swaps,9.45989741012454e-05
toy4,neural_output_average,loop,cpu,256,3,4,toy4_gpu_core_neural_output_average_loop_256_cpu,2,neural_policy,output_average,finalize_hook_step,3.935408312827349e-05
toy4,neural_output_average,loop,cpu,256,3,4,toy4_gpu_core_neural_output_average_loop_256_cpu,2,neural_policy,output_average,hooked_step_total,0.36025650799274445
toy4,neural_output_average,loop,cpu,256,3,4,toy4_gpu_core_neural_output_average_loop_256_cpu,2,neural_policy,output_average,aggregate_row,0.005207164096646011
toy4,neural_output_average,loop,cpu,256,3,4,toy4_gpu_core_neural_output_average_loop_256_cpu,2,neural_policy,output_average,write_aggregate,0.00010051100980490446
toy4,neural_output_average,loop,cpu,256,3,4,toy4_gpu_core_neural_output_average_loop_256_cpu,3,neural_policy,output_average,sample_revision_mask,2.6460038498044014e-05
toy4,neural_output_average,loop,cpu,256,3,4,toy4_gpu_core_neural_output_average_loop_256_cpu,3,neural_policy,output_average,build_step_context,1.1511961929500103e-05
toy4,neural_output_average,loop,cpu,256,3,4,toy4_gpu_core_neural_output_average_loop_256_cpu,3,neural_policy,output_average,build_observations,0.0023436149349436164
toy4,neural_output_average,loop,cpu,256,3,4,toy4_gpu_core_neural_output_average_loop_256_cpu,3,neural_policy,output_average,policy_readout,0.0015734939370304346
toy4,neural_output_average,loop,cpu,256,3,4,toy4_gpu_core_neural_output_average_loop_256_cpu,3,neural_policy,output_average,decision_selection,0.0022610380547121167
toy4,neural_output_average,loop,cpu,256,3,4,toy4_gpu_core_neural_output_average_loop_256_cpu,3,neural_policy,output_average,local_training,0.1620361750246957
toy4,neural_output_average,loop,cpu,256,3,4,toy4_gpu_core_neural_output_average_loop_256_cpu,3,neural_policy,output_average,cache_refresh,0.006280379951931536
toy4,neural_output_average,loop,cpu,256,3,4,toy4_gpu_core_neural_output_average_loop_256_cpu,3,neural_policy,output_average,post_local_readout,0.0009633870795369148
toy4,neural_output_average,loop,cpu,256,3,4,toy4_gpu_core_neural_output_average_loop_256_cpu,3,neural_policy,output_average,local_step,0.1759303230792284
toy4,neural_output_average,loop,cpu,256,3,4,toy4_gpu_core_neural_output_average_loop_256_cpu,3,neural_policy,output_average,select_peers,0.00041942496318370104
toy4,neural_output_average,loop,cpu,256,3,4,toy4_gpu_core_neural_output_average_loop_256_cpu,3,neural_policy,output_average,social_distillation,0.16095114592462778
toy4,neural_output_average,loop,cpu,256,3,4,toy4_gpu_core_neural_output_average_loop_256_cpu,3,neural_policy,output_average,social_step,0.16104091692250222
toy4,neural_output_average,loop,cpu,256,3,4,toy4_gpu_core_neural_output_average_loop_256_cpu,3,neural_policy,output_average,sample_actions,2.905959263443947e-06
toy4,neural_output_average,loop,cpu,256,3,4,toy4_gpu_core_neural_output_average_loop_256_cpu,3,neural_policy,output_average,commit_actions,9.498093277215958e-06
toy4,neural_output_average,loop,cpu,256,3,4,toy4_gpu_core_neural_output_average_loop_256_cpu,3,neural_policy,output_average,post_step_state_policy,5.989393685013056e-05
toy4,neural_output_average,loop,cpu,256,3,4,toy4_gpu_core_neural_output_average_loop_256_cpu,3,neural_policy,output_average,update_payoff_ema,3.884395118802786e-05
toy4,neural_output_average,loop,cpu,256,3,4,toy4_gpu_core_neural_output_average_loop_256_cpu,3,neural_policy,output_average,update_reputation_ema,2.6691006496548653e-05
toy4,neural_output_average,loop,cpu,256,3,4,toy4_gpu_core_neural_output_average_loop_256_cpu,3,neural_policy,output_average,mobility_swaps,3.697001375257969e-05
toy4,neural_output_average,loop,cpu,256,3,4,toy4_gpu_core_neural_output_average_loop_256_cpu,3,neural_policy,output_average,finalize_hook_step,2.0188046619296074e-05
toy4,neural_output_average,loop,cpu,256,3,4,toy4_gpu_core_neural_output_average_loop_256_cpu,3,neural_policy,output_average,hooked_step_total,0.3395227190339938
toy4,neural_output_average,loop,cpu,256,3,4,toy4_gpu_core_neural_output_average_loop_256_cpu,3,neural_policy,output_average,aggregate_row,0.005038706003688276
toy4,neural_output_average,loop,cpu,256,3,4,toy4_gpu_core_neural_output_average_loop_256_cpu,3,neural_policy,output_average,write_aggregate,0.0001844500657171011
toy4,neural_output_average,loop,cuda,256,3,4,toy4_gpu_core_neural_output_average_loop_256_cuda,0,neural_policy,output_average,make_run_dir,0.0004722160520032048
toy4,neural_output_average,loop,cuda,256,3,4,toy4_gpu_core_neural_output_average_loop_256_cuda,0,neural_policy,output_average,write_metadata,0.003631356987170875
toy4,neural_output_average,loop,cuda,256,3,4,toy4_gpu_core_neural_output_average_loop_256_cuda,0,neural_policy,output_average,initial_state,0.19314396707341075
toy4,neural_output_average,loop,cuda,256,3,4,toy4_gpu_core_neural_output_average_loop_256_cuda,0,neural_policy,output_average,writer_setup,0.0008274799911305308
toy4,neural_output_average,loop,cuda,256,3,4,toy4_gpu_core_neural_output_average_loop_256_cuda,0,neural_policy,output_average,initial_step_result,0.006305458024144173
toy4,neural_output_average,loop,cuda,256,3,4,toy4_gpu_core_neural_output_average_loop_256_cuda,0,neural_policy,output_average,initial_aggregate_row,0.004909540060907602
toy4,neural_output_average,loop,cuda,256,3,4,toy4_gpu_core_neural_output_average_loop_256_cuda,0,neural_policy,output_average,write_initial_aggregate,8.293800055980682e-05
toy4,neural_output_average,loop,cuda,256,3,4,toy4_gpu_core_neural_output_average_loop_256_cuda,1,neural_policy,output_average,sample_revision_mask,2.9406044632196426e-05
toy4,neural_output_average,loop,cuda,256,3,4,toy4_gpu_core_neural_output_average_loop_256_cuda,1,neural_policy,output_average,build_step_context,1.2192991562187672e-05
toy4,neural_output_average,loop,cuda,256,3,4,toy4_gpu_core_neural_output_average_loop_256_cuda,1,neural_policy,output_average,build_observations,0.0022397979628294706
toy4,neural_output_average,loop,cuda,256,3,4,toy4_gpu_core_neural_output_average_loop_256_cuda,1,neural_policy,output_average,policy_readout,0.0005810719449073076
toy4,neural_output_average,loop,cuda,256,3,4,toy4_gpu_core_neural_output_average_loop_256_cuda,1,neural_policy,output_average,decision_selection,0.00181764701846987
toy4,neural_output_average,loop,cuda,256,3,4,toy4_gpu_core_neural_output_average_loop_256_cuda,1,neural_policy,output_average,local_training,0.41781878005713224
toy4,neural_output_average,loop,cuda,256,3,4,toy4_gpu_core_neural_output_average_loop_256_cuda,1,neural_policy,output_average,cache_refresh,0.007505093002691865
toy4,neural_output_average,loop,cuda,256,3,4,toy4_gpu_core_neural_output_average_loop_256_cuda,1,neural_policy,output_average,post_local_readout,0.0016906559467315674
toy4,neural_output_average,loop,cuda,256,3,4,toy4_gpu_core_neural_output_average_loop_256_cuda,1,neural_policy,output_average,local_step,0.432382027967833
toy4,neural_output_average,loop,cuda,256,3,4,toy4_gpu_core_neural_output_average_loop_256_cuda,1,neural_policy,output_average,select_peers,0.0014547379687428474
toy4,neural_output_average,loop,cuda,256,3,4,toy4_gpu_core_neural_output_average_loop_256_cuda,1,neural_policy,output_average,social_distillation,0.3120618829270825
toy4,neural_output_average,loop,cuda,256,3,4,toy4_gpu_core_neural_output_average_loop_256_cuda,1,neural_policy,output_average,social_step,0.3121187509968877
toy4,neural_output_average,loop,cuda,256,3,4,toy4_gpu_core_neural_output_average_loop_256_cuda,1,neural_policy,output_average,sample_actions,6.853020749986172e-06
toy4,neural_output_average,loop,cuda,256,3,4,toy4_gpu_core_neural_output_average_loop_256_cuda,1,neural_policy,output_average,commit_actions,1.2292992323637009e-05
toy4,neural_output_average,loop,cuda,256,3,4,toy4_gpu_core_neural_output_average_loop_256_cuda,1,neural_policy,output_average,post_step_state_policy,3.56379896402359e-05
toy4,neural_output_average,loop,cuda,256,3,4,toy4_gpu_core_neural_output_average_loop_256_cuda,1,neural_policy,output_average,update_payoff_ema,5.6135933846235275e-05
toy4,neural_output_average,loop,cuda,256,3,4,toy4_gpu_core_neural_output_average_loop_256_cuda,1,neural_policy,output_average,update_reputation_ema,2.023903653025627e-05
toy4,neural_output_average,loop,cuda,256,3,4,toy4_gpu_core_neural_output_average_loop_256_cuda,1,neural_policy,output_average,mobility_swaps,2.9074959456920624e-05
toy4,neural_output_average,loop,cuda,256,3,4,toy4_gpu_core_neural_output_average_loop_256_cuda,1,neural_policy,output_average,finalize_hook_step,1.7924001440405846e-05
toy4,neural_output_average,loop,cuda,256,3,4,toy4_gpu_core_neural_output_average_loop_256_cuda,1,neural_policy,output_average,hooked_step_total,0.7478180089965463
toy4,neural_output_average,loop,cuda,256,3,4,toy4_gpu_core_neural_output_average_loop_256_cuda,1,neural_policy,output_average,aggregate_row,0.002890121075324714
toy4,neural_output_average,loop,cuda,256,3,4,toy4_gpu_core_neural_output_average_loop_256_cuda,1,neural_policy,output_average,write_aggregate,6.72780442982912e-05
toy4,neural_output_average,loop,cuda,256,3,4,toy4_gpu_core_neural_output_average_loop_256_cuda,2,neural_policy,output_average,sample_revision_mask,1.7121899873018265e-05
toy4,neural_output_average,loop,cuda,256,3,4,toy4_gpu_core_neural_output_average_loop_256_cuda,2,neural_policy,output_average,build_step_context,9.699026122689247e-06
toy4,neural_output_average,loop,cuda,256,3,4,toy4_gpu_core_neural_output_average_loop_256_cuda,2,neural_policy,output_average,build_observations,0.002038254984654486
toy4,neural_output_average,loop,cuda,256,3,4,toy4_gpu_core_neural_output_average_loop_256_cuda,2,neural_policy,output_average,policy_readout,0.00020824407692998648
toy4,neural_output_average,loop,cuda,256,3,4,toy4_gpu_core_neural_output_average_loop_256_cuda,2,neural_policy,output_average,decision_selection,0.0013698280090466142
toy4,neural_output_average,loop,cuda,256,3,4,toy4_gpu_core_neural_output_average_loop_256_cuda,2,neural_policy,output_average,local_training,0.27931919996626675
toy4,neural_output_average,loop,cuda,256,3,4,toy4_gpu_core_neural_output_average_loop_256_cuda,2,neural_policy,output_average,cache_refresh,0.006300198030658066
toy4,neural_output_average,loop,cuda,256,3,4,toy4_gpu_core_neural_output_average_loop_256_cuda,2,neural_policy,output_average,post_local_readout,0.00048369704745709896
toy4,neural_output_average,loop,cuda,256,3,4,toy4_gpu_core_neural_output_average_loop_256_cuda,2,neural_policy,output_average,local_step,0.29024036100599915
toy4,neural_output_average,loop,cuda,256,3,4,toy4_gpu_core_neural_output_average_loop_256_cuda,2,neural_policy,output_average,select_peers,0.00043330201879143715
toy4,neural_output_average,loop,cuda,256,3,4,toy4_gpu_core_neural_output_average_loop_256_cuda,2,neural_policy,output_average,social_distillation,0.3003449630923569
toy4,neural_output_average,loop,cuda,256,3,4,toy4_gpu_core_neural_output_average_loop_256_cuda,2,neural_policy,output_average,social_step,0.300455643911846
toy4,neural_output_average,loop,cuda,256,3,4,toy4_gpu_core_neural_output_average_loop_256_cuda,2,neural_policy,output_average,sample_actions,1.0168994776904583e-05
toy4,neural_output_average,loop,cuda,256,3,4,toy4_gpu_core_neural_output_average_loop_256_cuda,2,neural_policy,output_average,commit_actions,1.652201171964407e-05
toy4,neural_output_average,loop,cuda,256,3,4,toy4_gpu_core_neural_output_average_loop_256_cuda,2,neural_policy,output_average,post_step_state_policy,4.788092337548733e-05
toy4,neural_output_average,loop,cuda,256,3,4,toy4_gpu_core_neural_output_average_loop_256_cuda,2,neural_policy,output_average,update_payoff_ema,4.168902523815632e-05
toy4,neural_output_average,loop,cuda,256,3,4,toy4_gpu_core_neural_output_average_loop_256_cuda,2,neural_policy,output_average,update_reputation_ema,1.9888044334948063e-05
toy4,neural_output_average,loop,cuda,256,3,4,toy4_gpu_core_neural_output_average_loop_256_cuda,2,neural_policy,output_average,mobility_swaps,3.0677998438477516e-05
toy4,neural_output_average,loop,cuda,256,3,4,toy4_gpu_core_neural_output_average_loop_256_cuda,2,neural_policy,output_average,finalize_hook_step,2.1961983293294907e-05
toy4,neural_output_average,loop,cuda,256,3,4,toy4_gpu_core_neural_output_average_loop_256_cuda,2,neural_policy,output_average,hooked_step_total,0.5929914880543947
toy4,neural_output_average,loop,cuda,256,3,4,toy4_gpu_core_neural_output_average_loop_256_cuda,2,neural_policy,output_average,aggregate_row,0.003464510082267225
toy4,neural_output_average,loop,cuda,256,3,4,toy4_gpu_core_neural_output_average_loop_256_cuda,2,neural_policy,output_average,write_aggregate,7.612491026520729e-05
toy4,neural_output_average,loop,cuda,256,3,4,toy4_gpu_core_neural_output_average_loop_256_cuda,3,neural_policy,output_average,sample_revision_mask,2.0990031771361828e-05
toy4,neural_output_average,loop,cuda,256,3,4,toy4_gpu_core_neural_output_average_loop_256_cuda,3,neural_policy,output_average,build_step_context,1.0519986972212791e-05
toy4,neural_output_average,loop,cuda,256,3,4,toy4_gpu_core_neural_output_average_loop_256_cuda,3,neural_policy,output_average,build_observations,0.0025204099947586656
toy4,neural_output_average,loop,cuda,256,3,4,toy4_gpu_core_neural_output_average_loop_256_cuda,3,neural_policy,output_average,policy_readout,0.000386912957765162
toy4,neural_output_average,loop,cuda,256,3,4,toy4_gpu_core_neural_output_average_loop_256_cuda,3,neural_policy,output_average,decision_selection,0.0014439680380746722
toy4,neural_output_average,loop,cuda,256,3,4,toy4_gpu_core_neural_output_average_loop_256_cuda,3,neural_policy,output_average,local_training,0.3490117259789258
toy4,neural_output_average,loop,cuda,256,3,4,toy4_gpu_core_neural_output_average_loop_256_cuda,3,neural_policy,output_average,cache_refresh,0.007259466918185353
toy4,neural_output_average,loop,cuda,256,3,4,toy4_gpu_core_neural_output_average_loop_256_cuda,3,neural_policy,output_average,post_local_readout,0.0005706120282411575
toy4,neural_output_average,loop,cuda,256,3,4,toy4_gpu_core_neural_output_average_loop_256_cuda,3,neural_policy,output_average,local_step,0.36233869893476367
toy4,neural_output_average,loop,cuda,256,3,4,toy4_gpu_core_neural_output_average_loop_256_cuda,3,neural_policy,output_average,select_peers,0.0005549329798668623
toy4,neural_output_average,loop,cuda,256,3,4,toy4_gpu_core_neural_output_average_loop_256_cuda,3,neural_policy,output_average,social_distillation,0.31900793605018407
toy4,neural_output_average,loop,cuda,256,3,4,toy4_gpu_core_neural_output_average_loop_256_cuda,3,neural_policy,output_average,social_step,0.31907940097153187
toy4,neural_output_average,loop,cuda,256,3,4,toy4_gpu_core_neural_output_average_loop_256_cuda,3,neural_policy,output_average,sample_actions,9.296927601099014e-06
toy4,neural_output_average,loop,cuda,256,3,4,toy4_gpu_core_neural_output_average_loop_256_cuda,3,neural_policy,output_average,commit_actions,3.356405068188906e-05
toy4,neural_output_average,loop,cuda,256,3,4,toy4_gpu_core_neural_output_average_loop_256_cuda,3,neural_policy,output_average,post_step_state_policy,9.988003876060247e-05
toy4,neural_output_average,loop,cuda,256,3,4,toy4_gpu_core_neural_output_average_loop_256_cuda,3,neural_policy,output_average,update_payoff_ema,0.00010340602602809668
toy4,neural_output_average,loop,cuda,256,3,4,toy4_gpu_core_neural_output_average_loop_256_cuda,3,neural_policy,output_average,update_reputation_ema,3.5036937333643436e-05
toy4,neural_output_average,loop,cuda,256,3,4,toy4_gpu_core_neural_output_average_loop_256_cuda,3,neural_policy,output_average,mobility_swaps,5.752895958721638e-05
toy4,neural_output_average,loop,cuda,256,3,4,toy4_gpu_core_neural_output_average_loop_256_cuda,3,neural_policy,output_average,finalize_hook_step,5.364208482205868e-05
toy4,neural_output_average,loop,cuda,256,3,4,toy4_gpu_core_neural_output_average_loop_256_cuda,3,neural_policy,output_average,hooked_step_total,0.6856182959163561
toy4,neural_output_average,loop,cuda,256,3,4,toy4_gpu_core_neural_output_average_loop_256_cuda,3,neural_policy,output_average,aggregate_row,0.00548834796063602
toy4,neural_output_average,loop,cuda,256,3,4,toy4_gpu_core_neural_output_average_loop_256_cuda,3,neural_policy,output_average,write_aggregate,7.080496288836002e-05
toy4,neural_output_average,batched,cpu,256,3,4,toy4_gpu_core_neural_output_average_batched_256_cpu,0,neural_policy,output_average,make_run_dir,0.0003171410644426942
toy4,neural_output_average,batched,cpu,256,3,4,toy4_gpu_core_neural_output_average_batched_256_cpu,0,neural_policy,output_average,write_metadata,0.003278126008808613
toy4,neural_output_average,batched,cpu,256,3,4,toy4_gpu_core_neural_output_average_batched_256_cpu,0,neural_policy,output_average,initial_state,0.14187968091573566
toy4,neural_output_average,batched,cpu,256,3,4,toy4_gpu_core_neural_output_average_batched_256_cpu,0,neural_policy,output_average,writer_setup,0.0008559130365028977
toy4,neural_output_average,batched,cpu,256,3,4,toy4_gpu_core_neural_output_average_batched_256_cpu,0,neural_policy,output_average,initial_step_result,0.013148976024240255
toy4,neural_output_average,batched,cpu,256,3,4,toy4_gpu_core_neural_output_average_batched_256_cpu,0,neural_policy,output_average,initial_aggregate_row,0.007183913956396282
toy4,neural_output_average,batched,cpu,256,3,4,toy4_gpu_core_neural_output_average_batched_256_cpu,0,neural_policy,output_average,write_initial_aggregate,8.191494271159172e-05
toy4,neural_output_average,batched,cpu,256,3,4,toy4_gpu_core_neural_output_average_batched_256_cpu,1,neural_policy,output_average,sample_revision_mask,6.150605622678995e-05
toy4,neural_output_average,batched,cpu,256,3,4,toy4_gpu_core_neural_output_average_batched_256_cpu,1,neural_policy,output_average,build_step_context,1.0369927622377872e-05
toy4,neural_output_average,batched,cpu,256,3,4,toy4_gpu_core_neural_output_average_batched_256_cpu,1,neural_policy,output_average,build_observations,0.0021606769878417253
toy4,neural_output_average,batched,cpu,256,3,4,toy4_gpu_core_neural_output_average_batched_256_cpu,1,neural_policy,output_average,policy_readout,0.0010566840646788478
toy4,neural_output_average,batched,cpu,256,3,4,toy4_gpu_core_neural_output_average_batched_256_cpu,1,neural_policy,output_average,decision_selection,0.001964526018127799
toy4,neural_output_average,batched,cpu,256,3,4,toy4_gpu_core_neural_output_average_batched_256_cpu,1,neural_policy,output_average,local_training,0.474349377094768
toy4,neural_output_average,batched,cpu,256,3,4,toy4_gpu_core_neural_output_average_batched_256_cpu,1,neural_policy,output_average,cache_refresh,0.007282039034180343
toy4,neural_output_average,batched,cpu,256,3,4,toy4_gpu_core_neural_output_average_batched_256_cpu,1,neural_policy,output_average,post_local_readout,0.00288472103420645
toy4,neural_output_average,batched,cpu,256,3,4,toy4_gpu_core_neural_output_average_batched_256_cpu,1,neural_policy,output_average,local_step,0.4910285669611767
toy4,neural_output_average,batched,cpu,256,3,4,toy4_gpu_core_neural_output_average_batched_256_cpu,1,neural_policy,output_average,select_peers,0.0009450720390304923
toy4,neural_output_average,batched,cpu,256,3,4,toy4_gpu_core_neural_output_average_batched_256_cpu,1,neural_policy,output_average,social_distillation,0.11686796799767762
toy4,neural_output_average,batched,cpu,256,3,4,toy4_gpu_core_neural_output_average_batched_256_cpu,1,neural_policy,output_average,social_step,0.11695957195479423
toy4,neural_output_average,batched,cpu,256,3,4,toy4_gpu_core_neural_output_average_batched_256_cpu,1,neural_policy,output_average,sample_actions,2.9460061341524124e-06
toy4,neural_output_average,batched,cpu,256,3,4,toy4_gpu_core_neural_output_average_batched_256_cpu,1,neural_policy,output_average,commit_actions,1.2172968126833439e-05
toy4,neural_output_average,batched,cpu,256,3,4,toy4_gpu_core_neural_output_average_batched_256_cpu,1,neural_policy,output_average,post_step_state_policy,5.6797987781465054e-05
toy4,neural_output_average,batched,cpu,256,3,4,toy4_gpu_core_neural_output_average_batched_256_cpu,1,neural_policy,output_average,update_payoff_ema,4.112801980227232e-05
toy4,neural_output_average,batched,cpu,256,3,4,toy4_gpu_core_neural_output_average_batched_256_cpu,1,neural_policy,output_average,update_reputation_ema,2.1400046534836292e-05
toy4,neural_output_average,batched,cpu,256,3,4,toy4_gpu_core_neural_output_average_batched_256_cpu,1,neural_policy,output_average,mobility_swaps,4.39230352640152e-05
toy4,neural_output_average,batched,cpu,256,3,4,toy4_gpu_core_neural_output_average_batched_256_cpu,1,neural_policy,output_average,finalize_hook_step,2.198200672864914e-05
toy4,neural_output_average,batched,cpu,256,3,4,toy4_gpu_core_neural_output_average_batched_256_cpu,1,neural_policy,output_average,hooked_step_total,0.6121564829954877
toy4,neural_output_average,batched,cpu,256,3,4,toy4_gpu_core_neural_output_average_batched_256_cpu,1,neural_policy,output_average,aggregate_row,0.003936735913157463
toy4,neural_output_average,batched,cpu,256,3,4,toy4_gpu_core_neural_output_average_batched_256_cpu,1,neural_policy,output_average,write_aggregate,8.983991574496031e-05
toy4,neural_output_average,batched,cpu,256,3,4,toy4_gpu_core_neural_output_average_batched_256_cpu,2,neural_policy,output_average,sample_revision_mask,2.483697608113289e-05
toy4,neural_output_average,batched,cpu,256,3,4,toy4_gpu_core_neural_output_average_batched_256_cpu,2,neural_policy,output_average,build_step_context,6.813090294599533e-06
toy4,neural_output_average,batched,cpu,256,3,4,toy4_gpu_core_neural_output_average_batched_256_cpu,2,neural_policy,output_average,build_observations,0.002418766962364316
toy4,neural_output_average,batched,cpu,256,3,4,toy4_gpu_core_neural_output_average_batched_256_cpu,2,neural_policy,output_average,policy_readout,0.0012742569670081139
toy4,neural_output_average,batched,cpu,256,3,4,toy4_gpu_core_neural_output_average_batched_256_cpu,2,neural_policy,output_average,decision_selection,0.0020567410392686725
toy4,neural_output_average,batched,cpu,256,3,4,toy4_gpu_core_neural_output_average_batched_256_cpu,2,neural_policy,output_average,local_training,0.10110347194131464
toy4,neural_output_average,batched,cpu,256,3,4,toy4_gpu_core_neural_output_average_batched_256_cpu,2,neural_policy,output_average,cache_refresh,0.01074086909648031
toy4,neural_output_average,batched,cpu,256,3,4,toy4_gpu_core_neural_output_average_batched_256_cpu,2,neural_policy,output_average,post_local_readout,0.0017428860301151872
toy4,neural_output_average,batched,cpu,256,3,4,toy4_gpu_core_neural_output_average_batched_256_cpu,2,neural_policy,output_average,local_step,0.12023815896827728
toy4,neural_output_average,batched,cpu,256,3,4,toy4_gpu_core_neural_output_average_batched_256_cpu,2,neural_policy,output_average,select_peers,0.0005303160287439823
toy4,neural_output_average,batched,cpu,256,3,4,toy4_gpu_core_neural_output_average_batched_256_cpu,2,neural_policy,output_average,social_distillation,0.13886091602034867
toy4,neural_output_average,batched,cpu,256,3,4,toy4_gpu_core_neural_output_average_batched_256_cpu,2,neural_policy,output_average,social_step,0.13894362305290997
toy4,neural_output_average,batched,cpu,256,3,4,toy4_gpu_core_neural_output_average_batched_256_cpu,2,neural_policy,output_average,sample_actions,2.553919330239296e-06
toy4,neural_output_average,batched,cpu,256,3,4,toy4_gpu_core_neural_output_average_batched_256_cpu,2,neural_policy,output_average,commit_actions,1.868500839918852e-05
toy4,neural_output_average,batched,cpu,256,3,4,toy4_gpu_core_neural_output_average_batched_256_cpu,2,neural_policy,output_average,post_step_state_policy,0.00013413396663963795
toy4,neural_output_average,batched,cpu,256,3,4,toy4_gpu_core_neural_output_average_batched_256_cpu,2,neural_policy,output_average,update_payoff_ema,9.91990091279149e-05
toy4,neural_output_average,batched,cpu,256,3,4,toy4_gpu_core_neural_output_average_batched_256_cpu,2,neural_policy,output_average,update_reputation_ema,3.2551935873925686e-05
toy4,neural_output_average,batched,cpu,256,3,4,toy4_gpu_core_neural_output_average_batched_256_cpu,2,neural_policy,output_average,mobility_swaps,7.549300789833069e-05
toy4,neural_output_average,batched,cpu,256,3,4,toy4_gpu_core_neural_output_average_batched_256_cpu,2,neural_policy,output_average,finalize_hook_step,4.265096504241228e-05
toy4,neural_output_average,batched,cpu,256,3,4,toy4_gpu_core_neural_output_average_batched_256_cpu,2,neural_policy,output_average,hooked_step_total,0.2628641159972176
toy4,neural_output_average,batched,cpu,256,3,4,toy4_gpu_core_neural_output_average_batched_256_cpu,2,neural_policy,output_average,aggregate_row,0.005691232974641025
toy4,neural_output_average,batched,cpu,256,3,4,toy4_gpu_core_neural_output_average_batched_256_cpu,2,neural_policy,output_average,write_aggregate,0.00010442803613841534
toy4,neural_output_average,batched,cpu,256,3,4,toy4_gpu_core_neural_output_average_batched_256_cpu,3,neural_policy,output_average,sample_revision_mask,4.2881001718342304e-05
toy4,neural_output_average,batched,cpu,256,3,4,toy4_gpu_core_neural_output_average_batched_256_cpu,3,neural_policy,output_average,build_step_context,1.2593925930559635e-05
toy4,neural_output_average,batched,cpu,256,3,4,toy4_gpu_core_neural_output_average_batched_256_cpu,3,neural_policy,output_average,build_observations,0.0023946909932419658
toy4,neural_output_average,batched,cpu,256,3,4,toy4_gpu_core_neural_output_average_batched_256_cpu,3,neural_policy,output_average,policy_readout,0.0010816220892593265
toy4,neural_output_average,batched,cpu,256,3,4,toy4_gpu_core_neural_output_average_batched_256_cpu,3,neural_policy,output_average,decision_selection,0.0020257110008969903
toy4,neural_output_average,batched,cpu,256,3,4,toy4_gpu_core_neural_output_average_batched_256_cpu,3,neural_policy,output_average,local_training,0.11927828995976597
toy4,neural_output_average,batched,cpu,256,3,4,toy4_gpu_core_neural_output_average_batched_256_cpu,3,neural_policy,output_average,cache_refresh,0.005967917037196457
toy4,neural_output_average,batched,cpu,256,3,4,toy4_gpu_core_neural_output_average_batched_256_cpu,3,neural_policy,output_average,post_local_readout,0.0013020089827477932
toy4,neural_output_average,batched,cpu,256,3,4,toy4_gpu_core_neural_output_average_batched_256_cpu,3,neural_policy,output_average,local_step,0.13258702890016139
toy4,neural_output_average,batched,cpu,256,3,4,toy4_gpu_core_neural_output_average_batched_256_cpu,3,neural_policy,output_average,select_peers,0.0005760430358350277
toy4,neural_output_average,batched,cpu,256,3,4,toy4_gpu_core_neural_output_average_batched_256_cpu,3,neural_policy,output_average,social_distillation,0.13389433803968132
toy4,neural_output_average,batched,cpu,256,3,4,toy4_gpu_core_neural_output_average_batched_256_cpu,3,neural_policy,output_average,social_step,0.13399218302220106
toy4,neural_output_average,batched,cpu,256,3,4,toy4_gpu_core_neural_output_average_batched_256_cpu,3,neural_policy,output_average,sample_actions,3.6369310691952705e-06
toy4,neural_output_average,batched,cpu,256,3,4,toy4_gpu_core_neural_output_average_batched_256_cpu,3,neural_policy,output_average,commit_actions,3.2230978831648827e-05
toy4,neural_output_average,batched,cpu,256,3,4,toy4_gpu_core_neural_output_average_batched_256_cpu,3,neural_policy,output_average,post_step_state_policy,0.00021290406584739685
toy4,neural_output_average,batched,cpu,256,3,4,toy4_gpu_core_neural_output_average_batched_256_cpu,3,neural_policy,output_average,update_payoff_ema,7.491209544241428e-05
toy4,neural_output_average,batched,cpu,256,3,4,toy4_gpu_core_neural_output_average_batched_256_cpu,3,neural_policy,output_average,update_reputation_ema,0.00012000696733593941
toy4,neural_output_average,batched,cpu,256,3,4,toy4_gpu_core_neural_output_average_batched_256_cpu,3,neural_policy,output_average,mobility_swaps,0.00014212995301932096
toy4,neural_output_average,batched,cpu,256,3,4,toy4_gpu_core_neural_output_average_batched_256_cpu,3,neural_policy,output_average,finalize_hook_step,4.395307041704655e-05
toy4,neural_output_average,batched,cpu,256,3,4,toy4_gpu_core_neural_output_average_batched_256_cpu,3,neural_policy,output_average,hooked_step_total,0.2715494779404253
toy4,neural_output_average,batched,cpu,256,3,4,toy4_gpu_core_neural_output_average_batched_256_cpu,3,neural_policy,output_average,aggregate_row,0.00660689000505954
toy4,neural_output_average,batched,cpu,256,3,4,toy4_gpu_core_neural_output_average_batched_256_cpu,3,neural_policy,output_average,write_aggregate,0.00013615796342492104
toy4,neural_output_average,batched,cuda,256,3,4,toy4_gpu_core_neural_output_average_batched_256_cuda,0,neural_policy,output_average,make_run_dir,0.0006149259861558676
toy4,neural_output_average,batched,cuda,256,3,4,toy4_gpu_core_neural_output_average_batched_256_cuda,0,neural_policy,output_average,write_metadata,0.0028753019869327545
toy4,neural_output_average,batched,cuda,256,3,4,toy4_gpu_core_neural_output_average_batched_256_cuda,0,neural_policy,output_average,initial_state,0.20189547492191195
toy4,neural_output_average,batched,cuda,256,3,4,toy4_gpu_core_neural_output_average_batched_256_cuda,0,neural_policy,output_average,writer_setup,0.0010495400056242943
toy4,neural_output_average,batched,cuda,256,3,4,toy4_gpu_core_neural_output_average_batched_256_cuda,0,neural_policy,output_average,initial_step_result,0.00527806906029582
toy4,neural_output_average,batched,cuda,256,3,4,toy4_gpu_core_neural_output_average_batched_256_cuda,0,neural_policy,output_average,initial_aggregate_row,0.005420670029707253
toy4,neural_output_average,batched,cuda,256,3,4,toy4_gpu_core_neural_output_average_batched_256_cuda,0,neural_policy,output_average,write_initial_aggregate,9.877700358629227e-05
toy4,neural_output_average,batched,cuda,256,3,4,toy4_gpu_core_neural_output_average_batched_256_cuda,1,neural_policy,output_average,sample_revision_mask,3.7510995753109455e-05
toy4,neural_output_average,batched,cuda,256,3,4,toy4_gpu_core_neural_output_average_batched_256_cuda,1,neural_policy,output_average,build_step_context,1.452805008739233e-05
toy4,neural_output_average,batched,cuda,256,3,4,toy4_gpu_core_neural_output_average_batched_256_cuda,1,neural_policy,output_average,build_observations,0.0024632919812574983
toy4,neural_output_average,batched,cuda,256,3,4,toy4_gpu_core_neural_output_average_batched_256_cuda,1,neural_policy,output_average,policy_readout,0.0006378600373864174
toy4,neural_output_average,batched,cuda,256,3,4,toy4_gpu_core_neural_output_average_batched_256_cuda,1,neural_policy,output_average,decision_selection,0.001862222095951438
toy4,neural_output_average,batched,cuda,256,3,4,toy4_gpu_core_neural_output_average_batched_256_cuda,1,neural_policy,output_average,local_training,0.17408194893505424
toy4,neural_output_average,batched,cuda,256,3,4,toy4_gpu_core_neural_output_average_batched_256_cuda,1,neural_policy,output_average,cache_refresh,0.005466377013362944
toy4,neural_output_average,batched,cuda,256,3,4,toy4_gpu_core_neural_output_average_batched_256_cuda,1,neural_policy,output_average,post_local_readout,0.0014673019759356976
toy4,neural_output_average,batched,cuda,256,3,4,toy4_gpu_core_neural_output_average_batched_256_cuda,1,neural_policy,output_average,local_step,0.18698070000391454
toy4,neural_output_average,batched,cuda,256,3,4,toy4_gpu_core_neural_output_average_batched_256_cuda,1,neural_policy,output_average,select_peers,0.0007555319461971521
toy4,neural_output_average,batched,cuda,256,3,4,toy4_gpu_core_neural_output_average_batched_256_cuda,1,neural_policy,output_average,social_distillation,0.19882723700720817
toy4,neural_output_average,batched,cuda,256,3,4,toy4_gpu_core_neural_output_average_batched_256_cuda,1,neural_policy,output_average,social_step,0.1989056559978053
toy4,neural_output_average,batched,cuda,256,3,4,toy4_gpu_core_neural_output_average_batched_256_cuda,1,neural_policy,output_average,sample_actions,7.524038664996624e-06
toy4,neural_output_average,batched,cuda,256,3,4,toy4_gpu_core_neural_output_average_batched_256_cuda,1,neural_policy,output_average,commit_actions,1.6491045244038105e-05
toy4,neural_output_average,batched,cuda,256,3,4,toy4_gpu_core_neural_output_average_batched_256_cuda,1,neural_policy,output_average,post_step_state_policy,5.609600339084864e-05
toy4,neural_output_average,batched,cuda,256,3,4,toy4_gpu_core_neural_output_average_batched_256_cuda,1,neural_policy,output_average,update_payoff_ema,6.471306551247835e-05
toy4,neural_output_average,batched,cuda,256,3,4,toy4_gpu_core_neural_output_average_batched_256_cuda,1,neural_policy,output_average,update_reputation_ema,0.00012835406232625246
toy4,neural_output_average,batched,cuda,256,3,4,toy4_gpu_core_neural_output_average_batched_256_cuda,1,neural_policy,output_average,mobility_swaps,0.00028887705411762
toy4,neural_output_average,batched,cuda,256,3,4,toy4_gpu_core_neural_output_average_batched_256_cuda,1,neural_policy,output_average,finalize_hook_step,4.578696098178625e-05
toy4,neural_output_average,batched,cuda,256,3,4,toy4_gpu_core_neural_output_average_batched_256_cuda,1,neural_policy,output_average,hooked_step_total,0.3900316070066765
toy4,neural_output_average,batched,cuda,256,3,4,toy4_gpu_core_neural_output_average_batched_256_cuda,1,neural_policy,output_average,aggregate_row,0.003816167009063065
toy4,neural_output_average,batched,cuda,256,3,4,toy4_gpu_core_neural_output_average_batched_256_cuda,1,neural_policy,output_average,write_aggregate,0.00010218401439487934
toy4,neural_output_average,batched,cuda,256,3,4,toy4_gpu_core_neural_output_average_batched_256_cuda,2,neural_policy,output_average,sample_revision_mask,2.8564012609422207e-05
toy4,neural_output_average,batched,cuda,256,3,4,toy4_gpu_core_neural_output_average_batched_256_cuda,2,neural_policy,output_average,build_step_context,1.1121970601379871e-05
toy4,neural_output_average,batched,cuda,256,3,4,toy4_gpu_core_neural_output_average_batched_256_cuda,2,neural_policy,output_average,build_observations,0.0026077560614794493
toy4,neural_output_average,batched,cuda,256,3,4,toy4_gpu_core_neural_output_average_batched_256_cuda,2,neural_policy,output_average,policy_readout,0.0003118619788438082
toy4,neural_output_average,batched,cuda,256,3,4,toy4_gpu_core_neural_output_average_batched_256_cuda,2,neural_policy,output_average,decision_selection,0.0016477949684485793
toy4,neural_output_average,batched,cuda,256,3,4,toy4_gpu_core_neural_output_average_batched_256_cuda,2,neural_policy,output_average,local_training,0.13270462199579924
toy4,neural_output_average,batched,cuda,256,3,4,toy4_gpu_core_neural_output_average_batched_256_cuda,2,neural_policy,output_average,cache_refresh,0.006175181013531983
toy4,neural_output_average,batched,cuda,256,3,4,toy4_gpu_core_neural_output_average_batched_256_cuda,2,neural_policy,output_average,post_local_readout,0.0017987709725275636
toy4,neural_output_average,batched,cuda,256,3,4,toy4_gpu_core_neural_output_average_batched_256_cuda,2,neural_policy,output_average,local_step,0.1464240199420601
toy4,neural_output_average,batched,cuda,256,3,4,toy4_gpu_core_neural_output_average_batched_256_cuda,2,neural_policy,output_average,select_peers,0.0016248909523710608
toy4,neural_output_average,batched,cuda,256,3,4,toy4_gpu_core_neural_output_average_batched_256_cuda,2,neural_policy,output_average,social_distillation,0.17308153305202723
toy4,neural_output_average,batched,cuda,256,3,4,toy4_gpu_core_neural_output_average_batched_256_cuda,2,neural_policy,output_average,social_step,0.1731456050183624
toy4,neural_output_average,batched,cuda,256,3,4,toy4_gpu_core_neural_output_average_batched_256_cuda,2,neural_policy,output_average,sample_actions,1.0611023753881454e-05
toy4,neural_output_average,batched,cuda,256,3,4,toy4_gpu_core_neural_output_average_batched_256_cuda,2,neural_policy,output_average,commit_actions,1.4527933672070503e-05
toy4,neural_output_average,batched,cuda,256,3,4,toy4_gpu_core_neural_output_average_batched_256_cuda,2,neural_policy,output_average,post_step_state_policy,9.758502710610628e-05
toy4,neural_output_average,batched,cuda,256,3,4,toy4_gpu_core_neural_output_average_batched_256_cuda,2,neural_policy,output_average,update_payoff_ema,3.9204955101013184e-05
toy4,neural_output_average,batched,cuda,256,3,4,toy4_gpu_core_neural_output_average_batched_256_cuda,2,neural_policy,output_average,update_reputation_ema,2.4066073819994926e-05
toy4,neural_output_average,batched,cuda,256,3,4,toy4_gpu_core_neural_output_average_batched_256_cuda,2,neural_policy,output_average,mobility_swaps,4.030601121485233e-05
toy4,neural_output_average,batched,cuda,256,3,4,toy4_gpu_core_neural_output_average_batched_256_cuda,2,neural_policy,output_average,finalize_hook_step,2.7562957257032394e-05
toy4,neural_output_average,batched,cuda,256,3,4,toy4_gpu_core_neural_output_average_batched_256_cuda,2,neural_policy,output_average,hooked_step_total,0.3236246129963547
toy4,neural_output_average,batched,cuda,256,3,4,toy4_gpu_core_neural_output_average_batched_256_cuda,2,neural_policy,output_average,aggregate_row,0.002893947996199131
toy4,neural_output_average,batched,cuda,256,3,4,toy4_gpu_core_neural_output_average_batched_256_cuda,2,neural_policy,output_average,write_aggregate,6.805895827710629e-05
toy4,neural_output_average,batched,cuda,256,3,4,toy4_gpu_core_neural_output_average_batched_256_cuda,3,neural_policy,output_average,sample_revision_mask,1.9015977159142494e-05
toy4,neural_output_average,batched,cuda,256,3,4,toy4_gpu_core_neural_output_average_batched_256_cuda,3,neural_policy,output_average,build_step_context,9.838957339525223e-06
toy4,neural_output_average,batched,cuda,256,3,4,toy4_gpu_core_neural_output_average_batched_256_cuda,3,neural_policy,output_average,build_observations,0.0021569610107690096
toy4,neural_output_average,batched,cuda,256,3,4,toy4_gpu_core_neural_output_average_batched_256_cuda,3,neural_policy,output_average,policy_readout,0.00030562991742044687
toy4,neural_output_average,batched,cuda,256,3,4,toy4_gpu_core_neural_output_average_batched_256_cuda,3,neural_policy,output_average,decision_selection,0.0014831320149824023
toy4,neural_output_average,batched,cuda,256,3,4,toy4_gpu_core_neural_output_average_batched_256_cuda,3,neural_policy,output_average,local_training,0.1194137770216912
toy4,neural_output_average,batched,cuda,256,3,4,toy4_gpu_core_neural_output_average_batched_256_cuda,3,neural_policy,output_average,cache_refresh,0.005401212954893708
toy4,neural_output_average,batched,cuda,256,3,4,toy4_gpu_core_neural_output_average_batched_256_cuda,3,neural_policy,output_average,post_local_readout,0.0012557420413941145
toy4,neural_output_average,batched,cuda,256,3,4,toy4_gpu_core_neural_output_average_batched_256_cuda,3,neural_policy,output_average,local_step,0.13075426302384585
toy4,neural_output_average,batched,cuda,256,3,4,toy4_gpu_core_neural_output_average_batched_256_cuda,3,neural_policy,output_average,select_peers,0.0006223799427971244
toy4,neural_output_average,batched,cuda,256,3,4,toy4_gpu_core_neural_output_average_batched_256_cuda,3,neural_policy,output_average,social_distillation,0.18118433898780495
toy4,neural_output_average,batched,cuda,256,3,4,toy4_gpu_core_neural_output_average_batched_256_cuda,3,neural_policy,output_average,social_step,0.18134299002122134
toy4,neural_output_average,batched,cuda,256,3,4,toy4_gpu_core_neural_output_average_batched_256_cuda,3,neural_policy,output_average,sample_actions,1.824402716010809e-05
toy4,neural_output_average,batched,cuda,256,3,4,toy4_gpu_core_neural_output_average_batched_256_cuda,3,neural_policy,output_average,commit_actions,3.928493242710829e-05
toy4,neural_output_average,batched,cuda,256,3,4,toy4_gpu_core_neural_output_average_batched_256_cuda,3,neural_policy,output_average,post_step_state_policy,0.00011804397217929363
toy4,neural_output_average,batched,cuda,256,3,4,toy4_gpu_core_neural_output_average_batched_256_cuda,3,neural_policy,output_average,update_payoff_ema,8.511100895702839e-05
toy4,neural_output_average,batched,cuda,256,3,4,toy4_gpu_core_neural_output_average_batched_256_cuda,3,neural_policy,output_average,update_reputation_ema,3.636907786130905e-05
toy4,neural_output_average,batched,cuda,256,3,4,toy4_gpu_core_neural_output_average_batched_256_cuda,3,neural_policy,output_average,mobility_swaps,7.034291047602892e-05
toy4,neural_output_average,batched,cuda,256,3,4,toy4_gpu_core_neural_output_average_batched_256_cuda,3,neural_policy,output_average,finalize_hook_step,3.0306982807815075e-05
toy4,neural_output_average,batched,cuda,256,3,4,toy4_gpu_core_neural_output_average_batched_256_cuda,3,neural_policy,output_average,hooked_step_total,0.3170477409148589
toy4,neural_output_average,batched,cuda,256,3,4,toy4_gpu_core_neural_output_average_batched_256_cuda,3,neural_policy,output_average,aggregate_row,0.005778258084319532
toy4,neural_output_average,batched,cuda,256,3,4,toy4_gpu_core_neural_output_average_batched_256_cuda,3,neural_policy,output_average,write_aggregate,0.00011198199354112148
toy4,neural_none,loop,cpu,1024,3,4,toy4_gpu_core_neural_none_loop_1024_cpu,0,neural_policy,none,make_run_dir,0.00041336403228342533
toy4,neural_none,loop,cpu,1024,3,4,toy4_gpu_core_neural_none_loop_1024_cpu,0,neural_policy,none,write_metadata,0.002543693990446627
toy4,neural_none,loop,cpu,1024,3,4,toy4_gpu_core_neural_none_loop_1024_cpu,0,neural_policy,none,initial_state,0.47110555693507195
toy4,neural_none,loop,cpu,1024,3,4,toy4_gpu_core_neural_none_loop_1024_cpu,0,neural_policy,none,writer_setup,0.000490149948745966
toy4,neural_none,loop,cpu,1024,3,4,toy4_gpu_core_neural_none_loop_1024_cpu,0,neural_policy,none,initial_step_result,0.013212256017141044
toy4,neural_none,loop,cpu,1024,3,4,toy4_gpu_core_neural_none_loop_1024_cpu,0,neural_policy,none,initial_aggregate_row,0.05220711592119187
toy4,neural_none,loop,cpu,1024,3,4,toy4_gpu_core_neural_none_loop_1024_cpu,0,neural_policy,none,write_initial_aggregate,0.0001465779496356845
toy4,neural_none,loop,cpu,1024,3,4,toy4_gpu_core_neural_none_loop_1024_cpu,1,neural_policy,none,sample_revision_mask,6.092607509344816e-05
toy4,neural_none,loop,cpu,1024,3,4,toy4_gpu_core_neural_none_loop_1024_cpu,1,neural_policy,none,build_step_context,5.708797834813595e-05
toy4,neural_none,loop,cpu,1024,3,4,toy4_gpu_core_neural_none_loop_1024_cpu,1,neural_policy,none,build_observations,0.01248290203511715
toy4,neural_none,loop,cpu,1024,3,4,toy4_gpu_core_neural_none_loop_1024_cpu,1,neural_policy,none,policy_readout,0.0022053519496694207
toy4,neural_none,loop,cpu,1024,3,4,toy4_gpu_core_neural_none_loop_1024_cpu,1,neural_policy,none,decision_selection,0.00556852004956454
toy4,neural_none,loop,cpu,1024,3,4,toy4_gpu_core_neural_none_loop_1024_cpu,1,neural_policy,none,local_training,1.2444567179773003
toy4,neural_none,loop,cpu,1024,3,4,toy4_gpu_core_neural_none_loop_1024_cpu,1,neural_policy,none,cache_refresh,0.02961339906323701
toy4,neural_none,loop,cpu,1024,3,4,toy4_gpu_core_neural_none_loop_1024_cpu,1,neural_policy,none,post_local_readout,0.0015000049024820328
toy4,neural_none,loop,cpu,1024,3,4,toy4_gpu_core_neural_none_loop_1024_cpu,1,neural_policy,none,local_step,1.2965178170707077
toy4,neural_none,loop,cpu,1024,3,4,toy4_gpu_core_neural_none_loop_1024_cpu,1,neural_policy,none,select_peers,0.0017390380380675197
toy4,neural_none,loop,cpu,1024,3,4,toy4_gpu_core_neural_none_loop_1024_cpu,1,neural_policy,none,social_step,8.546304889023304e-05
toy4,neural_none,loop,cpu,1024,3,4,toy4_gpu_core_neural_none_loop_1024_cpu,1,neural_policy,none,sample_actions,7.110647857189178e-07
toy4,neural_none,loop,cpu,1024,3,4,toy4_gpu_core_neural_none_loop_1024_cpu,1,neural_policy,none,commit_actions,7.5750285759568214e-06
toy4,neural_none,loop,cpu,1024,3,4,toy4_gpu_core_neural_none_loop_1024_cpu,1,neural_policy,none,post_step_state_policy,0.00010999804362654686
toy4,neural_none,loop,cpu,1024,3,4,toy4_gpu_core_neural_none_loop_1024_cpu,1,neural_policy,none,update_payoff_ema,8.807703852653503e-05
toy4,neural_none,loop,cpu,1024,3,4,toy4_gpu_core_neural_none_loop_1024_cpu,1,neural_policy,none,update_reputation_ema,4.6487897634506226e-05
toy4,neural_none,loop,cpu,1024,3,4,toy4_gpu_core_neural_none_loop_1024_cpu,1,neural_policy,none,mobility_swaps,5.077593959867954e-05
toy4,neural_none,loop,cpu,1024,3,4,toy4_gpu_core_neural_none_loop_1024_cpu,1,neural_policy,none,finalize_hook_step,1.005898229777813e-05
toy4,neural_none,loop,cpu,1024,3,4,toy4_gpu_core_neural_none_loop_1024_cpu,1,neural_policy,none,hooked_step_total,1.300213876995258
toy4,neural_none,loop,cpu,1024,3,4,toy4_gpu_core_neural_none_loop_1024_cpu,1,neural_policy,none,aggregate_row,0.06313802499789745
toy4,neural_none,loop,cpu,1024,3,4,toy4_gpu_core_neural_none_loop_1024_cpu,1,neural_policy,none,write_aggregate,0.00029655301477760077
toy4,neural_none,loop,cpu,1024,3,4,toy4_gpu_core_neural_none_loop_1024_cpu,2,neural_policy,none,sample_revision_mask,0.0001951809972524643
toy4,neural_none,loop,cpu,1024,3,4,toy4_gpu_core_neural_none_loop_1024_cpu,2,neural_policy,none,build_step_context,3.036798443645239e-05
toy4,neural_none,loop,cpu,1024,3,4,toy4_gpu_core_neural_none_loop_1024_cpu,2,neural_policy,none,build_observations,0.01144384196959436
toy4,neural_none,loop,cpu,1024,3,4,toy4_gpu_core_neural_none_loop_1024_cpu,2,neural_policy,none,policy_readout,0.003841495024971664
toy4,neural_none,loop,cpu,1024,3,4,toy4_gpu_core_neural_none_loop_1024_cpu,2,neural_policy,none,decision_selection,0.007356590940617025
toy4,neural_none,loop,cpu,1024,3,4,toy4_gpu_core_neural_none_loop_1024_cpu,2,neural_policy,none,local_training,0.6791245789499953
toy4,neural_none,loop,cpu,1024,3,4,toy4_gpu_core_neural_none_loop_1024_cpu,2,neural_policy,none,cache_refresh,0.03418470802716911
toy4,neural_none,loop,cpu,1024,3,4,toy4_gpu_core_neural_none_loop_1024_cpu,2,neural_policy,none,post_local_readout,0.005327962921001017
toy4,neural_none,loop,cpu,1024,3,4,toy4_gpu_core_neural_none_loop_1024_cpu,2,neural_policy,none,local_step,0.7423023099545389
toy4,neural_none,loop,cpu,1024,3,4,toy4_gpu_core_neural_none_loop_1024_cpu,2,neural_policy,none,select_peers,0.0020715089049190283
toy4,neural_none,loop,cpu,1024,3,4,toy4_gpu_core_neural_none_loop_1024_cpu,2,neural_policy,none,social_step,6.82090176269412e-05
toy4,neural_none,loop,cpu,1024,3,4,toy4_gpu_core_neural_none_loop_1024_cpu,2,neural_policy,none,sample_actions,8.910428732633591e-07
toy4,neural_none,loop,cpu,1024,3,4,toy4_gpu_core_neural_none_loop_1024_cpu,2,neural_policy,none,commit_actions,2.263300120830536e-05
toy4,neural_none,loop,cpu,1024,3,4,toy4_gpu_core_neural_none_loop_1024_cpu,2,neural_policy,none,post_step_state_policy,0.0001890190178528428
toy4,neural_none,loop,cpu,1024,3,4,toy4_gpu_core_neural_none_loop_1024_cpu,2,neural_policy,none,update_payoff_ema,0.0001931469887495041
toy4,neural_none,loop,cpu,1024,3,4,toy4_gpu_core_neural_none_loop_1024_cpu,2,neural_policy,none,update_reputation_ema,5.0825998187065125e-05
toy4,neural_none,loop,cpu,1024,3,4,toy4_gpu_core_neural_none_loop_1024_cpu,2,neural_policy,none,mobility_swaps,0.0001974640181288123
toy4,neural_none,loop,cpu,1024,3,4,toy4_gpu_core_neural_none_loop_1024_cpu,2,neural_policy,none,finalize_hook_step,8.503091521561146e-05
toy4,neural_none,loop,cpu,1024,3,4,toy4_gpu_core_neural_none_loop_1024_cpu,2,neural_policy,none,hooked_step_total,0.748570007039234
toy4,neural_none,loop,cpu,1024,3,4,toy4_gpu_core_neural_none_loop_1024_cpu,2,neural_policy,none,aggregate_row,0.1022310919361189
toy4,neural_none,loop,cpu,1024,3,4,toy4_gpu_core_neural_none_loop_1024_cpu,2,neural_policy,none,write_aggregate,0.00021320499945431948
toy4,neural_none,loop,cpu,1024,3,4,toy4_gpu_core_neural_none_loop_1024_cpu,3,neural_policy,none,sample_revision_mask,7.71769555285573e-05
toy4,neural_none,loop,cpu,1024,3,4,toy4_gpu_core_neural_none_loop_1024_cpu,3,neural_policy,none,build_step_context,1.5078927390277386e-05
toy4,neural_none,loop,cpu,1024,3,4,toy4_gpu_core_neural_none_loop_1024_cpu,3,neural_policy,none,build_observations,0.009674516972154379
toy4,neural_none,loop,cpu,1024,3,4,toy4_gpu_core_neural_none_loop_1024_cpu,3,neural_policy,none,policy_readout,0.002977004973217845
toy4,neural_none,loop,cpu,1024,3,4,toy4_gpu_core_neural_none_loop_1024_cpu,3,neural_policy,none,decision_selection,0.006680138991214335
toy4,neural_none,loop,cpu,1024,3,4,toy4_gpu_core_neural_none_loop_1024_cpu,3,neural_policy,none,local_training,0.6258786139078438
toy4,neural_none,loop,cpu,1024,3,4,toy4_gpu_core_neural_none_loop_1024_cpu,3,neural_policy,none,cache_refresh,0.029098402941599488
toy4,neural_none,loop,cpu,1024,3,4,toy4_gpu_core_neural_none_loop_1024_cpu,3,neural_policy,none,post_local_readout,0.003717149025760591
toy4,neural_none,loop,cpu,1024,3,4,toy4_gpu_core_neural_none_loop_1024_cpu,3,neural_policy,none,local_step,0.6788843449903652
toy4,neural_none,loop,cpu,1024,3,4,toy4_gpu_core_neural_none_loop_1024_cpu,3,neural_policy,none,select_peers,0.0017085500294342637
toy4,neural_none,loop,cpu,1024,3,4,toy4_gpu_core_neural_none_loop_1024_cpu,3,neural_policy,none,social_step,0.00010256399400532246
toy4,neural_none,loop,cpu,1024,3,4,toy4_gpu_core_neural_none_loop_1024_cpu,3,neural_policy,none,sample_actions,3.5569537431001663e-06
toy4,neural_none,loop,cpu,1024,3,4,toy4_gpu_core_neural_none_loop_1024_cpu,3,neural_policy,none,commit_actions,6.571994163095951e-06
toy4,neural_none,loop,cpu,1024,3,4,toy4_gpu_core_neural_none_loop_1024_cpu,3,neural_policy,none,post_step_state_policy,9.22749750316143e-05
toy4,neural_none,loop,cpu,1024,3,4,toy4_gpu_core_neural_none_loop_1024_cpu,3,neural_policy,none,update_payoff_ema,8.544197771698236e-05
toy4,neural_none,loop,cpu,1024,3,4,toy4_gpu_core_neural_none_loop_1024_cpu,3,neural_policy,none,update_reputation_ema,3.3883959986269474e-05
toy4,neural_none,loop,cpu,1024,3,4,toy4_gpu_core_neural_none_loop_1024_cpu,3,neural_policy,none,mobility_swaps,9.162398055195808e-05
toy4,neural_none,loop,cpu,1024,3,4,toy4_gpu_core_neural_none_loop_1024_cpu,3,neural_policy,none,finalize_hook_step,2.656003925949335e-05
toy4,neural_none,loop,cpu,1024,3,4,toy4_gpu_core_neural_none_loop_1024_cpu,3,neural_policy,none,hooked_step_total,0.6847439770353958
toy4,neural_none,loop,cpu,1024,3,4,toy4_gpu_core_neural_none_loop_1024_cpu,3,neural_policy,none,aggregate_row,0.04948943201452494
toy4,neural_none,loop,cpu,1024,3,4,toy4_gpu_core_neural_none_loop_1024_cpu,3,neural_policy,none,write_aggregate,0.00017790799029171467
toy4,neural_none,loop,cuda,1024,3,4,toy4_gpu_core_neural_none_loop_1024_cuda,0,neural_policy,none,make_run_dir,0.00034296989906579256
toy4,neural_none,loop,cuda,1024,3,4,toy4_gpu_core_neural_none_loop_1024_cuda,0,neural_policy,none,write_metadata,0.002924927044659853
toy4,neural_none,loop,cuda,1024,3,4,toy4_gpu_core_neural_none_loop_1024_cuda,0,neural_policy,none,initial_state,0.6249620170565322
toy4,neural_none,loop,cuda,1024,3,4,toy4_gpu_core_neural_none_loop_1024_cuda,0,neural_policy,none,writer_setup,0.0007752899546176195
toy4,neural_none,loop,cuda,1024,3,4,toy4_gpu_core_neural_none_loop_1024_cuda,0,neural_policy,none,initial_step_result,0.013108829967677593
toy4,neural_none,loop,cuda,1024,3,4,toy4_gpu_core_neural_none_loop_1024_cuda,0,neural_policy,none,initial_aggregate_row,0.0626841849880293
toy4,neural_none,loop,cuda,1024,3,4,toy4_gpu_core_neural_none_loop_1024_cuda,0,neural_policy,none,write_initial_aggregate,0.00018577196169644594
toy4,neural_none,loop,cuda,1024,3,4,toy4_gpu_core_neural_none_loop_1024_cuda,1,neural_policy,none,sample_revision_mask,7.07240542396903e-05
toy4,neural_none,loop,cuda,1024,3,4,toy4_gpu_core_neural_none_loop_1024_cuda,1,neural_policy,none,build_step_context,1.8545077182352543e-05
toy4,neural_none,loop,cuda,1024,3,4,toy4_gpu_core_neural_none_loop_1024_cuda,1,neural_policy,none,build_observations,0.010990401962772012
toy4,neural_none,loop,cuda,1024,3,4,toy4_gpu_core_neural_none_loop_1024_cuda,1,neural_policy,none,policy_readout,0.0017130289925262332
toy4,neural_none,loop,cuda,1024,3,4,toy4_gpu_core_neural_none_loop_1024_cuda,1,neural_policy,none,decision_selection,0.00538463203702122
toy4,neural_none,loop,cuda,1024,3,4,toy4_gpu_core_neural_none_loop_1024_cuda,1,neural_policy,none,local_training,1.6043659079587087
toy4,neural_none,loop,cuda,1024,3,4,toy4_gpu_core_neural_none_loop_1024_cuda,1,neural_policy,none,cache_refresh,0.02488115499727428
toy4,neural_none,loop,cuda,1024,3,4,toy4_gpu_core_neural_none_loop_1024_cuda,1,neural_policy,none,post_local_readout,0.0016400701133534312
toy4,neural_none,loop,cuda,1024,3,4,toy4_gpu_core_neural_none_loop_1024_cuda,1,neural_policy,none,local_step,1.6502314889803529
toy4,neural_none,loop,cuda,1024,3,4,toy4_gpu_core_neural_none_loop_1024_cuda,1,neural_policy,none,select_peers,0.0014668620424345136
toy4,neural_none,loop,cuda,1024,3,4,toy4_gpu_core_neural_none_loop_1024_cuda,1,neural_policy,none,social_step,0.00016030401457101107
toy4,neural_none,loop,cuda,1024,3,4,toy4_gpu_core_neural_none_loop_1024_cuda,1,neural_policy,none,sample_actions,1.2494041584432125e-05
toy4,neural_none,loop,cuda,1024,3,4,toy4_gpu_core_neural_none_loop_1024_cuda,1,neural_policy,none,commit_actions,2.40750377997756e-05
toy4,neural_none,loop,cuda,1024,3,4,toy4_gpu_core_neural_none_loop_1024_cuda,1,neural_policy,none,post_step_state_policy,0.00010397704318165779
toy4,neural_none,loop,cuda,1024,3,4,toy4_gpu_core_neural_none_loop_1024_cuda,1,neural_policy,none,update_payoff_ema,7.698603440076113e-05
toy4,neural_none,loop,cuda,1024,3,4,toy4_gpu_core_neural_none_loop_1024_cuda,1,neural_policy,none,update_reputation_ema,3.2522017136216164e-05
toy4,neural_none,loop,cuda,1024,3,4,toy4_gpu_core_neural_none_loop_1024_cuda,1,neural_policy,none,mobility_swaps,4.6519096940755844e-05
toy4,neural_none,loop,cuda,1024,3,4,toy4_gpu_core_neural_none_loop_1024_cuda,1,neural_policy,none,finalize_hook_step,2.1870946511626244e-05
toy4,neural_none,loop,cuda,1024,3,4,toy4_gpu_core_neural_none_loop_1024_cuda,1,neural_policy,none,hooked_step_total,1.6543411819729954
toy4,neural_none,loop,cuda,1024,3,4,toy4_gpu_core_neural_none_loop_1024_cuda,1,neural_policy,none,aggregate_row,0.07310639007482678
toy4,neural_none,loop,cuda,1024,3,4,toy4_gpu_core_neural_none_loop_1024_cuda,1,neural_policy,none,write_aggregate,0.00015999400056898594
toy4,neural_none,loop,cuda,1024,3,4,toy4_gpu_core_neural_none_loop_1024_cuda,2,neural_policy,none,sample_revision_mask,5.2909948863089085e-05
toy4,neural_none,loop,cuda,1024,3,4,toy4_gpu_core_neural_none_loop_1024_cuda,2,neural_policy,none,build_step_context,2.1341023966670036e-05
toy4,neural_none,loop,cuda,1024,3,4,toy4_gpu_core_neural_none_loop_1024_cuda,2,neural_policy,none,build_observations,0.011043301899917424
toy4,neural_none,loop,cuda,1024,3,4,toy4_gpu_core_neural_none_loop_1024_cuda,2,neural_policy,none,policy_readout,0.0018197509925812483
toy4,neural_none,loop,cuda,1024,3,4,toy4_gpu_core_neural_none_loop_1024_cuda,2,neural_policy,none,decision_selection,0.005613956949673593
toy4,neural_none,loop,cuda,1024,3,4,toy4_gpu_core_neural_none_loop_1024_cuda,2,neural_policy,none,local_training,1.4694327639881521
toy4,neural_none,loop,cuda,1024,3,4,toy4_gpu_core_neural_none_loop_1024_cuda,2,neural_policy,none,cache_refresh,0.023372023017145693
toy4,neural_none,loop,cuda,1024,3,4,toy4_gpu_core_neural_none_loop_1024_cuda,2,neural_policy,none,post_local_readout,0.0005951089551672339
toy4,neural_none,loop,cuda,1024,3,4,toy4_gpu_core_neural_none_loop_1024_cuda,2,neural_policy,none,local_step,1.5125443009892479
toy4,neural_none,loop,cuda,1024,3,4,toy4_gpu_core_neural_none_loop_1024_cuda,2,neural_policy,none,select_peers,0.0009051469387486577
toy4,neural_none,loop,cuda,1024,3,4,toy4_gpu_core_neural_none_loop_1024_cuda,2,neural_policy,none,social_step,0.0001209089532494545
toy4,neural_none,loop,cuda,1024,3,4,toy4_gpu_core_neural_none_loop_1024_cuda,2,neural_policy,none,sample_actions,6.08095433562994e-06
toy4,neural_none,loop,cuda,1024,3,4,toy4_gpu_core_neural_none_loop_1024_cuda,2,neural_policy,none,commit_actions,1.4357035979628563e-05
toy4,neural_none,loop,cuda,1024,3,4,toy4_gpu_core_neural_none_loop_1024_cuda,2,neural_policy,none,post_step_state_policy,5.2288989536464214e-05
toy4,neural_none,loop,cuda,1024,3,4,toy4_gpu_core_neural_none_loop_1024_cuda,2,neural_policy,none,update_payoff_ema,8.074298966675997e-05
toy4,neural_none,loop,cuda,1024,3,4,toy4_gpu_core_neural_none_loop_1024_cuda,2,neural_policy,none,update_reputation_ema,2.4006003513932228e-05
toy4,neural_none,loop,cuda,1024,3,4,toy4_gpu_core_neural_none_loop_1024_cuda,2,neural_policy,none,mobility_swaps,3.2983021810650826e-05
toy4,neural_none,loop,cuda,1024,3,4,toy4_gpu_core_neural_none_loop_1024_cuda,2,neural_policy,none,finalize_hook_step,2.1901912987232208e-05
toy4,neural_none,loop,cuda,1024,3,4,toy4_gpu_core_neural_none_loop_1024_cuda,2,neural_policy,none,hooked_step_total,1.5149893880588934
toy4,neural_none,loop,cuda,1024,3,4,toy4_gpu_core_neural_none_loop_1024_cuda,2,neural_policy,none,aggregate_row,0.04337399511132389
toy4,neural_none,loop,cuda,1024,3,4,toy4_gpu_core_neural_none_loop_1024_cuda,2,neural_policy,none,write_aggregate,0.00021431699860841036
toy4,neural_none,loop,cuda,1024,3,4,toy4_gpu_core_neural_none_loop_1024_cuda,3,neural_policy,none,sample_revision_mask,7.365900091826916e-05
toy4,neural_none,loop,cuda,1024,3,4,toy4_gpu_core_neural_none_loop_1024_cuda,3,neural_policy,none,build_step_context,2.1662097424268723e-05
toy4,neural_none,loop,cuda,1024,3,4,toy4_gpu_core_neural_none_loop_1024_cuda,3,neural_policy,none,build_observations,0.012486238963901997
toy4,neural_none,loop,cuda,1024,3,4,toy4_gpu_core_neural_none_loop_1024_cuda,3,neural_policy,none,policy_readout,0.0012683849781751633
toy4,neural_none,loop,cuda,1024,3,4,toy4_gpu_core_neural_none_loop_1024_cuda,3,neural_policy,none,decision_selection,0.005880101001821458
toy4,neural_none,loop,cuda,1024,3,4,toy4_gpu_core_neural_none_loop_1024_cuda,3,neural_policy,none,local_training,1.322183089912869
toy4,neural_none,loop,cuda,1024,3,4,toy4_gpu_core_neural_none_loop_1024_cuda,3,neural_policy,none,cache_refresh,0.027627161936834455
toy4,neural_none,loop,cuda,1024,3,4,toy4_gpu_core_neural_none_loop_1024_cuda,3,neural_policy,none,post_local_readout,0.002423375961370766
toy4,neural_none,loop,cuda,1024,3,4,toy4_gpu_core_neural_none_loop_1024_cuda,3,neural_policy,none,local_step,1.3733179839327931
toy4,neural_none,loop,cuda,1024,3,4,toy4_gpu_core_neural_none_loop_1024_cuda,3,neural_policy,none,select_peers,0.001099325018003583
toy4,neural_none,loop,cuda,1024,3,4,toy4_gpu_core_neural_none_loop_1024_cuda,3,neural_policy,none,social_step,0.0006152070127427578
toy4,neural_none,loop,cuda,1024,3,4,toy4_gpu_core_neural_none_loop_1024_cuda,3,neural_policy,none,sample_actions,5.659996531903744e-06
toy4,neural_none,loop,cuda,1024,3,4,toy4_gpu_core_neural_none_loop_1024_cuda,3,neural_policy,none,commit_actions,1.266400795429945e-05
toy4,neural_none,loop,cuda,1024,3,4,toy4_gpu_core_neural_none_loop_1024_cuda,3,neural_policy,none,post_step_state_policy,5.493394564837217e-05
toy4,neural_none,loop,cuda,1024,3,4,toy4_gpu_core_neural_none_loop_1024_cuda,3,neural_policy,none,update_payoff_ema,7.14160269126296e-05
toy4,neural_none,loop,cuda,1024,3,4,toy4_gpu_core_neural_none_loop_1024_cuda,3,neural_policy,none,update_reputation_ema,2.5036977604031563e-05
toy4,neural_none,loop,cuda,1024,3,4,toy4_gpu_core_neural_none_loop_1024_cuda,3,neural_policy,none,mobility_swaps,4.4514075852930546e-05
toy4,neural_none,loop,cuda,1024,3,4,toy4_gpu_core_neural_none_loop_1024_cuda,3,neural_policy,none,finalize_hook_step,1.9947998225688934e-05
toy4,neural_none,loop,cuda,1024,3,4,toy4_gpu_core_neural_none_loop_1024_cuda,3,neural_policy,none,hooked_step_total,1.3768162679625675
toy4,neural_none,loop,cuda,1024,3,4,toy4_gpu_core_neural_none_loop_1024_cuda,3,neural_policy,none,aggregate_row,0.06601572397630662
toy4,neural_none,loop,cuda,1024,3,4,toy4_gpu_core_neural_none_loop_1024_cuda,3,neural_policy,none,write_aggregate,0.00015667697880417109
toy4,neural_none,batched,cpu,1024,3,4,toy4_gpu_core_neural_none_batched_1024_cpu,0,neural_policy,none,make_run_dir,0.00038934790063649416
toy4,neural_none,batched,cpu,1024,3,4,toy4_gpu_core_neural_none_batched_1024_cpu,0,neural_policy,none,write_metadata,0.0030340029625222087
toy4,neural_none,batched,cpu,1024,3,4,toy4_gpu_core_neural_none_batched_1024_cpu,0,neural_policy,none,initial_state,0.934479583054781
toy4,neural_none,batched,cpu,1024,3,4,toy4_gpu_core_neural_none_batched_1024_cpu,0,neural_policy,none,writer_setup,0.0010088429553434253
toy4,neural_none,batched,cpu,1024,3,4,toy4_gpu_core_neural_none_batched_1024_cpu,0,neural_policy,none,initial_step_result,0.010926351067610085
toy4,neural_none,batched,cpu,1024,3,4,toy4_gpu_core_neural_none_batched_1024_cpu,0,neural_policy,none,initial_aggregate_row,0.061722862999886274
toy4,neural_none,batched,cpu,1024,3,4,toy4_gpu_core_neural_none_batched_1024_cpu,0,neural_policy,none,write_initial_aggregate,0.00022691104095429182
toy4,neural_none,batched,cpu,1024,3,4,toy4_gpu_core_neural_none_batched_1024_cpu,1,neural_policy,none,sample_revision_mask,8.586305193603039e-05
toy4,neural_none,batched,cpu,1024,3,4,toy4_gpu_core_neural_none_batched_1024_cpu,1,neural_policy,none,build_step_context,2.4006003513932228e-05
toy4,neural_none,batched,cpu,1024,3,4,toy4_gpu_core_neural_none_batched_1024_cpu,1,neural_policy,none,build_observations,0.010514148976653814
toy4,neural_none,batched,cpu,1024,3,4,toy4_gpu_core_neural_none_batched_1024_cpu,1,neural_policy,none,policy_readout,0.00263577897567302
toy4,neural_none,batched,cpu,1024,3,4,toy4_gpu_core_neural_none_batched_1024_cpu,1,neural_policy,none,decision_selection,0.005275716073811054
toy4,neural_none,batched,cpu,1024,3,4,toy4_gpu_core_neural_none_batched_1024_cpu,1,neural_policy,none,local_training,0.4001702140085399
toy4,neural_none,batched,cpu,1024,3,4,toy4_gpu_core_neural_none_batched_1024_cpu,1,neural_policy,none,cache_refresh,0.020771662006154656
toy4,neural_none,batched,cpu,1024,3,4,toy4_gpu_core_neural_none_batched_1024_cpu,1,neural_policy,none,post_local_readout,0.0015432459767907858
toy4,neural_none,batched,cpu,1024,3,4,toy4_gpu_core_neural_none_batched_1024_cpu,1,neural_policy,none,local_step,0.44158237997908145
toy4,neural_none,batched,cpu,1024,3,4,toy4_gpu_core_neural_none_batched_1024_cpu,1,neural_policy,none,select_peers,0.0009923219913616776
toy4,neural_none,batched,cpu,1024,3,4,toy4_gpu_core_neural_none_batched_1024_cpu,1,neural_policy,none,social_step,5.541497375816107e-05
toy4,neural_none,batched,cpu,1024,3,4,toy4_gpu_core_neural_none_batched_1024_cpu,1,neural_policy,none,sample_actions,8.019851520657539e-07
toy4,neural_none,batched,cpu,1024,3,4,toy4_gpu_core_neural_none_batched_1024_cpu,1,neural_policy,none,commit_actions,1.2103002518415451e-05
toy4,neural_none,batched,cpu,1024,3,4,toy4_gpu_core_neural_none_batched_1024_cpu,1,neural_policy,none,post_step_state_policy,7.582397665828466e-05
toy4,neural_none,batched,cpu,1024,3,4,toy4_gpu_core_neural_none_batched_1024_cpu,1,neural_policy,none,update_payoff_ema,7.448100950568914e-05
toy4,neural_none,batched,cpu,1024,3,4,toy4_gpu_core_neural_none_batched_1024_cpu,1,neural_policy,none,update_reputation_ema,4.705903120338917e-05
toy4,neural_none,batched,cpu,1024,3,4,toy4_gpu_core_neural_none_batched_1024_cpu,1,neural_policy,none,mobility_swaps,5.024508573114872e-05
toy4,neural_none,batched,cpu,1024,3,4,toy4_gpu_core_neural_none_batched_1024_cpu,1,neural_policy,none,finalize_hook_step,1.59010523930192e-05
toy4,neural_none,batched,cpu,1024,3,4,toy4_gpu_core_neural_none_batched_1024_cpu,1,neural_policy,none,hooked_step_total,0.44435774302110076
toy4,neural_none,batched,cpu,1024,3,4,toy4_gpu_core_neural_none_batched_1024_cpu,1,neural_policy,none,aggregate_row,0.042906378977932036
toy4,neural_none,batched,cpu,1024,3,4,toy4_gpu_core_neural_none_batched_1024_cpu,1,neural_policy,none,write_aggregate,9.553099516779184e-05
toy4,neural_none,batched,cpu,1024,3,4,toy4_gpu_core_neural_none_batched_1024_cpu,2,neural_policy,none,sample_revision_mask,5.909206811338663e-05
toy4,neural_none,batched,cpu,1024,3,4,toy4_gpu_core_neural_none_batched_1024_cpu,2,neural_policy,none,build_step_context,1.5058903954923153e-05
toy4,neural_none,batched,cpu,1024,3,4,toy4_gpu_core_neural_none_batched_1024_cpu,2,neural_policy,none,build_observations,0.011268771020695567
toy4,neural_none,batched,cpu,1024,3,4,toy4_gpu_core_neural_none_batched_1024_cpu,2,neural_policy,none,policy_readout,0.0027169730747118592
toy4,neural_none,batched,cpu,1024,3,4,toy4_gpu_core_neural_none_batched_1024_cpu,2,neural_policy,none,decision_selection,0.005822962033562362
toy4,neural_none,batched,cpu,1024,3,4,toy4_gpu_core_neural_none_batched_1024_cpu,2,neural_policy,none,local_training,0.372251890017651
toy4,neural_none,batched,cpu,1024,3,4,toy4_gpu_core_neural_none_batched_1024_cpu,2,neural_policy,none,cache_refresh,0.03732233901973814
toy4,neural_none,batched,cpu,1024,3,4,toy4_gpu_core_neural_none_batched_1024_cpu,2,neural_policy,none,post_local_readout,0.0019819890148937702
toy4,neural_none,batched,cpu,1024,3,4,toy4_gpu_core_neural_none_batched_1024_cpu,2,neural_policy,none,local_step,0.43231759092304856
toy4,neural_none,batched,cpu,1024,3,4,toy4_gpu_core_neural_none_batched_1024_cpu,2,neural_policy,none,select_peers,0.0011456829961389303
toy4,neural_none,batched,cpu,1024,3,4,toy4_gpu_core_neural_none_batched_1024_cpu,2,neural_policy,none,social_step,6.968202069401741e-05
toy4,neural_none,batched,cpu,1024,3,4,toy4_gpu_core_neural_none_batched_1024_cpu,2,neural_policy,none,sample_actions,7.610069587826729e-07
toy4,neural_none,batched,cpu,1024,3,4,toy4_gpu_core_neural_none_batched_1024_cpu,2,neural_policy,none,commit_actions,8.56595579534769e-06
toy4,neural_none,batched,cpu,1024,3,4,toy4_gpu_core_neural_none_batched_1024_cpu,2,neural_policy,none,post_step_state_policy,4.5084976591169834e-05
toy4,neural_none,batched,cpu,1024,3,4,toy4_gpu_core_neural_none_batched_1024_cpu,2,neural_policy,none,update_payoff_ema,5.894200876355171e-05
toy4,neural_none,batched,cpu,1024,3,4,toy4_gpu_core_neural_none_batched_1024_cpu,2,neural_policy,none,update_reputation_ema,4.3462030589580536e-05
toy4,neural_none,batched,cpu,1024,3,4,toy4_gpu_core_neural_none_batched_1024_cpu,2,neural_policy,none,mobility_swaps,5.59960026293993e-05
toy4,neural_none,batched,cpu,1024,3,4,toy4_gpu_core_neural_none_batched_1024_cpu,2,neural_policy,none,finalize_hook_step,1.3204989954829216e-05
toy4,neural_none,batched,cpu,1024,3,4,toy4_gpu_core_neural_none_batched_1024_cpu,2,neural_policy,none,hooked_step_total,0.4355526049621403
toy4,neural_none,batched,cpu,1024,3,4,toy4_gpu_core_neural_none_batched_1024_cpu,2,neural_policy,none,aggregate_row,0.06538358598481864
toy4,neural_none,batched,cpu,1024,3,4,toy4_gpu_core_neural_none_batched_1024_cpu,2,neural_policy,none,write_aggregate,0.00016812793910503387
toy4,neural_none,batched,cpu,1024,3,4,toy4_gpu_core_neural_none_batched_1024_cpu,3,neural_policy,none,sample_revision_mask,5.6878081522881985e-05
toy4,neural_none,batched,cpu,1024,3,4,toy4_gpu_core_neural_none_batched_1024_cpu,3,neural_policy,none,build_step_context,1.5349010936915874e-05
toy4,neural_none,batched,cpu,1024,3,4,toy4_gpu_core_neural_none_batched_1024_cpu,3,neural_policy,none,build_observations,0.014137439895421267
toy4,neural_none,batched,cpu,1024,3,4,toy4_gpu_core_neural_none_batched_1024_cpu,3,neural_policy,none,policy_readout,0.0033268689876422286
toy4,neural_none,batched,cpu,1024,3,4,toy4_gpu_core_neural_none_batched_1024_cpu,3,neural_policy,none,decision_selection,0.007079825969412923
toy4,neural_none,batched,cpu,1024,3,4,toy4_gpu_core_neural_none_batched_1024_cpu,3,neural_policy,none,local_training,0.4064501050161198
toy4,neural_none,batched,cpu,1024,3,4,toy4_gpu_core_neural_none_batched_1024_cpu,3,neural_policy,none,cache_refresh,0.02590096998028457
toy4,neural_none,batched,cpu,1024,3,4,toy4_gpu_core_neural_none_batched_1024_cpu,3,neural_policy,none,post_local_readout,0.0023385239765048027
toy4,neural_none,batched,cpu,1024,3,4,toy4_gpu_core_neural_none_batched_1024_cpu,3,neural_policy,none,local_step,0.46013963292352855
toy4,neural_none,batched,cpu,1024,3,4,toy4_gpu_core_neural_none_batched_1024_cpu,3,neural_policy,none,select_peers,0.001008121995255351
toy4,neural_none,batched,cpu,1024,3,4,toy4_gpu_core_neural_none_batched_1024_cpu,3,neural_policy,none,social_step,4.818092565983534e-05
toy4,neural_none,batched,cpu,1024,3,4,toy4_gpu_core_neural_none_batched_1024_cpu,3,neural_policy,none,sample_actions,8.919741958379745e-07
toy4,neural_none,batched,cpu,1024,3,4,toy4_gpu_core_neural_none_batched_1024_cpu,3,neural_policy,none,commit_actions,6.292015314102173e-06
toy4,neural_none,batched,cpu,1024,3,4,toy4_gpu_core_neural_none_batched_1024_cpu,3,neural_policy,none,post_step_state_policy,6.193690933287144e-05
toy4,neural_none,batched,cpu,1024,3,4,toy4_gpu_core_neural_none_batched_1024_cpu,3,neural_policy,none,update_payoff_ema,8.288701064884663e-05
toy4,neural_none,batched,cpu,1024,3,4,toy4_gpu_core_neural_none_batched_1024_cpu,3,neural_policy,none,update_reputation_ema,3.0187075026333332e-05
toy4,neural_none,batched,cpu,1024,3,4,toy4_gpu_core_neural_none_batched_1024_cpu,3,neural_policy,none,mobility_swaps,3.6800047382712364e-05
toy4,neural_none,batched,cpu,1024,3,4,toy4_gpu_core_neural_none_batched_1024_cpu,3,neural_policy,none,finalize_hook_step,1.6220961697399616e-05
toy4,neural_none,batched,cpu,1024,3,4,toy4_gpu_core_neural_none_batched_1024_cpu,3,neural_policy,none,hooked_step_total,0.46301578800193965
toy4,neural_none,batched,cpu,1024,3,4,toy4_gpu_core_neural_none_batched_1024_cpu,3,neural_policy,none,aggregate_row,0.05651290307287127
toy4,neural_none,batched,cpu,1024,3,4,toy4_gpu_core_neural_none_batched_1024_cpu,3,neural_policy,none,write_aggregate,0.00024296098854392767
toy4,neural_none,batched,cuda,1024,3,4,toy4_gpu_core_neural_none_batched_1024_cuda,0,neural_policy,none,make_run_dir,0.0003783180145546794
toy4,neural_none,batched,cuda,1024,3,4,toy4_gpu_core_neural_none_batched_1024_cuda,0,neural_policy,none,write_metadata,0.0025101100327447057
toy4,neural_none,batched,cuda,1024,3,4,toy4_gpu_core_neural_none_batched_1024_cuda,0,neural_policy,none,initial_state,0.8652280480600893
toy4,neural_none,batched,cuda,1024,3,4,toy4_gpu_core_neural_none_batched_1024_cuda,0,neural_policy,none,writer_setup,0.000896358978934586
toy4,neural_none,batched,cuda,1024,3,4,toy4_gpu_core_neural_none_batched_1024_cuda,0,neural_policy,none,initial_step_result,0.017256114981137216
toy4,neural_none,batched,cuda,1024,3,4,toy4_gpu_core_neural_none_batched_1024_cuda,0,neural_policy,none,initial_aggregate_row,0.06432437698822469
toy4,neural_none,batched,cuda,1024,3,4,toy4_gpu_core_neural_none_batched_1024_cuda,0,neural_policy,none,write_initial_aggregate,0.0002232730621472001
toy4,neural_none,batched,cuda,1024,3,4,toy4_gpu_core_neural_none_batched_1024_cuda,1,neural_policy,none,sample_revision_mask,8.001201786100864e-05
toy4,neural_none,batched,cuda,1024,3,4,toy4_gpu_core_neural_none_batched_1024_cuda,1,neural_policy,none,build_step_context,3.874395042657852e-05
toy4,neural_none,batched,cuda,1024,3,4,toy4_gpu_core_neural_none_batched_1024_cuda,1,neural_policy,none,build_observations,0.010429749032482505
toy4,neural_none,batched,cuda,1024,3,4,toy4_gpu_core_neural_none_batched_1024_cuda,1,neural_policy,none,policy_readout,0.0018171860137954354
toy4,neural_none,batched,cuda,1024,3,4,toy4_gpu_core_neural_none_batched_1024_cuda,1,neural_policy,none,decision_selection,0.005882355966605246
toy4,neural_none,batched,cuda,1024,3,4,toy4_gpu_core_neural_none_batched_1024_cuda,1,neural_policy,none,local_training,0.577601894037798
toy4,neural_none,batched,cuda,1024,3,4,toy4_gpu_core_neural_none_batched_1024_cuda,1,neural_policy,none,cache_refresh,0.02833672903943807
toy4,neural_none,batched,cuda,1024,3,4,toy4_gpu_core_neural_none_batched_1024_cuda,1,neural_policy,none,post_local_readout,0.00227063603233546
toy4,neural_none,batched,cuda,1024,3,4,toy4_gpu_core_neural_none_batched_1024_cuda,1,neural_policy,none,local_step,0.6289620250463486
toy4,neural_none,batched,cuda,1024,3,4,toy4_gpu_core_neural_none_batched_1024_cuda,1,neural_policy,none,select_peers,0.0020877589704468846
toy4,neural_none,batched,cuda,1024,3,4,toy4_gpu_core_neural_none_batched_1024_cuda,1,neural_policy,none,social_step,0.0002469179453328252
toy4,neural_none,batched,cuda,1024,3,4,toy4_gpu_core_neural_none_batched_1024_cuda,1,neural_policy,none,sample_actions,9.387033060193062e-06
toy4,neural_none,batched,cuda,1024,3,4,toy4_gpu_core_neural_none_batched_1024_cuda,1,neural_policy,none,commit_actions,8.677400182932615e-05
toy4,neural_none,batched,cuda,1024,3,4,toy4_gpu_core_neural_none_batched_1024_cuda,1,neural_policy,none,post_step_state_policy,0.00011787400580942631
toy4,neural_none,batched,cuda,1024,3,4,toy4_gpu_core_neural_none_batched_1024_cuda,1,neural_policy,none,update_payoff_ema,0.00020130095072090626
toy4,neural_none,batched,cuda,1024,3,4,toy4_gpu_core_neural_none_batched_1024_cuda,1,neural_policy,none,update_reputation_ema,7.926009129732847e-05
toy4,neural_none,batched,cuda,1024,3,4,toy4_gpu_core_neural_none_batched_1024_cuda,1,neural_policy,none,mobility_swaps,0.00010055990424007177
toy4,neural_none,batched,cuda,1024,3,4,toy4_gpu_core_neural_none_batched_1024_cuda,1,neural_policy,none,finalize_hook_step,3.889400977641344e-05
toy4,neural_none,batched,cuda,1024,3,4,toy4_gpu_core_neural_none_batched_1024_cuda,1,neural_policy,none,hooked_step_total,0.634186624083668
toy4,neural_none,batched,cuda,1024,3,4,toy4_gpu_core_neural_none_batched_1024_cuda,1,neural_policy,none,aggregate_row,0.09273696993477643
toy4,neural_none,batched,cuda,1024,3,4,toy4_gpu_core_neural_none_batched_1024_cuda,1,neural_policy,none,write_aggregate,0.000439864001236856
toy4,neural_none,batched,cuda,1024,3,4,toy4_gpu_core_neural_none_batched_1024_cuda,2,neural_policy,none,sample_revision_mask,0.0001223019789904356
toy4,neural_none,batched,cuda,1024,3,4,toy4_gpu_core_neural_none_batched_1024_cuda,2,neural_policy,none,build_step_context,3.4084077924489975e-05
toy4,neural_none,batched,cuda,1024,3,4,toy4_gpu_core_neural_none_batched_1024_cuda,2,neural_policy,none,build_observations,0.013635838986374438
toy4,neural_none,batched,cuda,1024,3,4,toy4_gpu_core_neural_none_batched_1024_cuda,2,neural_policy,none,policy_readout,0.0019589849980548024
toy4,neural_none,batched,cuda,1024,3,4,toy4_gpu_core_neural_none_batched_1024_cuda,2,neural_policy,none,decision_selection,0.006050014053471386
toy4,neural_none,batched,cuda,1024,3,4,toy4_gpu_core_neural_none_batched_1024_cuda,2,neural_policy,none,local_training,0.5673468980239704
toy4,neural_none,batched,cuda,1024,3,4,toy4_gpu_core_neural_none_batched_1024_cuda,2,neural_policy,none,cache_refresh,0.02212709200102836
toy4,neural_none,batched,cuda,1024,3,4,toy4_gpu_core_neural_none_batched_1024_cuda,2,neural_policy,none,post_local_readout,0.0010858990717679262
toy4,neural_none,batched,cuda,1024,3,4,toy4_gpu_core_neural_none_batched_1024_cuda,2,neural_policy,none,local_step,0.6133014179067686
toy4,neural_none,batched,cuda,1024,3,4,toy4_gpu_core_neural_none_batched_1024_cuda,2,neural_policy,none,select_peers,0.0011088629253208637
toy4,neural_none,batched,cuda,1024,3,4,toy4_gpu_core_neural_none_batched_1024_cuda,2,neural_policy,none,social_step,0.00018225493840873241
toy4,neural_none,batched,cuda,1024,3,4,toy4_gpu_core_neural_none_batched_1024_cuda,2,neural_policy,none,sample_actions,5.910987965762615e-06
toy4,neural_none,batched,cuda,1024,3,4,toy4_gpu_core_neural_none_batched_1024_cuda,2,neural_policy,none,commit_actions,1.2282980605959892e-05
toy4,neural_none,batched,cuda,1024,3,4,toy4_gpu_core_neural_none_batched_1024_cuda,2,neural_policy,none,post_step_state_policy,4.110799636691809e-05
toy4,neural_none,batched,cuda,1024,3,4,toy4_gpu_core_neural_none_batched_1024_cuda,2,neural_policy,none,update_payoff_ema,5.469401367008686e-05
toy4,neural_none,batched,cuda,1024,3,4,toy4_gpu_core_neural_none_batched_1024_cuda,2,neural_policy,none,update_reputation_ema,3.7912046536803246e-05
toy4,neural_none,batched,cuda,1024,3,4,toy4_gpu_core_neural_none_batched_1024_cuda,2,neural_policy,none,mobility_swaps,5.810998845845461e-05
toy4,neural_none,batched,cuda,1024,3,4,toy4_gpu_core_neural_none_batched_1024_cuda,2,neural_policy,none,finalize_hook_step,1.5568919479846954e-05
toy4,neural_none,batched,cuda,1024,3,4,toy4_gpu_core_neural_none_batched_1024_cuda,2,neural_policy,none,hooked_step_total,0.6161786039592698
toy4,neural_none,batched,cuda,1024,3,4,toy4_gpu_core_neural_none_batched_1024_cuda,2,neural_policy,none,aggregate_row,0.052657051011919975
toy4,neural_none,batched,cuda,1024,3,4,toy4_gpu_core_neural_none_batched_1024_cuda,2,neural_policy,none,write_aggregate,0.0002136459806933999
toy4,neural_none,batched,cuda,1024,3,4,toy4_gpu_core_neural_none_batched_1024_cuda,3,neural_policy,none,sample_revision_mask,0.00011638994328677654
toy4,neural_none,batched,cuda,1024,3,4,toy4_gpu_core_neural_none_batched_1024_cuda,3,neural_policy,none,build_step_context,2.2802967578172684e-05
toy4,neural_none,batched,cuda,1024,3,4,toy4_gpu_core_neural_none_batched_1024_cuda,3,neural_policy,none,build_observations,0.011905799037776887
toy4,neural_none,batched,cuda,1024,3,4,toy4_gpu_core_neural_none_batched_1024_cuda,3,neural_policy,none,policy_readout,0.0011599099962040782
toy4,neural_none,batched,cuda,1024,3,4,toy4_gpu_core_neural_none_batched_1024_cuda,3,neural_policy,none,decision_selection,0.005395252024754882
toy4,neural_none,batched,cuda,1024,3,4,toy4_gpu_core_neural_none_batched_1024_cuda,3,neural_policy,none,local_training,0.5462829619646072
toy4,neural_none,batched,cuda,1024,3,4,toy4_gpu_core_neural_none_batched_1024_cuda,3,neural_policy,none,cache_refresh,0.024494662997312844
toy4,neural_none,batched,cuda,1024,3,4,toy4_gpu_core_neural_none_batched_1024_cuda,3,neural_policy,none,post_local_readout,0.0024042190052568913
toy4,neural_none,batched,cuda,1024,3,4,toy4_gpu_core_neural_none_batched_1024_cuda,3,neural_policy,none,local_step,0.5929127630079165
toy4,neural_none,batched,cuda,1024,3,4,toy4_gpu_core_neural_none_batched_1024_cuda,3,neural_policy,none,select_peers,0.002129708998836577
toy4,neural_none,batched,cuda,1024,3,4,toy4_gpu_core_neural_none_batched_1024_cuda,3,neural_policy,none,social_step,0.0002963920123875141
toy4,neural_none,batched,cuda,1024,3,4,toy4_gpu_core_neural_none_batched_1024_cuda,3,neural_policy,none,sample_actions,7.394002750515938e-06
toy4,neural_none,batched,cuda,1024,3,4,toy4_gpu_core_neural_none_batched_1024_cuda,3,neural_policy,none,commit_actions,1.2494041584432125e-05
toy4,neural_none,batched,cuda,1024,3,4,toy4_gpu_core_neural_none_batched_1024_cuda,3,neural_policy,none,post_step_state_policy,6.168708205223083e-05
toy4,neural_none,batched,cuda,1024,3,4,toy4_gpu_core_neural_none_batched_1024_cuda,3,neural_policy,none,update_payoff_ema,9.823706932365894e-05
toy4,neural_none,batched,cuda,1024,3,4,toy4_gpu_core_neural_none_batched_1024_cuda,3,neural_policy,none,update_reputation_ema,4.376308061182499e-05
toy4,neural_none,batched,cuda,1024,3,4,toy4_gpu_core_neural_none_batched_1024_cuda,3,neural_policy,none,mobility_swaps,5.737890023738146e-05
toy4,neural_none,batched,cuda,1024,3,4,toy4_gpu_core_neural_none_batched_1024_cuda,3,neural_policy,none,finalize_hook_step,2.3875036276876926e-05
toy4,neural_none,batched,cuda,1024,3,4,toy4_gpu_core_neural_none_batched_1024_cuda,3,neural_policy,none,hooked_step_total,0.5981599839869887
toy4,neural_none,batched,cuda,1024,3,4,toy4_gpu_core_neural_none_batched_1024_cuda,3,neural_policy,none,aggregate_row,0.04062339896336198
toy4,neural_none,batched,cuda,1024,3,4,toy4_gpu_core_neural_none_batched_1024_cuda,3,neural_policy,none,write_aggregate,0.00017165602184832096
toy4,neural_output_average,loop,cpu,1024,3,4,toy4_gpu_core_neural_output_average_loop_1024_cpu,0,neural_policy,output_average,make_run_dir,0.0002610250376164913
toy4,neural_output_average,loop,cpu,1024,3,4,toy4_gpu_core_neural_output_average_loop_1024_cpu,0,neural_policy,output_average,write_metadata,0.002395683084614575
toy4,neural_output_average,loop,cpu,1024,3,4,toy4_gpu_core_neural_output_average_loop_1024_cpu,0,neural_policy,output_average,initial_state,0.8977706290315837
toy4,neural_output_average,loop,cpu,1024,3,4,toy4_gpu_core_neural_output_average_loop_1024_cpu,0,neural_policy,output_average,writer_setup,0.0011831240262836218
toy4,neural_output_average,loop,cpu,1024,3,4,toy4_gpu_core_neural_output_average_loop_1024_cpu,0,neural_policy,output_average,initial_step_result,0.014322362025268376
toy4,neural_output_average,loop,cpu,1024,3,4,toy4_gpu_core_neural_output_average_loop_1024_cpu,0,neural_policy,output_average,initial_aggregate_row,0.06476338999345899
toy4,neural_output_average,loop,cpu,1024,3,4,toy4_gpu_core_neural_output_average_loop_1024_cpu,0,neural_policy,output_average,write_initial_aggregate,0.0007113690953701735
toy4,neural_output_average,loop,cpu,1024,3,4,toy4_gpu_core_neural_output_average_loop_1024_cpu,1,neural_policy,output_average,sample_revision_mask,0.00012197101023048162
toy4,neural_output_average,loop,cpu,1024,3,4,toy4_gpu_core_neural_output_average_loop_1024_cpu,1,neural_policy,output_average,build_step_context,3.43850115314126e-05
toy4,neural_output_average,loop,cpu,1024,3,4,toy4_gpu_core_neural_output_average_loop_1024_cpu,1,neural_policy,output_average,build_observations,0.014000401017256081
toy4,neural_output_average,loop,cpu,1024,3,4,toy4_gpu_core_neural_output_average_loop_1024_cpu,1,neural_policy,output_average,policy_readout,0.004086098982952535
toy4,neural_output_average,loop,cpu,1024,3,4,toy4_gpu_core_neural_output_average_loop_1024_cpu,1,neural_policy,output_average,decision_selection,0.007519009988754988
toy4,neural_output_average,loop,cpu,1024,3,4,toy4_gpu_core_neural_output_average_loop_1024_cpu,1,neural_policy,output_average,local_training,0.6367353720124811
toy4,neural_output_average,loop,cpu,1024,3,4,toy4_gpu_core_neural_output_average_loop_1024_cpu,1,neural_policy,output_average,cache_refresh,0.026786670088768005
toy4,neural_output_average,loop,cpu,1024,3,4,toy4_gpu_core_neural_output_average_loop_1024_cpu,1,neural_policy,output_average,post_local_readout,0.0013054059818387032
toy4,neural_output_average,loop,cpu,1024,3,4,toy4_gpu_core_neural_output_average_loop_1024_cpu,1,neural_policy,output_average,local_step,0.6921992769930512
toy4,neural_output_average,loop,cpu,1024,3,4,toy4_gpu_core_neural_output_average_loop_1024_cpu,1,neural_policy,output_average,select_peers,0.0011720029870048165
toy4,neural_output_average,loop,cpu,1024,3,4,toy4_gpu_core_neural_output_average_loop_1024_cpu,1,neural_policy,output_average,social_distillation,0.5615831010509282
toy4,neural_output_average,loop,cpu,1024,3,4,toy4_gpu_core_neural_output_average_loop_1024_cpu,1,neural_policy,output_average,social_step,0.5616894330596551
toy4,neural_output_average,loop,cpu,1024,3,4,toy4_gpu_core_neural_output_average_loop_1024_cpu,1,neural_policy,output_average,sample_actions,6.170943379402161e-06
toy4,neural_output_average,loop,cpu,1024,3,4,toy4_gpu_core_neural_output_average_loop_1024_cpu,1,neural_policy,output_average,commit_actions,2.1009007468819618e-05
toy4,neural_output_average,loop,cpu,1024,3,4,toy4_gpu_core_neural_output_average_loop_1024_cpu,1,neural_policy,output_average,post_step_state_policy,8.918892126530409e-05
toy4,neural_output_average,loop,cpu,1024,3,4,toy4_gpu_core_neural_output_average_loop_1024_cpu,1,neural_policy,output_average,update_payoff_ema,0.00016871001571416855
toy4,neural_output_average,loop,cpu,1024,3,4,toy4_gpu_core_neural_output_average_loop_1024_cpu,1,neural_policy,output_average,update_reputation_ema,4.7939945943653584e-05
toy4,neural_output_average,loop,cpu,1024,3,4,toy4_gpu_core_neural_output_average_loop_1024_cpu,1,neural_policy,output_average,mobility_swaps,0.00010366598144173622
toy4,neural_output_average,loop,cpu,1024,3,4,toy4_gpu_core_neural_output_average_loop_1024_cpu,1,neural_policy,output_average,finalize_hook_step,2.556806430220604e-05
toy4,neural_output_average,loop,cpu,1024,3,4,toy4_gpu_core_neural_output_average_loop_1024_cpu,1,neural_policy,output_average,hooked_step_total,1.259411130915396
toy4,neural_output_average,loop,cpu,1024,3,4,toy4_gpu_core_neural_output_average_loop_1024_cpu,1,neural_policy,output_average,aggregate_row,0.05911233392544091
toy4,neural_output_average,loop,cpu,1024,3,4,toy4_gpu_core_neural_output_average_loop_1024_cpu,1,neural_policy,output_average,write_aggregate,0.00032904394902288914
toy4,neural_output_average,loop,cpu,1024,3,4,toy4_gpu_core_neural_output_average_loop_1024_cpu,2,neural_policy,output_average,sample_revision_mask,0.00012309302110224962
toy4,neural_output_average,loop,cpu,1024,3,4,toy4_gpu_core_neural_output_average_loop_1024_cpu,2,neural_policy,output_average,build_step_context,2.8133043088018894e-05
toy4,neural_output_average,loop,cpu,1024,3,4,toy4_gpu_core_neural_output_average_loop_1024_cpu,2,neural_policy,output_average,build_observations,0.009936633985489607
toy4,neural_output_average,loop,cpu,1024,3,4,toy4_gpu_core_neural_output_average_loop_1024_cpu,2,neural_policy,output_average,policy_readout,0.0021843130234628916
toy4,neural_output_average,loop,cpu,1024,3,4,toy4_gpu_core_neural_output_average_loop_1024_cpu,2,neural_policy,output_average,decision_selection,0.006852225051261485
toy4,neural_output_average,loop,cpu,1024,3,4,toy4_gpu_core_neural_output_average_loop_1024_cpu,2,neural_policy,output_average,local_training,0.6622080119559541
toy4,neural_output_average,loop,cpu,1024,3,4,toy4_gpu_core_neural_output_average_loop_1024_cpu,2,neural_policy,output_average,cache_refresh,0.023328531999140978
toy4,neural_output_average,loop,cpu,1024,3,4,toy4_gpu_core_neural_output_average_loop_1024_cpu,2,neural_policy,output_average,post_local_readout,0.0009679959621280432
toy4,neural_output_average,loop,cpu,1024,3,4,toy4_gpu_core_neural_output_average_loop_1024_cpu,2,neural_policy,output_average,local_step,0.7062119520269334
toy4,neural_output_average,loop,cpu,1024,3,4,toy4_gpu_core_neural_output_average_loop_1024_cpu,2,neural_policy,output_average,select_peers,0.0011694879503920674
toy4,neural_output_average,loop,cpu,1024,3,4,toy4_gpu_core_neural_output_average_loop_1024_cpu,2,neural_policy,output_average,social_distillation,0.6735425580991432
toy4,neural_output_average,loop,cpu,1024,3,4,toy4_gpu_core_neural_output_average_loop_1024_cpu,2,neural_policy,output_average,social_step,0.6736129709752277
toy4,neural_output_average,loop,cpu,1024,3,4,toy4_gpu_core_neural_output_average_loop_1024_cpu,2,neural_policy,output_average,sample_actions,1.933891326189041e-06
toy4,neural_output_average,loop,cpu,1024,3,4,toy4_gpu_core_neural_output_average_loop_1024_cpu,2,neural_policy,output_average,commit_actions,9.146984666585922e-06
toy4,neural_output_average,loop,cpu,1024,3,4,toy4_gpu_core_neural_output_average_loop_1024_cpu,2,neural_policy,output_average,post_step_state_policy,5.5484939366579056e-05
toy4,neural_output_average,loop,cpu,1024,3,4,toy4_gpu_core_neural_output_average_loop_1024_cpu,2,neural_policy,output_average,update_payoff_ema,6.035389378666878e-05
toy4,neural_output_average,loop,cpu,1024,3,4,toy4_gpu_core_neural_output_average_loop_1024_cpu,2,neural_policy,output_average,update_reputation_ema,2.460600808262825e-05
toy4,neural_output_average,loop,cpu,1024,3,4,toy4_gpu_core_neural_output_average_loop_1024_cpu,2,neural_policy,output_average,mobility_swaps,3.339303657412529e-05
toy4,neural_output_average,loop,cpu,1024,3,4,toy4_gpu_core_neural_output_average_loop_1024_cpu,2,neural_policy,output_average,finalize_hook_step,1.5420024283230305e-05
toy4,neural_output_average,loop,cpu,1024,3,4,toy4_gpu_core_neural_output_average_loop_1024_cpu,2,neural_policy,output_average,hooked_step_total,1.3836840930161998
toy4,neural_output_average,loop,cpu,1024,3,4,toy4_gpu_core_neural_output_average_loop_1024_cpu,2,neural_policy,output_average,aggregate_row,0.04529736400581896
toy4,neural_output_average,loop,cpu,1024,3,4,toy4_gpu_core_neural_output_average_loop_1024_cpu,2,neural_policy,output_average,write_aggregate,0.00039185292553156614
toy4,neural_output_average,loop,cpu,1024,3,4,toy4_gpu_core_neural_output_average_loop_1024_cpu,3,neural_policy,output_average,sample_revision_mask,0.000299378065392375
toy4,neural_output_average,loop,cpu,1024,3,4,toy4_gpu_core_neural_output_average_loop_1024_cpu,3,neural_policy,output_average,build_step_context,9.49300592765212e-05
toy4,neural_output_average,loop,cpu,1024,3,4,toy4_gpu_core_neural_output_average_loop_1024_cpu,3,neural_policy,output_average,build_observations,0.00954524299595505
toy4,neural_output_average,loop,cpu,1024,3,4,toy4_gpu_core_neural_output_average_loop_1024_cpu,3,neural_policy,output_average,policy_readout,0.002620199113152921
toy4,neural_output_average,loop,cpu,1024,3,4,toy4_gpu_core_neural_output_average_loop_1024_cpu,3,neural_policy,output_average,decision_selection,0.007067152997478843
toy4,neural_output_average,loop,cpu,1024,3,4,toy4_gpu_core_neural_output_average_loop_1024_cpu,3,neural_policy,output_average,local_training,0.5553340829210356
toy4,neural_output_average,loop,cpu,1024,3,4,toy4_gpu_core_neural_output_average_loop_1024_cpu,3,neural_policy,output_average,cache_refresh,0.03276222199201584
toy4,neural_output_average,loop,cpu,1024,3,4,toy4_gpu_core_neural_output_average_loop_1024_cpu,3,neural_policy,output_average,post_local_readout,0.0017191099468618631
toy4,neural_output_average,loop,cpu,1024,3,4,toy4_gpu_core_neural_output_average_loop_1024_cpu,3,neural_policy,output_average,local_step,0.6098733629332855
toy4,neural_output_average,loop,cpu,1024,3,4,toy4_gpu_core_neural_output_average_loop_1024_cpu,3,neural_policy,output_average,select_peers,0.0014449809677898884
toy4,neural_output_average,loop,cpu,1024,3,4,toy4_gpu_core_neural_output_average_loop_1024_cpu,3,neural_policy,output_average,social_distillation,0.6555635440163314
toy4,neural_output_average,loop,cpu,1024,3,4,toy4_gpu_core_neural_output_average_loop_1024_cpu,3,neural_policy,output_average,social_step,0.6556232569273561
toy4,neural_output_average,loop,cpu,1024,3,4,toy4_gpu_core_neural_output_average_loop_1024_cpu,3,neural_policy,output_average,sample_actions,1.1819647625088692e-06
toy4,neural_output_average,loop,cpu,1024,3,4,toy4_gpu_core_neural_output_average_loop_1024_cpu,3,neural_policy,output_average,commit_actions,8.195056580007076e-06
toy4,neural_output_average,loop,cpu,1024,3,4,toy4_gpu_core_neural_output_average_loop_1024_cpu,3,neural_policy,output_average,post_step_state_policy,8.878903463482857e-05
toy4,neural_output_average,loop,cpu,1024,3,4,toy4_gpu_core_neural_output_average_loop_1024_cpu,3,neural_policy,output_average,update_payoff_ema,0.0001167510636150837
toy4,neural_output_average,loop,cpu,1024,3,4,toy4_gpu_core_neural_output_average_loop_1024_cpu,3,neural_policy,output_average,update_reputation_ema,2.5638961233198643e-05
toy4,neural_output_average,loop,cpu,1024,3,4,toy4_gpu_core_neural_output_average_loop_1024_cpu,3,neural_policy,output_average,mobility_swaps,3.4134951420128345e-05
toy4,neural_output_average,loop,cpu,1024,3,4,toy4_gpu_core_neural_output_average_loop_1024_cpu,3,neural_policy,output_average,finalize_hook_step,1.4076940715312958e-05
toy4,neural_output_average,loop,cpu,1024,3,4,toy4_gpu_core_neural_output_average_loop_1024_cpu,3,neural_policy,output_average,hooked_step_total,1.270043452968821
toy4,neural_output_average,loop,cpu,1024,3,4,toy4_gpu_core_neural_output_average_loop_1024_cpu,3,neural_policy,output_average,aggregate_row,0.05320042301900685
toy4,neural_output_average,loop,cpu,1024,3,4,toy4_gpu_core_neural_output_average_loop_1024_cpu,3,neural_policy,output_average,write_aggregate,0.00020692299585789442
toy4,neural_output_average,loop,cuda,1024,3,4,toy4_gpu_core_neural_output_average_loop_1024_cuda,0,neural_policy,output_average,make_run_dir,0.0008157569682225585
toy4,neural_output_average,loop,cuda,1024,3,4,toy4_gpu_core_neural_output_average_loop_1024_cuda,0,neural_policy,output_average,write_metadata,0.003300588927231729
toy4,neural_output_average,loop,cuda,1024,3,4,toy4_gpu_core_neural_output_average_loop_1024_cuda,0,neural_policy,output_average,initial_state,0.6865470330230892
toy4,neural_output_average,loop,cuda,1024,3,4,toy4_gpu_core_neural_output_average_loop_1024_cuda,0,neural_policy,output_average,writer_setup,0.0026521889958530664
toy4,neural_output_average,loop,cuda,1024,3,4,toy4_gpu_core_neural_output_average_loop_1024_cuda,0,neural_policy,output_average,initial_step_result,0.014969157986342907
toy4,neural_output_average,loop,cuda,1024,3,4,toy4_gpu_core_neural_output_average_loop_1024_cuda,0,neural_policy,output_average,initial_aggregate_row,0.04216595599427819
toy4,neural_output_average,loop,cuda,1024,3,4,toy4_gpu_core_neural_output_average_loop_1024_cuda,0,neural_policy,output_average,write_initial_aggregate,0.0002795499749481678
toy4,neural_output_average,loop,cuda,1024,3,4,toy4_gpu_core_neural_output_average_loop_1024_cuda,1,neural_policy,output_average,sample_revision_mask,9.435904212296009e-05
toy4,neural_output_average,loop,cuda,1024,3,4,toy4_gpu_core_neural_output_average_loop_1024_cuda,1,neural_policy,output_average,build_step_context,1.884601078927517e-05
toy4,neural_output_average,loop,cuda,1024,3,4,toy4_gpu_core_neural_output_average_loop_1024_cuda,1,neural_policy,output_average,build_observations,0.010292458930052817
toy4,neural_output_average,loop,cuda,1024,3,4,toy4_gpu_core_neural_output_average_loop_1024_cuda,1,neural_policy,output_average,policy_readout,0.0016429260140284896
toy4,neural_output_average,loop,cuda,1024,3,4,toy4_gpu_core_neural_output_average_loop_1024_cuda,1,neural_policy,output_average,decision_selection,0.005635156994685531
toy4,neural_output_average,loop,cuda,1024,3,4,toy4_gpu_core_neural_output_average_loop_1024_cuda,1,neural_policy,output_average,local_training,1.788054695003666
toy4,neural_output_average,loop,cuda,1024,3,4,toy4_gpu_core_neural_output_average_loop_1024_cuda,1,neural_policy,output_average,cache_refresh,0.026981249102391303
toy4,neural_output_average,loop,cuda,1024,3,4,toy4_gpu_core_neural_output_average_loop_1024_cuda,1,neural_policy,output_average,post_local_readout,0.001024332013912499
toy4,neural_output_average,loop,cuda,1024,3,4,toy4_gpu_core_neural_output_average_loop_1024_cuda,1,neural_policy,output_average,local_step,1.8346353529486805
toy4,neural_output_average,loop,cuda,1024,3,4,toy4_gpu_core_neural_output_average_loop_1024_cuda,1,neural_policy,output_average,select_peers,0.00334613595623523
toy4,neural_output_average,loop,cuda,1024,3,4,toy4_gpu_core_neural_output_average_loop_1024_cuda,1,neural_policy,output_average,social_distillation,1.4550874640699476
toy4,neural_output_average,loop,cuda,1024,3,4,toy4_gpu_core_neural_output_average_loop_1024_cuda,1,neural_policy,output_average,social_step,1.4552546000340953
toy4,neural_output_average,loop,cuda,1024,3,4,toy4_gpu_core_neural_output_average_loop_1024_cuda,1,neural_policy,output_average,sample_actions,2.082891296595335e-05
toy4,neural_output_average,loop,cuda,1024,3,4,toy4_gpu_core_neural_output_average_loop_1024_cuda,1,neural_policy,output_average,commit_actions,2.428703010082245e-05
toy4,neural_output_average,loop,cuda,1024,3,4,toy4_gpu_core_neural_output_average_loop_1024_cuda,1,neural_policy,output_average,post_step_state_policy,6.839900743216276e-05
toy4,neural_output_average,loop,cuda,1024,3,4,toy4_gpu_core_neural_output_average_loop_1024_cuda,1,neural_policy,output_average,update_payoff_ema,0.0001614659558981657
toy4,neural_output_average,loop,cuda,1024,3,4,toy4_gpu_core_neural_output_average_loop_1024_cuda,1,neural_policy,output_average,update_reputation_ema,5.651707760989666e-05
toy4,neural_output_average,loop,cuda,1024,3,4,toy4_gpu_core_neural_output_average_loop_1024_cuda,1,neural_policy,output_average,mobility_swaps,7.206702139228582e-05
toy4,neural_output_average,loop,cuda,1024,3,4,toy4_gpu_core_neural_output_average_loop_1024_cuda,1,neural_policy,output_average,finalize_hook_step,3.513600677251816e-05
toy4,neural_output_average,loop,cuda,1024,3,4,toy4_gpu_core_neural_output_average_loop_1024_cuda,1,neural_policy,output_average,hooked_step_total,3.2974783539539203
toy4,neural_output_average,loop,cuda,1024,3,4,toy4_gpu_core_neural_output_average_loop_1024_cuda,1,neural_policy,output_average,aggregate_row,0.0779942829394713
toy4,neural_output_average,loop,cuda,1024,3,4,toy4_gpu_core_neural_output_average_loop_1024_cuda,1,neural_policy,output_average,write_aggregate,0.0001202679704874754
toy4,neural_output_average,loop,cuda,1024,3,4,toy4_gpu_core_neural_output_average_loop_1024_cuda,2,neural_policy,output_average,sample_revision_mask,8.653395343571901e-05
toy4,neural_output_average,loop,cuda,1024,3,4,toy4_gpu_core_neural_output_average_loop_1024_cuda,2,neural_policy,output_average,build_step_context,1.4227000065147877e-05
toy4,neural_output_average,loop,cuda,1024,3,4,toy4_gpu_core_neural_output_average_loop_1024_cuda,2,neural_policy,output_average,build_observations,0.010360638028942049
toy4,neural_output_average,loop,cuda,1024,3,4,toy4_gpu_core_neural_output_average_loop_1024_cuda,2,neural_policy,output_average,policy_readout,0.0015495279803872108
toy4,neural_output_average,loop,cuda,1024,3,4,toy4_gpu_core_neural_output_average_loop_1024_cuda,2,neural_policy,output_average,decision_selection,0.0063156780088320374
toy4,neural_output_average,loop,cuda,1024,3,4,toy4_gpu_core_neural_output_average_loop_1024_cuda,2,neural_policy,output_average,local_training,1.268184192944318
toy4,neural_output_average,loop,cuda,1024,3,4,toy4_gpu_core_neural_output_average_loop_1024_cuda,2,neural_policy,output_average,cache_refresh,0.02858279598876834
toy4,neural_output_average,loop,cuda,1024,3,4,toy4_gpu_core_neural_output_average_loop_1024_cuda,2,neural_policy,output_average,post_local_readout,0.00327615300193429
toy4,neural_output_average,loop,cuda,1024,3,4,toy4_gpu_core_neural_output_average_loop_1024_cuda,2,neural_policy,output_average,local_step,1.3197286750655621
toy4,neural_output_average,loop,cuda,1024,3,4,toy4_gpu_core_neural_output_average_loop_1024_cuda,2,neural_policy,output_average,select_peers,0.0028198780491948128
toy4,neural_output_average,loop,cuda,1024,3,4,toy4_gpu_core_neural_output_average_loop_1024_cuda,2,neural_policy,output_average,social_distillation,1.2969379880232736
toy4,neural_output_average,loop,cuda,1024,3,4,toy4_gpu_core_neural_output_average_loop_1024_cuda,2,neural_policy,output_average,social_step,1.2970119880046695
toy4,neural_output_average,loop,cuda,1024,3,4,toy4_gpu_core_neural_output_average_loop_1024_cuda,2,neural_policy,output_average,sample_actions,9.067007340490818e-06
toy4,neural_output_average,loop,cuda,1024,3,4,toy4_gpu_core_neural_output_average_loop_1024_cuda,2,neural_policy,output_average,commit_actions,1.662108115851879e-05
toy4,neural_output_average,loop,cuda,1024,3,4,toy4_gpu_core_neural_output_average_loop_1024_cuda,2,neural_policy,output_average,post_step_state_policy,4.622794222086668e-05
toy4,neural_output_average,loop,cuda,1024,3,4,toy4_gpu_core_neural_output_average_loop_1024_cuda,2,neural_policy,output_average,update_payoff_ema,7.62139679864049e-05
toy4,neural_output_average,loop,cuda,1024,3,4,toy4_gpu_core_neural_output_average_loop_1024_cuda,2,neural_policy,output_average,update_reputation_ema,3.0317925848066807e-05
toy4,neural_output_average,loop,cuda,1024,3,4,toy4_gpu_core_neural_output_average_loop_1024_cuda,2,neural_policy,output_average,mobility_swaps,3.537698648869991e-05
toy4,neural_output_average,loop,cuda,1024,3,4,toy4_gpu_core_neural_output_average_loop_1024_cuda,2,neural_policy,output_average,finalize_hook_step,2.0068022422492504e-05
toy4,neural_output_average,loop,cuda,1024,3,4,toy4_gpu_core_neural_output_average_loop_1024_cuda,2,neural_policy,output_average,hooked_step_total,2.623186367098242
toy4,neural_output_average,loop,cuda,1024,3,4,toy4_gpu_core_neural_output_average_loop_1024_cuda,2,neural_policy,output_average,aggregate_row,0.054979616892524064
toy4,neural_output_average,loop,cuda,1024,3,4,toy4_gpu_core_neural_output_average_loop_1024_cuda,2,neural_policy,output_average,write_aggregate,0.00013171008322387934
toy4,neural_output_average,loop,cuda,1024,3,4,toy4_gpu_core_neural_output_average_loop_1024_cuda,3,neural_policy,output_average,sample_revision_mask,4.757102578878403e-05
toy4,neural_output_average,loop,cuda,1024,3,4,toy4_gpu_core_neural_output_average_loop_1024_cuda,3,neural_policy,output_average,build_step_context,1.2282980605959892e-05
toy4,neural_output_average,loop,cuda,1024,3,4,toy4_gpu_core_neural_output_average_loop_1024_cuda,3,neural_policy,output_average,build_observations,0.009982450981624424
toy4,neural_output_average,loop,cuda,1024,3,4,toy4_gpu_core_neural_output_average_loop_1024_cuda,3,neural_policy,output_average,policy_readout,0.0023045699344947934
toy4,neural_output_average,loop,cuda,1024,3,4,toy4_gpu_core_neural_output_average_loop_1024_cuda,3,neural_policy,output_average,decision_selection,0.006097243051044643
toy4,neural_output_average,loop,cuda,1024,3,4,toy4_gpu_core_neural_output_average_loop_1024_cuda,3,neural_policy,output_average,local_training,1.636639605043456
toy4,neural_output_average,loop,cuda,1024,3,4,toy4_gpu_core_neural_output_average_loop_1024_cuda,3,neural_policy,output_average,cache_refresh,0.022425069008022547
toy4,neural_output_average,loop,cuda,1024,3,4,toy4_gpu_core_neural_output_average_loop_1024_cuda,3,neural_policy,output_average,post_local_readout,0.001672882935963571
toy4,neural_output_average,loop,cuda,1024,3,4,toy4_gpu_core_neural_output_average_loop_1024_cuda,3,neural_policy,output_average,local_step,1.6799967900151387
toy4,neural_output_average,loop,cuda,1024,3,4,toy4_gpu_core_neural_output_average_loop_1024_cuda,3,neural_policy,output_average,select_peers,0.0022649350576102734
toy4,neural_output_average,loop,cuda,1024,3,4,toy4_gpu_core_neural_output_average_loop_1024_cuda,3,neural_policy,output_average,social_distillation,1.2953994679264724
toy4,neural_output_average,loop,cuda,1024,3,4,toy4_gpu_core_neural_output_average_loop_1024_cuda,3,neural_policy,output_average,social_step,1.2955087760929018
toy4,neural_output_average,loop,cuda,1024,3,4,toy4_gpu_core_neural_output_average_loop_1024_cuda,3,neural_policy,output_average,sample_actions,1.2653996236622334e-05
toy4,neural_output_average,loop,cuda,1024,3,4,toy4_gpu_core_neural_output_average_loop_1024_cuda,3,neural_policy,output_average,commit_actions,2.2341962903738022e-05
toy4,neural_output_average,loop,cuda,1024,3,4,toy4_gpu_core_neural_output_average_loop_1024_cuda,3,neural_policy,output_average,post_step_state_policy,6.177707109600306e-05
toy4,neural_output_average,loop,cuda,1024,3,4,toy4_gpu_core_neural_output_average_loop_1024_cuda,3,neural_policy,output_average,update_payoff_ema,0.00010688300244510174
toy4,neural_output_average,loop,cuda,1024,3,4,toy4_gpu_core_neural_output_average_loop_1024_cuda,3,neural_policy,output_average,update_reputation_ema,5.692802369594574e-05
toy4,neural_output_average,loop,cuda,1024,3,4,toy4_gpu_core_neural_output_average_loop_1024_cuda,3,neural_policy,output_average,mobility_swaps,7.327902130782604e-05
toy4,neural_output_average,loop,cuda,1024,3,4,toy4_gpu_core_neural_output_average_loop_1024_cuda,3,neural_policy,output_average,finalize_hook_step,5.969300400465727e-05
toy4,neural_output_average,loop,cuda,1024,3,4,toy4_gpu_core_neural_output_average_loop_1024_cuda,3,neural_policy,output_average,hooked_step_total,2.9818746149539948
toy4,neural_output_average,loop,cuda,1024,3,4,toy4_gpu_core_neural_output_average_loop_1024_cuda,3,neural_policy,output_average,aggregate_row,0.05723603710066527
toy4,neural_output_average,loop,cuda,1024,3,4,toy4_gpu_core_neural_output_average_loop_1024_cuda,3,neural_policy,output_average,write_aggregate,0.0003524479689076543
toy4,neural_output_average,batched,cpu,1024,3,4,toy4_gpu_core_neural_output_average_batched_1024_cpu,0,neural_policy,output_average,make_run_dir,0.00046318804379552603
toy4,neural_output_average,batched,cpu,1024,3,4,toy4_gpu_core_neural_output_average_batched_1024_cpu,0,neural_policy,output_average,write_metadata,0.0028219619998708367
toy4,neural_output_average,batched,cpu,1024,3,4,toy4_gpu_core_neural_output_average_batched_1024_cpu,0,neural_policy,output_average,initial_state,0.5276814339449629
toy4,neural_output_average,batched,cpu,1024,3,4,toy4_gpu_core_neural_output_average_batched_1024_cpu,0,neural_policy,output_average,writer_setup,0.0005091649945825338
toy4,neural_output_average,batched,cpu,1024,3,4,toy4_gpu_core_neural_output_average_batched_1024_cpu,0,neural_policy,output_average,initial_step_result,0.011863238993100822
toy4,neural_output_average,batched,cpu,1024,3,4,toy4_gpu_core_neural_output_average_batched_1024_cpu,0,neural_policy,output_average,initial_aggregate_row,0.04228886996861547
toy4,neural_output_average,batched,cpu,1024,3,4,toy4_gpu_core_neural_output_average_batched_1024_cpu,0,neural_policy,output_average,write_initial_aggregate,0.00024688802659511566
toy4,neural_output_average,batched,cpu,1024,3,4,toy4_gpu_core_neural_output_average_batched_1024_cpu,1,neural_policy,output_average,sample_revision_mask,0.00012102897744625807
toy4,neural_output_average,batched,cpu,1024,3,4,toy4_gpu_core_neural_output_average_batched_1024_cpu,1,neural_policy,output_average,build_step_context,4.445505328476429e-05
toy4,neural_output_average,batched,cpu,1024,3,4,toy4_gpu_core_neural_output_average_batched_1024_cpu,1,neural_policy,output_average,build_observations,0.009769507916644216
toy4,neural_output_average,batched,cpu,1024,3,4,toy4_gpu_core_neural_output_average_batched_1024_cpu,1,neural_policy,output_average,policy_readout,0.002158803981728852
toy4,neural_output_average,batched,cpu,1024,3,4,toy4_gpu_core_neural_output_average_batched_1024_cpu,1,neural_policy,output_average,decision_selection,0.007061110925860703
toy4,neural_output_average,batched,cpu,1024,3,4,toy4_gpu_core_neural_output_average_batched_1024_cpu,1,neural_policy,output_average,local_training,0.43429147300776094
toy4,neural_output_average,batched,cpu,1024,3,4,toy4_gpu_core_neural_output_average_batched_1024_cpu,1,neural_policy,output_average,cache_refresh,0.026054522022604942
toy4,neural_output_average,batched,cpu,1024,3,4,toy4_gpu_core_neural_output_average_batched_1024_cpu,1,neural_policy,output_average,post_local_readout,0.001827727071940899
toy4,neural_output_average,batched,cpu,1024,3,4,toy4_gpu_core_neural_output_average_batched_1024_cpu,1,neural_policy,output_average,local_step,0.48225502495188266
toy4,neural_output_average,batched,cpu,1024,3,4,toy4_gpu_core_neural_output_average_batched_1024_cpu,1,neural_policy,output_average,select_peers,0.0034946169471368194
toy4,neural_output_average,batched,cpu,1024,3,4,toy4_gpu_core_neural_output_average_batched_1024_cpu,1,neural_policy,output_average,social_distillation,0.554763876949437
toy4,neural_output_average,batched,cpu,1024,3,4,toy4_gpu_core_neural_output_average_batched_1024_cpu,1,neural_policy,output_average,social_step,0.554904172080569
toy4,neural_output_average,batched,cpu,1024,3,4,toy4_gpu_core_neural_output_average_batched_1024_cpu,1,neural_policy,output_average,sample_actions,4.8390356823801994e-06
toy4,neural_output_average,batched,cpu,1024,3,4,toy4_gpu_core_neural_output_average_batched_1024_cpu,1,neural_policy,output_average,commit_actions,1.266400795429945e-05
toy4,neural_output_average,batched,cpu,1024,3,4,toy4_gpu_core_neural_output_average_batched_1024_cpu,1,neural_policy,output_average,post_step_state_policy,8.269702084362507e-05
toy4,neural_output_average,batched,cpu,1024,3,4,toy4_gpu_core_neural_output_average_batched_1024_cpu,1,neural_policy,output_average,update_payoff_ema,0.00011857505887746811
toy4,neural_output_average,batched,cpu,1024,3,4,toy4_gpu_core_neural_output_average_batched_1024_cpu,1,neural_policy,output_average,update_reputation_ema,4.102801904082298e-05
toy4,neural_output_average,batched,cpu,1024,3,4,toy4_gpu_core_neural_output_average_batched_1024_cpu,1,neural_policy,output_average,mobility_swaps,5.3040916100144386e-05
toy4,neural_output_average,batched,cpu,1024,3,4,toy4_gpu_core_neural_output_average_batched_1024_cpu,1,neural_policy,output_average,finalize_hook_step,2.039899118244648e-05
toy4,neural_output_average,batched,cpu,1024,3,4,toy4_gpu_core_neural_output_average_batched_1024_cpu,1,neural_policy,output_average,hooked_step_total,1.0443726170342416
toy4,neural_output_average,batched,cpu,1024,3,4,toy4_gpu_core_neural_output_average_batched_1024_cpu,1,neural_policy,output_average,aggregate_row,0.06792656204197556
toy4,neural_output_average,batched,cpu,1024,3,4,toy4_gpu_core_neural_output_average_batched_1024_cpu,1,neural_policy,output_average,write_aggregate,0.00016565399710088968
toy4,neural_output_average,batched,cpu,1024,3,4,toy4_gpu_core_neural_output_average_batched_1024_cpu,2,neural_policy,output_average,sample_revision_mask,6.421201396733522e-05
toy4,neural_output_average,batched,cpu,1024,3,4,toy4_gpu_core_neural_output_average_batched_1024_cpu,2,neural_policy,output_average,build_step_context,2.0288978703320026e-05
toy4,neural_output_average,batched,cpu,1024,3,4,toy4_gpu_core_neural_output_average_batched_1024_cpu,2,neural_policy,output_average,build_observations,0.010243136086501181
toy4,neural_output_average,batched,cpu,1024,3,4,toy4_gpu_core_neural_output_average_batched_1024_cpu,2,neural_policy,output_average,policy_readout,0.0021712270099669695
toy4,neural_output_average,batched,cpu,1024,3,4,toy4_gpu_core_neural_output_average_batched_1024_cpu,2,neural_policy,output_average,decision_selection,0.006857624975964427
toy4,neural_output_average,batched,cpu,1024,3,4,toy4_gpu_core_neural_output_average_batched_1024_cpu,2,neural_policy,output_average,local_training,0.38974717701785266
toy4,neural_output_average,batched,cpu,1024,3,4,toy4_gpu_core_neural_output_average_batched_1024_cpu,2,neural_policy,output_average,cache_refresh,0.043826145003549755
toy4,neural_output_average,batched,cpu,1024,3,4,toy4_gpu_core_neural_output_average_batched_1024_cpu,2,neural_policy,output_average,post_local_readout,0.002650256035849452
toy4,neural_output_average,batched,cpu,1024,3,4,toy4_gpu_core_neural_output_average_batched_1024_cpu,2,neural_policy,output_average,local_step,0.45719351700972766
toy4,neural_output_average,batched,cpu,1024,3,4,toy4_gpu_core_neural_output_average_batched_1024_cpu,2,neural_policy,output_average,select_peers,0.00317704607732594
toy4,neural_output_average,batched,cpu,1024,3,4,toy4_gpu_core_neural_output_average_batched_1024_cpu,2,neural_policy,output_average,social_distillation,0.4872936919564381
toy4,neural_output_average,batched,cpu,1024,3,4,toy4_gpu_core_neural_output_average_batched_1024_cpu,2,neural_policy,output_average,social_step,0.4873898249352351
toy4,neural_output_average,batched,cpu,1024,3,4,toy4_gpu_core_neural_output_average_batched_1024_cpu,2,neural_policy,output_average,sample_actions,1.643085852265358e-06
toy4,neural_output_average,batched,cpu,1024,3,4,toy4_gpu_core_neural_output_average_batched_1024_cpu,2,neural_policy,output_average,commit_actions,1.0749907232820988e-05
toy4,neural_output_average,batched,cpu,1024,3,4,toy4_gpu_core_neural_output_average_batched_1024_cpu,2,neural_policy,output_average,post_step_state_policy,5.7079014368355274e-05
toy4,neural_output_average,batched,cpu,1024,3,4,toy4_gpu_core_neural_output_average_batched_1024_cpu,2,neural_policy,output_average,update_payoff_ema,8.330796845257282e-05
toy4,neural_output_average,batched,cpu,1024,3,4,toy4_gpu_core_neural_output_average_batched_1024_cpu,2,neural_policy,output_average,update_reputation_ema,3.720005042850971e-05
toy4,neural_output_average,batched,cpu,1024,3,4,toy4_gpu_core_neural_output_average_batched_1024_cpu,2,neural_policy,output_average,mobility_swaps,8.905900176614523e-05
toy4,neural_output_average,batched,cpu,1024,3,4,toy4_gpu_core_neural_output_average_batched_1024_cpu,2,neural_policy,output_average,finalize_hook_step,1.6521080397069454e-05
toy4,neural_output_average,batched,cpu,1024,3,4,toy4_gpu_core_neural_output_average_batched_1024_cpu,2,neural_policy,output_average,hooked_step_total,0.9515604740008712
toy4,neural_output_average,batched,cpu,1024,3,4,toy4_gpu_core_neural_output_average_batched_1024_cpu,2,neural_policy,output_average,aggregate_row,0.09992304199840873
toy4,neural_output_average,batched,cpu,1024,3,4,toy4_gpu_core_neural_output_average_batched_1024_cpu,2,neural_policy,output_average,write_aggregate,0.0004881260683760047
toy4,neural_output_average,batched,cpu,1024,3,4,toy4_gpu_core_neural_output_average_batched_1024_cpu,3,neural_policy,output_average,sample_revision_mask,0.00020355591550469398
toy4,neural_output_average,batched,cpu,1024,3,4,toy4_gpu_core_neural_output_average_batched_1024_cpu,3,neural_policy,output_average,build_step_context,0.00023913406766951084
toy4,neural_output_average,batched,cpu,1024,3,4,toy4_gpu_core_neural_output_average_batched_1024_cpu,3,neural_policy,output_average,build_observations,0.010291025973856449
toy4,neural_output_average,batched,cpu,1024,3,4,toy4_gpu_core_neural_output_average_batched_1024_cpu,3,neural_policy,output_average,policy_readout,0.002213789033703506
toy4,neural_output_average,batched,cpu,1024,3,4,toy4_gpu_core_neural_output_average_batched_1024_cpu,3,neural_policy,output_average,decision_selection,0.006803423049859703
toy4,neural_output_average,batched,cpu,1024,3,4,toy4_gpu_core_neural_output_average_batched_1024_cpu,3,neural_policy,output_average,local_training,0.47842178703285754
toy4,neural_output_average,batched,cpu,1024,3,4,toy4_gpu_core_neural_output_average_batched_1024_cpu,3,neural_policy,output_average,cache_refresh,0.019453483051620424
toy4,neural_output_average,batched,cpu,1024,3,4,toy4_gpu_core_neural_output_average_batched_1024_cpu,3,neural_policy,output_average,post_local_readout,0.0008271289989352226
toy4,neural_output_average,batched,cpu,1024,3,4,toy4_gpu_core_neural_output_average_batched_1024_cpu,3,neural_policy,output_average,local_step,0.5188386170193553
toy4,neural_output_average,batched,cpu,1024,3,4,toy4_gpu_core_neural_output_average_batched_1024_cpu,3,neural_policy,output_average,select_peers,0.0015881420113146305
toy4,neural_output_average,batched,cpu,1024,3,4,toy4_gpu_core_neural_output_average_batched_1024_cpu,3,neural_policy,output_average,social_distillation,0.941433290950954
toy4,neural_output_average,batched,cpu,1024,3,4,toy4_gpu_core_neural_output_average_batched_1024_cpu,3,neural_policy,output_average,social_step,0.9415076320292428
toy4,neural_output_average,batched,cpu,1024,3,4,toy4_gpu_core_neural_output_average_batched_1024_cpu,3,neural_policy,output_average,sample_actions,3.1960662454366684e-06
toy4,neural_output_average,batched,cpu,1024,3,4,toy4_gpu_core_neural_output_average_batched_1024_cpu,3,neural_policy,output_average,commit_actions,5.511101335287094e-06
toy4,neural_output_average,batched,cpu,1024,3,4,toy4_gpu_core_neural_output_average_batched_1024_cpu,3,neural_policy,output_average,post_step_state_policy,3.9594946429133415e-05
toy4,neural_output_average,batched,cpu,1024,3,4,toy4_gpu_core_neural_output_average_batched_1024_cpu,3,neural_policy,output_average,update_payoff_ema,0.00013078807387501001
toy4,neural_output_average,batched,cpu,1024,3,4,toy4_gpu_core_neural_output_average_batched_1024_cpu,3,neural_policy,output_average,update_reputation_ema,3.385404124855995e-05
toy4,neural_output_average,batched,cpu,1024,3,4,toy4_gpu_core_neural_output_average_batched_1024_cpu,3,neural_policy,output_average,mobility_swaps,3.879307769238949e-05
toy4,neural_output_average,batched,cpu,1024,3,4,toy4_gpu_core_neural_output_average_batched_1024_cpu,3,neural_policy,output_average,finalize_hook_step,1.2743985280394554e-05
toy4,neural_output_average,batched,cpu,1024,3,4,toy4_gpu_core_neural_output_average_batched_1024_cpu,3,neural_policy,output_average,hooked_step_total,1.4657816760009155
toy4,neural_output_average,batched,cpu,1024,3,4,toy4_gpu_core_neural_output_average_batched_1024_cpu,3,neural_policy,output_average,aggregate_row,0.06177680799737573
toy4,neural_output_average,batched,cpu,1024,3,4,toy4_gpu_core_neural_output_average_batched_1024_cpu,3,neural_policy,output_average,write_aggregate,0.00019554095342755318
toy4,neural_output_average,batched,cuda,1024,3,4,toy4_gpu_core_neural_output_average_batched_1024_cuda,0,neural_policy,output_average,make_run_dir,0.0011168579803779721
toy4,neural_output_average,batched,cuda,1024,3,4,toy4_gpu_core_neural_output_average_batched_1024_cuda,0,neural_policy,output_average,write_metadata,0.004717626958154142
toy4,neural_output_average,batched,cuda,1024,3,4,toy4_gpu_core_neural_output_average_batched_1024_cuda,0,neural_policy,output_average,initial_state,0.6754422349622473
toy4,neural_output_average,batched,cuda,1024,3,4,toy4_gpu_core_neural_output_average_batched_1024_cuda,0,neural_policy,output_average,writer_setup,0.000854320009239018
toy4,neural_output_average,batched,cuda,1024,3,4,toy4_gpu_core_neural_output_average_batched_1024_cuda,0,neural_policy,output_average,initial_step_result,0.01761285203974694
toy4,neural_output_average,batched,cuda,1024,3,4,toy4_gpu_core_neural_output_average_batched_1024_cuda,0,neural_policy,output_average,initial_aggregate_row,0.06769696599803865
toy4,neural_output_average,batched,cuda,1024,3,4,toy4_gpu_core_neural_output_average_batched_1024_cuda,0,neural_policy,output_average,write_initial_aggregate,0.0003332120832055807
toy4,neural_output_average,batched,cuda,1024,3,4,toy4_gpu_core_neural_output_average_batched_1024_cuda,1,neural_policy,output_average,sample_revision_mask,0.00013902399223297834
toy4,neural_output_average,batched,cuda,1024,3,4,toy4_gpu_core_neural_output_average_batched_1024_cuda,1,neural_policy,output_average,build_step_context,3.8452912122011185e-05
toy4,neural_output_average,batched,cuda,1024,3,4,toy4_gpu_core_neural_output_average_batched_1024_cuda,1,neural_policy,output_average,build_observations,0.011461976915597916
toy4,neural_output_average,batched,cuda,1024,3,4,toy4_gpu_core_neural_output_average_batched_1024_cuda,1,neural_policy,output_average,policy_readout,0.0021371529437601566
toy4,neural_output_average,batched,cuda,1024,3,4,toy4_gpu_core_neural_output_average_batched_1024_cuda,1,neural_policy,output_average,decision_selection,0.00780295894946903
toy4,neural_output_average,batched,cuda,1024,3,4,toy4_gpu_core_neural_output_average_batched_1024_cuda,1,neural_policy,output_average,local_training,0.7535978069063276
toy4,neural_output_average,batched,cuda,1024,3,4,toy4_gpu_core_neural_output_average_batched_1024_cuda,1,neural_policy,output_average,cache_refresh,0.0555597780039534
toy4,neural_output_average,batched,cuda,1024,3,4,toy4_gpu_core_neural_output_average_batched_1024_cuda,1,neural_policy,output_average,post_local_readout,0.001100227003917098
toy4,neural_output_average,batched,cuda,1024,3,4,toy4_gpu_core_neural_output_average_batched_1024_cuda,1,neural_policy,output_average,local_step,0.8328912559663877
toy4,neural_output_average,batched,cuda,1024,3,4,toy4_gpu_core_neural_output_average_batched_1024_cuda,1,neural_policy,output_average,select_peers,0.001588934101164341
toy4,neural_output_average,batched,cuda,1024,3,4,toy4_gpu_core_neural_output_average_batched_1024_cuda,1,neural_policy,output_average,social_distillation,0.7418703680159524
toy4,neural_output_average,batched,cuda,1024,3,4,toy4_gpu_core_neural_output_average_batched_1024_cuda,1,neural_policy,output_average,social_step,0.7419452499598265
toy4,neural_output_average,batched,cuda,1024,3,4,toy4_gpu_core_neural_output_average_batched_1024_cuda,1,neural_policy,output_average,sample_actions,1.2824079021811485e-05
toy4,neural_output_average,batched,cuda,1024,3,4,toy4_gpu_core_neural_output_average_batched_1024_cuda,1,neural_policy,output_average,commit_actions,1.2845033779740334e-05
toy4,neural_output_average,batched,cuda,1024,3,4,toy4_gpu_core_neural_output_average_batched_1024_cuda,1,neural_policy,output_average,post_step_state_policy,6.86009880155325e-05
toy4,neural_output_average,batched,cuda,1024,3,4,toy4_gpu_core_neural_output_average_batched_1024_cuda,1,neural_policy,output_average,update_payoff_ema,7.018400356173515e-05
toy4,neural_output_average,batched,cuda,1024,3,4,toy4_gpu_core_neural_output_average_batched_1024_cuda,1,neural_policy,output_average,update_reputation_ema,4.839198663830757e-05
toy4,neural_output_average,batched,cuda,1024,3,4,toy4_gpu_core_neural_output_average_batched_1024_cuda,1,neural_policy,output_average,mobility_swaps,4.9344031140208244e-05
toy4,neural_output_average,batched,cuda,1024,3,4,toy4_gpu_core_neural_output_average_batched_1024_cuda,1,neural_policy,output_average,finalize_hook_step,2.0209001377224922e-05
toy4,neural_output_average,batched,cuda,1024,3,4,toy4_gpu_core_neural_output_average_batched_1024_cuda,1,neural_policy,output_average,hooked_step_total,1.579223245033063
toy4,neural_output_average,batched,cuda,1024,3,4,toy4_gpu_core_neural_output_average_batched_1024_cuda,1,neural_policy,output_average,aggregate_row,0.055988330976106226
toy4,neural_output_average,batched,cuda,1024,3,4,toy4_gpu_core_neural_output_average_batched_1024_cuda,1,neural_policy,output_average,write_aggregate,0.00016750802751630545
toy4,neural_output_average,batched,cuda,1024,3,4,toy4_gpu_core_neural_output_average_batched_1024_cuda,2,neural_policy,output_average,sample_revision_mask,4.8412010073661804e-05
toy4,neural_output_average,batched,cuda,1024,3,4,toy4_gpu_core_neural_output_average_batched_1024_cuda,2,neural_policy,output_average,build_step_context,1.576996874064207e-05
toy4,neural_output_average,batched,cuda,1024,3,4,toy4_gpu_core_neural_output_average_batched_1024_cuda,2,neural_policy,output_average,build_observations,0.009284829022362828
toy4,neural_output_average,batched,cuda,1024,3,4,toy4_gpu_core_neural_output_average_batched_1024_cuda,2,neural_policy,output_average,policy_readout,0.0014034620253369212
toy4,neural_output_average,batched,cuda,1024,3,4,toy4_gpu_core_neural_output_average_batched_1024_cuda,2,neural_policy,output_average,decision_selection,0.005345508106984198
toy4,neural_output_average,batched,cuda,1024,3,4,toy4_gpu_core_neural_output_average_batched_1024_cuda,2,neural_policy,output_average,local_training,0.5940052150981501
toy4,neural_output_average,batched,cuda,1024,3,4,toy4_gpu_core_neural_output_average_batched_1024_cuda,2,neural_policy,output_average,cache_refresh,0.02511702396441251
toy4,neural_output_average,batched,cuda,1024,3,4,toy4_gpu_core_neural_output_average_batched_1024_cuda,2,neural_policy,output_average,post_local_readout,0.001499923993833363
toy4,neural_output_average,batched,cuda,1024,3,4,toy4_gpu_core_neural_output_average_batched_1024_cuda,2,neural_policy,output_average,local_step,0.6381201280746609
toy4,neural_output_average,batched,cuda,1024,3,4,toy4_gpu_core_neural_output_average_batched_1024_cuda,2,neural_policy,output_average,select_peers,0.0017258130246773362
toy4,neural_output_average,batched,cuda,1024,3,4,toy4_gpu_core_neural_output_average_batched_1024_cuda,2,neural_policy,output_average,social_distillation,0.9039061689982191
toy4,neural_output_average,batched,cuda,1024,3,4,toy4_gpu_core_neural_output_average_batched_1024_cuda,2,neural_policy,output_average,social_step,0.9039963509421796
toy4,neural_output_average,batched,cuda,1024,3,4,toy4_gpu_core_neural_output_average_batched_1024_cuda,2,neural_policy,output_average,sample_actions,7.573980838060379e-06
toy4,neural_output_average,batched,cuda,1024,3,4,toy4_gpu_core_neural_output_average_batched_1024_cuda,2,neural_policy,output_average,commit_actions,2.122996374964714e-05
toy4,neural_output_average,batched,cuda,1024,3,4,toy4_gpu_core_neural_output_average_batched_1024_cuda,2,neural_policy,output_average,post_step_state_policy,0.00010121194645762444
toy4,neural_output_average,batched,cuda,1024,3,4,toy4_gpu_core_neural_output_average_batched_1024_cuda,2,neural_policy,output_average,update_payoff_ema,0.00017298804596066475
toy4,neural_output_average,batched,cuda,1024,3,4,toy4_gpu_core_neural_output_average_batched_1024_cuda,2,neural_policy,output_average,update_reputation_ema,3.90239292755723e-05
toy4,neural_output_average,batched,cuda,1024,3,4,toy4_gpu_core_neural_output_average_batched_1024_cuda,2,neural_policy,output_average,mobility_swaps,4.8802001401782036e-05
toy4,neural_output_average,batched,cuda,1024,3,4,toy4_gpu_core_neural_output_average_batched_1024_cuda,2,neural_policy,output_average,finalize_hook_step,2.3824977688491344e-05
toy4,neural_output_average,batched,cuda,1024,3,4,toy4_gpu_core_neural_output_average_batched_1024_cuda,2,neural_policy,output_average,hooked_step_total,1.5475220999214798
toy4,neural_output_average,batched,cuda,1024,3,4,toy4_gpu_core_neural_output_average_batched_1024_cuda,2,neural_policy,output_average,aggregate_row,0.058258836972527206
toy4,neural_output_average,batched,cuda,1024,3,4,toy4_gpu_core_neural_output_average_batched_1024_cuda,2,neural_policy,output_average,write_aggregate,0.00011551904026418924
toy4,neural_output_average,batched,cuda,1024,3,4,toy4_gpu_core_neural_output_average_batched_1024_cuda,3,neural_policy,output_average,sample_revision_mask,5.658797454088926e-05
toy4,neural_output_average,batched,cuda,1024,3,4,toy4_gpu_core_neural_output_average_batched_1024_cuda,3,neural_policy,output_average,build_step_context,1.4467979781329632e-05
toy4,neural_output_average,batched,cuda,1024,3,4,toy4_gpu_core_neural_output_average_batched_1024_cuda,3,neural_policy,output_average,build_observations,0.012137028039433062
toy4,neural_output_average,batched,cuda,1024,3,4,toy4_gpu_core_neural_output_average_batched_1024_cuda,3,neural_policy,output_average,policy_readout,0.002278961008414626
toy4,neural_output_average,batched,cuda,1024,3,4,toy4_gpu_core_neural_output_average_batched_1024_cuda,3,neural_policy,output_average,decision_selection,0.005762377986684442
toy4,neural_output_average,batched,cuda,1024,3,4,toy4_gpu_core_neural_output_average_batched_1024_cuda,3,neural_policy,output_average,local_training,0.5140201050089672
toy4,neural_output_average,batched,cuda,1024,3,4,toy4_gpu_core_neural_output_average_batched_1024_cuda,3,neural_policy,output_average,cache_refresh,0.02372096700128168
toy4,neural_output_average,batched,cuda,1024,3,4,toy4_gpu_core_neural_output_average_batched_1024_cuda,3,neural_policy,output_average,post_local_readout,0.0021889909403398633
toy4,neural_output_average,batched,cuda,1024,3,4,toy4_gpu_core_neural_output_average_batched_1024_cuda,3,neural_policy,output_average,local_step,0.5616036370629445
toy4,neural_output_average,batched,cuda,1024,3,4,toy4_gpu_core_neural_output_average_batched_1024_cuda,3,neural_policy,output_average,select_peers,0.0015608299290761352
toy4,neural_output_average,batched,cuda,1024,3,4,toy4_gpu_core_neural_output_average_batched_1024_cuda,3,neural_policy,output_average,social_distillation,0.7982121339300647
toy4,neural_output_average,batched,cuda,1024,3,4,toy4_gpu_core_neural_output_average_batched_1024_cuda,3,neural_policy,output_average,social_step,0.7983154100365937
toy4,neural_output_average,batched,cuda,1024,3,4,toy4_gpu_core_neural_output_average_batched_1024_cuda,3,neural_policy,output_average,sample_actions,9.226961992681026e-06
toy4,neural_output_average,batched,cuda,1024,3,4,toy4_gpu_core_neural_output_average_batched_1024_cuda,3,neural_policy,output_average,commit_actions,1.6842037439346313e-05
toy4,neural_output_average,batched,cuda,1024,3,4,toy4_gpu_core_neural_output_average_batched_1024_cuda,3,neural_policy,output_average,post_step_state_policy,5.532498471438885e-05
toy4,neural_output_average,batched,cuda,1024,3,4,toy4_gpu_core_neural_output_average_batched_1024_cuda,3,neural_policy,output_average,update_payoff_ema,0.00010907696560025215
toy4,neural_output_average,batched,cuda,1024,3,4,toy4_gpu_core_neural_output_average_batched_1024_cuda,3,neural_policy,output_average,update_reputation_ema,4.6667992137372494e-05
toy4,neural_output_average,batched,cuda,1024,3,4,toy4_gpu_core_neural_output_average_batched_1024_cuda,3,neural_policy,output_average,mobility_swaps,3.747094888240099e-05
toy4,neural_output_average,batched,cuda,1024,3,4,toy4_gpu_core_neural_output_average_batched_1024_cuda,3,neural_policy,output_average,finalize_hook_step,2.600892912596464e-05
toy4,neural_output_average,batched,cuda,1024,3,4,toy4_gpu_core_neural_output_average_batched_1024_cuda,3,neural_policy,output_average,hooked_step_total,1.36504798498936
toy4,neural_output_average,batched,cuda,1024,3,4,toy4_gpu_core_neural_output_average_batched_1024_cuda,3,neural_policy,output_average,aggregate_row,0.04653191694524139
toy4,neural_output_average,batched,cuda,1024,3,4,toy4_gpu_core_neural_output_average_batched_1024_cuda,3,neural_policy,output_average,write_aggregate,0.00011605001054704189
toy5,neural_none,loop,cpu,64,3,4,toy5_gpu_core_neural_none_loop_64_cpu,0,neural_policy,none,make_run_dir,0.00034027500078082085
toy5,neural_none,loop,cpu,64,3,4,toy5_gpu_core_neural_none_loop_64_cpu,0,neural_policy,none,write_metadata,0.0025400070007890463
toy5,neural_none,loop,cpu,64,3,4,toy5_gpu_core_neural_none_loop_64_cpu,0,neural_policy,none,initial_state,0.02865797991398722
toy5,neural_none,loop,cpu,64,3,4,toy5_gpu_core_neural_none_loop_64_cpu,0,neural_policy,none,writer_setup,0.0003962819464504719
toy5,neural_none,loop,cpu,64,3,4,toy5_gpu_core_neural_none_loop_64_cpu,0,neural_policy,none,initial_step_result,0.0009116489673033357
toy5,neural_none,loop,cpu,64,3,4,toy5_gpu_core_neural_none_loop_64_cpu,0,neural_policy,none,initial_aggregate_row,0.0011231900425627828
toy5,neural_none,loop,cpu,64,3,4,toy5_gpu_core_neural_none_loop_64_cpu,0,neural_policy,none,write_initial_aggregate,5.252996925264597e-05
toy5,neural_none,loop,cpu,64,3,4,toy5_gpu_core_neural_none_loop_64_cpu,1,neural_policy,none,sample_revision_mask,1.9576982595026493e-05
toy5,neural_none,loop,cpu,64,3,4,toy5_gpu_core_neural_none_loop_64_cpu,1,neural_policy,none,build_step_context,0.0002293050056323409
toy5,neural_none,loop,cpu,64,3,4,toy5_gpu_core_neural_none_loop_64_cpu,1,neural_policy,none,build_observations,0.00039827602449804544
toy5,neural_none,loop,cpu,64,3,4,toy5_gpu_core_neural_none_loop_64_cpu,1,neural_policy,none,policy_readout,0.0009550009854137897
toy5,neural_none,loop,cpu,64,3,4,toy5_gpu_core_neural_none_loop_64_cpu,1,neural_policy,none,decision_selection,0.00015863100998103619
toy5,neural_none,loop,cpu,64,3,4,toy5_gpu_core_neural_none_loop_64_cpu,1,neural_policy,none,local_training,0.042181035969406366
toy5,neural_none,loop,cpu,64,3,4,toy5_gpu_core_neural_none_loop_64_cpu,1,neural_policy,none,cache_refresh,0.0010839749593287706
toy5,neural_none,loop,cpu,64,3,4,toy5_gpu_core_neural_none_loop_64_cpu,1,neural_policy,none,post_local_readout,0.0006122909253463149
toy5,neural_none,loop,cpu,64,3,4,toy5_gpu_core_neural_none_loop_64_cpu,1,neural_policy,none,local_step,0.04567049292381853
toy5,neural_none,loop,cpu,64,3,4,toy5_gpu_core_neural_none_loop_64_cpu,1,neural_policy,none,select_peers,0.00016931095160543919
toy5,neural_none,loop,cpu,64,3,4,toy5_gpu_core_neural_none_loop_64_cpu,1,neural_policy,none,social_step,2.446700818836689e-05
toy5,neural_none,loop,cpu,64,3,4,toy5_gpu_core_neural_none_loop_64_cpu,1,neural_policy,none,sample_actions,1.4819670468568802e-06
toy5,neural_none,loop,cpu,64,3,4,toy5_gpu_core_neural_none_loop_64_cpu,1,neural_policy,none,commit_actions,7.077492773532867e-05
toy5,neural_none,loop,cpu,64,3,4,toy5_gpu_core_neural_none_loop_64_cpu,1,neural_policy,none,post_step_state_policy,2.825399860739708e-05
toy5,neural_none,loop,cpu,64,3,4,toy5_gpu_core_neural_none_loop_64_cpu,1,neural_policy,none,update_reputation_ema,2.0619016140699387e-05
toy5,neural_none,loop,cpu,64,3,4,toy5_gpu_core_neural_none_loop_64_cpu,1,neural_policy,none,finalize_hook_step,9.958981536328793e-06
toy5,neural_none,loop,cpu,64,3,4,toy5_gpu_core_neural_none_loop_64_cpu,1,neural_policy,none,hooked_step_total,0.046849430073052645
toy5,neural_none,loop,cpu,64,3,4,toy5_gpu_core_neural_none_loop_64_cpu,1,neural_policy,none,aggregate_row,0.0011526860762387514
toy5,neural_none,loop,cpu,64,3,4,toy5_gpu_core_neural_none_loop_64_cpu,1,neural_policy,none,write_aggregate,7.43010314181447e-05
toy5,neural_none,loop,cpu,64,3,4,toy5_gpu_core_neural_none_loop_64_cpu,2,neural_policy,none,sample_revision_mask,1.4076009392738342e-05
toy5,neural_none,loop,cpu,64,3,4,toy5_gpu_core_neural_none_loop_64_cpu,2,neural_policy,none,build_step_context,0.00038545101415365934
toy5,neural_none,loop,cpu,64,3,4,toy5_gpu_core_neural_none_loop_64_cpu,2,neural_policy,none,build_observations,0.0005045270081609488
toy5,neural_none,loop,cpu,64,3,4,toy5_gpu_core_neural_none_loop_64_cpu,2,neural_policy,none,policy_readout,0.0002505650045350194
toy5,neural_none,loop,cpu,64,3,4,toy5_gpu_core_neural_none_loop_64_cpu,2,neural_policy,none,decision_selection,0.00024272094015032053
toy5,neural_none,loop,cpu,64,3,4,toy5_gpu_core_neural_none_loop_64_cpu,2,neural_policy,none,local_training,0.0358605389483273
toy5,neural_none,loop,cpu,64,3,4,toy5_gpu_core_neural_none_loop_64_cpu,2,neural_policy,none,cache_refresh,0.0017361630452796817
toy5,neural_none,loop,cpu,64,3,4,toy5_gpu_core_neural_none_loop_64_cpu,2,neural_policy,none,post_local_readout,0.0007889759726822376
toy5,neural_none,loop,cpu,64,3,4,toy5_gpu_core_neural_none_loop_64_cpu,2,neural_policy,none,local_step,0.040025447960942984
toy5,neural_none,loop,cpu,64,3,4,toy5_gpu_core_neural_none_loop_64_cpu,2,neural_policy,none,select_peers,0.00021763297263532877
toy5,neural_none,loop,cpu,64,3,4,toy5_gpu_core_neural_none_loop_64_cpu,2,neural_policy,none,social_step,4.078703932464123e-05
toy5,neural_none,loop,cpu,64,3,4,toy5_gpu_core_neural_none_loop_64_cpu,2,neural_policy,none,sample_actions,1.2119999155402184e-06
toy5,neural_none,loop,cpu,64,3,4,toy5_gpu_core_neural_none_loop_64_cpu,2,neural_policy,none,commit_actions,0.00011286395601928234
toy5,neural_none,loop,cpu,64,3,4,toy5_gpu_core_neural_none_loop_64_cpu,2,neural_policy,none,post_step_state_policy,3.208091948181391e-05
toy5,neural_none,loop,cpu,64,3,4,toy5_gpu_core_neural_none_loop_64_cpu,2,neural_policy,none,update_reputation_ema,3.461609594523907e-05
toy5,neural_none,loop,cpu,64,3,4,toy5_gpu_core_neural_none_loop_64_cpu,2,neural_policy,none,finalize_hook_step,5.559995770454407e-06
toy5,neural_none,loop,cpu,64,3,4,toy5_gpu_core_neural_none_loop_64_cpu,2,neural_policy,none,hooked_step_total,0.04204701189883053
toy5,neural_none,loop,cpu,64,3,4,toy5_gpu_core_neural_none_loop_64_cpu,2,neural_policy,none,aggregate_row,0.001439390005543828
toy5,neural_none,loop,cpu,64,3,4,toy5_gpu_core_neural_none_loop_64_cpu,2,neural_policy,none,write_aggregate,0.00013896310701966286
toy5,neural_none,loop,cpu,64,3,4,toy5_gpu_core_neural_none_loop_64_cpu,3,neural_policy,none,sample_revision_mask,2.2553023882210255e-05
toy5,neural_none,loop,cpu,64,3,4,toy5_gpu_core_neural_none_loop_64_cpu,3,neural_policy,none,build_step_context,0.0002423590049147606
toy5,neural_none,loop,cpu,64,3,4,toy5_gpu_core_neural_none_loop_64_cpu,3,neural_policy,none,build_observations,0.0005021520191803575
toy5,neural_none,loop,cpu,64,3,4,toy5_gpu_core_neural_none_loop_64_cpu,3,neural_policy,none,policy_readout,0.000343392021022737
toy5,neural_none,loop,cpu,64,3,4,toy5_gpu_core_neural_none_loop_64_cpu,3,neural_policy,none,decision_selection,0.00025919091422110796
toy5,neural_none,loop,cpu,64,3,4,toy5_gpu_core_neural_none_loop_64_cpu,3,neural_policy,none,local_training,0.0456870460184291
toy5,neural_none,loop,cpu,64,3,4,toy5_gpu_core_neural_none_loop_64_cpu,3,neural_policy,none,cache_refresh,0.001568485051393509
toy5,neural_none,loop,cpu,64,3,4,toy5_gpu_core_neural_none_loop_64_cpu,3,neural_policy,none,post_local_readout,0.0006940159946680069
toy5,neural_none,loop,cpu,64,3,4,toy5_gpu_core_neural_none_loop_64_cpu,3,neural_policy,none,local_step,0.049626957974396646
toy5,neural_none,loop,cpu,64,3,4,toy5_gpu_core_neural_none_loop_64_cpu,3,neural_policy,none,select_peers,0.00018947001080960035
toy5,neural_none,loop,cpu,64,3,4,toy5_gpu_core_neural_none_loop_64_cpu,3,neural_policy,none,social_step,2.415594644844532e-05
toy5,neural_none,loop,cpu,64,3,4,toy5_gpu_core_neural_none_loop_64_cpu,3,neural_policy,none,sample_actions,1.0420335456728935e-06
toy5,neural_none,loop,cpu,64,3,4,toy5_gpu_core_neural_none_loop_64_cpu,3,neural_policy,none,commit_actions,8.14039958640933e-05
toy5,neural_none,loop,cpu,64,3,4,toy5_gpu_core_neural_none_loop_64_cpu,3,neural_policy,none,post_step_state_policy,3.064796328544617e-05
toy5,neural_none,loop,cpu,64,3,4,toy5_gpu_core_neural_none_loop_64_cpu,3,neural_policy,none,update_reputation_ema,2.4406006559729576e-05
toy5,neural_none,loop,cpu,64,3,4,toy5_gpu_core_neural_none_loop_64_cpu,3,neural_policy,none,finalize_hook_step,6.112037226557732e-06
toy5,neural_none,loop,cpu,64,3,4,toy5_gpu_core_neural_none_loop_64_cpu,3,neural_policy,none,hooked_step_total,0.05105654906947166
toy5,neural_none,loop,cpu,64,3,4,toy5_gpu_core_neural_none_loop_64_cpu,3,neural_policy,none,aggregate_row,0.0018330059247091413
toy5,neural_none,loop,cpu,64,3,4,toy5_gpu_core_neural_none_loop_64_cpu,3,neural_policy,none,write_aggregate,0.00010858592577278614
toy5,neural_none,loop,cuda,64,3,4,toy5_gpu_core_neural_none_loop_64_cuda,0,neural_policy,none,make_run_dir,0.0004280819557607174
toy5,neural_none,loop,cuda,64,3,4,toy5_gpu_core_neural_none_loop_64_cuda,0,neural_policy,none,write_metadata,0.0030709339771419764
toy5,neural_none,loop,cuda,64,3,4,toy5_gpu_core_neural_none_loop_64_cuda,0,neural_policy,none,initial_state,0.043737597996369004
toy5,neural_none,loop,cuda,64,3,4,toy5_gpu_core_neural_none_loop_64_cuda,0,neural_policy,none,writer_setup,0.0008329099509865046
toy5,neural_none,loop,cuda,64,3,4,toy5_gpu_core_neural_none_loop_64_cuda,0,neural_policy,none,initial_step_result,0.0014777618926018476
toy5,neural_none,loop,cuda,64,3,4,toy5_gpu_core_neural_none_loop_64_cuda,0,neural_policy,none,initial_aggregate_row,0.006711167050525546
toy5,neural_none,loop,cuda,64,3,4,toy5_gpu_core_neural_none_loop_64_cuda,0,neural_policy,none,write_initial_aggregate,5.5044074542820454e-05
toy5,neural_none,loop,cuda,64,3,4,toy5_gpu_core_neural_none_loop_64_cuda,1,neural_policy,none,sample_revision_mask,2.3504020646214485e-05
toy5,neural_none,loop,cuda,64,3,4,toy5_gpu_core_neural_none_loop_64_cuda,1,neural_policy,none,build_step_context,0.0002394840121269226
toy5,neural_none,loop,cuda,64,3,4,toy5_gpu_core_neural_none_loop_64_cuda,1,neural_policy,none,build_observations,0.0004343530163168907
toy5,neural_none,loop,cuda,64,3,4,toy5_gpu_core_neural_none_loop_64_cuda,1,neural_policy,none,policy_readout,0.0011643279576674104
toy5,neural_none,loop,cuda,64,3,4,toy5_gpu_core_neural_none_loop_64_cuda,1,neural_policy,none,decision_selection,0.00028358795680105686
toy5,neural_none,loop,cuda,64,3,4,toy5_gpu_core_neural_none_loop_64_cuda,1,neural_policy,none,local_training,0.09721055999398232
toy5,neural_none,loop,cuda,64,3,4,toy5_gpu_core_neural_none_loop_64_cuda,1,neural_policy,none,cache_refresh,0.0027785690035670996
toy5,neural_none,loop,cuda,64,3,4,toy5_gpu_core_neural_none_loop_64_cuda,1,neural_policy,none,post_local_readout,0.0008576769614592195
toy5,neural_none,loop,cuda,64,3,4,toy5_gpu_core_neural_none_loop_64_cuda,1,neural_policy,none,local_step,0.103677794104442
toy5,neural_none,loop,cuda,64,3,4,toy5_gpu_core_neural_none_loop_64_cuda,1,neural_policy,none,select_peers,0.0004703219747170806
toy5,neural_none,loop,cuda,64,3,4,toy5_gpu_core_neural_none_loop_64_cuda,1,neural_policy,none,social_step,0.00013672898057848215
toy5,neural_none,loop,cuda,64,3,4,toy5_gpu_core_neural_none_loop_64_cuda,1,neural_policy,none,sample_actions,6.041023880243301e-06
toy5,neural_none,loop,cuda,64,3,4,toy5_gpu_core_neural_none_loop_64_cuda,1,neural_policy,none,commit_actions,0.00011304393410682678
toy5,neural_none,loop,cuda,64,3,4,toy5_gpu_core_neural_none_loop_64_cuda,1,neural_policy,none,post_step_state_policy,4.044699016958475e-05
toy5,neural_none,loop,cuda,64,3,4,toy5_gpu_core_neural_none_loop_64_cuda,1,neural_policy,none,update_reputation_ema,3.899401053786278e-05
toy5,neural_none,loop,cuda,64,3,4,toy5_gpu_core_neural_none_loop_64_cuda,1,neural_policy,none,finalize_hook_step,2.3734988644719124e-05
toy5,neural_none,loop,cuda,64,3,4,toy5_gpu_core_neural_none_loop_64_cuda,1,neural_policy,none,hooked_step_total,0.10620077897328883
toy5,neural_none,loop,cuda,64,3,4,toy5_gpu_core_neural_none_loop_64_cuda,1,neural_policy,none,aggregate_row,0.0015011969953775406
toy5,neural_none,loop,cuda,64,3,4,toy5_gpu_core_neural_none_loop_64_cuda,1,neural_policy,none,write_aggregate,0.0001716860570013523
toy5,neural_none,loop,cuda,64,3,4,toy5_gpu_core_neural_none_loop_64_cuda,2,neural_policy,none,sample_revision_mask,3.748200833797455e-05
toy5,neural_none,loop,cuda,64,3,4,toy5_gpu_core_neural_none_loop_64_cuda,2,neural_policy,none,build_step_context,0.0003267190186306834
toy5,neural_none,loop,cuda,64,3,4,toy5_gpu_core_neural_none_loop_64_cuda,2,neural_policy,none,build_observations,0.000502933980897069
toy5,neural_none,loop,cuda,64,3,4,toy5_gpu_core_neural_none_loop_64_cuda,2,neural_policy,none,policy_readout,0.0008646900532767177
toy5,neural_none,loop,cuda,64,3,4,toy5_gpu_core_neural_none_loop_64_cuda,2,neural_policy,none,decision_selection,0.00041886395774781704
toy5,neural_none,loop,cuda,64,3,4,toy5_gpu_core_neural_none_loop_64_cuda,2,neural_policy,none,local_training,0.10253001807723194
toy5,neural_none,loop,cuda,64,3,4,toy5_gpu_core_neural_none_loop_64_cuda,2,neural_policy,none,cache_refresh,0.0017924390267580748
toy5,neural_none,loop,cuda,64,3,4,toy5_gpu_core_neural_none_loop_64_cuda,2,neural_policy,none,post_local_readout,0.001339319976978004
toy5,neural_none,loop,cuda,64,3,4,toy5_gpu_core_neural_none_loop_64_cuda,2,neural_policy,none,local_step,0.10906153509858996
toy5,neural_none,loop,cuda,64,3,4,toy5_gpu_core_neural_none_loop_64_cuda,2,neural_policy,none,select_peers,0.0003732680343091488
toy5,neural_none,loop,cuda,64,3,4,toy5_gpu_core_neural_none_loop_64_cuda,2,neural_policy,none,social_step,0.0001340339658781886
toy5,neural_none,loop,cuda,64,3,4,toy5_gpu_core_neural_none_loop_64_cuda,2,neural_policy,none,sample_actions,7.084105163812637e-06
toy5,neural_none,loop,cuda,64,3,4,toy5_gpu_core_neural_none_loop_64_cuda,2,neural_policy,none,commit_actions,0.00016535399481654167
toy5,neural_none,loop,cuda,64,3,4,toy5_gpu_core_neural_none_loop_64_cuda,2,neural_policy,none,post_step_state_policy,4.26609767600894e-05
toy5,neural_none,loop,cuda,64,3,4,toy5_gpu_core_neural_none_loop_64_cuda,2,neural_policy,none,update_reputation_ema,4.483491647988558e-05
toy5,neural_none,loop,cuda,64,3,4,toy5_gpu_core_neural_none_loop_64_cuda,2,neural_policy,none,finalize_hook_step,1.8283957615494728e-05
toy5,neural_none,loop,cuda,64,3,4,toy5_gpu_core_neural_none_loop_64_cuda,2,neural_policy,none,hooked_step_total,0.11161320400424302
toy5,neural_none,loop,cuda,64,3,4,toy5_gpu_core_neural_none_loop_64_cuda,2,neural_policy,none,aggregate_row,0.0017904849955812097
toy5,neural_none,loop,cuda,64,3,4,toy5_gpu_core_neural_none_loop_64_cuda,2,neural_policy,none,write_aggregate,0.00018918898422271013
toy5,neural_none,loop,cuda,64,3,4,toy5_gpu_core_neural_none_loop_64_cuda,3,neural_policy,none,sample_revision_mask,4.6337954699993134e-05
toy5,neural_none,loop,cuda,64,3,4,toy5_gpu_core_neural_none_loop_64_cuda,3,neural_policy,none,build_step_context,0.0003020019503310323
toy5,neural_none,loop,cuda,64,3,4,toy5_gpu_core_neural_none_loop_64_cuda,3,neural_policy,none,build_observations,0.000436867936514318
toy5,neural_none,loop,cuda,64,3,4,toy5_gpu_core_neural_none_loop_64_cuda,3,neural_policy,none,policy_readout,0.0004113600589334965
toy5,neural_none,loop,cuda,64,3,4,toy5_gpu_core_neural_none_loop_64_cuda,3,neural_policy,none,decision_selection,0.00022513698786497116
toy5,neural_none,loop,cuda,64,3,4,toy5_gpu_core_neural_none_loop_64_cuda,3,neural_policy,none,local_training,0.09513457294087857
toy5,neural_none,loop,cuda,64,3,4,toy5_gpu_core_neural_none_loop_64_cuda,3,neural_policy,none,cache_refresh,0.0016928099794313312
toy5,neural_none,loop,cuda,64,3,4,toy5_gpu_core_neural_none_loop_64_cuda,3,neural_policy,none,post_local_readout,0.0006030129734426737
toy5,neural_none,loop,cuda,64,3,4,toy5_gpu_core_neural_none_loop_64_cuda,3,neural_policy,none,local_step,0.0993540050694719
toy5,neural_none,loop,cuda,64,3,4,toy5_gpu_core_neural_none_loop_64_cuda,3,neural_policy,none,select_peers,0.0002771849976852536
toy5,neural_none,loop,cuda,64,3,4,toy5_gpu_core_neural_none_loop_64_cuda,3,neural_policy,none,social_step,8.289702236652374e-05
toy5,neural_none,loop,cuda,64,3,4,toy5_gpu_core_neural_none_loop_64_cuda,3,neural_policy,none,sample_actions,5.880952812731266e-06
toy5,neural_none,loop,cuda,64,3,4,toy5_gpu_core_neural_none_loop_64_cuda,3,neural_policy,none,commit_actions,0.00012275308836251497
toy5,neural_none,loop,cuda,64,3,4,toy5_gpu_core_neural_none_loop_64_cuda,3,neural_policy,none,post_step_state_policy,5.3190975449979305e-05
toy5,neural_none,loop,cuda,64,3,4,toy5_gpu_core_neural_none_loop_64_cuda,3,neural_policy,none,update_reputation_ema,6.242806557565928e-05
toy5,neural_none,loop,cuda,64,3,4,toy5_gpu_core_neural_none_loop_64_cuda,3,neural_policy,none,finalize_hook_step,9.136972948908806e-06
toy5,neural_none,loop,cuda,64,3,4,toy5_gpu_core_neural_none_loop_64_cuda,3,neural_policy,none,hooked_step_total,0.1011933219851926
toy5,neural_none,loop,cuda,64,3,4,toy5_gpu_core_neural_none_loop_64_cuda,3,neural_policy,none,aggregate_row,0.0014977899845689535
toy5,neural_none,loop,cuda,64,3,4,toy5_gpu_core_neural_none_loop_64_cuda,3,neural_policy,none,write_aggregate,8.28669872134924e-05
toy5,neural_none,batched,cpu,64,3,4,toy5_gpu_core_neural_none_batched_64_cpu,0,neural_policy,none,make_run_dir,0.0003278920194134116
toy5,neural_none,batched,cpu,64,3,4,toy5_gpu_core_neural_none_batched_64_cpu,0,neural_policy,none,write_metadata,0.0032645310275256634
toy5,neural_none,batched,cpu,64,3,4,toy5_gpu_core_neural_none_batched_64_cpu,0,neural_policy,none,initial_state,0.036572369979694486
toy5,neural_none,batched,cpu,64,3,4,toy5_gpu_core_neural_none_batched_64_cpu,0,neural_policy,none,writer_setup,0.0009239430073648691
toy5,neural_none,batched,cpu,64,3,4,toy5_gpu_core_neural_none_batched_64_cpu,0,neural_policy,none,initial_step_result,0.0011880230158567429
toy5,neural_none,batched,cpu,64,3,4,toy5_gpu_core_neural_none_batched_64_cpu,0,neural_policy,none,initial_aggregate_row,0.0783678850857541
toy5,neural_none,batched,cpu,64,3,4,toy5_gpu_core_neural_none_batched_64_cpu,0,neural_policy,none,write_initial_aggregate,0.00010023999493569136
toy5,neural_none,batched,cpu,64,3,4,toy5_gpu_core_neural_none_batched_64_cpu,1,neural_policy,none,sample_revision_mask,2.955598756670952e-05
toy5,neural_none,batched,cpu,64,3,4,toy5_gpu_core_neural_none_batched_64_cpu,1,neural_policy,none,build_step_context,0.0003450040239840746
toy5,neural_none,batched,cpu,64,3,4,toy5_gpu_core_neural_none_batched_64_cpu,1,neural_policy,none,build_observations,0.0005191239761188626
toy5,neural_none,batched,cpu,64,3,4,toy5_gpu_core_neural_none_batched_64_cpu,1,neural_policy,none,policy_readout,0.0012207350227981806
toy5,neural_none,batched,cpu,64,3,4,toy5_gpu_core_neural_none_batched_64_cpu,1,neural_policy,none,decision_selection,0.00036074500530958176
toy5,neural_none,batched,cpu,64,3,4,toy5_gpu_core_neural_none_batched_64_cpu,1,neural_policy,none,local_training,0.029297341941855848
toy5,neural_none,batched,cpu,64,3,4,toy5_gpu_core_neural_none_batched_64_cpu,1,neural_policy,none,cache_refresh,0.0013930120039731264
toy5,neural_none,batched,cpu,64,3,4,toy5_gpu_core_neural_none_batched_64_cpu,1,neural_policy,none,post_local_readout,0.0008850089507177472
toy5,neural_none,batched,cpu,64,3,4,toy5_gpu_core_neural_none_batched_64_cpu,1,neural_policy,none,local_step,0.03492454392835498
toy5,neural_none,batched,cpu,64,3,4,toy5_gpu_core_neural_none_batched_64_cpu,1,neural_policy,none,select_peers,0.00020260491874068975
toy5,neural_none,batched,cpu,64,3,4,toy5_gpu_core_neural_none_batched_64_cpu,1,neural_policy,none,social_step,3.31830233335495e-05
toy5,neural_none,batched,cpu,64,3,4,toy5_gpu_core_neural_none_batched_64_cpu,1,neural_policy,none,sample_actions,7.919734343886375e-07
toy5,neural_none,batched,cpu,64,3,4,toy5_gpu_core_neural_none_batched_64_cpu,1,neural_policy,none,commit_actions,0.0001003301003947854
toy5,neural_none,batched,cpu,64,3,4,toy5_gpu_core_neural_none_batched_64_cpu,1,neural_policy,none,post_step_state_policy,4.596693906933069e-05
toy5,neural_none,batched,cpu,64,3,4,toy5_gpu_core_neural_none_batched_64_cpu,1,neural_policy,none,update_reputation_ema,2.594897523522377e-05
toy5,neural_none,batched,cpu,64,3,4,toy5_gpu_core_neural_none_batched_64_cpu,1,neural_policy,none,finalize_hook_step,7.003080099821091e-06
toy5,neural_none,batched,cpu,64,3,4,toy5_gpu_core_neural_none_batched_64_cpu,1,neural_policy,none,hooked_step_total,0.03673622105270624
toy5,neural_none,batched,cpu,64,3,4,toy5_gpu_core_neural_none_batched_64_cpu,1,neural_policy,none,aggregate_row,0.0012731939787045121
toy5,neural_none,batched,cpu,64,3,4,toy5_gpu_core_neural_none_batched_64_cpu,1,neural_policy,none,write_aggregate,8.73650424182415e-05
toy5,neural_none,batched,cpu,64,3,4,toy5_gpu_core_neural_none_batched_64_cpu,2,neural_policy,none,sample_revision_mask,1.755310222506523e-05
toy5,neural_none,batched,cpu,64,3,4,toy5_gpu_core_neural_none_batched_64_cpu,2,neural_policy,none,build_step_context,0.00022862397599965334
toy5,neural_none,batched,cpu,64,3,4,toy5_gpu_core_neural_none_batched_64_cpu,2,neural_policy,none,build_observations,0.00041007797699421644
toy5,neural_none,batched,cpu,64,3,4,toy5_gpu_core_neural_none_batched_64_cpu,2,neural_policy,none,policy_readout,0.00032935396302491426
toy5,neural_none,batched,cpu,64,3,4,toy5_gpu_core_neural_none_batched_64_cpu,2,neural_policy,none,decision_selection,0.00018491002265363932
toy5,neural_none,batched,cpu,64,3,4,toy5_gpu_core_neural_none_batched_64_cpu,2,neural_policy,none,local_training,0.028087598038837314
toy5,neural_none,batched,cpu,64,3,4,toy5_gpu_core_neural_none_batched_64_cpu,2,neural_policy,none,cache_refresh,0.0010003369534388185
toy5,neural_none,batched,cpu,64,3,4,toy5_gpu_core_neural_none_batched_64_cpu,2,neural_policy,none,post_local_readout,0.0007896070601418614
toy5,neural_none,batched,cpu,64,3,4,toy5_gpu_core_neural_none_batched_64_cpu,2,neural_policy,none,local_step,0.031214908929541707
toy5,neural_none,batched,cpu,64,3,4,toy5_gpu_core_neural_none_batched_64_cpu,2,neural_policy,none,select_peers,0.0001556250499561429
toy5,neural_none,batched,cpu,64,3,4,toy5_gpu_core_neural_none_batched_64_cpu,2,neural_policy,none,social_step,2.4014967493712902e-05
toy5,neural_none,batched,cpu,64,3,4,toy5_gpu_core_neural_none_batched_64_cpu,2,neural_policy,none,sample_actions,8.520437404513359e-07
toy5,neural_none,batched,cpu,64,3,4,toy5_gpu_core_neural_none_batched_64_cpu,2,neural_policy,none,commit_actions,4.433398135006428e-05
toy5,neural_none,batched,cpu,64,3,4,toy5_gpu_core_neural_none_batched_64_cpu,2,neural_policy,none,post_step_state_policy,2.7962960302829742e-05
toy5,neural_none,batched,cpu,64,3,4,toy5_gpu_core_neural_none_batched_64_cpu,2,neural_policy,none,update_reputation_ema,2.2471998818218708e-05
toy5,neural_none,batched,cpu,64,3,4,toy5_gpu_core_neural_none_batched_64_cpu,2,neural_policy,none,finalize_hook_step,8.024973794817924e-06
toy5,neural_none,batched,cpu,64,3,4,toy5_gpu_core_neural_none_batched_64_cpu,2,neural_policy,none,hooked_step_total,0.03244584403000772
toy5,neural_none,batched,cpu,64,3,4,toy5_gpu_core_neural_none_batched_64_cpu,2,neural_policy,none,aggregate_row,0.0010699690319597721
toy5,neural_none,batched,cpu,64,3,4,toy5_gpu_core_neural_none_batched_64_cpu,2,neural_policy,none,write_aggregate,5.8950972743332386e-05
toy5,neural_none,batched,cpu,64,3,4,toy5_gpu_core_neural_none_batched_64_cpu,3,neural_policy,none,sample_revision_mask,1.4386954717338085e-05
toy5,neural_none,batched,cpu,64,3,4,toy5_gpu_core_neural_none_batched_64_cpu,3,neural_policy,none,build_step_context,0.0002138660056516528
toy5,neural_none,batched,cpu,64,3,4,toy5_gpu_core_neural_none_batched_64_cpu,3,neural_policy,none,build_observations,0.0003395139938220382
toy5,neural_none,batched,cpu,64,3,4,toy5_gpu_core_neural_none_batched_64_cpu,3,neural_policy,none,policy_readout,0.0003900090232491493
toy5,neural_none,batched,cpu,64,3,4,toy5_gpu_core_neural_none_batched_64_cpu,3,neural_policy,none,decision_selection,0.00015044596511870623
toy5,neural_none,batched,cpu,64,3,4,toy5_gpu_core_neural_none_batched_64_cpu,3,neural_policy,none,local_training,0.021645330009050667
toy5,neural_none,batched,cpu,64,3,4,toy5_gpu_core_neural_none_batched_64_cpu,3,neural_policy,none,cache_refresh,0.0008499620016664267
toy5,neural_none,batched,cpu,64,3,4,toy5_gpu_core_neural_none_batched_64_cpu,3,neural_policy,none,post_local_readout,0.00036054395604878664
toy5,neural_none,batched,cpu,64,3,4,toy5_gpu_core_neural_none_batched_64_cpu,3,neural_policy,none,local_step,0.023987662978470325
toy5,neural_none,batched,cpu,64,3,4,toy5_gpu_core_neural_none_batched_64_cpu,3,neural_policy,none,select_peers,0.00020628201309591532
toy5,neural_none,batched,cpu,64,3,4,toy5_gpu_core_neural_none_batched_64_cpu,3,neural_policy,none,social_step,2.6098918169736862e-05
toy5,neural_none,batched,cpu,64,3,4,toy5_gpu_core_neural_none_batched_64_cpu,3,neural_policy,none,sample_actions,9.320210665464401e-07
toy5,neural_none,batched,cpu,64,3,4,toy5_gpu_core_neural_none_batched_64_cpu,3,neural_policy,none,commit_actions,2.7002068236470222e-05
toy5,neural_none,batched,cpu,64,3,4,toy5_gpu_core_neural_none_batched_64_cpu,3,neural_policy,none,post_step_state_policy,1.2933975085616112e-05
toy5,neural_none,batched,cpu,64,3,4,toy5_gpu_core_neural_none_batched_64_cpu,3,neural_policy,none,update_reputation_ema,1.302408054471016e-05
toy5,neural_none,batched,cpu,64,3,4,toy5_gpu_core_neural_none_batched_64_cpu,3,neural_policy,none,finalize_hook_step,8.034985512495041e-06
toy5,neural_none,batched,cpu,64,3,4,toy5_gpu_core_neural_none_batched_64_cpu,3,neural_policy,none,hooked_step_total,0.02496195095591247
toy5,neural_none,batched,cpu,64,3,4,toy5_gpu_core_neural_none_batched_64_cpu,3,neural_policy,none,aggregate_row,0.0010945359244942665
toy5,neural_none,batched,cpu,64,3,4,toy5_gpu_core_neural_none_batched_64_cpu,3,neural_policy,none,write_aggregate,6.0484977439045906e-05
toy5,neural_none,batched,cuda,64,3,4,toy5_gpu_core_neural_none_batched_64_cuda,0,neural_policy,none,make_run_dir,0.0003023339668288827
toy5,neural_none,batched,cuda,64,3,4,toy5_gpu_core_neural_none_batched_64_cuda,0,neural_policy,none,write_metadata,0.0027367810253053904
toy5,neural_none,batched,cuda,64,3,4,toy5_gpu_core_neural_none_batched_64_cuda,0,neural_policy,none,initial_state,0.2214596369303763
toy5,neural_none,batched,cuda,64,3,4,toy5_gpu_core_neural_none_batched_64_cuda,0,neural_policy,none,writer_setup,0.0007590089226141572
toy5,neural_none,batched,cuda,64,3,4,toy5_gpu_core_neural_none_batched_64_cuda,0,neural_policy,none,initial_step_result,0.0011300129117444158
toy5,neural_none,batched,cuda,64,3,4,toy5_gpu_core_neural_none_batched_64_cuda,0,neural_policy,none,initial_aggregate_row,0.0015118869487196207
toy5,neural_none,batched,cuda,64,3,4,toy5_gpu_core_neural_none_batched_64_cuda,0,neural_policy,none,write_initial_aggregate,4.923401866108179e-05
toy5,neural_none,batched,cuda,64,3,4,toy5_gpu_core_neural_none_batched_64_cuda,1,neural_policy,none,sample_revision_mask,2.0889099687337875e-05
toy5,neural_none,batched,cuda,64,3,4,toy5_gpu_core_neural_none_batched_64_cuda,1,neural_policy,none,build_step_context,0.00022747099865227938
toy5,neural_none,batched,cuda,64,3,4,toy5_gpu_core_neural_none_batched_64_cuda,1,neural_policy,none,build_observations,0.00042706006206572056
toy5,neural_none,batched,cuda,64,3,4,toy5_gpu_core_neural_none_batched_64_cuda,1,neural_policy,none,policy_readout,0.00170721800532192
toy5,neural_none,batched,cuda,64,3,4,toy5_gpu_core_neural_none_batched_64_cuda,1,neural_policy,none,decision_selection,0.0004513259045779705
toy5,neural_none,batched,cuda,64,3,4,toy5_gpu_core_neural_none_batched_64_cuda,1,neural_policy,none,local_training,0.04516923299524933
toy5,neural_none,batched,cuda,64,3,4,toy5_gpu_core_neural_none_batched_64_cuda,1,neural_policy,none,cache_refresh,0.0010870209662243724
toy5,neural_none,batched,cuda,64,3,4,toy5_gpu_core_neural_none_batched_64_cuda,1,neural_policy,none,post_local_readout,0.0008087640162557364
toy5,neural_none,batched,cuda,64,3,4,toy5_gpu_core_neural_none_batched_64_cuda,1,neural_policy,none,local_step,0.050380465923808515
toy5,neural_none,batched,cuda,64,3,4,toy5_gpu_core_neural_none_batched_64_cuda,1,neural_policy,none,select_peers,0.0002956909593194723
toy5,neural_none,batched,cuda,64,3,4,toy5_gpu_core_neural_none_batched_64_cuda,1,neural_policy,none,social_step,8.915900252759457e-05
toy5,neural_none,batched,cuda,64,3,4,toy5_gpu_core_neural_none_batched_64_cuda,1,neural_policy,none,sample_actions,6.70191366225481e-06
toy5,neural_none,batched,cuda,64,3,4,toy5_gpu_core_neural_none_batched_64_cuda,1,neural_policy,none,commit_actions,8.202495519071817e-05
toy5,neural_none,batched,cuda,64,3,4,toy5_gpu_core_neural_none_batched_64_cuda,1,neural_policy,none,post_step_state_policy,3.4815981052815914e-05
toy5,neural_none,batched,cuda,64,3,4,toy5_gpu_core_neural_none_batched_64_cuda,1,neural_policy,none,update_reputation_ema,4.22400189563632e-05
toy5,neural_none,batched,cuda,64,3,4,toy5_gpu_core_neural_none_batched_64_cuda,1,neural_policy,none,finalize_hook_step,1.3054930604994297e-05
toy5,neural_none,batched,cuda,64,3,4,toy5_gpu_core_neural_none_batched_64_cuda,1,neural_policy,none,hooked_step_total,0.052223821985535324
toy5,neural_none,batched,cuda,64,3,4,toy5_gpu_core_neural_none_batched_64_cuda,1,neural_policy,none,aggregate_row,0.001518299919553101
toy5,neural_none,batched,cuda,64,3,4,toy5_gpu_core_neural_none_batched_64_cuda,1,neural_policy,none,write_aggregate,0.00015818991232663393
toy5,neural_none,batched,cuda,64,3,4,toy5_gpu_core_neural_none_batched_64_cuda,2,neural_policy,none,sample_revision_mask,1.8595950677990913e-05
toy5,neural_none,batched,cuda,64,3,4,toy5_gpu_core_neural_none_batched_64_cuda,2,neural_policy,none,build_step_context,0.00023420399520546198
toy5,neural_none,batched,cuda,64,3,4,toy5_gpu_core_neural_none_batched_64_cuda,2,neural_policy,none,build_observations,0.0004097881028428674
toy5,neural_none,batched,cuda,64,3,4,toy5_gpu_core_neural_none_batched_64_cuda,2,neural_policy,none,policy_readout,0.00029696302954107523
toy5,neural_none,batched,cuda,64,3,4,toy5_gpu_core_neural_none_batched_64_cuda,2,neural_policy,none,decision_selection,0.0002287240931764245
toy5,neural_none,batched,cuda,64,3,4,toy5_gpu_core_neural_none_batched_64_cuda,2,neural_policy,none,local_training,0.032473294995725155
toy5,neural_none,batched,cuda,64,3,4,toy5_gpu_core_neural_none_batched_64_cuda,2,neural_policy,none,cache_refresh,0.001036335015669465
toy5,neural_none,batched,cuda,64,3,4,toy5_gpu_core_neural_none_batched_64_cuda,2,neural_policy,none,post_local_readout,0.001388603006489575
toy5,neural_none,batched,cuda,64,3,4,toy5_gpu_core_neural_none_batched_64_cuda,2,neural_policy,none,local_step,0.03653265396133065
toy5,neural_none,batched,cuda,64,3,4,toy5_gpu_core_neural_none_batched_64_cuda,2,neural_policy,none,select_peers,0.00035468197893351316
toy5,neural_none,batched,cuda,64,3,4,toy5_gpu_core_neural_none_batched_64_cuda,2,neural_policy,none,social_step,0.00011202297173440456
toy5,neural_none,batched,cuda,64,3,4,toy5_gpu_core_neural_none_batched_64_cuda,2,neural_policy,none,sample_actions,7.074093446135521e-06
toy5,neural_none,batched,cuda,64,3,4,toy5_gpu_core_neural_none_batched_64_cuda,2,neural_policy,none,commit_actions,6.725708954036236e-05
toy5,neural_none,batched,cuda,64,3,4,toy5_gpu_core_neural_none_batched_64_cuda,2,neural_policy,none,post_step_state_policy,2.5428016670048237e-05
toy5,neural_none,batched,cuda,64,3,4,toy5_gpu_core_neural_none_batched_64_cuda,2,neural_policy,none,update_reputation_ema,3.210105933248997e-05
toy5,neural_none,batched,cuda,64,3,4,toy5_gpu_core_neural_none_batched_64_cuda,2,neural_policy,none,finalize_hook_step,9.317067451775074e-06
toy5,neural_none,batched,cuda,64,3,4,toy5_gpu_core_neural_none_batched_64_cuda,2,neural_policy,none,hooked_step_total,0.03857859398704022
toy5,neural_none,batched,cuda,64,3,4,toy5_gpu_core_neural_none_batched_64_cuda,2,neural_policy,none,aggregate_row,0.001349368947558105
toy5,neural_none,batched,cuda,64,3,4,toy5_gpu_core_neural_none_batched_64_cuda,2,neural_policy,none,write_aggregate,6.729806773364544e-05
toy5,neural_none,batched,cuda,64,3,4,toy5_gpu_core_neural_none_batched_64_cuda,3,neural_policy,none,sample_revision_mask,1.6871956177055836e-05
toy5,neural_none,batched,cuda,64,3,4,toy5_gpu_core_neural_none_batched_64_cuda,3,neural_policy,none,build_step_context,0.00022097898181527853
toy5,neural_none,batched,cuda,64,3,4,toy5_gpu_core_neural_none_batched_64_cuda,3,neural_policy,none,build_observations,0.0003953200066462159
toy5,neural_none,batched,cuda,64,3,4,toy5_gpu_core_neural_none_batched_64_cuda,3,neural_policy,none,policy_readout,0.00027236691676080227
toy5,neural_none,batched,cuda,64,3,4,toy5_gpu_core_neural_none_batched_64_cuda,3,neural_policy,none,decision_selection,0.00017072400078177452
toy5,neural_none,batched,cuda,64,3,4,toy5_gpu_core_neural_none_batched_64_cuda,3,neural_policy,none,local_training,0.03548416600096971
toy5,neural_none,batched,cuda,64,3,4,toy5_gpu_core_neural_none_batched_64_cuda,3,neural_policy,none,cache_refresh,0.001349078956991434
toy5,neural_none,batched,cuda,64,3,4,toy5_gpu_core_neural_none_batched_64_cuda,3,neural_policy,none,post_local_readout,0.0010716230608522892
toy5,neural_none,batched,cuda,64,3,4,toy5_gpu_core_neural_none_batched_64_cuda,3,neural_policy,none,local_step,0.039436931954696774
toy5,neural_none,batched,cuda,64,3,4,toy5_gpu_core_neural_none_batched_64_cuda,3,neural_policy,none,select_peers,0.00035213795490562916
toy5,neural_none,batched,cuda,64,3,4,toy5_gpu_core_neural_none_batched_64_cuda,3,neural_policy,none,social_step,0.00011818401981145144
toy5,neural_none,batched,cuda,64,3,4,toy5_gpu_core_neural_none_batched_64_cuda,3,neural_policy,none,sample_actions,6.051966920495033e-06
toy5,neural_none,batched,cuda,64,3,4,toy5_gpu_core_neural_none_batched_64_cuda,3,neural_policy,none,commit_actions,9.305693674832582e-05
toy5,neural_none,batched,cuda,64,3,4,toy5_gpu_core_neural_none_batched_64_cuda,3,neural_policy,none,post_step_state_policy,3.652903251349926e-05
toy5,neural_none,batched,cuda,64,3,4,toy5_gpu_core_neural_none_batched_64_cuda,3,neural_policy,none,update_reputation_ema,3.954500425606966e-05
toy5,neural_none,batched,cuda,64,3,4,toy5_gpu_core_neural_none_batched_64_cuda,3,neural_policy,none,finalize_hook_step,9.907991625368595e-06
toy5,neural_none,batched,cuda,64,3,4,toy5_gpu_core_neural_none_batched_64_cuda,3,neural_policy,none,hooked_step_total,0.041385737946256995
toy5,neural_none,batched,cuda,64,3,4,toy5_gpu_core_neural_none_batched_64_cuda,3,neural_policy,none,aggregate_row,0.001873943954706192
toy5,neural_none,batched,cuda,64,3,4,toy5_gpu_core_neural_none_batched_64_cuda,3,neural_policy,none,write_aggregate,0.00012576894368976355
toy5,neural_output_average,loop,cpu,64,3,4,toy5_gpu_core_neural_output_average_loop_64_cpu,0,neural_policy,output_average,make_run_dir,0.00024398299865424633
toy5,neural_output_average,loop,cpu,64,3,4,toy5_gpu_core_neural_output_average_loop_64_cpu,0,neural_policy,output_average,write_metadata,0.002355156932026148
toy5,neural_output_average,loop,cpu,64,3,4,toy5_gpu_core_neural_output_average_loop_64_cpu,0,neural_policy,output_average,initial_state,0.027687819907441735
toy5,neural_output_average,loop,cpu,64,3,4,toy5_gpu_core_neural_output_average_loop_64_cpu,0,neural_policy,output_average,writer_setup,0.00025775900576263666
toy5,neural_output_average,loop,cpu,64,3,4,toy5_gpu_core_neural_output_average_loop_64_cpu,0,neural_policy,output_average,initial_step_result,0.0004512360319495201
toy5,neural_output_average,loop,cpu,64,3,4,toy5_gpu_core_neural_output_average_loop_64_cpu,0,neural_policy,output_average,initial_aggregate_row,0.0011307739187031984
toy5,neural_output_average,loop,cpu,64,3,4,toy5_gpu_core_neural_output_average_loop_64_cpu,0,neural_policy,output_average,write_initial_aggregate,2.7862959541380405e-05
toy5,neural_output_average,loop,cpu,64,3,4,toy5_gpu_core_neural_output_average_loop_64_cpu,1,neural_policy,output_average,sample_revision_mask,8.425908163189888e-06
toy5,neural_output_average,loop,cpu,64,3,4,toy5_gpu_core_neural_output_average_loop_64_cpu,1,neural_policy,output_average,build_step_context,0.000205168966203928
toy5,neural_output_average,loop,cpu,64,3,4,toy5_gpu_core_neural_output_average_loop_64_cpu,1,neural_policy,output_average,build_observations,0.0003303559496998787
toy5,neural_output_average,loop,cpu,64,3,4,toy5_gpu_core_neural_output_average_loop_64_cpu,1,neural_policy,output_average,policy_readout,0.000505288946442306
toy5,neural_output_average,loop,cpu,64,3,4,toy5_gpu_core_neural_output_average_loop_64_cpu,1,neural_policy,output_average,decision_selection,0.000214095925912261
toy5,neural_output_average,loop,cpu,64,3,4,toy5_gpu_core_neural_output_average_loop_64_cpu,1,neural_policy,output_average,local_training,0.037053170963190496
toy5,neural_output_average,loop,cpu,64,3,4,toy5_gpu_core_neural_output_average_loop_64_cpu,1,neural_policy,output_average,cache_refresh,0.001267093000933528
toy5,neural_output_average,loop,cpu,64,3,4,toy5_gpu_core_neural_output_average_loop_64_cpu,1,neural_policy,output_average,post_local_readout,0.0005275299772620201
toy5,neural_output_average,loop,cpu,64,3,4,toy5_gpu_core_neural_output_average_loop_64_cpu,1,neural_policy,output_average,local_step,0.040206170990131795
toy5,neural_output_average,loop,cpu,64,3,4,toy5_gpu_core_neural_output_average_loop_64_cpu,1,neural_policy,output_average,select_peers,0.00023977493401616812
toy5,neural_output_average,loop,cpu,64,3,4,toy5_gpu_core_neural_output_average_loop_64_cpu,1,neural_policy,output_average,social_distillation,0.03666022699326277
toy5,neural_output_average,loop,cpu,64,3,4,toy5_gpu_core_neural_output_average_loop_64_cpu,1,neural_policy,output_average,social_step,0.036728305043652654
toy5,neural_output_average,loop,cpu,64,3,4,toy5_gpu_core_neural_output_average_loop_64_cpu,1,neural_policy,output_average,sample_actions,1.7730053514242172e-06
toy5,neural_output_average,loop,cpu,64,3,4,toy5_gpu_core_neural_output_average_loop_64_cpu,1,neural_policy,output_average,commit_actions,5.00440364703536e-05
toy5,neural_output_average,loop,cpu,64,3,4,toy5_gpu_core_neural_output_average_loop_64_cpu,1,neural_policy,output_average,post_step_state_policy,7.612502668052912e-05
toy5,neural_output_average,loop,cpu,64,3,4,toy5_gpu_core_neural_output_average_loop_64_cpu,1,neural_policy,output_average,update_reputation_ema,2.0288978703320026e-05
toy5,neural_output_average,loop,cpu,64,3,4,toy5_gpu_core_neural_output_average_loop_64_cpu,1,neural_policy,output_average,finalize_hook_step,5.0299568101763725e-06
toy5,neural_output_average,loop,cpu,64,3,4,toy5_gpu_core_neural_output_average_loop_64_cpu,1,neural_policy,output_average,hooked_step_total,0.07904610096011311
toy5,neural_output_average,loop,cpu,64,3,4,toy5_gpu_core_neural_output_average_loop_64_cpu,1,neural_policy,output_average,aggregate_row,0.0015462730079889297
toy5,neural_output_average,loop,cpu,64,3,4,toy5_gpu_core_neural_output_average_loop_64_cpu,1,neural_policy,output_average,write_aggregate,7.080391515046358e-05
toy5,neural_output_average,loop,cpu,64,3,4,toy5_gpu_core_neural_output_average_loop_64_cpu,2,neural_policy,output_average,sample_revision_mask,7.410102989524603e-05
toy5,neural_output_average,loop,cpu,64,3,4,toy5_gpu_core_neural_output_average_loop_64_cpu,2,neural_policy,output_average,build_step_context,0.00029242399614304304
toy5,neural_output_average,loop,cpu,64,3,4,toy5_gpu_core_neural_output_average_loop_64_cpu,2,neural_policy,output_average,build_observations,0.0004809920210391283
toy5,neural_output_average,loop,cpu,64,3,4,toy5_gpu_core_neural_output_average_loop_64_cpu,2,neural_policy,output_average,policy_readout,0.0002591309603303671
toy5,neural_output_average,loop,cpu,64,3,4,toy5_gpu_core_neural_output_average_loop_64_cpu,2,neural_policy,output_average,decision_selection,0.00012411503121256828
toy5,neural_output_average,loop,cpu,64,3,4,toy5_gpu_core_neural_output_average_loop_64_cpu,2,neural_policy,output_average,local_training,0.035108273033984005
toy5,neural_output_average,loop,cpu,64,3,4,toy5_gpu_core_neural_output_average_loop_64_cpu,2,neural_policy,output_average,cache_refresh,0.001322438009083271
toy5,neural_output_average,loop,cpu,64,3,4,toy5_gpu_core_neural_output_average_loop_64_cpu,2,neural_policy,output_average,post_local_readout,0.0006948680384084582
toy5,neural_output_average,loop,cpu,64,3,4,toy5_gpu_core_neural_output_average_loop_64_cpu,2,neural_policy,output_average,local_step,0.03839385393075645
toy5,neural_output_average,loop,cpu,64,3,4,toy5_gpu_core_neural_output_average_loop_64_cpu,2,neural_policy,output_average,select_peers,0.0003542520571500063
toy5,neural_output_average,loop,cpu,64,3,4,toy5_gpu_core_neural_output_average_loop_64_cpu,2,neural_policy,output_average,social_distillation,0.03765491198282689
toy5,neural_output_average,loop,cpu,64,3,4,toy5_gpu_core_neural_output_average_loop_64_cpu,2,neural_policy,output_average,social_step,0.037716830032877624
toy5,neural_output_average,loop,cpu,64,3,4,toy5_gpu_core_neural_output_average_loop_64_cpu,2,neural_policy,output_average,sample_actions,1.1220108717679977e-06
toy5,neural_output_average,loop,cpu,64,3,4,toy5_gpu_core_neural_output_average_loop_64_cpu,2,neural_policy,output_average,commit_actions,8.413905743509531e-05
toy5,neural_output_average,loop,cpu,64,3,4,toy5_gpu_core_neural_output_average_loop_64_cpu,2,neural_policy,output_average,post_step_state_policy,2.1531013771891594e-05
toy5,neural_output_average,loop,cpu,64,3,4,toy5_gpu_core_neural_output_average_loop_64_cpu,2,neural_policy,output_average,update_reputation_ema,2.701091580092907e-05
toy5,neural_output_average,loop,cpu,64,3,4,toy5_gpu_core_neural_output_average_loop_64_cpu,2,neural_policy,output_average,finalize_hook_step,4.919944331049919e-06
toy5,neural_output_average,loop,cpu,64,3,4,toy5_gpu_core_neural_output_average_loop_64_cpu,2,neural_policy,output_average,hooked_step_total,0.07819252205081284
toy5,neural_output_average,loop,cpu,64,3,4,toy5_gpu_core_neural_output_average_loop_64_cpu,2,neural_policy,output_average,aggregate_row,0.0016716510290279984
toy5,neural_output_average,loop,cpu,64,3,4,toy5_gpu_core_neural_output_average_loop_64_cpu,2,neural_policy,output_average,write_aggregate,9.788607712835073e-05
toy5,neural_output_average,loop,cpu,64,3,4,toy5_gpu_core_neural_output_average_loop_64_cpu,3,neural_policy,output_average,sample_revision_mask,1.897593028843403e-05
toy5,neural_output_average,loop,cpu,64,3,4,toy5_gpu_core_neural_output_average_loop_64_cpu,3,neural_policy,output_average,build_step_context,0.0003209490096196532
toy5,neural_output_average,loop,cpu,64,3,4,toy5_gpu_core_neural_output_average_loop_64_cpu,3,neural_policy,output_average,build_observations,0.0005887269508093596
toy5,neural_output_average,loop,cpu,64,3,4,toy5_gpu_core_neural_output_average_loop_64_cpu,3,neural_policy,output_average,policy_readout,0.00033297098707407713
toy5,neural_output_average,loop,cpu,64,3,4,toy5_gpu_core_neural_output_average_loop_64_cpu,3,neural_policy,output_average,decision_selection,0.0002094469964504242
toy5,neural_output_average,loop,cpu,64,3,4,toy5_gpu_core_neural_output_average_loop_64_cpu,3,neural_policy,output_average,local_training,0.03541063598822802
toy5,neural_output_average,loop,cpu,64,3,4,toy5_gpu_core_neural_output_average_loop_64_cpu,3,neural_policy,output_average,cache_refresh,0.0010986239649355412
toy5,neural_output_average,loop,cpu,64,3,4,toy5_gpu_core_neural_output_average_loop_64_cpu,3,neural_policy,output_average,post_local_readout,0.0003659239737316966
toy5,neural_output_average,loop,cpu,64,3,4,toy5_gpu_core_neural_output_average_loop_64_cpu,3,neural_policy,output_average,local_step,0.038469807943329215
toy5,neural_output_average,loop,cpu,64,3,4,toy5_gpu_core_neural_output_average_loop_64_cpu,3,neural_policy,output_average,select_peers,0.000267116934992373
toy5,neural_output_average,loop,cpu,64,3,4,toy5_gpu_core_neural_output_average_loop_64_cpu,3,neural_policy,output_average,social_distillation,0.03849156911019236
toy5,neural_output_average,loop,cpu,64,3,4,toy5_gpu_core_neural_output_average_loop_64_cpu,3,neural_policy,output_average,social_step,0.03856475802604109
toy5,neural_output_average,loop,cpu,64,3,4,toy5_gpu_core_neural_output_average_loop_64_cpu,3,neural_policy,output_average,sample_actions,1.883949153125286e-06
toy5,neural_output_average,loop,cpu,64,3,4,toy5_gpu_core_neural_output_average_loop_64_cpu,3,neural_policy,output_average,commit_actions,7.519195787608624e-05
toy5,neural_output_average,loop,cpu,64,3,4,toy5_gpu_core_neural_output_average_loop_64_cpu,3,neural_policy,output_average,post_step_state_policy,4.030694253742695e-05
toy5,neural_output_average,loop,cpu,64,3,4,toy5_gpu_core_neural_output_average_loop_64_cpu,3,neural_policy,output_average,update_reputation_ema,6.390095222741365e-05
toy5,neural_output_average,loop,cpu,64,3,4,toy5_gpu_core_neural_output_average_loop_64_cpu,3,neural_policy,output_average,finalize_hook_step,5.5209966376423836e-06
toy5,neural_output_average,loop,cpu,64,3,4,toy5_gpu_core_neural_output_average_loop_64_cpu,3,neural_policy,output_average,hooked_step_total,0.07911895902361721
toy5,neural_output_average,loop,cpu,64,3,4,toy5_gpu_core_neural_output_average_loop_64_cpu,3,neural_policy,output_average,aggregate_row,0.0011995950480923057
toy5,neural_output_average,loop,cpu,64,3,4,toy5_gpu_core_neural_output_average_loop_64_cpu,3,neural_policy,output_average,write_aggregate,0.00013327295891940594
toy5,neural_output_average,loop,cuda,64,3,4,toy5_gpu_core_neural_output_average_loop_64_cuda,0,neural_policy,output_average,make_run_dir,0.00040440703742206097
toy5,neural_output_average,loop,cuda,64,3,4,toy5_gpu_core_neural_output_average_loop_64_cuda,0,neural_policy,output_average,write_metadata,0.002465446013957262
toy5,neural_output_average,loop,cuda,64,3,4,toy5_gpu_core_neural_output_average_loop_64_cuda,0,neural_policy,output_average,initial_state,0.04447342304047197
toy5,neural_output_average,loop,cuda,64,3,4,toy5_gpu_core_neural_output_average_loop_64_cuda,0,neural_policy,output_average,writer_setup,0.0008047160226851702
toy5,neural_output_average,loop,cuda,64,3,4,toy5_gpu_core_neural_output_average_loop_64_cuda,0,neural_policy,output_average,initial_step_result,0.0016660389956086874
toy5,neural_output_average,loop,cuda,64,3,4,toy5_gpu_core_neural_output_average_loop_64_cuda,0,neural_policy,output_average,initial_aggregate_row,0.0026962229749187827
toy5,neural_output_average,loop,cuda,64,3,4,toy5_gpu_core_neural_output_average_loop_64_cuda,0,neural_policy,output_average,write_initial_aggregate,6.255798507481813e-05
toy5,neural_output_average,loop,cuda,64,3,4,toy5_gpu_core_neural_output_average_loop_64_cuda,1,neural_policy,output_average,sample_revision_mask,2.1770945750176907e-05
toy5,neural_output_average,loop,cuda,64,3,4,toy5_gpu_core_neural_output_average_loop_64_cuda,1,neural_policy,output_average,build_step_context,0.00024917302653193474
toy5,neural_output_average,loop,cuda,64,3,4,toy5_gpu_core_neural_output_average_loop_64_cuda,1,neural_policy,output_average,build_observations,0.0004068909911438823
toy5,neural_output_average,loop,cuda,64,3,4,toy5_gpu_core_neural_output_average_loop_64_cuda,1,neural_policy,output_average,policy_readout,0.0011530460324138403
toy5,neural_output_average,loop,cuda,64,3,4,toy5_gpu_core_neural_output_average_loop_64_cuda,1,neural_policy,output_average,decision_selection,0.0002534810919314623
toy5,neural_output_average,loop,cuda,64,3,4,toy5_gpu_core_neural_output_average_loop_64_cuda,1,neural_policy,output_average,local_training,0.092010498046875
toy5,neural_output_average,loop,cuda,64,3,4,toy5_gpu_core_neural_output_average_loop_64_cuda,1,neural_policy,output_average,cache_refresh,0.001485076965764165
toy5,neural_output_average,loop,cuda,64,3,4,toy5_gpu_core_neural_output_average_loop_64_cuda,1,neural_policy,output_average,post_local_readout,0.0005659440066665411
toy5,neural_output_average,loop,cuda,64,3,4,toy5_gpu_core_neural_output_average_loop_64_cuda,1,neural_policy,output_average,local_step,0.09641418000683188
toy5,neural_output_average,loop,cuda,64,3,4,toy5_gpu_core_neural_output_average_loop_64_cuda,1,neural_policy,output_average,select_peers,0.0003516770666465163
toy5,neural_output_average,loop,cuda,64,3,4,toy5_gpu_core_neural_output_average_loop_64_cuda,1,neural_policy,output_average,social_distillation,0.0761176769156009
toy5,neural_output_average,loop,cuda,64,3,4,toy5_gpu_core_neural_output_average_loop_64_cuda,1,neural_policy,output_average,social_step,0.07624880596995354
toy5,neural_output_average,loop,cuda,64,3,4,toy5_gpu_core_neural_output_average_loop_64_cuda,1,neural_policy,output_average,sample_actions,8.316012099385262e-06
toy5,neural_output_average,loop,cuda,64,3,4,toy5_gpu_core_neural_output_average_loop_64_cuda,1,neural_policy,output_average,commit_actions,6.584497168660164e-05
toy5,neural_output_average,loop,cuda,64,3,4,toy5_gpu_core_neural_output_average_loop_64_cuda,1,neural_policy,output_average,post_step_state_policy,3.274204209446907e-05
toy5,neural_output_average,loop,cuda,64,3,4,toy5_gpu_core_neural_output_average_loop_64_cuda,1,neural_policy,output_average,update_reputation_ema,2.9135029762983322e-05
toy5,neural_output_average,loop,cuda,64,3,4,toy5_gpu_core_neural_output_average_loop_64_cuda,1,neural_policy,output_average,finalize_hook_step,1.121091190725565e-05
toy5,neural_output_average,loop,cuda,64,3,4,toy5_gpu_core_neural_output_average_loop_64_cuda,1,neural_policy,output_average,hooked_step_total,0.17479042999912053
toy5,neural_output_average,loop,cuda,64,3,4,toy5_gpu_core_neural_output_average_loop_64_cuda,1,neural_policy,output_average,aggregate_row,0.0020457799546420574
toy5,neural_output_average,loop,cuda,64,3,4,toy5_gpu_core_neural_output_average_loop_64_cuda,1,neural_policy,output_average,write_aggregate,0.00012590899132192135
toy5,neural_output_average,loop,cuda,64,3,4,toy5_gpu_core_neural_output_average_loop_64_cuda,2,neural_policy,output_average,sample_revision_mask,2.0127976313233376e-05
toy5,neural_output_average,loop,cuda,64,3,4,toy5_gpu_core_neural_output_average_loop_64_cuda,2,neural_policy,output_average,build_step_context,0.00024010497145354748
toy5,neural_output_average,loop,cuda,64,3,4,toy5_gpu_core_neural_output_average_loop_64_cuda,2,neural_policy,output_average,build_observations,0.0004331819945946336
toy5,neural_output_average,loop,cuda,64,3,4,toy5_gpu_core_neural_output_average_loop_64_cuda,2,neural_policy,output_average,policy_readout,0.0003363880096003413
toy5,neural_output_average,loop,cuda,64,3,4,toy5_gpu_core_neural_output_average_loop_64_cuda,2,neural_policy,output_average,decision_selection,0.000245044007897377
toy5,neural_output_average,loop,cuda,64,3,4,toy5_gpu_core_neural_output_average_loop_64_cuda,2,neural_policy,output_average,local_training,0.09303648304194212
toy5,neural_output_average,loop,cuda,64,3,4,toy5_gpu_core_neural_output_average_loop_64_cuda,2,neural_policy,output_average,cache_refresh,0.0019500480266287923
toy5,neural_output_average,loop,cuda,64,3,4,toy5_gpu_core_neural_output_average_loop_64_cuda,2,neural_policy,output_average,post_local_readout,0.0007332600653171539
toy5,neural_output_average,loop,cuda,64,3,4,toy5_gpu_core_neural_output_average_loop_64_cuda,2,neural_policy,output_average,local_step,0.09769727301318198
toy5,neural_output_average,loop,cuda,64,3,4,toy5_gpu_core_neural_output_average_loop_64_cuda,2,neural_policy,output_average,select_peers,0.0003736380022019148
toy5,neural_output_average,loop,cuda,64,3,4,toy5_gpu_core_neural_output_average_loop_64_cuda,2,neural_policy,output_average,social_distillation,0.09619938209652901
toy5,neural_output_average,loop,cuda,64,3,4,toy5_gpu_core_neural_output_average_loop_64_cuda,2,neural_policy,output_average,social_step,0.09631737601011992
toy5,neural_output_average,loop,cuda,64,3,4,toy5_gpu_core_neural_output_average_loop_64_cuda,2,neural_policy,output_average,sample_actions,1.2264004908502102e-05
toy5,neural_output_average,loop,cuda,64,3,4,toy5_gpu_core_neural_output_average_loop_64_cuda,2,neural_policy,output_average,commit_actions,0.00010700302664190531
toy5,neural_output_average,loop,cuda,64,3,4,toy5_gpu_core_neural_output_average_loop_64_cuda,2,neural_policy,output_average,post_step_state_policy,3.799202386289835e-05
toy5,neural_output_average,loop,cuda,64,3,4,toy5_gpu_core_neural_output_average_loop_64_cuda,2,neural_policy,output_average,update_reputation_ema,3.317301161587238e-05
toy5,neural_output_average,loop,cuda,64,3,4,toy5_gpu_core_neural_output_average_loop_64_cuda,2,neural_policy,output_average,finalize_hook_step,1.2553995475172997e-05
toy5,neural_output_average,loop,cuda,64,3,4,toy5_gpu_core_neural_output_average_loop_64_cuda,2,neural_policy,output_average,hooked_step_total,0.1969471910269931
toy5,neural_output_average,loop,cuda,64,3,4,toy5_gpu_core_neural_output_average_loop_64_cuda,2,neural_policy,output_average,aggregate_row,0.0018382660346105695
toy5,neural_output_average,loop,cuda,64,3,4,toy5_gpu_core_neural_output_average_loop_64_cuda,2,neural_policy,output_average,write_aggregate,9.930797386914492e-05
toy5,neural_output_average,loop,cuda,64,3,4,toy5_gpu_core_neural_output_average_loop_64_cuda,3,neural_policy,output_average,sample_revision_mask,2.2933934815227985e-05
toy5,neural_output_average,loop,cuda,64,3,4,toy5_gpu_core_neural_output_average_loop_64_cuda,3,neural_policy,output_average,build_step_context,0.00024391303304582834
toy5,neural_output_average,loop,cuda,64,3,4,toy5_gpu_core_neural_output_average_loop_64_cuda,3,neural_policy,output_average,build_observations,0.00047701504081487656
toy5,neural_output_average,loop,cuda,64,3,4,toy5_gpu_core_neural_output_average_loop_64_cuda,3,neural_policy,output_average,policy_readout,0.0003949690144509077
toy5,neural_output_average,loop,cuda,64,3,4,toy5_gpu_core_neural_output_average_loop_64_cuda,3,neural_policy,output_average,decision_selection,0.0002683890052139759
toy5,neural_output_average,loop,cuda,64,3,4,toy5_gpu_core_neural_output_average_loop_64_cuda,3,neural_policy,output_average,local_training,0.10546020499896258
toy5,neural_output_average,loop,cuda,64,3,4,toy5_gpu_core_neural_output_average_loop_64_cuda,3,neural_policy,output_average,cache_refresh,0.0040220379596576095
toy5,neural_output_average,loop,cuda,64,3,4,toy5_gpu_core_neural_output_average_loop_64_cuda,3,neural_policy,output_average,post_local_readout,0.0009810810443013906
toy5,neural_output_average,loop,cuda,64,3,4,toy5_gpu_core_neural_output_average_loop_64_cuda,3,neural_policy,output_average,local_step,0.11268585897050798
toy5,neural_output_average,loop,cuda,64,3,4,toy5_gpu_core_neural_output_average_loop_64_cuda,3,neural_policy,output_average,select_peers,0.0005846290150657296
toy5,neural_output_average,loop,cuda,64,3,4,toy5_gpu_core_neural_output_average_loop_64_cuda,3,neural_policy,output_average,social_distillation,0.09176969109103084
toy5,neural_output_average,loop,cuda,64,3,4,toy5_gpu_core_neural_output_average_loop_64_cuda,3,neural_policy,output_average,social_step,0.09195444104261696
toy5,neural_output_average,loop,cuda,64,3,4,toy5_gpu_core_neural_output_average_loop_64_cuda,3,neural_policy,output_average,sample_actions,8.66700429469347e-06
toy5,neural_output_average,loop,cuda,64,3,4,toy5_gpu_core_neural_output_average_loop_64_cuda,3,neural_policy,output_average,commit_actions,0.00021234294399619102
toy5,neural_output_average,loop,cuda,64,3,4,toy5_gpu_core_neural_output_average_loop_64_cuda,3,neural_policy,output_average,post_step_state_policy,5.712790880352259e-05
toy5,neural_output_average,loop,cuda,64,3,4,toy5_gpu_core_neural_output_average_loop_64_cuda,3,neural_policy,output_average,update_reputation_ema,7.567391730844975e-05
toy5,neural_output_average,loop,cuda,64,3,4,toy5_gpu_core_neural_output_average_loop_64_cuda,3,neural_policy,output_average,finalize_hook_step,1.8625054508447647e-05
toy5,neural_output_average,loop,cuda,64,3,4,toy5_gpu_core_neural_output_average_loop_64_cuda,3,neural_policy,output_average,hooked_step_total,0.20870585995726287
toy5,neural_output_average,loop,cuda,64,3,4,toy5_gpu_core_neural_output_average_loop_64_cuda,3,neural_policy,output_average,aggregate_row,0.0036056579556316137
toy5,neural_output_average,loop,cuda,64,3,4,toy5_gpu_core_neural_output_average_loop_64_cuda,3,neural_policy,output_average,write_aggregate,0.00011175195686519146
toy5,neural_output_average,batched,cpu,64,3,4,toy5_gpu_core_neural_output_average_batched_64_cpu,0,neural_policy,output_average,make_run_dir,0.0003932859981432557
toy5,neural_output_average,batched,cpu,64,3,4,toy5_gpu_core_neural_output_average_batched_64_cpu,0,neural_policy,output_average,write_metadata,0.0029228930361568928
toy5,neural_output_average,batched,cpu,64,3,4,toy5_gpu_core_neural_output_average_batched_64_cpu,0,neural_policy,output_average,initial_state,0.03606218204367906
toy5,neural_output_average,batched,cpu,64,3,4,toy5_gpu_core_neural_output_average_batched_64_cpu,0,neural_policy,output_average,writer_setup,0.0009579770267009735
toy5,neural_output_average,batched,cpu,64,3,4,toy5_gpu_core_neural_output_average_batched_64_cpu,0,neural_policy,output_average,initial_step_result,0.0016468939138576388
toy5,neural_output_average,batched,cpu,64,3,4,toy5_gpu_core_neural_output_average_batched_64_cpu,0,neural_policy,output_average,initial_aggregate_row,0.0028982370859012008
toy5,neural_output_average,batched,cpu,64,3,4,toy5_gpu_core_neural_output_average_batched_64_cpu,0,neural_policy,output_average,write_initial_aggregate,8.298701141029596e-05
toy5,neural_output_average,batched,cpu,64,3,4,toy5_gpu_core_neural_output_average_batched_64_cpu,1,neural_policy,output_average,sample_revision_mask,3.071804530918598e-05
toy5,neural_output_average,batched,cpu,64,3,4,toy5_gpu_core_neural_output_average_batched_64_cpu,1,neural_policy,output_average,build_step_context,0.0002683590864762664
toy5,neural_output_average,batched,cpu,64,3,4,toy5_gpu_core_neural_output_average_batched_64_cpu,1,neural_policy,output_average,build_observations,0.0005486499285325408
toy5,neural_output_average,batched,cpu,64,3,4,toy5_gpu_core_neural_output_average_batched_64_cpu,1,neural_policy,output_average,policy_readout,0.0017075380310416222
toy5,neural_output_average,batched,cpu,64,3,4,toy5_gpu_core_neural_output_average_batched_64_cpu,1,neural_policy,output_average,decision_selection,0.00017725606448948383
toy5,neural_output_average,batched,cpu,64,3,4,toy5_gpu_core_neural_output_average_batched_64_cpu,1,neural_policy,output_average,local_training,0.029247098020277917
toy5,neural_output_average,batched,cpu,64,3,4,toy5_gpu_core_neural_output_average_batched_64_cpu,1,neural_policy,output_average,cache_refresh,0.0009154159342870116
toy5,neural_output_average,batched,cpu,64,3,4,toy5_gpu_core_neural_output_average_batched_64_cpu,1,neural_policy,output_average,post_local_readout,0.0006249749567359686
toy5,neural_output_average,batched,cpu,64,3,4,toy5_gpu_core_neural_output_average_batched_64_cpu,1,neural_policy,output_average,local_step,0.03357645799405873
toy5,neural_output_average,batched,cpu,64,3,4,toy5_gpu_core_neural_output_average_batched_64_cpu,1,neural_policy,output_average,select_peers,0.00026441202498972416
toy5,neural_output_average,batched,cpu,64,3,4,toy5_gpu_core_neural_output_average_batched_64_cpu,1,neural_policy,output_average,social_distillation,0.0295491999713704
toy5,neural_output_average,batched,cpu,64,3,4,toy5_gpu_core_neural_output_average_batched_64_cpu,1,neural_policy,output_average,social_step,0.029590097023174167
toy5,neural_output_average,batched,cpu,64,3,4,toy5_gpu_core_neural_output_average_batched_64_cpu,1,neural_policy,output_average,sample_actions,1.1719530448317528e-06
toy5,neural_output_average,batched,cpu,64,3,4,toy5_gpu_core_neural_output_average_batched_64_cpu,1,neural_policy,output_average,commit_actions,5.503406282514334e-05
toy5,neural_output_average,batched,cpu,64,3,4,toy5_gpu_core_neural_output_average_batched_64_cpu,1,neural_policy,output_average,post_step_state_policy,2.9676011763513088e-05
toy5,neural_output_average,batched,cpu,64,3,4,toy5_gpu_core_neural_output_average_batched_64_cpu,1,neural_policy,output_average,update_reputation_ema,2.216198481619358e-05
toy5,neural_output_average,batched,cpu,64,3,4,toy5_gpu_core_neural_output_average_batched_64_cpu,1,neural_policy,output_average,finalize_hook_step,5.16907311975956e-06
toy5,neural_output_average,batched,cpu,64,3,4,toy5_gpu_core_neural_output_average_batched_64_cpu,1,neural_policy,output_average,hooked_step_total,0.06488211895339191
toy5,neural_output_average,batched,cpu,64,3,4,toy5_gpu_core_neural_output_average_batched_64_cpu,1,neural_policy,output_average,aggregate_row,0.002099080942571163
toy5,neural_output_average,batched,cpu,64,3,4,toy5_gpu_core_neural_output_average_batched_64_cpu,1,neural_policy,output_average,write_aggregate,9.305600542575121e-05
toy5,neural_output_average,batched,cpu,64,3,4,toy5_gpu_core_neural_output_average_batched_64_cpu,2,neural_policy,output_average,sample_revision_mask,3.293203189969063e-05
toy5,neural_output_average,batched,cpu,64,3,4,toy5_gpu_core_neural_output_average_batched_64_cpu,2,neural_policy,output_average,build_step_context,0.0002884570276364684
toy5,neural_output_average,batched,cpu,64,3,4,toy5_gpu_core_neural_output_average_batched_64_cpu,2,neural_policy,output_average,build_observations,0.00046437105629593134
toy5,neural_output_average,batched,cpu,64,3,4,toy5_gpu_core_neural_output_average_batched_64_cpu,2,neural_policy,output_average,policy_readout,0.00016077503096312284
toy5,neural_output_average,batched,cpu,64,3,4,toy5_gpu_core_neural_output_average_batched_64_cpu,2,neural_policy,output_average,decision_selection,0.00012448604684323072
toy5,neural_output_average,batched,cpu,64,3,4,toy5_gpu_core_neural_output_average_batched_64_cpu,2,neural_policy,output_average,local_training,0.02179655700456351
toy5,neural_output_average,batched,cpu,64,3,4,toy5_gpu_core_neural_output_average_batched_64_cpu,2,neural_policy,output_average,cache_refresh,0.001020565046928823
toy5,neural_output_average,batched,cpu,64,3,4,toy5_gpu_core_neural_output_average_batched_64_cpu,2,neural_policy,output_average,post_local_readout,0.0005645010387524962
toy5,neural_output_average,batched,cpu,64,3,4,toy5_gpu_core_neural_output_average_batched_64_cpu,2,neural_policy,output_average,local_step,0.024408049997873604
toy5,neural_output_average,batched,cpu,64,3,4,toy5_gpu_core_neural_output_average_batched_64_cpu,2,neural_policy,output_average,select_peers,0.00027837802190333605
toy5,neural_output_average,batched,cpu,64,3,4,toy5_gpu_core_neural_output_average_batched_64_cpu,2,neural_policy,output_average,social_distillation,0.022403909009881318
toy5,neural_output_average,batched,cpu,64,3,4,toy5_gpu_core_neural_output_average_batched_64_cpu,2,neural_policy,output_average,social_step,0.02247809001710266
toy5,neural_output_average,batched,cpu,64,3,4,toy5_gpu_core_neural_output_average_batched_64_cpu,2,neural_policy,output_average,sample_actions,9.419163689017296e-07
toy5,neural_output_average,batched,cpu,64,3,4,toy5_gpu_core_neural_output_average_batched_64_cpu,2,neural_policy,output_average,commit_actions,5.376199260354042e-05
toy5,neural_output_average,batched,cpu,64,3,4,toy5_gpu_core_neural_output_average_batched_64_cpu,2,neural_policy,output_average,post_step_state_policy,4.757009446620941e-05
toy5,neural_output_average,batched,cpu,64,3,4,toy5_gpu_core_neural_output_average_batched_64_cpu,2,neural_policy,output_average,update_reputation_ema,1.8395017832517624e-05
toy5,neural_output_average,batched,cpu,64,3,4,toy5_gpu_core_neural_output_average_batched_64_cpu,2,neural_policy,output_average,finalize_hook_step,9.607989341020584e-06
toy5,neural_output_average,batched,cpu,64,3,4,toy5_gpu_core_neural_output_average_batched_64_cpu,2,neural_policy,output_average,hooked_step_total,0.04844477504957467
toy5,neural_output_average,batched,cpu,64,3,4,toy5_gpu_core_neural_output_average_batched_64_cpu,2,neural_policy,output_average,aggregate_row,0.001377020962536335
toy5,neural_output_average,batched,cpu,64,3,4,toy5_gpu_core_neural_output_average_batched_64_cpu,2,neural_policy,output_average,write_aggregate,7.999199442565441e-05
toy5,neural_output_average,batched,cpu,64,3,4,toy5_gpu_core_neural_output_average_batched_64_cpu,3,neural_policy,output_average,sample_revision_mask,2.287409733980894e-05
toy5,neural_output_average,batched,cpu,64,3,4,toy5_gpu_core_neural_output_average_batched_64_cpu,3,neural_policy,output_average,build_step_context,0.00030945707112550735
toy5,neural_output_average,batched,cpu,64,3,4,toy5_gpu_core_neural_output_average_batched_64_cpu,3,neural_policy,output_average,build_observations,0.00047469104174524546
toy5,neural_output_average,batched,cpu,64,3,4,toy5_gpu_core_neural_output_average_batched_64_cpu,3,neural_policy,output_average,policy_readout,0.00017176498658955097
toy5,neural_output_average,batched,cpu,64,3,4,toy5_gpu_core_neural_output_average_batched_64_cpu,3,neural_policy,output_average,decision_selection,0.00013349298387765884
toy5,neural_output_average,batched,cpu,64,3,4,toy5_gpu_core_neural_output_average_batched_64_cpu,3,neural_policy,output_average,local_training,0.024068205966614187
toy5,neural_output_average,batched,cpu,64,3,4,toy5_gpu_core_neural_output_average_batched_64_cpu,3,neural_policy,output_average,cache_refresh,0.0019980790093541145
toy5,neural_output_average,batched,cpu,64,3,4,toy5_gpu_core_neural_output_average_batched_64_cpu,3,neural_policy,output_average,post_local_readout,0.000603604014031589
toy5,neural_output_average,batched,cpu,64,3,4,toy5_gpu_core_neural_output_average_batched_64_cpu,3,neural_policy,output_average,local_step,0.027873191982507706
toy5,neural_output_average,batched,cpu,64,3,4,toy5_gpu_core_neural_output_average_batched_64_cpu,3,neural_policy,output_average,select_peers,0.0002239049645140767
toy5,neural_output_average,batched,cpu,64,3,4,toy5_gpu_core_neural_output_average_batched_64_cpu,3,neural_policy,output_average,social_distillation,0.029877532040700316
toy5,neural_output_average,batched,cpu,64,3,4,toy5_gpu_core_neural_output_average_batched_64_cpu,3,neural_policy,output_average,social_step,0.029961481923237443
toy5,neural_output_average,batched,cpu,64,3,4,toy5_gpu_core_neural_output_average_batched_64_cpu,3,neural_policy,output_average,sample_actions,1.3530952855944633e-06
toy5,neural_output_average,batched,cpu,64,3,4,toy5_gpu_core_neural_output_average_batched_64_cpu,3,neural_policy,output_average,commit_actions,0.0001554650953039527
toy5,neural_output_average,batched,cpu,64,3,4,toy5_gpu_core_neural_output_average_batched_64_cpu,3,neural_policy,output_average,post_step_state_policy,6.549409590661526e-05
toy5,neural_output_average,batched,cpu,64,3,4,toy5_gpu_core_neural_output_average_batched_64_cpu,3,neural_policy,output_average,update_reputation_ema,0.00010805507190525532
toy5,neural_output_average,batched,cpu,64,3,4,toy5_gpu_core_neural_output_average_batched_64_cpu,3,neural_policy,output_average,finalize_hook_step,1.3555050827562809e-05
toy5,neural_output_average,batched,cpu,64,3,4,toy5_gpu_core_neural_output_average_batched_64_cpu,3,neural_policy,output_average,hooked_step_total,0.06119234103243798
toy5,neural_output_average,batched,cpu,64,3,4,toy5_gpu_core_neural_output_average_batched_64_cpu,3,neural_policy,output_average,aggregate_row,0.001864867052063346
toy5,neural_output_average,batched,cpu,64,3,4,toy5_gpu_core_neural_output_average_batched_64_cpu,3,neural_policy,output_average,write_aggregate,8.111400529742241e-05
toy5,neural_output_average,batched,cuda,64,3,4,toy5_gpu_core_neural_output_average_batched_64_cuda,0,neural_policy,output_average,make_run_dir,0.00034419295843690634
toy5,neural_output_average,batched,cuda,64,3,4,toy5_gpu_core_neural_output_average_batched_64_cuda,0,neural_policy,output_average,write_metadata,0.002373842056840658
toy5,neural_output_average,batched,cuda,64,3,4,toy5_gpu_core_neural_output_average_batched_64_cuda,0,neural_policy,output_average,initial_state,0.04585298092570156
toy5,neural_output_average,batched,cuda,64,3,4,toy5_gpu_core_neural_output_average_batched_64_cuda,0,neural_policy,output_average,writer_setup,0.0006682369858026505
toy5,neural_output_average,batched,cuda,64,3,4,toy5_gpu_core_neural_output_average_batched_64_cuda,0,neural_policy,output_average,initial_step_result,0.001463335007429123
toy5,neural_output_average,batched,cuda,64,3,4,toy5_gpu_core_neural_output_average_batched_64_cuda,0,neural_policy,output_average,initial_aggregate_row,0.002243353985249996
toy5,neural_output_average,batched,cuda,64,3,4,toy5_gpu_core_neural_output_average_batched_64_cuda,0,neural_policy,output_average,write_initial_aggregate,8.811696898192167e-05
toy5,neural_output_average,batched,cuda,64,3,4,toy5_gpu_core_neural_output_average_batched_64_cuda,1,neural_policy,output_average,sample_revision_mask,3.4695956856012344e-05
toy5,neural_output_average,batched,cuda,64,3,4,toy5_gpu_core_neural_output_average_batched_64_cuda,1,neural_policy,output_average,build_step_context,0.0002705530496314168
toy5,neural_output_average,batched,cuda,64,3,4,toy5_gpu_core_neural_output_average_batched_64_cuda,1,neural_policy,output_average,build_observations,0.0005032940534874797
toy5,neural_output_average,batched,cuda,64,3,4,toy5_gpu_core_neural_output_average_batched_64_cuda,1,neural_policy,output_average,policy_readout,0.0030080840224400163
toy5,neural_output_average,batched,cuda,64,3,4,toy5_gpu_core_neural_output_average_batched_64_cuda,1,neural_policy,output_average,decision_selection,0.0003225320251658559
toy5,neural_output_average,batched,cuda,64,3,4,toy5_gpu_core_neural_output_average_batched_64_cuda,1,neural_policy,output_average,local_training,0.050662912894040346
toy5,neural_output_average,batched,cuda,64,3,4,toy5_gpu_core_neural_output_average_batched_64_cuda,1,neural_policy,output_average,cache_refresh,0.001961279078386724
toy5,neural_output_average,batched,cuda,64,3,4,toy5_gpu_core_neural_output_average_batched_64_cuda,1,neural_policy,output_average,post_local_readout,0.002502436051145196
toy5,neural_output_average,batched,cuda,64,3,4,toy5_gpu_core_neural_output_average_batched_64_cuda,1,neural_policy,output_average,local_step,0.06014335190411657
toy5,neural_output_average,batched,cuda,64,3,4,toy5_gpu_core_neural_output_average_batched_64_cuda,1,neural_policy,output_average,select_peers,0.0004413470160216093
toy5,neural_output_average,batched,cuda,64,3,4,toy5_gpu_core_neural_output_average_batched_64_cuda,1,neural_policy,output_average,social_distillation,0.04977861500810832
toy5,neural_output_average,batched,cuda,64,3,4,toy5_gpu_core_neural_output_average_batched_64_cuda,1,neural_policy,output_average,social_step,0.049982763011939824
toy5,neural_output_average,batched,cuda,64,3,4,toy5_gpu_core_neural_output_average_batched_64_cuda,1,neural_policy,output_average,sample_actions,1.0399962775409222e-05
toy5,neural_output_average,batched,cuda,64,3,4,toy5_gpu_core_neural_output_average_batched_64_cuda,1,neural_policy,output_average,commit_actions,0.0002185049233958125
toy5,neural_output_average,batched,cuda,64,3,4,toy5_gpu_core_neural_output_average_batched_64_cuda,1,neural_policy,output_average,post_step_state_policy,7.924996316432953e-05
toy5,neural_output_average,batched,cuda,64,3,4,toy5_gpu_core_neural_output_average_batched_64_cuda,1,neural_policy,output_average,update_reputation_ema,8.002191316336393e-05
toy5,neural_output_average,batched,cuda,64,3,4,toy5_gpu_core_neural_output_average_batched_64_cuda,1,neural_policy,output_average,finalize_hook_step,1.611106563359499e-05
toy5,neural_output_average,batched,cuda,64,3,4,toy5_gpu_core_neural_output_average_batched_64_cuda,1,neural_policy,output_average,hooked_step_total,0.11423943599220365
toy5,neural_output_average,batched,cuda,64,3,4,toy5_gpu_core_neural_output_average_batched_64_cuda,1,neural_policy,output_average,aggregate_row,0.003299036994576454
toy5,neural_output_average,batched,cuda,64,3,4,toy5_gpu_core_neural_output_average_batched_64_cuda,1,neural_policy,output_average,write_aggregate,0.00012526707723736763
toy5,neural_output_average,batched,cuda,64,3,4,toy5_gpu_core_neural_output_average_batched_64_cuda,2,neural_policy,output_average,sample_revision_mask,3.1349947676062584e-05
toy5,neural_output_average,batched,cuda,64,3,4,toy5_gpu_core_neural_output_average_batched_64_cuda,2,neural_policy,output_average,build_step_context,0.00024652795400470495
toy5,neural_output_average,batched,cuda,64,3,4,toy5_gpu_core_neural_output_average_batched_64_cuda,2,neural_policy,output_average,build_observations,0.0004989859880879521
toy5,neural_output_average,batched,cuda,64,3,4,toy5_gpu_core_neural_output_average_batched_64_cuda,2,neural_policy,output_average,policy_readout,0.000557868042960763
toy5,neural_output_average,batched,cuda,64,3,4,toy5_gpu_core_neural_output_average_batched_64_cuda,2,neural_policy,output_average,decision_selection,0.0005221000174060464
toy5,neural_output_average,batched,cuda,64,3,4,toy5_gpu_core_neural_output_average_batched_64_cuda,2,neural_policy,output_average,local_training,0.049173016916029155
toy5,neural_output_average,batched,cuda,64,3,4,toy5_gpu_core_neural_output_average_batched_64_cuda,2,neural_policy,output_average,cache_refresh,0.0013398410519585013
toy5,neural_output_average,batched,cuda,64,3,4,toy5_gpu_core_neural_output_average_batched_64_cuda,2,neural_policy,output_average,post_local_readout,0.0022517309989780188
toy5,neural_output_average,batched,cuda,64,3,4,toy5_gpu_core_neural_output_average_batched_64_cuda,2,neural_policy,output_average,local_step,0.055524643044918776
toy5,neural_output_average,batched,cuda,64,3,4,toy5_gpu_core_neural_output_average_batched_64_cuda,2,neural_policy,output_average,select_peers,0.0005040459800511599
toy5,neural_output_average,batched,cuda,64,3,4,toy5_gpu_core_neural_output_average_batched_64_cuda,2,neural_policy,output_average,social_distillation,0.06308826699387282
toy5,neural_output_average,batched,cuda,64,3,4,toy5_gpu_core_neural_output_average_batched_64_cuda,2,neural_policy,output_average,social_step,0.06322137895040214
toy5,neural_output_average,batched,cuda,64,3,4,toy5_gpu_core_neural_output_average_batched_64_cuda,2,neural_policy,output_average,sample_actions,8.90705268830061e-06
toy5,neural_output_average,batched,cuda,64,3,4,toy5_gpu_core_neural_output_average_batched_64_cuda,2,neural_policy,output_average,commit_actions,0.00013691000640392303
toy5,neural_output_average,batched,cuda,64,3,4,toy5_gpu_core_neural_output_average_batched_64_cuda,2,neural_policy,output_average,post_step_state_policy,4.09269705414772e-05
toy5,neural_output_average,batched,cuda,64,3,4,toy5_gpu_core_neural_output_average_batched_64_cuda,2,neural_policy,output_average,update_reputation_ema,4.429393447935581e-05
toy5,neural_output_average,batched,cuda,64,3,4,toy5_gpu_core_neural_output_average_batched_64_cuda,2,neural_policy,output_average,finalize_hook_step,1.2533972039818764e-05
toy5,neural_output_average,batched,cuda,64,3,4,toy5_gpu_core_neural_output_average_batched_64_cuda,2,neural_policy,output_average,hooked_step_total,0.1222432239446789
toy5,neural_output_average,batched,cuda,64,3,4,toy5_gpu_core_neural_output_average_batched_64_cuda,2,neural_policy,output_average,aggregate_row,0.001873843022622168
toy5,neural_output_average,batched,cuda,64,3,4,toy5_gpu_core_neural_output_average_batched_64_cuda,2,neural_policy,output_average,write_aggregate,0.00015319092199206352
toy5,neural_output_average,batched,cuda,64,3,4,toy5_gpu_core_neural_output_average_batched_64_cuda,3,neural_policy,output_average,sample_revision_mask,3.5115983337163925e-05
toy5,neural_output_average,batched,cuda,64,3,4,toy5_gpu_core_neural_output_average_batched_64_cuda,3,neural_policy,output_average,build_step_context,0.00027980003505945206
toy5,neural_output_average,batched,cuda,64,3,4,toy5_gpu_core_neural_output_average_batched_64_cuda,3,neural_policy,output_average,build_observations,0.0005009699380025268
toy5,neural_output_average,batched,cuda,64,3,4,toy5_gpu_core_neural_output_average_batched_64_cuda,3,neural_policy,output_average,policy_readout,0.00033615692518651485
toy5,neural_output_average,batched,cuda,64,3,4,toy5_gpu_core_neural_output_average_batched_64_cuda,3,neural_policy,output_average,decision_selection,0.0003412170335650444
toy5,neural_output_average,batched,cuda,64,3,4,toy5_gpu_core_neural_output_average_batched_64_cuda,3,neural_policy,output_average,local_training,0.04157730098813772
toy5,neural_output_average,batched,cuda,64,3,4,toy5_gpu_core_neural_output_average_batched_64_cuda,3,neural_policy,output_average,cache_refresh,0.0012465339386835694
toy5,neural_output_average,batched,cuda,64,3,4,toy5_gpu_core_neural_output_average_batched_64_cuda,3,neural_policy,output_average,post_local_readout,0.0010372769320383668
toy5,neural_output_average,batched,cuda,64,3,4,toy5_gpu_core_neural_output_average_batched_64_cuda,3,neural_policy,output_average,local_step,0.04599106207024306
toy5,neural_output_average,batched,cuda,64,3,4,toy5_gpu_core_neural_output_average_batched_64_cuda,3,neural_policy,output_average,select_peers,0.0005516760284081101
toy5,neural_output_average,batched,cuda,64,3,4,toy5_gpu_core_neural_output_average_batched_64_cuda,3,neural_policy,output_average,social_distillation,0.054027392994612455
toy5,neural_output_average,batched,cuda,64,3,4,toy5_gpu_core_neural_output_average_batched_64_cuda,3,neural_policy,output_average,social_step,0.05421676207333803
toy5,neural_output_average,batched,cuda,64,3,4,toy5_gpu_core_neural_output_average_batched_64_cuda,3,neural_policy,output_average,sample_actions,1.2503936886787415e-05
toy5,neural_output_average,batched,cuda,64,3,4,toy5_gpu_core_neural_output_average_batched_64_cuda,3,neural_policy,output_average,commit_actions,0.00015298998914659023
toy5,neural_output_average,batched,cuda,64,3,4,toy5_gpu_core_neural_output_average_batched_64_cuda,3,neural_policy,output_average,post_step_state_policy,7.639394607394934e-05
toy5,neural_output_average,batched,cuda,64,3,4,toy5_gpu_core_neural_output_average_batched_64_cuda,3,neural_policy,output_average,update_reputation_ema,6.149697583168745e-05
toy5,neural_output_average,batched,cuda,64,3,4,toy5_gpu_core_neural_output_average_batched_64_cuda,3,neural_policy,output_average,finalize_hook_step,1.4496967196464539e-05
toy5,neural_output_average,batched,cuda,64,3,4,toy5_gpu_core_neural_output_average_batched_64_cuda,3,neural_policy,output_average,hooked_step_total,0.1046486459672451
toy5,neural_output_average,batched,cuda,64,3,4,toy5_gpu_core_neural_output_average_batched_64_cuda,3,neural_policy,output_average,aggregate_row,0.002655255957506597
toy5,neural_output_average,batched,cuda,64,3,4,toy5_gpu_core_neural_output_average_batched_64_cuda,3,neural_policy,output_average,write_aggregate,0.00011839508078992367
toy5,neural_none,loop,cpu,256,3,4,toy5_gpu_core_neural_none_loop_256_cpu,0,neural_policy,none,make_run_dir,0.00040621100924909115
toy5,neural_none,loop,cpu,256,3,4,toy5_gpu_core_neural_none_loop_256_cpu,0,neural_policy,none,write_metadata,0.0033342429669573903
toy5,neural_none,loop,cpu,256,3,4,toy5_gpu_core_neural_none_loop_256_cpu,0,neural_policy,none,initial_state,0.12039135198574513
toy5,neural_none,loop,cpu,256,3,4,toy5_gpu_core_neural_none_loop_256_cpu,0,neural_policy,none,writer_setup,0.0006481899181380868
toy5,neural_none,loop,cpu,256,3,4,toy5_gpu_core_neural_none_loop_256_cpu,0,neural_policy,none,initial_step_result,0.0010351230157539248
toy5,neural_none,loop,cpu,256,3,4,toy5_gpu_core_neural_none_loop_256_cpu,0,neural_policy,none,initial_aggregate_row,0.002336350968107581
toy5,neural_none,loop,cpu,256,3,4,toy5_gpu_core_neural_none_loop_256_cpu,0,neural_policy,none,write_initial_aggregate,8.837692439556122e-05
toy5,neural_none,loop,cpu,256,3,4,toy5_gpu_core_neural_none_loop_256_cpu,1,neural_policy,none,sample_revision_mask,2.5338027626276016e-05
toy5,neural_none,loop,cpu,256,3,4,toy5_gpu_core_neural_none_loop_256_cpu,1,neural_policy,none,build_step_context,0.0007379499729722738
toy5,neural_none,loop,cpu,256,3,4,toy5_gpu_core_neural_none_loop_256_cpu,1,neural_policy,none,build_observations,0.001401017070747912
toy5,neural_none,loop,cpu,256,3,4,toy5_gpu_core_neural_none_loop_256_cpu,1,neural_policy,none,policy_readout,0.0010791870299726725
toy5,neural_none,loop,cpu,256,3,4,toy5_gpu_core_neural_none_loop_256_cpu,1,neural_policy,none,decision_selection,0.00036209693644195795
toy5,neural_none,loop,cpu,256,3,4,toy5_gpu_core_neural_none_loop_256_cpu,1,neural_policy,none,local_training,0.17693028901703656
toy5,neural_none,loop,cpu,256,3,4,toy5_gpu_core_neural_none_loop_256_cpu,1,neural_policy,none,cache_refresh,0.00630469701718539
toy5,neural_none,loop,cpu,256,3,4,toy5_gpu_core_neural_none_loop_256_cpu,1,neural_policy,none,post_local_readout,0.00070527708157897
toy5,neural_none,loop,cpu,256,3,4,toy5_gpu_core_neural_none_loop_256_cpu,1,neural_policy,none,local_step,0.18723767600022256
toy5,neural_none,loop,cpu,256,3,4,toy5_gpu_core_neural_none_loop_256_cpu,1,neural_policy,none,select_peers,0.0007739280117675662
toy5,neural_none,loop,cpu,256,3,4,toy5_gpu_core_neural_none_loop_256_cpu,1,neural_policy,none,social_step,6.379105616360903e-05
toy5,neural_none,loop,cpu,256,3,4,toy5_gpu_core_neural_none_loop_256_cpu,1,neural_policy,none,sample_actions,7.819617167115211e-07
toy5,neural_none,loop,cpu,256,3,4,toy5_gpu_core_neural_none_loop_256_cpu,1,neural_policy,none,commit_actions,0.00016048504039645195
toy5,neural_none,loop,cpu,256,3,4,toy5_gpu_core_neural_none_loop_256_cpu,1,neural_policy,none,post_step_state_policy,3.815197851508856e-05
toy5,neural_none,loop,cpu,256,3,4,toy5_gpu_core_neural_none_loop_256_cpu,1,neural_policy,none,update_reputation_ema,4.679802805185318e-05
toy5,neural_none,loop,cpu,256,3,4,toy5_gpu_core_neural_none_loop_256_cpu,1,neural_policy,none,finalize_hook_step,7.534981705248356e-06
toy5,neural_none,loop,cpu,256,3,4,toy5_gpu_core_neural_none_loop_256_cpu,1,neural_policy,none,hooked_step_total,0.1903538160258904
toy5,neural_none,loop,cpu,256,3,4,toy5_gpu_core_neural_none_loop_256_cpu,1,neural_policy,none,aggregate_row,0.003107091994024813
toy5,neural_none,loop,cpu,256,3,4,toy5_gpu_core_neural_none_loop_256_cpu,1,neural_policy,none,write_aggregate,9.154400322586298e-05
toy5,neural_none,loop,cpu,256,3,4,toy5_gpu_core_neural_none_loop_256_cpu,2,neural_policy,none,sample_revision_mask,1.2814067304134369e-05
toy5,neural_none,loop,cpu,256,3,4,toy5_gpu_core_neural_none_loop_256_cpu,2,neural_policy,none,build_step_context,0.0007392920088022947
toy5,neural_none,loop,cpu,256,3,4,toy5_gpu_core_neural_none_loop_256_cpu,2,neural_policy,none,build_observations,0.0011152749648317695
toy5,neural_none,loop,cpu,256,3,4,toy5_gpu_core_neural_none_loop_256_cpu,2,neural_policy,none,policy_readout,0.0003564360085874796
toy5,neural_none,loop,cpu,256,3,4,toy5_gpu_core_neural_none_loop_256_cpu,2,neural_policy,none,decision_selection,0.00023467501159757376
toy5,neural_none,loop,cpu,256,3,4,toy5_gpu_core_neural_none_loop_256_cpu,2,neural_policy,none,local_training,0.13600340101402253
toy5,neural_none,loop,cpu,256,3,4,toy5_gpu_core_neural_none_loop_256_cpu,2,neural_policy,none,cache_refresh,0.005726439994759858
toy5,neural_none,loop,cpu,256,3,4,toy5_gpu_core_neural_none_loop_256_cpu,2,neural_policy,none,post_local_readout,0.000583276036195457
toy5,neural_none,loop,cpu,256,3,4,toy5_gpu_core_neural_none_loop_256_cpu,2,neural_policy,none,local_step,0.14447580894920975
toy5,neural_none,loop,cpu,256,3,4,toy5_gpu_core_neural_none_loop_256_cpu,2,neural_policy,none,select_peers,0.0004073820309713483
toy5,neural_none,loop,cpu,256,3,4,toy5_gpu_core_neural_none_loop_256_cpu,2,neural_policy,none,social_step,3.255205228924751e-05
toy5,neural_none,loop,cpu,256,3,4,toy5_gpu_core_neural_none_loop_256_cpu,2,neural_policy,none,sample_actions,8.109491318464279e-07
toy5,neural_none,loop,cpu,256,3,4,toy5_gpu_core_neural_none_loop_256_cpu,2,neural_policy,none,commit_actions,5.606596823781729e-05
toy5,neural_none,loop,cpu,256,3,4,toy5_gpu_core_neural_none_loop_256_cpu,2,neural_policy,none,post_step_state_policy,2.9916060157120228e-05
toy5,neural_none,loop,cpu,256,3,4,toy5_gpu_core_neural_none_loop_256_cpu,2,neural_policy,none,update_reputation_ema,2.077000681310892e-05
toy5,neural_none,loop,cpu,256,3,4,toy5_gpu_core_neural_none_loop_256_cpu,2,neural_policy,none,finalize_hook_step,4.39805444329977e-06
toy5,neural_none,loop,cpu,256,3,4,toy5_gpu_core_neural_none_loop_256_cpu,2,neural_policy,none,hooked_step_total,0.14653828099835664
toy5,neural_none,loop,cpu,256,3,4,toy5_gpu_core_neural_none_loop_256_cpu,2,neural_policy,none,aggregate_row,0.002287128008902073
toy5,neural_none,loop,cpu,256,3,4,toy5_gpu_core_neural_none_loop_256_cpu,2,neural_policy,none,write_aggregate,5.234905984252691e-05
toy5,neural_none,loop,cpu,256,3,4,toy5_gpu_core_neural_none_loop_256_cpu,3,neural_policy,none,sample_revision_mask,1.0570045560598373e-05
toy5,neural_none,loop,cpu,256,3,4,toy5_gpu_core_neural_none_loop_256_cpu,3,neural_policy,none,build_step_context,0.0007148360600695014
toy5,neural_none,loop,cpu,256,3,4,toy5_gpu_core_neural_none_loop_256_cpu,3,neural_policy,none,build_observations,0.0010727549670264125
toy5,neural_none,loop,cpu,256,3,4,toy5_gpu_core_neural_none_loop_256_cpu,3,neural_policy,none,policy_readout,0.0002874650526791811
toy5,neural_none,loop,cpu,256,3,4,toy5_gpu_core_neural_none_loop_256_cpu,3,neural_policy,none,decision_selection,0.0001850309781730175
toy5,neural_none,loop,cpu,256,3,4,toy5_gpu_core_neural_none_loop_256_cpu,3,neural_policy,none,local_training,0.16721986304037273
toy5,neural_none,loop,cpu,256,3,4,toy5_gpu_core_neural_none_loop_256_cpu,3,neural_policy,none,cache_refresh,0.007271890994161367
toy5,neural_none,loop,cpu,256,3,4,toy5_gpu_core_neural_none_loop_256_cpu,3,neural_policy,none,post_local_readout,0.002633063937537372
toy5,neural_none,loop,cpu,256,3,4,toy5_gpu_core_neural_none_loop_256_cpu,3,neural_policy,none,local_step,0.17936076794285327
toy5,neural_none,loop,cpu,256,3,4,toy5_gpu_core_neural_none_loop_256_cpu,3,neural_policy,none,select_peers,0.0005620759911835194
toy5,neural_none,loop,cpu,256,3,4,toy5_gpu_core_neural_none_loop_256_cpu,3,neural_policy,none,social_step,3.501598257571459e-05
toy5,neural_none,loop,cpu,256,3,4,toy5_gpu_core_neural_none_loop_256_cpu,3,neural_policy,none,sample_actions,1.2620585039258003e-06
toy5,neural_none,loop,cpu,256,3,4,toy5_gpu_core_neural_none_loop_256_cpu,3,neural_policy,none,commit_actions,8.613406680524349e-05
toy5,neural_none,loop,cpu,256,3,4,toy5_gpu_core_neural_none_loop_256_cpu,3,neural_policy,none,post_step_state_policy,3.001699224114418e-05
toy5,neural_none,loop,cpu,256,3,4,toy5_gpu_core_neural_none_loop_256_cpu,3,neural_policy,none,update_reputation_ema,3.183993976563215e-05
toy5,neural_none,loop,cpu,256,3,4,toy5_gpu_core_neural_none_loop_256_cpu,3,neural_policy,none,finalize_hook_step,6.171991117298603e-06
toy5,neural_none,loop,cpu,256,3,4,toy5_gpu_core_neural_none_loop_256_cpu,3,neural_policy,none,hooked_step_total,0.18183511099778116
toy5,neural_none,loop,cpu,256,3,4,toy5_gpu_core_neural_none_loop_256_cpu,3,neural_policy,none,aggregate_row,0.003973636077716947
toy5,neural_none,loop,cpu,256,3,4,toy5_gpu_core_neural_none_loop_256_cpu,3,neural_policy,none,write_aggregate,0.0003030850784853101
toy5,neural_none,loop,cuda,256,3,4,toy5_gpu_core_neural_none_loop_256_cuda,0,neural_policy,none,make_run_dir,0.0008493410423398018
toy5,neural_none,loop,cuda,256,3,4,toy5_gpu_core_neural_none_loop_256_cuda,0,neural_policy,none,write_metadata,0.004143587895669043
toy5,neural_none,loop,cuda,256,3,4,toy5_gpu_core_neural_none_loop_256_cuda,0,neural_policy,none,initial_state,0.18993092409800738
toy5,neural_none,loop,cuda,256,3,4,toy5_gpu_core_neural_none_loop_256_cuda,0,neural_policy,none,writer_setup,0.0009701800299808383
toy5,neural_none,loop,cuda,256,3,4,toy5_gpu_core_neural_none_loop_256_cuda,0,neural_policy,none,initial_step_result,0.001991125987842679
toy5,neural_none,loop,cuda,256,3,4,toy5_gpu_core_neural_none_loop_256_cuda,0,neural_policy,none,initial_aggregate_row,0.0038586780428886414
toy5,neural_none,loop,cuda,256,3,4,toy5_gpu_core_neural_none_loop_256_cuda,0,neural_policy,none,write_initial_aggregate,5.404301919043064e-05
toy5,neural_none,loop,cuda,256,3,4,toy5_gpu_core_neural_none_loop_256_cuda,1,neural_policy,none,sample_revision_mask,2.6980997063219547e-05
toy5,neural_none,loop,cuda,256,3,4,toy5_gpu_core_neural_none_loop_256_cuda,1,neural_policy,none,build_step_context,0.0007608130108565092
toy5,neural_none,loop,cuda,256,3,4,toy5_gpu_core_neural_none_loop_256_cuda,1,neural_policy,none,build_observations,0.0013763799797743559
toy5,neural_none,loop,cuda,256,3,4,toy5_gpu_core_neural_none_loop_256_cuda,1,neural_policy,none,policy_readout,0.0013767710188403726
toy5,neural_none,loop,cuda,256,3,4,toy5_gpu_core_neural_none_loop_256_cuda,1,neural_policy,none,decision_selection,0.00042277202010154724
toy5,neural_none,loop,cuda,256,3,4,toy5_gpu_core_neural_none_loop_256_cuda,1,neural_policy,none,local_training,0.4235526090487838
toy5,neural_none,loop,cuda,256,3,4,toy5_gpu_core_neural_none_loop_256_cuda,1,neural_policy,none,cache_refresh,0.0071433380944654346
toy5,neural_none,loop,cuda,256,3,4,toy5_gpu_core_neural_none_loop_256_cuda,1,neural_policy,none,post_local_readout,0.000704405945725739
toy5,neural_none,loop,cuda,256,3,4,toy5_gpu_core_neural_none_loop_256_cuda,1,neural_policy,none,local_step,0.4357393910177052
toy5,neural_none,loop,cuda,256,3,4,toy5_gpu_core_neural_none_loop_256_cuda,1,neural_policy,none,select_peers,0.0008255160646513104
toy5,neural_none,loop,cuda,256,3,4,toy5_gpu_core_neural_none_loop_256_cuda,1,neural_policy,none,social_step,0.0001216809032484889
toy5,neural_none,loop,cuda,256,3,4,toy5_gpu_core_neural_none_loop_256_cuda,1,neural_policy,none,sample_actions,7.804017513990402e-06
toy5,neural_none,loop,cuda,256,3,4,toy5_gpu_core_neural_none_loop_256_cuda,1,neural_policy,none,commit_actions,0.00010537996422499418
toy5,neural_none,loop,cuda,256,3,4,toy5_gpu_core_neural_none_loop_256_cuda,1,neural_policy,none,post_step_state_policy,5.279993638396263e-05
toy5,neural_none,loop,cuda,256,3,4,toy5_gpu_core_neural_none_loop_256_cuda,1,neural_policy,none,update_reputation_ema,5.384208634495735e-05
toy5,neural_none,loop,cuda,256,3,4,toy5_gpu_core_neural_none_loop_256_cuda,1,neural_policy,none,finalize_hook_step,2.0109000615775585e-05
toy5,neural_none,loop,cuda,256,3,4,toy5_gpu_core_neural_none_loop_256_cuda,1,neural_policy,none,hooked_step_total,0.439228547969833
toy5,neural_none,loop,cuda,256,3,4,toy5_gpu_core_neural_none_loop_256_cuda,1,neural_policy,none,aggregate_row,0.003411561017856002
toy5,neural_none,loop,cuda,256,3,4,toy5_gpu_core_neural_none_loop_256_cuda,1,neural_policy,none,write_aggregate,0.00013074791058897972
toy5,neural_none,loop,cuda,256,3,4,toy5_gpu_core_neural_none_loop_256_cuda,2,neural_policy,none,sample_revision_mask,3.094901330769062e-05
toy5,neural_none,loop,cuda,256,3,4,toy5_gpu_core_neural_none_loop_256_cuda,2,neural_policy,none,build_step_context,0.0009326880099251866
toy5,neural_none,loop,cuda,256,3,4,toy5_gpu_core_neural_none_loop_256_cuda,2,neural_policy,none,build_observations,0.0014131999341771007
toy5,neural_none,loop,cuda,256,3,4,toy5_gpu_core_neural_none_loop_256_cuda,2,neural_policy,none,policy_readout,0.0003209480782970786
toy5,neural_none,loop,cuda,256,3,4,toy5_gpu_core_neural_none_loop_256_cuda,2,neural_policy,none,decision_selection,0.00034596596378833055
toy5,neural_none,loop,cuda,256,3,4,toy5_gpu_core_neural_none_loop_256_cuda,2,neural_policy,none,local_training,0.3919986269902438
toy5,neural_none,loop,cuda,256,3,4,toy5_gpu_core_neural_none_loop_256_cuda,2,neural_policy,none,cache_refresh,0.007225442910566926
toy5,neural_none,loop,cuda,256,3,4,toy5_gpu_core_neural_none_loop_256_cuda,2,neural_policy,none,post_local_readout,0.0007416270673274994
toy5,neural_none,loop,cuda,256,3,4,toy5_gpu_core_neural_none_loop_256_cuda,2,neural_policy,none,local_step,0.40334186900872737
toy5,neural_none,loop,cuda,256,3,4,toy5_gpu_core_neural_none_loop_256_cuda,2,neural_policy,none,select_peers,0.0007125510601326823
toy5,neural_none,loop,cuda,256,3,4,toy5_gpu_core_neural_none_loop_256_cuda,2,neural_policy,none,social_step,0.0001236340031027794
toy5,neural_none,loop,cuda,256,3,4,toy5_gpu_core_neural_none_loop_256_cuda,2,neural_policy,none,sample_actions,6.753019988536835e-06
toy5,neural_none,loop,cuda,256,3,4,toy5_gpu_core_neural_none_loop_256_cuda,2,neural_policy,none,commit_actions,8.445000275969505e-05
toy5,neural_none,loop,cuda,256,3,4,toy5_gpu_core_neural_none_loop_256_cuda,2,neural_policy,none,post_step_state_policy,6.290897727012634e-05
toy5,neural_none,loop,cuda,256,3,4,toy5_gpu_core_neural_none_loop_256_cuda,2,neural_policy,none,update_reputation_ema,4.4124084524810314e-05
toy5,neural_none,loop,cuda,256,3,4,toy5_gpu_core_neural_none_loop_256_cuda,2,neural_policy,none,finalize_hook_step,1.4698016457259655e-05
toy5,neural_none,loop,cuda,256,3,4,toy5_gpu_core_neural_none_loop_256_cuda,2,neural_policy,none,hooked_step_total,0.4065264989621937
toy5,neural_none,loop,cuda,256,3,4,toy5_gpu_core_neural_none_loop_256_cuda,2,neural_policy,none,aggregate_row,0.0032203670125454664
toy5,neural_none,loop,cuda,256,3,4,toy5_gpu_core_neural_none_loop_256_cuda,2,neural_policy,none,write_aggregate,8.744595106691122e-05
toy5,neural_none,loop,cuda,256,3,4,toy5_gpu_core_neural_none_loop_256_cuda,3,neural_policy,none,sample_revision_mask,2.1791900508105755e-05
toy5,neural_none,loop,cuda,256,3,4,toy5_gpu_core_neural_none_loop_256_cuda,3,neural_policy,none,build_step_context,0.000796110020019114
toy5,neural_none,loop,cuda,256,3,4,toy5_gpu_core_neural_none_loop_256_cuda,3,neural_policy,none,build_observations,0.0016521039651706815
toy5,neural_none,loop,cuda,256,3,4,toy5_gpu_core_neural_none_loop_256_cuda,3,neural_policy,none,policy_readout,0.0003336420049890876
toy5,neural_none,loop,cuda,256,3,4,toy5_gpu_core_neural_none_loop_256_cuda,3,neural_policy,none,decision_selection,0.00029941799584776163
toy5,neural_none,loop,cuda,256,3,4,toy5_gpu_core_neural_none_loop_256_cuda,3,neural_policy,none,local_training,0.3121636399300769
toy5,neural_none,loop,cuda,256,3,4,toy5_gpu_core_neural_none_loop_256_cuda,3,neural_policy,none,cache_refresh,0.00772288697771728
toy5,neural_none,loop,cuda,256,3,4,toy5_gpu_core_neural_none_loop_256_cuda,3,neural_policy,none,post_local_readout,0.000575090991333127
toy5,neural_none,loop,cuda,256,3,4,toy5_gpu_core_neural_none_loop_256_cuda,3,neural_policy,none,local_step,0.32382703002076596
toy5,neural_none,loop,cuda,256,3,4,toy5_gpu_core_neural_none_loop_256_cuda,3,neural_policy,none,select_peers,0.0006285320268943906
toy5,neural_none,loop,cuda,256,3,4,toy5_gpu_core_neural_none_loop_256_cuda,3,neural_policy,none,social_step,0.0001048090634867549
toy5,neural_none,loop,cuda,256,3,4,toy5_gpu_core_neural_none_loop_256_cuda,3,neural_policy,none,sample_actions,6.261980161070824e-06
toy5,neural_none,loop,cuda,256,3,4,toy5_gpu_core_neural_none_loop_256_cuda,3,neural_policy,none,commit_actions,7.815798744559288e-05
toy5,neural_none,loop,cuda,256,3,4,toy5_gpu_core_neural_none_loop_256_cuda,3,neural_policy,none,post_step_state_policy,3.415497485548258e-05
toy5,neural_none,loop,cuda,256,3,4,toy5_gpu_core_neural_none_loop_256_cuda,3,neural_policy,none,update_reputation_ema,3.738095983862877e-05
toy5,neural_none,loop,cuda,256,3,4,toy5_gpu_core_neural_none_loop_256_cuda,3,neural_policy,none,finalize_hook_step,1.225306186825037e-05
toy5,neural_none,loop,cuda,256,3,4,toy5_gpu_core_neural_none_loop_256_cuda,3,neural_policy,none,hooked_step_total,0.3266485210042447
toy5,neural_none,loop,cuda,256,3,4,toy5_gpu_core_neural_none_loop_256_cuda,3,neural_policy,none,aggregate_row,0.003917620051652193
toy5,neural_none,loop,cuda,256,3,4,toy5_gpu_core_neural_none_loop_256_cuda,3,neural_policy,none,write_aggregate,0.00016191706527024508
toy5,neural_none,batched,cpu,256,3,4,toy5_gpu_core_neural_none_batched_256_cpu,0,neural_policy,none,make_run_dir,0.0004130130400881171
toy5,neural_none,batched,cpu,256,3,4,toy5_gpu_core_neural_none_batched_256_cpu,0,neural_policy,none,write_metadata,0.0026059619849547744
toy5,neural_none,batched,cpu,256,3,4,toy5_gpu_core_neural_none_batched_256_cpu,0,neural_policy,none,initial_state,0.122262301039882
toy5,neural_none,batched,cpu,256,3,4,toy5_gpu_core_neural_none_batched_256_cpu,0,neural_policy,none,writer_setup,0.0006106579676270485
toy5,neural_none,batched,cpu,256,3,4,toy5_gpu_core_neural_none_batched_256_cpu,0,neural_policy,none,initial_step_result,0.000991090084426105
toy5,neural_none,batched,cpu,256,3,4,toy5_gpu_core_neural_none_batched_256_cpu,0,neural_policy,none,initial_aggregate_row,0.00270961900241673
toy5,neural_none,batched,cpu,256,3,4,toy5_gpu_core_neural_none_batched_256_cpu,0,neural_policy,none,write_initial_aggregate,0.00010212301276624203
toy5,neural_none,batched,cpu,256,3,4,toy5_gpu_core_neural_none_batched_256_cpu,1,neural_policy,none,sample_revision_mask,2.5258050300180912e-05
toy5,neural_none,batched,cpu,256,3,4,toy5_gpu_core_neural_none_batched_256_cpu,1,neural_policy,none,build_step_context,0.0007694299565628171
toy5,neural_none,batched,cpu,256,3,4,toy5_gpu_core_neural_none_batched_256_cpu,1,neural_policy,none,build_observations,0.0012916489504277706
toy5,neural_none,batched,cpu,256,3,4,toy5_gpu_core_neural_none_batched_256_cpu,1,neural_policy,none,policy_readout,0.003548851003870368
toy5,neural_none,batched,cpu,256,3,4,toy5_gpu_core_neural_none_batched_256_cpu,1,neural_policy,none,decision_selection,0.0007974830223247409
toy5,neural_none,batched,cpu,256,3,4,toy5_gpu_core_neural_none_batched_256_cpu,1,neural_policy,none,local_training,0.09628225001506507
toy5,neural_none,batched,cpu,256,3,4,toy5_gpu_core_neural_none_batched_256_cpu,1,neural_policy,none,cache_refresh,0.006477755028754473
toy5,neural_none,batched,cpu,256,3,4,toy5_gpu_core_neural_none_batched_256_cpu,1,neural_policy,none,post_local_readout,0.0007172409677878022
toy5,neural_none,batched,cpu,256,3,4,toy5_gpu_core_neural_none_batched_256_cpu,1,neural_policy,none,local_step,0.10973126499447972
toy5,neural_none,batched,cpu,256,3,4,toy5_gpu_core_neural_none_batched_256_cpu,1,neural_policy,none,select_peers,0.00040927703958004713
toy5,neural_none,batched,cpu,256,3,4,toy5_gpu_core_neural_none_batched_256_cpu,1,neural_policy,none,social_step,3.516697324812412e-05
toy5,neural_none,batched,cpu,256,3,4,toy5_gpu_core_neural_none_batched_256_cpu,1,neural_policy,none,sample_actions,1.1620577424764633e-06
toy5,neural_none,batched,cpu,256,3,4,toy5_gpu_core_neural_none_batched_256_cpu,1,neural_policy,none,commit_actions,5.827099084854126e-05
toy5,neural_none,batched,cpu,256,3,4,toy5_gpu_core_neural_none_batched_256_cpu,1,neural_policy,none,post_step_state_policy,2.01190123334527e-05
toy5,neural_none,batched,cpu,256,3,4,toy5_gpu_core_neural_none_batched_256_cpu,1,neural_policy,none,update_reputation_ema,2.8804992325603962e-05
toy5,neural_none,batched,cpu,256,3,4,toy5_gpu_core_neural_none_batched_256_cpu,1,neural_policy,none,finalize_hook_step,5.119014531373978e-06
toy5,neural_none,batched,cpu,256,3,4,toy5_gpu_core_neural_none_batched_256_cpu,1,neural_policy,none,hooked_step_total,0.11205177707597613
toy5,neural_none,batched,cpu,256,3,4,toy5_gpu_core_neural_none_batched_256_cpu,1,neural_policy,none,aggregate_row,0.002471958054229617
toy5,neural_none,batched,cpu,256,3,4,toy5_gpu_core_neural_none_batched_256_cpu,1,neural_policy,none,write_aggregate,7.481197826564312e-05
toy5,neural_none,batched,cpu,256,3,4,toy5_gpu_core_neural_none_batched_256_cpu,2,neural_policy,none,sample_revision_mask,2.4495995603501797e-05
toy5,neural_none,batched,cpu,256,3,4,toy5_gpu_core_neural_none_batched_256_cpu,2,neural_policy,none,build_step_context,0.0007423580391332507
toy5,neural_none,batched,cpu,256,3,4,toy5_gpu_core_neural_none_batched_256_cpu,2,neural_policy,none,build_observations,0.001201078062877059
toy5,neural_none,batched,cpu,256,3,4,toy5_gpu_core_neural_none_batched_256_cpu,2,neural_policy,none,policy_readout,0.00026315904688090086
toy5,neural_none,batched,cpu,256,3,4,toy5_gpu_core_neural_none_batched_256_cpu,2,neural_policy,none,decision_selection,0.00023417396005243063
toy5,neural_none,batched,cpu,256,3,4,toy5_gpu_core_neural_none_batched_256_cpu,2,neural_policy,none,local_training,0.10207687900401652
toy5,neural_none,batched,cpu,256,3,4,toy5_gpu_core_neural_none_batched_256_cpu,2,neural_policy,none,cache_refresh,0.00488710799254477
toy5,neural_none,batched,cpu,256,3,4,toy5_gpu_core_neural_none_batched_256_cpu,2,neural_policy,none,post_local_readout,0.0008866720600053668
toy5,neural_none,batched,cpu,256,3,4,toy5_gpu_core_neural_none_batched_256_cpu,2,neural_policy,none,local_step,0.11002939101308584
toy5,neural_none,batched,cpu,256,3,4,toy5_gpu_core_neural_none_batched_256_cpu,2,neural_policy,none,select_peers,0.0006604120135307312
toy5,neural_none,batched,cpu,256,3,4,toy5_gpu_core_neural_none_batched_256_cpu,2,neural_policy,none,social_step,4.1087972931563854e-05
toy5,neural_none,batched,cpu,256,3,4,toy5_gpu_core_neural_none_batched_256_cpu,2,neural_policy,none,sample_actions,9.019859135150909e-07
toy5,neural_none,batched,cpu,256,3,4,toy5_gpu_core_neural_none_batched_256_cpu,2,neural_policy,none,commit_actions,0.00017325906082987785
toy5,neural_none,batched,cpu,256,3,4,toy5_gpu_core_neural_none_batched_256_cpu,2,neural_policy,none,post_step_state_policy,4.560698289424181e-05
toy5,neural_none,batched,cpu,256,3,4,toy5_gpu_core_neural_none_batched_256_cpu,2,neural_policy,none,update_reputation_ema,4.433398135006428e-05
toy5,neural_none,batched,cpu,256,3,4,toy5_gpu_core_neural_none_batched_256_cpu,2,neural_policy,none,finalize_hook_step,9.577954187989235e-06
toy5,neural_none,batched,cpu,256,3,4,toy5_gpu_core_neural_none_batched_256_cpu,2,neural_policy,none,hooked_step_total,0.11323928902857006
toy5,neural_none,batched,cpu,256,3,4,toy5_gpu_core_neural_none_batched_256_cpu,2,neural_policy,none,aggregate_row,0.00470646598841995
toy5,neural_none,batched,cpu,256,3,4,toy5_gpu_core_neural_none_batched_256_cpu,2,neural_policy,none,write_aggregate,0.00013258098624646664
toy5,neural_none,batched,cpu,256,3,4,toy5_gpu_core_neural_none_batched_256_cpu,3,neural_policy,none,sample_revision_mask,2.3173983208835125e-05
toy5,neural_none,batched,cpu,256,3,4,toy5_gpu_core_neural_none_batched_256_cpu,3,neural_policy,none,build_step_context,0.0007426480296999216
toy5,neural_none,batched,cpu,256,3,4,toy5_gpu_core_neural_none_batched_256_cpu,3,neural_policy,none,build_observations,0.0012766920262947679
toy5,neural_none,batched,cpu,256,3,4,toy5_gpu_core_neural_none_batched_256_cpu,3,neural_policy,none,policy_readout,0.0013710500206798315
toy5,neural_none,batched,cpu,256,3,4,toy5_gpu_core_neural_none_batched_256_cpu,3,neural_policy,none,decision_selection,0.00031100003980100155
toy5,neural_none,batched,cpu,256,3,4,toy5_gpu_core_neural_none_batched_256_cpu,3,neural_policy,none,local_training,0.10257035598624498
toy5,neural_none,batched,cpu,256,3,4,toy5_gpu_core_neural_none_batched_256_cpu,3,neural_policy,none,cache_refresh,0.0062495829770341516
toy5,neural_none,batched,cpu,256,3,4,toy5_gpu_core_neural_none_batched_256_cpu,3,neural_policy,none,post_local_readout,0.0014325870433822274
toy5,neural_none,batched,cpu,256,3,4,toy5_gpu_core_neural_none_batched_256_cpu,3,neural_policy,none,local_step,0.11448825802654028
toy5,neural_none,batched,cpu,256,3,4,toy5_gpu_core_neural_none_batched_256_cpu,3,neural_policy,none,select_peers,0.0004486410180106759
toy5,neural_none,batched,cpu,256,3,4,toy5_gpu_core_neural_none_batched_256_cpu,3,neural_policy,none,social_step,2.9535964131355286e-05
toy5,neural_none,batched,cpu,256,3,4,toy5_gpu_core_neural_none_batched_256_cpu,3,neural_policy,none,sample_actions,1.9639264792203903e-06
toy5,neural_none,batched,cpu,256,3,4,toy5_gpu_core_neural_none_batched_256_cpu,3,neural_policy,none,commit_actions,6.513402331620455e-05
toy5,neural_none,batched,cpu,256,3,4,toy5_gpu_core_neural_none_batched_256_cpu,3,neural_policy,none,post_step_state_policy,2.3493892513215542e-05
toy5,neural_none,batched,cpu,256,3,4,toy5_gpu_core_neural_none_batched_256_cpu,3,neural_policy,none,update_reputation_ema,3.406498581171036e-05
toy5,neural_none,batched,cpu,256,3,4,toy5_gpu_core_neural_none_batched_256_cpu,3,neural_policy,none,finalize_hook_step,6.2820035964250565e-06
toy5,neural_none,batched,cpu,256,3,4,toy5_gpu_core_neural_none_batched_256_cpu,3,neural_policy,none,hooked_step_total,0.11689651489723474
toy5,neural_none,batched,cpu,256,3,4,toy5_gpu_core_neural_none_batched_256_cpu,3,neural_policy,none,aggregate_row,0.0031710040057078004
toy5,neural_none,batched,cpu,256,3,4,toy5_gpu_core_neural_none_batched_256_cpu,3,neural_policy,none,write_aggregate,0.00018287694547325373
toy5,neural_none,batched,cuda,256,3,4,toy5_gpu_core_neural_none_batched_256_cuda,0,neural_policy,none,make_run_dir,0.0003832569345831871
toy5,neural_none,batched,cuda,256,3,4,toy5_gpu_core_neural_none_batched_256_cuda,0,neural_policy,none,write_metadata,0.0023828489938750863
toy5,neural_none,batched,cuda,256,3,4,toy5_gpu_core_neural_none_batched_256_cuda,0,neural_policy,none,initial_state,0.17321853002067655
toy5,neural_none,batched,cuda,256,3,4,toy5_gpu_core_neural_none_batched_256_cuda,0,neural_policy,none,writer_setup,0.0009349029278382659
toy5,neural_none,batched,cuda,256,3,4,toy5_gpu_core_neural_none_batched_256_cuda,0,neural_policy,none,initial_step_result,0.001816093921661377
toy5,neural_none,batched,cuda,256,3,4,toy5_gpu_core_neural_none_batched_256_cuda,0,neural_policy,none,initial_aggregate_row,0.0032626170432195067
toy5,neural_none,batched,cuda,256,3,4,toy5_gpu_core_neural_none_batched_256_cuda,0,neural_policy,none,write_initial_aggregate,8.112401701509953e-05
toy5,neural_none,batched,cuda,256,3,4,toy5_gpu_core_neural_none_batched_256_cuda,1,neural_policy,none,sample_revision_mask,3.711006138473749e-05
toy5,neural_none,batched,cuda,256,3,4,toy5_gpu_core_neural_none_batched_256_cuda,1,neural_policy,none,build_step_context,0.0008059690007939935
toy5,neural_none,batched,cuda,256,3,4,toy5_gpu_core_neural_none_batched_256_cuda,1,neural_policy,none,build_observations,0.0013845859793946147
toy5,neural_none,batched,cuda,256,3,4,toy5_gpu_core_neural_none_batched_256_cuda,1,neural_policy,none,policy_readout,0.00231923907995224
toy5,neural_none,batched,cuda,256,3,4,toy5_gpu_core_neural_none_batched_256_cuda,1,neural_policy,none,decision_selection,0.0004663140280172229
toy5,neural_none,batched,cuda,256,3,4,toy5_gpu_core_neural_none_batched_256_cuda,1,neural_policy,none,local_training,0.24264318495988846
toy5,neural_none,batched,cuda,256,3,4,toy5_gpu_core_neural_none_batched_256_cuda,1,neural_policy,none,cache_refresh,0.006308042909950018
toy5,neural_none,batched,cuda,256,3,4,toy5_gpu_core_neural_none_batched_256_cuda,1,neural_policy,none,post_local_readout,0.0016011960105970502
toy5,neural_none,batched,cuda,256,3,4,toy5_gpu_core_neural_none_batched_256_cuda,1,neural_policy,none,local_step,0.25590678909793496
toy5,neural_none,batched,cuda,256,3,4,toy5_gpu_core_neural_none_batched_256_cuda,1,neural_policy,none,select_peers,0.0006352349882945418
toy5,neural_none,batched,cuda,256,3,4,toy5_gpu_core_neural_none_batched_256_cuda,1,neural_policy,none,social_step,0.00019361707381904125
toy5,neural_none,batched,cuda,256,3,4,toy5_gpu_core_neural_none_batched_256_cuda,1,neural_policy,none,sample_actions,9.958981536328793e-06
toy5,neural_none,batched,cuda,256,3,4,toy5_gpu_core_neural_none_batched_256_cuda,1,neural_policy,none,commit_actions,0.00012159999459981918
toy5,neural_none,batched,cuda,256,3,4,toy5_gpu_core_neural_none_batched_256_cuda,1,neural_policy,none,post_step_state_policy,4.860199987888336e-05
toy5,neural_none,batched,cuda,256,3,4,toy5_gpu_core_neural_none_batched_256_cuda,1,neural_policy,none,update_reputation_ema,6.635603494942188e-05
toy5,neural_none,batched,cuda,256,3,4,toy5_gpu_core_neural_none_batched_256_cuda,1,neural_policy,none,finalize_hook_step,1.8644961528480053e-05
toy5,neural_none,batched,cuda,256,3,4,toy5_gpu_core_neural_none_batched_256_cuda,1,neural_policy,none,hooked_step_total,0.25948292203247547
toy5,neural_none,batched,cuda,256,3,4,toy5_gpu_core_neural_none_batched_256_cuda,1,neural_policy,none,aggregate_row,0.004010926932096481
toy5,neural_none,batched,cuda,256,3,4,toy5_gpu_core_neural_none_batched_256_cuda,1,neural_policy,none,write_aggregate,0.00024956301786005497
toy5,neural_none,batched,cuda,256,3,4,toy5_gpu_core_neural_none_batched_256_cuda,2,neural_policy,none,sample_revision_mask,4.403304774314165e-05
toy5,neural_none,batched,cuda,256,3,4,toy5_gpu_core_neural_none_batched_256_cuda,2,neural_policy,none,build_step_context,0.0007760620210319757
toy5,neural_none,batched,cuda,256,3,4,toy5_gpu_core_neural_none_batched_256_cuda,2,neural_policy,none,build_observations,0.0013489790726453066
toy5,neural_none,batched,cuda,256,3,4,toy5_gpu_core_neural_none_batched_256_cuda,2,neural_policy,none,policy_readout,0.0009608330437913537
toy5,neural_none,batched,cuda,256,3,4,toy5_gpu_core_neural_none_batched_256_cuda,2,neural_policy,none,decision_selection,0.0004237939137965441
toy5,neural_none,batched,cuda,256,3,4,toy5_gpu_core_neural_none_batched_256_cuda,2,neural_policy,none,local_training,0.1768395269755274
toy5,neural_none,batched,cuda,256,3,4,toy5_gpu_core_neural_none_batched_256_cuda,2,neural_policy,none,cache_refresh,0.008166868006810546
toy5,neural_none,batched,cuda,256,3,4,toy5_gpu_core_neural_none_batched_256_cuda,2,neural_policy,none,post_local_readout,0.0016828910447657108
toy5,neural_none,batched,cuda,256,3,4,toy5_gpu_core_neural_none_batched_256_cuda,2,neural_policy,none,local_step,0.19085126102436334
toy5,neural_none,batched,cuda,256,3,4,toy5_gpu_core_neural_none_batched_256_cuda,2,neural_policy,none,select_peers,0.0009922420140355825
toy5,neural_none,batched,cuda,256,3,4,toy5_gpu_core_neural_none_batched_256_cuda,2,neural_policy,none,social_step,0.00016359006986021996
toy5,neural_none,batched,cuda,256,3,4,toy5_gpu_core_neural_none_batched_256_cuda,2,neural_policy,none,sample_actions,1.7051934264600277e-05
toy5,neural_none,batched,cuda,256,3,4,toy5_gpu_core_neural_none_batched_256_cuda,2,neural_policy,none,commit_actions,0.0006520570022985339
toy5,neural_none,batched,cuda,256,3,4,toy5_gpu_core_neural_none_batched_256_cuda,2,neural_policy,none,post_step_state_policy,7.973099127411842e-05
toy5,neural_none,batched,cuda,256,3,4,toy5_gpu_core_neural_none_batched_256_cuda,2,neural_policy,none,update_reputation_ema,0.00011447700671851635
toy5,neural_none,batched,cuda,256,3,4,toy5_gpu_core_neural_none_batched_256_cuda,2,neural_policy,none,finalize_hook_step,2.1861051209270954e-05
toy5,neural_none,batched,cuda,256,3,4,toy5_gpu_core_neural_none_batched_256_cuda,2,neural_policy,none,hooked_step_total,0.19584177597425878
toy5,neural_none,batched,cuda,256,3,4,toy5_gpu_core_neural_none_batched_256_cuda,2,neural_policy,none,aggregate_row,0.005317343981005251
toy5,neural_none,batched,cuda,256,3,4,toy5_gpu_core_neural_none_batched_256_cuda,2,neural_policy,none,write_aggregate,0.00010432698763906956
toy5,neural_none,batched,cuda,256,3,4,toy5_gpu_core_neural_none_batched_256_cuda,3,neural_policy,none,sample_revision_mask,2.9657036066055298e-05
toy5,neural_none,batched,cuda,256,3,4,toy5_gpu_core_neural_none_batched_256_cuda,3,neural_policy,none,build_step_context,0.0007709920173510909
toy5,neural_none,batched,cuda,256,3,4,toy5_gpu_core_neural_none_batched_256_cuda,3,neural_policy,none,build_observations,0.0014048239681869745
toy5,neural_none,batched,cuda,256,3,4,toy5_gpu_core_neural_none_batched_256_cuda,3,neural_policy,none,policy_readout,0.0011127700563520193
toy5,neural_none,batched,cuda,256,3,4,toy5_gpu_core_neural_none_batched_256_cuda,3,neural_policy,none,decision_selection,0.0007128920406103134
toy5,neural_none,batched,cuda,256,3,4,toy5_gpu_core_neural_none_batched_256_cuda,3,neural_policy,none,local_training,0.15506281796842813
toy5,neural_none,batched,cuda,256,3,4,toy5_gpu_core_neural_none_batched_256_cuda,3,neural_policy,none,cache_refresh,0.010879301931709051
toy5,neural_none,batched,cuda,256,3,4,toy5_gpu_core_neural_none_batched_256_cuda,3,neural_policy,none,post_local_readout,0.0026537630474194884
toy5,neural_none,batched,cuda,256,3,4,toy5_gpu_core_neural_none_batched_256_cuda,3,neural_policy,none,local_step,0.17356525803916156
toy5,neural_none,batched,cuda,256,3,4,toy5_gpu_core_neural_none_batched_256_cuda,3,neural_policy,none,select_peers,0.0012586769880726933
toy5,neural_none,batched,cuda,256,3,4,toy5_gpu_core_neural_none_batched_256_cuda,3,neural_policy,none,social_step,0.000217352993786335
toy5,neural_none,batched,cuda,256,3,4,toy5_gpu_core_neural_none_batched_256_cuda,3,neural_policy,none,sample_actions,1.4507095329463482e-05
toy5,neural_none,batched,cuda,256,3,4,toy5_gpu_core_neural_none_batched_256_cuda,3,neural_policy,none,commit_actions,0.00021665100939571857
toy5,neural_none,batched,cuda,256,3,4,toy5_gpu_core_neural_none_batched_256_cuda,3,neural_policy,none,post_step_state_policy,3.588804975152016e-05
toy5,neural_none,batched,cuda,256,3,4,toy5_gpu_core_neural_none_batched_256_cuda,3,neural_policy,none,update_reputation_ema,5.3621013648808e-05
toy5,neural_none,batched,cuda,256,3,4,toy5_gpu_core_neural_none_batched_256_cuda,3,neural_policy,none,finalize_hook_step,1.662189606577158e-05
toy5,neural_none,batched,cuda,256,3,4,toy5_gpu_core_neural_none_batched_256_cuda,3,neural_policy,none,hooked_step_total,0.17859598901122808
toy5,neural_none,batched,cuda,256,3,4,toy5_gpu_core_neural_none_batched_256_cuda,3,neural_policy,none,aggregate_row,0.006164361024275422
toy5,neural_none,batched,cuda,256,3,4,toy5_gpu_core_neural_none_batched_256_cuda,3,neural_policy,none,write_aggregate,0.000267747906036675
toy5,neural_output_average,loop,cpu,256,3,4,toy5_gpu_core_neural_output_average_loop_256_cpu,0,neural_policy,output_average,make_run_dir,0.0005607439670711756
toy5,neural_output_average,loop,cpu,256,3,4,toy5_gpu_core_neural_output_average_loop_256_cpu,0,neural_policy,output_average,write_metadata,0.004089636029675603
toy5,neural_output_average,loop,cpu,256,3,4,toy5_gpu_core_neural_output_average_loop_256_cpu,0,neural_policy,output_average,initial_state,0.555475924978964
toy5,neural_output_average,loop,cpu,256,3,4,toy5_gpu_core_neural_output_average_loop_256_cpu,0,neural_policy,output_average,writer_setup,0.0008948269532993436
toy5,neural_output_average,loop,cpu,256,3,4,toy5_gpu_core_neural_output_average_loop_256_cpu,0,neural_policy,output_average,initial_step_result,0.001468013972043991
toy5,neural_output_average,loop,cpu,256,3,4,toy5_gpu_core_neural_output_average_loop_256_cpu,0,neural_policy,output_average,initial_aggregate_row,0.003961171954870224
toy5,neural_output_average,loop,cpu,256,3,4,toy5_gpu_core_neural_output_average_loop_256_cpu,0,neural_policy,output_average,write_initial_aggregate,5.6267017498612404e-05
toy5,neural_output_average,loop,cpu,256,3,4,toy5_gpu_core_neural_output_average_loop_256_cpu,1,neural_policy,output_average,sample_revision_mask,2.01190123334527e-05
toy5,neural_output_average,loop,cpu,256,3,4,toy5_gpu_core_neural_output_average_loop_256_cpu,1,neural_policy,output_average,build_step_context,0.0007469970732927322
toy5,neural_output_average,loop,cpu,256,3,4,toy5_gpu_core_neural_output_average_loop_256_cpu,1,neural_policy,output_average,build_observations,0.0012796969385817647
toy5,neural_output_average,loop,cpu,256,3,4,toy5_gpu_core_neural_output_average_loop_256_cpu,1,neural_policy,output_average,policy_readout,0.001972550991922617
toy5,neural_output_average,loop,cpu,256,3,4,toy5_gpu_core_neural_output_average_loop_256_cpu,1,neural_policy,output_average,decision_selection,0.0004389620153233409
toy5,neural_output_average,loop,cpu,256,3,4,toy5_gpu_core_neural_output_average_loop_256_cpu,1,neural_policy,output_average,local_training,0.17173511709552258
toy5,neural_output_average,loop,cpu,256,3,4,toy5_gpu_core_neural_output_average_loop_256_cpu,1,neural_policy,output_average,cache_refresh,0.00646185502409935
toy5,neural_output_average,loop,cpu,256,3,4,toy5_gpu_core_neural_output_average_loop_256_cpu,1,neural_policy,output_average,post_local_readout,0.0007950180443003774
toy5,neural_output_average,loop,cpu,256,3,4,toy5_gpu_core_neural_output_average_loop_256_cpu,1,neural_policy,output_average,local_step,0.18320786498952657
toy5,neural_output_average,loop,cpu,256,3,4,toy5_gpu_core_neural_output_average_loop_256_cpu,1,neural_policy,output_average,select_peers,0.0007015600567683578
toy5,neural_output_average,loop,cpu,256,3,4,toy5_gpu_core_neural_output_average_loop_256_cpu,1,neural_policy,output_average,social_distillation,0.15108770004007965
toy5,neural_output_average,loop,cpu,256,3,4,toy5_gpu_core_neural_output_average_loop_256_cpu,1,neural_policy,output_average,social_step,0.15145852195564657
toy5,neural_output_average,loop,cpu,256,3,4,toy5_gpu_core_neural_output_average_loop_256_cpu,1,neural_policy,output_average,sample_actions,2.744956873357296e-06
toy5,neural_output_average,loop,cpu,256,3,4,toy5_gpu_core_neural_output_average_loop_256_cpu,1,neural_policy,output_average,commit_actions,9.369803592562675e-05
toy5,neural_output_average,loop,cpu,256,3,4,toy5_gpu_core_neural_output_average_loop_256_cpu,1,neural_policy,output_average,post_step_state_policy,2.887495793402195e-05
toy5,neural_output_average,loop,cpu,256,3,4,toy5_gpu_core_neural_output_average_loop_256_cpu,1,neural_policy,output_average,update_reputation_ema,2.9907096177339554e-05
toy5,neural_output_average,loop,cpu,256,3,4,toy5_gpu_core_neural_output_average_loop_256_cpu,1,neural_policy,output_average,finalize_hook_step,5.911104381084442e-06
toy5,neural_output_average,loop,cpu,256,3,4,toy5_gpu_core_neural_output_average_loop_256_cpu,1,neural_policy,output_average,hooked_step_total,0.3404260210227221
toy5,neural_output_average,loop,cpu,256,3,4,toy5_gpu_core_neural_output_average_loop_256_cpu,1,neural_policy,output_average,aggregate_row,0.006965480046346784
toy5,neural_output_average,loop,cpu,256,3,4,toy5_gpu_core_neural_output_average_loop_256_cpu,1,neural_policy,output_average,write_aggregate,6.0074031352996826e-05
toy5,neural_output_average,loop,cpu,256,3,4,toy5_gpu_core_neural_output_average_loop_256_cpu,2,neural_policy,output_average,sample_revision_mask,1.784402411431074e-05
toy5,neural_output_average,loop,cpu,256,3,4,toy5_gpu_core_neural_output_average_loop_256_cpu,2,neural_policy,output_average,build_step_context,0.0007402140181511641
toy5,neural_output_average,loop,cpu,256,3,4,toy5_gpu_core_neural_output_average_loop_256_cpu,2,neural_policy,output_average,build_observations,0.001309682964347303
toy5,neural_output_average,loop,cpu,256,3,4,toy5_gpu_core_neural_output_average_loop_256_cpu,2,neural_policy,output_average,policy_readout,0.0009647600818425417
toy5,neural_output_average,loop,cpu,256,3,4,toy5_gpu_core_neural_output_average_loop_256_cpu,2,neural_policy,output_average,decision_selection,0.00035380106419324875
toy5,neural_output_average,loop,cpu,256,3,4,toy5_gpu_core_neural_output_average_loop_256_cpu,2,neural_policy,output_average,local_training,0.14119183202274144
toy5,neural_output_average,loop,cpu,256,3,4,toy5_gpu_core_neural_output_average_loop_256_cpu,2,neural_policy,output_average,cache_refresh,0.007480967091396451
toy5,neural_output_average,loop,cpu,256,3,4,toy5_gpu_core_neural_output_average_loop_256_cpu,2,neural_policy,output_average,post_local_readout,0.0009661230724304914
toy5,neural_output_average,loop,cpu,256,3,4,toy5_gpu_core_neural_output_average_loop_256_cpu,2,neural_policy,output_average,local_step,0.1528727839468047
toy5,neural_output_average,loop,cpu,256,3,4,toy5_gpu_core_neural_output_average_loop_256_cpu,2,neural_policy,output_average,select_peers,0.0007030629785731435
toy5,neural_output_average,loop,cpu,256,3,4,toy5_gpu_core_neural_output_average_loop_256_cpu,2,neural_policy,output_average,social_distillation,0.17500141309574246
toy5,neural_output_average,loop,cpu,256,3,4,toy5_gpu_core_neural_output_average_loop_256_cpu,2,neural_policy,output_average,social_step,0.17510648199822754
toy5,neural_output_average,loop,cpu,256,3,4,toy5_gpu_core_neural_output_average_loop_256_cpu,2,neural_policy,output_average,sample_actions,1.8540304154157639e-06
toy5,neural_output_average,loop,cpu,256,3,4,toy5_gpu_core_neural_output_average_loop_256_cpu,2,neural_policy,output_average,commit_actions,7.145502604544163e-05
toy5,neural_output_average,loop,cpu,256,3,4,toy5_gpu_core_neural_output_average_loop_256_cpu,2,neural_policy,output_average,post_step_state_policy,2.6650959625840187e-05
toy5,neural_output_average,loop,cpu,256,3,4,toy5_gpu_core_neural_output_average_loop_256_cpu,2,neural_policy,output_average,update_reputation_ema,3.103900235146284e-05
toy5,neural_output_average,loop,cpu,256,3,4,toy5_gpu_core_neural_output_average_loop_256_cpu,2,neural_policy,output_average,finalize_hook_step,6.012036465108395e-06
toy5,neural_output_average,loop,cpu,256,3,4,toy5_gpu_core_neural_output_average_loop_256_cpu,2,neural_policy,output_average,hooked_step_total,0.3312400410650298
toy5,neural_output_average,loop,cpu,256,3,4,toy5_gpu_core_neural_output_average_loop_256_cpu,2,neural_policy,output_average,aggregate_row,0.0038895769976079464
toy5,neural_output_average,loop,cpu,256,3,4,toy5_gpu_core_neural_output_average_loop_256_cpu,2,neural_policy,output_average,write_aggregate,7.006293162703514e-05
toy5,neural_output_average,loop,cpu,256,3,4,toy5_gpu_core_neural_output_average_loop_256_cpu,3,neural_policy,output_average,sample_revision_mask,1.8635066226124763e-05
toy5,neural_output_average,loop,cpu,256,3,4,toy5_gpu_core_neural_output_average_loop_256_cpu,3,neural_policy,output_average,build_step_context,0.0007445620140060782
toy5,neural_output_average,loop,cpu,256,3,4,toy5_gpu_core_neural_output_average_loop_256_cpu,3,neural_policy,output_average,build_observations,0.0011509129544720054
toy5,neural_output_average,loop,cpu,256,3,4,toy5_gpu_core_neural_output_average_loop_256_cpu,3,neural_policy,output_average,policy_readout,0.0004554340848699212
toy5,neural_output_average,loop,cpu,256,3,4,toy5_gpu_core_neural_output_average_loop_256_cpu,3,neural_policy,output_average,decision_selection,0.00019146292470395565
toy5,neural_output_average,loop,cpu,256,3,4,toy5_gpu_core_neural_output_average_loop_256_cpu,3,neural_policy,output_average,local_training,0.17219811596442014
toy5,neural_output_average,loop,cpu,256,3,4,toy5_gpu_core_neural_output_average_loop_256_cpu,3,neural_policy,output_average,cache_refresh,0.00691636698320508
toy5,neural_output_average,loop,cpu,256,3,4,toy5_gpu_core_neural_output_average_loop_256_cpu,3,neural_policy,output_average,post_local_readout,0.0014689149102196097
toy5,neural_output_average,loop,cpu,256,3,4,toy5_gpu_core_neural_output_average_loop_256_cpu,3,neural_policy,output_average,local_step,0.1829500359017402
toy5,neural_output_average,loop,cpu,256,3,4,toy5_gpu_core_neural_output_average_loop_256_cpu,3,neural_policy,output_average,select_peers,0.0008945770096033812
toy5,neural_output_average,loop,cpu,256,3,4,toy5_gpu_core_neural_output_average_loop_256_cpu,3,neural_policy,output_average,social_distillation,0.1554424980422482
toy5,neural_output_average,loop,cpu,256,3,4,toy5_gpu_core_neural_output_average_loop_256_cpu,3,neural_policy,output_average,social_step,0.15554724703542888
toy5,neural_output_average,loop,cpu,256,3,4,toy5_gpu_core_neural_output_average_loop_256_cpu,3,neural_policy,output_average,sample_actions,5.190027877688408e-06
toy5,neural_output_average,loop,cpu,256,3,4,toy5_gpu_core_neural_output_average_loop_256_cpu,3,neural_policy,output_average,commit_actions,8.906901348382235e-05
toy5,neural_output_average,loop,cpu,256,3,4,toy5_gpu_core_neural_output_average_loop_256_cpu,3,neural_policy,output_average,post_step_state_policy,3.5757082514464855e-05
toy5,neural_output_average,loop,cpu,256,3,4,toy5_gpu_core_neural_output_average_loop_256_cpu,3,neural_policy,output_average,update_reputation_ema,4.4643995352089405e-05
toy5,neural_output_average,loop,cpu,256,3,4,toy5_gpu_core_neural_output_average_loop_256_cpu,3,neural_policy,output_average,finalize_hook_step,8.316012099385262e-06
toy5,neural_output_average,loop,cpu,256,3,4,toy5_gpu_core_neural_output_average_loop_256_cpu,3,neural_policy,output_average,hooked_step_total,0.34260965301655233
toy5,neural_output_average,loop,cpu,256,3,4,toy5_gpu_core_neural_output_average_loop_256_cpu,3,neural_policy,output_average,aggregate_row,0.005655576009303331
toy5,neural_output_average,loop,cpu,256,3,4,toy5_gpu_core_neural_output_average_loop_256_cpu,3,neural_policy,output_average,write_aggregate,9.888806380331516e-05
toy5,neural_output_average,loop,cuda,256,3,4,toy5_gpu_core_neural_output_average_loop_256_cuda,0,neural_policy,output_average,make_run_dir,0.0004637390375137329
toy5,neural_output_average,loop,cuda,256,3,4,toy5_gpu_core_neural_output_average_loop_256_cuda,0,neural_policy,output_average,write_metadata,0.0037380800349637866
toy5,neural_output_average,loop,cuda,256,3,4,toy5_gpu_core_neural_output_average_loop_256_cuda,0,neural_policy,output_average,initial_state,0.15959059493616223
toy5,neural_output_average,loop,cuda,256,3,4,toy5_gpu_core_neural_output_average_loop_256_cuda,0,neural_policy,output_average,writer_setup,0.0008072509663179517
toy5,neural_output_average,loop,cuda,256,3,4,toy5_gpu_core_neural_output_average_loop_256_cuda,0,neural_policy,output_average,initial_step_result,0.0012439590645954013
toy5,neural_output_average,loop,cuda,256,3,4,toy5_gpu_core_neural_output_average_loop_256_cuda,0,neural_policy,output_average,initial_aggregate_row,0.0030614060815423727
toy5,neural_output_average,loop,cuda,256,3,4,toy5_gpu_core_neural_output_average_loop_256_cuda,0,neural_policy,output_average,write_initial_aggregate,5.507504101842642e-05
toy5,neural_output_average,loop,cuda,256,3,4,toy5_gpu_core_neural_output_average_loop_256_cuda,1,neural_policy,output_average,sample_revision_mask,2.4536042474210262e-05
toy5,neural_output_average,loop,cuda,256,3,4,toy5_gpu_core_neural_output_average_loop_256_cuda,1,neural_policy,output_average,build_step_context,0.0007790970848873258
toy5,neural_output_average,loop,cuda,256,3,4,toy5_gpu_core_neural_output_average_loop_256_cuda,1,neural_policy,output_average,build_observations,0.0017411720473319292
toy5,neural_output_average,loop,cuda,256,3,4,toy5_gpu_core_neural_output_average_loop_256_cuda,1,neural_policy,output_average,policy_readout,0.0012398610124364495
toy5,neural_output_average,loop,cuda,256,3,4,toy5_gpu_core_neural_output_average_loop_256_cuda,1,neural_policy,output_average,decision_selection,0.00043219991493970156
toy5,neural_output_average,loop,cuda,256,3,4,toy5_gpu_core_neural_output_average_loop_256_cuda,1,neural_policy,output_average,local_training,0.37707031797617674
toy5,neural_output_average,loop,cuda,256,3,4,toy5_gpu_core_neural_output_average_loop_256_cuda,1,neural_policy,output_average,cache_refresh,0.013337103999219835
toy5,neural_output_average,loop,cuda,256,3,4,toy5_gpu_core_neural_output_average_loop_256_cuda,1,neural_policy,output_average,post_local_readout,0.0012580360053107142
toy5,neural_output_average,loop,cuda,256,3,4,toy5_gpu_core_neural_output_average_loop_256_cuda,1,neural_policy,output_average,local_step,0.3963245640043169
toy5,neural_output_average,loop,cuda,256,3,4,toy5_gpu_core_neural_output_average_loop_256_cuda,1,neural_policy,output_average,select_peers,0.0015809490578249097
toy5,neural_output_average,loop,cuda,256,3,4,toy5_gpu_core_neural_output_average_loop_256_cuda,1,neural_policy,output_average,social_distillation,0.39002054010052234
toy5,neural_output_average,loop,cuda,256,3,4,toy5_gpu_core_neural_output_average_loop_256_cuda,1,neural_policy,output_average,social_step,0.3901564769912511
toy5,neural_output_average,loop,cuda,256,3,4,toy5_gpu_core_neural_output_average_loop_256_cuda,1,neural_policy,output_average,sample_actions,7.194001227617264e-06
toy5,neural_output_average,loop,cuda,256,3,4,toy5_gpu_core_neural_output_average_loop_256_cuda,1,neural_policy,output_average,commit_actions,0.00012831296771764755
toy5,neural_output_average,loop,cuda,256,3,4,toy5_gpu_core_neural_output_average_loop_256_cuda,1,neural_policy,output_average,post_step_state_policy,6.969203241169453e-05
toy5,neural_output_average,loop,cuda,256,3,4,toy5_gpu_core_neural_output_average_loop_256_cuda,1,neural_policy,output_average,update_reputation_ema,7.151602767407894e-05
toy5,neural_output_average,loop,cuda,256,3,4,toy5_gpu_core_neural_output_average_loop_256_cuda,1,neural_policy,output_average,finalize_hook_step,1.3765995390713215e-05
toy5,neural_output_average,loop,cuda,256,3,4,toy5_gpu_core_neural_output_average_loop_256_cuda,1,neural_policy,output_average,hooked_step_total,0.7919599920278415
toy5,neural_output_average,loop,cuda,256,3,4,toy5_gpu_core_neural_output_average_loop_256_cuda,1,neural_policy,output_average,aggregate_row,0.004687299020588398
toy5,neural_output_average,loop,cuda,256,3,4,toy5_gpu_core_neural_output_average_loop_256_cuda,1,neural_policy,output_average,write_aggregate,7.665506564080715e-05
toy5,neural_output_average,loop,cuda,256,3,4,toy5_gpu_core_neural_output_average_loop_256_cuda,2,neural_policy,output_average,sample_revision_mask,2.3573986254632473e-05
toy5,neural_output_average,loop,cuda,256,3,4,toy5_gpu_core_neural_output_average_loop_256_cuda,2,neural_policy,output_average,build_step_context,0.0007816129364073277
toy5,neural_output_average,loop,cuda,256,3,4,toy5_gpu_core_neural_output_average_loop_256_cuda,2,neural_policy,output_average,build_observations,0.0012029720237478614
toy5,neural_output_average,loop,cuda,256,3,4,toy5_gpu_core_neural_output_average_loop_256_cuda,2,neural_policy,output_average,policy_readout,0.0002824959810823202
toy5,neural_output_average,loop,cuda,256,3,4,toy5_gpu_core_neural_output_average_loop_256_cuda,2,neural_policy,output_average,decision_selection,0.00029614195227622986
toy5,neural_output_average,loop,cuda,256,3,4,toy5_gpu_core_neural_output_average_loop_256_cuda,2,neural_policy,output_average,local_training,0.29145125090144575
toy5,neural_output_average,loop,cuda,256,3,4,toy5_gpu_core_neural_output_average_loop_256_cuda,2,neural_policy,output_average,cache_refresh,0.005244815954938531
toy5,neural_output_average,loop,cuda,256,3,4,toy5_gpu_core_neural_output_average_loop_256_cuda,2,neural_policy,output_average,post_local_readout,0.0003704630071297288
toy5,neural_output_average,loop,cuda,256,3,4,toy5_gpu_core_neural_output_average_loop_256_cuda,2,neural_policy,output_average,local_step,0.2996529859956354
toy5,neural_output_average,loop,cuda,256,3,4,toy5_gpu_core_neural_output_average_loop_256_cuda,2,neural_policy,output_average,select_peers,0.0005256870063021779
toy5,neural_output_average,loop,cuda,256,3,4,toy5_gpu_core_neural_output_average_loop_256_cuda,2,neural_policy,output_average,social_distillation,0.2819793880917132
toy5,neural_output_average,loop,cuda,256,3,4,toy5_gpu_core_neural_output_average_loop_256_cuda,2,neural_policy,output_average,social_step,0.2820778250461444
toy5,neural_output_average,loop,cuda,256,3,4,toy5_gpu_core_neural_output_average_loop_256_cuda,2,neural_policy,output_average,sample_actions,7.304013706743717e-06
toy5,neural_output_average,loop,cuda,256,3,4,toy5_gpu_core_neural_output_average_loop_256_cuda,2,neural_policy,output_average,commit_actions,8.577294647693634e-05
toy5,neural_output_average,loop,cuda,256,3,4,toy5_gpu_core_neural_output_average_loop_256_cuda,2,neural_policy,output_average,post_step_state_policy,3.283203113824129e-05
toy5,neural_output_average,loop,cuda,256,3,4,toy5_gpu_core_neural_output_average_loop_256_cuda,2,neural_policy,output_average,update_reputation_ema,2.8704991564154625e-05
toy5,neural_output_average,loop,cuda,256,3,4,toy5_gpu_core_neural_output_average_loop_256_cuda,2,neural_policy,output_average,finalize_hook_step,9.52801201492548e-06
toy5,neural_output_average,loop,cuda,256,3,4,toy5_gpu_core_neural_output_average_loop_256_cuda,2,neural_policy,output_average,hooked_step_total,0.5845778799848631
toy5,neural_output_average,loop,cuda,256,3,4,toy5_gpu_core_neural_output_average_loop_256_cuda,2,neural_policy,output_average,aggregate_row,0.0037882840260863304
toy5,neural_output_average,loop,cuda,256,3,4,toy5_gpu_core_neural_output_average_loop_256_cuda,2,neural_policy,output_average,write_aggregate,8.399900980293751e-05
toy5,neural_output_average,loop,cuda,256,3,4,toy5_gpu_core_neural_output_average_loop_256_cuda,3,neural_policy,output_average,sample_revision_mask,1.7592916265130043e-05
toy5,neural_output_average,loop,cuda,256,3,4,toy5_gpu_core_neural_output_average_loop_256_cuda,3,neural_policy,output_average,build_step_context,0.00071187992580235
toy5,neural_output_average,loop,cuda,256,3,4,toy5_gpu_core_neural_output_average_loop_256_cuda,3,neural_policy,output_average,build_observations,0.0011363549856469035
toy5,neural_output_average,loop,cuda,256,3,4,toy5_gpu_core_neural_output_average_loop_256_cuda,3,neural_policy,output_average,policy_readout,0.0005090360064059496
toy5,neural_output_average,loop,cuda,256,3,4,toy5_gpu_core_neural_output_average_loop_256_cuda,3,neural_policy,output_average,decision_selection,0.00026569399051368237
toy5,neural_output_average,loop,cuda,256,3,4,toy5_gpu_core_neural_output_average_loop_256_cuda,3,neural_policy,output_average,local_training,0.3677157479105517
toy5,neural_output_average,loop,cuda,256,3,4,toy5_gpu_core_neural_output_average_loop_256_cuda,3,neural_policy,output_average,cache_refresh,0.00963553402107209
toy5,neural_output_average,loop,cuda,256,3,4,toy5_gpu_core_neural_output_average_loop_256_cuda,3,neural_policy,output_average,post_local_readout,0.0007288620108738542
toy5,neural_output_average,loop,cuda,256,3,4,toy5_gpu_core_neural_output_average_loop_256_cuda,3,neural_policy,output_average,local_step,0.3810034890193492
toy5,neural_output_average,loop,cuda,256,3,4,toy5_gpu_core_neural_output_average_loop_256_cuda,3,neural_policy,output_average,select_peers,0.0009635379537940025
toy5,neural_output_average,loop,cuda,256,3,4,toy5_gpu_core_neural_output_average_loop_256_cuda,3,neural_policy,output_average,social_distillation,0.3063014260260388
toy5,neural_output_average,loop,cuda,256,3,4,toy5_gpu_core_neural_output_average_loop_256_cuda,3,neural_policy,output_average,social_step,0.3063977980054915
toy5,neural_output_average,loop,cuda,256,3,4,toy5_gpu_core_neural_output_average_loop_256_cuda,3,neural_policy,output_average,sample_actions,7.595052011311054e-06
toy5,neural_output_average,loop,cuda,256,3,4,toy5_gpu_core_neural_output_average_loop_256_cuda,3,neural_policy,output_average,commit_actions,7.508206181228161e-05
toy5,neural_output_average,loop,cuda,256,3,4,toy5_gpu_core_neural_output_average_loop_256_cuda,3,neural_policy,output_average,post_step_state_policy,5.296105518937111e-05
toy5,neural_output_average,loop,cuda,256,3,4,toy5_gpu_core_neural_output_average_loop_256_cuda,3,neural_policy,output_average,update_reputation_ema,3.272201865911484e-05
toy5,neural_output_average,loop,cuda,256,3,4,toy5_gpu_core_neural_output_average_loop_256_cuda,3,neural_policy,output_average,finalize_hook_step,9.84896905720234e-06
toy5,neural_output_average,loop,cuda,256,3,4,toy5_gpu_core_neural_output_average_loop_256_cuda,3,neural_policy,output_average,hooked_step_total,0.6916526100831106
toy5,neural_output_average,loop,cuda,256,3,4,toy5_gpu_core_neural_output_average_loop_256_cuda,3,neural_policy,output_average,aggregate_row,0.003909724997356534
toy5,neural_output_average,loop,cuda,256,3,4,toy5_gpu_core_neural_output_average_loop_256_cuda,3,neural_policy,output_average,write_aggregate,7.429090328514576e-05
toy5,neural_output_average,batched,cpu,256,3,4,toy5_gpu_core_neural_output_average_batched_256_cpu,0,neural_policy,output_average,make_run_dir,0.00040458806324750185
toy5,neural_output_average,batched,cpu,256,3,4,toy5_gpu_core_neural_output_average_batched_256_cpu,0,neural_policy,output_average,write_metadata,0.0022983490489423275
toy5,neural_output_average,batched,cpu,256,3,4,toy5_gpu_core_neural_output_average_batched_256_cpu,0,neural_policy,output_average,initial_state,0.12569813791196793
toy5,neural_output_average,batched,cpu,256,3,4,toy5_gpu_core_neural_output_average_batched_256_cpu,0,neural_policy,output_average,writer_setup,0.0016500900965183973
toy5,neural_output_average,batched,cpu,256,3,4,toy5_gpu_core_neural_output_average_batched_256_cpu,0,neural_policy,output_average,initial_step_result,0.004579524975270033
toy5,neural_output_average,batched,cpu,256,3,4,toy5_gpu_core_neural_output_average_batched_256_cpu,0,neural_policy,output_average,initial_aggregate_row,0.005319247953593731
toy5,neural_output_average,batched,cpu,256,3,4,toy5_gpu_core_neural_output_average_batched_256_cpu,0,neural_policy,output_average,write_initial_aggregate,0.00012000696733593941
toy5,neural_output_average,batched,cpu,256,3,4,toy5_gpu_core_neural_output_average_batched_256_cpu,1,neural_policy,output_average,sample_revision_mask,3.747199662029743e-05
toy5,neural_output_average,batched,cpu,256,3,4,toy5_gpu_core_neural_output_average_batched_256_cpu,1,neural_policy,output_average,build_step_context,0.0007938349153846502
toy5,neural_output_average,batched,cpu,256,3,4,toy5_gpu_core_neural_output_average_batched_256_cpu,1,neural_policy,output_average,build_observations,0.0012176289455965161
toy5,neural_output_average,batched,cpu,256,3,4,toy5_gpu_core_neural_output_average_batched_256_cpu,1,neural_policy,output_average,policy_readout,0.0021864870795980096
toy5,neural_output_average,batched,cpu,256,3,4,toy5_gpu_core_neural_output_average_batched_256_cpu,1,neural_policy,output_average,decision_selection,0.0007532989839091897
toy5,neural_output_average,batched,cpu,256,3,4,toy5_gpu_core_neural_output_average_batched_256_cpu,1,neural_policy,output_average,local_training,0.12986046297010034
toy5,neural_output_average,batched,cpu,256,3,4,toy5_gpu_core_neural_output_average_batched_256_cpu,1,neural_policy,output_average,cache_refresh,0.006724401959218085
toy5,neural_output_average,batched,cpu,256,3,4,toy5_gpu_core_neural_output_average_batched_256_cpu,1,neural_policy,output_average,post_local_readout,0.0007495819590985775
toy5,neural_output_average,batched,cpu,256,3,4,toy5_gpu_core_neural_output_average_batched_256_cpu,1,neural_policy,output_average,local_step,0.142131605069153
toy5,neural_output_average,batched,cpu,256,3,4,toy5_gpu_core_neural_output_average_batched_256_cpu,1,neural_policy,output_average,select_peers,0.0007700910791754723
toy5,neural_output_average,batched,cpu,256,3,4,toy5_gpu_core_neural_output_average_batched_256_cpu,1,neural_policy,output_average,social_distillation,0.10391659894958138
toy5,neural_output_average,batched,cpu,256,3,4,toy5_gpu_core_neural_output_average_batched_256_cpu,1,neural_policy,output_average,social_step,0.10402725997846574
toy5,neural_output_average,batched,cpu,256,3,4,toy5_gpu_core_neural_output_average_batched_256_cpu,1,neural_policy,output_average,sample_actions,3.5869888961315155e-06
toy5,neural_output_average,batched,cpu,256,3,4,toy5_gpu_core_neural_output_average_batched_256_cpu,1,neural_policy,output_average,commit_actions,9.96290473267436e-05
toy5,neural_output_average,batched,cpu,256,3,4,toy5_gpu_core_neural_output_average_batched_256_cpu,1,neural_policy,output_average,post_step_state_policy,4.255108069628477e-05
toy5,neural_output_average,batched,cpu,256,3,4,toy5_gpu_core_neural_output_average_batched_256_cpu,1,neural_policy,output_average,update_reputation_ema,5.4203090257942677e-05
toy5,neural_output_average,batched,cpu,256,3,4,toy5_gpu_core_neural_output_average_batched_256_cpu,1,neural_policy,output_average,finalize_hook_step,1.1552008800208569e-05
toy5,neural_output_average,batched,cpu,256,3,4,toy5_gpu_core_neural_output_average_batched_256_cpu,1,neural_policy,output_average,hooked_step_total,0.2499121529981494
toy5,neural_output_average,batched,cpu,256,3,4,toy5_gpu_core_neural_output_average_batched_256_cpu,1,neural_policy,output_average,aggregate_row,0.0042344010435044765
toy5,neural_output_average,batched,cpu,256,3,4,toy5_gpu_core_neural_output_average_batched_256_cpu,1,neural_policy,output_average,write_aggregate,4.619802348315716e-05
toy5,neural_output_average,batched,cpu,256,3,4,toy5_gpu_core_neural_output_average_batched_256_cpu,2,neural_policy,output_average,sample_revision_mask,9.387964382767677e-06
toy5,neural_output_average,batched,cpu,256,3,4,toy5_gpu_core_neural_output_average_batched_256_cpu,2,neural_policy,output_average,build_step_context,0.0007268990157172084
toy5,neural_output_average,batched,cpu,256,3,4,toy5_gpu_core_neural_output_average_batched_256_cpu,2,neural_policy,output_average,build_observations,0.0011324569350108504
toy5,neural_output_average,batched,cpu,256,3,4,toy5_gpu_core_neural_output_average_batched_256_cpu,2,neural_policy,output_average,policy_readout,0.001902707968838513
toy5,neural_output_average,batched,cpu,256,3,4,toy5_gpu_core_neural_output_average_batched_256_cpu,2,neural_policy,output_average,decision_selection,0.0005121809663251042
toy5,neural_output_average,batched,cpu,256,3,4,toy5_gpu_core_neural_output_average_batched_256_cpu,2,neural_policy,output_average,local_training,0.08235003799200058
toy5,neural_output_average,batched,cpu,256,3,4,toy5_gpu_core_neural_output_average_batched_256_cpu,2,neural_policy,output_average,cache_refresh,0.006509455037303269
toy5,neural_output_average,batched,cpu,256,3,4,toy5_gpu_core_neural_output_average_batched_256_cpu,2,neural_policy,output_average,post_local_readout,0.0012420449638739228
toy5,neural_output_average,batched,cpu,256,3,4,toy5_gpu_core_neural_output_average_batched_256_cpu,2,neural_policy,output_average,local_step,0.09428876999299973
toy5,neural_output_average,batched,cpu,256,3,4,toy5_gpu_core_neural_output_average_batched_256_cpu,2,neural_policy,output_average,select_peers,0.0006630870047956705
toy5,neural_output_average,batched,cpu,256,3,4,toy5_gpu_core_neural_output_average_batched_256_cpu,2,neural_policy,output_average,social_distillation,0.10625190800055861
toy5,neural_output_average,batched,cpu,256,3,4,toy5_gpu_core_neural_output_average_batched_256_cpu,2,neural_policy,output_average,social_step,0.10633986606262624
toy5,neural_output_average,batched,cpu,256,3,4,toy5_gpu_core_neural_output_average_batched_256_cpu,2,neural_policy,output_average,sample_actions,1.8740538507699966e-06
toy5,neural_output_average,batched,cpu,256,3,4,toy5_gpu_core_neural_output_average_batched_256_cpu,2,neural_policy,output_average,commit_actions,6.9171073846519e-05
toy5,neural_output_average,batched,cpu,256,3,4,toy5_gpu_core_neural_output_average_batched_256_cpu,2,neural_policy,output_average,post_step_state_policy,2.9596034437417984e-05
toy5,neural_output_average,batched,cpu,256,3,4,toy5_gpu_core_neural_output_average_batched_256_cpu,2,neural_policy,output_average,update_reputation_ema,3.364402800798416e-05
toy5,neural_output_average,batched,cpu,256,3,4,toy5_gpu_core_neural_output_average_batched_256_cpu,2,neural_policy,output_average,finalize_hook_step,6.021000444889069e-06
toy5,neural_output_average,batched,cpu,256,3,4,toy5_gpu_core_neural_output_average_batched_256_cpu,2,neural_policy,output_average,hooked_step_total,0.2046279109781608
toy5,neural_output_average,batched,cpu,256,3,4,toy5_gpu_core_neural_output_average_batched_256_cpu,2,neural_policy,output_average,aggregate_row,0.004492799984291196
toy5,neural_output_average,batched,cpu,256,3,4,toy5_gpu_core_neural_output_average_batched_256_cpu,2,neural_policy,output_average,write_aggregate,6.940204184502363e-05
toy5,neural_output_average,batched,cpu,256,3,4,toy5_gpu_core_neural_output_average_batched_256_cpu,3,neural_policy,output_average,sample_revision_mask,1.5408964827656746e-05
toy5,neural_output_average,batched,cpu,256,3,4,toy5_gpu_core_neural_output_average_batched_256_cpu,3,neural_policy,output_average,build_step_context,0.0007408149540424347
toy5,neural_output_average,batched,cpu,256,3,4,toy5_gpu_core_neural_output_average_batched_256_cpu,3,neural_policy,output_average,build_observations,0.0011531070340424776
toy5,neural_output_average,batched,cpu,256,3,4,toy5_gpu_core_neural_output_average_batched_256_cpu,3,neural_policy,output_average,policy_readout,0.00042034697253257036
toy5,neural_output_average,batched,cpu,256,3,4,toy5_gpu_core_neural_output_average_batched_256_cpu,3,neural_policy,output_average,decision_selection,0.00020173192024230957
toy5,neural_output_average,batched,cpu,256,3,4,toy5_gpu_core_neural_output_average_batched_256_cpu,3,neural_policy,output_average,local_training,0.08195028000045568
toy5,neural_output_average,batched,cpu,256,3,4,toy5_gpu_core_neural_output_average_batched_256_cpu,3,neural_policy,output_average,cache_refresh,0.004783250973559916
toy5,neural_output_average,batched,cpu,256,3,4,toy5_gpu_core_neural_output_average_batched_256_cpu,3,neural_policy,output_average,post_local_readout,0.0008854200132191181
toy5,neural_output_average,batched,cpu,256,3,4,toy5_gpu_core_neural_output_average_batched_256_cpu,3,neural_policy,output_average,local_step,0.08988879609387368
toy5,neural_output_average,batched,cpu,256,3,4,toy5_gpu_core_neural_output_average_batched_256_cpu,3,neural_policy,output_average,select_peers,0.0006520969327539206
toy5,neural_output_average,batched,cpu,256,3,4,toy5_gpu_core_neural_output_average_batched_256_cpu,3,neural_policy,output_average,social_distillation,0.10545396595261991
toy5,neural_output_average,batched,cpu,256,3,4,toy5_gpu_core_neural_output_average_batched_256_cpu,3,neural_policy,output_average,social_step,0.10554685106035322
toy5,neural_output_average,batched,cpu,256,3,4,toy5_gpu_core_neural_output_average_batched_256_cpu,3,neural_policy,output_average,sample_actions,3.7370482459664345e-06
toy5,neural_output_average,batched,cpu,256,3,4,toy5_gpu_core_neural_output_average_batched_256_cpu,3,neural_policy,output_average,commit_actions,7.493200246244669e-05
toy5,neural_output_average,batched,cpu,256,3,4,toy5_gpu_core_neural_output_average_batched_256_cpu,3,neural_policy,output_average,post_step_state_policy,2.411601599305868e-05
toy5,neural_output_average,batched,cpu,256,3,4,toy5_gpu_core_neural_output_average_batched_256_cpu,3,neural_policy,output_average,update_reputation_ema,2.7602887712419033e-05
toy5,neural_output_average,batched,cpu,256,3,4,toy5_gpu_core_neural_output_average_batched_256_cpu,3,neural_policy,output_average,finalize_hook_step,3.7370482459664345e-06
toy5,neural_output_average,batched,cpu,256,3,4,toy5_gpu_core_neural_output_average_batched_256_cpu,3,neural_policy,output_average,hooked_step_total,0.19879260391462594
toy5,neural_output_average,batched,cpu,256,3,4,toy5_gpu_core_neural_output_average_batched_256_cpu,3,neural_policy,output_average,aggregate_row,0.004211206920444965
toy5,neural_output_average,batched,cpu,256,3,4,toy5_gpu_core_neural_output_average_batched_256_cpu,3,neural_policy,output_average,write_aggregate,8.423998951911926e-05
toy5,neural_output_average,batched,cuda,256,3,4,toy5_gpu_core_neural_output_average_batched_256_cuda,0,neural_policy,output_average,make_run_dir,0.00026049395091831684
toy5,neural_output_average,batched,cuda,256,3,4,toy5_gpu_core_neural_output_average_batched_256_cuda,0,neural_policy,output_average,write_metadata,0.0022336560068652034
toy5,neural_output_average,batched,cuda,256,3,4,toy5_gpu_core_neural_output_average_batched_256_cuda,0,neural_policy,output_average,initial_state,0.18051363807171583
toy5,neural_output_average,batched,cuda,256,3,4,toy5_gpu_core_neural_output_average_batched_256_cuda,0,neural_policy,output_average,writer_setup,0.0009855990065261722
toy5,neural_output_average,batched,cuda,256,3,4,toy5_gpu_core_neural_output_average_batched_256_cuda,0,neural_policy,output_average,initial_step_result,0.0027251390274614096
toy5,neural_output_average,batched,cuda,256,3,4,toy5_gpu_core_neural_output_average_batched_256_cuda,0,neural_policy,output_average,initial_aggregate_row,0.0038252149242907763
toy5,neural_output_average,batched,cuda,256,3,4,toy5_gpu_core_neural_output_average_batched_256_cuda,0,neural_policy,output_average,write_initial_aggregate,6.624602247029543e-05
toy5,neural_output_average,batched,cuda,256,3,4,toy5_gpu_core_neural_output_average_batched_256_cuda,1,neural_policy,output_average,sample_revision_mask,3.8161990232765675e-05
toy5,neural_output_average,batched,cuda,256,3,4,toy5_gpu_core_neural_output_average_batched_256_cuda,1,neural_policy,output_average,build_step_context,0.0007482989458367229
toy5,neural_output_average,batched,cuda,256,3,4,toy5_gpu_core_neural_output_average_batched_256_cuda,1,neural_policy,output_average,build_observations,0.0012121290201321244
toy5,neural_output_average,batched,cuda,256,3,4,toy5_gpu_core_neural_output_average_batched_256_cuda,1,neural_policy,output_average,policy_readout,0.0013978210045024753
toy5,neural_output_average,batched,cuda,256,3,4,toy5_gpu_core_neural_output_average_batched_256_cuda,1,neural_policy,output_average,decision_selection,0.00045440206304192543
toy5,neural_output_average,batched,cuda,256,3,4,toy5_gpu_core_neural_output_average_batched_256_cuda,1,neural_policy,output_average,local_training,0.17386878503020853
toy5,neural_output_average,batched,cuda,256,3,4,toy5_gpu_core_neural_output_average_batched_256_cuda,1,neural_policy,output_average,cache_refresh,0.006446165032684803
toy5,neural_output_average,batched,cuda,256,3,4,toy5_gpu_core_neural_output_average_batched_256_cuda,1,neural_policy,output_average,post_local_readout,0.0012053559767082334
toy5,neural_output_average,batched,cuda,256,3,4,toy5_gpu_core_neural_output_average_batched_256_cuda,1,neural_policy,output_average,local_step,0.18535736296325922
toy5,neural_output_average,batched,cuda,256,3,4,toy5_gpu_core_neural_output_average_batched_256_cuda,1,neural_policy,output_average,select_peers,0.0008378990460187197
toy5,neural_output_average,batched,cuda,256,3,4,toy5_gpu_core_neural_output_average_batched_256_cuda,1,neural_policy,output_average,social_distillation,0.17297530104406178
toy5,neural_output_average,batched,cuda,256,3,4,toy5_gpu_core_neural_output_average_batched_256_cuda,1,neural_policy,output_average,social_step,0.17315362999215722
toy5,neural_output_average,batched,cuda,256,3,4,toy5_gpu_core_neural_output_average_batched_256_cuda,1,neural_policy,output_average,sample_actions,8.856062777340412e-06
toy5,neural_output_average,batched,cuda,256,3,4,toy5_gpu_core_neural_output_average_batched_256_cuda,1,neural_policy,output_average,commit_actions,0.00010053091682493687
toy5,neural_output_average,batched,cuda,256,3,4,toy5_gpu_core_neural_output_average_batched_256_cuda,1,neural_policy,output_average,post_step_state_policy,3.6649988032877445e-05
toy5,neural_output_average,batched,cuda,256,3,4,toy5_gpu_core_neural_output_average_batched_256_cuda,1,neural_policy,output_average,update_reputation_ema,9.124295320361853e-05
toy5,neural_output_average,batched,cuda,256,3,4,toy5_gpu_core_neural_output_average_batched_256_cuda,1,neural_policy,output_average,finalize_hook_step,1.5469035133719444e-05
toy5,neural_output_average,batched,cuda,256,3,4,toy5_gpu_core_neural_output_average_batched_256_cuda,1,neural_policy,output_average,hooked_step_total,0.3623618569690734
toy5,neural_output_average,batched,cuda,256,3,4,toy5_gpu_core_neural_output_average_batched_256_cuda,1,neural_policy,output_average,aggregate_row,0.0037642590468749404
toy5,neural_output_average,batched,cuda,256,3,4,toy5_gpu_core_neural_output_average_batched_256_cuda,1,neural_policy,output_average,write_aggregate,7.383001502603292e-05
toy5,neural_output_average,batched,cuda,256,3,4,toy5_gpu_core_neural_output_average_batched_256_cuda,2,neural_policy,output_average,sample_revision_mask,1.92360021173954e-05
toy5,neural_output_average,batched,cuda,256,3,4,toy5_gpu_core_neural_output_average_batched_256_cuda,2,neural_policy,output_average,build_step_context,0.0007753900717943907
toy5,neural_output_average,batched,cuda,256,3,4,toy5_gpu_core_neural_output_average_batched_256_cuda,2,neural_policy,output_average,build_observations,0.001218531047925353
toy5,neural_output_average,batched,cuda,256,3,4,toy5_gpu_core_neural_output_average_batched_256_cuda,2,neural_policy,output_average,policy_readout,0.0003092269180342555
toy5,neural_output_average,batched,cuda,256,3,4,toy5_gpu_core_neural_output_average_batched_256_cuda,2,neural_policy,output_average,decision_selection,0.00030078995041549206
toy5,neural_output_average,batched,cuda,256,3,4,toy5_gpu_core_neural_output_average_batched_256_cuda,2,neural_policy,output_average,local_training,0.13472532900050282
toy5,neural_output_average,batched,cuda,256,3,4,toy5_gpu_core_neural_output_average_batched_256_cuda,2,neural_policy,output_average,cache_refresh,0.0050516510382294655
toy5,neural_output_average,batched,cuda,256,3,4,toy5_gpu_core_neural_output_average_batched_256_cuda,2,neural_policy,output_average,post_local_readout,0.001217608922161162
toy5,neural_output_average,batched,cuda,256,3,4,toy5_gpu_core_neural_output_average_batched_256_cuda,2,neural_policy,output_average,local_step,0.14368755591567606
toy5,neural_output_average,batched,cuda,256,3,4,toy5_gpu_core_neural_output_average_batched_256_cuda,2,neural_policy,output_average,select_peers,0.0015518530271947384
toy5,neural_output_average,batched,cuda,256,3,4,toy5_gpu_core_neural_output_average_batched_256_cuda,2,neural_policy,output_average,social_distillation,0.19303990399930626
toy5,neural_output_average,batched,cuda,256,3,4,toy5_gpu_core_neural_output_average_batched_256_cuda,2,neural_policy,output_average,social_step,0.19320707092992961
toy5,neural_output_average,batched,cuda,256,3,4,toy5_gpu_core_neural_output_average_batched_256_cuda,2,neural_policy,output_average,sample_actions,6.903079338371754e-06
toy5,neural_output_average,batched,cuda,256,3,4,toy5_gpu_core_neural_output_average_batched_256_cuda,2,neural_policy,output_average,commit_actions,9.002001024782658e-05
toy5,neural_output_average,batched,cuda,256,3,4,toy5_gpu_core_neural_output_average_batched_256_cuda,2,neural_policy,output_average,post_step_state_policy,3.422505687922239e-05
toy5,neural_output_average,batched,cuda,256,3,4,toy5_gpu_core_neural_output_average_batched_256_cuda,2,neural_policy,output_average,update_reputation_ema,3.5897945053875446e-05
toy5,neural_output_average,batched,cuda,256,3,4,toy5_gpu_core_neural_output_average_batched_256_cuda,2,neural_policy,output_average,finalize_hook_step,1.3175071217119694e-05
toy5,neural_output_average,batched,cuda,256,3,4,toy5_gpu_core_neural_output_average_batched_256_cuda,2,neural_policy,output_average,hooked_step_total,0.3418732789577916
toy5,neural_output_average,batched,cuda,256,3,4,toy5_gpu_core_neural_output_average_batched_256_cuda,2,neural_policy,output_average,aggregate_row,0.0036764818942174315
toy5,neural_output_average,batched,cuda,256,3,4,toy5_gpu_core_neural_output_average_batched_256_cuda,2,neural_policy,output_average,write_aggregate,0.000256245955824852
toy5,neural_output_average,batched,cuda,256,3,4,toy5_gpu_core_neural_output_average_batched_256_cuda,3,neural_policy,output_average,sample_revision_mask,3.832206130027771e-05
toy5,neural_output_average,batched,cuda,256,3,4,toy5_gpu_core_neural_output_average_batched_256_cuda,3,neural_policy,output_average,build_step_context,0.0008012399775907397
toy5,neural_output_average,batched,cuda,256,3,4,toy5_gpu_core_neural_output_average_batched_256_cuda,3,neural_policy,output_average,build_observations,0.001234151073731482
toy5,neural_output_average,batched,cuda,256,3,4,toy5_gpu_core_neural_output_average_batched_256_cuda,3,neural_policy,output_average,policy_readout,0.00034163694363087416
toy5,neural_output_average,batched,cuda,256,3,4,toy5_gpu_core_neural_output_average_batched_256_cuda,3,neural_policy,output_average,decision_selection,0.00032611796632409096
toy5,neural_output_average,batched,cuda,256,3,4,toy5_gpu_core_neural_output_average_batched_256_cuda,3,neural_policy,output_average,local_training,0.1226013059495017
toy5,neural_output_average,batched,cuda,256,3,4,toy5_gpu_core_neural_output_average_batched_256_cuda,3,neural_policy,output_average,cache_refresh,0.0038724440382793546
toy5,neural_output_average,batched,cuda,256,3,4,toy5_gpu_core_neural_output_average_batched_256_cuda,3,neural_policy,output_average,post_local_readout,0.0008084530709311366
toy5,neural_output_average,batched,cuda,256,3,4,toy5_gpu_core_neural_output_average_batched_256_cuda,3,neural_policy,output_average,local_step,0.1299325389554724
toy5,neural_output_average,batched,cuda,256,3,4,toy5_gpu_core_neural_output_average_batched_256_cuda,3,neural_policy,output_average,select_peers,0.000626248074695468
toy5,neural_output_average,batched,cuda,256,3,4,toy5_gpu_core_neural_output_average_batched_256_cuda,3,neural_policy,output_average,social_distillation,0.18397181597538292
toy5,neural_output_average,batched,cuda,256,3,4,toy5_gpu_core_neural_output_average_batched_256_cuda,3,neural_policy,output_average,social_step,0.18407221708912402
toy5,neural_output_average,batched,cuda,256,3,4,toy5_gpu_core_neural_output_average_batched_256_cuda,3,neural_policy,output_average,sample_actions,6.27199187874794e-06
toy5,neural_output_average,batched,cuda,256,3,4,toy5_gpu_core_neural_output_average_batched_256_cuda,3,neural_policy,output_average,commit_actions,9.54110873863101e-05
toy5,neural_output_average,batched,cuda,256,3,4,toy5_gpu_core_neural_output_average_batched_256_cuda,3,neural_policy,output_average,post_step_state_policy,4.17300034314394e-05
toy5,neural_output_average,batched,cuda,256,3,4,toy5_gpu_core_neural_output_average_batched_256_cuda,3,neural_policy,output_average,update_reputation_ema,3.756093792617321e-05
toy5,neural_output_average,batched,cuda,256,3,4,toy5_gpu_core_neural_output_average_batched_256_cuda,3,neural_policy,output_average,finalize_hook_step,1.9597006030380726e-05
toy5,neural_output_average,batched,cuda,256,3,4,toy5_gpu_core_neural_output_average_batched_256_cuda,3,neural_policy,output_average,hooked_step_total,0.3175725230248645
toy5,neural_output_average,batched,cuda,256,3,4,toy5_gpu_core_neural_output_average_batched_256_cuda,3,neural_policy,output_average,aggregate_row,0.004668623907491565
toy5,neural_output_average,batched,cuda,256,3,4,toy5_gpu_core_neural_output_average_batched_256_cuda,3,neural_policy,output_average,write_aggregate,8.374906610697508e-05
toy5,neural_none,loop,cpu,1024,3,4,toy5_gpu_core_neural_none_loop_1024_cpu,0,neural_policy,none,make_run_dir,0.0003088859375566244
toy5,neural_none,loop,cpu,1024,3,4,toy5_gpu_core_neural_none_loop_1024_cpu,0,neural_policy,none,write_metadata,0.002274723956361413
toy5,neural_none,loop,cpu,1024,3,4,toy5_gpu_core_neural_none_loop_1024_cpu,0,neural_policy,none,initial_state,0.89571665704716
toy5,neural_none,loop,cpu,1024,3,4,toy5_gpu_core_neural_none_loop_1024_cpu,0,neural_policy,none,writer_setup,0.001398843014612794
toy5,neural_none,loop,cpu,1024,3,4,toy5_gpu_core_neural_none_loop_1024_cpu,0,neural_policy,none,initial_step_result,0.0037052070256322622
toy5,neural_none,loop,cpu,1024,3,4,toy5_gpu_core_neural_none_loop_1024_cpu,0,neural_policy,none,initial_aggregate_row,0.00774554000236094
toy5,neural_none,loop,cpu,1024,3,4,toy5_gpu_core_neural_none_loop_1024_cpu,0,neural_policy,none,write_initial_aggregate,6.736698560416698e-05
toy5,neural_none,loop,cpu,1024,3,4,toy5_gpu_core_neural_none_loop_1024_cpu,1,neural_policy,none,sample_revision_mask,2.9796967282891273e-05
toy5,neural_none,loop,cpu,1024,3,4,toy5_gpu_core_neural_none_loop_1024_cpu,1,neural_policy,none,build_step_context,0.0028664160054177046
toy5,neural_none,loop,cpu,1024,3,4,toy5_gpu_core_neural_none_loop_1024_cpu,1,neural_policy,none,build_observations,0.00484689197037369
toy5,neural_none,loop,cpu,1024,3,4,toy5_gpu_core_neural_none_loop_1024_cpu,1,neural_policy,none,policy_readout,0.005254645016975701
toy5,neural_none,loop,cpu,1024,3,4,toy5_gpu_core_neural_none_loop_1024_cpu,1,neural_policy,none,decision_selection,0.0017196409171447158
toy5,neural_none,loop,cpu,1024,3,4,toy5_gpu_core_neural_none_loop_1024_cpu,1,neural_policy,none,local_training,0.6887762200785801
toy5,neural_none,loop,cpu,1024,3,4,toy5_gpu_core_neural_none_loop_1024_cpu,1,neural_policy,none,cache_refresh,0.027492420049384236
toy5,neural_none,loop,cpu,1024,3,4,toy5_gpu_core_neural_none_loop_1024_cpu,1,neural_policy,none,post_local_readout,0.0030066020553931594
toy5,neural_none,loop,cpu,1024,3,4,toy5_gpu_core_neural_none_loop_1024_cpu,1,neural_policy,none,local_step,0.732403771020472
toy5,neural_none,loop,cpu,1024,3,4,toy5_gpu_core_neural_none_loop_1024_cpu,1,neural_policy,none,select_peers,0.003623060998506844
toy5,neural_none,loop,cpu,1024,3,4,toy5_gpu_core_neural_none_loop_1024_cpu,1,neural_policy,none,social_step,0.00021297403145581484
toy5,neural_none,loop,cpu,1024,3,4,toy5_gpu_core_neural_none_loop_1024_cpu,1,neural_policy,none,sample_actions,2.5850022211670876e-06
toy5,neural_none,loop,cpu,1024,3,4,toy5_gpu_core_neural_none_loop_1024_cpu,1,neural_policy,none,commit_actions,0.00015301001258194447
toy5,neural_none,loop,cpu,1024,3,4,toy5_gpu_core_neural_none_loop_1024_cpu,1,neural_policy,none,post_step_state_policy,9.291607420891523e-05
toy5,neural_none,loop,cpu,1024,3,4,toy5_gpu_core_neural_none_loop_1024_cpu,1,neural_policy,none,update_reputation_ema,0.0001674080267548561
toy5,neural_none,loop,cpu,1024,3,4,toy5_gpu_core_neural_none_loop_1024_cpu,1,neural_policy,none,finalize_hook_step,2.2382009774446487e-05
toy5,neural_none,loop,cpu,1024,3,4,toy5_gpu_core_neural_none_loop_1024_cpu,1,neural_policy,none,hooked_step_total,0.7427945879753679
toy5,neural_none,loop,cpu,1024,3,4,toy5_gpu_core_neural_none_loop_1024_cpu,1,neural_policy,none,aggregate_row,0.010605604038573802
toy5,neural_none,loop,cpu,1024,3,4,toy5_gpu_core_neural_none_loop_1024_cpu,1,neural_policy,none,write_aggregate,8.236605208367109e-05
toy5,neural_none,loop,cpu,1024,3,4,toy5_gpu_core_neural_none_loop_1024_cpu,2,neural_policy,none,sample_revision_mask,3.53669747710228e-05
toy5,neural_none,loop,cpu,1024,3,4,toy5_gpu_core_neural_none_loop_1024_cpu,2,neural_policy,none,build_step_context,0.0029104999266564846
toy5,neural_none,loop,cpu,1024,3,4,toy5_gpu_core_neural_none_loop_1024_cpu,2,neural_policy,none,build_observations,0.004931693081744015
toy5,neural_none,loop,cpu,1024,3,4,toy5_gpu_core_neural_none_loop_1024_cpu,2,neural_policy,none,policy_readout,0.0013757289852946997
toy5,neural_none,loop,cpu,1024,3,4,toy5_gpu_core_neural_none_loop_1024_cpu,2,neural_policy,none,decision_selection,0.0009329989552497864
toy5,neural_none,loop,cpu,1024,3,4,toy5_gpu_core_neural_none_loop_1024_cpu,2,neural_policy,none,local_training,0.6291051940061152
toy5,neural_none,loop,cpu,1024,3,4,toy5_gpu_core_neural_none_loop_1024_cpu,2,neural_policy,none,cache_refresh,0.043628141982480884
toy5,neural_none,loop,cpu,1024,3,4,toy5_gpu_core_neural_none_loop_1024_cpu,2,neural_policy,none,post_local_readout,0.0029471589950844646
toy5,neural_none,loop,cpu,1024,3,4,toy5_gpu_core_neural_none_loop_1024_cpu,2,neural_policy,none,local_step,0.6841023479355499
toy5,neural_none,loop,cpu,1024,3,4,toy5_gpu_core_neural_none_loop_1024_cpu,2,neural_policy,none,select_peers,0.0032971830805763602
toy5,neural_none,loop,cpu,1024,3,4,toy5_gpu_core_neural_none_loop_1024_cpu,2,neural_policy,none,social_step,0.00013694993685930967
toy5,neural_none,loop,cpu,1024,3,4,toy5_gpu_core_neural_none_loop_1024_cpu,2,neural_policy,none,sample_actions,2.375105395913124e-06
toy5,neural_none,loop,cpu,1024,3,4,toy5_gpu_core_neural_none_loop_1024_cpu,2,neural_policy,none,commit_actions,0.00014128803741186857
toy5,neural_none,loop,cpu,1024,3,4,toy5_gpu_core_neural_none_loop_1024_cpu,2,neural_policy,none,post_step_state_policy,3.487605135887861e-05
toy5,neural_none,loop,cpu,1024,3,4,toy5_gpu_core_neural_none_loop_1024_cpu,2,neural_policy,none,update_reputation_ema,4.993507172912359e-05
toy5,neural_none,loop,cpu,1024,3,4,toy5_gpu_core_neural_none_loop_1024_cpu,2,neural_policy,none,finalize_hook_step,4.519009962677956e-06
toy5,neural_none,loop,cpu,1024,3,4,toy5_gpu_core_neural_none_loop_1024_cpu,2,neural_policy,none,hooked_step_total,0.6931935889879242
toy5,neural_none,loop,cpu,1024,3,4,toy5_gpu_core_neural_none_loop_1024_cpu,2,neural_policy,none,aggregate_row,0.0171831080224365
toy5,neural_none,loop,cpu,1024,3,4,toy5_gpu_core_neural_none_loop_1024_cpu,2,neural_policy,none,write_aggregate,0.00012590899132192135
toy5,neural_none,loop,cpu,1024,3,4,toy5_gpu_core_neural_none_loop_1024_cpu,3,neural_policy,none,sample_revision_mask,1.3987068086862564e-05
toy5,neural_none,loop,cpu,1024,3,4,toy5_gpu_core_neural_none_loop_1024_cpu,3,neural_policy,none,build_step_context,0.0029416190227493644
toy5,neural_none,loop,cpu,1024,3,4,toy5_gpu_core_neural_none_loop_1024_cpu,3,neural_policy,none,build_observations,0.004530732985585928
toy5,neural_none,loop,cpu,1024,3,4,toy5_gpu_core_neural_none_loop_1024_cpu,3,neural_policy,none,policy_readout,0.002339766942895949
toy5,neural_none,loop,cpu,1024,3,4,toy5_gpu_core_neural_none_loop_1024_cpu,3,neural_policy,none,decision_selection,0.0008504029829055071
toy5,neural_none,loop,cpu,1024,3,4,toy5_gpu_core_neural_none_loop_1024_cpu,3,neural_policy,none,local_training,0.618709247908555
toy5,neural_none,loop,cpu,1024,3,4,toy5_gpu_core_neural_none_loop_1024_cpu,3,neural_policy,none,cache_refresh,0.032499647000804543
toy5,neural_none,loop,cpu,1024,3,4,toy5_gpu_core_neural_none_loop_1024_cpu,3,neural_policy,none,post_local_readout,0.0018003939185291529
toy5,neural_none,loop,cpu,1024,3,4,toy5_gpu_core_neural_none_loop_1024_cpu,3,neural_policy,none,local_step,0.6623052799841389
toy5,neural_none,loop,cpu,1024,3,4,toy5_gpu_core_neural_none_loop_1024_cpu,3,neural_policy,none,select_peers,0.0015358629170805216
toy5,neural_none,loop,cpu,1024,3,4,toy5_gpu_core_neural_none_loop_1024_cpu,3,neural_policy,none,social_step,7.14350026100874e-05
toy5,neural_none,loop,cpu,1024,3,4,toy5_gpu_core_neural_none_loop_1024_cpu,3,neural_policy,none,sample_actions,3.976980224251747e-06
toy5,neural_none,loop,cpu,1024,3,4,toy5_gpu_core_neural_none_loop_1024_cpu,3,neural_policy,none,commit_actions,0.00017390900757163763
toy5,neural_none,loop,cpu,1024,3,4,toy5_gpu_core_neural_none_loop_1024_cpu,3,neural_policy,none,post_step_state_policy,7.650500629097223e-05
toy5,neural_none,loop,cpu,1024,3,4,toy5_gpu_core_neural_none_loop_1024_cpu,3,neural_policy,none,update_reputation_ema,0.00015994301065802574
toy5,neural_none,loop,cpu,1024,3,4,toy5_gpu_core_neural_none_loop_1024_cpu,3,neural_policy,none,finalize_hook_step,1.5259021893143654e-05
toy5,neural_none,loop,cpu,1024,3,4,toy5_gpu_core_neural_none_loop_1024_cpu,3,neural_policy,none,hooked_step_total,0.6690524460282177
toy5,neural_none,loop,cpu,1024,3,4,toy5_gpu_core_neural_none_loop_1024_cpu,3,neural_policy,none,aggregate_row,0.013616153970360756
toy5,neural_none,loop,cpu,1024,3,4,toy5_gpu_core_neural_none_loop_1024_cpu,3,neural_policy,none,write_aggregate,6.665696855634451e-05
toy5,neural_none,loop,cuda,1024,3,4,toy5_gpu_core_neural_none_loop_1024_cuda,0,neural_policy,none,make_run_dir,0.0009997669840231538
toy5,neural_none,loop,cuda,1024,3,4,toy5_gpu_core_neural_none_loop_1024_cuda,0,neural_policy,none,write_metadata,0.002660154947079718
toy5,neural_none,loop,cuda,1024,3,4,toy5_gpu_core_neural_none_loop_1024_cuda,0,neural_policy,none,initial_state,0.9307316190097481
toy5,neural_none,loop,cuda,1024,3,4,toy5_gpu_core_neural_none_loop_1024_cuda,0,neural_policy,none,writer_setup,0.0020869780564680696
toy5,neural_none,loop,cuda,1024,3,4,toy5_gpu_core_neural_none_loop_1024_cuda,0,neural_policy,none,initial_step_result,0.0053117439383640885
toy5,neural_none,loop,cuda,1024,3,4,toy5_gpu_core_neural_none_loop_1024_cuda,0,neural_policy,none,initial_aggregate_row,0.008398990030400455
toy5,neural_none,loop,cuda,1024,3,4,toy5_gpu_core_neural_none_loop_1024_cuda,0,neural_policy,none,write_initial_aggregate,9.882694575935602e-05
toy5,neural_none,loop,cuda,1024,3,4,toy5_gpu_core_neural_none_loop_1024_cuda,1,neural_policy,none,sample_revision_mask,5.176803097128868e-05
toy5,neural_none,loop,cuda,1024,3,4,toy5_gpu_core_neural_none_loop_1024_cuda,1,neural_policy,none,build_step_context,0.0032011610455811024
toy5,neural_none,loop,cuda,1024,3,4,toy5_gpu_core_neural_none_loop_1024_cuda,1,neural_policy,none,build_observations,0.004857272026129067
toy5,neural_none,loop,cuda,1024,3,4,toy5_gpu_core_neural_none_loop_1024_cuda,1,neural_policy,none,policy_readout,0.0021857559913769364
toy5,neural_none,loop,cuda,1024,3,4,toy5_gpu_core_neural_none_loop_1024_cuda,1,neural_policy,none,decision_selection,0.0012929219519719481
toy5,neural_none,loop,cuda,1024,3,4,toy5_gpu_core_neural_none_loop_1024_cuda,1,neural_policy,none,local_training,1.499255815986544
toy5,neural_none,loop,cuda,1024,3,4,toy5_gpu_core_neural_none_loop_1024_cuda,1,neural_policy,none,cache_refresh,0.01902744604740292
toy5,neural_none,loop,cuda,1024,3,4,toy5_gpu_core_neural_none_loop_1024_cuda,1,neural_policy,none,post_local_readout,0.0005551929352805018
toy5,neural_none,loop,cuda,1024,3,4,toy5_gpu_core_neural_none_loop_1024_cuda,1,neural_policy,none,local_step,1.5283652929356322
toy5,neural_none,loop,cuda,1024,3,4,toy5_gpu_core_neural_none_loop_1024_cuda,1,neural_policy,none,select_peers,0.0020005640108138323
toy5,neural_none,loop,cuda,1024,3,4,toy5_gpu_core_neural_none_loop_1024_cuda,1,neural_policy,none,social_step,0.00020469806622713804
toy5,neural_none,loop,cuda,1024,3,4,toy5_gpu_core_neural_none_loop_1024_cuda,1,neural_policy,none,sample_actions,8.675968274474144e-06
toy5,neural_none,loop,cuda,1024,3,4,toy5_gpu_core_neural_none_loop_1024_cuda,1,neural_policy,none,commit_actions,0.0001150680473074317
toy5,neural_none,loop,cuda,1024,3,4,toy5_gpu_core_neural_none_loop_1024_cuda,1,neural_policy,none,post_step_state_policy,7.262697909027338e-05
toy5,neural_none,loop,cuda,1024,3,4,toy5_gpu_core_neural_none_loop_1024_cuda,1,neural_policy,none,update_reputation_ema,6.432202644646168e-05
toy5,neural_none,loop,cuda,1024,3,4,toy5_gpu_core_neural_none_loop_1024_cuda,1,neural_policy,none,finalize_hook_step,1.3545039109885693e-05
toy5,neural_none,loop,cuda,1024,3,4,toy5_gpu_core_neural_none_loop_1024_cuda,1,neural_policy,none,hooked_step_total,1.5353836030699313
toy5,neural_none,loop,cuda,1024,3,4,toy5_gpu_core_neural_none_loop_1024_cuda,1,neural_policy,none,aggregate_row,0.00958672200795263
toy5,neural_none,loop,cuda,1024,3,4,toy5_gpu_core_neural_none_loop_1024_cuda,1,neural_policy,none,write_aggregate,0.00014761998318135738
toy5,neural_none,loop,cuda,1024,3,4,toy5_gpu_core_neural_none_loop_1024_cuda,2,neural_policy,none,sample_revision_mask,2.99760140478611e-05
toy5,neural_none,loop,cuda,1024,3,4,toy5_gpu_core_neural_none_loop_1024_cuda,2,neural_policy,none,build_step_context,0.00299803598318249
toy5,neural_none,loop,cuda,1024,3,4,toy5_gpu_core_neural_none_loop_1024_cuda,2,neural_policy,none,build_observations,0.004318360006436706
toy5,neural_none,loop,cuda,1024,3,4,toy5_gpu_core_neural_none_loop_1024_cuda,2,neural_policy,none,policy_readout,0.0005076120141893625
toy5,neural_none,loop,cuda,1024,3,4,toy5_gpu_core_neural_none_loop_1024_cuda,2,neural_policy,none,decision_selection,0.0006190140265971422
toy5,neural_none,loop,cuda,1024,3,4,toy5_gpu_core_neural_none_loop_1024_cuda,2,neural_policy,none,local_training,1.2430176649941131
toy5,neural_none,loop,cuda,1024,3,4,toy5_gpu_core_neural_none_loop_1024_cuda,2,neural_policy,none,cache_refresh,0.03352123394142836
toy5,neural_none,loop,cuda,1024,3,4,toy5_gpu_core_neural_none_loop_1024_cuda,2,neural_policy,none,post_local_readout,0.001768744084984064
toy5,neural_none,loop,cuda,1024,3,4,toy5_gpu_core_neural_none_loop_1024_cuda,2,neural_policy,none,local_step,1.2853414039127529
toy5,neural_none,loop,cuda,1024,3,4,toy5_gpu_core_neural_none_loop_1024_cuda,2,neural_policy,none,select_peers,0.0033105489565059543
toy5,neural_none,loop,cuda,1024,3,4,toy5_gpu_core_neural_none_loop_1024_cuda,2,neural_policy,none,social_step,0.00031935598235577345
toy5,neural_none,loop,cuda,1024,3,4,toy5_gpu_core_neural_none_loop_1024_cuda,2,neural_policy,none,sample_actions,8.095987141132355e-06
toy5,neural_none,loop,cuda,1024,3,4,toy5_gpu_core_neural_none_loop_1024_cuda,2,neural_policy,none,commit_actions,0.000157949049025774
toy5,neural_none,loop,cuda,1024,3,4,toy5_gpu_core_neural_none_loop_1024_cuda,2,neural_policy,none,post_step_state_policy,6.414204835891724e-05
toy5,neural_none,loop,cuda,1024,3,4,toy5_gpu_core_neural_none_loop_1024_cuda,2,neural_policy,none,update_reputation_ema,0.00010838592424988747
toy5,neural_none,loop,cuda,1024,3,4,toy5_gpu_core_neural_none_loop_1024_cuda,2,neural_policy,none,finalize_hook_step,1.4107092283666134e-05
toy5,neural_none,loop,cuda,1024,3,4,toy5_gpu_core_neural_none_loop_1024_cuda,2,neural_policy,none,hooked_step_total,1.294629910029471
toy5,neural_none,loop,cuda,1024,3,4,toy5_gpu_core_neural_none_loop_1024_cuda,2,neural_policy,none,aggregate_row,0.01248774304986
toy5,neural_none,loop,cuda,1024,3,4,toy5_gpu_core_neural_none_loop_1024_cuda,2,neural_policy,none,write_aggregate,7.334898691624403e-05
toy5,neural_none,loop,cuda,1024,3,4,toy5_gpu_core_neural_none_loop_1024_cuda,3,neural_policy,none,sample_revision_mask,2.35049519687891e-05
toy5,neural_none,loop,cuda,1024,3,4,toy5_gpu_core_neural_none_loop_1024_cuda,3,neural_policy,none,build_step_context,0.0029957310762256384
toy5,neural_none,loop,cuda,1024,3,4,toy5_gpu_core_neural_none_loop_1024_cuda,3,neural_policy,none,build_observations,0.004307408933527768
toy5,neural_none,loop,cuda,1024,3,4,toy5_gpu_core_neural_none_loop_1024_cuda,3,neural_policy,none,policy_readout,0.001026485930196941
toy5,neural_none,loop,cuda,1024,3,4,toy5_gpu_core_neural_none_loop_1024_cuda,3,neural_policy,none,decision_selection,0.0006320680258795619
toy5,neural_none,loop,cuda,1024,3,4,toy5_gpu_core_neural_none_loop_1024_cuda,3,neural_policy,none,local_training,1.5401007879991084
toy5,neural_none,loop,cuda,1024,3,4,toy5_gpu_core_neural_none_loop_1024_cuda,3,neural_policy,none,cache_refresh,0.04355154698714614
toy5,neural_none,loop,cuda,1024,3,4,toy5_gpu_core_neural_none_loop_1024_cuda,3,neural_policy,none,post_local_readout,0.0027217420283704996
toy5,neural_none,loop,cuda,1024,3,4,toy5_gpu_core_neural_none_loop_1024_cuda,3,neural_policy,none,local_step,1.597470412030816
toy5,neural_none,loop,cuda,1024,3,4,toy5_gpu_core_neural_none_loop_1024_cuda,3,neural_policy,none,select_peers,0.002276637009344995
toy5,neural_none,loop,cuda,1024,3,4,toy5_gpu_core_neural_none_loop_1024_cuda,3,neural_policy,none,social_step,0.000157088041305542
toy5,neural_none,loop,cuda,1024,3,4,toy5_gpu_core_neural_none_loop_1024_cuda,3,neural_policy,none,sample_actions,1.1040945537388325e-05
toy5,neural_none,loop,cuda,1024,3,4,toy5_gpu_core_neural_none_loop_1024_cuda,3,neural_policy,none,commit_actions,0.00013113801833242178
toy5,neural_none,loop,cuda,1024,3,4,toy5_gpu_core_neural_none_loop_1024_cuda,3,neural_policy,none,post_step_state_policy,3.253202885389328e-05
toy5,neural_none,loop,cuda,1024,3,4,toy5_gpu_core_neural_none_loop_1024_cuda,3,neural_policy,none,update_reputation_ema,6.327999290078878e-05
toy5,neural_none,loop,cuda,1024,3,4,toy5_gpu_core_neural_none_loop_1024_cuda,3,neural_policy,none,finalize_hook_step,1.806393265724182e-05
toy5,neural_none,loop,cuda,1024,3,4,toy5_gpu_core_neural_none_loop_1024_cuda,3,neural_policy,none,hooked_step_total,1.6062002889811993
toy5,neural_none,loop,cuda,1024,3,4,toy5_gpu_core_neural_none_loop_1024_cuda,3,neural_policy,none,aggregate_row,0.015620696009136736
toy5,neural_none,loop,cuda,1024,3,4,toy5_gpu_core_neural_none_loop_1024_cuda,3,neural_policy,none,write_aggregate,0.00020746409427374601
toy5,neural_none,batched,cpu,1024,3,4,toy5_gpu_core_neural_none_batched_1024_cpu,0,neural_policy,none,make_run_dir,0.0005813119933009148
toy5,neural_none,batched,cpu,1024,3,4,toy5_gpu_core_neural_none_batched_1024_cpu,0,neural_policy,none,write_metadata,0.003294517984613776
toy5,neural_none,batched,cpu,1024,3,4,toy5_gpu_core_neural_none_batched_1024_cpu,0,neural_policy,none,initial_state,0.4970895500155166
toy5,neural_none,batched,cpu,1024,3,4,toy5_gpu_core_neural_none_batched_1024_cpu,0,neural_policy,none,writer_setup,0.0009250040166079998
toy5,neural_none,batched,cpu,1024,3,4,toy5_gpu_core_neural_none_batched_1024_cpu,0,neural_policy,none,initial_step_result,0.002281176042743027
toy5,neural_none,batched,cpu,1024,3,4,toy5_gpu_core_neural_none_batched_1024_cpu,0,neural_policy,none,initial_aggregate_row,0.008068972965702415
toy5,neural_none,batched,cpu,1024,3,4,toy5_gpu_core_neural_none_batched_1024_cpu,0,neural_policy,none,write_initial_aggregate,7.250800263136625e-05
toy5,neural_none,batched,cpu,1024,3,4,toy5_gpu_core_neural_none_batched_1024_cpu,1,neural_policy,none,sample_revision_mask,2.3455009795725346e-05
toy5,neural_none,batched,cpu,1024,3,4,toy5_gpu_core_neural_none_batched_1024_cpu,1,neural_policy,none,build_step_context,0.0030446250457316637
toy5,neural_none,batched,cpu,1024,3,4,toy5_gpu_core_neural_none_batched_1024_cpu,1,neural_policy,none,build_observations,0.004551191930659115
toy5,neural_none,batched,cpu,1024,3,4,toy5_gpu_core_neural_none_batched_1024_cpu,1,neural_policy,none,policy_readout,0.0030066720210015774
toy5,neural_none,batched,cpu,1024,3,4,toy5_gpu_core_neural_none_batched_1024_cpu,1,neural_policy,none,decision_selection,0.0013645680155605078
toy5,neural_none,batched,cpu,1024,3,4,toy5_gpu_core_neural_none_batched_1024_cpu,1,neural_policy,none,local_training,0.33716517698485404
toy5,neural_none,batched,cpu,1024,3,4,toy5_gpu_core_neural_none_batched_1024_cpu,1,neural_policy,none,cache_refresh,0.021732115070335567
toy5,neural_none,batched,cpu,1024,3,4,toy5_gpu_core_neural_none_batched_1024_cpu,1,neural_policy,none,post_local_readout,0.0009832349605858326
toy5,neural_none,batched,cpu,1024,3,4,toy5_gpu_core_neural_none_batched_1024_cpu,1,neural_policy,none,local_step,0.36954834300559014
toy5,neural_none,batched,cpu,1024,3,4,toy5_gpu_core_neural_none_batched_1024_cpu,1,neural_policy,none,select_peers,0.0010414649732410908
toy5,neural_none,batched,cpu,1024,3,4,toy5_gpu_core_neural_none_batched_1024_cpu,1,neural_policy,none,social_step,4.547601565718651e-05
toy5,neural_none,batched,cpu,1024,3,4,toy5_gpu_core_neural_none_batched_1024_cpu,1,neural_policy,none,sample_actions,8.320203050971031e-07
toy5,neural_none,batched,cpu,1024,3,4,toy5_gpu_core_neural_none_batched_1024_cpu,1,neural_policy,none,commit_actions,6.223795935511589e-05
toy5,neural_none,batched,cpu,1024,3,4,toy5_gpu_core_neural_none_batched_1024_cpu,1,neural_policy,none,post_step_state_policy,2.0649051293730736e-05
toy5,neural_none,batched,cpu,1024,3,4,toy5_gpu_core_neural_none_batched_1024_cpu,1,neural_policy,none,update_reputation_ema,5.232891999185085e-05
toy5,neural_none,batched,cpu,1024,3,4,toy5_gpu_core_neural_none_batched_1024_cpu,1,neural_policy,none,finalize_hook_step,4.058005288243294e-06
toy5,neural_none,batched,cpu,1024,3,4,toy5_gpu_core_neural_none_batched_1024_cpu,1,neural_policy,none,hooked_step_total,0.3747924589551985
toy5,neural_none,batched,cpu,1024,3,4,toy5_gpu_core_neural_none_batched_1024_cpu,1,neural_policy,none,aggregate_row,0.00933438295032829
toy5,neural_none,batched,cpu,1024,3,4,toy5_gpu_core_neural_none_batched_1024_cpu,1,neural_policy,none,write_aggregate,5.629705265164375e-05
toy5,neural_none,batched,cpu,1024,3,4,toy5_gpu_core_neural_none_batched_1024_cpu,2,neural_policy,none,sample_revision_mask,1.0911026038229465e-05
toy5,neural_none,batched,cpu,1024,3,4,toy5_gpu_core_neural_none_batched_1024_cpu,2,neural_policy,none,build_step_context,0.0027828080346807837
toy5,neural_none,batched,cpu,1024,3,4,toy5_gpu_core_neural_none_batched_1024_cpu,2,neural_policy,none,build_observations,0.004268454969860613
toy5,neural_none,batched,cpu,1024,3,4,toy5_gpu_core_neural_none_batched_1024_cpu,2,neural_policy,none,policy_readout,0.0005118799163028598
toy5,neural_none,batched,cpu,1024,3,4,toy5_gpu_core_neural_none_batched_1024_cpu,2,neural_policy,none,decision_selection,0.0007530589355155826
toy5,neural_none,batched,cpu,1024,3,4,toy5_gpu_core_neural_none_batched_1024_cpu,2,neural_policy,none,local_training,0.3681254539405927
toy5,neural_none,batched,cpu,1024,3,4,toy5_gpu_core_neural_none_batched_1024_cpu,2,neural_policy,none,cache_refresh,0.03584723605308682
toy5,neural_none,batched,cpu,1024,3,4,toy5_gpu_core_neural_none_batched_1024_cpu,2,neural_policy,none,post_local_readout,0.003447327995672822
toy5,neural_none,batched,cpu,1024,3,4,toy5_gpu_core_neural_none_batched_1024_cpu,2,neural_policy,none,local_step,0.414071763982065
toy5,neural_none,batched,cpu,1024,3,4,toy5_gpu_core_neural_none_batched_1024_cpu,2,neural_policy,none,select_peers,0.0021241289796307683
toy5,neural_none,batched,cpu,1024,3,4,toy5_gpu_core_neural_none_batched_1024_cpu,2,neural_policy,none,social_step,0.00012866395991295576
toy5,neural_none,batched,cpu,1024,3,4,toy5_gpu_core_neural_none_batched_1024_cpu,2,neural_policy,none,sample_actions,8.109491318464279e-07
toy5,neural_none,batched,cpu,1024,3,4,toy5_gpu_core_neural_none_batched_1024_cpu,2,neural_policy,none,commit_actions,0.00015460303984582424
toy5,neural_none,batched,cpu,1024,3,4,toy5_gpu_core_neural_none_batched_1024_cpu,2,neural_policy,none,post_step_state_policy,4.6337954699993134e-05
toy5,neural_none,batched,cpu,1024,3,4,toy5_gpu_core_neural_none_batched_1024_cpu,2,neural_policy,none,update_reputation_ema,0.0001010609557852149
toy5,neural_none,batched,cpu,1024,3,4,toy5_gpu_core_neural_none_batched_1024_cpu,2,neural_policy,none,finalize_hook_step,4.6889763325452805e-06
toy5,neural_none,batched,cpu,1024,3,4,toy5_gpu_core_neural_none_batched_1024_cpu,2,neural_policy,none,hooked_step_total,0.4218794320477173
toy5,neural_none,batched,cpu,1024,3,4,toy5_gpu_core_neural_none_batched_1024_cpu,2,neural_policy,none,aggregate_row,0.01468931999988854
toy5,neural_none,batched,cpu,1024,3,4,toy5_gpu_core_neural_none_batched_1024_cpu,2,neural_policy,none,write_aggregate,0.00011179200373589993
toy5,neural_none,batched,cpu,1024,3,4,toy5_gpu_core_neural_none_batched_1024_cpu,3,neural_policy,none,sample_revision_mask,3.552704583853483e-05
toy5,neural_none,batched,cpu,1024,3,4,toy5_gpu_core_neural_none_batched_1024_cpu,3,neural_policy,none,build_step_context,0.0028780580032616854
toy5,neural_none,batched,cpu,1024,3,4,toy5_gpu_core_neural_none_batched_1024_cpu,3,neural_policy,none,build_observations,0.00444947904907167
toy5,neural_none,batched,cpu,1024,3,4,toy5_gpu_core_neural_none_batched_1024_cpu,3,neural_policy,none,policy_readout,0.0035044769756495953
toy5,neural_none,batched,cpu,1024,3,4,toy5_gpu_core_neural_none_batched_1024_cpu,3,neural_policy,none,decision_selection,0.0007557430071756244
toy5,neural_none,batched,cpu,1024,3,4,toy5_gpu_core_neural_none_batched_1024_cpu,3,neural_policy,none,local_training,0.47724046697840095
toy5,neural_none,batched,cpu,1024,3,4,toy5_gpu_core_neural_none_batched_1024_cpu,3,neural_policy,none,cache_refresh,0.0279458099976182
toy5,neural_none,batched,cpu,1024,3,4,toy5_gpu_core_neural_none_batched_1024_cpu,3,neural_policy,none,post_local_readout,0.001046565012075007
toy5,neural_none,batched,cpu,1024,3,4,toy5_gpu_core_neural_none_batched_1024_cpu,3,neural_policy,none,local_step,0.516016116947867
toy5,neural_none,batched,cpu,1024,3,4,toy5_gpu_core_neural_none_batched_1024_cpu,3,neural_policy,none,select_peers,0.0017448290018364787
toy5,neural_none,batched,cpu,1024,3,4,toy5_gpu_core_neural_none_batched_1024_cpu,3,neural_policy,none,social_step,6.77979551255703e-05
toy5,neural_none,batched,cpu,1024,3,4,toy5_gpu_core_neural_none_batched_1024_cpu,3,neural_policy,none,sample_actions,7.310882210731506e-07
toy5,neural_none,batched,cpu,1024,3,4,toy5_gpu_core_neural_none_batched_1024_cpu,3,neural_policy,none,commit_actions,6.153597496449947e-05
toy5,neural_none,batched,cpu,1024,3,4,toy5_gpu_core_neural_none_batched_1024_cpu,3,neural_policy,none,post_step_state_policy,1.717300619930029e-05
toy5,neural_none,batched,cpu,1024,3,4,toy5_gpu_core_neural_none_batched_1024_cpu,3,neural_policy,none,update_reputation_ema,4.122802056372166e-05
toy5,neural_none,batched,cpu,1024,3,4,toy5_gpu_core_neural_none_batched_1024_cpu,3,neural_policy,none,finalize_hook_step,4.427973181009293e-06
toy5,neural_none,batched,cpu,1024,3,4,toy5_gpu_core_neural_none_batched_1024_cpu,3,neural_policy,none,hooked_step_total,0.5220025199232623
toy5,neural_none,batched,cpu,1024,3,4,toy5_gpu_core_neural_none_batched_1024_cpu,3,neural_policy,none,aggregate_row,0.3097648030379787
toy5,neural_none,batched,cpu,1024,3,4,toy5_gpu_core_neural_none_batched_1024_cpu,3,neural_policy,none,write_aggregate,0.00011322495993226767
toy5,neural_none,batched,cuda,1024,3,4,toy5_gpu_core_neural_none_batched_1024_cuda,0,neural_policy,none,make_run_dir,0.0003602330107241869
toy5,neural_none,batched,cuda,1024,3,4,toy5_gpu_core_neural_none_batched_1024_cuda,0,neural_policy,none,write_metadata,0.002976345014758408
toy5,neural_none,batched,cuda,1024,3,4,toy5_gpu_core_neural_none_batched_1024_cuda,0,neural_policy,none,initial_state,0.6341063610743731
toy5,neural_none,batched,cuda,1024,3,4,toy5_gpu_core_neural_none_batched_1024_cuda,0,neural_policy,none,writer_setup,0.0005622160388156772
toy5,neural_none,batched,cuda,1024,3,4,toy5_gpu_core_neural_none_batched_1024_cuda,0,neural_policy,none,initial_step_result,0.004397950950078666
toy5,neural_none,batched,cuda,1024,3,4,toy5_gpu_core_neural_none_batched_1024_cuda,0,neural_policy,none,initial_aggregate_row,0.009797240956686437
toy5,neural_none,batched,cuda,1024,3,4,toy5_gpu_core_neural_none_batched_1024_cuda,0,neural_policy,none,write_initial_aggregate,6.5244035795331e-05
toy5,neural_none,batched,cuda,1024,3,4,toy5_gpu_core_neural_none_batched_1024_cuda,1,neural_policy,none,sample_revision_mask,4.5896973460912704e-05
toy5,neural_none,batched,cuda,1024,3,4,toy5_gpu_core_neural_none_batched_1024_cuda,1,neural_policy,none,build_step_context,0.0031274809734895825
toy5,neural_none,batched,cuda,1024,3,4,toy5_gpu_core_neural_none_batched_1024_cuda,1,neural_policy,none,build_observations,0.005241942009888589
toy5,neural_none,batched,cuda,1024,3,4,toy5_gpu_core_neural_none_batched_1024_cuda,1,neural_policy,none,policy_readout,0.0018815380753949285
toy5,neural_none,batched,cuda,1024,3,4,toy5_gpu_core_neural_none_batched_1024_cuda,1,neural_policy,none,decision_selection,0.0012105159694328904
toy5,neural_none,batched,cuda,1024,3,4,toy5_gpu_core_neural_none_batched_1024_cuda,1,neural_policy,none,local_training,0.7882861209800467
toy5,neural_none,batched,cuda,1024,3,4,toy5_gpu_core_neural_none_batched_1024_cuda,1,neural_policy,none,cache_refresh,0.035797701915726066
toy5,neural_none,batched,cuda,1024,3,4,toy5_gpu_core_neural_none_batched_1024_cuda,1,neural_policy,none,post_local_readout,0.001784194028005004
toy5,neural_none,batched,cuda,1024,3,4,toy5_gpu_core_neural_none_batched_1024_cuda,1,neural_policy,none,local_step,0.8369661350734532
toy5,neural_none,batched,cuda,1024,3,4,toy5_gpu_core_neural_none_batched_1024_cuda,1,neural_policy,none,select_peers,0.003177695907652378
toy5,neural_none,batched,cuda,1024,3,4,toy5_gpu_core_neural_none_batched_1024_cuda,1,neural_policy,none,social_step,0.00029564008582383394
toy5,neural_none,batched,cuda,1024,3,4,toy5_gpu_core_neural_none_batched_1024_cuda,1,neural_policy,none,sample_actions,8.335919119417667e-06
toy5,neural_none,batched,cuda,1024,3,4,toy5_gpu_core_neural_none_batched_1024_cuda,1,neural_policy,none,commit_actions,0.00024019600823521614
toy5,neural_none,batched,cuda,1024,3,4,toy5_gpu_core_neural_none_batched_1024_cuda,1,neural_policy,none,post_step_state_policy,4.793098196387291e-05
toy5,neural_none,batched,cuda,1024,3,4,toy5_gpu_core_neural_none_batched_1024_cuda,1,neural_policy,none,update_reputation_ema,9.533099364489317e-05
toy5,neural_none,batched,cuda,1024,3,4,toy5_gpu_core_neural_none_batched_1024_cuda,1,neural_policy,none,finalize_hook_step,1.152197364717722e-05
toy5,neural_none,batched,cuda,1024,3,4,toy5_gpu_core_neural_none_batched_1024_cuda,1,neural_policy,none,hooked_step_total,0.8463008779799566
toy5,neural_none,batched,cuda,1024,3,4,toy5_gpu_core_neural_none_batched_1024_cuda,1,neural_policy,none,aggregate_row,0.009765821974724531
toy5,neural_none,batched,cuda,1024,3,4,toy5_gpu_core_neural_none_batched_1024_cuda,1,neural_policy,none,write_aggregate,0.00010522990487515926
toy5,neural_none,batched,cuda,1024,3,4,toy5_gpu_core_neural_none_batched_1024_cuda,2,neural_policy,none,sample_revision_mask,3.232189919799566e-05
toy5,neural_none,batched,cuda,1024,3,4,toy5_gpu_core_neural_none_batched_1024_cuda,2,neural_policy,none,build_step_context,0.0028644020203500986
toy5,neural_none,batched,cuda,1024,3,4,toy5_gpu_core_neural_none_batched_1024_cuda,2,neural_policy,none,build_observations,0.004616735968738794
toy5,neural_none,batched,cuda,1024,3,4,toy5_gpu_core_neural_none_batched_1024_cuda,2,neural_policy,none,policy_readout,0.001965268049389124
toy5,neural_none,batched,cuda,1024,3,4,toy5_gpu_core_neural_none_batched_1024_cuda,2,neural_policy,none,decision_selection,0.0010093840537592769
toy5,neural_none,batched,cuda,1024,3,4,toy5_gpu_core_neural_none_batched_1024_cuda,2,neural_policy,none,local_training,0.5810598370153457
toy5,neural_none,batched,cuda,1024,3,4,toy5_gpu_core_neural_none_batched_1024_cuda,2,neural_policy,none,cache_refresh,0.03402614197693765
toy5,neural_none,batched,cuda,1024,3,4,toy5_gpu_core_neural_none_batched_1024_cuda,2,neural_policy,none,post_local_readout,0.001821935991756618
toy5,neural_none,batched,cuda,1024,3,4,toy5_gpu_core_neural_none_batched_1024_cuda,2,neural_policy,none,local_step,0.6268547200597823
toy5,neural_none,batched,cuda,1024,3,4,toy5_gpu_core_neural_none_batched_1024_cuda,2,neural_policy,none,select_peers,0.0012684660032391548
toy5,neural_none,batched,cuda,1024,3,4,toy5_gpu_core_neural_none_batched_1024_cuda,2,neural_policy,none,social_step,0.00012984697241336107
toy5,neural_none,batched,cuda,1024,3,4,toy5_gpu_core_neural_none_batched_1024_cuda,2,neural_policy,none,sample_actions,1.2935022823512554e-05
toy5,neural_none,batched,cuda,1024,3,4,toy5_gpu_core_neural_none_batched_1024_cuda,2,neural_policy,none,commit_actions,9.918806608766317e-05
toy5,neural_none,batched,cuda,1024,3,4,toy5_gpu_core_neural_none_batched_1024_cuda,2,neural_policy,none,post_step_state_policy,3.3263000659644604e-05
toy5,neural_none,batched,cuda,1024,3,4,toy5_gpu_core_neural_none_batched_1024_cuda,2,neural_policy,none,update_reputation_ema,3.943406045436859e-05
toy5,neural_none,batched,cuda,1024,3,4,toy5_gpu_core_neural_none_batched_1024_cuda,2,neural_policy,none,finalize_hook_step,9.128008969128132e-06
toy5,neural_none,batched,cuda,1024,3,4,toy5_gpu_core_neural_none_batched_1024_cuda,2,neural_policy,none,hooked_step_total,0.6338760959915817
toy5,neural_none,batched,cuda,1024,3,4,toy5_gpu_core_neural_none_batched_1024_cuda,2,neural_policy,none,aggregate_row,0.01229835394769907
toy5,neural_none,batched,cuda,1024,3,4,toy5_gpu_core_neural_none_batched_1024_cuda,2,neural_policy,none,write_aggregate,0.00025620602536946535
toy5,neural_none,batched,cuda,1024,3,4,toy5_gpu_core_neural_none_batched_1024_cuda,3,neural_policy,none,sample_revision_mask,2.8603943064808846e-05
toy5,neural_none,batched,cuda,1024,3,4,toy5_gpu_core_neural_none_batched_1024_cuda,3,neural_policy,none,build_step_context,0.0028144679963588715
toy5,neural_none,batched,cuda,1024,3,4,toy5_gpu_core_neural_none_batched_1024_cuda,3,neural_policy,none,build_observations,0.0043045239290222526
toy5,neural_none,batched,cuda,1024,3,4,toy5_gpu_core_neural_none_batched_1024_cuda,3,neural_policy,none,policy_readout,0.0005592110101133585
toy5,neural_none,batched,cuda,1024,3,4,toy5_gpu_core_neural_none_batched_1024_cuda,3,neural_policy,none,decision_selection,0.0004703020676970482
toy5,neural_none,batched,cuda,1024,3,4,toy5_gpu_core_neural_none_batched_1024_cuda,3,neural_policy,none,local_training,0.5074064220534638
toy5,neural_none,batched,cuda,1024,3,4,toy5_gpu_core_neural_none_batched_1024_cuda,3,neural_policy,none,cache_refresh,0.025696304044686258
toy5,neural_none,batched,cuda,1024,3,4,toy5_gpu_core_neural_none_batched_1024_cuda,3,neural_policy,none,post_local_readout,0.0010438490426167846
toy5,neural_none,batched,cuda,1024,3,4,toy5_gpu_core_neural_none_batched_1024_cuda,3,neural_policy,none,local_step,0.5406088409945369
toy5,neural_none,batched,cuda,1024,3,4,toy5_gpu_core_neural_none_batched_1024_cuda,3,neural_policy,none,select_peers,0.0011168279452249408
toy5,neural_none,batched,cuda,1024,3,4,toy5_gpu_core_neural_none_batched_1024_cuda,3,neural_policy,none,social_step,0.00010919803753495216
toy5,neural_none,batched,cuda,1024,3,4,toy5_gpu_core_neural_none_batched_1024_cuda,3,neural_policy,none,sample_actions,5.709938704967499e-06
toy5,neural_none,batched,cuda,1024,3,4,toy5_gpu_core_neural_none_batched_1024_cuda,3,neural_policy,none,commit_actions,8.178502321243286e-05
toy5,neural_none,batched,cuda,1024,3,4,toy5_gpu_core_neural_none_batched_1024_cuda,3,neural_policy,none,post_step_state_policy,2.7150963433086872e-05
toy5,neural_none,batched,cuda,1024,3,4,toy5_gpu_core_neural_none_batched_1024_cuda,3,neural_policy,none,update_reputation_ema,4.647905007004738e-05
toy5,neural_none,batched,cuda,1024,3,4,toy5_gpu_core_neural_none_batched_1024_cuda,3,neural_policy,none,finalize_hook_step,9.81893390417099e-06
toy5,neural_none,batched,cuda,1024,3,4,toy5_gpu_core_neural_none_batched_1024_cuda,3,neural_policy,none,hooked_step_total,0.5460891750408337
toy5,neural_none,batched,cuda,1024,3,4,toy5_gpu_core_neural_none_batched_1024_cuda,3,neural_policy,none,aggregate_row,0.010928265983238816
toy5,neural_none,batched,cuda,1024,3,4,toy5_gpu_core_neural_none_batched_1024_cuda,3,neural_policy,none,write_aggregate,7.994193583726883e-05
toy5,neural_output_average,loop,cpu,1024,3,4,toy5_gpu_core_neural_output_average_loop_1024_cpu,0,neural_policy,output_average,make_run_dir,0.00041996699292212725
toy5,neural_output_average,loop,cpu,1024,3,4,toy5_gpu_core_neural_output_average_loop_1024_cpu,0,neural_policy,output_average,write_metadata,0.0029643119778484106
toy5,neural_output_average,loop,cpu,1024,3,4,toy5_gpu_core_neural_output_average_loop_1024_cpu,0,neural_policy,output_average,initial_state,0.9240657270420343
toy5,neural_output_average,loop,cpu,1024,3,4,toy5_gpu_core_neural_output_average_loop_1024_cpu,0,neural_policy,output_average,writer_setup,0.0005323200020939112
toy5,neural_output_average,loop,cpu,1024,3,4,toy5_gpu_core_neural_output_average_loop_1024_cpu,0,neural_policy,output_average,initial_step_result,0.002899219049140811
toy5,neural_output_average,loop,cpu,1024,3,4,toy5_gpu_core_neural_output_average_loop_1024_cpu,0,neural_policy,output_average,initial_aggregate_row,0.010548044927418232
toy5,neural_output_average,loop,cpu,1024,3,4,toy5_gpu_core_neural_output_average_loop_1024_cpu,0,neural_policy,output_average,write_initial_aggregate,4.714902024716139e-05
toy5,neural_output_average,loop,cpu,1024,3,4,toy5_gpu_core_neural_output_average_loop_1024_cpu,1,neural_policy,output_average,sample_revision_mask,2.390600275248289e-05
toy5,neural_output_average,loop,cpu,1024,3,4,toy5_gpu_core_neural_output_average_loop_1024_cpu,1,neural_policy,output_average,build_step_context,0.002870072959922254
toy5,neural_output_average,loop,cpu,1024,3,4,toy5_gpu_core_neural_output_average_loop_1024_cpu,1,neural_policy,output_average,build_observations,0.0043041129829362035
toy5,neural_output_average,loop,cpu,1024,3,4,toy5_gpu_core_neural_output_average_loop_1024_cpu,1,neural_policy,output_average,policy_readout,0.0015800270484760404
toy5,neural_output_average,loop,cpu,1024,3,4,toy5_gpu_core_neural_output_average_loop_1024_cpu,1,neural_policy,output_average,decision_selection,0.0011834449833258986
toy5,neural_output_average,loop,cpu,1024,3,4,toy5_gpu_core_neural_output_average_loop_1024_cpu,1,neural_policy,output_average,local_training,0.6586015620268881
toy5,neural_output_average,loop,cpu,1024,3,4,toy5_gpu_core_neural_output_average_loop_1024_cpu,1,neural_policy,output_average,cache_refresh,0.02450097701512277
toy5,neural_output_average,loop,cpu,1024,3,4,toy5_gpu_core_neural_output_average_loop_1024_cpu,1,neural_policy,output_average,post_local_readout,0.0016843850025907159
toy5,neural_output_average,loop,cpu,1024,3,4,toy5_gpu_core_neural_output_average_loop_1024_cpu,1,neural_policy,output_average,local_step,0.6925424030050635
toy5,neural_output_average,loop,cpu,1024,3,4,toy5_gpu_core_neural_output_average_loop_1024_cpu,1,neural_policy,output_average,select_peers,0.0020347589161247015
toy5,neural_output_average,loop,cpu,1024,3,4,toy5_gpu_core_neural_output_average_loop_1024_cpu,1,neural_policy,output_average,social_distillation,0.5828231449704617
toy5,neural_output_average,loop,cpu,1024,3,4,toy5_gpu_core_neural_output_average_loop_1024_cpu,1,neural_policy,output_average,social_step,0.5829477719962597
toy5,neural_output_average,loop,cpu,1024,3,4,toy5_gpu_core_neural_output_average_loop_1024_cpu,1,neural_policy,output_average,sample_actions,1.6529811546206474e-06
toy5,neural_output_average,loop,cpu,1024,3,4,toy5_gpu_core_neural_output_average_loop_1024_cpu,1,neural_policy,output_average,commit_actions,0.00020982802379876375
toy5,neural_output_average,loop,cpu,1024,3,4,toy5_gpu_core_neural_output_average_loop_1024_cpu,1,neural_policy,output_average,post_step_state_policy,9.928795043379068e-05
toy5,neural_output_average,loop,cpu,1024,3,4,toy5_gpu_core_neural_output_average_loop_1024_cpu,1,neural_policy,output_average,update_reputation_ema,0.000153722008690238
toy5,neural_output_average,loop,cpu,1024,3,4,toy5_gpu_core_neural_output_average_loop_1024_cpu,1,neural_policy,output_average,finalize_hook_step,1.6581034287810326e-05
toy5,neural_output_average,loop,cpu,1024,3,4,toy5_gpu_core_neural_output_average_loop_1024_cpu,1,neural_policy,output_average,hooked_step_total,1.284167161094956
toy5,neural_output_average,loop,cpu,1024,3,4,toy5_gpu_core_neural_output_average_loop_1024_cpu,1,neural_policy,output_average,aggregate_row,0.021949228015728295
toy5,neural_output_average,loop,cpu,1024,3,4,toy5_gpu_core_neural_output_average_loop_1024_cpu,1,neural_policy,output_average,write_aggregate,6.464205216616392e-05
toy5,neural_output_average,loop,cpu,1024,3,4,toy5_gpu_core_neural_output_average_loop_1024_cpu,2,neural_policy,output_average,sample_revision_mask,1.914601307362318e-05
toy5,neural_output_average,loop,cpu,1024,3,4,toy5_gpu_core_neural_output_average_loop_1024_cpu,2,neural_policy,output_average,build_step_context,0.003002854995429516
toy5,neural_output_average,loop,cpu,1024,3,4,toy5_gpu_core_neural_output_average_loop_1024_cpu,2,neural_policy,output_average,build_observations,0.005569903994910419
toy5,neural_output_average,loop,cpu,1024,3,4,toy5_gpu_core_neural_output_average_loop_1024_cpu,2,neural_policy,output_average,policy_readout,0.0009855189127847552
toy5,neural_output_average,loop,cpu,1024,3,4,toy5_gpu_core_neural_output_average_loop_1024_cpu,2,neural_policy,output_average,decision_selection,0.0008676360594108701
toy5,neural_output_average,loop,cpu,1024,3,4,toy5_gpu_core_neural_output_average_loop_1024_cpu,2,neural_policy,output_average,local_training,0.6508547719568014
toy5,neural_output_average,loop,cpu,1024,3,4,toy5_gpu_core_neural_output_average_loop_1024_cpu,2,neural_policy,output_average,cache_refresh,0.03236941003706306
toy5,neural_output_average,loop,cpu,1024,3,4,toy5_gpu_core_neural_output_average_loop_1024_cpu,2,neural_policy,output_average,post_local_readout,0.004093333031050861
toy5,neural_output_average,loop,cpu,1024,3,4,toy5_gpu_core_neural_output_average_loop_1024_cpu,2,neural_policy,output_average,local_step,0.6970901699969545
toy5,neural_output_average,loop,cpu,1024,3,4,toy5_gpu_core_neural_output_average_loop_1024_cpu,2,neural_policy,output_average,select_peers,0.0032021019142121077
toy5,neural_output_average,loop,cpu,1024,3,4,toy5_gpu_core_neural_output_average_loop_1024_cpu,2,neural_policy,output_average,social_distillation,0.7260611059609801
toy5,neural_output_average,loop,cpu,1024,3,4,toy5_gpu_core_neural_output_average_loop_1024_cpu,2,neural_policy,output_average,social_step,0.726211671018973
toy5,neural_output_average,loop,cpu,1024,3,4,toy5_gpu_core_neural_output_average_loop_1024_cpu,2,neural_policy,output_average,sample_actions,2.383952960371971e-06
toy5,neural_output_average,loop,cpu,1024,3,4,toy5_gpu_core_neural_output_average_loop_1024_cpu,2,neural_policy,output_average,commit_actions,7.731607183814049e-05
toy5,neural_output_average,loop,cpu,1024,3,4,toy5_gpu_core_neural_output_average_loop_1024_cpu,2,neural_policy,output_average,post_step_state_policy,2.8735026717185974e-05
toy5,neural_output_average,loop,cpu,1024,3,4,toy5_gpu_core_neural_output_average_loop_1024_cpu,2,neural_policy,output_average,update_reputation_ema,5.085696466267109e-05
toy5,neural_output_average,loop,cpu,1024,3,4,toy5_gpu_core_neural_output_average_loop_1024_cpu,2,neural_policy,output_average,finalize_hook_step,7.304013706743717e-06
toy5,neural_output_average,loop,cpu,1024,3,4,toy5_gpu_core_neural_output_average_loop_1024_cpu,2,neural_policy,output_average,hooked_step_total,1.4337422529933974
toy5,neural_output_average,loop,cpu,1024,3,4,toy5_gpu_core_neural_output_average_loop_1024_cpu,2,neural_policy,output_average,aggregate_row,0.016887036967091262
toy5,neural_output_average,loop,cpu,1024,3,4,toy5_gpu_core_neural_output_average_loop_1024_cpu,2,neural_policy,output_average,write_aggregate,4.501594230532646e-05
toy5,neural_output_average,loop,cpu,1024,3,4,toy5_gpu_core_neural_output_average_loop_1024_cpu,3,neural_policy,output_average,sample_revision_mask,1.23240752145648e-05
toy5,neural_output_average,loop,cpu,1024,3,4,toy5_gpu_core_neural_output_average_loop_1024_cpu,3,neural_policy,output_average,build_step_context,0.0027721880469471216
toy5,neural_output_average,loop,cpu,1024,3,4,toy5_gpu_core_neural_output_average_loop_1024_cpu,3,neural_policy,output_average,build_observations,0.00431400106754154
toy5,neural_output_average,loop,cpu,1024,3,4,toy5_gpu_core_neural_output_average_loop_1024_cpu,3,neural_policy,output_average,policy_readout,0.0011447709985077381
toy5,neural_output_average,loop,cpu,1024,3,4,toy5_gpu_core_neural_output_average_loop_1024_cpu,3,neural_policy,output_average,decision_selection,0.0006811119383201003
toy5,neural_output_average,loop,cpu,1024,3,4,toy5_gpu_core_neural_output_average_loop_1024_cpu,3,neural_policy,output_average,local_training,0.6298213331028819
toy5,neural_output_average,loop,cpu,1024,3,4,toy5_gpu_core_neural_output_average_loop_1024_cpu,3,neural_policy,output_average,cache_refresh,0.03201278403867036
toy5,neural_output_average,loop,cpu,1024,3,4,toy5_gpu_core_neural_output_average_loop_1024_cpu,3,neural_policy,output_average,post_local_readout,0.0018432150827720761
toy5,neural_output_average,loop,cpu,1024,3,4,toy5_gpu_core_neural_output_average_loop_1024_cpu,3,neural_policy,output_average,local_step,0.6706758349901065
toy5,neural_output_average,loop,cpu,1024,3,4,toy5_gpu_core_neural_output_average_loop_1024_cpu,3,neural_policy,output_average,select_peers,0.0020728709641844034
toy5,neural_output_average,loop,cpu,1024,3,4,toy5_gpu_core_neural_output_average_loop_1024_cpu,3,neural_policy,output_average,social_distillation,0.6447427829261869
toy5,neural_output_average,loop,cpu,1024,3,4,toy5_gpu_core_neural_output_average_loop_1024_cpu,3,neural_policy,output_average,social_step,0.6448656559223309
toy5,neural_output_average,loop,cpu,1024,3,4,toy5_gpu_core_neural_output_average_loop_1024_cpu,3,neural_policy,output_average,sample_actions,1.3220123946666718e-06
toy5,neural_output_average,loop,cpu,1024,3,4,toy5_gpu_core_neural_output_average_loop_1024_cpu,3,neural_policy,output_average,commit_actions,0.00011074007488787174
toy5,neural_output_average,loop,cpu,1024,3,4,toy5_gpu_core_neural_output_average_loop_1024_cpu,3,neural_policy,output_average,post_step_state_policy,3.414496313780546e-05
toy5,neural_output_average,loop,cpu,1024,3,4,toy5_gpu_core_neural_output_average_loop_1024_cpu,3,neural_policy,output_average,update_reputation_ema,4.842202179133892e-05
toy5,neural_output_average,loop,cpu,1024,3,4,toy5_gpu_core_neural_output_average_loop_1024_cpu,3,neural_policy,output_average,finalize_hook_step,7.0229871198534966e-06
toy5,neural_output_average,loop,cpu,1024,3,4,toy5_gpu_core_neural_output_average_loop_1024_cpu,3,neural_policy,output_average,hooked_step_total,1.323648427031003
toy5,neural_output_average,loop,cpu,1024,3,4,toy5_gpu_core_neural_output_average_loop_1024_cpu,3,neural_policy,output_average,aggregate_row,0.016520633012987673
toy5,neural_output_average,loop,cpu,1024,3,4,toy5_gpu_core_neural_output_average_loop_1024_cpu,3,neural_policy,output_average,write_aggregate,9.087298531085253e-05
toy5,neural_output_average,loop,cuda,1024,3,4,toy5_gpu_core_neural_output_average_loop_1024_cuda,0,neural_policy,output_average,make_run_dir,0.0006468569627031684
toy5,neural_output_average,loop,cuda,1024,3,4,toy5_gpu_core_neural_output_average_loop_1024_cuda,0,neural_policy,output_average,write_metadata,0.003983695060014725
toy5,neural_output_average,loop,cuda,1024,3,4,toy5_gpu_core_neural_output_average_loop_1024_cuda,0,neural_policy,output_average,initial_state,1.017277518985793
toy5,neural_output_average,loop,cuda,1024,3,4,toy5_gpu_core_neural_output_average_loop_1024_cuda,0,neural_policy,output_average,writer_setup,0.0008460950339213014
toy5,neural_output_average,loop,cuda,1024,3,4,toy5_gpu_core_neural_output_average_loop_1024_cuda,0,neural_policy,output_average,initial_step_result,0.005134026985615492
toy5,neural_output_average,loop,cuda,1024,3,4,toy5_gpu_core_neural_output_average_loop_1024_cuda,0,neural_policy,output_average,initial_aggregate_row,0.013142194948159158
toy5,neural_output_average,loop,cuda,1024,3,4,toy5_gpu_core_neural_output_average_loop_1024_cuda,0,neural_policy,output_average,write_initial_aggregate,0.00012139999307692051
toy5,neural_output_average,loop,cuda,1024,3,4,toy5_gpu_core_neural_output_average_loop_1024_cuda,1,neural_policy,output_average,sample_revision_mask,4.985393024981022e-05
toy5,neural_output_average,loop,cuda,1024,3,4,toy5_gpu_core_neural_output_average_loop_1024_cuda,1,neural_policy,output_average,build_step_context,0.0028471300611272454
toy5,neural_output_average,loop,cuda,1024,3,4,toy5_gpu_core_neural_output_average_loop_1024_cuda,1,neural_policy,output_average,build_observations,0.004472612054087222
toy5,neural_output_average,loop,cuda,1024,3,4,toy5_gpu_core_neural_output_average_loop_1024_cuda,1,neural_policy,output_average,policy_readout,0.001390285906381905
toy5,neural_output_average,loop,cuda,1024,3,4,toy5_gpu_core_neural_output_average_loop_1024_cuda,1,neural_policy,output_average,decision_selection,0.0011637270217761397
toy5,neural_output_average,loop,cuda,1024,3,4,toy5_gpu_core_neural_output_average_loop_1024_cuda,1,neural_policy,output_average,local_training,1.6799735579406843
toy5,neural_output_average,loop,cuda,1024,3,4,toy5_gpu_core_neural_output_average_loop_1024_cuda,1,neural_policy,output_average,cache_refresh,0.03172700200229883
toy5,neural_output_average,loop,cuda,1024,3,4,toy5_gpu_core_neural_output_average_loop_1024_cuda,1,neural_policy,output_average,post_local_readout,0.002769803046248853
toy5,neural_output_average,loop,cuda,1024,3,4,toy5_gpu_core_neural_output_average_loop_1024_cuda,1,neural_policy,output_average,local_step,1.7238277600845322
toy5,neural_output_average,loop,cuda,1024,3,4,toy5_gpu_core_neural_output_average_loop_1024_cuda,1,neural_policy,output_average,select_peers,0.004298623069189489
toy5,neural_output_average,loop,cuda,1024,3,4,toy5_gpu_core_neural_output_average_loop_1024_cuda,1,neural_policy,output_average,social_distillation,1.5596677249995992
toy5,neural_output_average,loop,cuda,1024,3,4,toy5_gpu_core_neural_output_average_loop_1024_cuda,1,neural_policy,output_average,social_step,1.5598613019101322
toy5,neural_output_average,loop,cuda,1024,3,4,toy5_gpu_core_neural_output_average_loop_1024_cuda,1,neural_policy,output_average,sample_actions,8.195056580007076e-06
toy5,neural_output_average,loop,cuda,1024,3,4,toy5_gpu_core_neural_output_average_loop_1024_cuda,1,neural_policy,output_average,commit_actions,0.00013798195868730545
toy5,neural_output_average,loop,cuda,1024,3,4,toy5_gpu_core_neural_output_average_loop_1024_cuda,1,neural_policy,output_average,post_step_state_policy,5.851092282682657e-05
toy5,neural_output_average,loop,cuda,1024,3,4,toy5_gpu_core_neural_output_average_loop_1024_cuda,1,neural_policy,output_average,update_reputation_ema,0.00010899698827415705
toy5,neural_output_average,loop,cuda,1024,3,4,toy5_gpu_core_neural_output_average_loop_1024_cuda,1,neural_policy,output_average,finalize_hook_step,1.6832025721669197e-05
toy5,neural_output_average,loop,cuda,1024,3,4,toy5_gpu_core_neural_output_average_loop_1024_cuda,1,neural_policy,output_average,hooked_step_total,3.2953348389128223
toy5,neural_output_average,loop,cuda,1024,3,4,toy5_gpu_core_neural_output_average_loop_1024_cuda,1,neural_policy,output_average,aggregate_row,0.019415312097407877
toy5,neural_output_average,loop,cuda,1024,3,4,toy5_gpu_core_neural_output_average_loop_1024_cuda,1,neural_policy,output_average,write_aggregate,7.483200170099735e-05
toy5,neural_output_average,loop,cuda,1024,3,4,toy5_gpu_core_neural_output_average_loop_1024_cuda,2,neural_policy,output_average,sample_revision_mask,2.8855050913989544e-05
toy5,neural_output_average,loop,cuda,1024,3,4,toy5_gpu_core_neural_output_average_loop_1024_cuda,2,neural_policy,output_average,build_step_context,0.0029517790535464883
toy5,neural_output_average,loop,cuda,1024,3,4,toy5_gpu_core_neural_output_average_loop_1024_cuda,2,neural_policy,output_average,build_observations,0.004845971008762717
toy5,neural_output_average,loop,cuda,1024,3,4,toy5_gpu_core_neural_output_average_loop_1024_cuda,2,neural_policy,output_average,policy_readout,0.001324372016824782
toy5,neural_output_average,loop,cuda,1024,3,4,toy5_gpu_core_neural_output_average_loop_1024_cuda,2,neural_policy,output_average,decision_selection,0.0008683470077812672
toy5,neural_output_average,loop,cuda,1024,3,4,toy5_gpu_core_neural_output_average_loop_1024_cuda,2,neural_policy,output_average,local_training,1.3537090740865096
toy5,neural_output_average,loop,cuda,1024,3,4,toy5_gpu_core_neural_output_average_loop_1024_cuda,2,neural_policy,output_average,cache_refresh,0.030314172967337072
toy5,neural_output_average,loop,cuda,1024,3,4,toy5_gpu_core_neural_output_average_loop_1024_cuda,2,neural_policy,output_average,post_local_readout,0.0018865779275074601
toy5,neural_output_average,loop,cuda,1024,3,4,toy5_gpu_core_neural_output_average_loop_1024_cuda,2,neural_policy,output_average,local_step,1.394748478080146
toy5,neural_output_average,loop,cuda,1024,3,4,toy5_gpu_core_neural_output_average_loop_1024_cuda,2,neural_policy,output_average,select_peers,0.0023853739257901907
toy5,neural_output_average,loop,cuda,1024,3,4,toy5_gpu_core_neural_output_average_loop_1024_cuda,2,neural_policy,output_average,social_distillation,1.4414587819483131
toy5,neural_output_average,loop,cuda,1024,3,4,toy5_gpu_core_neural_output_average_loop_1024_cuda,2,neural_policy,output_average,social_step,1.4416852010181174
toy5,neural_output_average,loop,cuda,1024,3,4,toy5_gpu_core_neural_output_average_loop_1024_cuda,2,neural_policy,output_average,sample_actions,2.3174099624156952e-05
toy5,neural_output_average,loop,cuda,1024,3,4,toy5_gpu_core_neural_output_average_loop_1024_cuda,2,neural_policy,output_average,commit_actions,0.00011469796299934387
toy5,neural_output_average,loop,cuda,1024,3,4,toy5_gpu_core_neural_output_average_loop_1024_cuda,2,neural_policy,output_average,post_step_state_policy,3.1088944524526596e-05
toy5,neural_output_average,loop,cuda,1024,3,4,toy5_gpu_core_neural_output_average_loop_1024_cuda,2,neural_policy,output_average,update_reputation_ema,8.939008694142103e-05
toy5,neural_output_average,loop,cuda,1024,3,4,toy5_gpu_core_neural_output_average_loop_1024_cuda,2,neural_policy,output_average,finalize_hook_step,1.2923963367938995e-05
toy5,neural_output_average,loop,cuda,1024,3,4,toy5_gpu_core_neural_output_average_loop_1024_cuda,2,neural_policy,output_average,hooked_step_total,2.846392047009431
toy5,neural_output_average,loop,cuda,1024,3,4,toy5_gpu_core_neural_output_average_loop_1024_cuda,2,neural_policy,output_average,aggregate_row,0.015960910939611495
toy5,neural_output_average,loop,cuda,1024,3,4,toy5_gpu_core_neural_output_average_loop_1024_cuda,2,neural_policy,output_average,write_aggregate,5.633698310703039e-05
toy5,neural_output_average,loop,cuda,1024,3,4,toy5_gpu_core_neural_output_average_loop_1024_cuda,3,neural_policy,output_average,sample_revision_mask,2.980697900056839e-05
toy5,neural_output_average,loop,cuda,1024,3,4,toy5_gpu_core_neural_output_average_loop_1024_cuda,3,neural_policy,output_average,build_step_context,0.002800751943141222
toy5,neural_output_average,loop,cuda,1024,3,4,toy5_gpu_core_neural_output_average_loop_1024_cuda,3,neural_policy,output_average,build_observations,0.004121817997656763
toy5,neural_output_average,loop,cuda,1024,3,4,toy5_gpu_core_neural_output_average_loop_1024_cuda,3,neural_policy,output_average,policy_readout,0.0006499429000541568
toy5,neural_output_average,loop,cuda,1024,3,4,toy5_gpu_core_neural_output_average_loop_1024_cuda,3,neural_policy,output_average,decision_selection,0.0005705929361283779
toy5,neural_output_average,loop,cuda,1024,3,4,toy5_gpu_core_neural_output_average_loop_1024_cuda,3,neural_policy,output_average,local_training,1.361639583017677
toy5,neural_output_average,loop,cuda,1024,3,4,toy5_gpu_core_neural_output_average_loop_1024_cuda,3,neural_policy,output_average,cache_refresh,0.02801287895999849
toy5,neural_output_average,loop,cuda,1024,3,4,toy5_gpu_core_neural_output_average_loop_1024_cuda,3,neural_policy,output_average,post_local_readout,0.00116131198592484
toy5,neural_output_average,loop,cuda,1024,3,4,toy5_gpu_core_neural_output_average_loop_1024_cuda,3,neural_policy,output_average,local_step,1.3978177680401132
toy5,neural_output_average,loop,cuda,1024,3,4,toy5_gpu_core_neural_output_average_loop_1024_cuda,3,neural_policy,output_average,select_peers,0.0022550970315933228
toy5,neural_output_average,loop,cuda,1024,3,4,toy5_gpu_core_neural_output_average_loop_1024_cuda,3,neural_policy,output_average,social_distillation,1.4196435560006648
toy5,neural_output_average,loop,cuda,1024,3,4,toy5_gpu_core_neural_output_average_loop_1024_cuda,3,neural_policy,output_average,social_step,1.419824660057202
toy5,neural_output_average,loop,cuda,1024,3,4,toy5_gpu_core_neural_output_average_loop_1024_cuda,3,neural_policy,output_average,sample_actions,8.75699333846569e-06
toy5,neural_output_average,loop,cuda,1024,3,4,toy5_gpu_core_neural_output_average_loop_1024_cuda,3,neural_policy,output_average,commit_actions,6.79889926686883e-05
toy5,neural_output_average,loop,cuda,1024,3,4,toy5_gpu_core_neural_output_average_loop_1024_cuda,3,neural_policy,output_average,post_step_state_policy,3.198091872036457e-05
toy5,neural_output_average,loop,cuda,1024,3,4,toy5_gpu_core_neural_output_average_loop_1024_cuda,3,neural_policy,output_average,update_reputation_ema,9.467895142734051e-05
toy5,neural_output_average,loop,cuda,1024,3,4,toy5_gpu_core_neural_output_average_loop_1024_cuda,3,neural_policy,output_average,finalize_hook_step,1.055002212524414e-05
toy5,neural_output_average,loop,cuda,1024,3,4,toy5_gpu_core_neural_output_average_loop_1024_cuda,3,neural_policy,output_average,hooked_step_total,2.827073634020053
toy5,neural_output_average,loop,cuda,1024,3,4,toy5_gpu_core_neural_output_average_loop_1024_cuda,3,neural_policy,output_average,aggregate_row,0.015664599020965397
toy5,neural_output_average,loop,cuda,1024,3,4,toy5_gpu_core_neural_output_average_loop_1024_cuda,3,neural_policy,output_average,write_aggregate,5.980301648378372e-05
toy5,neural_output_average,batched,cpu,1024,3,4,toy5_gpu_core_neural_output_average_batched_1024_cpu,0,neural_policy,output_average,make_run_dir,0.00034465291537344456
toy5,neural_output_average,batched,cpu,1024,3,4,toy5_gpu_core_neural_output_average_batched_1024_cpu,0,neural_policy,output_average,write_metadata,0.002653021947480738
toy5,neural_output_average,batched,cpu,1024,3,4,toy5_gpu_core_neural_output_average_batched_1024_cpu,0,neural_policy,output_average,initial_state,0.4643603670410812
toy5,neural_output_average,batched,cpu,1024,3,4,toy5_gpu_core_neural_output_average_batched_1024_cpu,0,neural_policy,output_average,writer_setup,0.0007225599838420749
toy5,neural_output_average,batched,cpu,1024,3,4,toy5_gpu_core_neural_output_average_batched_1024_cpu,0,neural_policy,output_average,initial_step_result,0.003211100003682077
toy5,neural_output_average,batched,cpu,1024,3,4,toy5_gpu_core_neural_output_average_batched_1024_cpu,0,neural_policy,output_average,initial_aggregate_row,0.009590188972651958
toy5,neural_output_average,batched,cpu,1024,3,4,toy5_gpu_core_neural_output_average_batched_1024_cpu,0,neural_policy,output_average,write_initial_aggregate,4.311196971684694e-05
toy5,neural_output_average,batched,cpu,1024,3,4,toy5_gpu_core_neural_output_average_batched_1024_cpu,1,neural_policy,output_average,sample_revision_mask,1.8664984963834286e-05
toy5,neural_output_average,batched,cpu,1024,3,4,toy5_gpu_core_neural_output_average_batched_1024_cpu,1,neural_policy,output_average,build_step_context,0.0028042279882356524
toy5,neural_output_average,batched,cpu,1024,3,4,toy5_gpu_core_neural_output_average_batched_1024_cpu,1,neural_policy,output_average,build_observations,0.004353666910901666
toy5,neural_output_average,batched,cpu,1024,3,4,toy5_gpu_core_neural_output_average_batched_1024_cpu,1,neural_policy,output_average,policy_readout,0.00223003001883626
toy5,neural_output_average,batched,cpu,1024,3,4,toy5_gpu_core_neural_output_average_batched_1024_cpu,1,neural_policy,output_average,decision_selection,0.0008905890863388777
toy5,neural_output_average,batched,cpu,1024,3,4,toy5_gpu_core_neural_output_average_batched_1024_cpu,1,neural_policy,output_average,local_training,0.40948905993718654
toy5,neural_output_average,batched,cpu,1024,3,4,toy5_gpu_core_neural_output_average_batched_1024_cpu,1,neural_policy,output_average,cache_refresh,0.035126370028592646
toy5,neural_output_average,batched,cpu,1024,3,4,toy5_gpu_core_neural_output_average_batched_1024_cpu,1,neural_policy,output_average,post_local_readout,0.0028860840247943997
toy5,neural_output_average,batched,cpu,1024,3,4,toy5_gpu_core_neural_output_average_batched_1024_cpu,1,neural_policy,output_average,local_step,0.4558782409876585
toy5,neural_output_average,batched,cpu,1024,3,4,toy5_gpu_core_neural_output_average_batched_1024_cpu,1,neural_policy,output_average,select_peers,0.0019456000300124288
toy5,neural_output_average,batched,cpu,1024,3,4,toy5_gpu_core_neural_output_average_batched_1024_cpu,1,neural_policy,output_average,social_distillation,0.4336520270444453
toy5,neural_output_average,batched,cpu,1024,3,4,toy5_gpu_core_neural_output_average_batched_1024_cpu,1,neural_policy,output_average,social_step,0.43374597502406687
toy5,neural_output_average,batched,cpu,1024,3,4,toy5_gpu_core_neural_output_average_batched_1024_cpu,1,neural_policy,output_average,sample_actions,1.9125989638268948e-05
toy5,neural_output_average,batched,cpu,1024,3,4,toy5_gpu_core_neural_output_average_batched_1024_cpu,1,neural_policy,output_average,commit_actions,0.00018536089919507504
toy5,neural_output_average,batched,cpu,1024,3,4,toy5_gpu_core_neural_output_average_batched_1024_cpu,1,neural_policy,output_average,post_step_state_policy,7.062393706291914e-05
toy5,neural_output_average,batched,cpu,1024,3,4,toy5_gpu_core_neural_output_average_batched_1024_cpu,1,neural_policy,output_average,update_reputation_ema,0.00010202405974268913
toy5,neural_output_average,batched,cpu,1024,3,4,toy5_gpu_core_neural_output_average_batched_1024_cpu,1,neural_policy,output_average,finalize_hook_step,5.200039595365524e-06
toy5,neural_output_average,batched,cpu,1024,3,4,toy5_gpu_core_neural_output_average_batched_1024_cpu,1,neural_policy,output_average,hooked_step_total,0.8993148150620982
toy5,neural_output_average,batched,cpu,1024,3,4,toy5_gpu_core_neural_output_average_batched_1024_cpu,1,neural_policy,output_average,aggregate_row,0.021855831029824913
toy5,neural_output_average,batched,cpu,1024,3,4,toy5_gpu_core_neural_output_average_batched_1024_cpu,1,neural_policy,output_average,write_aggregate,0.00012038904242217541
toy5,neural_output_average,batched,cpu,1024,3,4,toy5_gpu_core_neural_output_average_batched_1024_cpu,2,neural_policy,output_average,sample_revision_mask,2.5989022105932236e-05
toy5,neural_output_average,batched,cpu,1024,3,4,toy5_gpu_core_neural_output_average_batched_1024_cpu,2,neural_policy,output_average,build_step_context,0.002872138051316142
toy5,neural_output_average,batched,cpu,1024,3,4,toy5_gpu_core_neural_output_average_batched_1024_cpu,2,neural_policy,output_average,build_observations,0.004533858969807625
toy5,neural_output_average,batched,cpu,1024,3,4,toy5_gpu_core_neural_output_average_batched_1024_cpu,2,neural_policy,output_average,policy_readout,0.0012933029793202877
toy5,neural_output_average,batched,cpu,1024,3,4,toy5_gpu_core_neural_output_average_batched_1024_cpu,2,neural_policy,output_average,decision_selection,0.0008777639595791698
toy5,neural_output_average,batched,cpu,1024,3,4,toy5_gpu_core_neural_output_average_batched_1024_cpu,2,neural_policy,output_average,local_training,0.3666946969460696
toy5,neural_output_average,batched,cpu,1024,3,4,toy5_gpu_core_neural_output_average_batched_1024_cpu,2,neural_policy,output_average,cache_refresh,0.030090930056758225
toy5,neural_output_average,batched,cpu,1024,3,4,toy5_gpu_core_neural_output_average_batched_1024_cpu,2,neural_policy,output_average,post_local_readout,0.0018627929966896772
toy5,neural_output_average,batched,cpu,1024,3,4,toy5_gpu_core_neural_output_average_batched_1024_cpu,2,neural_policy,output_average,local_step,0.4065013730432838
toy5,neural_output_average,batched,cpu,1024,3,4,toy5_gpu_core_neural_output_average_batched_1024_cpu,2,neural_policy,output_average,select_peers,0.002109429915435612
toy5,neural_output_average,batched,cpu,1024,3,4,toy5_gpu_core_neural_output_average_batched_1024_cpu,2,neural_policy,output_average,social_distillation,0.7642357990844175
toy5,neural_output_average,batched,cpu,1024,3,4,toy5_gpu_core_neural_output_average_batched_1024_cpu,2,neural_policy,output_average,social_step,0.7643621279858053
toy5,neural_output_average,batched,cpu,1024,3,4,toy5_gpu_core_neural_output_average_batched_1024_cpu,2,neural_policy,output_average,sample_actions,2.0239967852830887e-06
toy5,neural_output_average,batched,cpu,1024,3,4,toy5_gpu_core_neural_output_average_batched_1024_cpu,2,neural_policy,output_average,commit_actions,0.00018458999693393707
toy5,neural_output_average,batched,cpu,1024,3,4,toy5_gpu_core_neural_output_average_batched_1024_cpu,2,neural_policy,output_average,post_step_state_policy,4.612701013684273e-05
toy5,neural_output_average,batched,cpu,1024,3,4,toy5_gpu_core_neural_output_average_batched_1024_cpu,2,neural_policy,output_average,update_reputation_ema,0.00012508698273450136
toy5,neural_output_average,batched,cpu,1024,3,4,toy5_gpu_core_neural_output_average_batched_1024_cpu,2,neural_policy,output_average,finalize_hook_step,8.89599323272705e-06
toy5,neural_output_average,batched,cpu,1024,3,4,toy5_gpu_core_neural_output_average_batched_1024_cpu,2,neural_policy,output_average,hooked_step_total,1.1805208269506693
toy5,neural_output_average,batched,cpu,1024,3,4,toy5_gpu_core_neural_output_average_batched_1024_cpu,2,neural_policy,output_average,aggregate_row,0.024473486002534628
toy5,neural_output_average,batched,cpu,1024,3,4,toy5_gpu_core_neural_output_average_batched_1024_cpu,2,neural_policy,output_average,write_aggregate,0.00019037106540054083
toy5,neural_output_average,batched,cpu,1024,3,4,toy5_gpu_core_neural_output_average_batched_1024_cpu,3,neural_policy,output_average,sample_revision_mask,0.00010011997073888779
toy5,neural_output_average,batched,cpu,1024,3,4,toy5_gpu_core_neural_output_average_batched_1024_cpu,3,neural_policy,output_average,build_step_context,0.003142921021208167
toy5,neural_output_average,batched,cpu,1024,3,4,toy5_gpu_core_neural_output_average_batched_1024_cpu,3,neural_policy,output_average,build_observations,0.005510771996341646
toy5,neural_output_average,batched,cpu,1024,3,4,toy5_gpu_core_neural_output_average_batched_1024_cpu,3,neural_policy,output_average,policy_readout,0.003802723018452525
toy5,neural_output_average,batched,cpu,1024,3,4,toy5_gpu_core_neural_output_average_batched_1024_cpu,3,neural_policy,output_average,decision_selection,0.00099369406234473
toy5,neural_output_average,batched,cpu,1024,3,4,toy5_gpu_core_neural_output_average_batched_1024_cpu,3,neural_policy,output_average,local_training,0.5137539689894766
toy5,neural_output_average,batched,cpu,1024,3,4,toy5_gpu_core_neural_output_average_batched_1024_cpu,3,neural_policy,output_average,cache_refresh,0.05879064206965268
toy5,neural_output_average,batched,cpu,1024,3,4,toy5_gpu_core_neural_output_average_batched_1024_cpu,3,neural_policy,output_average,post_local_readout,0.005510761984623969
toy5,neural_output_average,batched,cpu,1024,3,4,toy5_gpu_core_neural_output_average_batched_1024_cpu,3,neural_policy,output_average,local_step,0.5910585629753768
toy5,neural_output_average,batched,cpu,1024,3,4,toy5_gpu_core_neural_output_average_batched_1024_cpu,3,neural_policy,output_average,select_peers,0.0041828330140560865
toy5,neural_output_average,batched,cpu,1024,3,4,toy5_gpu_core_neural_output_average_batched_1024_cpu,3,neural_policy,output_average,social_distillation,0.47738888999447227
toy5,neural_output_average,batched,cpu,1024,3,4,toy5_gpu_core_neural_output_average_batched_1024_cpu,3,neural_policy,output_average,social_step,0.47750267502851784
toy5,neural_output_average,batched,cpu,1024,3,4,toy5_gpu_core_neural_output_average_batched_1024_cpu,3,neural_policy,output_average,sample_actions,1.4220131561160088e-06
toy5,neural_output_average,batched,cpu,1024,3,4,toy5_gpu_core_neural_output_average_batched_1024_cpu,3,neural_policy,output_average,commit_actions,5.2819959819316864e-05
toy5,neural_output_average,batched,cpu,1024,3,4,toy5_gpu_core_neural_output_average_batched_1024_cpu,3,neural_policy,output_average,post_step_state_policy,1.7333077266812325e-05
toy5,neural_output_average,batched,cpu,1024,3,4,toy5_gpu_core_neural_output_average_batched_1024_cpu,3,neural_policy,output_average,update_reputation_ema,4.250998608767986e-05
toy5,neural_output_average,batched,cpu,1024,3,4,toy5_gpu_core_neural_output_average_batched_1024_cpu,3,neural_policy,output_average,finalize_hook_step,4.047993570566177e-06
toy5,neural_output_average,batched,cpu,1024,3,4,toy5_gpu_core_neural_output_average_batched_1024_cpu,3,neural_policy,output_average,hooked_step_total,1.0809653849573806
toy5,neural_output_average,batched,cpu,1024,3,4,toy5_gpu_core_neural_output_average_batched_1024_cpu,3,neural_policy,output_average,aggregate_row,0.01641470193862915
toy5,neural_output_average,batched,cpu,1024,3,4,toy5_gpu_core_neural_output_average_batched_1024_cpu,3,neural_policy,output_average,write_aggregate,5.5666081607341766e-05
toy5,neural_output_average,batched,cuda,1024,3,4,toy5_gpu_core_neural_output_average_batched_1024_cuda,0,neural_policy,output_average,make_run_dir,0.0003149770200252533
toy5,neural_output_average,batched,cuda,1024,3,4,toy5_gpu_core_neural_output_average_batched_1024_cuda,0,neural_policy,output_average,write_metadata,0.002467609941959381
toy5,neural_output_average,batched,cuda,1024,3,4,toy5_gpu_core_neural_output_average_batched_1024_cuda,0,neural_policy,output_average,initial_state,0.6543931550113484
toy5,neural_output_average,batched,cuda,1024,3,4,toy5_gpu_core_neural_output_average_batched_1024_cuda,0,neural_policy,output_average,writer_setup,0.0006141139892861247
toy5,neural_output_average,batched,cuda,1024,3,4,toy5_gpu_core_neural_output_average_batched_1024_cuda,0,neural_policy,output_average,initial_step_result,0.0043392699444666505
toy5,neural_output_average,batched,cuda,1024,3,4,toy5_gpu_core_neural_output_average_batched_1024_cuda,0,neural_policy,output_average,initial_aggregate_row,0.012514094007201493
toy5,neural_output_average,batched,cuda,1024,3,4,toy5_gpu_core_neural_output_average_batched_1024_cuda,0,neural_policy,output_average,write_initial_aggregate,9.20549500733614e-05
toy5,neural_output_average,batched,cuda,1024,3,4,toy5_gpu_core_neural_output_average_batched_1024_cuda,1,neural_policy,output_average,sample_revision_mask,8.001201786100864e-05
toy5,neural_output_average,batched,cuda,1024,3,4,toy5_gpu_core_neural_output_average_batched_1024_cuda,1,neural_policy,output_average,build_step_context,0.002890592091716826
toy5,neural_output_average,batched,cuda,1024,3,4,toy5_gpu_core_neural_output_average_batched_1024_cuda,1,neural_policy,output_average,build_observations,0.004450951935723424
toy5,neural_output_average,batched,cuda,1024,3,4,toy5_gpu_core_neural_output_average_batched_1024_cuda,1,neural_policy,output_average,policy_readout,0.0017274169949814677
toy5,neural_output_average,batched,cuda,1024,3,4,toy5_gpu_core_neural_output_average_batched_1024_cuda,1,neural_policy,output_average,decision_selection,0.0011673540575429797
toy5,neural_output_average,batched,cuda,1024,3,4,toy5_gpu_core_neural_output_average_batched_1024_cuda,1,neural_policy,output_average,local_training,0.7197237809887156
toy5,neural_output_average,batched,cuda,1024,3,4,toy5_gpu_core_neural_output_average_batched_1024_cuda,1,neural_policy,output_average,cache_refresh,0.028001256985589862
toy5,neural_output_average,batched,cuda,1024,3,4,toy5_gpu_core_neural_output_average_batched_1024_cuda,1,neural_policy,output_average,post_local_readout,0.0031471989350393414
toy5,neural_output_average,batched,cuda,1024,3,4,toy5_gpu_core_neural_output_average_batched_1024_cuda,1,neural_policy,output_average,local_step,0.76045780593995
toy5,neural_output_average,batched,cuda,1024,3,4,toy5_gpu_core_neural_output_average_batched_1024_cuda,1,neural_policy,output_average,select_peers,0.002546290052123368
toy5,neural_output_average,batched,cuda,1024,3,4,toy5_gpu_core_neural_output_average_batched_1024_cuda,1,neural_policy,output_average,social_distillation,0.7524464229354635
toy5,neural_output_average,batched,cuda,1024,3,4,toy5_gpu_core_neural_output_average_batched_1024_cuda,1,neural_policy,output_average,social_step,0.7527214949950576
toy5,neural_output_average,batched,cuda,1024,3,4,toy5_gpu_core_neural_output_average_batched_1024_cuda,1,neural_policy,output_average,sample_actions,2.6138965040445328e-05
toy5,neural_output_average,batched,cuda,1024,3,4,toy5_gpu_core_neural_output_average_batched_1024_cuda,1,neural_policy,output_average,commit_actions,0.0001737299608066678
toy5,neural_output_average,batched,cuda,1024,3,4,toy5_gpu_core_neural_output_average_batched_1024_cuda,1,neural_policy,output_average,post_step_state_policy,0.00013419403694570065
toy5,neural_output_average,batched,cuda,1024,3,4,toy5_gpu_core_neural_output_average_batched_1024_cuda,1,neural_policy,output_average,update_reputation_ema,0.00018290698062628508
toy5,neural_output_average,batched,cuda,1024,3,4,toy5_gpu_core_neural_output_average_batched_1024_cuda,1,neural_policy,output_average,finalize_hook_step,1.2584030628204346e-05
toy5,neural_output_average,batched,cuda,1024,3,4,toy5_gpu_core_neural_output_average_batched_1024_cuda,1,neural_policy,output_average,hooked_step_total,1.5246147209545597
toy5,neural_output_average,batched,cuda,1024,3,4,toy5_gpu_core_neural_output_average_batched_1024_cuda,1,neural_policy,output_average,aggregate_row,0.019087029970251024
toy5,neural_output_average,batched,cuda,1024,3,4,toy5_gpu_core_neural_output_average_batched_1024_cuda,1,neural_policy,output_average,write_aggregate,8.518202230334282e-05
toy5,neural_output_average,batched,cuda,1024,3,4,toy5_gpu_core_neural_output_average_batched_1024_cuda,2,neural_policy,output_average,sample_revision_mask,2.6218942366540432e-05
toy5,neural_output_average,batched,cuda,1024,3,4,toy5_gpu_core_neural_output_average_batched_1024_cuda,2,neural_policy,output_average,build_step_context,0.0028127949917688966
toy5,neural_output_average,batched,cuda,1024,3,4,toy5_gpu_core_neural_output_average_batched_1024_cuda,2,neural_policy,output_average,build_observations,0.005307044950313866
toy5,neural_output_average,batched,cuda,1024,3,4,toy5_gpu_core_neural_output_average_batched_1024_cuda,2,neural_policy,output_average,policy_readout,0.0022635740460827947
toy5,neural_output_average,batched,cuda,1024,3,4,toy5_gpu_core_neural_output_average_batched_1024_cuda,2,neural_policy,output_average,decision_selection,0.0008769329870119691
toy5,neural_output_average,batched,cuda,1024,3,4,toy5_gpu_core_neural_output_average_batched_1024_cuda,2,neural_policy,output_average,local_training,0.5199467769125476
toy5,neural_output_average,batched,cuda,1024,3,4,toy5_gpu_core_neural_output_average_batched_1024_cuda,2,neural_policy,output_average,cache_refresh,0.034867940936237574
toy5,neural_output_average,batched,cuda,1024,3,4,toy5_gpu_core_neural_output_average_batched_1024_cuda,2,neural_policy,output_average,post_local_readout,0.005019430071115494
toy5,neural_output_average,batched,cuda,1024,3,4,toy5_gpu_core_neural_output_average_batched_1024_cuda,2,neural_policy,output_average,local_step,0.5704580770106986
toy5,neural_output_average,batched,cuda,1024,3,4,toy5_gpu_core_neural_output_average_batched_1024_cuda,2,neural_policy,output_average,select_peers,0.0024277149932458997
toy5,neural_output_average,batched,cuda,1024,3,4,toy5_gpu_core_neural_output_average_batched_1024_cuda,2,neural_policy,output_average,social_distillation,0.7561049039941281
toy5,neural_output_average,batched,cuda,1024,3,4,toy5_gpu_core_neural_output_average_batched_1024_cuda,2,neural_policy,output_average,social_step,0.7562000750331208
toy5,neural_output_average,batched,cuda,1024,3,4,toy5_gpu_core_neural_output_average_batched_1024_cuda,2,neural_policy,output_average,sample_actions,1.2443982996046543e-05
toy5,neural_output_average,batched,cuda,1024,3,4,toy5_gpu_core_neural_output_average_batched_1024_cuda,2,neural_policy,output_average,commit_actions,0.00011630100198090076
toy5,neural_output_average,batched,cuda,1024,3,4,toy5_gpu_core_neural_output_average_batched_1024_cuda,2,neural_policy,output_average,post_step_state_policy,4.7410023398697376e-05
toy5,neural_output_average,batched,cuda,1024,3,4,toy5_gpu_core_neural_output_average_batched_1024_cuda,2,neural_policy,output_average,update_reputation_ema,4.8693036660552025e-05
toy5,neural_output_average,batched,cuda,1024,3,4,toy5_gpu_core_neural_output_average_batched_1024_cuda,2,neural_policy,output_average,finalize_hook_step,9.807990863919258e-06
toy5,neural_output_average,batched,cuda,1024,3,4,toy5_gpu_core_neural_output_average_batched_1024_cuda,2,neural_policy,output_average,hooked_step_total,1.3350418219342828
toy5,neural_output_average,batched,cuda,1024,3,4,toy5_gpu_core_neural_output_average_batched_1024_cuda,2,neural_policy,output_average,aggregate_row,0.016753614996559918
toy5,neural_output_average,batched,cuda,1024,3,4,toy5_gpu_core_neural_output_average_batched_1024_cuda,2,neural_policy,output_average,write_aggregate,8.669507224112749e-05
toy5,neural_output_average,batched,cuda,1024,3,4,toy5_gpu_core_neural_output_average_batched_1024_cuda,3,neural_policy,output_average,sample_revision_mask,5.2749994210898876e-05
toy5,neural_output_average,batched,cuda,1024,3,4,toy5_gpu_core_neural_output_average_batched_1024_cuda,3,neural_policy,output_average,build_step_context,0.0028362999437376857
toy5,neural_output_average,batched,cuda,1024,3,4,toy5_gpu_core_neural_output_average_batched_1024_cuda,3,neural_policy,output_average,build_observations,0.004336234997026622
toy5,neural_output_average,batched,cuda,1024,3,4,toy5_gpu_core_neural_output_average_batched_1024_cuda,3,neural_policy,output_average,policy_readout,0.0008689980022609234
toy5,neural_output_average,batched,cuda,1024,3,4,toy5_gpu_core_neural_output_average_batched_1024_cuda,3,neural_policy,output_average,decision_selection,0.0005590199725702405
toy5,neural_output_average,batched,cuda,1024,3,4,toy5_gpu_core_neural_output_average_batched_1024_cuda,3,neural_policy,output_average,local_training,0.6072799949906766
toy5,neural_output_average,batched,cuda,1024,3,4,toy5_gpu_core_neural_output_average_batched_1024_cuda,3,neural_policy,output_average,cache_refresh,0.030283085070550442
toy5,neural_output_average,batched,cuda,1024,3,4,toy5_gpu_core_neural_output_average_batched_1024_cuda,3,neural_policy,output_average,post_local_readout,0.002215262036770582
toy5,neural_output_average,batched,cuda,1024,3,4,toy5_gpu_core_neural_output_average_batched_1024_cuda,3,neural_policy,output_average,local_step,0.6476382280234247
toy5,neural_output_average,batched,cuda,1024,3,4,toy5_gpu_core_neural_output_average_batched_1024_cuda,3,neural_policy,output_average,select_peers,0.003726538037881255
toy5,neural_output_average,batched,cuda,1024,3,4,toy5_gpu_core_neural_output_average_batched_1024_cuda,3,neural_policy,output_average,social_distillation,0.8240309651009738
toy5,neural_output_average,batched,cuda,1024,3,4,toy5_gpu_core_neural_output_average_batched_1024_cuda,3,neural_policy,output_average,social_step,0.82432011293713
toy5,neural_output_average,batched,cuda,1024,3,4,toy5_gpu_core_neural_output_average_batched_1024_cuda,3,neural_policy,output_average,sample_actions,1.1111958883702755e-05
toy5,neural_output_average,batched,cuda,1024,3,4,toy5_gpu_core_neural_output_average_batched_1024_cuda,3,neural_policy,output_average,commit_actions,0.0001270109787583351
toy5,neural_output_average,batched,cuda,1024,3,4,toy5_gpu_core_neural_output_average_batched_1024_cuda,3,neural_policy,output_average,post_step_state_policy,6.73480099067092e-05
toy5,neural_output_average,batched,cuda,1024,3,4,toy5_gpu_core_neural_output_average_batched_1024_cuda,3,neural_policy,output_average,update_reputation_ema,7.680500857532024e-05
toy5,neural_output_average,batched,cuda,1024,3,4,toy5_gpu_core_neural_output_average_batched_1024_cuda,3,neural_policy,output_average,finalize_hook_step,1.4276942238211632e-05
toy5,neural_output_average,batched,cuda,1024,3,4,toy5_gpu_core_neural_output_average_batched_1024_cuda,3,neural_policy,output_average,hooked_step_total,1.4826897640014067
toy5,neural_output_average,batched,cuda,1024,3,4,toy5_gpu_core_neural_output_average_batched_1024_cuda,3,neural_policy,output_average,aggregate_row,0.022760797990486026
toy5,neural_output_average,batched,cuda,1024,3,4,toy5_gpu_core_neural_output_average_batched_1024_cuda,3,neural_policy,output_average,write_aggregate,0.00012851401697844267
