toy,scenario,training_backend,resolved_training_backend,device,agent_count,epochs,seed,repeat_index,warmup_runs,repeats,run_id,epoch,policy_rule,coordination_mixer,stage,seconds
toy4,neural_output_average,batched,batched,cpu,256,3,9,0,1,2,toy4_gpu_core_neural_output_average_batched_256_cpu_repeat00,0,neural_policy,output_average,make_run_dir,0.0001822259509935975
toy4,neural_output_average,batched,batched,cpu,256,3,9,0,1,2,toy4_gpu_core_neural_output_average_batched_256_cpu_repeat00,0,neural_policy,output_average,write_metadata,0.002282805973663926
toy4,neural_output_average,batched,batched,cpu,256,3,9,0,1,2,toy4_gpu_core_neural_output_average_batched_256_cpu_repeat00,0,neural_policy,output_average,initial_state,0.1279358499450609
toy4,neural_output_average,batched,batched,cpu,256,3,9,0,1,2,toy4_gpu_core_neural_output_average_batched_256_cpu_repeat00,0,neural_policy,output_average,writer_setup,0.00040498690214008093
toy4,neural_output_average,batched,batched,cpu,256,3,9,0,1,2,toy4_gpu_core_neural_output_average_batched_256_cpu_repeat00,0,neural_policy,output_average,initial_step_result,0.004091973998583853
toy4,neural_output_average,batched,batched,cpu,256,3,9,0,1,2,toy4_gpu_core_neural_output_average_batched_256_cpu_repeat00,0,neural_policy,output_average,initial_aggregate_row,0.0020425700349733233
toy4,neural_output_average,batched,batched,cpu,256,3,9,0,1,2,toy4_gpu_core_neural_output_average_batched_256_cpu_repeat00,0,neural_policy,output_average,write_initial_aggregate,3.647897392511368e-05
toy4,neural_output_average,batched,batched,cpu,256,3,9,0,1,2,toy4_gpu_core_neural_output_average_batched_256_cpu_repeat00,1,neural_policy,output_average,sample_revision_mask,7.233000360429287e-06
toy4,neural_output_average,batched,batched,cpu,256,3,9,0,1,2,toy4_gpu_core_neural_output_average_batched_256_cpu_repeat00,1,neural_policy,output_average,build_step_context,4.568952135741711e-06
toy4,neural_output_average,batched,batched,cpu,256,3,9,0,1,2,toy4_gpu_core_neural_output_average_batched_256_cpu_repeat00,1,neural_policy,output_average,build_observations,0.00221814401447773
toy4,neural_output_average,batched,batched,cpu,256,3,9,0,1,2,toy4_gpu_core_neural_output_average_batched_256_cpu_repeat00,1,neural_policy,output_average,policy_readout,0.00019791501108556986
toy4,neural_output_average,batched,batched,cpu,256,3,9,0,1,2,toy4_gpu_core_neural_output_average_batched_256_cpu_repeat00,1,neural_policy,output_average,decision_selection,0.0013499980559572577
toy4,neural_output_average,batched,batched,cpu,256,3,9,0,1,2,toy4_gpu_core_neural_output_average_batched_256_cpu_repeat00,1,neural_policy,output_average,local_training,0.02112629299517721
toy4,neural_output_average,batched,batched,cpu,256,3,9,0,1,2,toy4_gpu_core_neural_output_average_batched_256_cpu_repeat00,1,neural_policy,output_average,cache_refresh,4.878966137766838e-06
toy4,neural_output_average,batched,batched,cpu,256,3,9,0,1,2,toy4_gpu_core_neural_output_average_batched_256_cpu_repeat00,1,neural_policy,output_average,post_local_readout,0.00018250592984259129
toy4,neural_output_average,batched,batched,cpu,256,3,9,0,1,2,toy4_gpu_core_neural_output_average_batched_256_cpu_repeat00,1,neural_policy,output_average,local_step,0.025225421064533293
toy4,neural_output_average,batched,batched,cpu,256,3,9,0,1,2,toy4_gpu_core_neural_output_average_batched_256_cpu_repeat00,1,neural_policy,output_average,select_peers,0.00021263293456286192
toy4,neural_output_average,batched,batched,cpu,256,3,9,0,1,2,toy4_gpu_core_neural_output_average_batched_256_cpu_repeat00,1,neural_policy,output_average,social_distillation,0.0225731449900195
toy4,neural_output_average,batched,batched,cpu,256,3,9,0,1,2,toy4_gpu_core_neural_output_average_batched_256_cpu_repeat00,1,neural_policy,output_average,social_step,0.022649209015071392
toy4,neural_output_average,batched,batched,cpu,256,3,9,0,1,2,toy4_gpu_core_neural_output_average_batched_256_cpu_repeat00,1,neural_policy,output_average,sample_actions,2.054031938314438e-06
toy4,neural_output_average,batched,batched,cpu,256,3,9,0,1,2,toy4_gpu_core_neural_output_average_batched_256_cpu_repeat00,1,neural_policy,output_average,commit_actions,1.1240947060286999e-05
toy4,neural_output_average,batched,batched,cpu,256,3,9,0,1,2,toy4_gpu_core_neural_output_average_batched_256_cpu_repeat00,1,neural_policy,output_average,post_step_state_policy,6.565509829670191e-05
toy4,neural_output_average,batched,batched,cpu,256,3,9,0,1,2,toy4_gpu_core_neural_output_average_batched_256_cpu_repeat00,1,neural_policy,output_average,update_payoff_ema,3.9836042560637e-05
toy4,neural_output_average,batched,batched,cpu,256,3,9,0,1,2,toy4_gpu_core_neural_output_average_batched_256_cpu_repeat00,1,neural_policy,output_average,update_reputation_ema,1.5459954738616943e-05
toy4,neural_output_average,batched,batched,cpu,256,3,9,0,1,2,toy4_gpu_core_neural_output_average_batched_256_cpu_repeat00,1,neural_policy,output_average,mobility_swaps,3.786105662584305e-05
toy4,neural_output_average,batched,batched,cpu,256,3,9,0,1,2,toy4_gpu_core_neural_output_average_batched_256_cpu_repeat00,1,neural_policy,output_average,finalize_hook_step,1.3504992239177227e-05
toy4,neural_output_average,batched,batched,cpu,256,3,9,0,1,2,toy4_gpu_core_neural_output_average_batched_256_cpu_repeat00,1,neural_policy,output_average,hooked_step_total,0.04955403204075992
toy4,neural_output_average,batched,batched,cpu,256,3,9,0,1,2,toy4_gpu_core_neural_output_average_batched_256_cpu_repeat00,1,neural_policy,output_average,aggregate_row,0.0028567130211740732
toy4,neural_output_average,batched,batched,cpu,256,3,9,0,1,2,toy4_gpu_core_neural_output_average_batched_256_cpu_repeat00,1,neural_policy,output_average,write_aggregate,5.527504254132509e-05
toy4,neural_output_average,batched,batched,cpu,256,3,9,0,1,2,toy4_gpu_core_neural_output_average_batched_256_cpu_repeat00,2,neural_policy,output_average,sample_revision_mask,1.0119052603840828e-05
toy4,neural_output_average,batched,batched,cpu,256,3,9,0,1,2,toy4_gpu_core_neural_output_average_batched_256_cpu_repeat00,2,neural_policy,output_average,build_step_context,4.598055966198444e-06
toy4,neural_output_average,batched,batched,cpu,256,3,9,0,1,2,toy4_gpu_core_neural_output_average_batched_256_cpu_repeat00,2,neural_policy,output_average,build_observations,0.0022632780019193888
toy4,neural_output_average,batched,batched,cpu,256,3,9,0,1,2,toy4_gpu_core_neural_output_average_batched_256_cpu_repeat00,2,neural_policy,output_average,policy_readout,0.00028873805422335863
toy4,neural_output_average,batched,batched,cpu,256,3,9,0,1,2,toy4_gpu_core_neural_output_average_batched_256_cpu_repeat00,2,neural_policy,output_average,decision_selection,0.0019579200306907296
toy4,neural_output_average,batched,batched,cpu,256,3,9,0,1,2,toy4_gpu_core_neural_output_average_batched_256_cpu_repeat00,2,neural_policy,output_average,local_training,0.019090184941887856
toy4,neural_output_average,batched,batched,cpu,256,3,9,0,1,2,toy4_gpu_core_neural_output_average_batched_256_cpu_repeat00,2,neural_policy,output_average,cache_refresh,3.3660326153039932e-06
toy4,neural_output_average,batched,batched,cpu,256,3,9,0,1,2,toy4_gpu_core_neural_output_average_batched_256_cpu_repeat00,2,neural_policy,output_average,post_local_readout,0.00017286697402596474
toy4,neural_output_average,batched,batched,cpu,256,3,9,0,1,2,toy4_gpu_core_neural_output_average_batched_256_cpu_repeat00,2,neural_policy,output_average,local_step,0.023877335945144296
toy4,neural_output_average,batched,batched,cpu,256,3,9,0,1,2,toy4_gpu_core_neural_output_average_batched_256_cpu_repeat00,2,neural_policy,output_average,select_peers,0.00025931198615580797
toy4,neural_output_average,batched,batched,cpu,256,3,9,0,1,2,toy4_gpu_core_neural_output_average_batched_256_cpu_repeat00,2,neural_policy,output_average,social_distillation,0.01896937598939985
toy4,neural_output_average,batched,batched,cpu,256,3,9,0,1,2,toy4_gpu_core_neural_output_average_batched_256_cpu_repeat00,2,neural_policy,output_average,social_step,0.018983653048053384
toy4,neural_output_average,batched,batched,cpu,256,3,9,0,1,2,toy4_gpu_core_neural_output_average_batched_256_cpu_repeat00,2,neural_policy,output_average,sample_actions,1.1119991540908813e-06
toy4,neural_output_average,batched,batched,cpu,256,3,9,0,1,2,toy4_gpu_core_neural_output_average_batched_256_cpu_repeat00,2,neural_policy,output_average,commit_actions,3.1760428100824356e-06
toy4,neural_output_average,batched,batched,cpu,256,3,9,0,1,2,toy4_gpu_core_neural_output_average_batched_256_cpu_repeat00,2,neural_policy,output_average,post_step_state_policy,2.0609935745596886e-05
toy4,neural_output_average,batched,batched,cpu,256,3,9,0,1,2,toy4_gpu_core_neural_output_average_batched_256_cpu_repeat00,2,neural_policy,output_average,update_payoff_ema,1.3085082173347473e-05
toy4,neural_output_average,batched,batched,cpu,256,3,9,0,1,2,toy4_gpu_core_neural_output_average_batched_256_cpu_repeat00,2,neural_policy,output_average,update_reputation_ema,1.1631986126303673e-05
toy4,neural_output_average,batched,batched,cpu,256,3,9,0,1,2,toy4_gpu_core_neural_output_average_batched_256_cpu_repeat00,2,neural_policy,output_average,mobility_swaps,1.6071018762886524e-05
toy4,neural_output_average,batched,batched,cpu,256,3,9,0,1,2,toy4_gpu_core_neural_output_average_batched_256_cpu_repeat00,2,neural_policy,output_average,finalize_hook_step,8.395989425480366e-06
toy4,neural_output_average,batched,batched,cpu,256,3,9,0,1,2,toy4_gpu_core_neural_output_average_batched_256_cpu_repeat00,2,neural_policy,output_average,hooked_step_total,0.043644944904372096
toy4,neural_output_average,batched,batched,cpu,256,3,9,0,1,2,toy4_gpu_core_neural_output_average_batched_256_cpu_repeat00,2,neural_policy,output_average,aggregate_row,0.0016026969533413649
toy4,neural_output_average,batched,batched,cpu,256,3,9,0,1,2,toy4_gpu_core_neural_output_average_batched_256_cpu_repeat00,2,neural_policy,output_average,write_aggregate,4.5015010982751846e-05
toy4,neural_output_average,batched,batched,cpu,256,3,9,0,1,2,toy4_gpu_core_neural_output_average_batched_256_cpu_repeat00,3,neural_policy,output_average,sample_revision_mask,7.1231042966246605e-06
toy4,neural_output_average,batched,batched,cpu,256,3,9,0,1,2,toy4_gpu_core_neural_output_average_batched_256_cpu_repeat00,3,neural_policy,output_average,build_step_context,3.4259865060448647e-06
toy4,neural_output_average,batched,batched,cpu,256,3,9,0,1,2,toy4_gpu_core_neural_output_average_batched_256_cpu_repeat00,3,neural_policy,output_average,build_observations,0.0028876819415017962
toy4,neural_output_average,batched,batched,cpu,256,3,9,0,1,2,toy4_gpu_core_neural_output_average_batched_256_cpu_repeat00,3,neural_policy,output_average,policy_readout,0.00017597293481230736
toy4,neural_output_average,batched,batched,cpu,256,3,9,0,1,2,toy4_gpu_core_neural_output_average_batched_256_cpu_repeat00,3,neural_policy,output_average,decision_selection,0.0019061919301748276
toy4,neural_output_average,batched,batched,cpu,256,3,9,0,1,2,toy4_gpu_core_neural_output_average_batched_256_cpu_repeat00,3,neural_policy,output_average,local_training,0.01827230490744114
toy4,neural_output_average,batched,batched,cpu,256,3,9,0,1,2,toy4_gpu_core_neural_output_average_batched_256_cpu_repeat00,3,neural_policy,output_average,cache_refresh,5.099107511341572e-06
toy4,neural_output_average,batched,batched,cpu,256,3,9,0,1,2,toy4_gpu_core_neural_output_average_batched_256_cpu_repeat00,3,neural_policy,output_average,post_local_readout,0.0002758329501375556
toy4,neural_output_average,batched,batched,cpu,256,3,9,0,1,2,toy4_gpu_core_neural_output_average_batched_256_cpu_repeat00,3,neural_policy,output_average,local_step,0.02364725002553314
toy4,neural_output_average,batched,batched,cpu,256,3,9,0,1,2,toy4_gpu_core_neural_output_average_batched_256_cpu_repeat00,3,neural_policy,output_average,select_peers,0.0002599430736154318
toy4,neural_output_average,batched,batched,cpu,256,3,9,0,1,2,toy4_gpu_core_neural_output_average_batched_256_cpu_repeat00,3,neural_policy,output_average,social_distillation,0.020407340954989195
toy4,neural_output_average,batched,batched,cpu,256,3,9,0,1,2,toy4_gpu_core_neural_output_average_batched_256_cpu_repeat00,3,neural_policy,output_average,social_step,0.020426688017323613
toy4,neural_output_average,batched,batched,cpu,256,3,9,0,1,2,toy4_gpu_core_neural_output_average_batched_256_cpu_repeat00,3,neural_policy,output_average,sample_actions,1.1819647625088692e-06
toy4,neural_output_average,batched,batched,cpu,256,3,9,0,1,2,toy4_gpu_core_neural_output_average_batched_256_cpu_repeat00,3,neural_policy,output_average,commit_actions,4.848930984735489e-06
toy4,neural_output_average,batched,batched,cpu,256,3,9,0,1,2,toy4_gpu_core_neural_output_average_batched_256_cpu_repeat00,3,neural_policy,output_average,post_step_state_policy,3.8072001188993454e-05
toy4,neural_output_average,batched,batched,cpu,256,3,9,0,1,2,toy4_gpu_core_neural_output_average_batched_256_cpu_repeat00,3,neural_policy,output_average,update_payoff_ema,1.868500839918852e-05
toy4,neural_output_average,batched,batched,cpu,256,3,9,0,1,2,toy4_gpu_core_neural_output_average_batched_256_cpu_repeat00,3,neural_policy,output_average,update_reputation_ema,9.43802297115326e-06
toy4,neural_output_average,batched,batched,cpu,256,3,9,0,1,2,toy4_gpu_core_neural_output_average_batched_256_cpu_repeat00,3,neural_policy,output_average,mobility_swaps,2.2814027033746243e-05
toy4,neural_output_average,batched,batched,cpu,256,3,9,0,1,2,toy4_gpu_core_neural_output_average_batched_256_cpu_repeat00,3,neural_policy,output_average,finalize_hook_step,8.446048013865948e-06
toy4,neural_output_average,batched,batched,cpu,256,3,9,0,1,2,toy4_gpu_core_neural_output_average_batched_256_cpu_repeat00,3,neural_policy,output_average,hooked_step_total,0.04501874803099781
toy4,neural_output_average,batched,batched,cpu,256,3,9,0,1,2,toy4_gpu_core_neural_output_average_batched_256_cpu_repeat00,3,neural_policy,output_average,aggregate_row,0.0020489320158958435
toy4,neural_output_average,batched,batched,cpu,256,3,9,0,1,2,toy4_gpu_core_neural_output_average_batched_256_cpu_repeat00,3,neural_policy,output_average,write_aggregate,4.930305294692516e-05
toy4,neural_output_average,batched,batched,cpu,256,3,9,1,1,2,toy4_gpu_core_neural_output_average_batched_256_cpu_repeat01,0,neural_policy,output_average,make_run_dir,0.00013534596655517817
toy4,neural_output_average,batched,batched,cpu,256,3,9,1,1,2,toy4_gpu_core_neural_output_average_batched_256_cpu_repeat01,0,neural_policy,output_average,write_metadata,0.0020808730041608214
toy4,neural_output_average,batched,batched,cpu,256,3,9,1,1,2,toy4_gpu_core_neural_output_average_batched_256_cpu_repeat01,0,neural_policy,output_average,initial_state,0.12279316503554583
toy4,neural_output_average,batched,batched,cpu,256,3,9,1,1,2,toy4_gpu_core_neural_output_average_batched_256_cpu_repeat01,0,neural_policy,output_average,writer_setup,0.000736354966647923
toy4,neural_output_average,batched,batched,cpu,256,3,9,1,1,2,toy4_gpu_core_neural_output_average_batched_256_cpu_repeat01,0,neural_policy,output_average,initial_step_result,0.0039059609407559037
toy4,neural_output_average,batched,batched,cpu,256,3,9,1,1,2,toy4_gpu_core_neural_output_average_batched_256_cpu_repeat01,0,neural_policy,output_average,initial_aggregate_row,0.0025343720335513353
toy4,neural_output_average,batched,batched,cpu,256,3,9,1,1,2,toy4_gpu_core_neural_output_average_batched_256_cpu_repeat01,0,neural_policy,output_average,write_initial_aggregate,4.986405838280916e-05
toy4,neural_output_average,batched,batched,cpu,256,3,9,1,1,2,toy4_gpu_core_neural_output_average_batched_256_cpu_repeat01,1,neural_policy,output_average,sample_revision_mask,1.0258983820676804e-05
toy4,neural_output_average,batched,batched,cpu,256,3,9,1,1,2,toy4_gpu_core_neural_output_average_batched_256_cpu_repeat01,1,neural_policy,output_average,build_step_context,1.4447956345975399e-05
toy4,neural_output_average,batched,batched,cpu,256,3,9,1,1,2,toy4_gpu_core_neural_output_average_batched_256_cpu_repeat01,1,neural_policy,output_average,build_observations,0.0024423180148005486
toy4,neural_output_average,batched,batched,cpu,256,3,9,1,1,2,toy4_gpu_core_neural_output_average_batched_256_cpu_repeat01,1,neural_policy,output_average,policy_readout,0.0002300959313288331
toy4,neural_output_average,batched,batched,cpu,256,3,9,1,1,2,toy4_gpu_core_neural_output_average_batched_256_cpu_repeat01,1,neural_policy,output_average,decision_selection,0.001972998958081007
toy4,neural_output_average,batched,batched,cpu,256,3,9,1,1,2,toy4_gpu_core_neural_output_average_batched_256_cpu_repeat01,1,neural_policy,output_average,local_training,0.026883653015829623
toy4,neural_output_average,batched,batched,cpu,256,3,9,1,1,2,toy4_gpu_core_neural_output_average_batched_256_cpu_repeat01,1,neural_policy,output_average,cache_refresh,6.1820028349757195e-06
toy4,neural_output_average,batched,batched,cpu,256,3,9,1,1,2,toy4_gpu_core_neural_output_average_batched_256_cpu_repeat01,1,neural_policy,output_average,post_local_readout,0.0003068619407713413
toy4,neural_output_average,batched,batched,cpu,256,3,9,1,1,2,toy4_gpu_core_neural_output_average_batched_256_cpu_repeat01,1,neural_policy,output_average,local_step,0.03203959297388792
toy4,neural_output_average,batched,batched,cpu,256,3,9,1,1,2,toy4_gpu_core_neural_output_average_batched_256_cpu_repeat01,1,neural_policy,output_average,select_peers,0.0002584300236776471
toy4,neural_output_average,batched,batched,cpu,256,3,9,1,1,2,toy4_gpu_core_neural_output_average_batched_256_cpu_repeat01,1,neural_policy,output_average,social_distillation,0.02080639696214348
toy4,neural_output_average,batched,batched,cpu,256,3,9,1,1,2,toy4_gpu_core_neural_output_average_batched_256_cpu_repeat01,1,neural_policy,output_average,social_step,0.020833988906815648
toy4,neural_output_average,batched,batched,cpu,256,3,9,1,1,2,toy4_gpu_core_neural_output_average_batched_256_cpu_repeat01,1,neural_policy,output_average,sample_actions,1.0420335456728935e-06
toy4,neural_output_average,batched,batched,cpu,256,3,9,1,1,2,toy4_gpu_core_neural_output_average_batched_256_cpu_repeat01,1,neural_policy,output_average,commit_actions,7.934984751045704e-06
toy4,neural_output_average,batched,batched,cpu,256,3,9,1,1,2,toy4_gpu_core_neural_output_average_batched_256_cpu_repeat01,1,neural_policy,output_average,post_step_state_policy,4.2921979911625385e-05
toy4,neural_output_average,batched,batched,cpu,256,3,9,1,1,2,toy4_gpu_core_neural_output_average_batched_256_cpu_repeat01,1,neural_policy,output_average,update_payoff_ema,2.605002373456955e-05
toy4,neural_output_average,batched,batched,cpu,256,3,9,1,1,2,toy4_gpu_core_neural_output_average_batched_256_cpu_repeat01,1,neural_policy,output_average,update_reputation_ema,1.3064942322671413e-05
toy4,neural_output_average,batched,batched,cpu,256,3,9,1,1,2,toy4_gpu_core_neural_output_average_batched_256_cpu_repeat01,1,neural_policy,output_average,mobility_swaps,3.634893801063299e-05
toy4,neural_output_average,batched,batched,cpu,256,3,9,1,1,2,toy4_gpu_core_neural_output_average_batched_256_cpu_repeat01,1,neural_policy,output_average,finalize_hook_step,1.1041061952710152e-05
toy4,neural_output_average,batched,batched,cpu,256,3,9,1,1,2,toy4_gpu_core_neural_output_average_batched_256_cpu_repeat01,1,neural_policy,output_average,hooked_step_total,0.05408349493518472
toy4,neural_output_average,batched,batched,cpu,256,3,9,1,1,2,toy4_gpu_core_neural_output_average_batched_256_cpu_repeat01,1,neural_policy,output_average,aggregate_row,0.002342357998713851
toy4,neural_output_average,batched,batched,cpu,256,3,9,1,1,2,toy4_gpu_core_neural_output_average_batched_256_cpu_repeat01,1,neural_policy,output_average,write_aggregate,7.396005094051361e-05
toy4,neural_output_average,batched,batched,cpu,256,3,9,1,1,2,toy4_gpu_core_neural_output_average_batched_256_cpu_repeat01,2,neural_policy,output_average,sample_revision_mask,1.2263073585927486e-05
toy4,neural_output_average,batched,batched,cpu,256,3,9,1,1,2,toy4_gpu_core_neural_output_average_batched_256_cpu_repeat01,2,neural_policy,output_average,build_step_context,7.253955118358135e-06
toy4,neural_output_average,batched,batched,cpu,256,3,9,1,1,2,toy4_gpu_core_neural_output_average_batched_256_cpu_repeat01,2,neural_policy,output_average,build_observations,0.002554471022449434
toy4,neural_output_average,batched,batched,cpu,256,3,9,1,1,2,toy4_gpu_core_neural_output_average_batched_256_cpu_repeat01,2,neural_policy,output_average,policy_readout,0.00017489097081124783
toy4,neural_output_average,batched,batched,cpu,256,3,9,1,1,2,toy4_gpu_core_neural_output_average_batched_256_cpu_repeat01,2,neural_policy,output_average,decision_selection,0.0018841699929907918
toy4,neural_output_average,batched,batched,cpu,256,3,9,1,1,2,toy4_gpu_core_neural_output_average_batched_256_cpu_repeat01,2,neural_policy,output_average,local_training,0.019423756981268525
toy4,neural_output_average,batched,batched,cpu,256,3,9,1,1,2,toy4_gpu_core_neural_output_average_batched_256_cpu_repeat01,2,neural_policy,output_average,cache_refresh,4.307948984205723e-06
toy4,neural_output_average,batched,batched,cpu,256,3,9,1,1,2,toy4_gpu_core_neural_output_average_batched_256_cpu_repeat01,2,neural_policy,output_average,post_local_readout,0.0003753509372472763
toy4,neural_output_average,batched,batched,cpu,256,3,9,1,1,2,toy4_gpu_core_neural_output_average_batched_256_cpu_repeat01,2,neural_policy,output_average,local_step,0.024520184029825032
toy4,neural_output_average,batched,batched,cpu,256,3,9,1,1,2,toy4_gpu_core_neural_output_average_batched_256_cpu_repeat01,2,neural_policy,output_average,select_peers,0.00026485207490622997
toy4,neural_output_average,batched,batched,cpu,256,3,9,1,1,2,toy4_gpu_core_neural_output_average_batched_256_cpu_repeat01,2,neural_policy,output_average,social_distillation,0.020983512047678232
toy4,neural_output_average,batched,batched,cpu,256,3,9,1,1,2,toy4_gpu_core_neural_output_average_batched_256_cpu_repeat01,2,neural_policy,output_average,social_step,0.02100151591002941
toy4,neural_output_average,batched,batched,cpu,256,3,9,1,1,2,toy4_gpu_core_neural_output_average_batched_256_cpu_repeat01,2,neural_policy,output_average,sample_actions,9.019859135150909e-07
toy4,neural_output_average,batched,batched,cpu,256,3,9,1,1,2,toy4_gpu_core_neural_output_average_batched_256_cpu_repeat01,2,neural_policy,output_average,commit_actions,7.314025424420834e-06
toy4,neural_output_average,batched,batched,cpu,256,3,9,1,1,2,toy4_gpu_core_neural_output_average_batched_256_cpu_repeat01,2,neural_policy,output_average,post_step_state_policy,6.993301212787628e-05
toy4,neural_output_average,batched,batched,cpu,256,3,9,1,1,2,toy4_gpu_core_neural_output_average_batched_256_cpu_repeat01,2,neural_policy,output_average,update_payoff_ema,6.21079234406352e-05
toy4,neural_output_average,batched,batched,cpu,256,3,9,1,1,2,toy4_gpu_core_neural_output_average_batched_256_cpu_repeat01,2,neural_policy,output_average,update_reputation_ema,2.58890213444829e-05
toy4,neural_output_average,batched,batched,cpu,256,3,9,1,1,2,toy4_gpu_core_neural_output_average_batched_256_cpu_repeat01,2,neural_policy,output_average,mobility_swaps,2.4667009711265564e-05
toy4,neural_output_average,batched,batched,cpu,256,3,9,1,1,2,toy4_gpu_core_neural_output_average_batched_256_cpu_repeat01,2,neural_policy,output_average,finalize_hook_step,1.3976008631289005e-05
toy4,neural_output_average,batched,batched,cpu,256,3,9,1,1,2,toy4_gpu_core_neural_output_average_batched_256_cpu_repeat01,2,neural_policy,output_average,hooked_step_total,0.04670365096535534
toy4,neural_output_average,batched,batched,cpu,256,3,9,1,1,2,toy4_gpu_core_neural_output_average_batched_256_cpu_repeat01,2,neural_policy,output_average,aggregate_row,0.0018853929359465837
toy4,neural_output_average,batched,batched,cpu,256,3,9,1,1,2,toy4_gpu_core_neural_output_average_batched_256_cpu_repeat01,2,neural_policy,output_average,write_aggregate,4.802097100764513e-05
toy4,neural_output_average,batched,batched,cpu,256,3,9,1,1,2,toy4_gpu_core_neural_output_average_batched_256_cpu_repeat01,3,neural_policy,output_average,sample_revision_mask,8.294940926134586e-06
toy4,neural_output_average,batched,batched,cpu,256,3,9,1,1,2,toy4_gpu_core_neural_output_average_batched_256_cpu_repeat01,3,neural_policy,output_average,build_step_context,4.437984898686409e-06
toy4,neural_output_average,batched,batched,cpu,256,3,9,1,1,2,toy4_gpu_core_neural_output_average_batched_256_cpu_repeat01,3,neural_policy,output_average,build_observations,0.00262868101708591
toy4,neural_output_average,batched,batched,cpu,256,3,9,1,1,2,toy4_gpu_core_neural_output_average_batched_256_cpu_repeat01,3,neural_policy,output_average,policy_readout,0.00018842692952603102
toy4,neural_output_average,batched,batched,cpu,256,3,9,1,1,2,toy4_gpu_core_neural_output_average_batched_256_cpu_repeat01,3,neural_policy,output_average,decision_selection,0.0019030659459531307
toy4,neural_output_average,batched,batched,cpu,256,3,9,1,1,2,toy4_gpu_core_neural_output_average_batched_256_cpu_repeat01,3,neural_policy,output_average,local_training,0.01846806495450437
toy4,neural_output_average,batched,batched,cpu,256,3,9,1,1,2,toy4_gpu_core_neural_output_average_batched_256_cpu_repeat01,3,neural_policy,output_average,cache_refresh,4.438101314008236e-06
toy4,neural_output_average,batched,batched,cpu,256,3,9,1,1,2,toy4_gpu_core_neural_output_average_batched_256_cpu_repeat01,3,neural_policy,output_average,post_local_readout,0.00017218710854649544
toy4,neural_output_average,batched,batched,cpu,256,3,9,1,1,2,toy4_gpu_core_neural_output_average_batched_256_cpu_repeat01,3,neural_policy,output_average,local_step,0.023465996026061475
toy4,neural_output_average,batched,batched,cpu,256,3,9,1,1,2,toy4_gpu_core_neural_output_average_batched_256_cpu_repeat01,3,neural_policy,output_average,select_peers,0.00025188701692968607
toy4,neural_output_average,batched,batched,cpu,256,3,9,1,1,2,toy4_gpu_core_neural_output_average_batched_256_cpu_repeat01,3,neural_policy,output_average,social_distillation,0.019098029006272554
toy4,neural_output_average,batched,batched,cpu,256,3,9,1,1,2,toy4_gpu_core_neural_output_average_batched_256_cpu_repeat01,3,neural_policy,output_average,social_step,0.019111786037683487
toy4,neural_output_average,batched,batched,cpu,256,3,9,1,1,2,toy4_gpu_core_neural_output_average_batched_256_cpu_repeat01,3,neural_policy,output_average,sample_actions,7.809139788150787e-07
toy4,neural_output_average,batched,batched,cpu,256,3,9,1,1,2,toy4_gpu_core_neural_output_average_batched_256_cpu_repeat01,3,neural_policy,output_average,commit_actions,4.708999767899513e-06
toy4,neural_output_average,batched,batched,cpu,256,3,9,1,1,2,toy4_gpu_core_neural_output_average_batched_256_cpu_repeat01,3,neural_policy,output_average,post_step_state_policy,2.060900442302227e-05
toy4,neural_output_average,batched,batched,cpu,256,3,9,1,1,2,toy4_gpu_core_neural_output_average_batched_256_cpu_repeat01,3,neural_policy,output_average,update_payoff_ema,1.6400939784944057e-05
toy4,neural_output_average,batched,batched,cpu,256,3,9,1,1,2,toy4_gpu_core_neural_output_average_batched_256_cpu_repeat01,3,neural_policy,output_average,update_reputation_ema,1.0770978406071663e-05
toy4,neural_output_average,batched,batched,cpu,256,3,9,1,1,2,toy4_gpu_core_neural_output_average_batched_256_cpu_repeat01,3,neural_policy,output_average,mobility_swaps,1.9125989638268948e-05
toy4,neural_output_average,batched,batched,cpu,256,3,9,1,1,2,toy4_gpu_core_neural_output_average_batched_256_cpu_repeat01,3,neural_policy,output_average,finalize_hook_step,9.137089364230633e-06
toy4,neural_output_average,batched,batched,cpu,256,3,9,1,1,2,toy4_gpu_core_neural_output_average_batched_256_cpu_repeat01,3,neural_policy,output_average,hooked_step_total,0.043397876899689436
toy4,neural_output_average,batched,batched,cpu,256,3,9,1,1,2,toy4_gpu_core_neural_output_average_batched_256_cpu_repeat01,3,neural_policy,output_average,aggregate_row,0.001588550047017634
toy4,neural_output_average,batched,batched,cpu,256,3,9,1,1,2,toy4_gpu_core_neural_output_average_batched_256_cpu_repeat01,3,neural_policy,output_average,write_aggregate,5.395198240876198e-05
toy4,neural_output_average,batched,batched,cuda,256,3,9,0,1,2,toy4_gpu_core_neural_output_average_batched_256_cuda_repeat00,0,neural_policy,output_average,make_run_dir,0.00016511301510035992
toy4,neural_output_average,batched,batched,cuda,256,3,9,0,1,2,toy4_gpu_core_neural_output_average_batched_256_cuda_repeat00,0,neural_policy,output_average,write_metadata,0.015395914088003337
toy4,neural_output_average,batched,batched,cuda,256,3,9,0,1,2,toy4_gpu_core_neural_output_average_batched_256_cuda_repeat00,0,neural_policy,output_average,initial_state,0.2728646229952574
toy4,neural_output_average,batched,batched,cuda,256,3,9,0,1,2,toy4_gpu_core_neural_output_average_batched_256_cuda_repeat00,0,neural_policy,output_average,writer_setup,0.00044721702579408884
toy4,neural_output_average,batched,batched,cuda,256,3,9,0,1,2,toy4_gpu_core_neural_output_average_batched_256_cuda_repeat00,0,neural_policy,output_average,initial_step_result,0.00429285503923893
toy4,neural_output_average,batched,batched,cuda,256,3,9,0,1,2,toy4_gpu_core_neural_output_average_batched_256_cuda_repeat00,0,neural_policy,output_average,initial_aggregate_row,0.0033146010246127844
toy4,neural_output_average,batched,batched,cuda,256,3,9,0,1,2,toy4_gpu_core_neural_output_average_batched_256_cuda_repeat00,0,neural_policy,output_average,write_initial_aggregate,5.011493340134621e-05
toy4,neural_output_average,batched,batched,cuda,256,3,9,0,1,2,toy4_gpu_core_neural_output_average_batched_256_cuda_repeat00,1,neural_policy,output_average,sample_revision_mask,1.719198189675808e-05
toy4,neural_output_average,batched,batched,cuda,256,3,9,0,1,2,toy4_gpu_core_neural_output_average_batched_256_cuda_repeat00,1,neural_policy,output_average,build_step_context,9.879004210233688e-06
toy4,neural_output_average,batched,batched,cuda,256,3,9,0,1,2,toy4_gpu_core_neural_output_average_batched_256_cuda_repeat00,1,neural_policy,output_average,build_observations,0.0021900810534134507
toy4,neural_output_average,batched,batched,cuda,256,3,9,0,1,2,toy4_gpu_core_neural_output_average_batched_256_cuda_repeat00,1,neural_policy,output_average,policy_readout,0.000322981970384717
toy4,neural_output_average,batched,batched,cuda,256,3,9,0,1,2,toy4_gpu_core_neural_output_average_batched_256_cuda_repeat00,1,neural_policy,output_average,decision_selection,0.0013907249085605145
toy4,neural_output_average,batched,batched,cuda,256,3,9,0,1,2,toy4_gpu_core_neural_output_average_batched_256_cuda_repeat00,1,neural_policy,output_average,local_training,0.05757433001417667
toy4,neural_output_average,batched,batched,cuda,256,3,9,0,1,2,toy4_gpu_core_neural_output_average_batched_256_cuda_repeat00,1,neural_policy,output_average,cache_refresh,1.3486016541719437e-05
toy4,neural_output_average,batched,batched,cuda,256,3,9,0,1,2,toy4_gpu_core_neural_output_average_batched_256_cuda_repeat00,1,neural_policy,output_average,post_local_readout,0.0005063189892098308
toy4,neural_output_average,batched,batched,cuda,256,3,9,0,1,2,toy4_gpu_core_neural_output_average_batched_256_cuda_repeat00,1,neural_policy,output_average,local_step,0.06233364902436733
toy4,neural_output_average,batched,batched,cuda,256,3,9,0,1,2,toy4_gpu_core_neural_output_average_batched_256_cuda_repeat00,1,neural_policy,output_average,select_peers,0.0003612539730966091
toy4,neural_output_average,batched,batched,cuda,256,3,9,0,1,2,toy4_gpu_core_neural_output_average_batched_256_cuda_repeat00,1,neural_policy,output_average,social_distillation,0.03870544407982379
toy4,neural_output_average,batched,batched,cuda,256,3,9,0,1,2,toy4_gpu_core_neural_output_average_batched_256_cuda_repeat00,1,neural_policy,output_average,social_step,0.03874749504029751
toy4,neural_output_average,batched,batched,cuda,256,3,9,0,1,2,toy4_gpu_core_neural_output_average_batched_256_cuda_repeat00,1,neural_policy,output_average,sample_actions,6.171059794723988e-06
toy4,neural_output_average,batched,batched,cuda,256,3,9,0,1,2,toy4_gpu_core_neural_output_average_batched_256_cuda_repeat00,1,neural_policy,output_average,commit_actions,1.1191004887223244e-05
toy4,neural_output_average,batched,batched,cuda,256,3,9,0,1,2,toy4_gpu_core_neural_output_average_batched_256_cuda_repeat00,1,neural_policy,output_average,post_step_state_policy,3.1679985113441944e-05
toy4,neural_output_average,batched,batched,cuda,256,3,9,0,1,2,toy4_gpu_core_neural_output_average_batched_256_cuda_repeat00,1,neural_policy,output_average,update_payoff_ema,2.5277025997638702e-05
toy4,neural_output_average,batched,batched,cuda,256,3,9,0,1,2,toy4_gpu_core_neural_output_average_batched_256_cuda_repeat00,1,neural_policy,output_average,update_reputation_ema,2.6279943995177746e-05
toy4,neural_output_average,batched,batched,cuda,256,3,9,0,1,2,toy4_gpu_core_neural_output_average_batched_256_cuda_repeat00,1,neural_policy,output_average,mobility_swaps,3.0719093047082424e-05
toy4,neural_output_average,batched,batched,cuda,256,3,9,0,1,2,toy4_gpu_core_neural_output_average_batched_256_cuda_repeat00,1,neural_policy,output_average,finalize_hook_step,1.6871956177055836e-05
toy4,neural_output_average,batched,batched,cuda,256,3,9,0,1,2,toy4_gpu_core_neural_output_average_batched_256_cuda_repeat00,1,neural_policy,output_average,hooked_step_total,0.10249968094285578
toy4,neural_output_average,batched,batched,cuda,256,3,9,0,1,2,toy4_gpu_core_neural_output_average_batched_256_cuda_repeat00,1,neural_policy,output_average,aggregate_row,0.003124590963125229
toy4,neural_output_average,batched,batched,cuda,256,3,9,0,1,2,toy4_gpu_core_neural_output_average_batched_256_cuda_repeat00,1,neural_policy,output_average,write_aggregate,0.0002129829954355955
toy4,neural_output_average,batched,batched,cuda,256,3,9,0,1,2,toy4_gpu_core_neural_output_average_batched_256_cuda_repeat00,2,neural_policy,output_average,sample_revision_mask,3.7882011383771896e-05
toy4,neural_output_average,batched,batched,cuda,256,3,9,0,1,2,toy4_gpu_core_neural_output_average_batched_256_cuda_repeat00,2,neural_policy,output_average,build_step_context,2.3724976927042007e-05
toy4,neural_output_average,batched,batched,cuda,256,3,9,0,1,2,toy4_gpu_core_neural_output_average_batched_256_cuda_repeat00,2,neural_policy,output_average,build_observations,0.0024633280700072646
toy4,neural_output_average,batched,batched,cuda,256,3,9,0,1,2,toy4_gpu_core_neural_output_average_batched_256_cuda_repeat00,2,neural_policy,output_average,policy_readout,0.0002776460023596883
toy4,neural_output_average,batched,batched,cuda,256,3,9,0,1,2,toy4_gpu_core_neural_output_average_batched_256_cuda_repeat00,2,neural_policy,output_average,decision_selection,0.001414350001141429
toy4,neural_output_average,batched,batched,cuda,256,3,9,0,1,2,toy4_gpu_core_neural_output_average_batched_256_cuda_repeat00,2,neural_policy,output_average,local_training,0.04220492602325976
toy4,neural_output_average,batched,batched,cuda,256,3,9,0,1,2,toy4_gpu_core_neural_output_average_batched_256_cuda_repeat00,2,neural_policy,output_average,cache_refresh,1.6780919395387173e-05
toy4,neural_output_average,batched,batched,cuda,256,3,9,0,1,2,toy4_gpu_core_neural_output_average_batched_256_cuda_repeat00,2,neural_policy,output_average,post_local_readout,0.0003763030981644988
toy4,neural_output_average,batched,batched,cuda,256,3,9,0,1,2,toy4_gpu_core_neural_output_average_batched_256_cuda_repeat00,2,neural_policy,output_average,local_step,0.047109670005738735
toy4,neural_output_average,batched,batched,cuda,256,3,9,0,1,2,toy4_gpu_core_neural_output_average_batched_256_cuda_repeat00,2,neural_policy,output_average,select_peers,0.0004865920636802912
toy4,neural_output_average,batched,batched,cuda,256,3,9,0,1,2,toy4_gpu_core_neural_output_average_batched_256_cuda_repeat00,2,neural_policy,output_average,social_distillation,0.05441531399264932
toy4,neural_output_average,batched,batched,cuda,256,3,9,0,1,2,toy4_gpu_core_neural_output_average_batched_256_cuda_repeat00,2,neural_policy,output_average,social_step,0.05447255296166986
toy4,neural_output_average,batched,batched,cuda,256,3,9,0,1,2,toy4_gpu_core_neural_output_average_batched_256_cuda_repeat00,2,neural_policy,output_average,sample_actions,7.694005034863949e-06
toy4,neural_output_average,batched,batched,cuda,256,3,9,0,1,2,toy4_gpu_core_neural_output_average_batched_256_cuda_repeat00,2,neural_policy,output_average,commit_actions,1.0679941624403e-05
toy4,neural_output_average,batched,batched,cuda,256,3,9,0,1,2,toy4_gpu_core_neural_output_average_batched_256_cuda_repeat00,2,neural_policy,output_average,post_step_state_policy,2.6619993150234222e-05
toy4,neural_output_average,batched,batched,cuda,256,3,9,0,1,2,toy4_gpu_core_neural_output_average_batched_256_cuda_repeat00,2,neural_policy,output_average,update_payoff_ema,2.0558945834636688e-05
toy4,neural_output_average,batched,batched,cuda,256,3,9,0,1,2,toy4_gpu_core_neural_output_average_batched_256_cuda_repeat00,2,neural_policy,output_average,update_reputation_ema,1.5669036656618118e-05
toy4,neural_output_average,batched,batched,cuda,256,3,9,0,1,2,toy4_gpu_core_neural_output_average_batched_256_cuda_repeat00,2,neural_policy,output_average,mobility_swaps,2.3234053514897823e-05
toy4,neural_output_average,batched,batched,cuda,256,3,9,0,1,2,toy4_gpu_core_neural_output_average_batched_256_cuda_repeat00,2,neural_policy,output_average,finalize_hook_step,1.4406978152692318e-05
toy4,neural_output_average,batched,batched,cuda,256,3,9,0,1,2,toy4_gpu_core_neural_output_average_batched_256_cuda_repeat00,2,neural_policy,output_average,hooked_step_total,0.1031836470356211
toy4,neural_output_average,batched,batched,cuda,256,3,9,0,1,2,toy4_gpu_core_neural_output_average_batched_256_cuda_repeat00,2,neural_policy,output_average,aggregate_row,0.002010378986597061
toy4,neural_output_average,batched,batched,cuda,256,3,9,0,1,2,toy4_gpu_core_neural_output_average_batched_256_cuda_repeat00,2,neural_policy,output_average,write_aggregate,4.946393892168999e-05
toy4,neural_output_average,batched,batched,cuda,256,3,9,0,1,2,toy4_gpu_core_neural_output_average_batched_256_cuda_repeat00,3,neural_policy,output_average,sample_revision_mask,1.3304990716278553e-05
toy4,neural_output_average,batched,batched,cuda,256,3,9,0,1,2,toy4_gpu_core_neural_output_average_batched_256_cuda_repeat00,3,neural_policy,output_average,build_step_context,8.275965228676796e-06
toy4,neural_output_average,batched,batched,cuda,256,3,9,0,1,2,toy4_gpu_core_neural_output_average_batched_256_cuda_repeat00,3,neural_policy,output_average,build_observations,0.0021498840069398284
toy4,neural_output_average,batched,batched,cuda,256,3,9,0,1,2,toy4_gpu_core_neural_output_average_batched_256_cuda_repeat00,3,neural_policy,output_average,policy_readout,0.00022893399000167847
toy4,neural_output_average,batched,batched,cuda,256,3,9,0,1,2,toy4_gpu_core_neural_output_average_batched_256_cuda_repeat00,3,neural_policy,output_average,decision_selection,0.0020251680398359895
toy4,neural_output_average,batched,batched,cuda,256,3,9,0,1,2,toy4_gpu_core_neural_output_average_batched_256_cuda_repeat00,3,neural_policy,output_average,local_training,0.04351791390217841
toy4,neural_output_average,batched,batched,cuda,256,3,9,0,1,2,toy4_gpu_core_neural_output_average_batched_256_cuda_repeat00,3,neural_policy,output_average,cache_refresh,1.686194445937872e-05
toy4,neural_output_average,batched,batched,cuda,256,3,9,0,1,2,toy4_gpu_core_neural_output_average_batched_256_cuda_repeat00,3,neural_policy,output_average,post_local_readout,0.0005215390119701624
toy4,neural_output_average,batched,batched,cuda,256,3,9,0,1,2,toy4_gpu_core_neural_output_average_batched_256_cuda_repeat00,3,neural_policy,output_average,local_step,0.04881959001068026
toy4,neural_output_average,batched,batched,cuda,256,3,9,0,1,2,toy4_gpu_core_neural_output_average_batched_256_cuda_repeat00,3,neural_policy,output_average,select_peers,0.00037452904507517815
toy4,neural_output_average,batched,batched,cuda,256,3,9,0,1,2,toy4_gpu_core_neural_output_average_batched_256_cuda_repeat00,3,neural_policy,output_average,social_distillation,0.045893946080468595
toy4,neural_output_average,batched,batched,cuda,256,3,9,0,1,2,toy4_gpu_core_neural_output_average_batched_256_cuda_repeat00,3,neural_policy,output_average,social_step,0.04594383097719401
toy4,neural_output_average,batched,batched,cuda,256,3,9,0,1,2,toy4_gpu_core_neural_output_average_batched_256_cuda_repeat00,3,neural_policy,output_average,sample_actions,7.924973033368587e-06
toy4,neural_output_average,batched,batched,cuda,256,3,9,0,1,2,toy4_gpu_core_neural_output_average_batched_256_cuda_repeat00,3,neural_policy,output_average,commit_actions,9.687966667115688e-06
toy4,neural_output_average,batched,batched,cuda,256,3,9,0,1,2,toy4_gpu_core_neural_output_average_batched_256_cuda_repeat00,3,neural_policy,output_average,post_step_state_policy,2.8615002520382404e-05
toy4,neural_output_average,batched,batched,cuda,256,3,9,0,1,2,toy4_gpu_core_neural_output_average_batched_256_cuda_repeat00,3,neural_policy,output_average,update_payoff_ema,2.508796751499176e-05
toy4,neural_output_average,batched,batched,cuda,256,3,9,0,1,2,toy4_gpu_core_neural_output_average_batched_256_cuda_repeat00,3,neural_policy,output_average,update_reputation_ema,1.57190952450037e-05
toy4,neural_output_average,batched,batched,cuda,256,3,9,0,1,2,toy4_gpu_core_neural_output_average_batched_256_cuda_repeat00,3,neural_policy,output_average,mobility_swaps,2.5938963517546654e-05
toy4,neural_output_average,batched,batched,cuda,256,3,9,0,1,2,toy4_gpu_core_neural_output_average_batched_256_cuda_repeat00,3,neural_policy,output_average,finalize_hook_step,1.6430974937975407e-05
toy4,neural_output_average,batched,batched,cuda,256,3,9,0,1,2,toy4_gpu_core_neural_output_average_batched_256_cuda_repeat00,3,neural_policy,output_average,hooked_step_total,0.09623280598316342
toy4,neural_output_average,batched,batched,cuda,256,3,9,0,1,2,toy4_gpu_core_neural_output_average_batched_256_cuda_repeat00,3,neural_policy,output_average,aggregate_row,0.0019443640485405922
toy4,neural_output_average,batched,batched,cuda,256,3,9,0,1,2,toy4_gpu_core_neural_output_average_batched_256_cuda_repeat00,3,neural_policy,output_average,write_aggregate,5.277001764625311e-05
toy4,neural_output_average,batched,batched,cuda,256,3,9,1,1,2,toy4_gpu_core_neural_output_average_batched_256_cuda_repeat01,0,neural_policy,output_average,make_run_dir,0.00019776506815105677
toy4,neural_output_average,batched,batched,cuda,256,3,9,1,1,2,toy4_gpu_core_neural_output_average_batched_256_cuda_repeat01,0,neural_policy,output_average,write_metadata,0.0031960669439285994
toy4,neural_output_average,batched,batched,cuda,256,3,9,1,1,2,toy4_gpu_core_neural_output_average_batched_256_cuda_repeat01,0,neural_policy,output_average,initial_state,0.13971090503036976
toy4,neural_output_average,batched,batched,cuda,256,3,9,1,1,2,toy4_gpu_core_neural_output_average_batched_256_cuda_repeat01,0,neural_policy,output_average,writer_setup,0.00043556501623243093
toy4,neural_output_average,batched,batched,cuda,256,3,9,1,1,2,toy4_gpu_core_neural_output_average_batched_256_cuda_repeat01,0,neural_policy,output_average,initial_step_result,0.003940927912481129
toy4,neural_output_average,batched,batched,cuda,256,3,9,1,1,2,toy4_gpu_core_neural_output_average_batched_256_cuda_repeat01,0,neural_policy,output_average,initial_aggregate_row,0.003695191931910813
toy4,neural_output_average,batched,batched,cuda,256,3,9,1,1,2,toy4_gpu_core_neural_output_average_batched_256_cuda_repeat01,0,neural_policy,output_average,write_initial_aggregate,5.423289258033037e-05
toy4,neural_output_average,batched,batched,cuda,256,3,9,1,1,2,toy4_gpu_core_neural_output_average_batched_256_cuda_repeat01,1,neural_policy,output_average,sample_revision_mask,2.3234053514897823e-05
toy4,neural_output_average,batched,batched,cuda,256,3,9,1,1,2,toy4_gpu_core_neural_output_average_batched_256_cuda_repeat01,1,neural_policy,output_average,build_step_context,9.93895810097456e-06
toy4,neural_output_average,batched,batched,cuda,256,3,9,1,1,2,toy4_gpu_core_neural_output_average_batched_256_cuda_repeat01,1,neural_policy,output_average,build_observations,0.002012372948229313
toy4,neural_output_average,batched,batched,cuda,256,3,9,1,1,2,toy4_gpu_core_neural_output_average_batched_256_cuda_repeat01,1,neural_policy,output_average,policy_readout,0.0002847599098458886
toy4,neural_output_average,batched,batched,cuda,256,3,9,1,1,2,toy4_gpu_core_neural_output_average_batched_256_cuda_repeat01,1,neural_policy,output_average,decision_selection,0.0014527230523526669
toy4,neural_output_average,batched,batched,cuda,256,3,9,1,1,2,toy4_gpu_core_neural_output_average_batched_256_cuda_repeat01,1,neural_policy,output_average,local_training,0.06689933105371892
toy4,neural_output_average,batched,batched,cuda,256,3,9,1,1,2,toy4_gpu_core_neural_output_average_batched_256_cuda_repeat01,1,neural_policy,output_average,cache_refresh,2.0419014617800713e-05
toy4,neural_output_average,batched,batched,cuda,256,3,9,1,1,2,toy4_gpu_core_neural_output_average_batched_256_cuda_repeat01,1,neural_policy,output_average,post_local_readout,0.0008821110241115093
toy4,neural_output_average,batched,batched,cuda,256,3,9,1,1,2,toy4_gpu_core_neural_output_average_batched_256_cuda_repeat01,1,neural_policy,output_average,local_step,0.07223243708722293
toy4,neural_output_average,batched,batched,cuda,256,3,9,1,1,2,toy4_gpu_core_neural_output_average_batched_256_cuda_repeat01,1,neural_policy,output_average,select_peers,0.0003950579557567835
toy4,neural_output_average,batched,batched,cuda,256,3,9,1,1,2,toy4_gpu_core_neural_output_average_batched_256_cuda_repeat01,1,neural_policy,output_average,social_distillation,0.04738445102702826
toy4,neural_output_average,batched,batched,cuda,256,3,9,1,1,2,toy4_gpu_core_neural_output_average_batched_256_cuda_repeat01,1,neural_policy,output_average,social_step,0.047469130950048566
toy4,neural_output_average,batched,batched,cuda,256,3,9,1,1,2,toy4_gpu_core_neural_output_average_batched_256_cuda_repeat01,1,neural_policy,output_average,sample_actions,7.784925401210785e-06
toy4,neural_output_average,batched,batched,cuda,256,3,9,1,1,2,toy4_gpu_core_neural_output_average_batched_256_cuda_repeat01,1,neural_policy,output_average,commit_actions,1.6722013242542744e-05
toy4,neural_output_average,batched,batched,cuda,256,3,9,1,1,2,toy4_gpu_core_neural_output_average_batched_256_cuda_repeat01,1,neural_policy,output_average,post_step_state_policy,4.942400846630335e-05
toy4,neural_output_average,batched,batched,cuda,256,3,9,1,1,2,toy4_gpu_core_neural_output_average_batched_256_cuda_repeat01,1,neural_policy,output_average,update_payoff_ema,4.776997957378626e-05
toy4,neural_output_average,batched,batched,cuda,256,3,9,1,1,2,toy4_gpu_core_neural_output_average_batched_256_cuda_repeat01,1,neural_policy,output_average,update_reputation_ema,2.7882982976734638e-05
toy4,neural_output_average,batched,batched,cuda,256,3,9,1,1,2,toy4_gpu_core_neural_output_average_batched_256_cuda_repeat01,1,neural_policy,output_average,mobility_swaps,3.704999107867479e-05
toy4,neural_output_average,batched,batched,cuda,256,3,9,1,1,2,toy4_gpu_core_neural_output_average_batched_256_cuda_repeat01,1,neural_policy,output_average,finalize_hook_step,1.7573009245097637e-05
toy4,neural_output_average,batched,batched,cuda,256,3,9,1,1,2,toy4_gpu_core_neural_output_average_batched_256_cuda_repeat01,1,neural_policy,output_average,hooked_step_total,0.12187530694063753
toy4,neural_output_average,batched,batched,cuda,256,3,9,1,1,2,toy4_gpu_core_neural_output_average_batched_256_cuda_repeat01,1,neural_policy,output_average,aggregate_row,0.0032839629566296935
toy4,neural_output_average,batched,batched,cuda,256,3,9,1,1,2,toy4_gpu_core_neural_output_average_batched_256_cuda_repeat01,1,neural_policy,output_average,write_aggregate,8.729600813239813e-05
toy4,neural_output_average,batched,batched,cuda,256,3,9,1,1,2,toy4_gpu_core_neural_output_average_batched_256_cuda_repeat01,2,neural_policy,output_average,sample_revision_mask,5.646690260618925e-05
toy4,neural_output_average,batched,batched,cuda,256,3,9,1,1,2,toy4_gpu_core_neural_output_average_batched_256_cuda_repeat01,2,neural_policy,output_average,build_step_context,1.7764046788215637e-05
toy4,neural_output_average,batched,batched,cuda,256,3,9,1,1,2,toy4_gpu_core_neural_output_average_batched_256_cuda_repeat01,2,neural_policy,output_average,build_observations,0.002242029062472284
toy4,neural_output_average,batched,batched,cuda,256,3,9,1,1,2,toy4_gpu_core_neural_output_average_batched_256_cuda_repeat01,2,neural_policy,output_average,policy_readout,0.000247127958573401
toy4,neural_output_average,batched,batched,cuda,256,3,9,1,1,2,toy4_gpu_core_neural_output_average_batched_256_cuda_repeat01,2,neural_policy,output_average,decision_selection,0.0013569920556619763
toy4,neural_output_average,batched,batched,cuda,256,3,9,1,1,2,toy4_gpu_core_neural_output_average_batched_256_cuda_repeat01,2,neural_policy,output_average,local_training,0.03914583893492818
toy4,neural_output_average,batched,batched,cuda,256,3,9,1,1,2,toy4_gpu_core_neural_output_average_batched_256_cuda_repeat01,2,neural_policy,output_average,cache_refresh,1.1252006515860558e-05
toy4,neural_output_average,batched,batched,cuda,256,3,9,1,1,2,toy4_gpu_core_neural_output_average_batched_256_cuda_repeat01,2,neural_policy,output_average,post_local_readout,0.0003786080051213503
toy4,neural_output_average,batched,batched,cuda,256,3,9,1,1,2,toy4_gpu_core_neural_output_average_batched_256_cuda_repeat01,2,neural_policy,output_average,local_step,0.043775522033683956
toy4,neural_output_average,batched,batched,cuda,256,3,9,1,1,2,toy4_gpu_core_neural_output_average_batched_256_cuda_repeat01,2,neural_policy,output_average,select_peers,0.00047319603618234396
toy4,neural_output_average,batched,batched,cuda,256,3,9,1,1,2,toy4_gpu_core_neural_output_average_batched_256_cuda_repeat01,2,neural_policy,output_average,social_distillation,0.0382437800290063
toy4,neural_output_average,batched,batched,cuda,256,3,9,1,1,2,toy4_gpu_core_neural_output_average_batched_256_cuda_repeat01,2,neural_policy,output_average,social_step,0.03828474704641849
toy4,neural_output_average,batched,batched,cuda,256,3,9,1,1,2,toy4_gpu_core_neural_output_average_batched_256_cuda_repeat01,2,neural_policy,output_average,sample_actions,5.710986442863941e-06
toy4,neural_output_average,batched,batched,cuda,256,3,9,1,1,2,toy4_gpu_core_neural_output_average_batched_256_cuda_repeat01,2,neural_policy,output_average,commit_actions,8.936971426010132e-06
toy4,neural_output_average,batched,batched,cuda,256,3,9,1,1,2,toy4_gpu_core_neural_output_average_batched_256_cuda_repeat01,2,neural_policy,output_average,post_step_state_policy,2.8504058718681335e-05
toy4,neural_output_average,batched,batched,cuda,256,3,9,1,1,2,toy4_gpu_core_neural_output_average_batched_256_cuda_repeat01,2,neural_policy,output_average,update_payoff_ema,2.2483058273792267e-05
toy4,neural_output_average,batched,batched,cuda,256,3,9,1,1,2,toy4_gpu_core_neural_output_average_batched_256_cuda_repeat01,2,neural_policy,output_average,update_reputation_ema,1.539895310997963e-05
toy4,neural_output_average,batched,batched,cuda,256,3,9,1,1,2,toy4_gpu_core_neural_output_average_batched_256_cuda_repeat01,2,neural_policy,output_average,mobility_swaps,2.1251034922897816e-05
toy4,neural_output_average,batched,batched,cuda,256,3,9,1,1,2,toy4_gpu_core_neural_output_average_batched_256_cuda_repeat01,2,neural_policy,output_average,finalize_hook_step,1.631001941859722e-05
toy4,neural_output_average,batched,batched,cuda,256,3,9,1,1,2,toy4_gpu_core_neural_output_average_batched_256_cuda_repeat01,2,neural_policy,output_average,hooked_step_total,0.08379457599949092
toy4,neural_output_average,batched,batched,cuda,256,3,9,1,1,2,toy4_gpu_core_neural_output_average_batched_256_cuda_repeat01,2,neural_policy,output_average,aggregate_row,0.003043077071197331
toy4,neural_output_average,batched,batched,cuda,256,3,9,1,1,2,toy4_gpu_core_neural_output_average_batched_256_cuda_repeat01,2,neural_policy,output_average,write_aggregate,7.260695565491915e-05
toy4,neural_output_average,batched,batched,cuda,256,3,9,1,1,2,toy4_gpu_core_neural_output_average_batched_256_cuda_repeat01,3,neural_policy,output_average,sample_revision_mask,1.7452985048294067e-05
toy4,neural_output_average,batched,batched,cuda,256,3,9,1,1,2,toy4_gpu_core_neural_output_average_batched_256_cuda_repeat01,3,neural_policy,output_average,build_step_context,1.0731047950685024e-05
toy4,neural_output_average,batched,batched,cuda,256,3,9,1,1,2,toy4_gpu_core_neural_output_average_batched_256_cuda_repeat01,3,neural_policy,output_average,build_observations,0.0021267400588840246
toy4,neural_output_average,batched,batched,cuda,256,3,9,1,1,2,toy4_gpu_core_neural_output_average_batched_256_cuda_repeat01,3,neural_policy,output_average,policy_readout,0.00025461195036768913
toy4,neural_output_average,batched,batched,cuda,256,3,9,1,1,2,toy4_gpu_core_neural_output_average_batched_256_cuda_repeat01,3,neural_policy,output_average,decision_selection,0.0014839419163763523
toy4,neural_output_average,batched,batched,cuda,256,3,9,1,1,2,toy4_gpu_core_neural_output_average_batched_256_cuda_repeat01,3,neural_policy,output_average,local_training,0.042394966003485024
toy4,neural_output_average,batched,batched,cuda,256,3,9,1,1,2,toy4_gpu_core_neural_output_average_batched_256_cuda_repeat01,3,neural_policy,output_average,cache_refresh,2.1521002054214478e-05
toy4,neural_output_average,batched,batched,cuda,256,3,9,1,1,2,toy4_gpu_core_neural_output_average_batched_256_cuda_repeat01,3,neural_policy,output_average,post_local_readout,0.0005772840231657028
toy4,neural_output_average,batched,batched,cuda,256,3,9,1,1,2,toy4_gpu_core_neural_output_average_batched_256_cuda_repeat01,3,neural_policy,output_average,local_step,0.0472396370023489
toy4,neural_output_average,batched,batched,cuda,256,3,9,1,1,2,toy4_gpu_core_neural_output_average_batched_256_cuda_repeat01,3,neural_policy,output_average,select_peers,0.0003013309324160218
toy4,neural_output_average,batched,batched,cuda,256,3,9,1,1,2,toy4_gpu_core_neural_output_average_batched_256_cuda_repeat01,3,neural_policy,output_average,social_distillation,0.03937763802241534
toy4,neural_output_average,batched,batched,cuda,256,3,9,1,1,2,toy4_gpu_core_neural_output_average_batched_256_cuda_repeat01,3,neural_policy,output_average,social_step,0.03940911800600588
toy4,neural_output_average,batched,batched,cuda,256,3,9,1,1,2,toy4_gpu_core_neural_output_average_batched_256_cuda_repeat01,3,neural_policy,output_average,sample_actions,6.441958248615265e-06
toy4,neural_output_average,batched,batched,cuda,256,3,9,1,1,2,toy4_gpu_core_neural_output_average_batched_256_cuda_repeat01,3,neural_policy,output_average,commit_actions,8.707051165401936e-06
toy4,neural_output_average,batched,batched,cuda,256,3,9,1,1,2,toy4_gpu_core_neural_output_average_batched_256_cuda_repeat01,3,neural_policy,output_average,post_step_state_policy,2.4585984647274017e-05
toy4,neural_output_average,batched,batched,cuda,256,3,9,1,1,2,toy4_gpu_core_neural_output_average_batched_256_cuda_repeat01,3,neural_policy,output_average,update_payoff_ema,1.933705061674118e-05
toy4,neural_output_average,batched,batched,cuda,256,3,9,1,1,2,toy4_gpu_core_neural_output_average_batched_256_cuda_repeat01,3,neural_policy,output_average,update_reputation_ema,1.4598015695810318e-05
toy4,neural_output_average,batched,batched,cuda,256,3,9,1,1,2,toy4_gpu_core_neural_output_average_batched_256_cuda_repeat01,3,neural_policy,output_average,mobility_swaps,2.143008168786764e-05
toy4,neural_output_average,batched,batched,cuda,256,3,9,1,1,2,toy4_gpu_core_neural_output_average_batched_256_cuda_repeat01,3,neural_policy,output_average,finalize_hook_step,1.4186021871864796e-05
toy4,neural_output_average,batched,batched,cuda,256,3,9,1,1,2,toy4_gpu_core_neural_output_average_batched_256_cuda_repeat01,3,neural_policy,output_average,hooked_step_total,0.08777479804120958
toy4,neural_output_average,batched,batched,cuda,256,3,9,1,1,2,toy4_gpu_core_neural_output_average_batched_256_cuda_repeat01,3,neural_policy,output_average,aggregate_row,0.0019216210348531604
toy4,neural_output_average,batched,batched,cuda,256,3,9,1,1,2,toy4_gpu_core_neural_output_average_batched_256_cuda_repeat01,3,neural_policy,output_average,write_aggregate,5.022494588047266e-05
toy4,neural_output_average,batched,batched,cpu,1024,3,9,0,1,2,toy4_gpu_core_neural_output_average_batched_1024_cpu_repeat00,0,neural_policy,output_average,make_run_dir,0.0007049060659483075
toy4,neural_output_average,batched,batched,cpu,1024,3,9,0,1,2,toy4_gpu_core_neural_output_average_batched_1024_cpu_repeat00,0,neural_policy,output_average,write_metadata,0.002938908990472555
toy4,neural_output_average,batched,batched,cpu,1024,3,9,0,1,2,toy4_gpu_core_neural_output_average_batched_1024_cpu_repeat00,0,neural_policy,output_average,initial_state,0.44158561201766133
toy4,neural_output_average,batched,batched,cpu,1024,3,9,0,1,2,toy4_gpu_core_neural_output_average_batched_1024_cpu_repeat00,0,neural_policy,output_average,writer_setup,0.0007601100951433182
toy4,neural_output_average,batched,batched,cpu,1024,3,9,0,1,2,toy4_gpu_core_neural_output_average_batched_1024_cpu_repeat00,0,neural_policy,output_average,initial_step_result,0.009565967018716037
toy4,neural_output_average,batched,batched,cpu,1024,3,9,0,1,2,toy4_gpu_core_neural_output_average_batched_1024_cpu_repeat00,0,neural_policy,output_average,initial_aggregate_row,0.03159705502912402
toy4,neural_output_average,batched,batched,cpu,1024,3,9,0,1,2,toy4_gpu_core_neural_output_average_batched_1024_cpu_repeat00,0,neural_policy,output_average,write_initial_aggregate,7.742701563984156e-05
toy4,neural_output_average,batched,batched,cpu,1024,3,9,0,1,2,toy4_gpu_core_neural_output_average_batched_1024_cpu_repeat00,1,neural_policy,output_average,sample_revision_mask,2.2051041014492512e-05
toy4,neural_output_average,batched,batched,cpu,1024,3,9,0,1,2,toy4_gpu_core_neural_output_average_batched_1024_cpu_repeat00,1,neural_policy,output_average,build_step_context,8.807051926851273e-06
toy4,neural_output_average,batched,batched,cpu,1024,3,9,0,1,2,toy4_gpu_core_neural_output_average_batched_1024_cpu_repeat00,1,neural_policy,output_average,build_observations,0.008728699991479516
toy4,neural_output_average,batched,batched,cpu,1024,3,9,0,1,2,toy4_gpu_core_neural_output_average_batched_1024_cpu_repeat00,1,neural_policy,output_average,policy_readout,0.0011333280708640814
toy4,neural_output_average,batched,batched,cpu,1024,3,9,0,1,2,toy4_gpu_core_neural_output_average_batched_1024_cpu_repeat00,1,neural_policy,output_average,decision_selection,0.005604560021311045
toy4,neural_output_average,batched,batched,cpu,1024,3,9,0,1,2,toy4_gpu_core_neural_output_average_batched_1024_cpu_repeat00,1,neural_policy,output_average,local_training,0.25162218092009425
toy4,neural_output_average,batched,batched,cpu,1024,3,9,0,1,2,toy4_gpu_core_neural_output_average_batched_1024_cpu_repeat00,1,neural_policy,output_average,cache_refresh,1.3535958714783192e-05
toy4,neural_output_average,batched,batched,cpu,1024,3,9,0,1,2,toy4_gpu_core_neural_output_average_batched_1024_cpu_repeat00,1,neural_policy,output_average,post_local_readout,0.0007862088968977332
toy4,neural_output_average,batched,batched,cpu,1024,3,9,0,1,2,toy4_gpu_core_neural_output_average_batched_1024_cpu_repeat00,1,neural_policy,output_average,local_step,0.2683344599790871
toy4,neural_output_average,batched,batched,cpu,1024,3,9,0,1,2,toy4_gpu_core_neural_output_average_batched_1024_cpu_repeat00,1,neural_policy,output_average,select_peers,0.0009846859611570835
toy4,neural_output_average,batched,batched,cpu,1024,3,9,0,1,2,toy4_gpu_core_neural_output_average_batched_1024_cpu_repeat00,1,neural_policy,output_average,social_distillation,0.07958402798976749
toy4,neural_output_average,batched,batched,cpu,1024,3,9,0,1,2,toy4_gpu_core_neural_output_average_batched_1024_cpu_repeat00,1,neural_policy,output_average,social_step,0.07961783104110509
toy4,neural_output_average,batched,batched,cpu,1024,3,9,0,1,2,toy4_gpu_core_neural_output_average_batched_1024_cpu_repeat00,1,neural_policy,output_average,sample_actions,1.2130476534366608e-06
toy4,neural_output_average,batched,batched,cpu,1024,3,9,0,1,2,toy4_gpu_core_neural_output_average_batched_1024_cpu_repeat00,1,neural_policy,output_average,commit_actions,4.909001290798187e-06
toy4,neural_output_average,batched,batched,cpu,1024,3,9,0,1,2,toy4_gpu_core_neural_output_average_batched_1024_cpu_repeat00,1,neural_policy,output_average,post_step_state_policy,2.529798075556755e-05
toy4,neural_output_average,batched,batched,cpu,1024,3,9,0,1,2,toy4_gpu_core_neural_output_average_batched_1024_cpu_repeat00,1,neural_policy,output_average,update_payoff_ema,2.65900744125247e-05
toy4,neural_output_average,batched,batched,cpu,1024,3,9,0,1,2,toy4_gpu_core_neural_output_average_batched_1024_cpu_repeat00,1,neural_policy,output_average,update_reputation_ema,1.4447956345975399e-05
toy4,neural_output_average,batched,batched,cpu,1024,3,9,0,1,2,toy4_gpu_core_neural_output_average_batched_1024_cpu_repeat00,1,neural_policy,output_average,mobility_swaps,1.9486993551254272e-05
toy4,neural_output_average,batched,batched,cpu,1024,3,9,0,1,2,toy4_gpu_core_neural_output_average_batched_1024_cpu_repeat00,1,neural_policy,output_average,finalize_hook_step,8.155941031873226e-06
toy4,neural_output_average,batched,batched,cpu,1024,3,9,0,1,2,toy4_gpu_core_neural_output_average_batched_1024_cpu_repeat00,1,neural_policy,output_average,hooked_step_total,0.35030785598792136
toy4,neural_output_average,batched,batched,cpu,1024,3,9,0,1,2,toy4_gpu_core_neural_output_average_batched_1024_cpu_repeat00,1,neural_policy,output_average,aggregate_row,0.026502069900743663
toy4,neural_output_average,batched,batched,cpu,1024,3,9,0,1,2,toy4_gpu_core_neural_output_average_batched_1024_cpu_repeat00,1,neural_policy,output_average,write_aggregate,7.717602420598269e-05
toy4,neural_output_average,batched,batched,cpu,1024,3,9,0,1,2,toy4_gpu_core_neural_output_average_batched_1024_cpu_repeat00,2,neural_policy,output_average,sample_revision_mask,2.4065026082098484e-05
toy4,neural_output_average,batched,batched,cpu,1024,3,9,0,1,2,toy4_gpu_core_neural_output_average_batched_1024_cpu_repeat00,2,neural_policy,output_average,build_step_context,7.955008186399937e-06
toy4,neural_output_average,batched,batched,cpu,1024,3,9,0,1,2,toy4_gpu_core_neural_output_average_batched_1024_cpu_repeat00,2,neural_policy,output_average,build_observations,0.007975423010066152
toy4,neural_output_average,batched,batched,cpu,1024,3,9,0,1,2,toy4_gpu_core_neural_output_average_batched_1024_cpu_repeat00,2,neural_policy,output_average,policy_readout,0.0007032430730760098
toy4,neural_output_average,batched,batched,cpu,1024,3,9,0,1,2,toy4_gpu_core_neural_output_average_batched_1024_cpu_repeat00,2,neural_policy,output_average,decision_selection,0.007237804937176406
toy4,neural_output_average,batched,batched,cpu,1024,3,9,0,1,2,toy4_gpu_core_neural_output_average_batched_1024_cpu_repeat00,2,neural_policy,output_average,local_training,0.07534275099169463
toy4,neural_output_average,batched,batched,cpu,1024,3,9,0,1,2,toy4_gpu_core_neural_output_average_batched_1024_cpu_repeat00,2,neural_policy,output_average,cache_refresh,7.063033990561962e-06
toy4,neural_output_average,batched,batched,cpu,1024,3,9,0,1,2,toy4_gpu_core_neural_output_average_batched_1024_cpu_repeat00,2,neural_policy,output_average,post_local_readout,0.0004985749255865812
toy4,neural_output_average,batched,batched,cpu,1024,3,9,0,1,2,toy4_gpu_core_neural_output_average_batched_1024_cpu_repeat00,2,neural_policy,output_average,local_step,0.09211514401249588
toy4,neural_output_average,batched,batched,cpu,1024,3,9,0,1,2,toy4_gpu_core_neural_output_average_batched_1024_cpu_repeat00,2,neural_policy,output_average,select_peers,0.0009054349502548575
toy4,neural_output_average,batched,batched,cpu,1024,3,9,0,1,2,toy4_gpu_core_neural_output_average_batched_1024_cpu_repeat00,2,neural_policy,output_average,social_distillation,0.0807146409060806
toy4,neural_output_average,batched,batched,cpu,1024,3,9,0,1,2,toy4_gpu_core_neural_output_average_batched_1024_cpu_repeat00,2,neural_policy,output_average,social_step,0.0807512600440532
toy4,neural_output_average,batched,batched,cpu,1024,3,9,0,1,2,toy4_gpu_core_neural_output_average_batched_1024_cpu_repeat00,2,neural_policy,output_average,sample_actions,1.8130522221326828e-06
toy4,neural_output_average,batched,batched,cpu,1024,3,9,0,1,2,toy4_gpu_core_neural_output_average_batched_1024_cpu_repeat00,2,neural_policy,output_average,commit_actions,5.841022357344627e-06
toy4,neural_output_average,batched,batched,cpu,1024,3,9,0,1,2,toy4_gpu_core_neural_output_average_batched_1024_cpu_repeat00,2,neural_policy,output_average,post_step_state_policy,2.6720925234258175e-05
toy4,neural_output_average,batched,batched,cpu,1024,3,9,0,1,2,toy4_gpu_core_neural_output_average_batched_1024_cpu_repeat00,2,neural_policy,output_average,update_payoff_ema,3.430491778999567e-05
toy4,neural_output_average,batched,batched,cpu,1024,3,9,0,1,2,toy4_gpu_core_neural_output_average_batched_1024_cpu_repeat00,2,neural_policy,output_average,update_reputation_ema,1.649197656661272e-05
toy4,neural_output_average,batched,batched,cpu,1024,3,9,0,1,2,toy4_gpu_core_neural_output_average_batched_1024_cpu_repeat00,2,neural_policy,output_average,mobility_swaps,2.134998794645071e-05
toy4,neural_output_average,batched,batched,cpu,1024,3,9,0,1,2,toy4_gpu_core_neural_output_average_batched_1024_cpu_repeat00,2,neural_policy,output_average,finalize_hook_step,9.066890925168991e-06
toy4,neural_output_average,batched,batched,cpu,1024,3,9,0,1,2,toy4_gpu_core_neural_output_average_batched_1024_cpu_repeat00,2,neural_policy,output_average,hooked_step_total,0.17541531403549016
toy4,neural_output_average,batched,batched,cpu,1024,3,9,0,1,2,toy4_gpu_core_neural_output_average_batched_1024_cpu_repeat00,2,neural_policy,output_average,aggregate_row,0.021812914055772126
toy4,neural_output_average,batched,batched,cpu,1024,3,9,0,1,2,toy4_gpu_core_neural_output_average_batched_1024_cpu_repeat00,2,neural_policy,output_average,write_aggregate,5.321099888533354e-05
toy4,neural_output_average,batched,batched,cpu,1024,3,9,0,1,2,toy4_gpu_core_neural_output_average_batched_1024_cpu_repeat00,3,neural_policy,output_average,sample_revision_mask,1.7483020201325417e-05
toy4,neural_output_average,batched,batched,cpu,1024,3,9,0,1,2,toy4_gpu_core_neural_output_average_batched_1024_cpu_repeat00,3,neural_policy,output_average,build_step_context,6.762915290892124e-06
toy4,neural_output_average,batched,batched,cpu,1024,3,9,0,1,2,toy4_gpu_core_neural_output_average_batched_1024_cpu_repeat00,3,neural_policy,output_average,build_observations,0.008085131063126028
toy4,neural_output_average,batched,batched,cpu,1024,3,9,0,1,2,toy4_gpu_core_neural_output_average_batched_1024_cpu_repeat00,3,neural_policy,output_average,policy_readout,0.000976419891230762
toy4,neural_output_average,batched,batched,cpu,1024,3,9,0,1,2,toy4_gpu_core_neural_output_average_batched_1024_cpu_repeat00,3,neural_policy,output_average,decision_selection,0.006832658080384135
toy4,neural_output_average,batched,batched,cpu,1024,3,9,0,1,2,toy4_gpu_core_neural_output_average_batched_1024_cpu_repeat00,3,neural_policy,output_average,local_training,0.07493098999839276
toy4,neural_output_average,batched,batched,cpu,1024,3,9,0,1,2,toy4_gpu_core_neural_output_average_batched_1024_cpu_repeat00,3,neural_policy,output_average,cache_refresh,4.9889786168932915e-06
toy4,neural_output_average,batched,batched,cpu,1024,3,9,0,1,2,toy4_gpu_core_neural_output_average_batched_1024_cpu_repeat00,3,neural_policy,output_average,post_local_readout,0.00047983997501432896
toy4,neural_output_average,batched,batched,cpu,1024,3,9,0,1,2,toy4_gpu_core_neural_output_average_batched_1024_cpu_repeat00,3,neural_policy,output_average,local_step,0.09159711201209575
toy4,neural_output_average,batched,batched,cpu,1024,3,9,0,1,2,toy4_gpu_core_neural_output_average_batched_1024_cpu_repeat00,3,neural_policy,output_average,select_peers,0.000984656042419374
toy4,neural_output_average,batched,batched,cpu,1024,3,9,0,1,2,toy4_gpu_core_neural_output_average_batched_1024_cpu_repeat00,3,neural_policy,output_average,social_distillation,0.0763854969991371
toy4,neural_output_average,batched,batched,cpu,1024,3,9,0,1,2,toy4_gpu_core_neural_output_average_batched_1024_cpu_repeat00,3,neural_policy,output_average,social_step,0.07643900800030679
toy4,neural_output_average,batched,batched,cpu,1024,3,9,0,1,2,toy4_gpu_core_neural_output_average_batched_1024_cpu_repeat00,3,neural_policy,output_average,sample_actions,2.8549693524837494e-06
toy4,neural_output_average,batched,batched,cpu,1024,3,9,0,1,2,toy4_gpu_core_neural_output_average_batched_1024_cpu_repeat00,3,neural_policy,output_average,commit_actions,9.07795038074255e-06
toy4,neural_output_average,batched,batched,cpu,1024,3,9,0,1,2,toy4_gpu_core_neural_output_average_batched_1024_cpu_repeat00,3,neural_policy,output_average,post_step_state_policy,4.116795025765896e-05
toy4,neural_output_average,batched,batched,cpu,1024,3,9,0,1,2,toy4_gpu_core_neural_output_average_batched_1024_cpu_repeat00,3,neural_policy,output_average,update_payoff_ema,4.7170091420412064e-05
toy4,neural_output_average,batched,batched,cpu,1024,3,9,0,1,2,toy4_gpu_core_neural_output_average_batched_1024_cpu_repeat00,3,neural_policy,output_average,update_reputation_ema,2.790300641208887e-05
toy4,neural_output_average,batched,batched,cpu,1024,3,9,0,1,2,toy4_gpu_core_neural_output_average_batched_1024_cpu_repeat00,3,neural_policy,output_average,mobility_swaps,2.1190033294260502e-05
toy4,neural_output_average,batched,batched,cpu,1024,3,9,0,1,2,toy4_gpu_core_neural_output_average_batched_1024_cpu_repeat00,3,neural_policy,output_average,finalize_hook_step,1.1491007171571255e-05
toy4,neural_output_average,batched,batched,cpu,1024,3,9,0,1,2,toy4_gpu_core_neural_output_average_batched_1024_cpu_repeat00,3,neural_policy,output_average,hooked_step_total,0.1709284509997815
toy4,neural_output_average,batched,batched,cpu,1024,3,9,0,1,2,toy4_gpu_core_neural_output_average_batched_1024_cpu_repeat00,3,neural_policy,output_average,aggregate_row,0.025670583941973746
toy4,neural_output_average,batched,batched,cpu,1024,3,9,0,1,2,toy4_gpu_core_neural_output_average_batched_1024_cpu_repeat00,3,neural_policy,output_average,write_aggregate,0.0001532500609755516
toy4,neural_output_average,batched,batched,cpu,1024,3,9,1,1,2,toy4_gpu_core_neural_output_average_batched_1024_cpu_repeat01,0,neural_policy,output_average,make_run_dir,0.0001832169946283102
toy4,neural_output_average,batched,batched,cpu,1024,3,9,1,1,2,toy4_gpu_core_neural_output_average_batched_1024_cpu_repeat01,0,neural_policy,output_average,write_metadata,0.002112864051014185
toy4,neural_output_average,batched,batched,cpu,1024,3,9,1,1,2,toy4_gpu_core_neural_output_average_batched_1024_cpu_repeat01,0,neural_policy,output_average,initial_state,0.4238079050555825
toy4,neural_output_average,batched,batched,cpu,1024,3,9,1,1,2,toy4_gpu_core_neural_output_average_batched_1024_cpu_repeat01,0,neural_policy,output_average,writer_setup,0.0006741380784660578
toy4,neural_output_average,batched,batched,cpu,1024,3,9,1,1,2,toy4_gpu_core_neural_output_average_batched_1024_cpu_repeat01,0,neural_policy,output_average,initial_step_result,0.009596674935892224
toy4,neural_output_average,batched,batched,cpu,1024,3,9,1,1,2,toy4_gpu_core_neural_output_average_batched_1024_cpu_repeat01,0,neural_policy,output_average,initial_aggregate_row,0.0401571859838441
toy4,neural_output_average,batched,batched,cpu,1024,3,9,1,1,2,toy4_gpu_core_neural_output_average_batched_1024_cpu_repeat01,0,neural_policy,output_average,write_initial_aggregate,7.768801879137754e-05
toy4,neural_output_average,batched,batched,cpu,1024,3,9,1,1,2,toy4_gpu_core_neural_output_average_batched_1024_cpu_repeat01,1,neural_policy,output_average,sample_revision_mask,2.7482048608362675e-05
toy4,neural_output_average,batched,batched,cpu,1024,3,9,1,1,2,toy4_gpu_core_neural_output_average_batched_1024_cpu_repeat01,1,neural_policy,output_average,build_step_context,8.665956556797028e-06
toy4,neural_output_average,batched,batched,cpu,1024,3,9,1,1,2,toy4_gpu_core_neural_output_average_batched_1024_cpu_repeat01,1,neural_policy,output_average,build_observations,0.008186503080651164
toy4,neural_output_average,batched,batched,cpu,1024,3,9,1,1,2,toy4_gpu_core_neural_output_average_batched_1024_cpu_repeat01,1,neural_policy,output_average,policy_readout,0.0007881240453571081
toy4,neural_output_average,batched,batched,cpu,1024,3,9,1,1,2,toy4_gpu_core_neural_output_average_batched_1024_cpu_repeat01,1,neural_policy,output_average,decision_selection,0.006581351975910366
toy4,neural_output_average,batched,batched,cpu,1024,3,9,1,1,2,toy4_gpu_core_neural_output_average_batched_1024_cpu_repeat01,1,neural_policy,output_average,local_training,0.11296549497637898
toy4,neural_output_average,batched,batched,cpu,1024,3,9,1,1,2,toy4_gpu_core_neural_output_average_batched_1024_cpu_repeat01,1,neural_policy,output_average,cache_refresh,6.652902811765671e-06
toy4,neural_output_average,batched,batched,cpu,1024,3,9,1,1,2,toy4_gpu_core_neural_output_average_batched_1024_cpu_repeat01,1,neural_policy,output_average,post_local_readout,0.0005360259674489498
toy4,neural_output_average,batched,batched,cpu,1024,3,9,1,1,2,toy4_gpu_core_neural_output_average_batched_1024_cpu_repeat01,1,neural_policy,output_average,local_step,0.12936016102321446
toy4,neural_output_average,batched,batched,cpu,1024,3,9,1,1,2,toy4_gpu_core_neural_output_average_batched_1024_cpu_repeat01,1,neural_policy,output_average,select_peers,0.00092632498126477
toy4,neural_output_average,batched,batched,cpu,1024,3,9,1,1,2,toy4_gpu_core_neural_output_average_batched_1024_cpu_repeat01,1,neural_policy,output_average,social_distillation,0.07601734902709723
toy4,neural_output_average,batched,batched,cpu,1024,3,9,1,1,2,toy4_gpu_core_neural_output_average_batched_1024_cpu_repeat01,1,neural_policy,output_average,social_step,0.07604859804268926
toy4,neural_output_average,batched,batched,cpu,1024,3,9,1,1,2,toy4_gpu_core_neural_output_average_batched_1024_cpu_repeat01,1,neural_policy,output_average,sample_actions,2.3649772629141808e-06
toy4,neural_output_average,batched,batched,cpu,1024,3,9,1,1,2,toy4_gpu_core_neural_output_average_batched_1024_cpu_repeat01,1,neural_policy,output_average,commit_actions,1.005898229777813e-05
toy4,neural_output_average,batched,batched,cpu,1024,3,9,1,1,2,toy4_gpu_core_neural_output_average_batched_1024_cpu_repeat01,1,neural_policy,output_average,post_step_state_policy,0.00010209402535110712
toy4,neural_output_average,batched,batched,cpu,1024,3,9,1,1,2,toy4_gpu_core_neural_output_average_batched_1024_cpu_repeat01,1,neural_policy,output_average,update_payoff_ema,4.6508037485182285e-05
toy4,neural_output_average,batched,batched,cpu,1024,3,9,1,1,2,toy4_gpu_core_neural_output_average_batched_1024_cpu_repeat01,1,neural_policy,output_average,update_reputation_ema,2.4506007321178913e-05
toy4,neural_output_average,batched,batched,cpu,1024,3,9,1,1,2,toy4_gpu_core_neural_output_average_batched_1024_cpu_repeat01,1,neural_policy,output_average,mobility_swaps,2.2922991774976254e-05
toy4,neural_output_average,batched,batched,cpu,1024,3,9,1,1,2,toy4_gpu_core_neural_output_average_batched_1024_cpu_repeat01,1,neural_policy,output_average,finalize_hook_step,9.047100320458412e-06
toy4,neural_output_average,batched,batched,cpu,1024,3,9,1,1,2,toy4_gpu_core_neural_output_average_batched_1024_cpu_repeat01,1,neural_policy,output_average,hooked_step_total,0.20808390900492668
toy4,neural_output_average,batched,batched,cpu,1024,3,9,1,1,2,toy4_gpu_core_neural_output_average_batched_1024_cpu_repeat01,1,neural_policy,output_average,aggregate_row,0.024398825014941394
toy4,neural_output_average,batched,batched,cpu,1024,3,9,1,1,2,toy4_gpu_core_neural_output_average_batched_1024_cpu_repeat01,1,neural_policy,output_average,write_aggregate,7.383001502603292e-05
toy4,neural_output_average,batched,batched,cpu,1024,3,9,1,1,2,toy4_gpu_core_neural_output_average_batched_1024_cpu_repeat01,2,neural_policy,output_average,sample_revision_mask,2.4286098778247833e-05
toy4,neural_output_average,batched,batched,cpu,1024,3,9,1,1,2,toy4_gpu_core_neural_output_average_batched_1024_cpu_repeat01,2,neural_policy,output_average,build_step_context,5.559995770454407e-06
toy4,neural_output_average,batched,batched,cpu,1024,3,9,1,1,2,toy4_gpu_core_neural_output_average_batched_1024_cpu_repeat01,2,neural_policy,output_average,build_observations,0.00787708698771894
toy4,neural_output_average,batched,batched,cpu,1024,3,9,1,1,2,toy4_gpu_core_neural_output_average_batched_1024_cpu_repeat01,2,neural_policy,output_average,policy_readout,0.0006248139543458819
toy4,neural_output_average,batched,batched,cpu,1024,3,9,1,1,2,toy4_gpu_core_neural_output_average_batched_1024_cpu_repeat01,2,neural_policy,output_average,decision_selection,0.006574518978595734
toy4,neural_output_average,batched,batched,cpu,1024,3,9,1,1,2,toy4_gpu_core_neural_output_average_batched_1024_cpu_repeat01,2,neural_policy,output_average,local_training,0.08734724903479218
toy4,neural_output_average,batched,batched,cpu,1024,3,9,1,1,2,toy4_gpu_core_neural_output_average_batched_1024_cpu_repeat01,2,neural_policy,output_average,cache_refresh,8.47596675157547e-06
toy4,neural_output_average,batched,batched,cpu,1024,3,9,1,1,2,toy4_gpu_core_neural_output_average_batched_1024_cpu_repeat01,2,neural_policy,output_average,post_local_readout,0.0008617130806669593
toy4,neural_output_average,batched,batched,cpu,1024,3,9,1,1,2,toy4_gpu_core_neural_output_average_batched_1024_cpu_repeat01,2,neural_policy,output_average,local_step,0.10363212809897959
toy4,neural_output_average,batched,batched,cpu,1024,3,9,1,1,2,toy4_gpu_core_neural_output_average_batched_1024_cpu_repeat01,2,neural_policy,output_average,select_peers,0.0009985329816117883
toy4,neural_output_average,batched,batched,cpu,1024,3,9,1,1,2,toy4_gpu_core_neural_output_average_batched_1024_cpu_repeat01,2,neural_policy,output_average,social_distillation,0.08765391993802041
toy4,neural_output_average,batched,batched,cpu,1024,3,9,1,1,2,toy4_gpu_core_neural_output_average_batched_1024_cpu_repeat01,2,neural_policy,output_average,social_step,0.08772763994056731
toy4,neural_output_average,batched,batched,cpu,1024,3,9,1,1,2,toy4_gpu_core_neural_output_average_batched_1024_cpu_repeat01,2,neural_policy,output_average,sample_actions,1.9030412659049034e-06
toy4,neural_output_average,batched,batched,cpu,1024,3,9,1,1,2,toy4_gpu_core_neural_output_average_batched_1024_cpu_repeat01,2,neural_policy,output_average,commit_actions,5.3800176829099655e-06
toy4,neural_output_average,batched,batched,cpu,1024,3,9,1,1,2,toy4_gpu_core_neural_output_average_batched_1024_cpu_repeat01,2,neural_policy,output_average,post_step_state_policy,2.3305066861212254e-05
toy4,neural_output_average,batched,batched,cpu,1024,3,9,1,1,2,toy4_gpu_core_neural_output_average_batched_1024_cpu_repeat01,2,neural_policy,output_average,update_payoff_ema,2.9225018806755543e-05
toy4,neural_output_average,batched,batched,cpu,1024,3,9,1,1,2,toy4_gpu_core_neural_output_average_batched_1024_cpu_repeat01,2,neural_policy,output_average,update_reputation_ema,1.6532023437321186e-05
toy4,neural_output_average,batched,batched,cpu,1024,3,9,1,1,2,toy4_gpu_core_neural_output_average_batched_1024_cpu_repeat01,2,neural_policy,output_average,mobility_swaps,2.23120441660285e-05
toy4,neural_output_average,batched,batched,cpu,1024,3,9,1,1,2,toy4_gpu_core_neural_output_average_batched_1024_cpu_repeat01,2,neural_policy,output_average,finalize_hook_step,8.716946467757225e-06
toy4,neural_output_average,batched,batched,cpu,1024,3,9,1,1,2,toy4_gpu_core_neural_output_average_batched_1024_cpu_repeat01,2,neural_policy,output_average,hooked_step_total,0.1940770170185715
toy4,neural_output_average,batched,batched,cpu,1024,3,9,1,1,2,toy4_gpu_core_neural_output_average_batched_1024_cpu_repeat01,2,neural_policy,output_average,aggregate_row,0.03321797598619014
toy4,neural_output_average,batched,batched,cpu,1024,3,9,1,1,2,toy4_gpu_core_neural_output_average_batched_1024_cpu_repeat01,2,neural_policy,output_average,write_aggregate,0.00011451705358922482
toy4,neural_output_average,batched,batched,cpu,1024,3,9,1,1,2,toy4_gpu_core_neural_output_average_batched_1024_cpu_repeat01,3,neural_policy,output_average,sample_revision_mask,4.569697193801403e-05
toy4,neural_output_average,batched,batched,cpu,1024,3,9,1,1,2,toy4_gpu_core_neural_output_average_batched_1024_cpu_repeat01,3,neural_policy,output_average,build_step_context,1.1601950973272324e-05
toy4,neural_output_average,batched,batched,cpu,1024,3,9,1,1,2,toy4_gpu_core_neural_output_average_batched_1024_cpu_repeat01,3,neural_policy,output_average,build_observations,0.008528701961040497
toy4,neural_output_average,batched,batched,cpu,1024,3,9,1,1,2,toy4_gpu_core_neural_output_average_batched_1024_cpu_repeat01,3,neural_policy,output_average,policy_readout,0.0009832540526986122
toy4,neural_output_average,batched,batched,cpu,1024,3,9,1,1,2,toy4_gpu_core_neural_output_average_batched_1024_cpu_repeat01,3,neural_policy,output_average,decision_selection,0.0057628200156614184
toy4,neural_output_average,batched,batched,cpu,1024,3,9,1,1,2,toy4_gpu_core_neural_output_average_batched_1024_cpu_repeat01,3,neural_policy,output_average,local_training,0.08909657399635762
toy4,neural_output_average,batched,batched,cpu,1024,3,9,1,1,2,toy4_gpu_core_neural_output_average_batched_1024_cpu_repeat01,3,neural_policy,output_average,cache_refresh,1.1170981451869011e-05
toy4,neural_output_average,batched,batched,cpu,1024,3,9,1,1,2,toy4_gpu_core_neural_output_average_batched_1024_cpu_repeat01,3,neural_policy,output_average,post_local_readout,0.0007092540618032217
toy4,neural_output_average,batched,batched,cpu,1024,3,9,1,1,2,toy4_gpu_core_neural_output_average_batched_1024_cpu_repeat01,3,neural_policy,output_average,local_step,0.10558707301970571
toy4,neural_output_average,batched,batched,cpu,1024,3,9,1,1,2,toy4_gpu_core_neural_output_average_batched_1024_cpu_repeat01,3,neural_policy,output_average,select_peers,0.0007716320687904954
toy4,neural_output_average,batched,batched,cpu,1024,3,9,1,1,2,toy4_gpu_core_neural_output_average_batched_1024_cpu_repeat01,3,neural_policy,output_average,social_distillation,0.08136618498247117
toy4,neural_output_average,batched,batched,cpu,1024,3,9,1,1,2,toy4_gpu_core_neural_output_average_batched_1024_cpu_repeat01,3,neural_policy,output_average,social_step,0.08140495896805078
toy4,neural_output_average,batched,batched,cpu,1024,3,9,1,1,2,toy4_gpu_core_neural_output_average_batched_1024_cpu_repeat01,3,neural_policy,output_average,sample_actions,2.3649772629141808e-06
toy4,neural_output_average,batched,batched,cpu,1024,3,9,1,1,2,toy4_gpu_core_neural_output_average_batched_1024_cpu_repeat01,3,neural_policy,output_average,commit_actions,6.161048077046871e-06
toy4,neural_output_average,batched,batched,cpu,1024,3,9,1,1,2,toy4_gpu_core_neural_output_average_batched_1024_cpu_repeat01,3,neural_policy,output_average,post_step_state_policy,3.746093716472387e-05
toy4,neural_output_average,batched,batched,cpu,1024,3,9,1,1,2,toy4_gpu_core_neural_output_average_batched_1024_cpu_repeat01,3,neural_policy,output_average,update_payoff_ema,6.415206007659435e-05
toy4,neural_output_average,batched,batched,cpu,1024,3,9,1,1,2,toy4_gpu_core_neural_output_average_batched_1024_cpu_repeat01,3,neural_policy,output_average,update_reputation_ema,3.0968920327723026e-05
toy4,neural_output_average,batched,batched,cpu,1024,3,9,1,1,2,toy4_gpu_core_neural_output_average_batched_1024_cpu_repeat01,3,neural_policy,output_average,mobility_swaps,4.619709216058254e-05
toy4,neural_output_average,batched,batched,cpu,1024,3,9,1,1,2,toy4_gpu_core_neural_output_average_batched_1024_cpu_repeat01,3,neural_policy,output_average,finalize_hook_step,1.390592660754919e-05
toy4,neural_output_average,batched,batched,cpu,1024,3,9,1,1,2,toy4_gpu_core_neural_output_average_batched_1024_cpu_repeat01,3,neural_policy,output_average,hooked_step_total,0.18953971890732646
toy4,neural_output_average,batched,batched,cpu,1024,3,9,1,1,2,toy4_gpu_core_neural_output_average_batched_1024_cpu_repeat01,3,neural_policy,output_average,aggregate_row,0.021026414004154503
toy4,neural_output_average,batched,batched,cpu,1024,3,9,1,1,2,toy4_gpu_core_neural_output_average_batched_1024_cpu_repeat01,3,neural_policy,output_average,write_aggregate,6.868003401905298e-05
toy4,neural_output_average,batched,batched,cuda,1024,3,9,0,1,2,toy4_gpu_core_neural_output_average_batched_1024_cuda_repeat00,0,neural_policy,output_average,make_run_dir,0.0004470270359888673
toy4,neural_output_average,batched,batched,cuda,1024,3,9,0,1,2,toy4_gpu_core_neural_output_average_batched_1024_cuda_repeat00,0,neural_policy,output_average,write_metadata,0.00371298601385206
toy4,neural_output_average,batched,batched,cuda,1024,3,9,0,1,2,toy4_gpu_core_neural_output_average_batched_1024_cuda_repeat00,0,neural_policy,output_average,initial_state,0.552623457973823
toy4,neural_output_average,batched,batched,cuda,1024,3,9,0,1,2,toy4_gpu_core_neural_output_average_batched_1024_cuda_repeat00,0,neural_policy,output_average,writer_setup,0.00038977793883532286
toy4,neural_output_average,batched,batched,cuda,1024,3,9,0,1,2,toy4_gpu_core_neural_output_average_batched_1024_cuda_repeat00,0,neural_policy,output_average,initial_step_result,0.010596990934573114
toy4,neural_output_average,batched,batched,cuda,1024,3,9,0,1,2,toy4_gpu_core_neural_output_average_batched_1024_cuda_repeat00,0,neural_policy,output_average,initial_aggregate_row,0.023234228021465242
toy4,neural_output_average,batched,batched,cuda,1024,3,9,0,1,2,toy4_gpu_core_neural_output_average_batched_1024_cuda_repeat00,0,neural_policy,output_average,write_initial_aggregate,6.654602475464344e-05
toy4,neural_output_average,batched,batched,cuda,1024,3,9,0,1,2,toy4_gpu_core_neural_output_average_batched_1024_cuda_repeat00,1,neural_policy,output_average,sample_revision_mask,2.5879009626805782e-05
toy4,neural_output_average,batched,batched,cuda,1024,3,9,0,1,2,toy4_gpu_core_neural_output_average_batched_1024_cuda_repeat00,1,neural_policy,output_average,build_step_context,1.2433971278369427e-05
toy4,neural_output_average,batched,batched,cuda,1024,3,9,0,1,2,toy4_gpu_core_neural_output_average_batched_1024_cuda_repeat00,1,neural_policy,output_average,build_observations,0.009253194089978933
toy4,neural_output_average,batched,batched,cuda,1024,3,9,0,1,2,toy4_gpu_core_neural_output_average_batched_1024_cuda_repeat00,1,neural_policy,output_average,policy_readout,0.0007018399192020297
toy4,neural_output_average,batched,batched,cuda,1024,3,9,0,1,2,toy4_gpu_core_neural_output_average_batched_1024_cuda_repeat00,1,neural_policy,output_average,decision_selection,0.005130071076564491
toy4,neural_output_average,batched,batched,cuda,1024,3,9,0,1,2,toy4_gpu_core_neural_output_average_batched_1024_cuda_repeat00,1,neural_policy,output_average,local_training,0.2457583019277081
toy4,neural_output_average,batched,batched,cuda,1024,3,9,0,1,2,toy4_gpu_core_neural_output_average_batched_1024_cuda_repeat00,1,neural_policy,output_average,cache_refresh,4.037702456116676e-05
toy4,neural_output_average,batched,batched,cuda,1024,3,9,0,1,2,toy4_gpu_core_neural_output_average_batched_1024_cuda_repeat00,1,neural_policy,output_average,post_local_readout,0.0008773229783400893
toy4,neural_output_average,batched,batched,cuda,1024,3,9,0,1,2,toy4_gpu_core_neural_output_average_batched_1024_cuda_repeat00,1,neural_policy,output_average,local_step,0.2625425369478762
toy4,neural_output_average,batched,batched,cuda,1024,3,9,0,1,2,toy4_gpu_core_neural_output_average_batched_1024_cuda_repeat00,1,neural_policy,output_average,select_peers,0.00146000599488616
toy4,neural_output_average,batched,batched,cuda,1024,3,9,0,1,2,toy4_gpu_core_neural_output_average_batched_1024_cuda_repeat00,1,neural_policy,output_average,social_distillation,0.18950588605366647
toy4,neural_output_average,batched,batched,cuda,1024,3,9,0,1,2,toy4_gpu_core_neural_output_average_batched_1024_cuda_repeat00,1,neural_policy,output_average,social_step,0.18956732307560742
toy4,neural_output_average,batched,batched,cuda,1024,3,9,0,1,2,toy4_gpu_core_neural_output_average_batched_1024_cuda_repeat00,1,neural_policy,output_average,sample_actions,7.1229878813028336e-06
toy4,neural_output_average,batched,batched,cuda,1024,3,9,0,1,2,toy4_gpu_core_neural_output_average_batched_1024_cuda_repeat00,1,neural_policy,output_average,commit_actions,1.046992838382721e-05
toy4,neural_output_average,batched,batched,cuda,1024,3,9,0,1,2,toy4_gpu_core_neural_output_average_batched_1024_cuda_repeat00,1,neural_policy,output_average,post_step_state_policy,3.3553922548890114e-05
toy4,neural_output_average,batched,batched,cuda,1024,3,9,0,1,2,toy4_gpu_core_neural_output_average_batched_1024_cuda_repeat00,1,neural_policy,output_average,update_payoff_ema,3.944500349462032e-05
toy4,neural_output_average,batched,batched,cuda,1024,3,9,0,1,2,toy4_gpu_core_neural_output_average_batched_1024_cuda_repeat00,1,neural_policy,output_average,update_reputation_ema,1.9607949070632458e-05
toy4,neural_output_average,batched,batched,cuda,1024,3,9,0,1,2,toy4_gpu_core_neural_output_average_batched_1024_cuda_repeat00,1,neural_policy,output_average,mobility_swaps,2.614001277834177e-05
toy4,neural_output_average,batched,batched,cuda,1024,3,9,0,1,2,toy4_gpu_core_neural_output_average_batched_1024_cuda_repeat00,1,neural_policy,output_average,finalize_hook_step,1.5147961676120758e-05
toy4,neural_output_average,batched,batched,cuda,1024,3,9,0,1,2,toy4_gpu_core_neural_output_average_batched_1024_cuda_repeat00,1,neural_policy,output_average,hooked_step_total,0.45534221502020955
toy4,neural_output_average,batched,batched,cuda,1024,3,9,0,1,2,toy4_gpu_core_neural_output_average_batched_1024_cuda_repeat00,1,neural_policy,output_average,aggregate_row,0.033087269053794444
toy4,neural_output_average,batched,batched,cuda,1024,3,9,0,1,2,toy4_gpu_core_neural_output_average_batched_1024_cuda_repeat00,1,neural_policy,output_average,write_aggregate,9.56919975578785e-05
toy4,neural_output_average,batched,batched,cuda,1024,3,9,0,1,2,toy4_gpu_core_neural_output_average_batched_1024_cuda_repeat00,2,neural_policy,output_average,sample_revision_mask,4.360196180641651e-05
toy4,neural_output_average,batched,batched,cuda,1024,3,9,0,1,2,toy4_gpu_core_neural_output_average_batched_1024_cuda_repeat00,2,neural_policy,output_average,build_step_context,1.6009900718927383e-05
toy4,neural_output_average,batched,batched,cuda,1024,3,9,0,1,2,toy4_gpu_core_neural_output_average_batched_1024_cuda_repeat00,2,neural_policy,output_average,build_observations,0.008670869981870055
toy4,neural_output_average,batched,batched,cuda,1024,3,9,0,1,2,toy4_gpu_core_neural_output_average_batched_1024_cuda_repeat00,2,neural_policy,output_average,policy_readout,0.000916115939617157
toy4,neural_output_average,batched,batched,cuda,1024,3,9,0,1,2,toy4_gpu_core_neural_output_average_batched_1024_cuda_repeat00,2,neural_policy,output_average,decision_selection,0.0053536450723186135
toy4,neural_output_average,batched,batched,cuda,1024,3,9,0,1,2,toy4_gpu_core_neural_output_average_batched_1024_cuda_repeat00,2,neural_policy,output_average,local_training,0.17886426101904362
toy4,neural_output_average,batched,batched,cuda,1024,3,9,0,1,2,toy4_gpu_core_neural_output_average_batched_1024_cuda_repeat00,2,neural_policy,output_average,cache_refresh,1.7012003809213638e-05
toy4,neural_output_average,batched,batched,cuda,1024,3,9,0,1,2,toy4_gpu_core_neural_output_average_batched_1024_cuda_repeat00,2,neural_policy,output_average,post_local_readout,0.0006113890558481216
toy4,neural_output_average,batched,batched,cuda,1024,3,9,0,1,2,toy4_gpu_core_neural_output_average_batched_1024_cuda_repeat00,2,neural_policy,output_average,local_step,0.19497516006231308
toy4,neural_output_average,batched,batched,cuda,1024,3,9,0,1,2,toy4_gpu_core_neural_output_average_batched_1024_cuda_repeat00,2,neural_policy,output_average,select_peers,0.0009662109659984708
toy4,neural_output_average,batched,batched,cuda,1024,3,9,0,1,2,toy4_gpu_core_neural_output_average_batched_1024_cuda_repeat00,2,neural_policy,output_average,social_distillation,0.23586835199967027
toy4,neural_output_average,batched,batched,cuda,1024,3,9,0,1,2,toy4_gpu_core_neural_output_average_batched_1024_cuda_repeat00,2,neural_policy,output_average,social_step,0.23597560508642346
toy4,neural_output_average,batched,batched,cuda,1024,3,9,0,1,2,toy4_gpu_core_neural_output_average_batched_1024_cuda_repeat00,2,neural_policy,output_average,sample_actions,1.4105928130447865e-05
toy4,neural_output_average,batched,batched,cuda,1024,3,9,0,1,2,toy4_gpu_core_neural_output_average_batched_1024_cuda_repeat00,2,neural_policy,output_average,commit_actions,1.5288940630853176e-05
toy4,neural_output_average,batched,batched,cuda,1024,3,9,0,1,2,toy4_gpu_core_neural_output_average_batched_1024_cuda_repeat00,2,neural_policy,output_average,post_step_state_policy,3.994605503976345e-05
toy4,neural_output_average,batched,batched,cuda,1024,3,9,0,1,2,toy4_gpu_core_neural_output_average_batched_1024_cuda_repeat00,2,neural_policy,output_average,update_payoff_ema,5.270005203783512e-05
toy4,neural_output_average,batched,batched,cuda,1024,3,9,0,1,2,toy4_gpu_core_neural_output_average_batched_1024_cuda_repeat00,2,neural_policy,output_average,update_reputation_ema,3.174995072185993e-05
toy4,neural_output_average,batched,batched,cuda,1024,3,9,0,1,2,toy4_gpu_core_neural_output_average_batched_1024_cuda_repeat00,2,neural_policy,output_average,mobility_swaps,3.525603096932173e-05
toy4,neural_output_average,batched,batched,cuda,1024,3,9,0,1,2,toy4_gpu_core_neural_output_average_batched_1024_cuda_repeat00,2,neural_policy,output_average,finalize_hook_step,2.3635104298591614e-05
toy4,neural_output_average,batched,batched,cuda,1024,3,9,0,1,2,toy4_gpu_core_neural_output_average_batched_1024_cuda_repeat00,2,neural_policy,output_average,hooked_step_total,0.43487289699260145
toy4,neural_output_average,batched,batched,cuda,1024,3,9,0,1,2,toy4_gpu_core_neural_output_average_batched_1024_cuda_repeat00,2,neural_policy,output_average,aggregate_row,0.1786880980944261
toy4,neural_output_average,batched,batched,cuda,1024,3,9,0,1,2,toy4_gpu_core_neural_output_average_batched_1024_cuda_repeat00,2,neural_policy,output_average,write_aggregate,6.580492481589317e-05
toy4,neural_output_average,batched,batched,cuda,1024,3,9,0,1,2,toy4_gpu_core_neural_output_average_batched_1024_cuda_repeat00,3,neural_policy,output_average,sample_revision_mask,2.704095095396042e-05
toy4,neural_output_average,batched,batched,cuda,1024,3,9,0,1,2,toy4_gpu_core_neural_output_average_batched_1024_cuda_repeat00,3,neural_policy,output_average,build_step_context,1.014897134155035e-05
toy4,neural_output_average,batched,batched,cuda,1024,3,9,0,1,2,toy4_gpu_core_neural_output_average_batched_1024_cuda_repeat00,3,neural_policy,output_average,build_observations,0.009596154908649623
toy4,neural_output_average,batched,batched,cuda,1024,3,9,0,1,2,toy4_gpu_core_neural_output_average_batched_1024_cuda_repeat00,3,neural_policy,output_average,policy_readout,0.0012281269300729036
toy4,neural_output_average,batched,batched,cuda,1024,3,9,0,1,2,toy4_gpu_core_neural_output_average_batched_1024_cuda_repeat00,3,neural_policy,output_average,decision_selection,0.005278623080812395
toy4,neural_output_average,batched,batched,cuda,1024,3,9,0,1,2,toy4_gpu_core_neural_output_average_batched_1024_cuda_repeat00,3,neural_policy,output_average,local_training,0.15863717207685113
toy4,neural_output_average,batched,batched,cuda,1024,3,9,0,1,2,toy4_gpu_core_neural_output_average_batched_1024_cuda_repeat00,3,neural_policy,output_average,cache_refresh,1.3465061783790588e-05
toy4,neural_output_average,batched,batched,cuda,1024,3,9,0,1,2,toy4_gpu_core_neural_output_average_batched_1024_cuda_repeat00,3,neural_policy,output_average,post_local_readout,0.0009376070229336619
toy4,neural_output_average,batched,batched,cuda,1024,3,9,0,1,2,toy4_gpu_core_neural_output_average_batched_1024_cuda_repeat00,3,neural_policy,output_average,local_step,0.17615377495530993
toy4,neural_output_average,batched,batched,cuda,1024,3,9,0,1,2,toy4_gpu_core_neural_output_average_batched_1024_cuda_repeat00,3,neural_policy,output_average,select_peers,0.0008457129588350654
toy4,neural_output_average,batched,batched,cuda,1024,3,9,0,1,2,toy4_gpu_core_neural_output_average_batched_1024_cuda_repeat00,3,neural_policy,output_average,social_distillation,0.17386667104437947
toy4,neural_output_average,batched,batched,cuda,1024,3,9,0,1,2,toy4_gpu_core_neural_output_average_batched_1024_cuda_repeat00,3,neural_policy,output_average,social_step,0.17390984308440238
toy4,neural_output_average,batched,batched,cuda,1024,3,9,0,1,2,toy4_gpu_core_neural_output_average_batched_1024_cuda_repeat00,3,neural_policy,output_average,sample_actions,6.292015314102173e-06
toy4,neural_output_average,batched,batched,cuda,1024,3,9,0,1,2,toy4_gpu_core_neural_output_average_batched_1024_cuda_repeat00,3,neural_policy,output_average,commit_actions,1.0270043276250362e-05
toy4,neural_output_average,batched,batched,cuda,1024,3,9,0,1,2,toy4_gpu_core_neural_output_average_batched_1024_cuda_repeat00,3,neural_policy,output_average,post_step_state_policy,2.8394046239554882e-05
toy4,neural_output_average,batched,batched,cuda,1024,3,9,0,1,2,toy4_gpu_core_neural_output_average_batched_1024_cuda_repeat00,3,neural_policy,output_average,update_payoff_ema,4.973390605300665e-05
toy4,neural_output_average,batched,batched,cuda,1024,3,9,0,1,2,toy4_gpu_core_neural_output_average_batched_1024_cuda_repeat00,3,neural_policy,output_average,update_reputation_ema,2.0709005184471607e-05
toy4,neural_output_average,batched,batched,cuda,1024,3,9,0,1,2,toy4_gpu_core_neural_output_average_batched_1024_cuda_repeat00,3,neural_policy,output_average,mobility_swaps,2.7952948585152626e-05
toy4,neural_output_average,batched,batched,cuda,1024,3,9,0,1,2,toy4_gpu_core_neural_output_average_batched_1024_cuda_repeat00,3,neural_policy,output_average,finalize_hook_step,1.4918972738087177e-05
toy4,neural_output_average,batched,batched,cuda,1024,3,9,0,1,2,toy4_gpu_core_neural_output_average_batched_1024_cuda_repeat00,3,neural_policy,output_average,hooked_step_total,0.3524148119613528
toy4,neural_output_average,batched,batched,cuda,1024,3,9,0,1,2,toy4_gpu_core_neural_output_average_batched_1024_cuda_repeat00,3,neural_policy,output_average,aggregate_row,0.029509329004213214
toy4,neural_output_average,batched,batched,cuda,1024,3,9,0,1,2,toy4_gpu_core_neural_output_average_batched_1024_cuda_repeat00,3,neural_policy,output_average,write_aggregate,8.489994797855616e-05
toy4,neural_output_average,batched,batched,cuda,1024,3,9,1,1,2,toy4_gpu_core_neural_output_average_batched_1024_cuda_repeat01,0,neural_policy,output_average,make_run_dir,0.0002109899651259184
toy4,neural_output_average,batched,batched,cuda,1024,3,9,1,1,2,toy4_gpu_core_neural_output_average_batched_1024_cuda_repeat01,0,neural_policy,output_average,write_metadata,0.002525415038689971
toy4,neural_output_average,batched,batched,cuda,1024,3,9,1,1,2,toy4_gpu_core_neural_output_average_batched_1024_cuda_repeat01,0,neural_policy,output_average,initial_state,0.5689993629930541
toy4,neural_output_average,batched,batched,cuda,1024,3,9,1,1,2,toy4_gpu_core_neural_output_average_batched_1024_cuda_repeat01,0,neural_policy,output_average,writer_setup,0.0008203739998862147
toy4,neural_output_average,batched,batched,cuda,1024,3,9,1,1,2,toy4_gpu_core_neural_output_average_batched_1024_cuda_repeat01,0,neural_policy,output_average,initial_step_result,0.009672940010204911
toy4,neural_output_average,batched,batched,cuda,1024,3,9,1,1,2,toy4_gpu_core_neural_output_average_batched_1024_cuda_repeat01,0,neural_policy,output_average,initial_aggregate_row,0.024973232997581363
toy4,neural_output_average,batched,batched,cuda,1024,3,9,1,1,2,toy4_gpu_core_neural_output_average_batched_1024_cuda_repeat01,0,neural_policy,output_average,write_initial_aggregate,6.757793016731739e-05
toy4,neural_output_average,batched,batched,cuda,1024,3,9,1,1,2,toy4_gpu_core_neural_output_average_batched_1024_cuda_repeat01,1,neural_policy,output_average,sample_revision_mask,2.688099630177021e-05
toy4,neural_output_average,batched,batched,cuda,1024,3,9,1,1,2,toy4_gpu_core_neural_output_average_batched_1024_cuda_repeat01,1,neural_policy,output_average,build_step_context,1.1470983736217022e-05
toy4,neural_output_average,batched,batched,cuda,1024,3,9,1,1,2,toy4_gpu_core_neural_output_average_batched_1024_cuda_repeat01,1,neural_policy,output_average,build_observations,0.008734000031836331
toy4,neural_output_average,batched,batched,cuda,1024,3,9,1,1,2,toy4_gpu_core_neural_output_average_batched_1024_cuda_repeat01,1,neural_policy,output_average,policy_readout,0.002932055969722569
toy4,neural_output_average,batched,batched,cuda,1024,3,9,1,1,2,toy4_gpu_core_neural_output_average_batched_1024_cuda_repeat01,1,neural_policy,output_average,decision_selection,0.005847399937920272
toy4,neural_output_average,batched,batched,cuda,1024,3,9,1,1,2,toy4_gpu_core_neural_output_average_batched_1024_cuda_repeat01,1,neural_policy,output_average,local_training,0.23522853897884488
toy4,neural_output_average,batched,batched,cuda,1024,3,9,1,1,2,toy4_gpu_core_neural_output_average_batched_1024_cuda_repeat01,1,neural_policy,output_average,cache_refresh,1.5489989891648293e-05
toy4,neural_output_average,batched,batched,cuda,1024,3,9,1,1,2,toy4_gpu_core_neural_output_average_batched_1024_cuda_repeat01,1,neural_policy,output_average,post_local_readout,0.0006062079919502139
toy4,neural_output_average,batched,batched,cuda,1024,3,9,1,1,2,toy4_gpu_core_neural_output_average_batched_1024_cuda_repeat01,1,neural_policy,output_average,local_step,0.25387475395109504
toy4,neural_output_average,batched,batched,cuda,1024,3,9,1,1,2,toy4_gpu_core_neural_output_average_batched_1024_cuda_repeat01,1,neural_policy,output_average,select_peers,0.0012652670266106725
toy4,neural_output_average,batched,batched,cuda,1024,3,9,1,1,2,toy4_gpu_core_neural_output_average_batched_1024_cuda_repeat01,1,neural_policy,output_average,social_distillation,0.16077823902014643
toy4,neural_output_average,batched,batched,cuda,1024,3,9,1,1,2,toy4_gpu_core_neural_output_average_batched_1024_cuda_repeat01,1,neural_policy,output_average,social_step,0.16082451597321779
toy4,neural_output_average,batched,batched,cuda,1024,3,9,1,1,2,toy4_gpu_core_neural_output_average_batched_1024_cuda_repeat01,1,neural_policy,output_average,sample_actions,6.302027031779289e-06
toy4,neural_output_average,batched,batched,cuda,1024,3,9,1,1,2,toy4_gpu_core_neural_output_average_batched_1024_cuda_repeat01,1,neural_policy,output_average,commit_actions,1.0709976777434349e-05
toy4,neural_output_average,batched,batched,cuda,1024,3,9,1,1,2,toy4_gpu_core_neural_output_average_batched_1024_cuda_repeat01,1,neural_policy,output_average,post_step_state_policy,3.054807893931866e-05
toy4,neural_output_average,batched,batched,cuda,1024,3,9,1,1,2,toy4_gpu_core_neural_output_average_batched_1024_cuda_repeat01,1,neural_policy,output_average,update_payoff_ema,3.635894972831011e-05
toy4,neural_output_average,batched,batched,cuda,1024,3,9,1,1,2,toy4_gpu_core_neural_output_average_batched_1024_cuda_repeat01,1,neural_policy,output_average,update_reputation_ema,1.877499744296074e-05
toy4,neural_output_average,batched,batched,cuda,1024,3,9,1,1,2,toy4_gpu_core_neural_output_average_batched_1024_cuda_repeat01,1,neural_policy,output_average,mobility_swaps,2.3755012080073357e-05
toy4,neural_output_average,batched,batched,cuda,1024,3,9,1,1,2,toy4_gpu_core_neural_output_average_batched_1024_cuda_repeat01,1,neural_policy,output_average,finalize_hook_step,1.4758086763322353e-05
toy4,neural_output_average,batched,batched,cuda,1024,3,9,1,1,2,toy4_gpu_core_neural_output_average_batched_1024_cuda_repeat01,1,neural_policy,output_average,hooked_step_total,0.4173758419929072
toy4,neural_output_average,batched,batched,cuda,1024,3,9,1,1,2,toy4_gpu_core_neural_output_average_batched_1024_cuda_repeat01,1,neural_policy,output_average,aggregate_row,0.021597246057353914
toy4,neural_output_average,batched,batched,cuda,1024,3,9,1,1,2,toy4_gpu_core_neural_output_average_batched_1024_cuda_repeat01,1,neural_policy,output_average,write_aggregate,6.909098010510206e-05
toy4,neural_output_average,batched,batched,cuda,1024,3,9,1,1,2,toy4_gpu_core_neural_output_average_batched_1024_cuda_repeat01,2,neural_policy,output_average,sample_revision_mask,2.113997470587492e-05
toy4,neural_output_average,batched,batched,cuda,1024,3,9,1,1,2,toy4_gpu_core_neural_output_average_batched_1024_cuda_repeat01,2,neural_policy,output_average,build_step_context,9.968993254005909e-06
toy4,neural_output_average,batched,batched,cuda,1024,3,9,1,1,2,toy4_gpu_core_neural_output_average_batched_1024_cuda_repeat01,2,neural_policy,output_average,build_observations,0.009418157045729458
toy4,neural_output_average,batched,batched,cuda,1024,3,9,1,1,2,toy4_gpu_core_neural_output_average_batched_1024_cuda_repeat01,2,neural_policy,output_average,policy_readout,0.0018348169978708029
toy4,neural_output_average,batched,batched,cuda,1024,3,9,1,1,2,toy4_gpu_core_neural_output_average_batched_1024_cuda_repeat01,2,neural_policy,output_average,decision_selection,0.005864533013664186
toy4,neural_output_average,batched,batched,cuda,1024,3,9,1,1,2,toy4_gpu_core_neural_output_average_batched_1024_cuda_repeat01,2,neural_policy,output_average,local_training,0.1997349710436538
toy4,neural_output_average,batched,batched,cuda,1024,3,9,1,1,2,toy4_gpu_core_neural_output_average_batched_1024_cuda_repeat01,2,neural_policy,output_average,cache_refresh,1.652201171964407e-05
toy4,neural_output_average,batched,batched,cuda,1024,3,9,1,1,2,toy4_gpu_core_neural_output_average_batched_1024_cuda_repeat01,2,neural_policy,output_average,post_local_readout,0.0006061280146241188
toy4,neural_output_average,batched,batched,cuda,1024,3,9,1,1,2,toy4_gpu_core_neural_output_average_batched_1024_cuda_repeat01,2,neural_policy,output_average,local_step,0.21795310406014323
toy4,neural_output_average,batched,batched,cuda,1024,3,9,1,1,2,toy4_gpu_core_neural_output_average_batched_1024_cuda_repeat01,2,neural_policy,output_average,select_peers,0.001754575059749186
toy4,neural_output_average,batched,batched,cuda,1024,3,9,1,1,2,toy4_gpu_core_neural_output_average_batched_1024_cuda_repeat01,2,neural_policy,output_average,social_distillation,0.35124152002390474
toy4,neural_output_average,batched,batched,cuda,1024,3,9,1,1,2,toy4_gpu_core_neural_output_average_batched_1024_cuda_repeat01,2,neural_policy,output_average,social_step,0.3513151000952348
toy4,neural_output_average,batched,batched,cuda,1024,3,9,1,1,2,toy4_gpu_core_neural_output_average_batched_1024_cuda_repeat01,2,neural_policy,output_average,sample_actions,7.13299959897995e-06
toy4,neural_output_average,batched,batched,cuda,1024,3,9,1,1,2,toy4_gpu_core_neural_output_average_batched_1024_cuda_repeat01,2,neural_policy,output_average,commit_actions,1.161196269094944e-05
toy4,neural_output_average,batched,batched,cuda,1024,3,9,1,1,2,toy4_gpu_core_neural_output_average_batched_1024_cuda_repeat01,2,neural_policy,output_average,post_step_state_policy,4.542700480669737e-05
toy4,neural_output_average,batched,batched,cuda,1024,3,9,1,1,2,toy4_gpu_core_neural_output_average_batched_1024_cuda_repeat01,2,neural_policy,output_average,update_payoff_ema,5.4995063692331314e-05
toy4,neural_output_average,batched,batched,cuda,1024,3,9,1,1,2,toy4_gpu_core_neural_output_average_batched_1024_cuda_repeat01,2,neural_policy,output_average,update_reputation_ema,2.5799032300710678e-05
toy4,neural_output_average,batched,batched,cuda,1024,3,9,1,1,2,toy4_gpu_core_neural_output_average_batched_1024_cuda_repeat01,2,neural_policy,output_average,mobility_swaps,3.077799919992685e-05
toy4,neural_output_average,batched,batched,cuda,1024,3,9,1,1,2,toy4_gpu_core_neural_output_average_batched_1024_cuda_repeat01,2,neural_policy,output_average,finalize_hook_step,1.6932026483118534e-05
toy4,neural_output_average,batched,batched,cuda,1024,3,9,1,1,2,toy4_gpu_core_neural_output_average_batched_1024_cuda_repeat01,2,neural_policy,output_average,hooked_step_total,0.5729136019945145
toy4,neural_output_average,batched,batched,cuda,1024,3,9,1,1,2,toy4_gpu_core_neural_output_average_batched_1024_cuda_repeat01,2,neural_policy,output_average,aggregate_row,0.02934146102052182
toy4,neural_output_average,batched,batched,cuda,1024,3,9,1,1,2,toy4_gpu_core_neural_output_average_batched_1024_cuda_repeat01,2,neural_policy,output_average,write_aggregate,0.0001049690181389451
toy4,neural_output_average,batched,batched,cuda,1024,3,9,1,1,2,toy4_gpu_core_neural_output_average_batched_1024_cuda_repeat01,3,neural_policy,output_average,sample_revision_mask,7.692608051002026e-05
toy4,neural_output_average,batched,batched,cuda,1024,3,9,1,1,2,toy4_gpu_core_neural_output_average_batched_1024_cuda_repeat01,3,neural_policy,output_average,build_step_context,5.485396832227707e-05
toy4,neural_output_average,batched,batched,cuda,1024,3,9,1,1,2,toy4_gpu_core_neural_output_average_batched_1024_cuda_repeat01,3,neural_policy,output_average,build_observations,0.01142738398630172
toy4,neural_output_average,batched,batched,cuda,1024,3,9,1,1,2,toy4_gpu_core_neural_output_average_batched_1024_cuda_repeat01,3,neural_policy,output_average,policy_readout,0.0009906969498842955
toy4,neural_output_average,batched,batched,cuda,1024,3,9,1,1,2,toy4_gpu_core_neural_output_average_batched_1024_cuda_repeat01,3,neural_policy,output_average,decision_selection,0.005192739889025688
toy4,neural_output_average,batched,batched,cuda,1024,3,9,1,1,2,toy4_gpu_core_neural_output_average_batched_1024_cuda_repeat01,3,neural_policy,output_average,local_training,0.16028949397150427
toy4,neural_output_average,batched,batched,cuda,1024,3,9,1,1,2,toy4_gpu_core_neural_output_average_batched_1024_cuda_repeat01,3,neural_policy,output_average,cache_refresh,1.5079043805599213e-05
toy4,neural_output_average,batched,batched,cuda,1024,3,9,1,1,2,toy4_gpu_core_neural_output_average_batched_1024_cuda_repeat01,3,neural_policy,output_average,post_local_readout,0.0010100540239363909
toy4,neural_output_average,batched,batched,cuda,1024,3,9,1,1,2,toy4_gpu_core_neural_output_average_batched_1024_cuda_repeat01,3,neural_policy,output_average,local_step,0.17940000700764358
toy4,neural_output_average,batched,batched,cuda,1024,3,9,1,1,2,toy4_gpu_core_neural_output_average_batched_1024_cuda_repeat01,3,neural_policy,output_average,select_peers,0.0010887429816648364
toy4,neural_output_average,batched,batched,cuda,1024,3,9,1,1,2,toy4_gpu_core_neural_output_average_batched_1024_cuda_repeat01,3,neural_policy,output_average,social_distillation,0.16529712302144617
toy4,neural_output_average,batched,batched,cuda,1024,3,9,1,1,2,toy4_gpu_core_neural_output_average_batched_1024_cuda_repeat01,3,neural_policy,output_average,social_step,0.16534997301641852
toy4,neural_output_average,batched,batched,cuda,1024,3,9,1,1,2,toy4_gpu_core_neural_output_average_batched_1024_cuda_repeat01,3,neural_policy,output_average,sample_actions,6.643007509410381e-06
toy4,neural_output_average,batched,batched,cuda,1024,3,9,1,1,2,toy4_gpu_core_neural_output_average_batched_1024_cuda_repeat01,3,neural_policy,output_average,commit_actions,1.0219053365290165e-05
toy4,neural_output_average,batched,batched,cuda,1024,3,9,1,1,2,toy4_gpu_core_neural_output_average_batched_1024_cuda_repeat01,3,neural_policy,output_average,post_step_state_policy,2.806296106427908e-05
toy4,neural_output_average,batched,batched,cuda,1024,3,9,1,1,2,toy4_gpu_core_neural_output_average_batched_1024_cuda_repeat01,3,neural_policy,output_average,update_payoff_ema,3.7861987948417664e-05
toy4,neural_output_average,batched,batched,cuda,1024,3,9,1,1,2,toy4_gpu_core_neural_output_average_batched_1024_cuda_repeat01,3,neural_policy,output_average,update_reputation_ema,2.321403007954359e-05
toy4,neural_output_average,batched,batched,cuda,1024,3,9,1,1,2,toy4_gpu_core_neural_output_average_batched_1024_cuda_repeat01,3,neural_policy,output_average,mobility_swaps,2.9125018045306206e-05
toy4,neural_output_average,batched,batched,cuda,1024,3,9,1,1,2,toy4_gpu_core_neural_output_average_batched_1024_cuda_repeat01,3,neural_policy,output_average,finalize_hook_step,1.688208431005478e-05
toy4,neural_output_average,batched,batched,cuda,1024,3,9,1,1,2,toy4_gpu_core_neural_output_average_batched_1024_cuda_repeat01,3,neural_policy,output_average,hooked_step_total,0.34770941792521626
toy4,neural_output_average,batched,batched,cuda,1024,3,9,1,1,2,toy4_gpu_core_neural_output_average_batched_1024_cuda_repeat01,3,neural_policy,output_average,aggregate_row,0.02938367100432515
toy4,neural_output_average,batched,batched,cuda,1024,3,9,1,1,2,toy4_gpu_core_neural_output_average_batched_1024_cuda_repeat01,3,neural_policy,output_average,write_aggregate,7.8729004599154e-05
toy5,neural_output_average,batched,batched,cpu,256,3,9,0,1,2,toy5_gpu_core_neural_output_average_batched_256_cpu_repeat00,0,neural_policy,output_average,make_run_dir,0.0004785970086231828
toy5,neural_output_average,batched,batched,cpu,256,3,9,0,1,2,toy5_gpu_core_neural_output_average_batched_256_cpu_repeat00,0,neural_policy,output_average,write_metadata,0.0026719330344349146
toy5,neural_output_average,batched,batched,cpu,256,3,9,0,1,2,toy5_gpu_core_neural_output_average_batched_256_cpu_repeat00,0,neural_policy,output_average,initial_state,0.10347225703299046
toy5,neural_output_average,batched,batched,cpu,256,3,9,0,1,2,toy5_gpu_core_neural_output_average_batched_256_cpu_repeat00,0,neural_policy,output_average,writer_setup,0.0003672660095617175
toy5,neural_output_average,batched,batched,cpu,256,3,9,0,1,2,toy5_gpu_core_neural_output_average_batched_256_cpu_repeat00,0,neural_policy,output_average,initial_step_result,0.0006697989301756024
toy5,neural_output_average,batched,batched,cpu,256,3,9,0,1,2,toy5_gpu_core_neural_output_average_batched_256_cpu_repeat00,0,neural_policy,output_average,initial_aggregate_row,0.0030108760111033916
toy5,neural_output_average,batched,batched,cpu,256,3,9,0,1,2,toy5_gpu_core_neural_output_average_batched_256_cpu_repeat00,0,neural_policy,output_average,write_initial_aggregate,2.992700319737196e-05
toy5,neural_output_average,batched,batched,cpu,256,3,9,0,1,2,toy5_gpu_core_neural_output_average_batched_256_cpu_repeat00,1,neural_policy,output_average,sample_revision_mask,9.107054211199284e-06
toy5,neural_output_average,batched,batched,cpu,256,3,9,0,1,2,toy5_gpu_core_neural_output_average_batched_256_cpu_repeat00,1,neural_policy,output_average,build_step_context,0.0007882340578362346
toy5,neural_output_average,batched,batched,cpu,256,3,9,0,1,2,toy5_gpu_core_neural_output_average_batched_256_cpu_repeat00,1,neural_policy,output_average,build_observations,0.0011809070128947496
toy5,neural_output_average,batched,batched,cpu,256,3,9,0,1,2,toy5_gpu_core_neural_output_average_batched_256_cpu_repeat00,1,neural_policy,output_average,policy_readout,0.001025764038786292
toy5,neural_output_average,batched,batched,cpu,256,3,9,0,1,2,toy5_gpu_core_neural_output_average_batched_256_cpu_repeat00,1,neural_policy,output_average,decision_selection,0.00031874398700892925
toy5,neural_output_average,batched,batched,cpu,256,3,9,0,1,2,toy5_gpu_core_neural_output_average_batched_256_cpu_repeat00,1,neural_policy,output_average,local_training,0.023217626963742077
toy5,neural_output_average,batched,batched,cpu,256,3,9,0,1,2,toy5_gpu_core_neural_output_average_batched_256_cpu_repeat00,1,neural_policy,output_average,cache_refresh,3.577093593776226e-06
toy5,neural_output_average,batched,batched,cpu,256,3,9,0,1,2,toy5_gpu_core_neural_output_average_batched_256_cpu_repeat00,1,neural_policy,output_average,post_local_readout,0.00016171601600944996
toy5,neural_output_average,batched,batched,cpu,256,3,9,0,1,2,toy5_gpu_core_neural_output_average_batched_256_cpu_repeat00,1,neural_policy,output_average,local_step,0.026241366053000093
toy5,neural_output_average,batched,batched,cpu,256,3,9,0,1,2,toy5_gpu_core_neural_output_average_batched_256_cpu_repeat00,1,neural_policy,output_average,select_peers,0.00032097799703478813
toy5,neural_output_average,batched,batched,cpu,256,3,9,0,1,2,toy5_gpu_core_neural_output_average_batched_256_cpu_repeat00,1,neural_policy,output_average,social_distillation,0.014903101022355258
toy5,neural_output_average,batched,batched,cpu,256,3,9,0,1,2,toy5_gpu_core_neural_output_average_batched_256_cpu_repeat00,1,neural_policy,output_average,social_step,0.01492381002753973
toy5,neural_output_average,batched,batched,cpu,256,3,9,0,1,2,toy5_gpu_core_neural_output_average_batched_256_cpu_repeat00,1,neural_policy,output_average,sample_actions,1.0819640010595322e-06
toy5,neural_output_average,batched,batched,cpu,256,3,9,0,1,2,toy5_gpu_core_neural_output_average_batched_256_cpu_repeat00,1,neural_policy,output_average,commit_actions,2.53280159085989e-05
toy5,neural_output_average,batched,batched,cpu,256,3,9,0,1,2,toy5_gpu_core_neural_output_average_batched_256_cpu_repeat00,1,neural_policy,output_average,post_step_state_policy,1.7061945982277393e-05
toy5,neural_output_average,batched,batched,cpu,256,3,9,0,1,2,toy5_gpu_core_neural_output_average_batched_256_cpu_repeat00,1,neural_policy,output_average,update_reputation_ema,1.2953998520970345e-05
toy5,neural_output_average,batched,batched,cpu,256,3,9,0,1,2,toy5_gpu_core_neural_output_average_batched_256_cpu_repeat00,1,neural_policy,output_average,finalize_hook_step,2.8549693524837494e-06
toy5,neural_output_average,batched,batched,cpu,256,3,9,0,1,2,toy5_gpu_core_neural_output_average_batched_256_cpu_repeat00,1,neural_policy,output_average,hooked_step_total,0.04287188104353845
toy5,neural_output_average,batched,batched,cpu,256,3,9,0,1,2,toy5_gpu_core_neural_output_average_batched_256_cpu_repeat00,1,neural_policy,output_average,aggregate_row,0.0028941750060766935
toy5,neural_output_average,batched,batched,cpu,256,3,9,0,1,2,toy5_gpu_core_neural_output_average_batched_256_cpu_repeat00,1,neural_policy,output_average,write_aggregate,4.396308213472366e-05
toy5,neural_output_average,batched,batched,cpu,256,3,9,0,1,2,toy5_gpu_core_neural_output_average_batched_256_cpu_repeat00,2,neural_policy,output_average,sample_revision_mask,9.327894076704979e-06
toy5,neural_output_average,batched,batched,cpu,256,3,9,0,1,2,toy5_gpu_core_neural_output_average_batched_256_cpu_repeat00,2,neural_policy,output_average,build_step_context,0.0006979929748922586
toy5,neural_output_average,batched,batched,cpu,256,3,9,0,1,2,toy5_gpu_core_neural_output_average_batched_256_cpu_repeat00,2,neural_policy,output_average,build_observations,0.0011219560401514173
toy5,neural_output_average,batched,batched,cpu,256,3,9,0,1,2,toy5_gpu_core_neural_output_average_batched_256_cpu_repeat00,2,neural_policy,output_average,policy_readout,0.001716191996820271
toy5,neural_output_average,batched,batched,cpu,256,3,9,0,1,2,toy5_gpu_core_neural_output_average_batched_256_cpu_repeat00,2,neural_policy,output_average,decision_selection,0.00016524398233741522
toy5,neural_output_average,batched,batched,cpu,256,3,9,0,1,2,toy5_gpu_core_neural_output_average_batched_256_cpu_repeat00,2,neural_policy,output_average,local_training,0.015080587938427925
toy5,neural_output_average,batched,batched,cpu,256,3,9,0,1,2,toy5_gpu_core_neural_output_average_batched_256_cpu_repeat00,2,neural_policy,output_average,cache_refresh,4.258006811141968e-06
toy5,neural_output_average,batched,batched,cpu,256,3,9,0,1,2,toy5_gpu_core_neural_output_average_batched_256_cpu_repeat00,2,neural_policy,output_average,post_local_readout,0.00014884199481457472
toy5,neural_output_average,batched,batched,cpu,256,3,9,0,1,2,toy5_gpu_core_neural_output_average_batched_256_cpu_repeat00,2,neural_policy,output_average,local_step,0.018387604039162397
toy5,neural_output_average,batched,batched,cpu,256,3,9,0,1,2,toy5_gpu_core_neural_output_average_batched_256_cpu_repeat00,2,neural_policy,output_average,select_peers,0.000248040072619915
toy5,neural_output_average,batched,batched,cpu,256,3,9,0,1,2,toy5_gpu_core_neural_output_average_batched_256_cpu_repeat00,2,neural_policy,output_average,social_distillation,0.014298405032604933
toy5,neural_output_average,batched,batched,cpu,256,3,9,0,1,2,toy5_gpu_core_neural_output_average_batched_256_cpu_repeat00,2,neural_policy,output_average,social_step,0.014316037995740771
toy5,neural_output_average,batched,batched,cpu,256,3,9,0,1,2,toy5_gpu_core_neural_output_average_batched_256_cpu_repeat00,2,neural_policy,output_average,sample_actions,8.010538294911385e-07
toy5,neural_output_average,batched,batched,cpu,256,3,9,0,1,2,toy5_gpu_core_neural_output_average_batched_256_cpu_repeat00,2,neural_policy,output_average,commit_actions,2.0419014617800713e-05
toy5,neural_output_average,batched,batched,cpu,256,3,9,0,1,2,toy5_gpu_core_neural_output_average_batched_256_cpu_repeat00,2,neural_policy,output_average,post_step_state_policy,1.4767982065677643e-05
toy5,neural_output_average,batched,batched,cpu,256,3,9,0,1,2,toy5_gpu_core_neural_output_average_batched_256_cpu_repeat00,2,neural_policy,output_average,update_reputation_ema,1.1491007171571255e-05
toy5,neural_output_average,batched,batched,cpu,256,3,9,0,1,2,toy5_gpu_core_neural_output_average_batched_256_cpu_repeat00,2,neural_policy,output_average,finalize_hook_step,2.3149186745285988e-06
toy5,neural_output_average,batched,batched,cpu,256,3,9,0,1,2,toy5_gpu_core_neural_output_average_batched_256_cpu_repeat00,2,neural_policy,output_average,hooked_step_total,0.03413750999607146
toy5,neural_output_average,batched,batched,cpu,256,3,9,0,1,2,toy5_gpu_core_neural_output_average_batched_256_cpu_repeat00,2,neural_policy,output_average,aggregate_row,0.0028208859730511904
toy5,neural_output_average,batched,batched,cpu,256,3,9,0,1,2,toy5_gpu_core_neural_output_average_batched_256_cpu_repeat00,2,neural_policy,output_average,write_aggregate,4.030601121485233e-05
toy5,neural_output_average,batched,batched,cpu,256,3,9,0,1,2,toy5_gpu_core_neural_output_average_batched_256_cpu_repeat00,3,neural_policy,output_average,sample_revision_mask,9.307987056672573e-06
toy5,neural_output_average,batched,batched,cpu,256,3,9,0,1,2,toy5_gpu_core_neural_output_average_batched_256_cpu_repeat00,3,neural_policy,output_average,build_step_context,0.0007012189598754048
toy5,neural_output_average,batched,batched,cpu,256,3,9,0,1,2,toy5_gpu_core_neural_output_average_batched_256_cpu_repeat00,3,neural_policy,output_average,build_observations,0.0010809879750013351
toy5,neural_output_average,batched,batched,cpu,256,3,9,0,1,2,toy5_gpu_core_neural_output_average_batched_256_cpu_repeat00,3,neural_policy,output_average,policy_readout,0.001652522012591362
toy5,neural_output_average,batched,batched,cpu,256,3,9,0,1,2,toy5_gpu_core_neural_output_average_batched_256_cpu_repeat00,3,neural_policy,output_average,decision_selection,0.00016354990657418966
toy5,neural_output_average,batched,batched,cpu,256,3,9,0,1,2,toy5_gpu_core_neural_output_average_batched_256_cpu_repeat00,3,neural_policy,output_average,local_training,0.013921299949288368
toy5,neural_output_average,batched,batched,cpu,256,3,9,0,1,2,toy5_gpu_core_neural_output_average_batched_256_cpu_repeat00,3,neural_policy,output_average,cache_refresh,8.236034773290157e-06
toy5,neural_output_average,batched,batched,cpu,256,3,9,0,1,2,toy5_gpu_core_neural_output_average_batched_256_cpu_repeat00,3,neural_policy,output_average,post_local_readout,0.00015995302237570286
toy5,neural_output_average,batched,batched,cpu,256,3,9,0,1,2,toy5_gpu_core_neural_output_average_batched_256_cpu_repeat00,3,neural_policy,output_average,local_step,0.017154066008515656
toy5,neural_output_average,batched,batched,cpu,256,3,9,0,1,2,toy5_gpu_core_neural_output_average_batched_256_cpu_repeat00,3,neural_policy,output_average,select_peers,0.00028716400265693665
toy5,neural_output_average,batched,batched,cpu,256,3,9,0,1,2,toy5_gpu_core_neural_output_average_batched_256_cpu_repeat00,3,neural_policy,output_average,social_distillation,0.022965108044445515
toy5,neural_output_average,batched,batched,cpu,256,3,9,0,1,2,toy5_gpu_core_neural_output_average_batched_256_cpu_repeat00,3,neural_policy,output_average,social_step,0.022996287094429135
toy5,neural_output_average,batched,batched,cpu,256,3,9,0,1,2,toy5_gpu_core_neural_output_average_batched_256_cpu_repeat00,3,neural_policy,output_average,sample_actions,1.5529803931713104e-06
toy5,neural_output_average,batched,batched,cpu,256,3,9,0,1,2,toy5_gpu_core_neural_output_average_batched_256_cpu_repeat00,3,neural_policy,output_average,commit_actions,3.761099651455879e-05
toy5,neural_output_average,batched,batched,cpu,256,3,9,0,1,2,toy5_gpu_core_neural_output_average_batched_256_cpu_repeat00,3,neural_policy,output_average,post_step_state_policy,1.8404913134872913e-05
toy5,neural_output_average,batched,batched,cpu,256,3,9,0,1,2,toy5_gpu_core_neural_output_average_batched_256_cpu_repeat00,3,neural_policy,output_average,update_reputation_ema,1.3486016541719437e-05
toy5,neural_output_average,batched,batched,cpu,256,3,9,0,1,2,toy5_gpu_core_neural_output_average_batched_256_cpu_repeat00,3,neural_policy,output_average,finalize_hook_step,3.485940396785736e-06
toy5,neural_output_average,batched,batched,cpu,256,3,9,0,1,2,toy5_gpu_core_neural_output_average_batched_256_cpu_repeat00,3,neural_policy,output_average,hooked_step_total,0.041838241973891854
toy5,neural_output_average,batched,batched,cpu,256,3,9,0,1,2,toy5_gpu_core_neural_output_average_batched_256_cpu_repeat00,3,neural_policy,output_average,aggregate_row,0.0035691530210897326
toy5,neural_output_average,batched,batched,cpu,256,3,9,0,1,2,toy5_gpu_core_neural_output_average_batched_256_cpu_repeat00,3,neural_policy,output_average,write_aggregate,4.681898280978203e-05
toy5,neural_output_average,batched,batched,cpu,256,3,9,1,1,2,toy5_gpu_core_neural_output_average_batched_256_cpu_repeat01,0,neural_policy,output_average,make_run_dir,0.00016026303637772799
toy5,neural_output_average,batched,batched,cpu,256,3,9,1,1,2,toy5_gpu_core_neural_output_average_batched_256_cpu_repeat01,0,neural_policy,output_average,write_metadata,0.0019451759289950132
toy5,neural_output_average,batched,batched,cpu,256,3,9,1,1,2,toy5_gpu_core_neural_output_average_batched_256_cpu_repeat01,0,neural_policy,output_average,initial_state,0.1102929919725284
toy5,neural_output_average,batched,batched,cpu,256,3,9,1,1,2,toy5_gpu_core_neural_output_average_batched_256_cpu_repeat01,0,neural_policy,output_average,writer_setup,0.0004010699922218919
toy5,neural_output_average,batched,batched,cpu,256,3,9,1,1,2,toy5_gpu_core_neural_output_average_batched_256_cpu_repeat01,0,neural_policy,output_average,initial_step_result,0.0007164080161601305
toy5,neural_output_average,batched,batched,cpu,256,3,9,1,1,2,toy5_gpu_core_neural_output_average_batched_256_cpu_repeat01,0,neural_policy,output_average,initial_aggregate_row,0.002670199959538877
toy5,neural_output_average,batched,batched,cpu,256,3,9,1,1,2,toy5_gpu_core_neural_output_average_batched_256_cpu_repeat01,0,neural_policy,output_average,write_initial_aggregate,3.147998359054327e-05
toy5,neural_output_average,batched,batched,cpu,256,3,9,1,1,2,toy5_gpu_core_neural_output_average_batched_256_cpu_repeat01,1,neural_policy,output_average,sample_revision_mask,7.534981705248356e-06
toy5,neural_output_average,batched,batched,cpu,256,3,9,1,1,2,toy5_gpu_core_neural_output_average_batched_256_cpu_repeat01,1,neural_policy,output_average,build_step_context,0.0007063479861244559
toy5,neural_output_average,batched,batched,cpu,256,3,9,1,1,2,toy5_gpu_core_neural_output_average_batched_256_cpu_repeat01,1,neural_policy,output_average,build_observations,0.001145430956967175
toy5,neural_output_average,batched,batched,cpu,256,3,9,1,1,2,toy5_gpu_core_neural_output_average_batched_256_cpu_repeat01,1,neural_policy,output_average,policy_readout,0.0006487490609288216
toy5,neural_output_average,batched,batched,cpu,256,3,9,1,1,2,toy5_gpu_core_neural_output_average_batched_256_cpu_repeat01,1,neural_policy,output_average,decision_selection,0.0002563260495662689
toy5,neural_output_average,batched,batched,cpu,256,3,9,1,1,2,toy5_gpu_core_neural_output_average_batched_256_cpu_repeat01,1,neural_policy,output_average,local_training,0.030505137052387
toy5,neural_output_average,batched,batched,cpu,256,3,9,1,1,2,toy5_gpu_core_neural_output_average_batched_256_cpu_repeat01,1,neural_policy,output_average,cache_refresh,9.567942470312119e-06
toy5,neural_output_average,batched,batched,cpu,256,3,9,1,1,2,toy5_gpu_core_neural_output_average_batched_256_cpu_repeat01,1,neural_policy,output_average,post_local_readout,0.00032295205164700747
toy5,neural_output_average,batched,batched,cpu,256,3,9,1,1,2,toy5_gpu_core_neural_output_average_batched_256_cpu_repeat01,1,neural_policy,output_average,local_step,0.03313585103023797
toy5,neural_output_average,batched,batched,cpu,256,3,9,1,1,2,toy5_gpu_core_neural_output_average_batched_256_cpu_repeat01,1,neural_policy,output_average,select_peers,0.0005023620324209332
toy5,neural_output_average,batched,batched,cpu,256,3,9,1,1,2,toy5_gpu_core_neural_output_average_batched_256_cpu_repeat01,1,neural_policy,output_average,social_distillation,0.020787952933460474
toy5,neural_output_average,batched,batched,cpu,256,3,9,1,1,2,toy5_gpu_core_neural_output_average_batched_256_cpu_repeat01,1,neural_policy,output_average,social_step,0.020823630038648844
toy5,neural_output_average,batched,batched,cpu,256,3,9,1,1,2,toy5_gpu_core_neural_output_average_batched_256_cpu_repeat01,1,neural_policy,output_average,sample_actions,1.201988197863102e-06
toy5,neural_output_average,batched,batched,cpu,256,3,9,1,1,2,toy5_gpu_core_neural_output_average_batched_256_cpu_repeat01,1,neural_policy,output_average,commit_actions,0.00011481705587357283
toy5,neural_output_average,batched,batched,cpu,256,3,9,1,1,2,toy5_gpu_core_neural_output_average_batched_256_cpu_repeat01,1,neural_policy,output_average,post_step_state_policy,0.0001430809497833252
toy5,neural_output_average,batched,batched,cpu,256,3,9,1,1,2,toy5_gpu_core_neural_output_average_batched_256_cpu_repeat01,1,neural_policy,output_average,update_reputation_ema,1.9276980310678482e-05
toy5,neural_output_average,batched,batched,cpu,256,3,9,1,1,2,toy5_gpu_core_neural_output_average_batched_256_cpu_repeat01,1,neural_policy,output_average,finalize_hook_step,3.627035766839981e-06
toy5,neural_output_average,batched,batched,cpu,256,3,9,1,1,2,toy5_gpu_core_neural_output_average_batched_256_cpu_repeat01,1,neural_policy,output_average,hooked_step_total,0.05655716406181455
toy5,neural_output_average,batched,batched,cpu,256,3,9,1,1,2,toy5_gpu_core_neural_output_average_batched_256_cpu_repeat01,1,neural_policy,output_average,aggregate_row,0.003788428963162005
toy5,neural_output_average,batched,batched,cpu,256,3,9,1,1,2,toy5_gpu_core_neural_output_average_batched_256_cpu_repeat01,1,neural_policy,output_average,write_aggregate,5.083600990474224e-05
toy5,neural_output_average,batched,batched,cpu,256,3,9,1,1,2,toy5_gpu_core_neural_output_average_batched_256_cpu_repeat01,2,neural_policy,output_average,sample_revision_mask,1.0640011169016361e-05
toy5,neural_output_average,batched,batched,cpu,256,3,9,1,1,2,toy5_gpu_core_neural_output_average_batched_256_cpu_repeat01,2,neural_policy,output_average,build_step_context,0.0007134521147236228
toy5,neural_output_average,batched,batched,cpu,256,3,9,1,1,2,toy5_gpu_core_neural_output_average_batched_256_cpu_repeat01,2,neural_policy,output_average,build_observations,0.0010848360834643245
toy5,neural_output_average,batched,batched,cpu,256,3,9,1,1,2,toy5_gpu_core_neural_output_average_batched_256_cpu_repeat01,2,neural_policy,output_average,policy_readout,0.0001851009437814355
toy5,neural_output_average,batched,batched,cpu,256,3,9,1,1,2,toy5_gpu_core_neural_output_average_batched_256_cpu_repeat01,2,neural_policy,output_average,decision_selection,0.00022578798234462738
toy5,neural_output_average,batched,batched,cpu,256,3,9,1,1,2,toy5_gpu_core_neural_output_average_batched_256_cpu_repeat01,2,neural_policy,output_average,local_training,0.01941183500457555
toy5,neural_output_average,batched,batched,cpu,256,3,9,1,1,2,toy5_gpu_core_neural_output_average_batched_256_cpu_repeat01,2,neural_policy,output_average,cache_refresh,6.541959010064602e-06
toy5,neural_output_average,batched,batched,cpu,256,3,9,1,1,2,toy5_gpu_core_neural_output_average_batched_256_cpu_repeat01,2,neural_policy,output_average,post_local_readout,0.000248180003836751
toy5,neural_output_average,batched,batched,cpu,256,3,9,1,1,2,toy5_gpu_core_neural_output_average_batched_256_cpu_repeat01,2,neural_policy,output_average,local_step,0.021369925001636147
toy5,neural_output_average,batched,batched,cpu,256,3,9,1,1,2,toy5_gpu_core_neural_output_average_batched_256_cpu_repeat01,2,neural_policy,output_average,select_peers,0.0003512749681249261
toy5,neural_output_average,batched,batched,cpu,256,3,9,1,1,2,toy5_gpu_core_neural_output_average_batched_256_cpu_repeat01,2,neural_policy,output_average,social_distillation,0.022018705029040575
toy5,neural_output_average,batched,batched,cpu,256,3,9,1,1,2,toy5_gpu_core_neural_output_average_batched_256_cpu_repeat01,2,neural_policy,output_average,social_step,0.02207623398862779
toy5,neural_output_average,batched,batched,cpu,256,3,9,1,1,2,toy5_gpu_core_neural_output_average_batched_256_cpu_repeat01,2,neural_policy,output_average,sample_actions,1.7640413716435432e-06
toy5,neural_output_average,batched,batched,cpu,256,3,9,1,1,2,toy5_gpu_core_neural_output_average_batched_256_cpu_repeat01,2,neural_policy,output_average,commit_actions,7.65649601817131e-05
toy5,neural_output_average,batched,batched,cpu,256,3,9,1,1,2,toy5_gpu_core_neural_output_average_batched_256_cpu_repeat01,2,neural_policy,output_average,post_step_state_policy,3.2411073334515095e-05
toy5,neural_output_average,batched,batched,cpu,256,3,9,1,1,2,toy5_gpu_core_neural_output_average_batched_256_cpu_repeat01,2,neural_policy,output_average,update_reputation_ema,2.28730496019125e-05
toy5,neural_output_average,batched,batched,cpu,256,3,9,1,1,2,toy5_gpu_core_neural_output_average_batched_256_cpu_repeat01,2,neural_policy,output_average,finalize_hook_step,6.212037988007069e-06
toy5,neural_output_average,batched,batched,cpu,256,3,9,1,1,2,toy5_gpu_core_neural_output_average_batched_256_cpu_repeat01,2,neural_policy,output_average,hooked_step_total,0.04584817006252706
toy5,neural_output_average,batched,batched,cpu,256,3,9,1,1,2,toy5_gpu_core_neural_output_average_batched_256_cpu_repeat01,2,neural_policy,output_average,aggregate_row,0.0038792210398241878
toy5,neural_output_average,batched,batched,cpu,256,3,9,1,1,2,toy5_gpu_core_neural_output_average_batched_256_cpu_repeat01,2,neural_policy,output_average,write_aggregate,6.164598744362593e-05
toy5,neural_output_average,batched,batched,cpu,256,3,9,1,1,2,toy5_gpu_core_neural_output_average_batched_256_cpu_repeat01,3,neural_policy,output_average,sample_revision_mask,1.5298952348530293e-05
toy5,neural_output_average,batched,batched,cpu,256,3,9,1,1,2,toy5_gpu_core_neural_output_average_batched_256_cpu_repeat01,3,neural_policy,output_average,build_step_context,0.000721256947144866
toy5,neural_output_average,batched,batched,cpu,256,3,9,1,1,2,toy5_gpu_core_neural_output_average_batched_256_cpu_repeat01,3,neural_policy,output_average,build_observations,0.003590043052099645
toy5,neural_output_average,batched,batched,cpu,256,3,9,1,1,2,toy5_gpu_core_neural_output_average_batched_256_cpu_repeat01,3,neural_policy,output_average,policy_readout,0.0003923639887943864
toy5,neural_output_average,batched,batched,cpu,256,3,9,1,1,2,toy5_gpu_core_neural_output_average_batched_256_cpu_repeat01,3,neural_policy,output_average,decision_selection,0.00038015004247426987
toy5,neural_output_average,batched,batched,cpu,256,3,9,1,1,2,toy5_gpu_core_neural_output_average_batched_256_cpu_repeat01,3,neural_policy,output_average,local_training,0.019496154971420765
toy5,neural_output_average,batched,batched,cpu,256,3,9,1,1,2,toy5_gpu_core_neural_output_average_batched_256_cpu_repeat01,3,neural_policy,output_average,cache_refresh,3.697001375257969e-06
toy5,neural_output_average,batched,batched,cpu,256,3,9,1,1,2,toy5_gpu_core_neural_output_average_batched_256_cpu_repeat01,3,neural_policy,output_average,post_local_readout,0.00018528103828430176
toy5,neural_output_average,batched,batched,cpu,256,3,9,1,1,2,toy5_gpu_core_neural_output_average_batched_256_cpu_repeat01,3,neural_policy,output_average,local_step,0.025056491023860872
toy5,neural_output_average,batched,batched,cpu,256,3,9,1,1,2,toy5_gpu_core_neural_output_average_batched_256_cpu_repeat01,3,neural_policy,output_average,select_peers,0.00028482009656727314
toy5,neural_output_average,batched,batched,cpu,256,3,9,1,1,2,toy5_gpu_core_neural_output_average_batched_256_cpu_repeat01,3,neural_policy,output_average,social_distillation,0.016073098056949675
toy5,neural_output_average,batched,batched,cpu,256,3,9,1,1,2,toy5_gpu_core_neural_output_average_batched_256_cpu_repeat01,3,neural_policy,output_average,social_step,0.016096371924504638
toy5,neural_output_average,batched,batched,cpu,256,3,9,1,1,2,toy5_gpu_core_neural_output_average_batched_256_cpu_repeat01,3,neural_policy,output_average,sample_actions,1.2220116332173347e-06
toy5,neural_output_average,batched,batched,cpu,256,3,9,1,1,2,toy5_gpu_core_neural_output_average_batched_256_cpu_repeat01,3,neural_policy,output_average,commit_actions,2.1249987185001373e-05
toy5,neural_output_average,batched,batched,cpu,256,3,9,1,1,2,toy5_gpu_core_neural_output_average_batched_256_cpu_repeat01,3,neural_policy,output_average,post_step_state_policy,1.442700158804655e-05
toy5,neural_output_average,batched,batched,cpu,256,3,9,1,1,2,toy5_gpu_core_neural_output_average_batched_256_cpu_repeat01,3,neural_policy,output_average,update_reputation_ema,1.1110911145806313e-05
toy5,neural_output_average,batched,batched,cpu,256,3,9,1,1,2,toy5_gpu_core_neural_output_average_batched_256_cpu_repeat01,3,neural_policy,output_average,finalize_hook_step,2.154032699763775e-06
toy5,neural_output_average,batched,batched,cpu,256,3,9,1,1,2,toy5_gpu_core_neural_output_average_batched_256_cpu_repeat01,3,neural_policy,output_average,hooked_step_total,0.04314560000784695
toy5,neural_output_average,batched,batched,cpu,256,3,9,1,1,2,toy5_gpu_core_neural_output_average_batched_256_cpu_repeat01,3,neural_policy,output_average,aggregate_row,0.0026998460525646806
toy5,neural_output_average,batched,batched,cpu,256,3,9,1,1,2,toy5_gpu_core_neural_output_average_batched_256_cpu_repeat01,3,neural_policy,output_average,write_aggregate,3.578804899007082e-05
toy5,neural_output_average,batched,batched,cuda,256,3,9,0,1,2,toy5_gpu_core_neural_output_average_batched_256_cuda_repeat00,0,neural_policy,output_average,make_run_dir,0.00019798497669398785
toy5,neural_output_average,batched,batched,cuda,256,3,9,0,1,2,toy5_gpu_core_neural_output_average_batched_256_cuda_repeat00,0,neural_policy,output_average,write_metadata,0.002373517956584692
toy5,neural_output_average,batched,batched,cuda,256,3,9,0,1,2,toy5_gpu_core_neural_output_average_batched_256_cuda_repeat00,0,neural_policy,output_average,initial_state,0.1407980079529807
toy5,neural_output_average,batched,batched,cuda,256,3,9,0,1,2,toy5_gpu_core_neural_output_average_batched_256_cuda_repeat00,0,neural_policy,output_average,writer_setup,0.00044138694647699594
toy5,neural_output_average,batched,batched,cuda,256,3,9,0,1,2,toy5_gpu_core_neural_output_average_batched_256_cuda_repeat00,0,neural_policy,output_average,initial_step_result,0.0008890149183571339
toy5,neural_output_average,batched,batched,cuda,256,3,9,0,1,2,toy5_gpu_core_neural_output_average_batched_256_cuda_repeat00,0,neural_policy,output_average,initial_aggregate_row,0.0027272580191493034
toy5,neural_output_average,batched,batched,cuda,256,3,9,0,1,2,toy5_gpu_core_neural_output_average_batched_256_cuda_repeat00,0,neural_policy,output_average,write_initial_aggregate,7.773702964186668e-05
toy5,neural_output_average,batched,batched,cuda,256,3,9,0,1,2,toy5_gpu_core_neural_output_average_batched_256_cuda_repeat00,1,neural_policy,output_average,sample_revision_mask,2.4897046387195587e-05
toy5,neural_output_average,batched,batched,cuda,256,3,9,0,1,2,toy5_gpu_core_neural_output_average_batched_256_cuda_repeat00,1,neural_policy,output_average,build_step_context,0.000760992057621479
toy5,neural_output_average,batched,batched,cuda,256,3,9,0,1,2,toy5_gpu_core_neural_output_average_batched_256_cuda_repeat00,1,neural_policy,output_average,build_observations,0.0011399600189179182
toy5,neural_output_average,batched,batched,cuda,256,3,9,0,1,2,toy5_gpu_core_neural_output_average_batched_256_cuda_repeat00,1,neural_policy,output_average,policy_readout,0.0005478389794006944
toy5,neural_output_average,batched,batched,cuda,256,3,9,0,1,2,toy5_gpu_core_neural_output_average_batched_256_cuda_repeat00,1,neural_policy,output_average,decision_selection,0.000325347064062953
toy5,neural_output_average,batched,batched,cuda,256,3,9,0,1,2,toy5_gpu_core_neural_output_average_batched_256_cuda_repeat00,1,neural_policy,output_average,local_training,0.06486052903346717
toy5,neural_output_average,batched,batched,cuda,256,3,9,0,1,2,toy5_gpu_core_neural_output_average_batched_256_cuda_repeat00,1,neural_policy,output_average,cache_refresh,1.6501988284289837e-05
toy5,neural_output_average,batched,batched,cuda,256,3,9,0,1,2,toy5_gpu_core_neural_output_average_batched_256_cuda_repeat00,1,neural_policy,output_average,post_local_readout,0.0012250719591975212
toy5,neural_output_average,batched,batched,cuda,256,3,9,0,1,2,toy5_gpu_core_neural_output_average_batched_256_cuda_repeat00,1,neural_policy,output_average,local_step,0.06892843800596893
toy5,neural_output_average,batched,batched,cuda,256,3,9,0,1,2,toy5_gpu_core_neural_output_average_batched_256_cuda_repeat00,1,neural_policy,output_average,select_peers,0.0008358740014955401
toy5,neural_output_average,batched,batched,cuda,256,3,9,0,1,2,toy5_gpu_core_neural_output_average_batched_256_cuda_repeat00,1,neural_policy,output_average,social_distillation,0.04517542594112456
toy5,neural_output_average,batched,batched,cuda,256,3,9,0,1,2,toy5_gpu_core_neural_output_average_batched_256_cuda_repeat00,1,neural_policy,output_average,social_step,0.0452658369904384
toy5,neural_output_average,batched,batched,cuda,256,3,9,0,1,2,toy5_gpu_core_neural_output_average_batched_256_cuda_repeat00,1,neural_policy,output_average,sample_actions,6.571994163095951e-06
toy5,neural_output_average,batched,batched,cuda,256,3,9,0,1,2,toy5_gpu_core_neural_output_average_batched_256_cuda_repeat00,1,neural_policy,output_average,commit_actions,7.312907837331295e-05
toy5,neural_output_average,batched,batched,cuda,256,3,9,0,1,2,toy5_gpu_core_neural_output_average_batched_256_cuda_repeat00,1,neural_policy,output_average,post_step_state_policy,3.8202968426048756e-05
toy5,neural_output_average,batched,batched,cuda,256,3,9,0,1,2,toy5_gpu_core_neural_output_average_batched_256_cuda_repeat00,1,neural_policy,output_average,update_reputation_ema,3.366300370544195e-05
toy5,neural_output_average,batched,batched,cuda,256,3,9,0,1,2,toy5_gpu_core_neural_output_average_batched_256_cuda_repeat00,1,neural_policy,output_average,finalize_hook_step,9.038019925355911e-06
toy5,neural_output_average,batched,batched,cuda,256,3,9,0,1,2,toy5_gpu_core_neural_output_average_batched_256_cuda_repeat00,1,neural_policy,output_average,hooked_step_total,0.1175375800812617
toy5,neural_output_average,batched,batched,cuda,256,3,9,0,1,2,toy5_gpu_core_neural_output_average_batched_256_cuda_repeat00,1,neural_policy,output_average,aggregate_row,0.0033133180113509297
toy5,neural_output_average,batched,batched,cuda,256,3,9,0,1,2,toy5_gpu_core_neural_output_average_batched_256_cuda_repeat00,1,neural_policy,output_average,write_aggregate,7.405003998428583e-05
toy5,neural_output_average,batched,batched,cuda,256,3,9,0,1,2,toy5_gpu_core_neural_output_average_batched_256_cuda_repeat00,2,neural_policy,output_average,sample_revision_mask,1.7483020201325417e-05
toy5,neural_output_average,batched,batched,cuda,256,3,9,0,1,2,toy5_gpu_core_neural_output_average_batched_256_cuda_repeat00,2,neural_policy,output_average,build_step_context,0.0007424070499837399
toy5,neural_output_average,batched,batched,cuda,256,3,9,0,1,2,toy5_gpu_core_neural_output_average_batched_256_cuda_repeat00,2,neural_policy,output_average,build_observations,0.0011809979332610965
toy5,neural_output_average,batched,batched,cuda,256,3,9,0,1,2,toy5_gpu_core_neural_output_average_batched_256_cuda_repeat00,2,neural_policy,output_average,policy_readout,0.00032840296626091003
toy5,neural_output_average,batched,batched,cuda,256,3,9,0,1,2,toy5_gpu_core_neural_output_average_batched_256_cuda_repeat00,2,neural_policy,output_average,decision_selection,0.0002644909545779228
toy5,neural_output_average,batched,batched,cuda,256,3,9,0,1,2,toy5_gpu_core_neural_output_average_batched_256_cuda_repeat00,2,neural_policy,output_average,local_training,0.04217652301304042
toy5,neural_output_average,batched,batched,cuda,256,3,9,0,1,2,toy5_gpu_core_neural_output_average_batched_256_cuda_repeat00,2,neural_policy,output_average,cache_refresh,1.2653996236622334e-05
toy5,neural_output_average,batched,batched,cuda,256,3,9,0,1,2,toy5_gpu_core_neural_output_average_batched_256_cuda_repeat00,2,neural_policy,output_average,post_local_readout,0.0007259759586304426
toy5,neural_output_average,batched,batched,cuda,256,3,9,0,1,2,toy5_gpu_core_neural_output_average_batched_256_cuda_repeat00,2,neural_policy,output_average,local_step,0.045345738995820284
toy5,neural_output_average,batched,batched,cuda,256,3,9,0,1,2,toy5_gpu_core_neural_output_average_batched_256_cuda_repeat00,2,neural_policy,output_average,select_peers,0.00042339309584349394
toy5,neural_output_average,batched,batched,cuda,256,3,9,0,1,2,toy5_gpu_core_neural_output_average_batched_256_cuda_repeat00,2,neural_policy,output_average,social_distillation,0.038006660994142294
toy5,neural_output_average,batched,batched,cuda,256,3,9,0,1,2,toy5_gpu_core_neural_output_average_batched_256_cuda_repeat00,2,neural_policy,output_average,social_step,0.038074098993092775
toy5,neural_output_average,batched,batched,cuda,256,3,9,0,1,2,toy5_gpu_core_neural_output_average_batched_256_cuda_repeat00,2,neural_policy,output_average,sample_actions,7.61495903134346e-06
toy5,neural_output_average,batched,batched,cuda,256,3,9,0,1,2,toy5_gpu_core_neural_output_average_batched_256_cuda_repeat00,2,neural_policy,output_average,commit_actions,6.93310284987092e-05
toy5,neural_output_average,batched,batched,cuda,256,3,9,0,1,2,toy5_gpu_core_neural_output_average_batched_256_cuda_repeat00,2,neural_policy,output_average,post_step_state_policy,2.769299317151308e-05
toy5,neural_output_average,batched,batched,cuda,256,3,9,0,1,2,toy5_gpu_core_neural_output_average_batched_256_cuda_repeat00,2,neural_policy,output_average,update_reputation_ema,3.949494566768408e-05
toy5,neural_output_average,batched,batched,cuda,256,3,9,0,1,2,toy5_gpu_core_neural_output_average_batched_256_cuda_repeat00,2,neural_policy,output_average,finalize_hook_step,1.55189773067832e-05
toy5,neural_output_average,batched,batched,cuda,256,3,9,0,1,2,toy5_gpu_core_neural_output_average_batched_256_cuda_repeat00,2,neural_policy,output_average,hooked_step_total,0.08582263102289289
toy5,neural_output_average,batched,batched,cuda,256,3,9,0,1,2,toy5_gpu_core_neural_output_average_batched_256_cuda_repeat00,2,neural_policy,output_average,aggregate_row,0.004751943983137608
toy5,neural_output_average,batched,batched,cuda,256,3,9,0,1,2,toy5_gpu_core_neural_output_average_batched_256_cuda_repeat00,2,neural_policy,output_average,write_aggregate,6.755802314728498e-05
toy5,neural_output_average,batched,batched,cuda,256,3,9,0,1,2,toy5_gpu_core_neural_output_average_batched_256_cuda_repeat00,3,neural_policy,output_average,sample_revision_mask,1.9788043573498726e-05
toy5,neural_output_average,batched,batched,cuda,256,3,9,0,1,2,toy5_gpu_core_neural_output_average_batched_256_cuda_repeat00,3,neural_policy,output_average,build_step_context,0.0007400030735880136
toy5,neural_output_average,batched,batched,cuda,256,3,9,0,1,2,toy5_gpu_core_neural_output_average_batched_256_cuda_repeat00,3,neural_policy,output_average,build_observations,0.0013476040912792087
toy5,neural_output_average,batched,batched,cuda,256,3,9,0,1,2,toy5_gpu_core_neural_output_average_batched_256_cuda_repeat00,3,neural_policy,output_average,policy_readout,0.0005999970017001033
toy5,neural_output_average,batched,batched,cuda,256,3,9,0,1,2,toy5_gpu_core_neural_output_average_batched_256_cuda_repeat00,3,neural_policy,output_average,decision_selection,0.00043200806248933077
toy5,neural_output_average,batched,batched,cuda,256,3,9,0,1,2,toy5_gpu_core_neural_output_average_batched_256_cuda_repeat00,3,neural_policy,output_average,local_training,0.0379135450348258
toy5,neural_output_average,batched,batched,cuda,256,3,9,0,1,2,toy5_gpu_core_neural_output_average_batched_256_cuda_repeat00,3,neural_policy,output_average,cache_refresh,1.7181970179080963e-05
toy5,neural_output_average,batched,batched,cuda,256,3,9,0,1,2,toy5_gpu_core_neural_output_average_batched_256_cuda_repeat00,3,neural_policy,output_average,post_local_readout,0.00031289306934922934
toy5,neural_output_average,batched,batched,cuda,256,3,9,0,1,2,toy5_gpu_core_neural_output_average_batched_256_cuda_repeat00,3,neural_policy,output_average,local_step,0.04119424207601696
toy5,neural_output_average,batched,batched,cuda,256,3,9,0,1,2,toy5_gpu_core_neural_output_average_batched_256_cuda_repeat00,3,neural_policy,output_average,select_peers,0.00046517199371010065
toy5,neural_output_average,batched,batched,cuda,256,3,9,0,1,2,toy5_gpu_core_neural_output_average_batched_256_cuda_repeat00,3,neural_policy,output_average,social_distillation,0.0394169440260157
toy5,neural_output_average,batched,batched,cuda,256,3,9,0,1,2,toy5_gpu_core_neural_output_average_batched_256_cuda_repeat00,3,neural_policy,output_average,social_step,0.03948122600559145
toy5,neural_output_average,batched,batched,cuda,256,3,9,0,1,2,toy5_gpu_core_neural_output_average_batched_256_cuda_repeat00,3,neural_policy,output_average,sample_actions,6.702961400151253e-06
toy5,neural_output_average,batched,batched,cuda,256,3,9,0,1,2,toy5_gpu_core_neural_output_average_batched_256_cuda_repeat00,3,neural_policy,output_average,commit_actions,4.6828994527459145e-05
toy5,neural_output_average,batched,batched,cuda,256,3,9,0,1,2,toy5_gpu_core_neural_output_average_batched_256_cuda_repeat00,3,neural_policy,output_average,post_step_state_policy,1.8955906853079796e-05
toy5,neural_output_average,batched,batched,cuda,256,3,9,0,1,2,toy5_gpu_core_neural_output_average_batched_256_cuda_repeat00,3,neural_policy,output_average,update_reputation_ema,2.4957931600511074e-05
toy5,neural_output_average,batched,batched,cuda,256,3,9,0,1,2,toy5_gpu_core_neural_output_average_batched_256_cuda_repeat00,3,neural_policy,output_average,finalize_hook_step,8.68597999215126e-06
toy5,neural_output_average,batched,batched,cuda,256,3,9,0,1,2,toy5_gpu_core_neural_output_average_batched_256_cuda_repeat00,3,neural_policy,output_average,hooked_step_total,0.08322864607907832
toy5,neural_output_average,batched,batched,cuda,256,3,9,0,1,2,toy5_gpu_core_neural_output_average_batched_256_cuda_repeat00,3,neural_policy,output_average,aggregate_row,0.0031680730171501637
toy5,neural_output_average,batched,batched,cuda,256,3,9,0,1,2,toy5_gpu_core_neural_output_average_batched_256_cuda_repeat00,3,neural_policy,output_average,write_aggregate,5.176803097128868e-05
toy5,neural_output_average,batched,batched,cuda,256,3,9,1,1,2,toy5_gpu_core_neural_output_average_batched_256_cuda_repeat01,0,neural_policy,output_average,make_run_dir,0.00015167705714702606
toy5,neural_output_average,batched,batched,cuda,256,3,9,1,1,2,toy5_gpu_core_neural_output_average_batched_256_cuda_repeat01,0,neural_policy,output_average,write_metadata,0.002110649016685784
toy5,neural_output_average,batched,batched,cuda,256,3,9,1,1,2,toy5_gpu_core_neural_output_average_batched_256_cuda_repeat01,0,neural_policy,output_average,initial_state,0.14582358102779835
toy5,neural_output_average,batched,batched,cuda,256,3,9,1,1,2,toy5_gpu_core_neural_output_average_batched_256_cuda_repeat01,0,neural_policy,output_average,writer_setup,0.0003969130339100957
toy5,neural_output_average,batched,batched,cuda,256,3,9,1,1,2,toy5_gpu_core_neural_output_average_batched_256_cuda_repeat01,0,neural_policy,output_average,initial_step_result,0.0008479270618408918
toy5,neural_output_average,batched,batched,cuda,256,3,9,1,1,2,toy5_gpu_core_neural_output_average_batched_256_cuda_repeat01,0,neural_policy,output_average,initial_aggregate_row,0.005196468089707196
toy5,neural_output_average,batched,batched,cuda,256,3,9,1,1,2,toy5_gpu_core_neural_output_average_batched_256_cuda_repeat01,0,neural_policy,output_average,write_initial_aggregate,5.230901297181845e-05
toy5,neural_output_average,batched,batched,cuda,256,3,9,1,1,2,toy5_gpu_core_neural_output_average_batched_256_cuda_repeat01,1,neural_policy,output_average,sample_revision_mask,2.2922991774976254e-05
toy5,neural_output_average,batched,batched,cuda,256,3,9,1,1,2,toy5_gpu_core_neural_output_average_batched_256_cuda_repeat01,1,neural_policy,output_average,build_step_context,0.0007172300247475505
toy5,neural_output_average,batched,batched,cuda,256,3,9,1,1,2,toy5_gpu_core_neural_output_average_batched_256_cuda_repeat01,1,neural_policy,output_average,build_observations,0.0011686040088534355
toy5,neural_output_average,batched,batched,cuda,256,3,9,1,1,2,toy5_gpu_core_neural_output_average_batched_256_cuda_repeat01,1,neural_policy,output_average,policy_readout,0.0007810799870640039
toy5,neural_output_average,batched,batched,cuda,256,3,9,1,1,2,toy5_gpu_core_neural_output_average_batched_256_cuda_repeat01,1,neural_policy,output_average,decision_selection,0.00032742100302129984
toy5,neural_output_average,batched,batched,cuda,256,3,9,1,1,2,toy5_gpu_core_neural_output_average_batched_256_cuda_repeat01,1,neural_policy,output_average,local_training,0.11012936208862811
toy5,neural_output_average,batched,batched,cuda,256,3,9,1,1,2,toy5_gpu_core_neural_output_average_batched_256_cuda_repeat01,1,neural_policy,output_average,cache_refresh,1.670198980718851e-05
toy5,neural_output_average,batched,batched,cuda,256,3,9,1,1,2,toy5_gpu_core_neural_output_average_batched_256_cuda_repeat01,1,neural_policy,output_average,post_local_readout,0.0005843369290232658
toy5,neural_output_average,batched,batched,cuda,256,3,9,1,1,2,toy5_gpu_core_neural_output_average_batched_256_cuda_repeat01,1,neural_policy,output_average,local_step,0.1136333120521158
toy5,neural_output_average,batched,batched,cuda,256,3,9,1,1,2,toy5_gpu_core_neural_output_average_batched_256_cuda_repeat01,1,neural_policy,output_average,select_peers,0.0006536890286952257
toy5,neural_output_average,batched,batched,cuda,256,3,9,1,1,2,toy5_gpu_core_neural_output_average_batched_256_cuda_repeat01,1,neural_policy,output_average,social_distillation,0.043993646977469325
toy5,neural_output_average,batched,batched,cuda,256,3,9,1,1,2,toy5_gpu_core_neural_output_average_batched_256_cuda_repeat01,1,neural_policy,output_average,social_step,0.04404523503035307
toy5,neural_output_average,batched,batched,cuda,256,3,9,1,1,2,toy5_gpu_core_neural_output_average_batched_256_cuda_repeat01,1,neural_policy,output_average,sample_actions,6.522051990032196e-06
toy5,neural_output_average,batched,batched,cuda,256,3,9,1,1,2,toy5_gpu_core_neural_output_average_batched_256_cuda_repeat01,1,neural_policy,output_average,commit_actions,4.7359964810311794e-05
toy5,neural_output_average,batched,batched,cuda,256,3,9,1,1,2,toy5_gpu_core_neural_output_average_batched_256_cuda_repeat01,1,neural_policy,output_average,post_step_state_policy,2.3353961296379566e-05
toy5,neural_output_average,batched,batched,cuda,256,3,9,1,1,2,toy5_gpu_core_neural_output_average_batched_256_cuda_repeat01,1,neural_policy,output_average,update_reputation_ema,2.102903090417385e-05
toy5,neural_output_average,batched,batched,cuda,256,3,9,1,1,2,toy5_gpu_core_neural_output_average_batched_256_cuda_repeat01,1,neural_policy,output_average,finalize_hook_step,7.283990271389484e-06
toy5,neural_output_average,batched,batched,cuda,256,3,9,1,1,2,toy5_gpu_core_neural_output_average_batched_256_cuda_repeat01,1,neural_policy,output_average,hooked_step_total,0.16049766901414841
toy5,neural_output_average,batched,batched,cuda,256,3,9,1,1,2,toy5_gpu_core_neural_output_average_batched_256_cuda_repeat01,1,neural_policy,output_average,aggregate_row,0.0029861890943720937
toy5,neural_output_average,batched,batched,cuda,256,3,9,1,1,2,toy5_gpu_core_neural_output_average_batched_256_cuda_repeat01,1,neural_policy,output_average,write_aggregate,4.951399751007557e-05
toy5,neural_output_average,batched,batched,cuda,256,3,9,1,1,2,toy5_gpu_core_neural_output_average_batched_256_cuda_repeat01,2,neural_policy,output_average,sample_revision_mask,1.7313053831458092e-05
toy5,neural_output_average,batched,batched,cuda,256,3,9,1,1,2,toy5_gpu_core_neural_output_average_batched_256_cuda_repeat01,2,neural_policy,output_average,build_step_context,0.0007175588980317116
toy5,neural_output_average,batched,batched,cuda,256,3,9,1,1,2,toy5_gpu_core_neural_output_average_batched_256_cuda_repeat01,2,neural_policy,output_average,build_observations,0.0015083479229360819
toy5,neural_output_average,batched,batched,cuda,256,3,9,1,1,2,toy5_gpu_core_neural_output_average_batched_256_cuda_repeat01,2,neural_policy,output_average,policy_readout,0.00026329897809773684
toy5,neural_output_average,batched,batched,cuda,256,3,9,1,1,2,toy5_gpu_core_neural_output_average_batched_256_cuda_repeat01,2,neural_policy,output_average,decision_selection,0.000274640042334795
toy5,neural_output_average,batched,batched,cuda,256,3,9,1,1,2,toy5_gpu_core_neural_output_average_batched_256_cuda_repeat01,2,neural_policy,output_average,local_training,0.04568306799046695
toy5,neural_output_average,batched,batched,cuda,256,3,9,1,1,2,toy5_gpu_core_neural_output_average_batched_256_cuda_repeat01,2,neural_policy,output_average,cache_refresh,1.2714997865259647e-05
toy5,neural_output_average,batched,batched,cuda,256,3,9,1,1,2,toy5_gpu_core_neural_output_average_batched_256_cuda_repeat01,2,neural_policy,output_average,post_local_readout,0.0004047170514240861
toy5,neural_output_average,batched,batched,cuda,256,3,9,1,1,2,toy5_gpu_core_neural_output_average_batched_256_cuda_repeat01,2,neural_policy,output_average,local_step,0.048562073963694274
toy5,neural_output_average,batched,batched,cuda,256,3,9,1,1,2,toy5_gpu_core_neural_output_average_batched_256_cuda_repeat01,2,neural_policy,output_average,select_peers,0.0005747389513999224
toy5,neural_output_average,batched,batched,cuda,256,3,9,1,1,2,toy5_gpu_core_neural_output_average_batched_256_cuda_repeat01,2,neural_policy,output_average,social_distillation,0.04322979901917279
toy5,neural_output_average,batched,batched,cuda,256,3,9,1,1,2,toy5_gpu_core_neural_output_average_batched_256_cuda_repeat01,2,neural_policy,output_average,social_step,0.0432880389271304
toy5,neural_output_average,batched,batched,cuda,256,3,9,1,1,2,toy5_gpu_core_neural_output_average_batched_256_cuda_repeat01,2,neural_policy,output_average,sample_actions,6.092013791203499e-06
toy5,neural_output_average,batched,batched,cuda,256,3,9,1,1,2,toy5_gpu_core_neural_output_average_batched_256_cuda_repeat01,2,neural_policy,output_average,commit_actions,4.627706948667765e-05
toy5,neural_output_average,batched,batched,cuda,256,3,9,1,1,2,toy5_gpu_core_neural_output_average_batched_256_cuda_repeat01,2,neural_policy,output_average,post_step_state_policy,1.897593028843403e-05
toy5,neural_output_average,batched,batched,cuda,256,3,9,1,1,2,toy5_gpu_core_neural_output_average_batched_256_cuda_repeat01,2,neural_policy,output_average,update_reputation_ema,2.2522988729178905e-05
toy5,neural_output_average,batched,batched,cuda,256,3,9,1,1,2,toy5_gpu_core_neural_output_average_batched_256_cuda_repeat01,2,neural_policy,output_average,finalize_hook_step,7.634982466697693e-06
toy5,neural_output_average,batched,batched,cuda,256,3,9,1,1,2,toy5_gpu_core_neural_output_average_batched_256_cuda_repeat01,2,neural_policy,output_average,hooked_step_total,0.0942195929819718
toy5,neural_output_average,batched,batched,cuda,256,3,9,1,1,2,toy5_gpu_core_neural_output_average_batched_256_cuda_repeat01,2,neural_policy,output_average,aggregate_row,0.002911958028562367
toy5,neural_output_average,batched,batched,cuda,256,3,9,1,1,2,toy5_gpu_core_neural_output_average_batched_256_cuda_repeat01,2,neural_policy,output_average,write_aggregate,0.00016718602273613214
toy5,neural_output_average,batched,batched,cuda,256,3,9,1,1,2,toy5_gpu_core_neural_output_average_batched_256_cuda_repeat01,3,neural_policy,output_average,sample_revision_mask,4.1328021325170994e-05
toy5,neural_output_average,batched,batched,cuda,256,3,9,1,1,2,toy5_gpu_core_neural_output_average_batched_256_cuda_repeat01,3,neural_policy,output_average,build_step_context,0.0009403920266777277
toy5,neural_output_average,batched,batched,cuda,256,3,9,1,1,2,toy5_gpu_core_neural_output_average_batched_256_cuda_repeat01,3,neural_policy,output_average,build_observations,0.0011064569698646665
toy5,neural_output_average,batched,batched,cuda,256,3,9,1,1,2,toy5_gpu_core_neural_output_average_batched_256_cuda_repeat01,3,neural_policy,output_average,policy_readout,0.00021845393348485231
toy5,neural_output_average,batched,batched,cuda,256,3,9,1,1,2,toy5_gpu_core_neural_output_average_batched_256_cuda_repeat01,3,neural_policy,output_average,decision_selection,0.0001990069868043065
toy5,neural_output_average,batched,batched,cuda,256,3,9,1,1,2,toy5_gpu_core_neural_output_average_batched_256_cuda_repeat01,3,neural_policy,output_average,local_training,0.041640297044068575
toy5,neural_output_average,batched,batched,cuda,256,3,9,1,1,2,toy5_gpu_core_neural_output_average_batched_256_cuda_repeat01,3,neural_policy,output_average,cache_refresh,1.278403215110302e-05
toy5,neural_output_average,batched,batched,cuda,256,3,9,1,1,2,toy5_gpu_core_neural_output_average_batched_256_cuda_repeat01,3,neural_policy,output_average,post_local_readout,0.0005460139364004135
toy5,neural_output_average,batched,batched,cuda,256,3,9,1,1,2,toy5_gpu_core_neural_output_average_batched_256_cuda_repeat01,3,neural_policy,output_average,local_step,0.044310126919299364
toy5,neural_output_average,batched,batched,cuda,256,3,9,1,1,2,toy5_gpu_core_neural_output_average_batched_256_cuda_repeat01,3,neural_policy,output_average,select_peers,0.00043800007551908493
toy5,neural_output_average,batched,batched,cuda,256,3,9,1,1,2,toy5_gpu_core_neural_output_average_batched_256_cuda_repeat01,3,neural_policy,output_average,social_distillation,0.0447629849659279
toy5,neural_output_average,batched,batched,cuda,256,3,9,1,1,2,toy5_gpu_core_neural_output_average_batched_256_cuda_repeat01,3,neural_policy,output_average,social_step,0.044826283934526145
toy5,neural_output_average,batched,batched,cuda,256,3,9,1,1,2,toy5_gpu_core_neural_output_average_batched_256_cuda_repeat01,3,neural_policy,output_average,sample_actions,7.905066013336182e-06
toy5,neural_output_average,batched,batched,cuda,256,3,9,1,1,2,toy5_gpu_core_neural_output_average_batched_256_cuda_repeat01,3,neural_policy,output_average,commit_actions,6.310001481324434e-05
toy5,neural_output_average,batched,batched,cuda,256,3,9,1,1,2,toy5_gpu_core_neural_output_average_batched_256_cuda_repeat01,3,neural_policy,output_average,post_step_state_policy,3.375392407178879e-05
toy5,neural_output_average,batched,batched,cuda,256,3,9,1,1,2,toy5_gpu_core_neural_output_average_batched_256_cuda_repeat01,3,neural_policy,output_average,update_reputation_ema,2.5788904167711735e-05
toy5,neural_output_average,batched,batched,cuda,256,3,9,1,1,2,toy5_gpu_core_neural_output_average_batched_256_cuda_repeat01,3,neural_policy,output_average,finalize_hook_step,8.216011337935925e-06
toy5,neural_output_average,batched,batched,cuda,256,3,9,1,1,2,toy5_gpu_core_neural_output_average_batched_256_cuda_repeat01,3,neural_policy,output_average,hooked_step_total,0.0920054679736495
toy5,neural_output_average,batched,batched,cuda,256,3,9,1,1,2,toy5_gpu_core_neural_output_average_batched_256_cuda_repeat01,3,neural_policy,output_average,aggregate_row,0.003622123971581459
toy5,neural_output_average,batched,batched,cuda,256,3,9,1,1,2,toy5_gpu_core_neural_output_average_batched_256_cuda_repeat01,3,neural_policy,output_average,write_aggregate,5.1257084123790264e-05
toy5,neural_output_average,batched,batched,cpu,1024,3,9,0,1,2,toy5_gpu_core_neural_output_average_batched_1024_cpu_repeat00,0,neural_policy,output_average,make_run_dir,0.00045601394958794117
toy5,neural_output_average,batched,batched,cpu,1024,3,9,0,1,2,toy5_gpu_core_neural_output_average_batched_1024_cpu_repeat00,0,neural_policy,output_average,write_metadata,0.0022569369757547975
toy5,neural_output_average,batched,batched,cpu,1024,3,9,0,1,2,toy5_gpu_core_neural_output_average_batched_1024_cpu_repeat00,0,neural_policy,output_average,initial_state,0.647136889048852
toy5,neural_output_average,batched,batched,cpu,1024,3,9,0,1,2,toy5_gpu_core_neural_output_average_batched_1024_cpu_repeat00,0,neural_policy,output_average,writer_setup,0.000726005993783474
toy5,neural_output_average,batched,batched,cpu,1024,3,9,0,1,2,toy5_gpu_core_neural_output_average_batched_1024_cpu_repeat00,0,neural_policy,output_average,initial_step_result,0.0032039909856393933
toy5,neural_output_average,batched,batched,cpu,1024,3,9,0,1,2,toy5_gpu_core_neural_output_average_batched_1024_cpu_repeat00,0,neural_policy,output_average,initial_aggregate_row,0.011622454971075058
toy5,neural_output_average,batched,batched,cpu,1024,3,9,0,1,2,toy5_gpu_core_neural_output_average_batched_1024_cpu_repeat00,0,neural_policy,output_average,write_initial_aggregate,0.00014393299352377653
toy5,neural_output_average,batched,batched,cpu,1024,3,9,0,1,2,toy5_gpu_core_neural_output_average_batched_1024_cpu_repeat00,1,neural_policy,output_average,sample_revision_mask,6.15559983998537e-05
toy5,neural_output_average,batched,batched,cpu,1024,3,9,0,1,2,toy5_gpu_core_neural_output_average_batched_1024_cpu_repeat00,1,neural_policy,output_average,build_step_context,0.0027896370738744736
toy5,neural_output_average,batched,batched,cpu,1024,3,9,0,1,2,toy5_gpu_core_neural_output_average_batched_1024_cpu_repeat00,1,neural_policy,output_average,build_observations,0.00433662801515311
toy5,neural_output_average,batched,batched,cpu,1024,3,9,0,1,2,toy5_gpu_core_neural_output_average_batched_1024_cpu_repeat00,1,neural_policy,output_average,policy_readout,0.0009682950330898166
toy5,neural_output_average,batched,batched,cpu,1024,3,9,0,1,2,toy5_gpu_core_neural_output_average_batched_1024_cpu_repeat00,1,neural_policy,output_average,decision_selection,0.0011745759984478354
toy5,neural_output_average,batched,batched,cpu,1024,3,9,0,1,2,toy5_gpu_core_neural_output_average_batched_1024_cpu_repeat00,1,neural_policy,output_average,local_training,0.12318172701634467
toy5,neural_output_average,batched,batched,cpu,1024,3,9,0,1,2,toy5_gpu_core_neural_output_average_batched_1024_cpu_repeat00,1,neural_policy,output_average,cache_refresh,1.5559024177491665e-05
toy5,neural_output_average,batched,batched,cpu,1024,3,9,0,1,2,toy5_gpu_core_neural_output_average_batched_1024_cpu_repeat00,1,neural_policy,output_average,post_local_readout,0.0008222080068662763
toy5,neural_output_average,batched,batched,cpu,1024,3,9,0,1,2,toy5_gpu_core_neural_output_average_batched_1024_cpu_repeat00,1,neural_policy,output_average,local_step,0.13091772596817464
toy5,neural_output_average,batched,batched,cpu,1024,3,9,0,1,2,toy5_gpu_core_neural_output_average_batched_1024_cpu_repeat00,1,neural_policy,output_average,select_peers,0.0013075879542157054
toy5,neural_output_average,batched,batched,cpu,1024,3,9,0,1,2,toy5_gpu_core_neural_output_average_batched_1024_cpu_repeat00,1,neural_policy,output_average,social_distillation,0.09866153099574149
toy5,neural_output_average,batched,batched,cpu,1024,3,9,0,1,2,toy5_gpu_core_neural_output_average_batched_1024_cpu_repeat00,1,neural_policy,output_average,social_step,0.09872705594170839
toy5,neural_output_average,batched,batched,cpu,1024,3,9,0,1,2,toy5_gpu_core_neural_output_average_batched_1024_cpu_repeat00,1,neural_policy,output_average,sample_actions,3.3460091799497604e-06
toy5,neural_output_average,batched,batched,cpu,1024,3,9,0,1,2,toy5_gpu_core_neural_output_average_batched_1024_cpu_repeat00,1,neural_policy,output_average,commit_actions,4.690897185355425e-05
toy5,neural_output_average,batched,batched,cpu,1024,3,9,0,1,2,toy5_gpu_core_neural_output_average_batched_1024_cpu_repeat00,1,neural_policy,output_average,post_step_state_policy,2.1019019186496735e-05
toy5,neural_output_average,batched,batched,cpu,1024,3,9,0,1,2,toy5_gpu_core_neural_output_average_batched_1024_cpu_repeat00,1,neural_policy,output_average,update_reputation_ema,3.064796328544617e-05
toy5,neural_output_average,batched,batched,cpu,1024,3,9,0,1,2,toy5_gpu_core_neural_output_average_batched_1024_cpu_repeat00,1,neural_policy,output_average,finalize_hook_step,3.105960786342621e-06
toy5,neural_output_average,batched,batched,cpu,1024,3,9,0,1,2,toy5_gpu_core_neural_output_average_batched_1024_cpu_repeat00,1,neural_policy,output_average,hooked_step_total,0.23525723698548973
toy5,neural_output_average,batched,batched,cpu,1024,3,9,0,1,2,toy5_gpu_core_neural_output_average_batched_1024_cpu_repeat00,1,neural_policy,output_average,aggregate_row,0.011163595016114414
toy5,neural_output_average,batched,batched,cpu,1024,3,9,0,1,2,toy5_gpu_core_neural_output_average_batched_1024_cpu_repeat00,1,neural_policy,output_average,write_aggregate,4.879303742200136e-05
toy5,neural_output_average,batched,batched,cpu,1024,3,9,0,1,2,toy5_gpu_core_neural_output_average_batched_1024_cpu_repeat00,2,neural_policy,output_average,sample_revision_mask,1.0880990885198116e-05
toy5,neural_output_average,batched,batched,cpu,1024,3,9,0,1,2,toy5_gpu_core_neural_output_average_batched_1024_cpu_repeat00,2,neural_policy,output_average,build_step_context,0.0027102159801870584
toy5,neural_output_average,batched,batched,cpu,1024,3,9,0,1,2,toy5_gpu_core_neural_output_average_batched_1024_cpu_repeat00,2,neural_policy,output_average,build_observations,0.00450372404884547
toy5,neural_output_average,batched,batched,cpu,1024,3,9,0,1,2,toy5_gpu_core_neural_output_average_batched_1024_cpu_repeat00,2,neural_policy,output_average,policy_readout,0.0007831139955669641
toy5,neural_output_average,batched,batched,cpu,1024,3,9,0,1,2,toy5_gpu_core_neural_output_average_batched_1024_cpu_repeat00,2,neural_policy,output_average,decision_selection,0.0007676440291106701
toy5,neural_output_average,batched,batched,cpu,1024,3,9,0,1,2,toy5_gpu_core_neural_output_average_batched_1024_cpu_repeat00,2,neural_policy,output_average,local_training,0.08395180699881166
toy5,neural_output_average,batched,batched,cpu,1024,3,9,0,1,2,toy5_gpu_core_neural_output_average_batched_1024_cpu_repeat00,2,neural_policy,output_average,cache_refresh,1.1352007277309895e-05
toy5,neural_output_average,batched,batched,cpu,1024,3,9,0,1,2,toy5_gpu_core_neural_output_average_batched_1024_cpu_repeat00,2,neural_policy,output_average,post_local_readout,0.0012642649235203862
toy5,neural_output_average,batched,batched,cpu,1024,3,9,0,1,2,toy5_gpu_core_neural_output_average_batched_1024_cpu_repeat00,2,neural_policy,output_average,local_step,0.09196337894536555
toy5,neural_output_average,batched,batched,cpu,1024,3,9,0,1,2,toy5_gpu_core_neural_output_average_batched_1024_cpu_repeat00,2,neural_policy,output_average,select_peers,0.0013576630735769868
toy5,neural_output_average,batched,batched,cpu,1024,3,9,0,1,2,toy5_gpu_core_neural_output_average_batched_1024_cpu_repeat00,2,neural_policy,output_average,social_distillation,0.09530618297867477
toy5,neural_output_average,batched,batched,cpu,1024,3,9,0,1,2,toy5_gpu_core_neural_output_average_batched_1024_cpu_repeat00,2,neural_policy,output_average,social_step,0.09538876998703927
toy5,neural_output_average,batched,batched,cpu,1024,3,9,0,1,2,toy5_gpu_core_neural_output_average_batched_1024_cpu_repeat00,2,neural_policy,output_average,sample_actions,9.110663086175919e-07
toy5,neural_output_average,batched,batched,cpu,1024,3,9,0,1,2,toy5_gpu_core_neural_output_average_batched_1024_cpu_repeat00,2,neural_policy,output_average,commit_actions,4.885194357484579e-05
toy5,neural_output_average,batched,batched,cpu,1024,3,9,0,1,2,toy5_gpu_core_neural_output_average_batched_1024_cpu_repeat00,2,neural_policy,output_average,post_step_state_policy,2.1721934899687767e-05
toy5,neural_output_average,batched,batched,cpu,1024,3,9,0,1,2,toy5_gpu_core_neural_output_average_batched_1024_cpu_repeat00,2,neural_policy,output_average,update_reputation_ema,2.6459922082722187e-05
toy5,neural_output_average,batched,batched,cpu,1024,3,9,0,1,2,toy5_gpu_core_neural_output_average_batched_1024_cpu_repeat00,2,neural_policy,output_average,finalize_hook_step,3.1759263947606087e-06
toy5,neural_output_average,batched,batched,cpu,1024,3,9,0,1,2,toy5_gpu_core_neural_output_average_batched_1024_cpu_repeat00,2,neural_policy,output_average,hooked_step_total,0.19328078301623464
toy5,neural_output_average,batched,batched,cpu,1024,3,9,0,1,2,toy5_gpu_core_neural_output_average_batched_1024_cpu_repeat00,2,neural_policy,output_average,aggregate_row,0.011525189969688654
toy5,neural_output_average,batched,batched,cpu,1024,3,9,0,1,2,toy5_gpu_core_neural_output_average_batched_1024_cpu_repeat00,2,neural_policy,output_average,write_aggregate,5.455303471535444e-05
toy5,neural_output_average,batched,batched,cpu,1024,3,9,0,1,2,toy5_gpu_core_neural_output_average_batched_1024_cpu_repeat00,3,neural_policy,output_average,sample_revision_mask,1.5157973393797874e-05
toy5,neural_output_average,batched,batched,cpu,1024,3,9,0,1,2,toy5_gpu_core_neural_output_average_batched_1024_cpu_repeat00,3,neural_policy,output_average,build_step_context,0.0027200940530747175
toy5,neural_output_average,batched,batched,cpu,1024,3,9,0,1,2,toy5_gpu_core_neural_output_average_batched_1024_cpu_repeat00,3,neural_policy,output_average,build_observations,0.004749340005218983
toy5,neural_output_average,batched,batched,cpu,1024,3,9,0,1,2,toy5_gpu_core_neural_output_average_batched_1024_cpu_repeat00,3,neural_policy,output_average,policy_readout,0.0007374970009550452
toy5,neural_output_average,batched,batched,cpu,1024,3,9,0,1,2,toy5_gpu_core_neural_output_average_batched_1024_cpu_repeat00,3,neural_policy,output_average,decision_selection,0.0005308360559865832
toy5,neural_output_average,batched,batched,cpu,1024,3,9,0,1,2,toy5_gpu_core_neural_output_average_batched_1024_cpu_repeat00,3,neural_policy,output_average,local_training,0.09431911201681942
toy5,neural_output_average,batched,batched,cpu,1024,3,9,0,1,2,toy5_gpu_core_neural_output_average_batched_1024_cpu_repeat00,3,neural_policy,output_average,cache_refresh,9.548035450279713e-06
toy5,neural_output_average,batched,batched,cpu,1024,3,9,0,1,2,toy5_gpu_core_neural_output_average_batched_1024_cpu_repeat00,3,neural_policy,output_average,post_local_readout,0.0010694559896364808
toy5,neural_output_average,batched,batched,cpu,1024,3,9,0,1,2,toy5_gpu_core_neural_output_average_batched_1024_cpu_repeat00,3,neural_policy,output_average,local_step,0.102003343985416
toy5,neural_output_average,batched,batched,cpu,1024,3,9,0,1,2,toy5_gpu_core_neural_output_average_batched_1024_cpu_repeat00,3,neural_policy,output_average,select_peers,0.0015429829945787787
toy5,neural_output_average,batched,batched,cpu,1024,3,9,0,1,2,toy5_gpu_core_neural_output_average_batched_1024_cpu_repeat00,3,neural_policy,output_average,social_distillation,0.08694203291088343
toy5,neural_output_average,batched,batched,cpu,1024,3,9,0,1,2,toy5_gpu_core_neural_output_average_batched_1024_cpu_repeat00,3,neural_policy,output_average,social_step,0.08699993300251663
toy5,neural_output_average,batched,batched,cpu,1024,3,9,0,1,2,toy5_gpu_core_neural_output_average_batched_1024_cpu_repeat00,3,neural_policy,output_average,sample_actions,1.6529811546206474e-06
toy5,neural_output_average,batched,batched,cpu,1024,3,9,0,1,2,toy5_gpu_core_neural_output_average_batched_1024_cpu_repeat00,3,neural_policy,output_average,commit_actions,5.351100116968155e-05
toy5,neural_output_average,batched,batched,cpu,1024,3,9,0,1,2,toy5_gpu_core_neural_output_average_batched_1024_cpu_repeat00,3,neural_policy,output_average,post_step_state_policy,2.2031948901712894e-05
toy5,neural_output_average,batched,batched,cpu,1024,3,9,0,1,2,toy5_gpu_core_neural_output_average_batched_1024_cpu_repeat00,3,neural_policy,output_average,update_reputation_ema,2.744200173765421e-05
toy5,neural_output_average,batched,batched,cpu,1024,3,9,0,1,2,toy5_gpu_core_neural_output_average_batched_1024_cpu_repeat00,3,neural_policy,output_average,finalize_hook_step,5.8820005506277084e-06
toy5,neural_output_average,batched,batched,cpu,1024,3,9,0,1,2,toy5_gpu_core_neural_output_average_batched_1024_cpu_repeat00,3,neural_policy,output_average,hooked_step_total,0.19530808506533504
toy5,neural_output_average,batched,batched,cpu,1024,3,9,0,1,2,toy5_gpu_core_neural_output_average_batched_1024_cpu_repeat00,3,neural_policy,output_average,aggregate_row,0.012415747973136604
toy5,neural_output_average,batched,batched,cpu,1024,3,9,0,1,2,toy5_gpu_core_neural_output_average_batched_1024_cpu_repeat00,3,neural_policy,output_average,write_aggregate,7.527298294007778e-05
toy5,neural_output_average,batched,batched,cpu,1024,3,9,1,1,2,toy5_gpu_core_neural_output_average_batched_1024_cpu_repeat01,0,neural_policy,output_average,make_run_dir,0.0005003080004826188
toy5,neural_output_average,batched,batched,cpu,1024,3,9,1,1,2,toy5_gpu_core_neural_output_average_batched_1024_cpu_repeat01,0,neural_policy,output_average,write_metadata,0.002536537009291351
toy5,neural_output_average,batched,batched,cpu,1024,3,9,1,1,2,toy5_gpu_core_neural_output_average_batched_1024_cpu_repeat01,0,neural_policy,output_average,initial_state,0.6514641110552475
toy5,neural_output_average,batched,batched,cpu,1024,3,9,1,1,2,toy5_gpu_core_neural_output_average_batched_1024_cpu_repeat01,0,neural_policy,output_average,writer_setup,0.0012105940841138363
toy5,neural_output_average,batched,batched,cpu,1024,3,9,1,1,2,toy5_gpu_core_neural_output_average_batched_1024_cpu_repeat01,0,neural_policy,output_average,initial_step_result,0.0025837660068646073
toy5,neural_output_average,batched,batched,cpu,1024,3,9,1,1,2,toy5_gpu_core_neural_output_average_batched_1024_cpu_repeat01,0,neural_policy,output_average,initial_aggregate_row,0.009654155001044273
toy5,neural_output_average,batched,batched,cpu,1024,3,9,1,1,2,toy5_gpu_core_neural_output_average_batched_1024_cpu_repeat01,0,neural_policy,output_average,write_initial_aggregate,9.658292401582003e-05
toy5,neural_output_average,batched,batched,cpu,1024,3,9,1,1,2,toy5_gpu_core_neural_output_average_batched_1024_cpu_repeat01,1,neural_policy,output_average,sample_revision_mask,2.647994551807642e-05
toy5,neural_output_average,batched,batched,cpu,1024,3,9,1,1,2,toy5_gpu_core_neural_output_average_batched_1024_cpu_repeat01,1,neural_policy,output_average,build_step_context,0.0027952870586887
toy5,neural_output_average,batched,batched,cpu,1024,3,9,1,1,2,toy5_gpu_core_neural_output_average_batched_1024_cpu_repeat01,1,neural_policy,output_average,build_observations,0.0044104179833084345
toy5,neural_output_average,batched,batched,cpu,1024,3,9,1,1,2,toy5_gpu_core_neural_output_average_batched_1024_cpu_repeat01,1,neural_policy,output_average,policy_readout,0.0013678820105269551
toy5,neural_output_average,batched,batched,cpu,1024,3,9,1,1,2,toy5_gpu_core_neural_output_average_batched_1024_cpu_repeat01,1,neural_policy,output_average,decision_selection,0.001222215942107141
toy5,neural_output_average,batched,batched,cpu,1024,3,9,1,1,2,toy5_gpu_core_neural_output_average_batched_1024_cpu_repeat01,1,neural_policy,output_average,local_training,0.14267035794910043
toy5,neural_output_average,batched,batched,cpu,1024,3,9,1,1,2,toy5_gpu_core_neural_output_average_batched_1024_cpu_repeat01,1,neural_policy,output_average,cache_refresh,1.765298657119274e-05
toy5,neural_output_average,batched,batched,cpu,1024,3,9,1,1,2,toy5_gpu_core_neural_output_average_batched_1024_cpu_repeat01,1,neural_policy,output_average,post_local_readout,0.0016647949814796448
toy5,neural_output_average,batched,batched,cpu,1024,3,9,1,1,2,toy5_gpu_core_neural_output_average_batched_1024_cpu_repeat01,1,neural_policy,output_average,local_step,0.1520445611095056
toy5,neural_output_average,batched,batched,cpu,1024,3,9,1,1,2,toy5_gpu_core_neural_output_average_batched_1024_cpu_repeat01,1,neural_policy,output_average,select_peers,0.0018746620044112206
toy5,neural_output_average,batched,batched,cpu,1024,3,9,1,1,2,toy5_gpu_core_neural_output_average_batched_1024_cpu_repeat01,1,neural_policy,output_average,social_distillation,0.10492562199942768
toy5,neural_output_average,batched,batched,cpu,1024,3,9,1,1,2,toy5_gpu_core_neural_output_average_batched_1024_cpu_repeat01,1,neural_policy,output_average,social_step,0.10532457800582051
toy5,neural_output_average,batched,batched,cpu,1024,3,9,1,1,2,toy5_gpu_core_neural_output_average_batched_1024_cpu_repeat01,1,neural_policy,output_average,sample_actions,2.9350630939006805e-06
toy5,neural_output_average,batched,batched,cpu,1024,3,9,1,1,2,toy5_gpu_core_neural_output_average_batched_1024_cpu_repeat01,1,neural_policy,output_average,commit_actions,0.00010045000817626715
toy5,neural_output_average,batched,batched,cpu,1024,3,9,1,1,2,toy5_gpu_core_neural_output_average_batched_1024_cpu_repeat01,1,neural_policy,output_average,post_step_state_policy,3.952498082071543e-05
toy5,neural_output_average,batched,batched,cpu,1024,3,9,1,1,2,toy5_gpu_core_neural_output_average_batched_1024_cpu_repeat01,1,neural_policy,output_average,update_reputation_ema,7.035396993160248e-05
toy5,neural_output_average,batched,batched,cpu,1024,3,9,1,1,2,toy5_gpu_core_neural_output_average_batched_1024_cpu_repeat01,1,neural_policy,output_average,finalize_hook_step,8.004950359463692e-06
toy5,neural_output_average,batched,batched,cpu,1024,3,9,1,1,2,toy5_gpu_core_neural_output_average_batched_1024_cpu_repeat01,1,neural_policy,output_average,hooked_step_total,0.2658315650187433
toy5,neural_output_average,batched,batched,cpu,1024,3,9,1,1,2,toy5_gpu_core_neural_output_average_batched_1024_cpu_repeat01,1,neural_policy,output_average,aggregate_row,0.012637458043172956
toy5,neural_output_average,batched,batched,cpu,1024,3,9,1,1,2,toy5_gpu_core_neural_output_average_batched_1024_cpu_repeat01,1,neural_policy,output_average,write_aggregate,5.912198685109615e-05
toy5,neural_output_average,batched,batched,cpu,1024,3,9,1,1,2,toy5_gpu_core_neural_output_average_batched_1024_cpu_repeat01,2,neural_policy,output_average,sample_revision_mask,1.7122947610914707e-05
toy5,neural_output_average,batched,batched,cpu,1024,3,9,1,1,2,toy5_gpu_core_neural_output_average_batched_1024_cpu_repeat01,2,neural_policy,output_average,build_step_context,0.0027221189811825752
toy5,neural_output_average,batched,batched,cpu,1024,3,9,1,1,2,toy5_gpu_core_neural_output_average_batched_1024_cpu_repeat01,2,neural_policy,output_average,build_observations,0.004200599971227348
toy5,neural_output_average,batched,batched,cpu,1024,3,9,1,1,2,toy5_gpu_core_neural_output_average_batched_1024_cpu_repeat01,2,neural_policy,output_average,policy_readout,0.0008383190724998713
toy5,neural_output_average,batched,batched,cpu,1024,3,9,1,1,2,toy5_gpu_core_neural_output_average_batched_1024_cpu_repeat01,2,neural_policy,output_average,decision_selection,0.0005597609560936689
toy5,neural_output_average,batched,batched,cpu,1024,3,9,1,1,2,toy5_gpu_core_neural_output_average_batched_1024_cpu_repeat01,2,neural_policy,output_average,local_training,0.10236639203503728
toy5,neural_output_average,batched,batched,cpu,1024,3,9,1,1,2,toy5_gpu_core_neural_output_average_batched_1024_cpu_repeat01,2,neural_policy,output_average,cache_refresh,8.89599323272705e-06
toy5,neural_output_average,batched,batched,cpu,1024,3,9,1,1,2,toy5_gpu_core_neural_output_average_batched_1024_cpu_repeat01,2,neural_policy,output_average,post_local_readout,0.0007110170554369688
toy5,neural_output_average,batched,batched,cpu,1024,3,9,1,1,2,toy5_gpu_core_neural_output_average_batched_1024_cpu_repeat01,2,neural_policy,output_average,local_step,0.10920287691988051
toy5,neural_output_average,batched,batched,cpu,1024,3,9,1,1,2,toy5_gpu_core_neural_output_average_batched_1024_cpu_repeat01,2,neural_policy,output_average,select_peers,0.0020429810974746943
toy5,neural_output_average,batched,batched,cpu,1024,3,9,1,1,2,toy5_gpu_core_neural_output_average_batched_1024_cpu_repeat01,2,neural_policy,output_average,social_distillation,0.0997111500473693
toy5,neural_output_average,batched,batched,cpu,1024,3,9,1,1,2,toy5_gpu_core_neural_output_average_batched_1024_cpu_repeat01,2,neural_policy,output_average,social_step,0.09987730497960001
toy5,neural_output_average,batched,batched,cpu,1024,3,9,1,1,2,toy5_gpu_core_neural_output_average_batched_1024_cpu_repeat01,2,neural_policy,output_average,sample_actions,1.401989720761776e-06
toy5,neural_output_average,batched,batched,cpu,1024,3,9,1,1,2,toy5_gpu_core_neural_output_average_batched_1024_cpu_repeat01,2,neural_policy,output_average,commit_actions,5.796004552394152e-05
toy5,neural_output_average,batched,batched,cpu,1024,3,9,1,1,2,toy5_gpu_core_neural_output_average_batched_1024_cpu_repeat01,2,neural_policy,output_average,post_step_state_policy,2.4036038666963577e-05
toy5,neural_output_average,batched,batched,cpu,1024,3,9,1,1,2,toy5_gpu_core_neural_output_average_batched_1024_cpu_repeat01,2,neural_policy,output_average,update_reputation_ema,3.700004890561104e-05
toy5,neural_output_average,batched,batched,cpu,1024,3,9,1,1,2,toy5_gpu_core_neural_output_average_batched_1024_cpu_repeat01,2,neural_policy,output_average,finalize_hook_step,5.841022357344627e-06
toy5,neural_output_average,batched,batched,cpu,1024,3,9,1,1,2,toy5_gpu_core_neural_output_average_batched_1024_cpu_repeat01,2,neural_policy,output_average,hooked_step_total,0.2161542879184708
toy5,neural_output_average,batched,batched,cpu,1024,3,9,1,1,2,toy5_gpu_core_neural_output_average_batched_1024_cpu_repeat01,2,neural_policy,output_average,aggregate_row,0.013716042041778564
toy5,neural_output_average,batched,batched,cpu,1024,3,9,1,1,2,toy5_gpu_core_neural_output_average_batched_1024_cpu_repeat01,2,neural_policy,output_average,write_aggregate,6.70870067551732e-05
toy5,neural_output_average,batched,batched,cpu,1024,3,9,1,1,2,toy5_gpu_core_neural_output_average_batched_1024_cpu_repeat01,3,neural_policy,output_average,sample_revision_mask,1.6311067156493664e-05
toy5,neural_output_average,batched,batched,cpu,1024,3,9,1,1,2,toy5_gpu_core_neural_output_average_batched_1024_cpu_repeat01,3,neural_policy,output_average,build_step_context,0.0027496099937707186
toy5,neural_output_average,batched,batched,cpu,1024,3,9,1,1,2,toy5_gpu_core_neural_output_average_batched_1024_cpu_repeat01,3,neural_policy,output_average,build_observations,0.004441055003553629
toy5,neural_output_average,batched,batched,cpu,1024,3,9,1,1,2,toy5_gpu_core_neural_output_average_batched_1024_cpu_repeat01,3,neural_policy,output_average,policy_readout,0.0006561029003933072
toy5,neural_output_average,batched,batched,cpu,1024,3,9,1,1,2,toy5_gpu_core_neural_output_average_batched_1024_cpu_repeat01,3,neural_policy,output_average,decision_selection,0.0005198960425332189
toy5,neural_output_average,batched,batched,cpu,1024,3,9,1,1,2,toy5_gpu_core_neural_output_average_batched_1024_cpu_repeat01,3,neural_policy,output_average,local_training,0.1031052820617333
toy5,neural_output_average,batched,batched,cpu,1024,3,9,1,1,2,toy5_gpu_core_neural_output_average_batched_1024_cpu_repeat01,3,neural_policy,output_average,cache_refresh,1.2913951650261879e-05
toy5,neural_output_average,batched,batched,cpu,1024,3,9,1,1,2,toy5_gpu_core_neural_output_average_batched_1024_cpu_repeat01,3,neural_policy,output_average,post_local_readout,0.0014074170030653477
toy5,neural_output_average,batched,batched,cpu,1024,3,9,1,1,2,toy5_gpu_core_neural_output_average_batched_1024_cpu_repeat01,3,neural_policy,output_average,local_step,0.11079289996996522
toy5,neural_output_average,batched,batched,cpu,1024,3,9,1,1,2,toy5_gpu_core_neural_output_average_batched_1024_cpu_repeat01,3,neural_policy,output_average,select_peers,0.0021384430583566427
toy5,neural_output_average,batched,batched,cpu,1024,3,9,1,1,2,toy5_gpu_core_neural_output_average_batched_1024_cpu_repeat01,3,neural_policy,output_average,social_distillation,0.10048574907705188
toy5,neural_output_average,batched,batched,cpu,1024,3,9,1,1,2,toy5_gpu_core_neural_output_average_batched_1024_cpu_repeat01,3,neural_policy,output_average,social_step,0.10054753499571234
toy5,neural_output_average,batched,batched,cpu,1024,3,9,1,1,2,toy5_gpu_core_neural_output_average_batched_1024_cpu_repeat01,3,neural_policy,output_average,sample_actions,2.344953827559948e-06
toy5,neural_output_average,batched,batched,cpu,1024,3,9,1,1,2,toy5_gpu_core_neural_output_average_batched_1024_cpu_repeat01,3,neural_policy,output_average,commit_actions,4.8532034270465374e-05
toy5,neural_output_average,batched,batched,cpu,1024,3,9,1,1,2,toy5_gpu_core_neural_output_average_batched_1024_cpu_repeat01,3,neural_policy,output_average,post_step_state_policy,2.1170941181480885e-05
toy5,neural_output_average,batched,batched,cpu,1024,3,9,1,1,2,toy5_gpu_core_neural_output_average_batched_1024_cpu_repeat01,3,neural_policy,output_average,update_reputation_ema,2.557900734245777e-05
toy5,neural_output_average,batched,batched,cpu,1024,3,9,1,1,2,toy5_gpu_core_neural_output_average_batched_1024_cpu_repeat01,3,neural_policy,output_average,finalize_hook_step,3.938097506761551e-06
toy5,neural_output_average,batched,batched,cpu,1024,3,9,1,1,2,toy5_gpu_core_neural_output_average_batched_1024_cpu_repeat01,3,neural_policy,output_average,hooked_step_total,0.21830151800531894
toy5,neural_output_average,batched,batched,cpu,1024,3,9,1,1,2,toy5_gpu_core_neural_output_average_batched_1024_cpu_repeat01,3,neural_policy,output_average,aggregate_row,0.01234930194914341
toy5,neural_output_average,batched,batched,cpu,1024,3,9,1,1,2,toy5_gpu_core_neural_output_average_batched_1024_cpu_repeat01,3,neural_policy,output_average,write_aggregate,6.631598807871342e-05
toy5,neural_output_average,batched,batched,cuda,1024,3,9,0,1,2,toy5_gpu_core_neural_output_average_batched_1024_cuda_repeat00,0,neural_policy,output_average,make_run_dir,0.0005781149957329035
toy5,neural_output_average,batched,batched,cuda,1024,3,9,0,1,2,toy5_gpu_core_neural_output_average_batched_1024_cuda_repeat00,0,neural_policy,output_average,write_metadata,0.002702921978197992
toy5,neural_output_average,batched,batched,cuda,1024,3,9,0,1,2,toy5_gpu_core_neural_output_average_batched_1024_cuda_repeat00,0,neural_policy,output_average,initial_state,0.767785694100894
toy5,neural_output_average,batched,batched,cuda,1024,3,9,0,1,2,toy5_gpu_core_neural_output_average_batched_1024_cuda_repeat00,0,neural_policy,output_average,writer_setup,0.000511910067871213
toy5,neural_output_average,batched,batched,cuda,1024,3,9,0,1,2,toy5_gpu_core_neural_output_average_batched_1024_cuda_repeat00,0,neural_policy,output_average,initial_step_result,0.002219035057350993
toy5,neural_output_average,batched,batched,cuda,1024,3,9,0,1,2,toy5_gpu_core_neural_output_average_batched_1024_cuda_repeat00,0,neural_policy,output_average,initial_aggregate_row,0.00943100091535598
toy5,neural_output_average,batched,batched,cuda,1024,3,9,0,1,2,toy5_gpu_core_neural_output_average_batched_1024_cuda_repeat00,0,neural_policy,output_average,write_initial_aggregate,4.62669413536787e-05
toy5,neural_output_average,batched,batched,cuda,1024,3,9,0,1,2,toy5_gpu_core_neural_output_average_batched_1024_cuda_repeat00,1,neural_policy,output_average,sample_revision_mask,1.9807019270956516e-05
toy5,neural_output_average,batched,batched,cuda,1024,3,9,0,1,2,toy5_gpu_core_neural_output_average_batched_1024_cuda_repeat00,1,neural_policy,output_average,build_step_context,0.0028374569956213236
toy5,neural_output_average,batched,batched,cuda,1024,3,9,0,1,2,toy5_gpu_core_neural_output_average_batched_1024_cuda_repeat00,1,neural_policy,output_average,build_observations,0.004145996063016355
toy5,neural_output_average,batched,batched,cuda,1024,3,9,0,1,2,toy5_gpu_core_neural_output_average_batched_1024_cuda_repeat00,1,neural_policy,output_average,policy_readout,0.0005586179904639721
toy5,neural_output_average,batched,batched,cuda,1024,3,9,0,1,2,toy5_gpu_core_neural_output_average_batched_1024_cuda_repeat00,1,neural_policy,output_average,decision_selection,0.0011899949749931693
toy5,neural_output_average,batched,batched,cuda,1024,3,9,0,1,2,toy5_gpu_core_neural_output_average_batched_1024_cuda_repeat00,1,neural_policy,output_average,local_training,0.2528796740807593
toy5,neural_output_average,batched,batched,cuda,1024,3,9,0,1,2,toy5_gpu_core_neural_output_average_batched_1024_cuda_repeat00,1,neural_policy,output_average,cache_refresh,2.045894507318735e-05
toy5,neural_output_average,batched,batched,cuda,1024,3,9,0,1,2,toy5_gpu_core_neural_output_average_batched_1024_cuda_repeat00,1,neural_policy,output_average,post_local_readout,0.0006256760098040104
toy5,neural_output_average,batched,batched,cuda,1024,3,9,0,1,2,toy5_gpu_core_neural_output_average_batched_1024_cuda_repeat00,1,neural_policy,output_average,local_step,0.2601496099960059
toy5,neural_output_average,batched,batched,cuda,1024,3,9,0,1,2,toy5_gpu_core_neural_output_average_batched_1024_cuda_repeat00,1,neural_policy,output_average,select_peers,0.0020816950127482414
toy5,neural_output_average,batched,batched,cuda,1024,3,9,0,1,2,toy5_gpu_core_neural_output_average_batched_1024_cuda_repeat00,1,neural_policy,output_average,social_distillation,0.17800034896936268
toy5,neural_output_average,batched,batched,cuda,1024,3,9,0,1,2,toy5_gpu_core_neural_output_average_batched_1024_cuda_repeat00,1,neural_policy,output_average,social_step,0.17815676506143063
toy5,neural_output_average,batched,batched,cuda,1024,3,9,0,1,2,toy5_gpu_core_neural_output_average_batched_1024_cuda_repeat00,1,neural_policy,output_average,sample_actions,8.156057447195053e-06
toy5,neural_output_average,batched,batched,cuda,1024,3,9,0,1,2,toy5_gpu_core_neural_output_average_batched_1024_cuda_repeat00,1,neural_policy,output_average,commit_actions,8.959905244410038e-05
toy5,neural_output_average,batched,batched,cuda,1024,3,9,0,1,2,toy5_gpu_core_neural_output_average_batched_1024_cuda_repeat00,1,neural_policy,output_average,post_step_state_policy,5.008489824831486e-05
toy5,neural_output_average,batched,batched,cuda,1024,3,9,0,1,2,toy5_gpu_core_neural_output_average_batched_1024_cuda_repeat00,1,neural_policy,output_average,update_reputation_ema,4.8622023314237595e-05
toy5,neural_output_average,batched,batched,cuda,1024,3,9,0,1,2,toy5_gpu_core_neural_output_average_batched_1024_cuda_repeat00,1,neural_policy,output_average,finalize_hook_step,9.658047929406166e-06
toy5,neural_output_average,batched,batched,cuda,1024,3,9,0,1,2,toy5_gpu_core_neural_output_average_batched_1024_cuda_repeat00,1,neural_policy,output_average,hooked_step_total,0.44579826202243567
toy5,neural_output_average,batched,batched,cuda,1024,3,9,0,1,2,toy5_gpu_core_neural_output_average_batched_1024_cuda_repeat00,1,neural_policy,output_average,aggregate_row,0.011454275925643742
toy5,neural_output_average,batched,batched,cuda,1024,3,9,0,1,2,toy5_gpu_core_neural_output_average_batched_1024_cuda_repeat00,1,neural_policy,output_average,write_aggregate,5.455303471535444e-05
toy5,neural_output_average,batched,batched,cuda,1024,3,9,0,1,2,toy5_gpu_core_neural_output_average_batched_1024_cuda_repeat00,2,neural_policy,output_average,sample_revision_mask,1.7313053831458092e-05
toy5,neural_output_average,batched,batched,cuda,1024,3,9,0,1,2,toy5_gpu_core_neural_output_average_batched_1024_cuda_repeat00,2,neural_policy,output_average,build_step_context,0.002946372958831489
toy5,neural_output_average,batched,batched,cuda,1024,3,9,0,1,2,toy5_gpu_core_neural_output_average_batched_1024_cuda_repeat00,2,neural_policy,output_average,build_observations,0.004494836903177202
toy5,neural_output_average,batched,batched,cuda,1024,3,9,0,1,2,toy5_gpu_core_neural_output_average_batched_1024_cuda_repeat00,2,neural_policy,output_average,policy_readout,0.0006746489088982344
toy5,neural_output_average,batched,batched,cuda,1024,3,9,0,1,2,toy5_gpu_core_neural_output_average_batched_1024_cuda_repeat00,2,neural_policy,output_average,decision_selection,0.0006651299772784114
toy5,neural_output_average,batched,batched,cuda,1024,3,9,0,1,2,toy5_gpu_core_neural_output_average_batched_1024_cuda_repeat00,2,neural_policy,output_average,local_training,0.1786782939452678
toy5,neural_output_average,batched,batched,cuda,1024,3,9,0,1,2,toy5_gpu_core_neural_output_average_batched_1024_cuda_repeat00,2,neural_policy,output_average,cache_refresh,2.0368024706840515e-05
toy5,neural_output_average,batched,batched,cuda,1024,3,9,0,1,2,toy5_gpu_core_neural_output_average_batched_1024_cuda_repeat00,2,neural_policy,output_average,post_local_readout,0.0007000260520726442
toy5,neural_output_average,batched,batched,cuda,1024,3,9,0,1,2,toy5_gpu_core_neural_output_average_batched_1024_cuda_repeat00,2,neural_policy,output_average,local_step,0.18600816407706589
toy5,neural_output_average,batched,batched,cuda,1024,3,9,0,1,2,toy5_gpu_core_neural_output_average_batched_1024_cuda_repeat00,2,neural_policy,output_average,select_peers,0.0016795429401099682
toy5,neural_output_average,batched,batched,cuda,1024,3,9,0,1,2,toy5_gpu_core_neural_output_average_batched_1024_cuda_repeat00,2,neural_policy,output_average,social_distillation,0.20803595602046698
toy5,neural_output_average,batched,batched,cuda,1024,3,9,0,1,2,toy5_gpu_core_neural_output_average_batched_1024_cuda_repeat00,2,neural_policy,output_average,social_step,0.20809621992520988
toy5,neural_output_average,batched,batched,cuda,1024,3,9,0,1,2,toy5_gpu_core_neural_output_average_batched_1024_cuda_repeat00,2,neural_policy,output_average,sample_actions,6.563030183315277e-06
toy5,neural_output_average,batched,batched,cuda,1024,3,9,0,1,2,toy5_gpu_core_neural_output_average_batched_1024_cuda_repeat00,2,neural_policy,output_average,commit_actions,4.8742047511041164e-05
toy5,neural_output_average,batched,batched,cuda,1024,3,9,0,1,2,toy5_gpu_core_neural_output_average_batched_1024_cuda_repeat00,2,neural_policy,output_average,post_step_state_policy,1.8844963051378727e-05
toy5,neural_output_average,batched,batched,cuda,1024,3,9,0,1,2,toy5_gpu_core_neural_output_average_batched_1024_cuda_repeat00,2,neural_policy,output_average,update_reputation_ema,2.7743051759898663e-05
toy5,neural_output_average,batched,batched,cuda,1024,3,9,0,1,2,toy5_gpu_core_neural_output_average_batched_1024_cuda_repeat00,2,neural_policy,output_average,finalize_hook_step,7.965019904077053e-06
toy5,neural_output_average,batched,batched,cuda,1024,3,9,0,1,2,toy5_gpu_core_neural_output_average_batched_1024_cuda_repeat00,2,neural_policy,output_average,hooked_step_total,0.4005901040509343
toy5,neural_output_average,batched,batched,cuda,1024,3,9,0,1,2,toy5_gpu_core_neural_output_average_batched_1024_cuda_repeat00,2,neural_policy,output_average,aggregate_row,0.14254079305101186
toy5,neural_output_average,batched,batched,cuda,1024,3,9,0,1,2,toy5_gpu_core_neural_output_average_batched_1024_cuda_repeat00,2,neural_policy,output_average,write_aggregate,5.249003879725933e-05
toy5,neural_output_average,batched,batched,cuda,1024,3,9,0,1,2,toy5_gpu_core_neural_output_average_batched_1024_cuda_repeat00,3,neural_policy,output_average,sample_revision_mask,2.1971995010972023e-05
toy5,neural_output_average,batched,batched,cuda,1024,3,9,0,1,2,toy5_gpu_core_neural_output_average_batched_1024_cuda_repeat00,3,neural_policy,output_average,build_step_context,0.002812730032019317
toy5,neural_output_average,batched,batched,cuda,1024,3,9,0,1,2,toy5_gpu_core_neural_output_average_batched_1024_cuda_repeat00,3,neural_policy,output_average,build_observations,0.004460792988538742
toy5,neural_output_average,batched,batched,cuda,1024,3,9,0,1,2,toy5_gpu_core_neural_output_average_batched_1024_cuda_repeat00,3,neural_policy,output_average,policy_readout,0.0006355440709739923
toy5,neural_output_average,batched,batched,cuda,1024,3,9,0,1,2,toy5_gpu_core_neural_output_average_batched_1024_cuda_repeat00,3,neural_policy,output_average,decision_selection,0.0005253159906715155
toy5,neural_output_average,batched,batched,cuda,1024,3,9,0,1,2,toy5_gpu_core_neural_output_average_batched_1024_cuda_repeat00,3,neural_policy,output_average,local_training,0.1698706028982997
toy5,neural_output_average,batched,batched,cuda,1024,3,9,0,1,2,toy5_gpu_core_neural_output_average_batched_1024_cuda_repeat00,3,neural_policy,output_average,cache_refresh,2.2273045033216476e-05
toy5,neural_output_average,batched,batched,cuda,1024,3,9,0,1,2,toy5_gpu_core_neural_output_average_batched_1024_cuda_repeat00,3,neural_policy,output_average,post_local_readout,0.0009756889194250107
toy5,neural_output_average,batched,batched,cuda,1024,3,9,0,1,2,toy5_gpu_core_neural_output_average_batched_1024_cuda_repeat00,3,neural_policy,output_average,local_step,0.17760527995415032
toy5,neural_output_average,batched,batched,cuda,1024,3,9,0,1,2,toy5_gpu_core_neural_output_average_batched_1024_cuda_repeat00,3,neural_policy,output_average,select_peers,0.002776000997982919
toy5,neural_output_average,batched,batched,cuda,1024,3,9,0,1,2,toy5_gpu_core_neural_output_average_batched_1024_cuda_repeat00,3,neural_policy,output_average,social_distillation,0.18103916791733354
toy5,neural_output_average,batched,batched,cuda,1024,3,9,0,1,2,toy5_gpu_core_neural_output_average_batched_1024_cuda_repeat00,3,neural_policy,output_average,social_step,0.18112328695133328
toy5,neural_output_average,batched,batched,cuda,1024,3,9,0,1,2,toy5_gpu_core_neural_output_average_batched_1024_cuda_repeat00,3,neural_policy,output_average,sample_actions,7.063965313136578e-06
toy5,neural_output_average,batched,batched,cuda,1024,3,9,0,1,2,toy5_gpu_core_neural_output_average_batched_1024_cuda_repeat00,3,neural_policy,output_average,commit_actions,5.861092358827591e-05
toy5,neural_output_average,batched,batched,cuda,1024,3,9,0,1,2,toy5_gpu_core_neural_output_average_batched_1024_cuda_repeat00,3,neural_policy,output_average,post_step_state_policy,3.063795156776905e-05
toy5,neural_output_average,batched,batched,cuda,1024,3,9,0,1,2,toy5_gpu_core_neural_output_average_batched_1024_cuda_repeat00,3,neural_policy,output_average,update_reputation_ema,3.389408811926842e-05
toy5,neural_output_average,batched,batched,cuda,1024,3,9,0,1,2,toy5_gpu_core_neural_output_average_batched_1024_cuda_repeat00,3,neural_policy,output_average,finalize_hook_step,9.649083949625492e-06
toy5,neural_output_average,batched,batched,cuda,1024,3,9,0,1,2,toy5_gpu_core_neural_output_average_batched_1024_cuda_repeat00,3,neural_policy,output_average,hooked_step_total,0.36688571493141353
toy5,neural_output_average,batched,batched,cuda,1024,3,9,0,1,2,toy5_gpu_core_neural_output_average_batched_1024_cuda_repeat00,3,neural_policy,output_average,aggregate_row,0.013723726035095751
toy5,neural_output_average,batched,batched,cuda,1024,3,9,0,1,2,toy5_gpu_core_neural_output_average_batched_1024_cuda_repeat00,3,neural_policy,output_average,write_aggregate,6.011407822370529e-05
toy5,neural_output_average,batched,batched,cuda,1024,3,9,1,1,2,toy5_gpu_core_neural_output_average_batched_1024_cuda_repeat01,0,neural_policy,output_average,make_run_dir,0.00020904606208205223
toy5,neural_output_average,batched,batched,cuda,1024,3,9,1,1,2,toy5_gpu_core_neural_output_average_batched_1024_cuda_repeat01,0,neural_policy,output_average,write_metadata,0.0019554259488359094
toy5,neural_output_average,batched,batched,cuda,1024,3,9,1,1,2,toy5_gpu_core_neural_output_average_batched_1024_cuda_repeat01,0,neural_policy,output_average,initial_state,0.5702604489633814
toy5,neural_output_average,batched,batched,cuda,1024,3,9,1,1,2,toy5_gpu_core_neural_output_average_batched_1024_cuda_repeat01,0,neural_policy,output_average,writer_setup,0.0006040949374437332
toy5,neural_output_average,batched,batched,cuda,1024,3,9,1,1,2,toy5_gpu_core_neural_output_average_batched_1024_cuda_repeat01,0,neural_policy,output_average,initial_step_result,0.0037248379085212946
toy5,neural_output_average,batched,batched,cuda,1024,3,9,1,1,2,toy5_gpu_core_neural_output_average_batched_1024_cuda_repeat01,0,neural_policy,output_average,initial_aggregate_row,0.010820445022545755
toy5,neural_output_average,batched,batched,cuda,1024,3,9,1,1,2,toy5_gpu_core_neural_output_average_batched_1024_cuda_repeat01,0,neural_policy,output_average,write_initial_aggregate,4.299101419746876e-05
toy5,neural_output_average,batched,batched,cuda,1024,3,9,1,1,2,toy5_gpu_core_neural_output_average_batched_1024_cuda_repeat01,1,neural_policy,output_average,sample_revision_mask,1.9176979549229145e-05
toy5,neural_output_average,batched,batched,cuda,1024,3,9,1,1,2,toy5_gpu_core_neural_output_average_batched_1024_cuda_repeat01,1,neural_policy,output_average,build_step_context,0.0027249240083619952
toy5,neural_output_average,batched,batched,cuda,1024,3,9,1,1,2,toy5_gpu_core_neural_output_average_batched_1024_cuda_repeat01,1,neural_policy,output_average,build_observations,0.004169580992311239
toy5,neural_output_average,batched,batched,cuda,1024,3,9,1,1,2,toy5_gpu_core_neural_output_average_batched_1024_cuda_repeat01,1,neural_policy,output_average,policy_readout,0.0005580569850280881
toy5,neural_output_average,batched,batched,cuda,1024,3,9,1,1,2,toy5_gpu_core_neural_output_average_batched_1024_cuda_repeat01,1,neural_policy,output_average,decision_selection,0.0008499510586261749
toy5,neural_output_average,batched,batched,cuda,1024,3,9,1,1,2,toy5_gpu_core_neural_output_average_batched_1024_cuda_repeat01,1,neural_policy,output_average,local_training,0.24930794595275074
toy5,neural_output_average,batched,batched,cuda,1024,3,9,1,1,2,toy5_gpu_core_neural_output_average_batched_1024_cuda_repeat01,1,neural_policy,output_average,cache_refresh,1.62109499797225e-05
toy5,neural_output_average,batched,batched,cuda,1024,3,9,1,1,2,toy5_gpu_core_neural_output_average_batched_1024_cuda_repeat01,1,neural_policy,output_average,post_local_readout,0.0005423380061984062
toy5,neural_output_average,batched,batched,cuda,1024,3,9,1,1,2,toy5_gpu_core_neural_output_average_batched_1024_cuda_repeat01,1,neural_policy,output_average,local_step,0.25601188000291586
toy5,neural_output_average,batched,batched,cuda,1024,3,9,1,1,2,toy5_gpu_core_neural_output_average_batched_1024_cuda_repeat01,1,neural_policy,output_average,select_peers,0.0014134080847725272
toy5,neural_output_average,batched,batched,cuda,1024,3,9,1,1,2,toy5_gpu_core_neural_output_average_batched_1024_cuda_repeat01,1,neural_policy,output_average,social_distillation,0.16434000304434448
toy5,neural_output_average,batched,batched,cuda,1024,3,9,1,1,2,toy5_gpu_core_neural_output_average_batched_1024_cuda_repeat01,1,neural_policy,output_average,social_step,0.1644387999549508
toy5,neural_output_average,batched,batched,cuda,1024,3,9,1,1,2,toy5_gpu_core_neural_output_average_batched_1024_cuda_repeat01,1,neural_policy,output_average,sample_actions,7.353955879807472e-06
toy5,neural_output_average,batched,batched,cuda,1024,3,9,1,1,2,toy5_gpu_core_neural_output_average_batched_1024_cuda_repeat01,1,neural_policy,output_average,commit_actions,4.837196320295334e-05
toy5,neural_output_average,batched,batched,cuda,1024,3,9,1,1,2,toy5_gpu_core_neural_output_average_batched_1024_cuda_repeat01,1,neural_policy,output_average,post_step_state_policy,2.2943946532905102e-05
toy5,neural_output_average,batched,batched,cuda,1024,3,9,1,1,2,toy5_gpu_core_neural_output_average_batched_1024_cuda_repeat01,1,neural_policy,output_average,update_reputation_ema,2.989696804434061e-05
toy5,neural_output_average,batched,batched,cuda,1024,3,9,1,1,2,toy5_gpu_core_neural_output_average_batched_1024_cuda_repeat01,1,neural_policy,output_average,finalize_hook_step,8.38597770780325e-06
toy5,neural_output_average,batched,batched,cuda,1024,3,9,1,1,2,toy5_gpu_core_neural_output_average_batched_1024_cuda_repeat01,1,neural_policy,output_average,hooked_step_total,0.4265801659785211
toy5,neural_output_average,batched,batched,cuda,1024,3,9,1,1,2,toy5_gpu_core_neural_output_average_batched_1024_cuda_repeat01,1,neural_policy,output_average,aggregate_row,0.010610406985506415
toy5,neural_output_average,batched,batched,cuda,1024,3,9,1,1,2,toy5_gpu_core_neural_output_average_batched_1024_cuda_repeat01,1,neural_policy,output_average,write_aggregate,9.587197564542294e-05
toy5,neural_output_average,batched,batched,cuda,1024,3,9,1,1,2,toy5_gpu_core_neural_output_average_batched_1024_cuda_repeat01,2,neural_policy,output_average,sample_revision_mask,2.318399492651224e-05
toy5,neural_output_average,batched,batched,cuda,1024,3,9,1,1,2,toy5_gpu_core_neural_output_average_batched_1024_cuda_repeat01,2,neural_policy,output_average,build_step_context,0.0027560630114749074
toy5,neural_output_average,batched,batched,cuda,1024,3,9,1,1,2,toy5_gpu_core_neural_output_average_batched_1024_cuda_repeat01,2,neural_policy,output_average,build_observations,0.004365862929262221
toy5,neural_output_average,batched,batched,cuda,1024,3,9,1,1,2,toy5_gpu_core_neural_output_average_batched_1024_cuda_repeat01,2,neural_policy,output_average,policy_readout,0.00030180206522345543
toy5,neural_output_average,batched,batched,cuda,1024,3,9,1,1,2,toy5_gpu_core_neural_output_average_batched_1024_cuda_repeat01,2,neural_policy,output_average,decision_selection,0.000579387997277081
toy5,neural_output_average,batched,batched,cuda,1024,3,9,1,1,2,toy5_gpu_core_neural_output_average_batched_1024_cuda_repeat01,2,neural_policy,output_average,local_training,0.15363092999905348
toy5,neural_output_average,batched,batched,cuda,1024,3,9,1,1,2,toy5_gpu_core_neural_output_average_batched_1024_cuda_repeat01,2,neural_policy,output_average,cache_refresh,1.2113014236092567e-05
toy5,neural_output_average,batched,batched,cuda,1024,3,9,1,1,2,toy5_gpu_core_neural_output_average_batched_1024_cuda_repeat01,2,neural_policy,output_average,post_local_readout,0.0005339010385796428
toy5,neural_output_average,batched,batched,cuda,1024,3,9,1,1,2,toy5_gpu_core_neural_output_average_batched_1024_cuda_repeat01,2,neural_policy,output_average,local_step,0.15995550504885614
toy5,neural_output_average,batched,batched,cuda,1024,3,9,1,1,2,toy5_gpu_core_neural_output_average_batched_1024_cuda_repeat01,2,neural_policy,output_average,select_peers,0.0017594039672985673
toy5,neural_output_average,batched,batched,cuda,1024,3,9,1,1,2,toy5_gpu_core_neural_output_average_batched_1024_cuda_repeat01,2,neural_policy,output_average,social_distillation,0.16435797710437328
toy5,neural_output_average,batched,batched,cuda,1024,3,9,1,1,2,toy5_gpu_core_neural_output_average_batched_1024_cuda_repeat01,2,neural_policy,output_average,social_step,0.1644336610333994
toy5,neural_output_average,batched,batched,cuda,1024,3,9,1,1,2,toy5_gpu_core_neural_output_average_batched_1024_cuda_repeat01,2,neural_policy,output_average,sample_actions,1.1470983736217022e-05
toy5,neural_output_average,batched,batched,cuda,1024,3,9,1,1,2,toy5_gpu_core_neural_output_average_batched_1024_cuda_repeat01,2,neural_policy,output_average,commit_actions,7.137504871934652e-05
toy5,neural_output_average,batched,batched,cuda,1024,3,9,1,1,2,toy5_gpu_core_neural_output_average_batched_1024_cuda_repeat01,2,neural_policy,output_average,post_step_state_policy,4.1800085455179214e-05
toy5,neural_output_average,batched,batched,cuda,1024,3,9,1,1,2,toy5_gpu_core_neural_output_average_batched_1024_cuda_repeat01,2,neural_policy,output_average,update_reputation_ema,3.949401434510946e-05
toy5,neural_output_average,batched,batched,cuda,1024,3,9,1,1,2,toy5_gpu_core_neural_output_average_batched_1024_cuda_repeat01,2,neural_policy,output_average,finalize_hook_step,9.838026016950607e-06
toy5,neural_output_average,batched,batched,cuda,1024,3,9,1,1,2,toy5_gpu_core_neural_output_average_batched_1024_cuda_repeat01,2,neural_policy,output_average,hooked_step_total,0.33092834800481796
toy5,neural_output_average,batched,batched,cuda,1024,3,9,1,1,2,toy5_gpu_core_neural_output_average_batched_1024_cuda_repeat01,2,neural_policy,output_average,aggregate_row,0.016569689963944256
toy5,neural_output_average,batched,batched,cuda,1024,3,9,1,1,2,toy5_gpu_core_neural_output_average_batched_1024_cuda_repeat01,2,neural_policy,output_average,write_aggregate,6.632599979639053e-05
toy5,neural_output_average,batched,batched,cuda,1024,3,9,1,1,2,toy5_gpu_core_neural_output_average_batched_1024_cuda_repeat01,3,neural_policy,output_average,sample_revision_mask,1.670198980718851e-05
toy5,neural_output_average,batched,batched,cuda,1024,3,9,1,1,2,toy5_gpu_core_neural_output_average_batched_1024_cuda_repeat01,3,neural_policy,output_average,build_step_context,0.0031527740648016334
toy5,neural_output_average,batched,batched,cuda,1024,3,9,1,1,2,toy5_gpu_core_neural_output_average_batched_1024_cuda_repeat01,3,neural_policy,output_average,build_observations,0.004441897966898978
toy5,neural_output_average,batched,batched,cuda,1024,3,9,1,1,2,toy5_gpu_core_neural_output_average_batched_1024_cuda_repeat01,3,neural_policy,output_average,policy_readout,0.00046306801959872246
toy5,neural_output_average,batched,batched,cuda,1024,3,9,1,1,2,toy5_gpu_core_neural_output_average_batched_1024_cuda_repeat01,3,neural_policy,output_average,decision_selection,0.0006477569695562124
toy5,neural_output_average,batched,batched,cuda,1024,3,9,1,1,2,toy5_gpu_core_neural_output_average_batched_1024_cuda_repeat01,3,neural_policy,output_average,local_training,0.29959239496383816
toy5,neural_output_average,batched,batched,cuda,1024,3,9,1,1,2,toy5_gpu_core_neural_output_average_batched_1024_cuda_repeat01,3,neural_policy,output_average,cache_refresh,1.777301076799631e-05
toy5,neural_output_average,batched,batched,cuda,1024,3,9,1,1,2,toy5_gpu_core_neural_output_average_batched_1024_cuda_repeat01,3,neural_policy,output_average,post_local_readout,0.0005654919659718871
toy5,neural_output_average,batched,batched,cuda,1024,3,9,1,1,2,toy5_gpu_core_neural_output_average_batched_1024_cuda_repeat01,3,neural_policy,output_average,local_step,0.30697766097728163
toy5,neural_output_average,batched,batched,cuda,1024,3,9,1,1,2,toy5_gpu_core_neural_output_average_batched_1024_cuda_repeat01,3,neural_policy,output_average,select_peers,0.0021241449285298586
toy5,neural_output_average,batched,batched,cuda,1024,3,9,1,1,2,toy5_gpu_core_neural_output_average_batched_1024_cuda_repeat01,3,neural_policy,output_average,social_distillation,0.16630874399561435
toy5,neural_output_average,batched,batched,cuda,1024,3,9,1,1,2,toy5_gpu_core_neural_output_average_batched_1024_cuda_repeat01,3,neural_policy,output_average,social_step,0.16637896792963147
toy5,neural_output_average,batched,batched,cuda,1024,3,9,1,1,2,toy5_gpu_core_neural_output_average_batched_1024_cuda_repeat01,3,neural_policy,output_average,sample_actions,6.843009032309055e-06
toy5,neural_output_average,batched,batched,cuda,1024,3,9,1,1,2,toy5_gpu_core_neural_output_average_batched_1024_cuda_repeat01,3,neural_policy,output_average,commit_actions,6.0694990679621696e-05
toy5,neural_output_average,batched,batched,cuda,1024,3,9,1,1,2,toy5_gpu_core_neural_output_average_batched_1024_cuda_repeat01,3,neural_policy,output_average,post_step_state_policy,2.502801362425089e-05
toy5,neural_output_average,batched,batched,cuda,1024,3,9,1,1,2,toy5_gpu_core_neural_output_average_batched_1024_cuda_repeat01,3,neural_policy,output_average,update_reputation_ema,3.4695956856012344e-05
toy5,neural_output_average,batched,batched,cuda,1024,3,9,1,1,2,toy5_gpu_core_neural_output_average_batched_1024_cuda_repeat01,3,neural_policy,output_average,finalize_hook_step,1.0921037755906582e-05
toy5,neural_output_average,batched,batched,cuda,1024,3,9,1,1,2,toy5_gpu_core_neural_output_average_batched_1024_cuda_repeat01,3,neural_policy,output_average,hooked_step_total,0.48085925506893545
toy5,neural_output_average,batched,batched,cuda,1024,3,9,1,1,2,toy5_gpu_core_neural_output_average_batched_1024_cuda_repeat01,3,neural_policy,output_average,aggregate_row,0.012049764045514166
toy5,neural_output_average,batched,batched,cuda,1024,3,9,1,1,2,toy5_gpu_core_neural_output_average_batched_1024_cuda_repeat01,3,neural_policy,output_average,write_aggregate,5.2369083277881145e-05
