toy,scenario,training_backend,resolved_training_backend,device,agent_count,epochs,seed,repeat_index,warmup_runs,repeats,run_id,epoch,policy_rule,coordination_mixer,stage,seconds
toy4,neural_output_average,batched,batched,cpu,256,3,9,0,1,2,toy4_gpu_core_neural_output_average_batched_256_cpu_repeat00,0,neural_policy,output_average,make_run_dir,0.0001479299971833825
toy4,neural_output_average,batched,batched,cpu,256,3,9,0,1,2,toy4_gpu_core_neural_output_average_batched_256_cpu_repeat00,0,neural_policy,output_average,write_metadata,0.0022558880737051368
toy4,neural_output_average,batched,batched,cpu,256,3,9,0,1,2,toy4_gpu_core_neural_output_average_batched_256_cpu_repeat00,0,neural_policy,output_average,initial_state,0.1261342540383339
toy4,neural_output_average,batched,batched,cpu,256,3,9,0,1,2,toy4_gpu_core_neural_output_average_batched_256_cpu_repeat00,0,neural_policy,output_average,writer_setup,0.0007114249747246504
toy4,neural_output_average,batched,batched,cpu,256,3,9,0,1,2,toy4_gpu_core_neural_output_average_batched_256_cpu_repeat00,0,neural_policy,output_average,initial_step_result,0.008054297068156302
toy4,neural_output_average,batched,batched,cpu,256,3,9,0,1,2,toy4_gpu_core_neural_output_average_batched_256_cpu_repeat00,0,neural_policy,output_average,initial_aggregate_row,0.0027387510053813457
toy4,neural_output_average,batched,batched,cpu,256,3,9,0,1,2,toy4_gpu_core_neural_output_average_batched_256_cpu_repeat00,0,neural_policy,output_average,write_initial_aggregate,3.864301834255457e-05
toy4,neural_output_average,batched,batched,cpu,256,3,9,0,1,2,toy4_gpu_core_neural_output_average_batched_256_cpu_repeat00,1,neural_policy,output_average,sample_revision_mask,1.0259915143251419e-05
toy4,neural_output_average,batched,batched,cpu,256,3,9,0,1,2,toy4_gpu_core_neural_output_average_batched_256_cpu_repeat00,1,neural_policy,output_average,build_step_context,5.090027116239071e-06
toy4,neural_output_average,batched,batched,cpu,256,3,9,0,1,2,toy4_gpu_core_neural_output_average_batched_256_cpu_repeat00,1,neural_policy,output_average,build_observations,0.002154866000637412
toy4,neural_output_average,batched,batched,cpu,256,3,9,0,1,2,toy4_gpu_core_neural_output_average_batched_256_cpu_repeat00,1,neural_policy,output_average,policy_readout,0.0002314180601388216
toy4,neural_output_average,batched,batched,cpu,256,3,9,0,1,2,toy4_gpu_core_neural_output_average_batched_256_cpu_repeat00,1,neural_policy,output_average,decision_selection,0.0019363228930160403
toy4,neural_output_average,batched,batched,cpu,256,3,9,0,1,2,toy4_gpu_core_neural_output_average_batched_256_cpu_repeat00,1,neural_policy,output_average,local_training,0.0331460339948535
toy4,neural_output_average,batched,batched,cpu,256,3,9,0,1,2,toy4_gpu_core_neural_output_average_batched_256_cpu_repeat00,1,neural_policy,output_average,cache_refresh,4.408066160976887e-06
toy4,neural_output_average,batched,batched,cpu,256,3,9,0,1,2,toy4_gpu_core_neural_output_average_batched_256_cpu_repeat00,1,neural_policy,output_average,post_local_readout,0.000198716064915061
toy4,neural_output_average,batched,batched,cpu,256,3,9,0,1,2,toy4_gpu_core_neural_output_average_batched_256_cpu_repeat00,1,neural_policy,output_average,local_step,0.03779698198195547
toy4,neural_output_average,batched,batched,cpu,256,3,9,0,1,2,toy4_gpu_core_neural_output_average_batched_256_cpu_repeat00,1,neural_policy,output_average,select_peers,0.0002386809792369604
toy4,neural_output_average,batched,batched,cpu,256,3,9,0,1,2,toy4_gpu_core_neural_output_average_batched_256_cpu_repeat00,1,neural_policy,output_average,social_distillation,0.021459365030750632
toy4,neural_output_average,batched,batched,cpu,256,3,9,0,1,2,toy4_gpu_core_neural_output_average_batched_256_cpu_repeat00,1,neural_policy,output_average,social_step,0.021474654087796807
toy4,neural_output_average,batched,batched,cpu,256,3,9,0,1,2,toy4_gpu_core_neural_output_average_batched_256_cpu_repeat00,1,neural_policy,output_average,sample_actions,7.509952411055565e-07
toy4,neural_output_average,batched,batched,cpu,256,3,9,0,1,2,toy4_gpu_core_neural_output_average_batched_256_cpu_repeat00,1,neural_policy,output_average,commit_actions,3.6159763112664223e-06
toy4,neural_output_average,batched,batched,cpu,256,3,9,0,1,2,toy4_gpu_core_neural_output_average_batched_256_cpu_repeat00,1,neural_policy,output_average,post_step_state_policy,2.8633978217840195e-05
toy4,neural_output_average,batched,batched,cpu,256,3,9,0,1,2,toy4_gpu_core_neural_output_average_batched_256_cpu_repeat00,1,neural_policy,output_average,update_payoff_ema,1.6269972547888756e-05
toy4,neural_output_average,batched,batched,cpu,256,3,9,0,1,2,toy4_gpu_core_neural_output_average_batched_256_cpu_repeat00,1,neural_policy,output_average,update_reputation_ema,4.4564949348568916e-05
toy4,neural_output_average,batched,batched,cpu,256,3,9,0,1,2,toy4_gpu_core_neural_output_average_batched_256_cpu_repeat00,1,neural_policy,output_average,mobility_swaps,1.6881967894732952e-05
toy4,neural_output_average,batched,batched,cpu,256,3,9,0,1,2,toy4_gpu_core_neural_output_average_batched_256_cpu_repeat00,1,neural_policy,output_average,finalize_hook_step,8.506001904606819e-06
toy4,neural_output_average,batched,batched,cpu,256,3,9,0,1,2,toy4_gpu_core_neural_output_average_batched_256_cpu_repeat00,1,neural_policy,output_average,hooked_step_total,0.06026509602088481
toy4,neural_output_average,batched,batched,cpu,256,3,9,0,1,2,toy4_gpu_core_neural_output_average_batched_256_cpu_repeat00,1,neural_policy,output_average,aggregate_row,0.001635153079405427
toy4,neural_output_average,batched,batched,cpu,256,3,9,0,1,2,toy4_gpu_core_neural_output_average_batched_256_cpu_repeat00,1,neural_policy,output_average,write_aggregate,4.1007064282894135e-05
toy4,neural_output_average,batched,batched,cpu,256,3,9,0,1,2,toy4_gpu_core_neural_output_average_batched_256_cpu_repeat00,2,neural_policy,output_average,sample_revision_mask,7.082941010594368e-06
toy4,neural_output_average,batched,batched,cpu,256,3,9,0,1,2,toy4_gpu_core_neural_output_average_batched_256_cpu_repeat00,2,neural_policy,output_average,build_step_context,3.5570701584219933e-06
toy4,neural_output_average,batched,batched,cpu,256,3,9,0,1,2,toy4_gpu_core_neural_output_average_batched_256_cpu_repeat00,2,neural_policy,output_average,build_observations,0.0019839630695059896
toy4,neural_output_average,batched,batched,cpu,256,3,9,0,1,2,toy4_gpu_core_neural_output_average_batched_256_cpu_repeat00,2,neural_policy,output_average,policy_readout,0.00013317191042006016
toy4,neural_output_average,batched,batched,cpu,256,3,9,0,1,2,toy4_gpu_core_neural_output_average_batched_256_cpu_repeat00,2,neural_policy,output_average,decision_selection,0.0013112600427120924
toy4,neural_output_average,batched,batched,cpu,256,3,9,0,1,2,toy4_gpu_core_neural_output_average_batched_256_cpu_repeat00,2,neural_policy,output_average,local_training,0.0203587330179289
toy4,neural_output_average,batched,batched,cpu,256,3,9,0,1,2,toy4_gpu_core_neural_output_average_batched_256_cpu_repeat00,2,neural_policy,output_average,cache_refresh,2.905959263443947e-06
toy4,neural_output_average,batched,batched,cpu,256,3,9,0,1,2,toy4_gpu_core_neural_output_average_batched_256_cpu_repeat00,2,neural_policy,output_average,post_local_readout,0.00016299891285598278
toy4,neural_output_average,batched,batched,cpu,256,3,9,0,1,2,toy4_gpu_core_neural_output_average_batched_256_cpu_repeat00,2,neural_policy,output_average,local_step,0.024037833092734218
toy4,neural_output_average,batched,batched,cpu,256,3,9,0,1,2,toy4_gpu_core_neural_output_average_batched_256_cpu_repeat00,2,neural_policy,output_average,select_peers,0.0002001479733735323
toy4,neural_output_average,batched,batched,cpu,256,3,9,0,1,2,toy4_gpu_core_neural_output_average_batched_256_cpu_repeat00,2,neural_policy,output_average,social_distillation,0.020700330031104386
toy4,neural_output_average,batched,batched,cpu,256,3,9,0,1,2,toy4_gpu_core_neural_output_average_batched_256_cpu_repeat00,2,neural_policy,output_average,social_step,0.02071850502397865
toy4,neural_output_average,batched,batched,cpu,256,3,9,0,1,2,toy4_gpu_core_neural_output_average_batched_256_cpu_repeat00,2,neural_policy,output_average,sample_actions,1.693028025329113e-06
toy4,neural_output_average,batched,batched,cpu,256,3,9,0,1,2,toy4_gpu_core_neural_output_average_batched_256_cpu_repeat00,2,neural_policy,output_average,commit_actions,2.956017851829529e-06
toy4,neural_output_average,batched,batched,cpu,256,3,9,0,1,2,toy4_gpu_core_neural_output_average_batched_256_cpu_repeat00,2,neural_policy,output_average,post_step_state_policy,2.3163040168583393e-05
toy4,neural_output_average,batched,batched,cpu,256,3,9,0,1,2,toy4_gpu_core_neural_output_average_batched_256_cpu_repeat00,2,neural_policy,output_average,update_payoff_ema,3.463600296527147e-05
toy4,neural_output_average,batched,batched,cpu,256,3,9,0,1,2,toy4_gpu_core_neural_output_average_batched_256_cpu_repeat00,2,neural_policy,output_average,update_reputation_ema,9.416951797902584e-06
toy4,neural_output_average,batched,batched,cpu,256,3,9,0,1,2,toy4_gpu_core_neural_output_average_batched_256_cpu_repeat00,2,neural_policy,output_average,mobility_swaps,1.628999598324299e-05
toy4,neural_output_average,batched,batched,cpu,256,3,9,0,1,2,toy4_gpu_core_neural_output_average_batched_256_cpu_repeat00,2,neural_policy,output_average,finalize_hook_step,8.456059731543064e-06
toy4,neural_output_average,batched,batched,cpu,256,3,9,0,1,2,toy4_gpu_core_neural_output_average_batched_256_cpu_repeat00,2,neural_policy,output_average,hooked_step_total,0.04548436508048326
toy4,neural_output_average,batched,batched,cpu,256,3,9,0,1,2,toy4_gpu_core_neural_output_average_batched_256_cpu_repeat00,2,neural_policy,output_average,aggregate_row,0.0021938009886071086
toy4,neural_output_average,batched,batched,cpu,256,3,9,0,1,2,toy4_gpu_core_neural_output_average_batched_256_cpu_repeat00,2,neural_policy,output_average,write_aggregate,0.00010557996574789286
toy4,neural_output_average,batched,batched,cpu,256,3,9,0,1,2,toy4_gpu_core_neural_output_average_batched_256_cpu_repeat00,3,neural_policy,output_average,sample_revision_mask,8.165952749550343e-06
toy4,neural_output_average,batched,batched,cpu,256,3,9,0,1,2,toy4_gpu_core_neural_output_average_batched_256_cpu_repeat00,3,neural_policy,output_average,build_step_context,1.493899617344141e-05
toy4,neural_output_average,batched,batched,cpu,256,3,9,0,1,2,toy4_gpu_core_neural_output_average_batched_256_cpu_repeat00,3,neural_policy,output_average,build_observations,0.002623653970658779
toy4,neural_output_average,batched,batched,cpu,256,3,9,0,1,2,toy4_gpu_core_neural_output_average_batched_256_cpu_repeat00,3,neural_policy,output_average,policy_readout,0.00016535306349396706
toy4,neural_output_average,batched,batched,cpu,256,3,9,0,1,2,toy4_gpu_core_neural_output_average_batched_256_cpu_repeat00,3,neural_policy,output_average,decision_selection,0.001931114005856216
toy4,neural_output_average,batched,batched,cpu,256,3,9,0,1,2,toy4_gpu_core_neural_output_average_batched_256_cpu_repeat00,3,neural_policy,output_average,local_training,0.02339856408070773
toy4,neural_output_average,batched,batched,cpu,256,3,9,0,1,2,toy4_gpu_core_neural_output_average_batched_256_cpu_repeat00,3,neural_policy,output_average,cache_refresh,3.576977178454399e-06
toy4,neural_output_average,batched,batched,cpu,256,3,9,0,1,2,toy4_gpu_core_neural_output_average_batched_256_cpu_repeat00,3,neural_policy,output_average,post_local_readout,0.003262522048316896
toy4,neural_output_average,batched,batched,cpu,256,3,9,0,1,2,toy4_gpu_core_neural_output_average_batched_256_cpu_repeat00,3,neural_policy,output_average,local_step,0.0315412690397352
toy4,neural_output_average,batched,batched,cpu,256,3,9,0,1,2,toy4_gpu_core_neural_output_average_batched_256_cpu_repeat00,3,neural_policy,output_average,select_peers,0.000316038029268384
toy4,neural_output_average,batched,batched,cpu,256,3,9,0,1,2,toy4_gpu_core_neural_output_average_batched_256_cpu_repeat00,3,neural_policy,output_average,social_distillation,0.031219719909131527
toy4,neural_output_average,batched,batched,cpu,256,3,9,0,1,2,toy4_gpu_core_neural_output_average_batched_256_cpu_repeat00,3,neural_policy,output_average,social_step,0.031245028018020093
toy4,neural_output_average,batched,batched,cpu,256,3,9,0,1,2,toy4_gpu_core_neural_output_average_batched_256_cpu_repeat00,3,neural_policy,output_average,sample_actions,8.919741958379745e-07
toy4,neural_output_average,batched,batched,cpu,256,3,9,0,1,2,toy4_gpu_core_neural_output_average_batched_256_cpu_repeat00,3,neural_policy,output_average,commit_actions,3.1660310924053192e-06
toy4,neural_output_average,batched,batched,cpu,256,3,9,0,1,2,toy4_gpu_core_neural_output_average_batched_256_cpu_repeat00,3,neural_policy,output_average,post_step_state_policy,2.5487970560789108e-05
toy4,neural_output_average,batched,batched,cpu,256,3,9,0,1,2,toy4_gpu_core_neural_output_average_batched_256_cpu_repeat00,3,neural_policy,output_average,update_payoff_ema,1.6181031242012978e-05
toy4,neural_output_average,batched,batched,cpu,256,3,9,0,1,2,toy4_gpu_core_neural_output_average_batched_256_cpu_repeat00,3,neural_policy,output_average,update_reputation_ema,1.0408926755189896e-05
toy4,neural_output_average,batched,batched,cpu,256,3,9,0,1,2,toy4_gpu_core_neural_output_average_batched_256_cpu_repeat00,3,neural_policy,output_average,mobility_swaps,1.6301055438816547e-05
toy4,neural_output_average,batched,batched,cpu,256,3,9,0,1,2,toy4_gpu_core_neural_output_average_batched_256_cpu_repeat00,3,neural_policy,output_average,finalize_hook_step,7.304013706743717e-06
toy4,neural_output_average,batched,batched,cpu,256,3,9,0,1,2,toy4_gpu_core_neural_output_average_batched_256_cpu_repeat00,3,neural_policy,output_average,hooked_step_total,0.06391027302015573
toy4,neural_output_average,batched,batched,cpu,256,3,9,0,1,2,toy4_gpu_core_neural_output_average_batched_256_cpu_repeat00,3,neural_policy,output_average,aggregate_row,0.0017730940598994493
toy4,neural_output_average,batched,batched,cpu,256,3,9,0,1,2,toy4_gpu_core_neural_output_average_batched_256_cpu_repeat00,3,neural_policy,output_average,write_aggregate,4.627800080925226e-05
toy4,neural_output_average,batched,batched,cpu,256,3,9,1,1,2,toy4_gpu_core_neural_output_average_batched_256_cpu_repeat01,0,neural_policy,output_average,make_run_dir,0.00023961300030350685
toy4,neural_output_average,batched,batched,cpu,256,3,9,1,1,2,toy4_gpu_core_neural_output_average_batched_256_cpu_repeat01,0,neural_policy,output_average,write_metadata,0.0023449260042980313
toy4,neural_output_average,batched,batched,cpu,256,3,9,1,1,2,toy4_gpu_core_neural_output_average_batched_256_cpu_repeat01,0,neural_policy,output_average,initial_state,0.1282391760032624
toy4,neural_output_average,batched,batched,cpu,256,3,9,1,1,2,toy4_gpu_core_neural_output_average_batched_256_cpu_repeat01,0,neural_policy,output_average,writer_setup,0.000771478982642293
toy4,neural_output_average,batched,batched,cpu,256,3,9,1,1,2,toy4_gpu_core_neural_output_average_batched_256_cpu_repeat01,0,neural_policy,output_average,initial_step_result,0.004192400956526399
toy4,neural_output_average,batched,batched,cpu,256,3,9,1,1,2,toy4_gpu_core_neural_output_average_batched_256_cpu_repeat01,0,neural_policy,output_average,initial_aggregate_row,0.002402425045147538
toy4,neural_output_average,batched,batched,cpu,256,3,9,1,1,2,toy4_gpu_core_neural_output_average_batched_256_cpu_repeat01,0,neural_policy,output_average,write_initial_aggregate,3.708002623170614e-05
toy4,neural_output_average,batched,batched,cpu,256,3,9,1,1,2,toy4_gpu_core_neural_output_average_batched_256_cpu_repeat01,1,neural_policy,output_average,sample_revision_mask,1.0029063560068607e-05
toy4,neural_output_average,batched,batched,cpu,256,3,9,1,1,2,toy4_gpu_core_neural_output_average_batched_256_cpu_repeat01,1,neural_policy,output_average,build_step_context,5.790963768959045e-06
toy4,neural_output_average,batched,batched,cpu,256,3,9,1,1,2,toy4_gpu_core_neural_output_average_batched_256_cpu_repeat01,1,neural_policy,output_average,build_observations,0.0025095170130953193
toy4,neural_output_average,batched,batched,cpu,256,3,9,1,1,2,toy4_gpu_core_neural_output_average_batched_256_cpu_repeat01,1,neural_policy,output_average,policy_readout,0.0002427990548312664
toy4,neural_output_average,batched,batched,cpu,256,3,9,1,1,2,toy4_gpu_core_neural_output_average_batched_256_cpu_repeat01,1,neural_policy,output_average,decision_selection,0.0019528849516063929
toy4,neural_output_average,batched,batched,cpu,256,3,9,1,1,2,toy4_gpu_core_neural_output_average_batched_256_cpu_repeat01,1,neural_policy,output_average,local_training,0.04359739599749446
toy4,neural_output_average,batched,batched,cpu,256,3,9,1,1,2,toy4_gpu_core_neural_output_average_batched_256_cpu_repeat01,1,neural_policy,output_average,cache_refresh,2.172100357711315e-05
toy4,neural_output_average,batched,batched,cpu,256,3,9,1,1,2,toy4_gpu_core_neural_output_average_batched_256_cpu_repeat01,1,neural_policy,output_average,post_local_readout,0.0027904079761356115
toy4,neural_output_average,batched,batched,cpu,256,3,9,1,1,2,toy4_gpu_core_neural_output_average_batched_256_cpu_repeat01,1,neural_policy,output_average,local_step,0.052142279921099544
toy4,neural_output_average,batched,batched,cpu,256,3,9,1,1,2,toy4_gpu_core_neural_output_average_batched_256_cpu_repeat01,1,neural_policy,output_average,select_peers,0.000621194951236248
toy4,neural_output_average,batched,batched,cpu,256,3,9,1,1,2,toy4_gpu_core_neural_output_average_batched_256_cpu_repeat01,1,neural_policy,output_average,social_distillation,0.046928997966460884
toy4,neural_output_average,batched,batched,cpu,256,3,9,1,1,2,toy4_gpu_core_neural_output_average_batched_256_cpu_repeat01,1,neural_policy,output_average,social_step,0.046999881975352764
toy4,neural_output_average,batched,batched,cpu,256,3,9,1,1,2,toy4_gpu_core_neural_output_average_batched_256_cpu_repeat01,1,neural_policy,output_average,sample_actions,1.893029548227787e-06
toy4,neural_output_average,batched,batched,cpu,256,3,9,1,1,2,toy4_gpu_core_neural_output_average_batched_256_cpu_repeat01,1,neural_policy,output_average,commit_actions,1.0930001735687256e-05
toy4,neural_output_average,batched,batched,cpu,256,3,9,1,1,2,toy4_gpu_core_neural_output_average_batched_256_cpu_repeat01,1,neural_policy,output_average,post_step_state_policy,5.253904964774847e-05
toy4,neural_output_average,batched,batched,cpu,256,3,9,1,1,2,toy4_gpu_core_neural_output_average_batched_256_cpu_repeat01,1,neural_policy,output_average,update_payoff_ema,3.6609009839594364e-05
toy4,neural_output_average,batched,batched,cpu,256,3,9,1,1,2,toy4_gpu_core_neural_output_average_batched_256_cpu_repeat01,1,neural_policy,output_average,update_reputation_ema,2.1039973944425583e-05
toy4,neural_output_average,batched,batched,cpu,256,3,9,1,1,2,toy4_gpu_core_neural_output_average_batched_256_cpu_repeat01,1,neural_policy,output_average,mobility_swaps,2.8072972781956196e-05
toy4,neural_output_average,batched,batched,cpu,256,3,9,1,1,2,toy4_gpu_core_neural_output_average_batched_256_cpu_repeat01,1,neural_policy,output_average,finalize_hook_step,1.7012003809213638e-05
toy4,neural_output_average,batched,batched,cpu,256,3,9,1,1,2,toy4_gpu_core_neural_output_average_batched_256_cpu_repeat01,1,neural_policy,output_average,hooked_step_total,0.10270944994408637
toy4,neural_output_average,batched,batched,cpu,256,3,9,1,1,2,toy4_gpu_core_neural_output_average_batched_256_cpu_repeat01,1,neural_policy,output_average,aggregate_row,0.0027524069882929325
toy4,neural_output_average,batched,batched,cpu,256,3,9,1,1,2,toy4_gpu_core_neural_output_average_batched_256_cpu_repeat01,1,neural_policy,output_average,write_aggregate,7.456098683178425e-05
toy4,neural_output_average,batched,batched,cpu,256,3,9,1,1,2,toy4_gpu_core_neural_output_average_batched_256_cpu_repeat01,2,neural_policy,output_average,sample_revision_mask,1.5610014088451862e-05
toy4,neural_output_average,batched,batched,cpu,256,3,9,1,1,2,toy4_gpu_core_neural_output_average_batched_256_cpu_repeat01,2,neural_policy,output_average,build_step_context,6.241956725716591e-06
toy4,neural_output_average,batched,batched,cpu,256,3,9,1,1,2,toy4_gpu_core_neural_output_average_batched_256_cpu_repeat01,2,neural_policy,output_average,build_observations,0.0021458290284499526
toy4,neural_output_average,batched,batched,cpu,256,3,9,1,1,2,toy4_gpu_core_neural_output_average_batched_256_cpu_repeat01,2,neural_policy,output_average,policy_readout,0.0002239140449091792
toy4,neural_output_average,batched,batched,cpu,256,3,9,1,1,2,toy4_gpu_core_neural_output_average_batched_256_cpu_repeat01,2,neural_policy,output_average,decision_selection,0.0014438210055232048
toy4,neural_output_average,batched,batched,cpu,256,3,9,1,1,2,toy4_gpu_core_neural_output_average_batched_256_cpu_repeat01,2,neural_policy,output_average,local_training,0.03081263997592032
toy4,neural_output_average,batched,batched,cpu,256,3,9,1,1,2,toy4_gpu_core_neural_output_average_batched_256_cpu_repeat01,2,neural_policy,output_average,cache_refresh,4.629022441804409e-06
toy4,neural_output_average,batched,batched,cpu,256,3,9,1,1,2,toy4_gpu_core_neural_output_average_batched_256_cpu_repeat01,2,neural_policy,output_average,post_local_readout,0.00027313700411468744
toy4,neural_output_average,batched,batched,cpu,256,3,9,1,1,2,toy4_gpu_core_neural_output_average_batched_256_cpu_repeat01,2,neural_policy,output_average,local_step,0.035088639007881284
toy4,neural_output_average,batched,batched,cpu,256,3,9,1,1,2,toy4_gpu_core_neural_output_average_batched_256_cpu_repeat01,2,neural_policy,output_average,select_peers,0.0002605319023132324
toy4,neural_output_average,batched,batched,cpu,256,3,9,1,1,2,toy4_gpu_core_neural_output_average_batched_256_cpu_repeat01,2,neural_policy,output_average,social_distillation,0.024167197989299893
toy4,neural_output_average,batched,batched,cpu,256,3,9,1,1,2,toy4_gpu_core_neural_output_average_batched_256_cpu_repeat01,2,neural_policy,output_average,social_step,0.024201522930525243
toy4,neural_output_average,batched,batched,cpu,256,3,9,1,1,2,toy4_gpu_core_neural_output_average_batched_256_cpu_repeat01,2,neural_policy,output_average,sample_actions,1.4030374586582184e-06
toy4,neural_output_average,batched,batched,cpu,256,3,9,1,1,2,toy4_gpu_core_neural_output_average_batched_256_cpu_repeat01,2,neural_policy,output_average,commit_actions,7.21390824764967e-06
toy4,neural_output_average,batched,batched,cpu,256,3,9,1,1,2,toy4_gpu_core_neural_output_average_batched_256_cpu_repeat01,2,neural_policy,output_average,post_step_state_policy,5.201797466725111e-05
toy4,neural_output_average,batched,batched,cpu,256,3,9,1,1,2,toy4_gpu_core_neural_output_average_batched_256_cpu_repeat01,2,neural_policy,output_average,update_payoff_ema,2.545793540775776e-05
toy4,neural_output_average,batched,batched,cpu,256,3,9,1,1,2,toy4_gpu_core_neural_output_average_batched_256_cpu_repeat01,2,neural_policy,output_average,update_reputation_ema,1.6140984371304512e-05
toy4,neural_output_average,batched,batched,cpu,256,3,9,1,1,2,toy4_gpu_core_neural_output_average_batched_256_cpu_repeat01,2,neural_policy,output_average,mobility_swaps,2.424593549221754e-05
toy4,neural_output_average,batched,batched,cpu,256,3,9,1,1,2,toy4_gpu_core_neural_output_average_batched_256_cpu_repeat01,2,neural_policy,output_average,finalize_hook_step,1.0859919711947441e-05
toy4,neural_output_average,batched,batched,cpu,256,3,9,1,1,2,toy4_gpu_core_neural_output_average_batched_256_cpu_repeat01,2,neural_policy,output_average,hooked_step_total,0.060543903964571655
toy4,neural_output_average,batched,batched,cpu,256,3,9,1,1,2,toy4_gpu_core_neural_output_average_batched_256_cpu_repeat01,2,neural_policy,output_average,aggregate_row,0.0028957179747521877
toy4,neural_output_average,batched,batched,cpu,256,3,9,1,1,2,toy4_gpu_core_neural_output_average_batched_256_cpu_repeat01,2,neural_policy,output_average,write_aggregate,9.508989751338959e-05
toy4,neural_output_average,batched,batched,cpu,256,3,9,1,1,2,toy4_gpu_core_neural_output_average_batched_256_cpu_repeat01,3,neural_policy,output_average,sample_revision_mask,1.9317027181386948e-05
toy4,neural_output_average,batched,batched,cpu,256,3,9,1,1,2,toy4_gpu_core_neural_output_average_batched_256_cpu_repeat01,3,neural_policy,output_average,build_step_context,9.858980774879456e-06
toy4,neural_output_average,batched,batched,cpu,256,3,9,1,1,2,toy4_gpu_core_neural_output_average_batched_256_cpu_repeat01,3,neural_policy,output_average,build_observations,0.0022305200109258294
toy4,neural_output_average,batched,batched,cpu,256,3,9,1,1,2,toy4_gpu_core_neural_output_average_batched_256_cpu_repeat01,3,neural_policy,output_average,policy_readout,0.0003236619522795081
toy4,neural_output_average,batched,batched,cpu,256,3,9,1,1,2,toy4_gpu_core_neural_output_average_batched_256_cpu_repeat01,3,neural_policy,output_average,decision_selection,0.0014278909657150507
toy4,neural_output_average,batched,batched,cpu,256,3,9,1,1,2,toy4_gpu_core_neural_output_average_batched_256_cpu_repeat01,3,neural_policy,output_average,local_training,0.023358669015578926
toy4,neural_output_average,batched,batched,cpu,256,3,9,1,1,2,toy4_gpu_core_neural_output_average_batched_256_cpu_repeat01,3,neural_policy,output_average,cache_refresh,1.0440009646117687e-05
toy4,neural_output_average,batched,batched,cpu,256,3,9,1,1,2,toy4_gpu_core_neural_output_average_batched_256_cpu_repeat01,3,neural_policy,output_average,post_local_readout,0.00017975992523133755
toy4,neural_output_average,batched,batched,cpu,256,3,9,1,1,2,toy4_gpu_core_neural_output_average_batched_256_cpu_repeat01,3,neural_policy,output_average,local_step,0.027640319080092013
toy4,neural_output_average,batched,batched,cpu,256,3,9,1,1,2,toy4_gpu_core_neural_output_average_batched_256_cpu_repeat01,3,neural_policy,output_average,select_peers,0.00021663994994014502
toy4,neural_output_average,batched,batched,cpu,256,3,9,1,1,2,toy4_gpu_core_neural_output_average_batched_256_cpu_repeat01,3,neural_policy,output_average,social_distillation,0.02097685297485441
toy4,neural_output_average,batched,batched,cpu,256,3,9,1,1,2,toy4_gpu_core_neural_output_average_batched_256_cpu_repeat01,3,neural_policy,output_average,social_step,0.020987822907045484
toy4,neural_output_average,batched,batched,cpu,256,3,9,1,1,2,toy4_gpu_core_neural_output_average_batched_256_cpu_repeat01,3,neural_policy,output_average,sample_actions,9.218929335474968e-07
toy4,neural_output_average,batched,batched,cpu,256,3,9,1,1,2,toy4_gpu_core_neural_output_average_batched_256_cpu_repeat01,3,neural_policy,output_average,commit_actions,2.474989742040634e-06
toy4,neural_output_average,batched,batched,cpu,256,3,9,1,1,2,toy4_gpu_core_neural_output_average_batched_256_cpu_repeat01,3,neural_policy,output_average,post_step_state_policy,3.093807026743889e-05
toy4,neural_output_average,batched,batched,cpu,256,3,9,1,1,2,toy4_gpu_core_neural_output_average_batched_256_cpu_repeat01,3,neural_policy,output_average,update_payoff_ema,1.0780058801174164e-05
toy4,neural_output_average,batched,batched,cpu,256,3,9,1,1,2,toy4_gpu_core_neural_output_average_batched_256_cpu_repeat01,3,neural_policy,output_average,update_reputation_ema,1.049006823450327e-05
toy4,neural_output_average,batched,batched,cpu,256,3,9,1,1,2,toy4_gpu_core_neural_output_average_batched_256_cpu_repeat01,3,neural_policy,output_average,mobility_swaps,1.624098513275385e-05
toy4,neural_output_average,batched,batched,cpu,256,3,9,1,1,2,toy4_gpu_core_neural_output_average_batched_256_cpu_repeat01,3,neural_policy,output_average,finalize_hook_step,7.984926924109459e-06
toy4,neural_output_average,batched,batched,cpu,256,3,9,1,1,2,toy4_gpu_core_neural_output_average_batched_256_cpu_repeat01,3,neural_policy,output_average,hooked_step_total,0.049379333038814366
toy4,neural_output_average,batched,batched,cpu,256,3,9,1,1,2,toy4_gpu_core_neural_output_average_batched_256_cpu_repeat01,3,neural_policy,output_average,aggregate_row,0.0013630989706143737
toy4,neural_output_average,batched,batched,cpu,256,3,9,1,1,2,toy4_gpu_core_neural_output_average_batched_256_cpu_repeat01,3,neural_policy,output_average,write_aggregate,3.755104262381792e-05
toy4,neural_output_average,batched,batched,cuda,256,3,9,0,1,2,toy4_gpu_core_neural_output_average_batched_256_cuda_repeat00,0,neural_policy,output_average,make_run_dir,0.0002474678913131356
toy4,neural_output_average,batched,batched,cuda,256,3,9,0,1,2,toy4_gpu_core_neural_output_average_batched_256_cuda_repeat00,0,neural_policy,output_average,write_metadata,0.029160183970816433
toy4,neural_output_average,batched,batched,cuda,256,3,9,0,1,2,toy4_gpu_core_neural_output_average_batched_256_cuda_repeat00,0,neural_policy,output_average,initial_state,0.30362617201171815
toy4,neural_output_average,batched,batched,cuda,256,3,9,0,1,2,toy4_gpu_core_neural_output_average_batched_256_cuda_repeat00,0,neural_policy,output_average,writer_setup,0.000519823981449008
toy4,neural_output_average,batched,batched,cuda,256,3,9,0,1,2,toy4_gpu_core_neural_output_average_batched_256_cuda_repeat00,0,neural_policy,output_average,initial_step_result,0.004166933009400964
toy4,neural_output_average,batched,batched,cuda,256,3,9,0,1,2,toy4_gpu_core_neural_output_average_batched_256_cuda_repeat00,0,neural_policy,output_average,initial_aggregate_row,0.0034108730033040047
toy4,neural_output_average,batched,batched,cuda,256,3,9,0,1,2,toy4_gpu_core_neural_output_average_batched_256_cuda_repeat00,0,neural_policy,output_average,write_initial_aggregate,5.1808077841997147e-05
toy4,neural_output_average,batched,batched,cuda,256,3,9,0,1,2,toy4_gpu_core_neural_output_average_batched_256_cuda_repeat00,1,neural_policy,output_average,sample_revision_mask,2.6530004106462002e-05
toy4,neural_output_average,batched,batched,cuda,256,3,9,0,1,2,toy4_gpu_core_neural_output_average_batched_256_cuda_repeat00,1,neural_policy,output_average,build_step_context,1.349498052150011e-05
toy4,neural_output_average,batched,batched,cuda,256,3,9,0,1,2,toy4_gpu_core_neural_output_average_batched_256_cuda_repeat00,1,neural_policy,output_average,build_observations,0.002463751006871462
toy4,neural_output_average,batched,batched,cuda,256,3,9,0,1,2,toy4_gpu_core_neural_output_average_batched_256_cuda_repeat00,1,neural_policy,output_average,policy_readout,0.0007352010579779744
toy4,neural_output_average,batched,batched,cuda,256,3,9,0,1,2,toy4_gpu_core_neural_output_average_batched_256_cuda_repeat00,1,neural_policy,output_average,decision_selection,0.0016854489222168922
toy4,neural_output_average,batched,batched,cuda,256,3,9,0,1,2,toy4_gpu_core_neural_output_average_batched_256_cuda_repeat00,1,neural_policy,output_average,local_training,0.08856459404341877
toy4,neural_output_average,batched,batched,cuda,256,3,9,0,1,2,toy4_gpu_core_neural_output_average_batched_256_cuda_repeat00,1,neural_policy,output_average,cache_refresh,2.170098014175892e-05
toy4,neural_output_average,batched,batched,cuda,256,3,9,0,1,2,toy4_gpu_core_neural_output_average_batched_256_cuda_repeat00,1,neural_policy,output_average,post_local_readout,0.0005835340125486255
toy4,neural_output_average,batched,batched,cuda,256,3,9,0,1,2,toy4_gpu_core_neural_output_average_batched_256_cuda_repeat00,1,neural_policy,output_average,local_step,0.0945256509585306
toy4,neural_output_average,batched,batched,cuda,256,3,9,0,1,2,toy4_gpu_core_neural_output_average_batched_256_cuda_repeat00,1,neural_policy,output_average,select_peers,0.0005447909934446216
toy4,neural_output_average,batched,batched,cuda,256,3,9,0,1,2,toy4_gpu_core_neural_output_average_batched_256_cuda_repeat00,1,neural_policy,output_average,social_distillation,0.06421821704134345
toy4,neural_output_average,batched,batched,cuda,256,3,9,0,1,2,toy4_gpu_core_neural_output_average_batched_256_cuda_repeat00,1,neural_policy,output_average,social_step,0.06425866298377514
toy4,neural_output_average,batched,batched,cuda,256,3,9,0,1,2,toy4_gpu_core_neural_output_average_batched_256_cuda_repeat00,1,neural_policy,output_average,sample_actions,6.502028554677963e-06
toy4,neural_output_average,batched,batched,cuda,256,3,9,0,1,2,toy4_gpu_core_neural_output_average_batched_256_cuda_repeat00,1,neural_policy,output_average,commit_actions,9.1170659288764e-06
toy4,neural_output_average,batched,batched,cuda,256,3,9,0,1,2,toy4_gpu_core_neural_output_average_batched_256_cuda_repeat00,1,neural_policy,output_average,post_step_state_policy,2.778193447738886e-05
toy4,neural_output_average,batched,batched,cuda,256,3,9,0,1,2,toy4_gpu_core_neural_output_average_batched_256_cuda_repeat00,1,neural_policy,output_average,update_payoff_ema,2.292392309755087e-05
toy4,neural_output_average,batched,batched,cuda,256,3,9,0,1,2,toy4_gpu_core_neural_output_average_batched_256_cuda_repeat00,1,neural_policy,output_average,update_reputation_ema,1.9768020138144493e-05
toy4,neural_output_average,batched,batched,cuda,256,3,9,0,1,2,toy4_gpu_core_neural_output_average_batched_256_cuda_repeat00,1,neural_policy,output_average,mobility_swaps,2.28129792958498e-05
toy4,neural_output_average,batched,batched,cuda,256,3,9,0,1,2,toy4_gpu_core_neural_output_average_batched_256_cuda_repeat00,1,neural_policy,output_average,finalize_hook_step,1.4798017218708992e-05
toy4,neural_output_average,batched,batched,cuda,256,3,9,0,1,2,toy4_gpu_core_neural_output_average_batched_256_cuda_repeat00,1,neural_policy,output_average,hooked_step_total,0.1605434720404446
toy4,neural_output_average,batched,batched,cuda,256,3,9,0,1,2,toy4_gpu_core_neural_output_average_batched_256_cuda_repeat00,1,neural_policy,output_average,aggregate_row,0.0022346170153468847
toy4,neural_output_average,batched,batched,cuda,256,3,9,0,1,2,toy4_gpu_core_neural_output_average_batched_256_cuda_repeat00,1,neural_policy,output_average,write_aggregate,5.0175003707408905e-05
toy4,neural_output_average,batched,batched,cuda,256,3,9,0,1,2,toy4_gpu_core_neural_output_average_batched_256_cuda_repeat00,2,neural_policy,output_average,sample_revision_mask,1.6020028851926327e-05
toy4,neural_output_average,batched,batched,cuda,256,3,9,0,1,2,toy4_gpu_core_neural_output_average_batched_256_cuda_repeat00,2,neural_policy,output_average,build_step_context,9.236973710358143e-06
toy4,neural_output_average,batched,batched,cuda,256,3,9,0,1,2,toy4_gpu_core_neural_output_average_batched_256_cuda_repeat00,2,neural_policy,output_average,build_observations,0.0020835610339418054
toy4,neural_output_average,batched,batched,cuda,256,3,9,0,1,2,toy4_gpu_core_neural_output_average_batched_256_cuda_repeat00,2,neural_policy,output_average,policy_readout,0.00026031292509287596
toy4,neural_output_average,batched,batched,cuda,256,3,9,0,1,2,toy4_gpu_core_neural_output_average_batched_256_cuda_repeat00,2,neural_policy,output_average,decision_selection,0.0013827959774062037
toy4,neural_output_average,batched,batched,cuda,256,3,9,0,1,2,toy4_gpu_core_neural_output_average_batched_256_cuda_repeat00,2,neural_policy,output_average,local_training,0.07229590695351362
toy4,neural_output_average,batched,batched,cuda,256,3,9,0,1,2,toy4_gpu_core_neural_output_average_batched_256_cuda_repeat00,2,neural_policy,output_average,cache_refresh,1.632107887417078e-05
toy4,neural_output_average,batched,batched,cuda,256,3,9,0,1,2,toy4_gpu_core_neural_output_average_batched_256_cuda_repeat00,2,neural_policy,output_average,post_local_readout,0.00046022096648812294
toy4,neural_output_average,batched,batched,cuda,256,3,9,0,1,2,toy4_gpu_core_neural_output_average_batched_256_cuda_repeat00,2,neural_policy,output_average,local_step,0.07685021299403161
toy4,neural_output_average,batched,batched,cuda,256,3,9,0,1,2,toy4_gpu_core_neural_output_average_batched_256_cuda_repeat00,2,neural_policy,output_average,select_peers,0.0003044659970328212
toy4,neural_output_average,batched,batched,cuda,256,3,9,0,1,2,toy4_gpu_core_neural_output_average_batched_256_cuda_repeat00,2,neural_policy,output_average,social_distillation,0.06640520296059549
toy4,neural_output_average,batched,batched,cuda,256,3,9,0,1,2,toy4_gpu_core_neural_output_average_batched_256_cuda_repeat00,2,neural_policy,output_average,social_step,0.066463443916291
toy4,neural_output_average,batched,batched,cuda,256,3,9,0,1,2,toy4_gpu_core_neural_output_average_batched_256_cuda_repeat00,2,neural_policy,output_average,sample_actions,6.4230989664793015e-06
toy4,neural_output_average,batched,batched,cuda,256,3,9,0,1,2,toy4_gpu_core_neural_output_average_batched_256_cuda_repeat00,2,neural_policy,output_average,commit_actions,1.226295717060566e-05
toy4,neural_output_average,batched,batched,cuda,256,3,9,0,1,2,toy4_gpu_core_neural_output_average_batched_256_cuda_repeat00,2,neural_policy,output_average,post_step_state_policy,5.22789778187871e-05
toy4,neural_output_average,batched,batched,cuda,256,3,9,0,1,2,toy4_gpu_core_neural_output_average_batched_256_cuda_repeat00,2,neural_policy,output_average,update_payoff_ema,4.4053071178495884e-05
toy4,neural_output_average,batched,batched,cuda,256,3,9,0,1,2,toy4_gpu_core_neural_output_average_batched_256_cuda_repeat00,2,neural_policy,output_average,update_reputation_ema,2.90450407192111e-05
toy4,neural_output_average,batched,batched,cuda,256,3,9,0,1,2,toy4_gpu_core_neural_output_average_batched_256_cuda_repeat00,2,neural_policy,output_average,mobility_swaps,4.148809239268303e-05
toy4,neural_output_average,batched,batched,cuda,256,3,9,0,1,2,toy4_gpu_core_neural_output_average_batched_256_cuda_repeat00,2,neural_policy,output_average,finalize_hook_step,2.3683998733758926e-05
toy4,neural_output_average,batched,batched,cuda,256,3,9,0,1,2,toy4_gpu_core_neural_output_average_batched_256_cuda_repeat00,2,neural_policy,output_average,hooked_step_total,0.14496175502426922
toy4,neural_output_average,batched,batched,cuda,256,3,9,0,1,2,toy4_gpu_core_neural_output_average_batched_256_cuda_repeat00,2,neural_policy,output_average,aggregate_row,0.002997589996084571
toy4,neural_output_average,batched,batched,cuda,256,3,9,0,1,2,toy4_gpu_core_neural_output_average_batched_256_cuda_repeat00,2,neural_policy,output_average,write_aggregate,6.0193007811903954e-05
toy4,neural_output_average,batched,batched,cuda,256,3,9,0,1,2,toy4_gpu_core_neural_output_average_batched_256_cuda_repeat00,3,neural_policy,output_average,sample_revision_mask,2.076895907521248e-05
toy4,neural_output_average,batched,batched,cuda,256,3,9,0,1,2,toy4_gpu_core_neural_output_average_batched_256_cuda_repeat00,3,neural_policy,output_average,build_step_context,9.317067451775074e-06
toy4,neural_output_average,batched,batched,cuda,256,3,9,0,1,2,toy4_gpu_core_neural_output_average_batched_256_cuda_repeat00,3,neural_policy,output_average,build_observations,0.0021548059303313494
toy4,neural_output_average,batched,batched,cuda,256,3,9,0,1,2,toy4_gpu_core_neural_output_average_batched_256_cuda_repeat00,3,neural_policy,output_average,policy_readout,0.0002354760654270649
toy4,neural_output_average,batched,batched,cuda,256,3,9,0,1,2,toy4_gpu_core_neural_output_average_batched_256_cuda_repeat00,3,neural_policy,output_average,decision_selection,0.0013858519960194826
toy4,neural_output_average,batched,batched,cuda,256,3,9,0,1,2,toy4_gpu_core_neural_output_average_batched_256_cuda_repeat00,3,neural_policy,output_average,local_training,0.06873838801402599
toy4,neural_output_average,batched,batched,cuda,256,3,9,0,1,2,toy4_gpu_core_neural_output_average_batched_256_cuda_repeat00,3,neural_policy,output_average,cache_refresh,1.8064049072563648e-05
toy4,neural_output_average,batched,batched,cuda,256,3,9,0,1,2,toy4_gpu_core_neural_output_average_batched_256_cuda_repeat00,3,neural_policy,output_average,post_local_readout,0.000443499069660902
toy4,neural_output_average,batched,batched,cuda,256,3,9,0,1,2,toy4_gpu_core_neural_output_average_batched_256_cuda_repeat00,3,neural_policy,output_average,local_step,0.07328577002044767
toy4,neural_output_average,batched,batched,cuda,256,3,9,0,1,2,toy4_gpu_core_neural_output_average_batched_256_cuda_repeat00,3,neural_policy,output_average,select_peers,0.0003240529913455248
toy4,neural_output_average,batched,batched,cuda,256,3,9,0,1,2,toy4_gpu_core_neural_output_average_batched_256_cuda_repeat00,3,neural_policy,output_average,social_distillation,0.07414545700885355
toy4,neural_output_average,batched,batched,cuda,256,3,9,0,1,2,toy4_gpu_core_neural_output_average_batched_256_cuda_repeat00,3,neural_policy,output_average,social_step,0.074228864046745
toy4,neural_output_average,batched,batched,cuda,256,3,9,0,1,2,toy4_gpu_core_neural_output_average_batched_256_cuda_repeat00,3,neural_policy,output_average,sample_actions,8.926959708333015e-06
toy4,neural_output_average,batched,batched,cuda,256,3,9,0,1,2,toy4_gpu_core_neural_output_average_batched_256_cuda_repeat00,3,neural_policy,output_average,commit_actions,1.4057033695280552e-05
toy4,neural_output_average,batched,batched,cuda,256,3,9,0,1,2,toy4_gpu_core_neural_output_average_batched_256_cuda_repeat00,3,neural_policy,output_average,post_step_state_policy,4.585692659020424e-05
toy4,neural_output_average,batched,batched,cuda,256,3,9,0,1,2,toy4_gpu_core_neural_output_average_batched_256_cuda_repeat00,3,neural_policy,output_average,update_payoff_ema,4.431302659213543e-05
toy4,neural_output_average,batched,batched,cuda,256,3,9,0,1,2,toy4_gpu_core_neural_output_average_batched_256_cuda_repeat00,3,neural_policy,output_average,update_reputation_ema,2.58890213444829e-05
toy4,neural_output_average,batched,batched,cuda,256,3,9,0,1,2,toy4_gpu_core_neural_output_average_batched_256_cuda_repeat00,3,neural_policy,output_average,mobility_swaps,4.0116021409630775e-05
toy4,neural_output_average,batched,batched,cuda,256,3,9,0,1,2,toy4_gpu_core_neural_output_average_batched_256_cuda_repeat00,3,neural_policy,output_average,finalize_hook_step,2.415594644844532e-05
toy4,neural_output_average,batched,batched,cuda,256,3,9,0,1,2,toy4_gpu_core_neural_output_average_batched_256_cuda_repeat00,3,neural_policy,output_average,hooked_step_total,0.14950804598629475
toy4,neural_output_average,batched,batched,cuda,256,3,9,0,1,2,toy4_gpu_core_neural_output_average_batched_256_cuda_repeat00,3,neural_policy,output_average,aggregate_row,0.005153259029611945
toy4,neural_output_average,batched,batched,cuda,256,3,9,0,1,2,toy4_gpu_core_neural_output_average_batched_256_cuda_repeat00,3,neural_policy,output_average,write_aggregate,0.00020015903282910585
toy4,neural_output_average,batched,batched,cuda,256,3,9,1,1,2,toy4_gpu_core_neural_output_average_batched_256_cuda_repeat01,0,neural_policy,output_average,make_run_dir,0.0001598430098965764
toy4,neural_output_average,batched,batched,cuda,256,3,9,1,1,2,toy4_gpu_core_neural_output_average_batched_256_cuda_repeat01,0,neural_policy,output_average,write_metadata,0.002186255995184183
toy4,neural_output_average,batched,batched,cuda,256,3,9,1,1,2,toy4_gpu_core_neural_output_average_batched_256_cuda_repeat01,0,neural_policy,output_average,initial_state,0.13835911499336362
toy4,neural_output_average,batched,batched,cuda,256,3,9,1,1,2,toy4_gpu_core_neural_output_average_batched_256_cuda_repeat01,0,neural_policy,output_average,writer_setup,0.000499134068377316
toy4,neural_output_average,batched,batched,cuda,256,3,9,1,1,2,toy4_gpu_core_neural_output_average_batched_256_cuda_repeat01,0,neural_policy,output_average,initial_step_result,0.003921980038285255
toy4,neural_output_average,batched,batched,cuda,256,3,9,1,1,2,toy4_gpu_core_neural_output_average_batched_256_cuda_repeat01,0,neural_policy,output_average,initial_aggregate_row,0.006870397017337382
toy4,neural_output_average,batched,batched,cuda,256,3,9,1,1,2,toy4_gpu_core_neural_output_average_batched_256_cuda_repeat01,0,neural_policy,output_average,write_initial_aggregate,5.8018951676785946e-05
toy4,neural_output_average,batched,batched,cuda,256,3,9,1,1,2,toy4_gpu_core_neural_output_average_batched_256_cuda_repeat01,1,neural_policy,output_average,sample_revision_mask,2.3043015971779823e-05
toy4,neural_output_average,batched,batched,cuda,256,3,9,1,1,2,toy4_gpu_core_neural_output_average_batched_256_cuda_repeat01,1,neural_policy,output_average,build_step_context,9.387964382767677e-06
toy4,neural_output_average,batched,batched,cuda,256,3,9,1,1,2,toy4_gpu_core_neural_output_average_batched_256_cuda_repeat01,1,neural_policy,output_average,build_observations,0.0023974659852683544
toy4,neural_output_average,batched,batched,cuda,256,3,9,1,1,2,toy4_gpu_core_neural_output_average_batched_256_cuda_repeat01,1,neural_policy,output_average,policy_readout,0.0009058340219780803
toy4,neural_output_average,batched,batched,cuda,256,3,9,1,1,2,toy4_gpu_core_neural_output_average_batched_256_cuda_repeat01,1,neural_policy,output_average,decision_selection,0.001491060946136713
toy4,neural_output_average,batched,batched,cuda,256,3,9,1,1,2,toy4_gpu_core_neural_output_average_batched_256_cuda_repeat01,1,neural_policy,output_average,local_training,0.10947616503108293
toy4,neural_output_average,batched,batched,cuda,256,3,9,1,1,2,toy4_gpu_core_neural_output_average_batched_256_cuda_repeat01,1,neural_policy,output_average,cache_refresh,5.5023934692144394e-05
toy4,neural_output_average,batched,batched,cuda,256,3,9,1,1,2,toy4_gpu_core_neural_output_average_batched_256_cuda_repeat01,1,neural_policy,output_average,post_local_readout,0.002138053998351097
toy4,neural_output_average,batched,batched,cuda,256,3,9,1,1,2,toy4_gpu_core_neural_output_average_batched_256_cuda_repeat01,1,neural_policy,output_average,local_step,0.11785816203337163
toy4,neural_output_average,batched,batched,cuda,256,3,9,1,1,2,toy4_gpu_core_neural_output_average_batched_256_cuda_repeat01,1,neural_policy,output_average,select_peers,0.0008662290638312697
toy4,neural_output_average,batched,batched,cuda,256,3,9,1,1,2,toy4_gpu_core_neural_output_average_batched_256_cuda_repeat01,1,neural_policy,output_average,social_distillation,0.09598746697884053
toy4,neural_output_average,batched,batched,cuda,256,3,9,1,1,2,toy4_gpu_core_neural_output_average_batched_256_cuda_repeat01,1,neural_policy,output_average,social_step,0.09606434300076216
toy4,neural_output_average,batched,batched,cuda,256,3,9,1,1,2,toy4_gpu_core_neural_output_average_batched_256_cuda_repeat01,1,neural_policy,output_average,sample_actions,6.1909668147563934e-06
toy4,neural_output_average,batched,batched,cuda,256,3,9,1,1,2,toy4_gpu_core_neural_output_average_batched_256_cuda_repeat01,1,neural_policy,output_average,commit_actions,1.0770978406071663e-05
toy4,neural_output_average,batched,batched,cuda,256,3,9,1,1,2,toy4_gpu_core_neural_output_average_batched_256_cuda_repeat01,1,neural_policy,output_average,post_step_state_policy,4.1858991608023643e-05
toy4,neural_output_average,batched,batched,cuda,256,3,9,1,1,2,toy4_gpu_core_neural_output_average_batched_256_cuda_repeat01,1,neural_policy,output_average,update_payoff_ema,2.8282986022531986e-05
toy4,neural_output_average,batched,batched,cuda,256,3,9,1,1,2,toy4_gpu_core_neural_output_average_batched_256_cuda_repeat01,1,neural_policy,output_average,update_reputation_ema,1.7762999050319195e-05
toy4,neural_output_average,batched,batched,cuda,256,3,9,1,1,2,toy4_gpu_core_neural_output_average_batched_256_cuda_repeat01,1,neural_policy,output_average,mobility_swaps,2.4565961211919785e-05
toy4,neural_output_average,batched,batched,cuda,256,3,9,1,1,2,toy4_gpu_core_neural_output_average_batched_256_cuda_repeat01,1,neural_policy,output_average,finalize_hook_step,1.6110017895698547e-05
toy4,neural_output_average,batched,batched,cuda,256,3,9,1,1,2,toy4_gpu_core_neural_output_average_batched_256_cuda_repeat01,1,neural_policy,output_average,hooked_step_total,0.2168482890119776
toy4,neural_output_average,batched,batched,cuda,256,3,9,1,1,2,toy4_gpu_core_neural_output_average_batched_256_cuda_repeat01,1,neural_policy,output_average,aggregate_row,0.0025330520002171397
toy4,neural_output_average,batched,batched,cuda,256,3,9,1,1,2,toy4_gpu_core_neural_output_average_batched_256_cuda_repeat01,1,neural_policy,output_average,write_aggregate,5.835003685206175e-05
toy4,neural_output_average,batched,batched,cuda,256,3,9,1,1,2,toy4_gpu_core_neural_output_average_batched_256_cuda_repeat01,2,neural_policy,output_average,sample_revision_mask,2.0709005184471607e-05
toy4,neural_output_average,batched,batched,cuda,256,3,9,1,1,2,toy4_gpu_core_neural_output_average_batched_256_cuda_repeat01,2,neural_policy,output_average,build_step_context,9.107985533773899e-06
toy4,neural_output_average,batched,batched,cuda,256,3,9,1,1,2,toy4_gpu_core_neural_output_average_batched_256_cuda_repeat01,2,neural_policy,output_average,build_observations,0.0020799849880859256
toy4,neural_output_average,batched,batched,cuda,256,3,9,1,1,2,toy4_gpu_core_neural_output_average_batched_256_cuda_repeat01,2,neural_policy,output_average,policy_readout,0.00023912300821393728
toy4,neural_output_average,batched,batched,cuda,256,3,9,1,1,2,toy4_gpu_core_neural_output_average_batched_256_cuda_repeat01,2,neural_policy,output_average,decision_selection,0.001394317951053381
toy4,neural_output_average,batched,batched,cuda,256,3,9,1,1,2,toy4_gpu_core_neural_output_average_batched_256_cuda_repeat01,2,neural_policy,output_average,local_training,0.07521982991602272
toy4,neural_output_average,batched,batched,cuda,256,3,9,1,1,2,toy4_gpu_core_neural_output_average_batched_256_cuda_repeat01,2,neural_policy,output_average,cache_refresh,1.8505030311644077e-05
toy4,neural_output_average,batched,batched,cuda,256,3,9,1,1,2,toy4_gpu_core_neural_output_average_batched_256_cuda_repeat01,2,neural_policy,output_average,post_local_readout,0.0021741329692304134
toy4,neural_output_average,batched,batched,cuda,256,3,9,1,1,2,toy4_gpu_core_neural_output_average_batched_256_cuda_repeat01,2,neural_policy,output_average,local_step,0.08272357494570315
toy4,neural_output_average,batched,batched,cuda,256,3,9,1,1,2,toy4_gpu_core_neural_output_average_batched_256_cuda_repeat01,2,neural_policy,output_average,select_peers,0.00046044099144637585
toy4,neural_output_average,batched,batched,cuda,256,3,9,1,1,2,toy4_gpu_core_neural_output_average_batched_256_cuda_repeat01,2,neural_policy,output_average,social_distillation,0.07127700001001358
toy4,neural_output_average,batched,batched,cuda,256,3,9,1,1,2,toy4_gpu_core_neural_output_average_batched_256_cuda_repeat01,2,neural_policy,output_average,social_step,0.07132002199068666
toy4,neural_output_average,batched,batched,cuda,256,3,9,1,1,2,toy4_gpu_core_neural_output_average_batched_256_cuda_repeat01,2,neural_policy,output_average,sample_actions,5.961046554148197e-06
toy4,neural_output_average,batched,batched,cuda,256,3,9,1,1,2,toy4_gpu_core_neural_output_average_batched_256_cuda_repeat01,2,neural_policy,output_average,commit_actions,1.129100564867258e-05
toy4,neural_output_average,batched,batched,cuda,256,3,9,1,1,2,toy4_gpu_core_neural_output_average_batched_256_cuda_repeat01,2,neural_policy,output_average,post_step_state_policy,3.4566037356853485e-05
toy4,neural_output_average,batched,batched,cuda,256,3,9,1,1,2,toy4_gpu_core_neural_output_average_batched_256_cuda_repeat01,2,neural_policy,output_average,update_payoff_ema,2.4595996364951134e-05
toy4,neural_output_average,batched,batched,cuda,256,3,9,1,1,2,toy4_gpu_core_neural_output_average_batched_256_cuda_repeat01,2,neural_policy,output_average,update_reputation_ema,1.7362996004521847e-05
toy4,neural_output_average,batched,batched,cuda,256,3,9,1,1,2,toy4_gpu_core_neural_output_average_batched_256_cuda_repeat01,2,neural_policy,output_average,mobility_swaps,2.852396573871374e-05
toy4,neural_output_average,batched,batched,cuda,256,3,9,1,1,2,toy4_gpu_core_neural_output_average_batched_256_cuda_repeat01,2,neural_policy,output_average,finalize_hook_step,1.8956023268401623e-05
toy4,neural_output_average,batched,batched,cuda,256,3,9,1,1,2,toy4_gpu_core_neural_output_average_batched_256_cuda_repeat01,2,neural_policy,output_average,hooked_step_total,0.15568198601249605
toy4,neural_output_average,batched,batched,cuda,256,3,9,1,1,2,toy4_gpu_core_neural_output_average_batched_256_cuda_repeat01,2,neural_policy,output_average,aggregate_row,0.0024265499087050557
toy4,neural_output_average,batched,batched,cuda,256,3,9,1,1,2,toy4_gpu_core_neural_output_average_batched_256_cuda_repeat01,2,neural_policy,output_average,write_aggregate,6.762798875570297e-05
toy4,neural_output_average,batched,batched,cuda,256,3,9,1,1,2,toy4_gpu_core_neural_output_average_batched_256_cuda_repeat01,3,neural_policy,output_average,sample_revision_mask,2.383498940616846e-05
toy4,neural_output_average,batched,batched,cuda,256,3,9,1,1,2,toy4_gpu_core_neural_output_average_batched_256_cuda_repeat01,3,neural_policy,output_average,build_step_context,1.120101660490036e-05
toy4,neural_output_average,batched,batched,cuda,256,3,9,1,1,2,toy4_gpu_core_neural_output_average_batched_256_cuda_repeat01,3,neural_policy,output_average,build_observations,0.0021665890235453844
toy4,neural_output_average,batched,batched,cuda,256,3,9,1,1,2,toy4_gpu_core_neural_output_average_batched_256_cuda_repeat01,3,neural_policy,output_average,policy_readout,0.0003005990292876959
toy4,neural_output_average,batched,batched,cuda,256,3,9,1,1,2,toy4_gpu_core_neural_output_average_batched_256_cuda_repeat01,3,neural_policy,output_average,decision_selection,0.001423091976903379
toy4,neural_output_average,batched,batched,cuda,256,3,9,1,1,2,toy4_gpu_core_neural_output_average_batched_256_cuda_repeat01,3,neural_policy,output_average,local_training,0.06855188496410847
toy4,neural_output_average,batched,batched,cuda,256,3,9,1,1,2,toy4_gpu_core_neural_output_average_batched_256_cuda_repeat01,3,neural_policy,output_average,cache_refresh,1.2914999388158321e-05
toy4,neural_output_average,batched,batched,cuda,256,3,9,1,1,2,toy4_gpu_core_neural_output_average_batched_256_cuda_repeat01,3,neural_policy,output_average,post_local_readout,0.0005269868997856975
toy4,neural_output_average,batched,batched,cuda,256,3,9,1,1,2,toy4_gpu_core_neural_output_average_batched_256_cuda_repeat01,3,neural_policy,output_average,local_step,0.07343676604796201
toy4,neural_output_average,batched,batched,cuda,256,3,9,1,1,2,toy4_gpu_core_neural_output_average_batched_256_cuda_repeat01,3,neural_policy,output_average,select_peers,0.0004469649866223335
toy4,neural_output_average,batched,batched,cuda,256,3,9,1,1,2,toy4_gpu_core_neural_output_average_batched_256_cuda_repeat01,3,neural_policy,output_average,social_distillation,0.07388945308048278
toy4,neural_output_average,batched,batched,cuda,256,3,9,1,1,2,toy4_gpu_core_neural_output_average_batched_256_cuda_repeat01,3,neural_policy,output_average,social_step,0.07395807304419577
toy4,neural_output_average,batched,batched,cuda,256,3,9,1,1,2,toy4_gpu_core_neural_output_average_batched_256_cuda_repeat01,3,neural_policy,output_average,sample_actions,8.63696914166212e-06
toy4,neural_output_average,batched,batched,cuda,256,3,9,1,1,2,toy4_gpu_core_neural_output_average_batched_256_cuda_repeat01,3,neural_policy,output_average,commit_actions,1.738301943987608e-05
toy4,neural_output_average,batched,batched,cuda,256,3,9,1,1,2,toy4_gpu_core_neural_output_average_batched_256_cuda_repeat01,3,neural_policy,output_average,post_step_state_policy,5.2459072321653366e-05
toy4,neural_output_average,batched,batched,cuda,256,3,9,1,1,2,toy4_gpu_core_neural_output_average_batched_256_cuda_repeat01,3,neural_policy,output_average,update_payoff_ema,3.8452912122011185e-05
toy4,neural_output_average,batched,batched,cuda,256,3,9,1,1,2,toy4_gpu_core_neural_output_average_batched_256_cuda_repeat01,3,neural_policy,output_average,update_reputation_ema,2.2001913748681545e-05
toy4,neural_output_average,batched,batched,cuda,256,3,9,1,1,2,toy4_gpu_core_neural_output_average_batched_256_cuda_repeat01,3,neural_policy,output_average,mobility_swaps,4.9542984925210476e-05
toy4,neural_output_average,batched,batched,cuda,256,3,9,1,1,2,toy4_gpu_core_neural_output_average_batched_256_cuda_repeat01,3,neural_policy,output_average,finalize_hook_step,2.9616057872772217e-05
toy4,neural_output_average,batched,batched,cuda,256,3,9,1,1,2,toy4_gpu_core_neural_output_average_batched_256_cuda_repeat01,3,neural_policy,output_average,hooked_step_total,0.14955901307985187
toy4,neural_output_average,batched,batched,cuda,256,3,9,1,1,2,toy4_gpu_core_neural_output_average_batched_256_cuda_repeat01,3,neural_policy,output_average,aggregate_row,0.0026366281090304255
toy4,neural_output_average,batched,batched,cuda,256,3,9,1,1,2,toy4_gpu_core_neural_output_average_batched_256_cuda_repeat01,3,neural_policy,output_average,write_aggregate,0.00010846508666872978
toy4,neural_output_average,batched,batched,cpu,1024,3,9,0,1,2,toy4_gpu_core_neural_output_average_batched_1024_cpu_repeat00,0,neural_policy,output_average,make_run_dir,0.00016844808124005795
toy4,neural_output_average,batched,batched,cpu,1024,3,9,0,1,2,toy4_gpu_core_neural_output_average_batched_1024_cpu_repeat00,0,neural_policy,output_average,write_metadata,0.0020635039545595646
toy4,neural_output_average,batched,batched,cpu,1024,3,9,0,1,2,toy4_gpu_core_neural_output_average_batched_1024_cpu_repeat00,0,neural_policy,output_average,initial_state,0.4015063790138811
toy4,neural_output_average,batched,batched,cpu,1024,3,9,0,1,2,toy4_gpu_core_neural_output_average_batched_1024_cpu_repeat00,0,neural_policy,output_average,writer_setup,0.0004669830668717623
toy4,neural_output_average,batched,batched,cpu,1024,3,9,0,1,2,toy4_gpu_core_neural_output_average_batched_1024_cpu_repeat00,0,neural_policy,output_average,initial_step_result,0.01228025194723159
toy4,neural_output_average,batched,batched,cpu,1024,3,9,0,1,2,toy4_gpu_core_neural_output_average_batched_1024_cpu_repeat00,0,neural_policy,output_average,initial_aggregate_row,0.02323666901793331
toy4,neural_output_average,batched,batched,cpu,1024,3,9,0,1,2,toy4_gpu_core_neural_output_average_batched_1024_cpu_repeat00,0,neural_policy,output_average,write_initial_aggregate,5.789007991552353e-05
toy4,neural_output_average,batched,batched,cpu,1024,3,9,0,1,2,toy4_gpu_core_neural_output_average_batched_1024_cpu_repeat00,1,neural_policy,output_average,sample_revision_mask,2.0298990420997143e-05
toy4,neural_output_average,batched,batched,cpu,1024,3,9,0,1,2,toy4_gpu_core_neural_output_average_batched_1024_cpu_repeat00,1,neural_policy,output_average,build_step_context,6.671994924545288e-06
toy4,neural_output_average,batched,batched,cpu,1024,3,9,0,1,2,toy4_gpu_core_neural_output_average_batched_1024_cpu_repeat00,1,neural_policy,output_average,build_observations,0.008906400064006448
toy4,neural_output_average,batched,batched,cpu,1024,3,9,0,1,2,toy4_gpu_core_neural_output_average_batched_1024_cpu_repeat00,1,neural_policy,output_average,policy_readout,0.002363129984587431
toy4,neural_output_average,batched,batched,cpu,1024,3,9,0,1,2,toy4_gpu_core_neural_output_average_batched_1024_cpu_repeat00,1,neural_policy,output_average,decision_selection,0.0068446189397946
toy4,neural_output_average,batched,batched,cpu,1024,3,9,0,1,2,toy4_gpu_core_neural_output_average_batched_1024_cpu_repeat00,1,neural_policy,output_average,local_training,0.38765944505576044
toy4,neural_output_average,batched,batched,cpu,1024,3,9,0,1,2,toy4_gpu_core_neural_output_average_batched_1024_cpu_repeat00,1,neural_policy,output_average,cache_refresh,5.881069228053093e-06
toy4,neural_output_average,batched,batched,cpu,1024,3,9,0,1,2,toy4_gpu_core_neural_output_average_batched_1024_cpu_repeat00,1,neural_policy,output_average,post_local_readout,0.0017386899562552571
toy4,neural_output_average,batched,batched,cpu,1024,3,9,0,1,2,toy4_gpu_core_neural_output_average_batched_1024_cpu_repeat00,1,neural_policy,output_average,local_step,0.4078351539792493
toy4,neural_output_average,batched,batched,cpu,1024,3,9,0,1,2,toy4_gpu_core_neural_output_average_batched_1024_cpu_repeat00,1,neural_policy,output_average,select_peers,0.0014462460530921817
toy4,neural_output_average,batched,batched,cpu,1024,3,9,0,1,2,toy4_gpu_core_neural_output_average_batched_1024_cpu_repeat00,1,neural_policy,output_average,social_distillation,0.1123036069329828
toy4,neural_output_average,batched,batched,cpu,1024,3,9,0,1,2,toy4_gpu_core_neural_output_average_batched_1024_cpu_repeat00,1,neural_policy,output_average,social_step,0.11237441108096391
toy4,neural_output_average,batched,batched,cpu,1024,3,9,0,1,2,toy4_gpu_core_neural_output_average_batched_1024_cpu_repeat00,1,neural_policy,output_average,sample_actions,2.333894371986389e-06
toy4,neural_output_average,batched,batched,cpu,1024,3,9,0,1,2,toy4_gpu_core_neural_output_average_batched_1024_cpu_repeat00,1,neural_policy,output_average,commit_actions,1.6211066395044327e-05
toy4,neural_output_average,batched,batched,cpu,1024,3,9,0,1,2,toy4_gpu_core_neural_output_average_batched_1024_cpu_repeat00,1,neural_policy,output_average,post_step_state_policy,7.615401409566402e-05
toy4,neural_output_average,batched,batched,cpu,1024,3,9,0,1,2,toy4_gpu_core_neural_output_average_batched_1024_cpu_repeat00,1,neural_policy,output_average,update_payoff_ema,0.00010644097346812487
toy4,neural_output_average,batched,batched,cpu,1024,3,9,0,1,2,toy4_gpu_core_neural_output_average_batched_1024_cpu_repeat00,1,neural_policy,output_average,update_reputation_ema,3.9965962059795856e-05
toy4,neural_output_average,batched,batched,cpu,1024,3,9,0,1,2,toy4_gpu_core_neural_output_average_batched_1024_cpu_repeat00,1,neural_policy,output_average,mobility_swaps,4.3201958760619164e-05
toy4,neural_output_average,batched,batched,cpu,1024,3,9,0,1,2,toy4_gpu_core_neural_output_average_batched_1024_cpu_repeat00,1,neural_policy,output_average,finalize_hook_step,2.2091902792453766e-05
toy4,neural_output_average,batched,batched,cpu,1024,3,9,0,1,2,toy4_gpu_core_neural_output_average_batched_1024_cpu_repeat00,1,neural_policy,output_average,hooked_step_total,0.5243719780119136
toy4,neural_output_average,batched,batched,cpu,1024,3,9,0,1,2,toy4_gpu_core_neural_output_average_batched_1024_cpu_repeat00,1,neural_policy,output_average,aggregate_row,0.034628469962626696
toy4,neural_output_average,batched,batched,cpu,1024,3,9,0,1,2,toy4_gpu_core_neural_output_average_batched_1024_cpu_repeat00,1,neural_policy,output_average,write_aggregate,6.852997466921806e-05
toy4,neural_output_average,batched,batched,cpu,1024,3,9,0,1,2,toy4_gpu_core_neural_output_average_batched_1024_cpu_repeat00,2,neural_policy,output_average,sample_revision_mask,2.3504020646214485e-05
toy4,neural_output_average,batched,batched,cpu,1024,3,9,0,1,2,toy4_gpu_core_neural_output_average_batched_1024_cpu_repeat00,2,neural_policy,output_average,build_step_context,7.985043339431286e-06
toy4,neural_output_average,batched,batched,cpu,1024,3,9,0,1,2,toy4_gpu_core_neural_output_average_batched_1024_cpu_repeat00,2,neural_policy,output_average,build_observations,0.007965989992953837
toy4,neural_output_average,batched,batched,cpu,1024,3,9,0,1,2,toy4_gpu_core_neural_output_average_batched_1024_cpu_repeat00,2,neural_policy,output_average,policy_readout,0.0005589770153164864
toy4,neural_output_average,batched,batched,cpu,1024,3,9,0,1,2,toy4_gpu_core_neural_output_average_batched_1024_cpu_repeat00,2,neural_policy,output_average,decision_selection,0.0065842559561133385
toy4,neural_output_average,batched,batched,cpu,1024,3,9,0,1,2,toy4_gpu_core_neural_output_average_batched_1024_cpu_repeat00,2,neural_policy,output_average,local_training,0.10488103504758328
toy4,neural_output_average,batched,batched,cpu,1024,3,9,0,1,2,toy4_gpu_core_neural_output_average_batched_1024_cpu_repeat00,2,neural_policy,output_average,cache_refresh,8.755945600569248e-06
toy4,neural_output_average,batched,batched,cpu,1024,3,9,0,1,2,toy4_gpu_core_neural_output_average_batched_1024_cpu_repeat00,2,neural_policy,output_average,post_local_readout,0.000908688991330564
toy4,neural_output_average,batched,batched,cpu,1024,3,9,0,1,2,toy4_gpu_core_neural_output_average_batched_1024_cpu_repeat00,2,neural_policy,output_average,local_step,0.12127519003115594
toy4,neural_output_average,batched,batched,cpu,1024,3,9,0,1,2,toy4_gpu_core_neural_output_average_batched_1024_cpu_repeat00,2,neural_policy,output_average,select_peers,0.0010325540788471699
toy4,neural_output_average,batched,batched,cpu,1024,3,9,0,1,2,toy4_gpu_core_neural_output_average_batched_1024_cpu_repeat00,2,neural_policy,output_average,social_distillation,0.10356403305195272
toy4,neural_output_average,batched,batched,cpu,1024,3,9,0,1,2,toy4_gpu_core_neural_output_average_batched_1024_cpu_repeat00,2,neural_policy,output_average,social_step,0.10359556297771633
toy4,neural_output_average,batched,batched,cpu,1024,3,9,0,1,2,toy4_gpu_core_neural_output_average_batched_1024_cpu_repeat00,2,neural_policy,output_average,sample_actions,1.252046786248684e-06
toy4,neural_output_average,batched,batched,cpu,1024,3,9,0,1,2,toy4_gpu_core_neural_output_average_batched_1024_cpu_repeat00,2,neural_policy,output_average,commit_actions,5.2800169214606285e-06
toy4,neural_output_average,batched,batched,cpu,1024,3,9,0,1,2,toy4_gpu_core_neural_output_average_batched_1024_cpu_repeat00,2,neural_policy,output_average,post_step_state_policy,2.9326067306101322e-05
toy4,neural_output_average,batched,batched,cpu,1024,3,9,0,1,2,toy4_gpu_core_neural_output_average_batched_1024_cpu_repeat00,2,neural_policy,output_average,update_payoff_ema,3.561796620488167e-05
toy4,neural_output_average,batched,batched,cpu,1024,3,9,0,1,2,toy4_gpu_core_neural_output_average_batched_1024_cpu_repeat00,2,neural_policy,output_average,update_reputation_ema,1.72728905454278e-05
toy4,neural_output_average,batched,batched,cpu,1024,3,9,0,1,2,toy4_gpu_core_neural_output_average_batched_1024_cpu_repeat00,2,neural_policy,output_average,mobility_swaps,2.6430003345012665e-05
toy4,neural_output_average,batched,batched,cpu,1024,3,9,0,1,2,toy4_gpu_core_neural_output_average_batched_1024_cpu_repeat00,2,neural_policy,output_average,finalize_hook_step,1.0079005733132362e-05
toy4,neural_output_average,batched,batched,cpu,1024,3,9,0,1,2,toy4_gpu_core_neural_output_average_batched_1024_cpu_repeat00,2,neural_policy,output_average,hooked_step_total,0.22758138994686306
toy4,neural_output_average,batched,batched,cpu,1024,3,9,0,1,2,toy4_gpu_core_neural_output_average_batched_1024_cpu_repeat00,2,neural_policy,output_average,aggregate_row,0.019615930039435625
toy4,neural_output_average,batched,batched,cpu,1024,3,9,0,1,2,toy4_gpu_core_neural_output_average_batched_1024_cpu_repeat00,2,neural_policy,output_average,write_aggregate,6.109499372541904e-05
toy4,neural_output_average,batched,batched,cpu,1024,3,9,0,1,2,toy4_gpu_core_neural_output_average_batched_1024_cpu_repeat00,3,neural_policy,output_average,sample_revision_mask,1.56499445438385e-05
toy4,neural_output_average,batched,batched,cpu,1024,3,9,0,1,2,toy4_gpu_core_neural_output_average_batched_1024_cpu_repeat00,3,neural_policy,output_average,build_step_context,5.920999683439732e-06
toy4,neural_output_average,batched,batched,cpu,1024,3,9,0,1,2,toy4_gpu_core_neural_output_average_batched_1024_cpu_repeat00,3,neural_policy,output_average,build_observations,0.00823050003964454
toy4,neural_output_average,batched,batched,cpu,1024,3,9,0,1,2,toy4_gpu_core_neural_output_average_batched_1024_cpu_repeat00,3,neural_policy,output_average,policy_readout,0.000676250085234642
toy4,neural_output_average,batched,batched,cpu,1024,3,9,0,1,2,toy4_gpu_core_neural_output_average_batched_1024_cpu_repeat00,3,neural_policy,output_average,decision_selection,0.00659411505330354
toy4,neural_output_average,batched,batched,cpu,1024,3,9,0,1,2,toy4_gpu_core_neural_output_average_batched_1024_cpu_repeat00,3,neural_policy,output_average,local_training,0.10930040606763214
toy4,neural_output_average,batched,batched,cpu,1024,3,9,0,1,2,toy4_gpu_core_neural_output_average_batched_1024_cpu_repeat00,3,neural_policy,output_average,cache_refresh,1.6400939784944057e-05
toy4,neural_output_average,batched,batched,cpu,1024,3,9,0,1,2,toy4_gpu_core_neural_output_average_batched_1024_cpu_repeat00,3,neural_policy,output_average,post_local_readout,0.0006784839788451791
toy4,neural_output_average,batched,batched,cpu,1024,3,9,0,1,2,toy4_gpu_core_neural_output_average_batched_1024_cpu_repeat00,3,neural_policy,output_average,local_step,0.12584028509445488
toy4,neural_output_average,batched,batched,cpu,1024,3,9,0,1,2,toy4_gpu_core_neural_output_average_batched_1024_cpu_repeat00,3,neural_policy,output_average,select_peers,0.0010301489382982254
toy4,neural_output_average,batched,batched,cpu,1024,3,9,0,1,2,toy4_gpu_core_neural_output_average_batched_1024_cpu_repeat00,3,neural_policy,output_average,social_distillation,0.15818167908582836
toy4,neural_output_average,batched,batched,cpu,1024,3,9,0,1,2,toy4_gpu_core_neural_output_average_batched_1024_cpu_repeat00,3,neural_policy,output_average,social_step,0.1582145009888336
toy4,neural_output_average,batched,batched,cpu,1024,3,9,0,1,2,toy4_gpu_core_neural_output_average_batched_1024_cpu_repeat00,3,neural_policy,output_average,sample_actions,1.3130484148859978e-06
toy4,neural_output_average,batched,batched,cpu,1024,3,9,0,1,2,toy4_gpu_core_neural_output_average_batched_1024_cpu_repeat00,3,neural_policy,output_average,commit_actions,8.25605820864439e-06
toy4,neural_output_average,batched,batched,cpu,1024,3,9,0,1,2,toy4_gpu_core_neural_output_average_batched_1024_cpu_repeat00,3,neural_policy,output_average,post_step_state_policy,2.7331989258527756e-05
toy4,neural_output_average,batched,batched,cpu,1024,3,9,0,1,2,toy4_gpu_core_neural_output_average_batched_1024_cpu_repeat00,3,neural_policy,output_average,update_payoff_ema,3.556697629392147e-05
toy4,neural_output_average,batched,batched,cpu,1024,3,9,0,1,2,toy4_gpu_core_neural_output_average_batched_1024_cpu_repeat00,3,neural_policy,output_average,update_reputation_ema,1.5689991414546967e-05
toy4,neural_output_average,batched,batched,cpu,1024,3,9,0,1,2,toy4_gpu_core_neural_output_average_batched_1024_cpu_repeat00,3,neural_policy,output_average,mobility_swaps,2.5307992473244667e-05
toy4,neural_output_average,batched,batched,cpu,1024,3,9,0,1,2,toy4_gpu_core_neural_output_average_batched_1024_cpu_repeat00,3,neural_policy,output_average,finalize_hook_step,9.979004971683025e-06
toy4,neural_output_average,batched,batched,cpu,1024,3,9,0,1,2,toy4_gpu_core_neural_output_average_batched_1024_cpu_repeat00,3,neural_policy,output_average,hooked_step_total,0.28683464601635933
toy4,neural_output_average,batched,batched,cpu,1024,3,9,0,1,2,toy4_gpu_core_neural_output_average_batched_1024_cpu_repeat00,3,neural_policy,output_average,aggregate_row,0.027913886937312782
toy4,neural_output_average,batched,batched,cpu,1024,3,9,0,1,2,toy4_gpu_core_neural_output_average_batched_1024_cpu_repeat00,3,neural_policy,output_average,write_aggregate,7.976999040693045e-05
toy4,neural_output_average,batched,batched,cpu,1024,3,9,1,1,2,toy4_gpu_core_neural_output_average_batched_1024_cpu_repeat01,0,neural_policy,output_average,make_run_dir,0.000837353989481926
toy4,neural_output_average,batched,batched,cpu,1024,3,9,1,1,2,toy4_gpu_core_neural_output_average_batched_1024_cpu_repeat01,0,neural_policy,output_average,write_metadata,0.00360107293818146
toy4,neural_output_average,batched,batched,cpu,1024,3,9,1,1,2,toy4_gpu_core_neural_output_average_batched_1024_cpu_repeat01,0,neural_policy,output_average,initial_state,0.42478838993702084
toy4,neural_output_average,batched,batched,cpu,1024,3,9,1,1,2,toy4_gpu_core_neural_output_average_batched_1024_cpu_repeat01,0,neural_policy,output_average,writer_setup,0.00036354793701320887
toy4,neural_output_average,batched,batched,cpu,1024,3,9,1,1,2,toy4_gpu_core_neural_output_average_batched_1024_cpu_repeat01,0,neural_policy,output_average,initial_step_result,0.009298871969804168
toy4,neural_output_average,batched,batched,cpu,1024,3,9,1,1,2,toy4_gpu_core_neural_output_average_batched_1024_cpu_repeat01,0,neural_policy,output_average,initial_aggregate_row,0.023277275962755084
toy4,neural_output_average,batched,batched,cpu,1024,3,9,1,1,2,toy4_gpu_core_neural_output_average_batched_1024_cpu_repeat01,0,neural_policy,output_average,write_initial_aggregate,6.230792496353388e-05
toy4,neural_output_average,batched,batched,cpu,1024,3,9,1,1,2,toy4_gpu_core_neural_output_average_batched_1024_cpu_repeat01,1,neural_policy,output_average,sample_revision_mask,1.7542974092066288e-05
toy4,neural_output_average,batched,batched,cpu,1024,3,9,1,1,2,toy4_gpu_core_neural_output_average_batched_1024_cpu_repeat01,1,neural_policy,output_average,build_step_context,6.863032467663288e-06
toy4,neural_output_average,batched,batched,cpu,1024,3,9,1,1,2,toy4_gpu_core_neural_output_average_batched_1024_cpu_repeat01,1,neural_policy,output_average,build_observations,0.008420970989391208
toy4,neural_output_average,batched,batched,cpu,1024,3,9,1,1,2,toy4_gpu_core_neural_output_average_batched_1024_cpu_repeat01,1,neural_policy,output_average,policy_readout,0.0009596350137144327
toy4,neural_output_average,batched,batched,cpu,1024,3,9,1,1,2,toy4_gpu_core_neural_output_average_batched_1024_cpu_repeat01,1,neural_policy,output_average,decision_selection,0.005517598940059543
toy4,neural_output_average,batched,batched,cpu,1024,3,9,1,1,2,toy4_gpu_core_neural_output_average_batched_1024_cpu_repeat01,1,neural_policy,output_average,local_training,0.13830705103464425
toy4,neural_output_average,batched,batched,cpu,1024,3,9,1,1,2,toy4_gpu_core_neural_output_average_batched_1024_cpu_repeat01,1,neural_policy,output_average,cache_refresh,1.3274955563247204e-05
toy4,neural_output_average,batched,batched,cpu,1024,3,9,1,1,2,toy4_gpu_core_neural_output_average_batched_1024_cpu_repeat01,1,neural_policy,output_average,post_local_readout,0.0008780310163274407
toy4,neural_output_average,batched,batched,cpu,1024,3,9,1,1,2,toy4_gpu_core_neural_output_average_batched_1024_cpu_repeat01,1,neural_policy,output_average,local_step,0.1544355939840898
toy4,neural_output_average,batched,batched,cpu,1024,3,9,1,1,2,toy4_gpu_core_neural_output_average_batched_1024_cpu_repeat01,1,neural_policy,output_average,select_peers,0.001139795989729464
toy4,neural_output_average,batched,batched,cpu,1024,3,9,1,1,2,toy4_gpu_core_neural_output_average_batched_1024_cpu_repeat01,1,neural_policy,output_average,social_distillation,0.14398607495240867
toy4,neural_output_average,batched,batched,cpu,1024,3,9,1,1,2,toy4_gpu_core_neural_output_average_batched_1024_cpu_repeat01,1,neural_policy,output_average,social_step,0.144035808974877
toy4,neural_output_average,batched,batched,cpu,1024,3,9,1,1,2,toy4_gpu_core_neural_output_average_batched_1024_cpu_repeat01,1,neural_policy,output_average,sample_actions,2.054031938314438e-06
toy4,neural_output_average,batched,batched,cpu,1024,3,9,1,1,2,toy4_gpu_core_neural_output_average_batched_1024_cpu_repeat01,1,neural_policy,output_average,commit_actions,1.7794081941246986e-05
toy4,neural_output_average,batched,batched,cpu,1024,3,9,1,1,2,toy4_gpu_core_neural_output_average_batched_1024_cpu_repeat01,1,neural_policy,output_average,post_step_state_policy,0.00012122897896915674
toy4,neural_output_average,batched,batched,cpu,1024,3,9,1,1,2,toy4_gpu_core_neural_output_average_batched_1024_cpu_repeat01,1,neural_policy,output_average,update_payoff_ema,0.00014050595927983522
toy4,neural_output_average,batched,batched,cpu,1024,3,9,1,1,2,toy4_gpu_core_neural_output_average_batched_1024_cpu_repeat01,1,neural_policy,output_average,update_reputation_ema,3.1278934329748154e-05
toy4,neural_output_average,batched,batched,cpu,1024,3,9,1,1,2,toy4_gpu_core_neural_output_average_batched_1024_cpu_repeat01,1,neural_policy,output_average,mobility_swaps,6.5052998252213e-05
toy4,neural_output_average,batched,batched,cpu,1024,3,9,1,1,2,toy4_gpu_core_neural_output_average_batched_1024_cpu_repeat01,1,neural_policy,output_average,finalize_hook_step,2.236210275441408e-05
toy4,neural_output_average,batched,batched,cpu,1024,3,9,1,1,2,toy4_gpu_core_neural_output_average_batched_1024_cpu_repeat01,1,neural_policy,output_average,hooked_step_total,0.30188076302874833
toy4,neural_output_average,batched,batched,cpu,1024,3,9,1,1,2,toy4_gpu_core_neural_output_average_batched_1024_cpu_repeat01,1,neural_policy,output_average,aggregate_row,0.03465920896269381
toy4,neural_output_average,batched,batched,cpu,1024,3,9,1,1,2,toy4_gpu_core_neural_output_average_batched_1024_cpu_repeat01,1,neural_policy,output_average,write_aggregate,9.660306386649609e-05
toy4,neural_output_average,batched,batched,cpu,1024,3,9,1,1,2,toy4_gpu_core_neural_output_average_batched_1024_cpu_repeat01,2,neural_policy,output_average,sample_revision_mask,3.391399513930082e-05
toy4,neural_output_average,batched,batched,cpu,1024,3,9,1,1,2,toy4_gpu_core_neural_output_average_batched_1024_cpu_repeat01,2,neural_policy,output_average,build_step_context,1.4266930520534515e-05
toy4,neural_output_average,batched,batched,cpu,1024,3,9,1,1,2,toy4_gpu_core_neural_output_average_batched_1024_cpu_repeat01,2,neural_policy,output_average,build_observations,0.008331350982189178
toy4,neural_output_average,batched,batched,cpu,1024,3,9,1,1,2,toy4_gpu_core_neural_output_average_batched_1024_cpu_repeat01,2,neural_policy,output_average,policy_readout,0.0011314409784972668
toy4,neural_output_average,batched,batched,cpu,1024,3,9,1,1,2,toy4_gpu_core_neural_output_average_batched_1024_cpu_repeat01,2,neural_policy,output_average,decision_selection,0.006694364943541586
toy4,neural_output_average,batched,batched,cpu,1024,3,9,1,1,2,toy4_gpu_core_neural_output_average_batched_1024_cpu_repeat01,2,neural_policy,output_average,local_training,0.11538921599276364
toy4,neural_output_average,batched,batched,cpu,1024,3,9,1,1,2,toy4_gpu_core_neural_output_average_batched_1024_cpu_repeat01,2,neural_policy,output_average,cache_refresh,7.924973033368587e-06
toy4,neural_output_average,batched,batched,cpu,1024,3,9,1,1,2,toy4_gpu_core_neural_output_average_batched_1024_cpu_repeat01,2,neural_policy,output_average,post_local_readout,0.0008592460071668029
toy4,neural_output_average,batched,batched,cpu,1024,3,9,1,1,2,toy4_gpu_core_neural_output_average_batched_1024_cpu_repeat01,2,neural_policy,output_average,local_step,0.1327784820459783
toy4,neural_output_average,batched,batched,cpu,1024,3,9,1,1,2,toy4_gpu_core_neural_output_average_batched_1024_cpu_repeat01,2,neural_policy,output_average,select_peers,0.0008927991148084402
toy4,neural_output_average,batched,batched,cpu,1024,3,9,1,1,2,toy4_gpu_core_neural_output_average_batched_1024_cpu_repeat01,2,neural_policy,output_average,social_distillation,0.11209754808805883
toy4,neural_output_average,batched,batched,cpu,1024,3,9,1,1,2,toy4_gpu_core_neural_output_average_batched_1024_cpu_repeat01,2,neural_policy,output_average,social_step,0.11215055803768337
toy4,neural_output_average,batched,batched,cpu,1024,3,9,1,1,2,toy4_gpu_core_neural_output_average_batched_1024_cpu_repeat01,2,neural_policy,output_average,sample_actions,1.8739374354481697e-06
toy4,neural_output_average,batched,batched,cpu,1024,3,9,1,1,2,toy4_gpu_core_neural_output_average_batched_1024_cpu_repeat01,2,neural_policy,output_average,commit_actions,4.2280880734324455e-06
toy4,neural_output_average,batched,batched,cpu,1024,3,9,1,1,2,toy4_gpu_core_neural_output_average_batched_1024_cpu_repeat01,2,neural_policy,output_average,post_step_state_policy,3.3403048291802406e-05
toy4,neural_output_average,batched,batched,cpu,1024,3,9,1,1,2,toy4_gpu_core_neural_output_average_batched_1024_cpu_repeat01,2,neural_policy,output_average,update_payoff_ema,3.1800009310245514e-05
toy4,neural_output_average,batched,batched,cpu,1024,3,9,1,1,2,toy4_gpu_core_neural_output_average_batched_1024_cpu_repeat01,2,neural_policy,output_average,update_reputation_ema,1.666101161390543e-05
toy4,neural_output_average,batched,batched,cpu,1024,3,9,1,1,2,toy4_gpu_core_neural_output_average_batched_1024_cpu_repeat01,2,neural_policy,output_average,mobility_swaps,2.0288978703320026e-05
toy4,neural_output_average,batched,batched,cpu,1024,3,9,1,1,2,toy4_gpu_core_neural_output_average_batched_1024_cpu_repeat01,2,neural_policy,output_average,finalize_hook_step,9.146984666585922e-06
toy4,neural_output_average,batched,batched,cpu,1024,3,9,1,1,2,toy4_gpu_core_neural_output_average_batched_1024_cpu_repeat01,2,neural_policy,output_average,hooked_step_total,0.2473496600287035
toy4,neural_output_average,batched,batched,cpu,1024,3,9,1,1,2,toy4_gpu_core_neural_output_average_batched_1024_cpu_repeat01,2,neural_policy,output_average,aggregate_row,0.037786765955388546
toy4,neural_output_average,batched,batched,cpu,1024,3,9,1,1,2,toy4_gpu_core_neural_output_average_batched_1024_cpu_repeat01,2,neural_policy,output_average,write_aggregate,7.112405728548765e-05
toy4,neural_output_average,batched,batched,cpu,1024,3,9,1,1,2,toy4_gpu_core_neural_output_average_batched_1024_cpu_repeat01,3,neural_policy,output_average,sample_revision_mask,2.4285982362926006e-05
toy4,neural_output_average,batched,batched,cpu,1024,3,9,1,1,2,toy4_gpu_core_neural_output_average_batched_1024_cpu_repeat01,3,neural_policy,output_average,build_step_context,6.461981683969498e-06
toy4,neural_output_average,batched,batched,cpu,1024,3,9,1,1,2,toy4_gpu_core_neural_output_average_batched_1024_cpu_repeat01,3,neural_policy,output_average,build_observations,0.008942456915974617
toy4,neural_output_average,batched,batched,cpu,1024,3,9,1,1,2,toy4_gpu_core_neural_output_average_batched_1024_cpu_repeat01,3,neural_policy,output_average,policy_readout,0.0014040570240467787
toy4,neural_output_average,batched,batched,cpu,1024,3,9,1,1,2,toy4_gpu_core_neural_output_average_batched_1024_cpu_repeat01,3,neural_policy,output_average,decision_selection,0.0067948250798508525
toy4,neural_output_average,batched,batched,cpu,1024,3,9,1,1,2,toy4_gpu_core_neural_output_average_batched_1024_cpu_repeat01,3,neural_policy,output_average,local_training,0.1106867000926286
toy4,neural_output_average,batched,batched,cpu,1024,3,9,1,1,2,toy4_gpu_core_neural_output_average_batched_1024_cpu_repeat01,3,neural_policy,output_average,cache_refresh,6.643007509410381e-06
toy4,neural_output_average,batched,batched,cpu,1024,3,9,1,1,2,toy4_gpu_core_neural_output_average_batched_1024_cpu_repeat01,3,neural_policy,output_average,post_local_readout,0.0005314250010997057
toy4,neural_output_average,batched,batched,cpu,1024,3,9,1,1,2,toy4_gpu_core_neural_output_average_batched_1024_cpu_repeat01,3,neural_policy,output_average,local_step,0.1286965210456401
toy4,neural_output_average,batched,batched,cpu,1024,3,9,1,1,2,toy4_gpu_core_neural_output_average_batched_1024_cpu_repeat01,3,neural_policy,output_average,select_peers,0.0009064340265467763
toy4,neural_output_average,batched,batched,cpu,1024,3,9,1,1,2,toy4_gpu_core_neural_output_average_batched_1024_cpu_repeat01,3,neural_policy,output_average,social_distillation,0.11440267006400973
toy4,neural_output_average,batched,batched,cpu,1024,3,9,1,1,2,toy4_gpu_core_neural_output_average_batched_1024_cpu_repeat01,3,neural_policy,output_average,social_step,0.11443453002721071
toy4,neural_output_average,batched,batched,cpu,1024,3,9,1,1,2,toy4_gpu_core_neural_output_average_batched_1024_cpu_repeat01,3,neural_policy,output_average,sample_actions,1.251930370926857e-06
toy4,neural_output_average,batched,batched,cpu,1024,3,9,1,1,2,toy4_gpu_core_neural_output_average_batched_1024_cpu_repeat01,3,neural_policy,output_average,commit_actions,3.856956027448177e-06
toy4,neural_output_average,batched,batched,cpu,1024,3,9,1,1,2,toy4_gpu_core_neural_output_average_batched_1024_cpu_repeat01,3,neural_policy,output_average,post_step_state_policy,2.6169000193476677e-05
toy4,neural_output_average,batched,batched,cpu,1024,3,9,1,1,2,toy4_gpu_core_neural_output_average_batched_1024_cpu_repeat01,3,neural_policy,output_average,update_payoff_ema,3.38040990754962e-05
toy4,neural_output_average,batched,batched,cpu,1024,3,9,1,1,2,toy4_gpu_core_neural_output_average_batched_1024_cpu_repeat01,3,neural_policy,output_average,update_reputation_ema,1.3335957191884518e-05
toy4,neural_output_average,batched,batched,cpu,1024,3,9,1,1,2,toy4_gpu_core_neural_output_average_batched_1024_cpu_repeat01,3,neural_policy,output_average,mobility_swaps,1.788395456969738e-05
toy4,neural_output_average,batched,batched,cpu,1024,3,9,1,1,2,toy4_gpu_core_neural_output_average_batched_1024_cpu_repeat01,3,neural_policy,output_average,finalize_hook_step,8.947099559009075e-06
toy4,neural_output_average,batched,batched,cpu,1024,3,9,1,1,2,toy4_gpu_core_neural_output_average_batched_1024_cpu_repeat01,3,neural_policy,output_average,hooked_step_total,0.24540304904803634
toy4,neural_output_average,batched,batched,cpu,1024,3,9,1,1,2,toy4_gpu_core_neural_output_average_batched_1024_cpu_repeat01,3,neural_policy,output_average,aggregate_row,0.02319831692148
toy4,neural_output_average,batched,batched,cpu,1024,3,9,1,1,2,toy4_gpu_core_neural_output_average_batched_1024_cpu_repeat01,3,neural_policy,output_average,write_aggregate,0.0001470079878345132
toy4,neural_output_average,batched,batched,cuda,1024,3,9,0,1,2,toy4_gpu_core_neural_output_average_batched_1024_cuda_repeat00,0,neural_policy,output_average,make_run_dir,0.0002492009662091732
toy4,neural_output_average,batched,batched,cuda,1024,3,9,0,1,2,toy4_gpu_core_neural_output_average_batched_1024_cuda_repeat00,0,neural_policy,output_average,write_metadata,0.002283620066009462
toy4,neural_output_average,batched,batched,cuda,1024,3,9,0,1,2,toy4_gpu_core_neural_output_average_batched_1024_cuda_repeat00,0,neural_policy,output_average,initial_state,0.7750797349726781
toy4,neural_output_average,batched,batched,cuda,1024,3,9,0,1,2,toy4_gpu_core_neural_output_average_batched_1024_cuda_repeat00,0,neural_policy,output_average,writer_setup,0.000379216973669827
toy4,neural_output_average,batched,batched,cuda,1024,3,9,0,1,2,toy4_gpu_core_neural_output_average_batched_1024_cuda_repeat00,0,neural_policy,output_average,initial_step_result,0.0098157700849697
toy4,neural_output_average,batched,batched,cuda,1024,3,9,0,1,2,toy4_gpu_core_neural_output_average_batched_1024_cuda_repeat00,0,neural_policy,output_average,initial_aggregate_row,0.03154132200870663
toy4,neural_output_average,batched,batched,cuda,1024,3,9,0,1,2,toy4_gpu_core_neural_output_average_batched_1024_cuda_repeat00,0,neural_policy,output_average,write_initial_aggregate,0.00011581892613321543
toy4,neural_output_average,batched,batched,cuda,1024,3,9,0,1,2,toy4_gpu_core_neural_output_average_batched_1024_cuda_repeat00,1,neural_policy,output_average,sample_revision_mask,6.590492557734251e-05
toy4,neural_output_average,batched,batched,cuda,1024,3,9,0,1,2,toy4_gpu_core_neural_output_average_batched_1024_cuda_repeat00,1,neural_policy,output_average,build_step_context,1.6932026483118534e-05
toy4,neural_output_average,batched,batched,cuda,1024,3,9,0,1,2,toy4_gpu_core_neural_output_average_batched_1024_cuda_repeat00,1,neural_policy,output_average,build_observations,0.00996227702125907
toy4,neural_output_average,batched,batched,cuda,1024,3,9,0,1,2,toy4_gpu_core_neural_output_average_batched_1024_cuda_repeat00,1,neural_policy,output_average,policy_readout,0.0019707480678334832
toy4,neural_output_average,batched,batched,cuda,1024,3,9,0,1,2,toy4_gpu_core_neural_output_average_batched_1024_cuda_repeat00,1,neural_policy,output_average,decision_selection,0.005354449967853725
toy4,neural_output_average,batched,batched,cuda,1024,3,9,0,1,2,toy4_gpu_core_neural_output_average_batched_1024_cuda_repeat00,1,neural_policy,output_average,local_training,0.35208647698163986
toy4,neural_output_average,batched,batched,cuda,1024,3,9,0,1,2,toy4_gpu_core_neural_output_average_batched_1024_cuda_repeat00,1,neural_policy,output_average,cache_refresh,2.043892163783312e-05
toy4,neural_output_average,batched,batched,cuda,1024,3,9,0,1,2,toy4_gpu_core_neural_output_average_batched_1024_cuda_repeat00,1,neural_policy,output_average,post_local_readout,0.0008503579301759601
toy4,neural_output_average,batched,batched,cuda,1024,3,9,0,1,2,toy4_gpu_core_neural_output_average_batched_1024_cuda_repeat00,1,neural_policy,output_average,local_step,0.37138780299574137
toy4,neural_output_average,batched,batched,cuda,1024,3,9,0,1,2,toy4_gpu_core_neural_output_average_batched_1024_cuda_repeat00,1,neural_policy,output_average,select_peers,0.0011600248981267214
toy4,neural_output_average,batched,batched,cuda,1024,3,9,0,1,2,toy4_gpu_core_neural_output_average_batched_1024_cuda_repeat00,1,neural_policy,output_average,social_distillation,0.3385583540657535
toy4,neural_output_average,batched,batched,cuda,1024,3,9,0,1,2,toy4_gpu_core_neural_output_average_batched_1024_cuda_repeat00,1,neural_policy,output_average,social_step,0.33864511898718774
toy4,neural_output_average,batched,batched,cuda,1024,3,9,0,1,2,toy4_gpu_core_neural_output_average_batched_1024_cuda_repeat00,1,neural_policy,output_average,sample_actions,7.054070010781288e-06
toy4,neural_output_average,batched,batched,cuda,1024,3,9,0,1,2,toy4_gpu_core_neural_output_average_batched_1024_cuda_repeat00,1,neural_policy,output_average,commit_actions,1.5850062482059002e-05
toy4,neural_output_average,batched,batched,cuda,1024,3,9,0,1,2,toy4_gpu_core_neural_output_average_batched_1024_cuda_repeat00,1,neural_policy,output_average,post_step_state_policy,4.874193109571934e-05
toy4,neural_output_average,batched,batched,cuda,1024,3,9,0,1,2,toy4_gpu_core_neural_output_average_batched_1024_cuda_repeat00,1,neural_policy,output_average,update_payoff_ema,7.349904626607895e-05
toy4,neural_output_average,batched,batched,cuda,1024,3,9,0,1,2,toy4_gpu_core_neural_output_average_batched_1024_cuda_repeat00,1,neural_policy,output_average,update_reputation_ema,2.6769936084747314e-05
toy4,neural_output_average,batched,batched,cuda,1024,3,9,0,1,2,toy4_gpu_core_neural_output_average_batched_1024_cuda_repeat00,1,neural_policy,output_average,mobility_swaps,3.952498082071543e-05
toy4,neural_output_average,batched,batched,cuda,1024,3,9,0,1,2,toy4_gpu_core_neural_output_average_batched_1024_cuda_repeat00,1,neural_policy,output_average,finalize_hook_step,2.0227977074682713e-05
toy4,neural_output_average,batched,batched,cuda,1024,3,9,0,1,2,toy4_gpu_core_neural_output_average_batched_1024_cuda_repeat00,1,neural_policy,output_average,hooked_step_total,0.7131204010220245
toy4,neural_output_average,batched,batched,cuda,1024,3,9,0,1,2,toy4_gpu_core_neural_output_average_batched_1024_cuda_repeat00,1,neural_policy,output_average,aggregate_row,0.025409371010027826
toy4,neural_output_average,batched,batched,cuda,1024,3,9,0,1,2,toy4_gpu_core_neural_output_average_batched_1024_cuda_repeat00,1,neural_policy,output_average,write_aggregate,0.0001475989120081067
toy4,neural_output_average,batched,batched,cuda,1024,3,9,0,1,2,toy4_gpu_core_neural_output_average_batched_1024_cuda_repeat00,2,neural_policy,output_average,sample_revision_mask,5.162798333913088e-05
toy4,neural_output_average,batched,batched,cuda,1024,3,9,0,1,2,toy4_gpu_core_neural_output_average_batched_1024_cuda_repeat00,2,neural_policy,output_average,build_step_context,2.0889914594590664e-05
toy4,neural_output_average,batched,batched,cuda,1024,3,9,0,1,2,toy4_gpu_core_neural_output_average_batched_1024_cuda_repeat00,2,neural_policy,output_average,build_observations,0.008759452030062675
toy4,neural_output_average,batched,batched,cuda,1024,3,9,0,1,2,toy4_gpu_core_neural_output_average_batched_1024_cuda_repeat00,2,neural_policy,output_average,policy_readout,0.000775777967646718
toy4,neural_output_average,batched,batched,cuda,1024,3,9,0,1,2,toy4_gpu_core_neural_output_average_batched_1024_cuda_repeat00,2,neural_policy,output_average,decision_selection,0.0051745399832725525
toy4,neural_output_average,batched,batched,cuda,1024,3,9,0,1,2,toy4_gpu_core_neural_output_average_batched_1024_cuda_repeat00,2,neural_policy,output_average,local_training,0.29997275792993605
toy4,neural_output_average,batched,batched,cuda,1024,3,9,0,1,2,toy4_gpu_core_neural_output_average_batched_1024_cuda_repeat00,2,neural_policy,output_average,cache_refresh,1.9477098248898983e-05
toy4,neural_output_average,batched,batched,cuda,1024,3,9,0,1,2,toy4_gpu_core_neural_output_average_batched_1024_cuda_repeat00,2,neural_policy,output_average,post_local_readout,0.0006393400253728032
toy4,neural_output_average,batched,batched,cuda,1024,3,9,0,1,2,toy4_gpu_core_neural_output_average_batched_1024_cuda_repeat00,2,neural_policy,output_average,local_step,0.31584315199870616
toy4,neural_output_average,batched,batched,cuda,1024,3,9,0,1,2,toy4_gpu_core_neural_output_average_batched_1024_cuda_repeat00,2,neural_policy,output_average,select_peers,0.0009746940340846777
toy4,neural_output_average,batched,batched,cuda,1024,3,9,0,1,2,toy4_gpu_core_neural_output_average_batched_1024_cuda_repeat00,2,neural_policy,output_average,social_distillation,0.3172844190848991
toy4,neural_output_average,batched,batched,cuda,1024,3,9,0,1,2,toy4_gpu_core_neural_output_average_batched_1024_cuda_repeat00,2,neural_policy,output_average,social_step,0.317383115994744
toy4,neural_output_average,batched,batched,cuda,1024,3,9,0,1,2,toy4_gpu_core_neural_output_average_batched_1024_cuda_repeat00,2,neural_policy,output_average,sample_actions,8.245930075645447e-06
toy4,neural_output_average,batched,batched,cuda,1024,3,9,0,1,2,toy4_gpu_core_neural_output_average_batched_1024_cuda_repeat00,2,neural_policy,output_average,commit_actions,1.6281032003462315e-05
toy4,neural_output_average,batched,batched,cuda,1024,3,9,0,1,2,toy4_gpu_core_neural_output_average_batched_1024_cuda_repeat00,2,neural_policy,output_average,post_step_state_policy,7.738696876913309e-05
toy4,neural_output_average,batched,batched,cuda,1024,3,9,0,1,2,toy4_gpu_core_neural_output_average_batched_1024_cuda_repeat00,2,neural_policy,output_average,update_payoff_ema,0.00011070002801716328
toy4,neural_output_average,batched,batched,cuda,1024,3,9,0,1,2,toy4_gpu_core_neural_output_average_batched_1024_cuda_repeat00,2,neural_policy,output_average,update_reputation_ema,5.384103860706091e-05
toy4,neural_output_average,batched,batched,cuda,1024,3,9,0,1,2,toy4_gpu_core_neural_output_average_batched_1024_cuda_repeat00,2,neural_policy,output_average,mobility_swaps,5.5546057410538197e-05
toy4,neural_output_average,batched,batched,cuda,1024,3,9,0,1,2,toy4_gpu_core_neural_output_average_batched_1024_cuda_repeat00,2,neural_policy,output_average,finalize_hook_step,2.86538852378726e-05
toy4,neural_output_average,batched,batched,cuda,1024,3,9,0,1,2,toy4_gpu_core_neural_output_average_batched_1024_cuda_repeat00,2,neural_policy,output_average,hooked_step_total,0.6372966100461781
toy4,neural_output_average,batched,batched,cuda,1024,3,9,0,1,2,toy4_gpu_core_neural_output_average_batched_1024_cuda_repeat00,2,neural_policy,output_average,aggregate_row,0.04125358699820936
toy4,neural_output_average,batched,batched,cuda,1024,3,9,0,1,2,toy4_gpu_core_neural_output_average_batched_1024_cuda_repeat00,2,neural_policy,output_average,write_aggregate,8.384906686842442e-05
toy4,neural_output_average,batched,batched,cuda,1024,3,9,0,1,2,toy4_gpu_core_neural_output_average_batched_1024_cuda_repeat00,3,neural_policy,output_average,sample_revision_mask,3.8412981666624546e-05
toy4,neural_output_average,batched,batched,cuda,1024,3,9,0,1,2,toy4_gpu_core_neural_output_average_batched_1024_cuda_repeat00,3,neural_policy,output_average,build_step_context,1.5600002370774746e-05
toy4,neural_output_average,batched,batched,cuda,1024,3,9,0,1,2,toy4_gpu_core_neural_output_average_batched_1024_cuda_repeat00,3,neural_policy,output_average,build_observations,0.008417083998210728
toy4,neural_output_average,batched,batched,cuda,1024,3,9,0,1,2,toy4_gpu_core_neural_output_average_batched_1024_cuda_repeat00,3,neural_policy,output_average,policy_readout,0.0008702770574018359
toy4,neural_output_average,batched,batched,cuda,1024,3,9,0,1,2,toy4_gpu_core_neural_output_average_batched_1024_cuda_repeat00,3,neural_policy,output_average,decision_selection,0.00519437703769654
toy4,neural_output_average,batched,batched,cuda,1024,3,9,0,1,2,toy4_gpu_core_neural_output_average_batched_1024_cuda_repeat00,3,neural_policy,output_average,local_training,0.3153755890671164
toy4,neural_output_average,batched,batched,cuda,1024,3,9,0,1,2,toy4_gpu_core_neural_output_average_batched_1024_cuda_repeat00,3,neural_policy,output_average,cache_refresh,2.0427978597581387e-05
toy4,neural_output_average,batched,batched,cuda,1024,3,9,0,1,2,toy4_gpu_core_neural_output_average_batched_1024_cuda_repeat00,3,neural_policy,output_average,post_local_readout,0.0007596570067107677
toy4,neural_output_average,batched,batched,cuda,1024,3,9,0,1,2,toy4_gpu_core_neural_output_average_batched_1024_cuda_repeat00,3,neural_policy,output_average,local_step,0.3317836800124496
toy4,neural_output_average,batched,batched,cuda,1024,3,9,0,1,2,toy4_gpu_core_neural_output_average_batched_1024_cuda_repeat00,3,neural_policy,output_average,select_peers,0.0011315710144117475
toy4,neural_output_average,batched,batched,cuda,1024,3,9,0,1,2,toy4_gpu_core_neural_output_average_batched_1024_cuda_repeat00,3,neural_policy,output_average,social_distillation,0.3113328820327297
toy4,neural_output_average,batched,batched,cuda,1024,3,9,0,1,2,toy4_gpu_core_neural_output_average_batched_1024_cuda_repeat00,3,neural_policy,output_average,social_step,0.3113866539206356
toy4,neural_output_average,batched,batched,cuda,1024,3,9,0,1,2,toy4_gpu_core_neural_output_average_batched_1024_cuda_repeat00,3,neural_policy,output_average,sample_actions,6.241956725716591e-06
toy4,neural_output_average,batched,batched,cuda,1024,3,9,0,1,2,toy4_gpu_core_neural_output_average_batched_1024_cuda_repeat00,3,neural_policy,output_average,commit_actions,8.867005817592144e-06
toy4,neural_output_average,batched,batched,cuda,1024,3,9,0,1,2,toy4_gpu_core_neural_output_average_batched_1024_cuda_repeat00,3,neural_policy,output_average,post_step_state_policy,2.964597661048174e-05
toy4,neural_output_average,batched,batched,cuda,1024,3,9,0,1,2,toy4_gpu_core_neural_output_average_batched_1024_cuda_repeat00,3,neural_policy,output_average,update_payoff_ema,3.523693885654211e-05
toy4,neural_output_average,batched,batched,cuda,1024,3,9,0,1,2,toy4_gpu_core_neural_output_average_batched_1024_cuda_repeat00,3,neural_policy,output_average,update_reputation_ema,1.9917963072657585e-05
toy4,neural_output_average,batched,batched,cuda,1024,3,9,0,1,2,toy4_gpu_core_neural_output_average_batched_1024_cuda_repeat00,3,neural_policy,output_average,mobility_swaps,2.47670104727149e-05
toy4,neural_output_average,batched,batched,cuda,1024,3,9,0,1,2,toy4_gpu_core_neural_output_average_batched_1024_cuda_repeat00,3,neural_policy,output_average,finalize_hook_step,1.538905780762434e-05
toy4,neural_output_average,batched,batched,cuda,1024,3,9,0,1,2,toy4_gpu_core_neural_output_average_batched_1024_cuda_repeat00,3,neural_policy,output_average,hooked_step_total,0.6459953190060332
toy4,neural_output_average,batched,batched,cuda,1024,3,9,0,1,2,toy4_gpu_core_neural_output_average_batched_1024_cuda_repeat00,3,neural_policy,output_average,aggregate_row,0.028321671998128295
toy4,neural_output_average,batched,batched,cuda,1024,3,9,0,1,2,toy4_gpu_core_neural_output_average_batched_1024_cuda_repeat00,3,neural_policy,output_average,write_aggregate,0.00023422297090291977
toy4,neural_output_average,batched,batched,cuda,1024,3,9,1,1,2,toy4_gpu_core_neural_output_average_batched_1024_cuda_repeat01,0,neural_policy,output_average,make_run_dir,0.00019536004401743412
toy4,neural_output_average,batched,batched,cuda,1024,3,9,1,1,2,toy4_gpu_core_neural_output_average_batched_1024_cuda_repeat01,0,neural_policy,output_average,write_metadata,0.002135670045390725
toy4,neural_output_average,batched,batched,cuda,1024,3,9,1,1,2,toy4_gpu_core_neural_output_average_batched_1024_cuda_repeat01,0,neural_policy,output_average,initial_state,0.7319093309342861
toy4,neural_output_average,batched,batched,cuda,1024,3,9,1,1,2,toy4_gpu_core_neural_output_average_batched_1024_cuda_repeat01,0,neural_policy,output_average,writer_setup,0.00048219203017652035
toy4,neural_output_average,batched,batched,cuda,1024,3,9,1,1,2,toy4_gpu_core_neural_output_average_batched_1024_cuda_repeat01,0,neural_policy,output_average,initial_step_result,0.009506194037385285
toy4,neural_output_average,batched,batched,cuda,1024,3,9,1,1,2,toy4_gpu_core_neural_output_average_batched_1024_cuda_repeat01,0,neural_policy,output_average,initial_aggregate_row,0.02235970098990947
toy4,neural_output_average,batched,batched,cuda,1024,3,9,1,1,2,toy4_gpu_core_neural_output_average_batched_1024_cuda_repeat01,0,neural_policy,output_average,write_initial_aggregate,6.632506847381592e-05
toy4,neural_output_average,batched,batched,cuda,1024,3,9,1,1,2,toy4_gpu_core_neural_output_average_batched_1024_cuda_repeat01,1,neural_policy,output_average,sample_revision_mask,2.216198481619358e-05
toy4,neural_output_average,batched,batched,cuda,1024,3,9,1,1,2,toy4_gpu_core_neural_output_average_batched_1024_cuda_repeat01,1,neural_policy,output_average,build_step_context,1.0701012797653675e-05
toy4,neural_output_average,batched,batched,cuda,1024,3,9,1,1,2,toy4_gpu_core_neural_output_average_batched_1024_cuda_repeat01,1,neural_policy,output_average,build_observations,0.008883307105861604
toy4,neural_output_average,batched,batched,cuda,1024,3,9,1,1,2,toy4_gpu_core_neural_output_average_batched_1024_cuda_repeat01,1,neural_policy,output_average,policy_readout,0.0008344589732587337
toy4,neural_output_average,batched,batched,cuda,1024,3,9,1,1,2,toy4_gpu_core_neural_output_average_batched_1024_cuda_repeat01,1,neural_policy,output_average,decision_selection,0.00527725403662771
toy4,neural_output_average,batched,batched,cuda,1024,3,9,1,1,2,toy4_gpu_core_neural_output_average_batched_1024_cuda_repeat01,1,neural_policy,output_average,local_training,0.4175755239557475
toy4,neural_output_average,batched,batched,cuda,1024,3,9,1,1,2,toy4_gpu_core_neural_output_average_batched_1024_cuda_repeat01,1,neural_policy,output_average,cache_refresh,2.2061984054744244e-05
toy4,neural_output_average,batched,batched,cuda,1024,3,9,1,1,2,toy4_gpu_core_neural_output_average_batched_1024_cuda_repeat01,1,neural_policy,output_average,post_local_readout,0.0009306110441684723
toy4,neural_output_average,batched,batched,cuda,1024,3,9,1,1,2,toy4_gpu_core_neural_output_average_batched_1024_cuda_repeat01,1,neural_policy,output_average,local_step,0.4348344859899953
toy4,neural_output_average,batched,batched,cuda,1024,3,9,1,1,2,toy4_gpu_core_neural_output_average_batched_1024_cuda_repeat01,1,neural_policy,output_average,select_peers,0.001280072028748691
toy4,neural_output_average,batched,batched,cuda,1024,3,9,1,1,2,toy4_gpu_core_neural_output_average_batched_1024_cuda_repeat01,1,neural_policy,output_average,social_distillation,0.28127138304989785
toy4,neural_output_average,batched,batched,cuda,1024,3,9,1,1,2,toy4_gpu_core_neural_output_average_batched_1024_cuda_repeat01,1,neural_policy,output_average,social_step,0.2813156460179016
toy4,neural_output_average,batched,batched,cuda,1024,3,9,1,1,2,toy4_gpu_core_neural_output_average_batched_1024_cuda_repeat01,1,neural_policy,output_average,sample_actions,6.612041033804417e-06
toy4,neural_output_average,batched,batched,cuda,1024,3,9,1,1,2,toy4_gpu_core_neural_output_average_batched_1024_cuda_repeat01,1,neural_policy,output_average,commit_actions,9.579001925885677e-06
toy4,neural_output_average,batched,batched,cuda,1024,3,9,1,1,2,toy4_gpu_core_neural_output_average_batched_1024_cuda_repeat01,1,neural_policy,output_average,post_step_state_policy,3.8572936318814754e-05
toy4,neural_output_average,batched,batched,cuda,1024,3,9,1,1,2,toy4_gpu_core_neural_output_average_batched_1024_cuda_repeat01,1,neural_policy,output_average,update_payoff_ema,3.920402377843857e-05
toy4,neural_output_average,batched,batched,cuda,1024,3,9,1,1,2,toy4_gpu_core_neural_output_average_batched_1024_cuda_repeat01,1,neural_policy,output_average,update_reputation_ema,2.1190033294260502e-05
toy4,neural_output_average,batched,batched,cuda,1024,3,9,1,1,2,toy4_gpu_core_neural_output_average_batched_1024_cuda_repeat01,1,neural_policy,output_average,mobility_swaps,2.35049519687891e-05
toy4,neural_output_average,batched,batched,cuda,1024,3,9,1,1,2,toy4_gpu_core_neural_output_average_batched_1024_cuda_repeat01,1,neural_policy,output_average,finalize_hook_step,1.5940982848405838e-05
toy4,neural_output_average,batched,batched,cuda,1024,3,9,1,1,2,toy4_gpu_core_neural_output_average_batched_1024_cuda_repeat01,1,neural_policy,output_average,hooked_step_total,0.7191011650720611
toy4,neural_output_average,batched,batched,cuda,1024,3,9,1,1,2,toy4_gpu_core_neural_output_average_batched_1024_cuda_repeat01,1,neural_policy,output_average,aggregate_row,0.03288401197642088
toy4,neural_output_average,batched,batched,cuda,1024,3,9,1,1,2,toy4_gpu_core_neural_output_average_batched_1024_cuda_repeat01,1,neural_policy,output_average,write_aggregate,0.00020156195387244225
toy4,neural_output_average,batched,batched,cuda,1024,3,9,1,1,2,toy4_gpu_core_neural_output_average_batched_1024_cuda_repeat01,2,neural_policy,output_average,sample_revision_mask,7.833796553313732e-05
toy4,neural_output_average,batched,batched,cuda,1024,3,9,1,1,2,toy4_gpu_core_neural_output_average_batched_1024_cuda_repeat01,2,neural_policy,output_average,build_step_context,2.235302235931158e-05
toy4,neural_output_average,batched,batched,cuda,1024,3,9,1,1,2,toy4_gpu_core_neural_output_average_batched_1024_cuda_repeat01,2,neural_policy,output_average,build_observations,0.011966659920290112
toy4,neural_output_average,batched,batched,cuda,1024,3,9,1,1,2,toy4_gpu_core_neural_output_average_batched_1024_cuda_repeat01,2,neural_policy,output_average,policy_readout,0.0017445809207856655
toy4,neural_output_average,batched,batched,cuda,1024,3,9,1,1,2,toy4_gpu_core_neural_output_average_batched_1024_cuda_repeat01,2,neural_policy,output_average,decision_selection,0.0058064350159838796
toy4,neural_output_average,batched,batched,cuda,1024,3,9,1,1,2,toy4_gpu_core_neural_output_average_batched_1024_cuda_repeat01,2,neural_policy,output_average,local_training,0.3378358279587701
toy4,neural_output_average,batched,batched,cuda,1024,3,9,1,1,2,toy4_gpu_core_neural_output_average_batched_1024_cuda_repeat01,2,neural_policy,output_average,cache_refresh,2.2793072275817394e-05
toy4,neural_output_average,batched,batched,cuda,1024,3,9,1,1,2,toy4_gpu_core_neural_output_average_batched_1024_cuda_repeat01,2,neural_policy,output_average,post_local_readout,0.0010374329285696149
toy4,neural_output_average,batched,batched,cuda,1024,3,9,1,1,2,toy4_gpu_core_neural_output_average_batched_1024_cuda_repeat01,2,neural_policy,output_average,local_step,0.35980226600077003
toy4,neural_output_average,batched,batched,cuda,1024,3,9,1,1,2,toy4_gpu_core_neural_output_average_batched_1024_cuda_repeat01,2,neural_policy,output_average,select_peers,0.0018641370115801692
toy4,neural_output_average,batched,batched,cuda,1024,3,9,1,1,2,toy4_gpu_core_neural_output_average_batched_1024_cuda_repeat01,2,neural_policy,output_average,social_distillation,0.28996430104598403
toy4,neural_output_average,batched,batched,cuda,1024,3,9,1,1,2,toy4_gpu_core_neural_output_average_batched_1024_cuda_repeat01,2,neural_policy,output_average,social_step,0.29004942206665874
toy4,neural_output_average,batched,batched,cuda,1024,3,9,1,1,2,toy4_gpu_core_neural_output_average_batched_1024_cuda_repeat01,2,neural_policy,output_average,sample_actions,1.3544922694563866e-05
toy4,neural_output_average,batched,batched,cuda,1024,3,9,1,1,2,toy4_gpu_core_neural_output_average_batched_1024_cuda_repeat01,2,neural_policy,output_average,commit_actions,1.3955985195934772e-05
toy4,neural_output_average,batched,batched,cuda,1024,3,9,1,1,2,toy4_gpu_core_neural_output_average_batched_1024_cuda_repeat01,2,neural_policy,output_average,post_step_state_policy,0.00011302391067147255
toy4,neural_output_average,batched,batched,cuda,1024,3,9,1,1,2,toy4_gpu_core_neural_output_average_batched_1024_cuda_repeat01,2,neural_policy,output_average,update_payoff_ema,0.00023320107720792294
toy4,neural_output_average,batched,batched,cuda,1024,3,9,1,1,2,toy4_gpu_core_neural_output_average_batched_1024_cuda_repeat01,2,neural_policy,output_average,update_reputation_ema,4.253105726093054e-05
toy4,neural_output_average,batched,batched,cuda,1024,3,9,1,1,2,toy4_gpu_core_neural_output_average_batched_1024_cuda_repeat01,2,neural_policy,output_average,mobility_swaps,5.11569669470191e-05
toy4,neural_output_average,batched,batched,cuda,1024,3,9,1,1,2,toy4_gpu_core_neural_output_average_batched_1024_cuda_repeat01,2,neural_policy,output_average,finalize_hook_step,3.824196755886078e-05
toy4,neural_output_average,batched,batched,cuda,1024,3,9,1,1,2,toy4_gpu_core_neural_output_average_batched_1024_cuda_repeat01,2,neural_policy,output_average,hooked_step_total,0.6557855540886521
toy4,neural_output_average,batched,batched,cuda,1024,3,9,1,1,2,toy4_gpu_core_neural_output_average_batched_1024_cuda_repeat01,2,neural_policy,output_average,aggregate_row,0.03805375297088176
toy4,neural_output_average,batched,batched,cuda,1024,3,9,1,1,2,toy4_gpu_core_neural_output_average_batched_1024_cuda_repeat01,2,neural_policy,output_average,write_aggregate,8.475000504404306e-05
toy4,neural_output_average,batched,batched,cuda,1024,3,9,1,1,2,toy4_gpu_core_neural_output_average_batched_1024_cuda_repeat01,3,neural_policy,output_average,sample_revision_mask,2.9476010240614414e-05
toy4,neural_output_average,batched,batched,cuda,1024,3,9,1,1,2,toy4_gpu_core_neural_output_average_batched_1024_cuda_repeat01,3,neural_policy,output_average,build_step_context,1.3235025107860565e-05
toy4,neural_output_average,batched,batched,cuda,1024,3,9,1,1,2,toy4_gpu_core_neural_output_average_batched_1024_cuda_repeat01,3,neural_policy,output_average,build_observations,0.008671364979818463
toy4,neural_output_average,batched,batched,cuda,1024,3,9,1,1,2,toy4_gpu_core_neural_output_average_batched_1024_cuda_repeat01,3,neural_policy,output_average,policy_readout,0.0011747729731723666
toy4,neural_output_average,batched,batched,cuda,1024,3,9,1,1,2,toy4_gpu_core_neural_output_average_batched_1024_cuda_repeat01,3,neural_policy,output_average,decision_selection,0.005229864036664367
toy4,neural_output_average,batched,batched,cuda,1024,3,9,1,1,2,toy4_gpu_core_neural_output_average_batched_1024_cuda_repeat01,3,neural_policy,output_average,local_training,0.2894970370689407
toy4,neural_output_average,batched,batched,cuda,1024,3,9,1,1,2,toy4_gpu_core_neural_output_average_batched_1024_cuda_repeat01,3,neural_policy,output_average,cache_refresh,3.659992944449186e-05
toy4,neural_output_average,batched,batched,cuda,1024,3,9,1,1,2,toy4_gpu_core_neural_output_average_batched_1024_cuda_repeat01,3,neural_policy,output_average,post_local_readout,0.0012808640021830797
toy4,neural_output_average,batched,batched,cuda,1024,3,9,1,1,2,toy4_gpu_core_neural_output_average_batched_1024_cuda_repeat01,3,neural_policy,output_average,local_step,0.30674945598002523
toy4,neural_output_average,batched,batched,cuda,1024,3,9,1,1,2,toy4_gpu_core_neural_output_average_batched_1024_cuda_repeat01,3,neural_policy,output_average,select_peers,0.0024606749648228288
toy4,neural_output_average,batched,batched,cuda,1024,3,9,1,1,2,toy4_gpu_core_neural_output_average_batched_1024_cuda_repeat01,3,neural_policy,output_average,social_distillation,0.33088448003400117
toy4,neural_output_average,batched,batched,cuda,1024,3,9,1,1,2,toy4_gpu_core_neural_output_average_batched_1024_cuda_repeat01,3,neural_policy,output_average,social_step,0.3309846279444173
toy4,neural_output_average,batched,batched,cuda,1024,3,9,1,1,2,toy4_gpu_core_neural_output_average_batched_1024_cuda_repeat01,3,neural_policy,output_average,sample_actions,6.592017598450184e-06
toy4,neural_output_average,batched,batched,cuda,1024,3,9,1,1,2,toy4_gpu_core_neural_output_average_batched_1024_cuda_repeat01,3,neural_policy,output_average,commit_actions,9.317067451775074e-06
toy4,neural_output_average,batched,batched,cuda,1024,3,9,1,1,2,toy4_gpu_core_neural_output_average_batched_1024_cuda_repeat01,3,neural_policy,output_average,post_step_state_policy,2.857495564967394e-05
toy4,neural_output_average,batched,batched,cuda,1024,3,9,1,1,2,toy4_gpu_core_neural_output_average_batched_1024_cuda_repeat01,3,neural_policy,output_average,update_payoff_ema,3.24910506606102e-05
toy4,neural_output_average,batched,batched,cuda,1024,3,9,1,1,2,toy4_gpu_core_neural_output_average_batched_1024_cuda_repeat01,3,neural_policy,output_average,update_reputation_ema,2.1440093405544758e-05
toy4,neural_output_average,batched,batched,cuda,1024,3,9,1,1,2,toy4_gpu_core_neural_output_average_batched_1024_cuda_repeat01,3,neural_policy,output_average,mobility_swaps,2.7861911803483963e-05
toy4,neural_output_average,batched,batched,cuda,1024,3,9,1,1,2,toy4_gpu_core_neural_output_average_batched_1024_cuda_repeat01,3,neural_policy,output_average,finalize_hook_step,1.69120030477643e-05
toy4,neural_output_average,batched,batched,cuda,1024,3,9,1,1,2,toy4_gpu_core_neural_output_average_batched_1024_cuda_repeat01,3,neural_policy,output_average,hooked_step_total,0.6429795880103484
toy4,neural_output_average,batched,batched,cuda,1024,3,9,1,1,2,toy4_gpu_core_neural_output_average_batched_1024_cuda_repeat01,3,neural_policy,output_average,aggregate_row,0.021967279026284814
toy4,neural_output_average,batched,batched,cuda,1024,3,9,1,1,2,toy4_gpu_core_neural_output_average_batched_1024_cuda_repeat01,3,neural_policy,output_average,write_aggregate,5.9493002481758595e-05
toy5,neural_output_average,batched,batched,cpu,256,3,9,0,1,2,toy5_gpu_core_neural_output_average_batched_256_cpu_repeat00,0,neural_policy,output_average,make_run_dir,0.00015231803990900517
toy5,neural_output_average,batched,batched,cpu,256,3,9,0,1,2,toy5_gpu_core_neural_output_average_batched_256_cpu_repeat00,0,neural_policy,output_average,write_metadata,0.0019020879408344626
toy5,neural_output_average,batched,batched,cpu,256,3,9,0,1,2,toy5_gpu_core_neural_output_average_batched_256_cpu_repeat00,0,neural_policy,output_average,initial_state,0.3517950400710106
toy5,neural_output_average,batched,batched,cpu,256,3,9,0,1,2,toy5_gpu_core_neural_output_average_batched_256_cpu_repeat00,0,neural_policy,output_average,writer_setup,0.0005375670734792948
toy5,neural_output_average,batched,batched,cpu,256,3,9,0,1,2,toy5_gpu_core_neural_output_average_batched_256_cpu_repeat00,0,neural_policy,output_average,initial_step_result,0.0009128679521381855
toy5,neural_output_average,batched,batched,cpu,256,3,9,0,1,2,toy5_gpu_core_neural_output_average_batched_256_cpu_repeat00,0,neural_policy,output_average,initial_aggregate_row,0.0041857080068439245
toy5,neural_output_average,batched,batched,cpu,256,3,9,0,1,2,toy5_gpu_core_neural_output_average_batched_256_cpu_repeat00,0,neural_policy,output_average,write_initial_aggregate,4.941294901072979e-05
toy5,neural_output_average,batched,batched,cpu,256,3,9,0,1,2,toy5_gpu_core_neural_output_average_batched_256_cpu_repeat00,1,neural_policy,output_average,sample_revision_mask,1.809396781027317e-05
toy5,neural_output_average,batched,batched,cpu,256,3,9,0,1,2,toy5_gpu_core_neural_output_average_batched_256_cpu_repeat00,1,neural_policy,output_average,build_step_context,0.0007223170250654221
toy5,neural_output_average,batched,batched,cpu,256,3,9,0,1,2,toy5_gpu_core_neural_output_average_batched_256_cpu_repeat00,1,neural_policy,output_average,build_observations,0.00114976498298347
toy5,neural_output_average,batched,batched,cpu,256,3,9,0,1,2,toy5_gpu_core_neural_output_average_batched_256_cpu_repeat00,1,neural_policy,output_average,policy_readout,0.000751572079025209
toy5,neural_output_average,batched,batched,cpu,256,3,9,0,1,2,toy5_gpu_core_neural_output_average_batched_256_cpu_repeat00,1,neural_policy,output_average,decision_selection,0.00033774902112782
toy5,neural_output_average,batched,batched,cpu,256,3,9,0,1,2,toy5_gpu_core_neural_output_average_batched_256_cpu_repeat00,1,neural_policy,output_average,local_training,0.036357734934426844
toy5,neural_output_average,batched,batched,cpu,256,3,9,0,1,2,toy5_gpu_core_neural_output_average_batched_256_cpu_repeat00,1,neural_policy,output_average,cache_refresh,1.0218936949968338e-05
toy5,neural_output_average,batched,batched,cpu,256,3,9,0,1,2,toy5_gpu_core_neural_output_average_batched_256_cpu_repeat00,1,neural_policy,output_average,post_local_readout,0.00031364394817501307
toy5,neural_output_average,batched,batched,cpu,256,3,9,0,1,2,toy5_gpu_core_neural_output_average_batched_256_cpu_repeat00,1,neural_policy,output_average,local_step,0.03917664801701903
toy5,neural_output_average,batched,batched,cpu,256,3,9,0,1,2,toy5_gpu_core_neural_output_average_batched_256_cpu_repeat00,1,neural_policy,output_average,select_peers,0.00038185203447937965
toy5,neural_output_average,batched,batched,cpu,256,3,9,0,1,2,toy5_gpu_core_neural_output_average_batched_256_cpu_repeat00,1,neural_policy,output_average,social_distillation,0.026220576954074204
toy5,neural_output_average,batched,batched,cpu,256,3,9,0,1,2,toy5_gpu_core_neural_output_average_batched_256_cpu_repeat00,1,neural_policy,output_average,social_step,0.026245895074680448
toy5,neural_output_average,batched,batched,cpu,256,3,9,0,1,2,toy5_gpu_core_neural_output_average_batched_256_cpu_repeat00,1,neural_policy,output_average,sample_actions,1.252046786248684e-06
toy5,neural_output_average,batched,batched,cpu,256,3,9,0,1,2,toy5_gpu_core_neural_output_average_batched_256_cpu_repeat00,1,neural_policy,output_average,commit_actions,5.8491015806794167e-05
toy5,neural_output_average,batched,batched,cpu,256,3,9,0,1,2,toy5_gpu_core_neural_output_average_batched_256_cpu_repeat00,1,neural_policy,output_average,post_step_state_policy,2.2983062081038952e-05
toy5,neural_output_average,batched,batched,cpu,256,3,9,0,1,2,toy5_gpu_core_neural_output_average_batched_256_cpu_repeat00,1,neural_policy,output_average,update_reputation_ema,2.9074959456920624e-05
toy5,neural_output_average,batched,batched,cpu,256,3,9,0,1,2,toy5_gpu_core_neural_output_average_batched_256_cpu_repeat00,1,neural_policy,output_average,finalize_hook_step,7.594004273414612e-06
toy5,neural_output_average,batched,batched,cpu,256,3,9,0,1,2,toy5_gpu_core_neural_output_average_batched_256_cpu_repeat00,1,neural_policy,output_average,hooked_step_total,0.0673787040868774
toy5,neural_output_average,batched,batched,cpu,256,3,9,0,1,2,toy5_gpu_core_neural_output_average_batched_256_cpu_repeat00,1,neural_policy,output_average,aggregate_row,0.003801481914706528
toy5,neural_output_average,batched,batched,cpu,256,3,9,0,1,2,toy5_gpu_core_neural_output_average_batched_256_cpu_repeat00,1,neural_policy,output_average,write_aggregate,0.00011231203097850084
toy5,neural_output_average,batched,batched,cpu,256,3,9,0,1,2,toy5_gpu_core_neural_output_average_batched_256_cpu_repeat00,2,neural_policy,output_average,sample_revision_mask,2.4906941689550877e-05
toy5,neural_output_average,batched,batched,cpu,256,3,9,0,1,2,toy5_gpu_core_neural_output_average_batched_256_cpu_repeat00,2,neural_policy,output_average,build_step_context,0.0009841019054874778
toy5,neural_output_average,batched,batched,cpu,256,3,9,0,1,2,toy5_gpu_core_neural_output_average_batched_256_cpu_repeat00,2,neural_policy,output_average,build_observations,0.001187667017802596
toy5,neural_output_average,batched,batched,cpu,256,3,9,0,1,2,toy5_gpu_core_neural_output_average_batched_256_cpu_repeat00,2,neural_policy,output_average,policy_readout,0.00022683001589030027
toy5,neural_output_average,batched,batched,cpu,256,3,9,0,1,2,toy5_gpu_core_neural_output_average_batched_256_cpu_repeat00,2,neural_policy,output_average,decision_selection,0.00024385203141719103
toy5,neural_output_average,batched,batched,cpu,256,3,9,0,1,2,toy5_gpu_core_neural_output_average_batched_256_cpu_repeat00,2,neural_policy,output_average,local_training,0.021692490088753402
toy5,neural_output_average,batched,batched,cpu,256,3,9,0,1,2,toy5_gpu_core_neural_output_average_batched_256_cpu_repeat00,2,neural_policy,output_average,cache_refresh,4.447996616363525e-06
toy5,neural_output_average,batched,batched,cpu,256,3,9,0,1,2,toy5_gpu_core_neural_output_average_batched_256_cpu_repeat00,2,neural_policy,output_average,post_local_readout,0.00016410998068749905
toy5,neural_output_average,batched,batched,cpu,256,3,9,0,1,2,toy5_gpu_core_neural_output_average_batched_256_cpu_repeat00,2,neural_policy,output_average,local_step,0.023992981994524598
toy5,neural_output_average,batched,batched,cpu,256,3,9,0,1,2,toy5_gpu_core_neural_output_average_batched_256_cpu_repeat00,2,neural_policy,output_average,select_peers,0.00023643695749342442
toy5,neural_output_average,batched,batched,cpu,256,3,9,0,1,2,toy5_gpu_core_neural_output_average_batched_256_cpu_repeat00,2,neural_policy,output_average,social_distillation,0.021225746953859925
toy5,neural_output_average,batched,batched,cpu,256,3,9,0,1,2,toy5_gpu_core_neural_output_average_batched_256_cpu_repeat00,2,neural_policy,output_average,social_step,0.021259170025587082
toy5,neural_output_average,batched,batched,cpu,256,3,9,0,1,2,toy5_gpu_core_neural_output_average_batched_256_cpu_repeat00,2,neural_policy,output_average,sample_actions,1.9139843061566353e-06
toy5,neural_output_average,batched,batched,cpu,256,3,9,0,1,2,toy5_gpu_core_neural_output_average_batched_256_cpu_repeat00,2,neural_policy,output_average,commit_actions,0.0001974229235202074
toy5,neural_output_average,batched,batched,cpu,256,3,9,0,1,2,toy5_gpu_core_neural_output_average_batched_256_cpu_repeat00,2,neural_policy,output_average,post_step_state_policy,0.00010744307655841112
toy5,neural_output_average,batched,batched,cpu,256,3,9,0,1,2,toy5_gpu_core_neural_output_average_batched_256_cpu_repeat00,2,neural_policy,output_average,update_reputation_ema,9.840703569352627e-05
toy5,neural_output_average,batched,batched,cpu,256,3,9,0,1,2,toy5_gpu_core_neural_output_average_batched_256_cpu_repeat00,2,neural_policy,output_average,finalize_hook_step,3.948505036532879e-05
toy5,neural_output_average,batched,batched,cpu,256,3,9,0,1,2,toy5_gpu_core_neural_output_average_batched_256_cpu_repeat00,2,neural_policy,output_average,hooked_step_total,0.04836699599400163
toy5,neural_output_average,batched,batched,cpu,256,3,9,0,1,2,toy5_gpu_core_neural_output_average_batched_256_cpu_repeat00,2,neural_policy,output_average,aggregate_row,0.004812455037608743
toy5,neural_output_average,batched,batched,cpu,256,3,9,0,1,2,toy5_gpu_core_neural_output_average_batched_256_cpu_repeat00,2,neural_policy,output_average,write_aggregate,8.396897464990616e-05
toy5,neural_output_average,batched,batched,cpu,256,3,9,0,1,2,toy5_gpu_core_neural_output_average_batched_256_cpu_repeat00,3,neural_policy,output_average,sample_revision_mask,1.3796030543744564e-05
toy5,neural_output_average,batched,batched,cpu,256,3,9,0,1,2,toy5_gpu_core_neural_output_average_batched_256_cpu_repeat00,3,neural_policy,output_average,build_step_context,0.0011271920520812273
toy5,neural_output_average,batched,batched,cpu,256,3,9,0,1,2,toy5_gpu_core_neural_output_average_batched_256_cpu_repeat00,3,neural_policy,output_average,build_observations,0.0028067100793123245
toy5,neural_output_average,batched,batched,cpu,256,3,9,0,1,2,toy5_gpu_core_neural_output_average_batched_256_cpu_repeat00,3,neural_policy,output_average,policy_readout,0.00028999894857406616
toy5,neural_output_average,batched,batched,cpu,256,3,9,0,1,2,toy5_gpu_core_neural_output_average_batched_256_cpu_repeat00,3,neural_policy,output_average,decision_selection,0.00017258594743907452
toy5,neural_output_average,batched,batched,cpu,256,3,9,0,1,2,toy5_gpu_core_neural_output_average_batched_256_cpu_repeat00,3,neural_policy,output_average,local_training,0.027678494923748076
toy5,neural_output_average,batched,batched,cpu,256,3,9,0,1,2,toy5_gpu_core_neural_output_average_batched_256_cpu_repeat00,3,neural_policy,output_average,cache_refresh,7.885042577981949e-06
toy5,neural_output_average,batched,batched,cpu,256,3,9,0,1,2,toy5_gpu_core_neural_output_average_batched_256_cpu_repeat00,3,neural_policy,output_average,post_local_readout,0.0003155169542878866
toy5,neural_output_average,batched,batched,cpu,256,3,9,0,1,2,toy5_gpu_core_neural_output_average_batched_256_cpu_repeat00,3,neural_policy,output_average,local_step,0.03152574400883168
toy5,neural_output_average,batched,batched,cpu,256,3,9,0,1,2,toy5_gpu_core_neural_output_average_batched_256_cpu_repeat00,3,neural_policy,output_average,select_peers,0.00035803799983114004
toy5,neural_output_average,batched,batched,cpu,256,3,9,0,1,2,toy5_gpu_core_neural_output_average_batched_256_cpu_repeat00,3,neural_policy,output_average,social_distillation,0.026759907021187246
toy5,neural_output_average,batched,batched,cpu,256,3,9,0,1,2,toy5_gpu_core_neural_output_average_batched_256_cpu_repeat00,3,neural_policy,output_average,social_step,0.02681091392878443
toy5,neural_output_average,batched,batched,cpu,256,3,9,0,1,2,toy5_gpu_core_neural_output_average_batched_256_cpu_repeat00,3,neural_policy,output_average,sample_actions,4.2280880734324455e-06
toy5,neural_output_average,batched,batched,cpu,256,3,9,0,1,2,toy5_gpu_core_neural_output_average_batched_256_cpu_repeat00,3,neural_policy,output_average,commit_actions,5.823001265525818e-05
toy5,neural_output_average,batched,batched,cpu,256,3,9,0,1,2,toy5_gpu_core_neural_output_average_batched_256_cpu_repeat00,3,neural_policy,output_average,post_step_state_policy,2.1621002815663815e-05
toy5,neural_output_average,batched,batched,cpu,256,3,9,0,1,2,toy5_gpu_core_neural_output_average_batched_256_cpu_repeat00,3,neural_policy,output_average,update_reputation_ema,1.80340139195323e-05
toy5,neural_output_average,batched,batched,cpu,256,3,9,0,1,2,toy5_gpu_core_neural_output_average_batched_256_cpu_repeat00,3,neural_policy,output_average,finalize_hook_step,3.5670818760991096e-06
toy5,neural_output_average,batched,batched,cpu,256,3,9,0,1,2,toy5_gpu_core_neural_output_average_batched_256_cpu_repeat00,3,neural_policy,output_average,hooked_step_total,0.060961063019931316
toy5,neural_output_average,batched,batched,cpu,256,3,9,0,1,2,toy5_gpu_core_neural_output_average_batched_256_cpu_repeat00,3,neural_policy,output_average,aggregate_row,0.003080346970818937
toy5,neural_output_average,batched,batched,cpu,256,3,9,0,1,2,toy5_gpu_core_neural_output_average_batched_256_cpu_repeat00,3,neural_policy,output_average,write_aggregate,5.004496779292822e-05
toy5,neural_output_average,batched,batched,cpu,256,3,9,1,1,2,toy5_gpu_core_neural_output_average_batched_256_cpu_repeat01,0,neural_policy,output_average,make_run_dir,0.00015771808102726936
toy5,neural_output_average,batched,batched,cpu,256,3,9,1,1,2,toy5_gpu_core_neural_output_average_batched_256_cpu_repeat01,0,neural_policy,output_average,write_metadata,0.001991958008147776
toy5,neural_output_average,batched,batched,cpu,256,3,9,1,1,2,toy5_gpu_core_neural_output_average_batched_256_cpu_repeat01,0,neural_policy,output_average,initial_state,0.0999499459285289
toy5,neural_output_average,batched,batched,cpu,256,3,9,1,1,2,toy5_gpu_core_neural_output_average_batched_256_cpu_repeat01,0,neural_policy,output_average,writer_setup,0.00036529102362692356
toy5,neural_output_average,batched,batched,cpu,256,3,9,1,1,2,toy5_gpu_core_neural_output_average_batched_256_cpu_repeat01,0,neural_policy,output_average,initial_step_result,0.0006485070334747434
toy5,neural_output_average,batched,batched,cpu,256,3,9,1,1,2,toy5_gpu_core_neural_output_average_batched_256_cpu_repeat01,0,neural_policy,output_average,initial_aggregate_row,0.0026015519397333264
toy5,neural_output_average,batched,batched,cpu,256,3,9,1,1,2,toy5_gpu_core_neural_output_average_batched_256_cpu_repeat01,0,neural_policy,output_average,write_initial_aggregate,3.602798096835613e-05
toy5,neural_output_average,batched,batched,cpu,256,3,9,1,1,2,toy5_gpu_core_neural_output_average_batched_256_cpu_repeat01,1,neural_policy,output_average,sample_revision_mask,1.1091004125773907e-05
toy5,neural_output_average,batched,batched,cpu,256,3,9,1,1,2,toy5_gpu_core_neural_output_average_batched_256_cpu_repeat01,1,neural_policy,output_average,build_step_context,0.0007241299608722329
toy5,neural_output_average,batched,batched,cpu,256,3,9,1,1,2,toy5_gpu_core_neural_output_average_batched_256_cpu_repeat01,1,neural_policy,output_average,build_observations,0.0011033880291506648
toy5,neural_output_average,batched,batched,cpu,256,3,9,1,1,2,toy5_gpu_core_neural_output_average_batched_256_cpu_repeat01,1,neural_policy,output_average,policy_readout,0.0005203349282965064
toy5,neural_output_average,batched,batched,cpu,256,3,9,1,1,2,toy5_gpu_core_neural_output_average_batched_256_cpu_repeat01,1,neural_policy,output_average,decision_selection,0.00025639496743679047
toy5,neural_output_average,batched,batched,cpu,256,3,9,1,1,2,toy5_gpu_core_neural_output_average_batched_256_cpu_repeat01,1,neural_policy,output_average,local_training,0.04333872301504016
toy5,neural_output_average,batched,batched,cpu,256,3,9,1,1,2,toy5_gpu_core_neural_output_average_batched_256_cpu_repeat01,1,neural_policy,output_average,cache_refresh,7.013091817498207e-06
toy5,neural_output_average,batched,batched,cpu,256,3,9,1,1,2,toy5_gpu_core_neural_output_average_batched_256_cpu_repeat01,1,neural_policy,output_average,post_local_readout,0.0002761229407042265
toy5,neural_output_average,batched,batched,cpu,256,3,9,1,1,2,toy5_gpu_core_neural_output_average_batched_256_cpu_repeat01,1,neural_policy,output_average,local_step,0.045701002003625035
toy5,neural_output_average,batched,batched,cpu,256,3,9,1,1,2,toy5_gpu_core_neural_output_average_batched_256_cpu_repeat01,1,neural_policy,output_average,select_peers,0.00042209902312606573
toy5,neural_output_average,batched,batched,cpu,256,3,9,1,1,2,toy5_gpu_core_neural_output_average_batched_256_cpu_repeat01,1,neural_policy,output_average,social_distillation,0.0277451709844172
toy5,neural_output_average,batched,batched,cpu,256,3,9,1,1,2,toy5_gpu_core_neural_output_average_batched_256_cpu_repeat01,1,neural_policy,output_average,social_step,0.027775598922744393
toy5,neural_output_average,batched,batched,cpu,256,3,9,1,1,2,toy5_gpu_core_neural_output_average_batched_256_cpu_repeat01,1,neural_policy,output_average,sample_actions,1.0620569810271263e-06
toy5,neural_output_average,batched,batched,cpu,256,3,9,1,1,2,toy5_gpu_core_neural_output_average_batched_256_cpu_repeat01,1,neural_policy,output_average,commit_actions,4.09870408475399e-05
toy5,neural_output_average,batched,batched,cpu,256,3,9,1,1,2,toy5_gpu_core_neural_output_average_batched_256_cpu_repeat01,1,neural_policy,output_average,post_step_state_policy,2.3204018361866474e-05
toy5,neural_output_average,batched,batched,cpu,256,3,9,1,1,2,toy5_gpu_core_neural_output_average_batched_256_cpu_repeat01,1,neural_policy,output_average,update_reputation_ema,2.0910054445266724e-05
toy5,neural_output_average,batched,batched,cpu,256,3,9,1,1,2,toy5_gpu_core_neural_output_average_batched_256_cpu_repeat01,1,neural_policy,output_average,finalize_hook_step,3.726920112967491e-06
toy5,neural_output_average,batched,batched,cpu,256,3,9,1,1,2,toy5_gpu_core_neural_output_average_batched_256_cpu_repeat01,1,neural_policy,output_average,hooked_step_total,0.07551438605878502
toy5,neural_output_average,batched,batched,cpu,256,3,9,1,1,2,toy5_gpu_core_neural_output_average_batched_256_cpu_repeat01,1,neural_policy,output_average,aggregate_row,0.0036030859919264913
toy5,neural_output_average,batched,batched,cpu,256,3,9,1,1,2,toy5_gpu_core_neural_output_average_batched_256_cpu_repeat01,1,neural_policy,output_average,write_aggregate,6.232794839888811e-05
toy5,neural_output_average,batched,batched,cpu,256,3,9,1,1,2,toy5_gpu_core_neural_output_average_batched_256_cpu_repeat01,2,neural_policy,output_average,sample_revision_mask,1.3394979760050774e-05
toy5,neural_output_average,batched,batched,cpu,256,3,9,1,1,2,toy5_gpu_core_neural_output_average_batched_256_cpu_repeat01,2,neural_policy,output_average,build_step_context,0.0009059839649125934
toy5,neural_output_average,batched,batched,cpu,256,3,9,1,1,2,toy5_gpu_core_neural_output_average_batched_256_cpu_repeat01,2,neural_policy,output_average,build_observations,0.001087056938558817
toy5,neural_output_average,batched,batched,cpu,256,3,9,1,1,2,toy5_gpu_core_neural_output_average_batched_256_cpu_repeat01,2,neural_policy,output_average,policy_readout,0.0026117810048162937
toy5,neural_output_average,batched,batched,cpu,256,3,9,1,1,2,toy5_gpu_core_neural_output_average_batched_256_cpu_repeat01,2,neural_policy,output_average,decision_selection,0.00021413597278296947
toy5,neural_output_average,batched,batched,cpu,256,3,9,1,1,2,toy5_gpu_core_neural_output_average_batched_256_cpu_repeat01,2,neural_policy,output_average,local_training,0.033355314983054996
toy5,neural_output_average,batched,batched,cpu,256,3,9,1,1,2,toy5_gpu_core_neural_output_average_batched_256_cpu_repeat01,2,neural_policy,output_average,cache_refresh,9.538023732602596e-06
toy5,neural_output_average,batched,batched,cpu,256,3,9,1,1,2,toy5_gpu_core_neural_output_average_batched_256_cpu_repeat01,2,neural_policy,output_average,post_local_readout,0.0010464700171723962
toy5,neural_output_average,batched,batched,cpu,256,3,9,1,1,2,toy5_gpu_core_neural_output_average_batched_256_cpu_repeat01,2,neural_policy,output_average,local_step,0.0385588490171358
toy5,neural_output_average,batched,batched,cpu,256,3,9,1,1,2,toy5_gpu_core_neural_output_average_batched_256_cpu_repeat01,2,neural_policy,output_average,select_peers,0.0003396429819986224
toy5,neural_output_average,batched,batched,cpu,256,3,9,1,1,2,toy5_gpu_core_neural_output_average_batched_256_cpu_repeat01,2,neural_policy,output_average,social_distillation,0.025716502917930484
toy5,neural_output_average,batched,batched,cpu,256,3,9,1,1,2,toy5_gpu_core_neural_output_average_batched_256_cpu_repeat01,2,neural_policy,output_average,social_step,0.02575628797058016
toy5,neural_output_average,batched,batched,cpu,256,3,9,1,1,2,toy5_gpu_core_neural_output_average_batched_256_cpu_repeat01,2,neural_policy,output_average,sample_actions,9.320210665464401e-07
toy5,neural_output_average,batched,batched,cpu,256,3,9,1,1,2,toy5_gpu_core_neural_output_average_batched_256_cpu_repeat01,2,neural_policy,output_average,commit_actions,3.71299684047699e-05
toy5,neural_output_average,batched,batched,cpu,256,3,9,1,1,2,toy5_gpu_core_neural_output_average_batched_256_cpu_repeat01,2,neural_policy,output_average,post_step_state_policy,1.3996032066643238e-05
toy5,neural_output_average,batched,batched,cpu,256,3,9,1,1,2,toy5_gpu_core_neural_output_average_batched_256_cpu_repeat01,2,neural_policy,output_average,update_reputation_ema,1.935602631419897e-05
toy5,neural_output_average,batched,batched,cpu,256,3,9,1,1,2,toy5_gpu_core_neural_output_average_batched_256_cpu_repeat01,2,neural_policy,output_average,finalize_hook_step,3.627035766839981e-06
toy5,neural_output_average,batched,batched,cpu,256,3,9,1,1,2,toy5_gpu_core_neural_output_average_batched_256_cpu_repeat01,2,neural_policy,output_average,hooked_step_total,0.06630019401200116
toy5,neural_output_average,batched,batched,cpu,256,3,9,1,1,2,toy5_gpu_core_neural_output_average_batched_256_cpu_repeat01,2,neural_policy,output_average,aggregate_row,0.002765802899375558
toy5,neural_output_average,batched,batched,cpu,256,3,9,1,1,2,toy5_gpu_core_neural_output_average_batched_256_cpu_repeat01,2,neural_policy,output_average,write_aggregate,4.426401574164629e-05
toy5,neural_output_average,batched,batched,cpu,256,3,9,1,1,2,toy5_gpu_core_neural_output_average_batched_256_cpu_repeat01,3,neural_policy,output_average,sample_revision_mask,1.0098912753164768e-05
toy5,neural_output_average,batched,batched,cpu,256,3,9,1,1,2,toy5_gpu_core_neural_output_average_batched_256_cpu_repeat01,3,neural_policy,output_average,build_step_context,0.000693571986630559
toy5,neural_output_average,batched,batched,cpu,256,3,9,1,1,2,toy5_gpu_core_neural_output_average_batched_256_cpu_repeat01,3,neural_policy,output_average,build_observations,0.0010979969520121813
toy5,neural_output_average,batched,batched,cpu,256,3,9,1,1,2,toy5_gpu_core_neural_output_average_batched_256_cpu_repeat01,3,neural_policy,output_average,policy_readout,0.00015777896624058485
toy5,neural_output_average,batched,batched,cpu,256,3,9,1,1,2,toy5_gpu_core_neural_output_average_batched_256_cpu_repeat01,3,neural_policy,output_average,decision_selection,0.0001228720648214221
toy5,neural_output_average,batched,batched,cpu,256,3,9,1,1,2,toy5_gpu_core_neural_output_average_batched_256_cpu_repeat01,3,neural_policy,output_average,local_training,0.021239452995359898
toy5,neural_output_average,batched,batched,cpu,256,3,9,1,1,2,toy5_gpu_core_neural_output_average_batched_256_cpu_repeat01,3,neural_policy,output_average,cache_refresh,1.6061007045209408e-05
toy5,neural_output_average,batched,batched,cpu,256,3,9,1,1,2,toy5_gpu_core_neural_output_average_batched_256_cpu_repeat01,3,neural_policy,output_average,post_local_readout,0.000366854015737772
toy5,neural_output_average,batched,batched,cpu,256,3,9,1,1,2,toy5_gpu_core_neural_output_average_batched_256_cpu_repeat01,3,neural_policy,output_average,local_step,0.023242712952196598
toy5,neural_output_average,batched,batched,cpu,256,3,9,1,1,2,toy5_gpu_core_neural_output_average_batched_256_cpu_repeat01,3,neural_policy,output_average,select_peers,0.0004657409153878689
toy5,neural_output_average,batched,batched,cpu,256,3,9,1,1,2,toy5_gpu_core_neural_output_average_batched_256_cpu_repeat01,3,neural_policy,output_average,social_distillation,0.024312667082995176
toy5,neural_output_average,batched,batched,cpu,256,3,9,1,1,2,toy5_gpu_core_neural_output_average_batched_256_cpu_repeat01,3,neural_policy,output_average,social_step,0.024342943914234638
toy5,neural_output_average,batched,batched,cpu,256,3,9,1,1,2,toy5_gpu_core_neural_output_average_batched_256_cpu_repeat01,3,neural_policy,output_average,sample_actions,9.420327842235565e-07
toy5,neural_output_average,batched,batched,cpu,256,3,9,1,1,2,toy5_gpu_core_neural_output_average_batched_256_cpu_repeat01,3,neural_policy,output_average,commit_actions,2.8003007173538208e-05
toy5,neural_output_average,batched,batched,cpu,256,3,9,1,1,2,toy5_gpu_core_neural_output_average_batched_256_cpu_repeat01,3,neural_policy,output_average,post_step_state_policy,1.2743985280394554e-05
toy5,neural_output_average,batched,batched,cpu,256,3,9,1,1,2,toy5_gpu_core_neural_output_average_batched_256_cpu_repeat01,3,neural_policy,output_average,update_reputation_ema,1.6281032003462315e-05
toy5,neural_output_average,batched,batched,cpu,256,3,9,1,1,2,toy5_gpu_core_neural_output_average_batched_256_cpu_repeat01,3,neural_policy,output_average,finalize_hook_step,3.285938873887062e-06
toy5,neural_output_average,batched,batched,cpu,256,3,9,1,1,2,toy5_gpu_core_neural_output_average_batched_256_cpu_repeat01,3,neural_policy,output_average,hooked_step_total,0.04955932102166116
toy5,neural_output_average,batched,batched,cpu,256,3,9,1,1,2,toy5_gpu_core_neural_output_average_batched_256_cpu_repeat01,3,neural_policy,output_average,aggregate_row,0.003555867006070912
toy5,neural_output_average,batched,batched,cpu,256,3,9,1,1,2,toy5_gpu_core_neural_output_average_batched_256_cpu_repeat01,3,neural_policy,output_average,write_aggregate,4.579604137688875e-05
toy5,neural_output_average,batched,batched,cuda,256,3,9,0,1,2,toy5_gpu_core_neural_output_average_batched_256_cuda_repeat00,0,neural_policy,output_average,make_run_dir,0.00015475205145776272
toy5,neural_output_average,batched,batched,cuda,256,3,9,0,1,2,toy5_gpu_core_neural_output_average_batched_256_cuda_repeat00,0,neural_policy,output_average,write_metadata,0.0020400299690663815
toy5,neural_output_average,batched,batched,cuda,256,3,9,0,1,2,toy5_gpu_core_neural_output_average_batched_256_cuda_repeat00,0,neural_policy,output_average,initial_state,0.1305925699416548
toy5,neural_output_average,batched,batched,cuda,256,3,9,0,1,2,toy5_gpu_core_neural_output_average_batched_256_cuda_repeat00,0,neural_policy,output_average,writer_setup,0.000394206028431654
toy5,neural_output_average,batched,batched,cuda,256,3,9,0,1,2,toy5_gpu_core_neural_output_average_batched_256_cuda_repeat00,0,neural_policy,output_average,initial_step_result,0.0008634330006316304
toy5,neural_output_average,batched,batched,cuda,256,3,9,0,1,2,toy5_gpu_core_neural_output_average_batched_256_cuda_repeat00,0,neural_policy,output_average,initial_aggregate_row,0.002873886958695948
toy5,neural_output_average,batched,batched,cuda,256,3,9,0,1,2,toy5_gpu_core_neural_output_average_batched_256_cuda_repeat00,0,neural_policy,output_average,write_initial_aggregate,3.74610535800457e-05
toy5,neural_output_average,batched,batched,cuda,256,3,9,0,1,2,toy5_gpu_core_neural_output_average_batched_256_cuda_repeat00,1,neural_policy,output_average,sample_revision_mask,1.7122016288340092e-05
toy5,neural_output_average,batched,batched,cuda,256,3,9,0,1,2,toy5_gpu_core_neural_output_average_batched_256_cuda_repeat00,1,neural_policy,output_average,build_step_context,0.0007200619438663125
toy5,neural_output_average,batched,batched,cuda,256,3,9,0,1,2,toy5_gpu_core_neural_output_average_batched_256_cuda_repeat00,1,neural_policy,output_average,build_observations,0.0011785590322688222
toy5,neural_output_average,batched,batched,cuda,256,3,9,0,1,2,toy5_gpu_core_neural_output_average_batched_256_cuda_repeat00,1,neural_policy,output_average,policy_readout,0.0009085389319807291
toy5,neural_output_average,batched,batched,cuda,256,3,9,0,1,2,toy5_gpu_core_neural_output_average_batched_256_cuda_repeat00,1,neural_policy,output_average,decision_selection,0.00043335906229913235
toy5,neural_output_average,batched,batched,cuda,256,3,9,0,1,2,toy5_gpu_core_neural_output_average_batched_256_cuda_repeat00,1,neural_policy,output_average,local_training,0.0926773379324004
toy5,neural_output_average,batched,batched,cuda,256,3,9,0,1,2,toy5_gpu_core_neural_output_average_batched_256_cuda_repeat00,1,neural_policy,output_average,cache_refresh,1.306505873799324e-05
toy5,neural_output_average,batched,batched,cuda,256,3,9,0,1,2,toy5_gpu_core_neural_output_average_batched_256_cuda_repeat00,1,neural_policy,output_average,post_local_readout,0.00045891792979091406
toy5,neural_output_average,batched,batched,cuda,256,3,9,0,1,2,toy5_gpu_core_neural_output_average_batched_256_cuda_repeat00,1,neural_policy,output_average,local_step,0.09608917299192399
toy5,neural_output_average,batched,batched,cuda,256,3,9,0,1,2,toy5_gpu_core_neural_output_average_batched_256_cuda_repeat00,1,neural_policy,output_average,select_peers,0.0004495009779930115
toy5,neural_output_average,batched,batched,cuda,256,3,9,0,1,2,toy5_gpu_core_neural_output_average_batched_256_cuda_repeat00,1,neural_policy,output_average,social_distillation,0.08524373301770538
toy5,neural_output_average,batched,batched,cuda,256,3,9,0,1,2,toy5_gpu_core_neural_output_average_batched_256_cuda_repeat00,1,neural_policy,output_average,social_step,0.08553415397182107
toy5,neural_output_average,batched,batched,cuda,256,3,9,0,1,2,toy5_gpu_core_neural_output_average_batched_256_cuda_repeat00,1,neural_policy,output_average,sample_actions,2.45759729295969e-05
toy5,neural_output_average,batched,batched,cuda,256,3,9,0,1,2,toy5_gpu_core_neural_output_average_batched_256_cuda_repeat00,1,neural_policy,output_average,commit_actions,0.0005632650572806597
toy5,neural_output_average,batched,batched,cuda,256,3,9,0,1,2,toy5_gpu_core_neural_output_average_batched_256_cuda_repeat00,1,neural_policy,output_average,post_step_state_policy,0.00011872395407408476
toy5,neural_output_average,batched,batched,cuda,256,3,9,0,1,2,toy5_gpu_core_neural_output_average_batched_256_cuda_repeat00,1,neural_policy,output_average,update_reputation_ema,0.00016643491107970476
toy5,neural_output_average,batched,batched,cuda,256,3,9,0,1,2,toy5_gpu_core_neural_output_average_batched_256_cuda_repeat00,1,neural_policy,output_average,finalize_hook_step,2.488703466951847e-05
toy5,neural_output_average,batched,batched,cuda,256,3,9,0,1,2,toy5_gpu_core_neural_output_average_batched_256_cuda_repeat00,1,neural_policy,output_average,hooked_step_total,0.1879685299936682
toy5,neural_output_average,batched,batched,cuda,256,3,9,0,1,2,toy5_gpu_core_neural_output_average_batched_256_cuda_repeat00,1,neural_policy,output_average,aggregate_row,0.00839651608839631
toy5,neural_output_average,batched,batched,cuda,256,3,9,0,1,2,toy5_gpu_core_neural_output_average_batched_256_cuda_repeat00,1,neural_policy,output_average,write_aggregate,0.00018930796068161726
toy5,neural_output_average,batched,batched,cuda,256,3,9,0,1,2,toy5_gpu_core_neural_output_average_batched_256_cuda_repeat00,2,neural_policy,output_average,sample_revision_mask,5.65570080652833e-05
toy5,neural_output_average,batched,batched,cuda,256,3,9,0,1,2,toy5_gpu_core_neural_output_average_batched_256_cuda_repeat00,2,neural_policy,output_average,build_step_context,0.000981707009486854
toy5,neural_output_average,batched,batched,cuda,256,3,9,0,1,2,toy5_gpu_core_neural_output_average_batched_256_cuda_repeat00,2,neural_policy,output_average,build_observations,0.0016055080341175199
toy5,neural_output_average,batched,batched,cuda,256,3,9,0,1,2,toy5_gpu_core_neural_output_average_batched_256_cuda_repeat00,2,neural_policy,output_average,policy_readout,0.001270644017495215
toy5,neural_output_average,batched,batched,cuda,256,3,9,0,1,2,toy5_gpu_core_neural_output_average_batched_256_cuda_repeat00,2,neural_policy,output_average,decision_selection,0.0007231979398056865
toy5,neural_output_average,batched,batched,cuda,256,3,9,0,1,2,toy5_gpu_core_neural_output_average_batched_256_cuda_repeat00,2,neural_policy,output_average,local_training,0.0876365409931168
toy5,neural_output_average,batched,batched,cuda,256,3,9,0,1,2,toy5_gpu_core_neural_output_average_batched_256_cuda_repeat00,2,neural_policy,output_average,cache_refresh,1.6631907783448696e-05
toy5,neural_output_average,batched,batched,cuda,256,3,9,0,1,2,toy5_gpu_core_neural_output_average_batched_256_cuda_repeat00,2,neural_policy,output_average,post_local_readout,0.000787509954534471
toy5,neural_output_average,batched,batched,cuda,256,3,9,0,1,2,toy5_gpu_core_neural_output_average_batched_256_cuda_repeat00,2,neural_policy,output_average,local_step,0.09305681602563709
toy5,neural_output_average,batched,batched,cuda,256,3,9,0,1,2,toy5_gpu_core_neural_output_average_batched_256_cuda_repeat00,2,neural_policy,output_average,select_peers,0.0006177779287099838
toy5,neural_output_average,batched,batched,cuda,256,3,9,0,1,2,toy5_gpu_core_neural_output_average_batched_256_cuda_repeat00,2,neural_policy,output_average,social_distillation,0.07429375709034503
toy5,neural_output_average,batched,batched,cuda,256,3,9,0,1,2,toy5_gpu_core_neural_output_average_batched_256_cuda_repeat00,2,neural_policy,output_average,social_step,0.07436490198597312
toy5,neural_output_average,batched,batched,cuda,256,3,9,0,1,2,toy5_gpu_core_neural_output_average_batched_256_cuda_repeat00,2,neural_policy,output_average,sample_actions,7.354072295129299e-06
toy5,neural_output_average,batched,batched,cuda,256,3,9,0,1,2,toy5_gpu_core_neural_output_average_batched_256_cuda_repeat00,2,neural_policy,output_average,commit_actions,6.778805982321501e-05
toy5,neural_output_average,batched,batched,cuda,256,3,9,0,1,2,toy5_gpu_core_neural_output_average_batched_256_cuda_repeat00,2,neural_policy,output_average,post_step_state_policy,2.5668996386229992e-05
toy5,neural_output_average,batched,batched,cuda,256,3,9,0,1,2,toy5_gpu_core_neural_output_average_batched_256_cuda_repeat00,2,neural_policy,output_average,update_reputation_ema,2.679100725799799e-05
toy5,neural_output_average,batched,batched,cuda,256,3,9,0,1,2,toy5_gpu_core_neural_output_average_batched_256_cuda_repeat00,2,neural_policy,output_average,finalize_hook_step,9.397044777870178e-06
toy5,neural_output_average,batched,batched,cuda,256,3,9,0,1,2,toy5_gpu_core_neural_output_average_batched_256_cuda_repeat00,2,neural_policy,output_average,hooked_step_total,0.17073882301338017
toy5,neural_output_average,batched,batched,cuda,256,3,9,0,1,2,toy5_gpu_core_neural_output_average_batched_256_cuda_repeat00,2,neural_policy,output_average,aggregate_row,0.0034485450014472008
toy5,neural_output_average,batched,batched,cuda,256,3,9,0,1,2,toy5_gpu_core_neural_output_average_batched_256_cuda_repeat00,2,neural_policy,output_average,write_aggregate,7.808802183717489e-05
toy5,neural_output_average,batched,batched,cuda,256,3,9,0,1,2,toy5_gpu_core_neural_output_average_batched_256_cuda_repeat00,3,neural_policy,output_average,sample_revision_mask,2.347491681575775e-05
toy5,neural_output_average,batched,batched,cuda,256,3,9,0,1,2,toy5_gpu_core_neural_output_average_batched_256_cuda_repeat00,3,neural_policy,output_average,build_step_context,0.0007444479269906878
toy5,neural_output_average,batched,batched,cuda,256,3,9,0,1,2,toy5_gpu_core_neural_output_average_batched_256_cuda_repeat00,3,neural_policy,output_average,build_observations,0.0011968939797952771
toy5,neural_output_average,batched,batched,cuda,256,3,9,0,1,2,toy5_gpu_core_neural_output_average_batched_256_cuda_repeat00,3,neural_policy,output_average,policy_readout,0.0003633670276030898
toy5,neural_output_average,batched,batched,cuda,256,3,9,0,1,2,toy5_gpu_core_neural_output_average_batched_256_cuda_repeat00,3,neural_policy,output_average,decision_selection,0.00030590896494686604
toy5,neural_output_average,batched,batched,cuda,256,3,9,0,1,2,toy5_gpu_core_neural_output_average_batched_256_cuda_repeat00,3,neural_policy,output_average,local_training,0.07386167999356985
toy5,neural_output_average,batched,batched,cuda,256,3,9,0,1,2,toy5_gpu_core_neural_output_average_batched_256_cuda_repeat00,3,neural_policy,output_average,cache_refresh,2.2382009774446487e-05
toy5,neural_output_average,batched,batched,cuda,256,3,9,0,1,2,toy5_gpu_core_neural_output_average_batched_256_cuda_repeat00,3,neural_policy,output_average,post_local_readout,0.0012949099764227867
toy5,neural_output_average,batched,batched,cuda,256,3,9,0,1,2,toy5_gpu_core_neural_output_average_batched_256_cuda_repeat00,3,neural_policy,output_average,local_step,0.07798941899091005
toy5,neural_output_average,batched,batched,cuda,256,3,9,0,1,2,toy5_gpu_core_neural_output_average_batched_256_cuda_repeat00,3,neural_policy,output_average,select_peers,0.0006417740369215608
toy5,neural_output_average,batched,batched,cuda,256,3,9,0,1,2,toy5_gpu_core_neural_output_average_batched_256_cuda_repeat00,3,neural_policy,output_average,social_distillation,0.07765237102285028
toy5,neural_output_average,batched,batched,cuda,256,3,9,0,1,2,toy5_gpu_core_neural_output_average_batched_256_cuda_repeat00,3,neural_policy,output_average,social_step,0.0777272330597043
toy5,neural_output_average,batched,batched,cuda,256,3,9,0,1,2,toy5_gpu_core_neural_output_average_batched_256_cuda_repeat00,3,neural_policy,output_average,sample_actions,6.992951966822147e-06
toy5,neural_output_average,batched,batched,cuda,256,3,9,0,1,2,toy5_gpu_core_neural_output_average_batched_256_cuda_repeat00,3,neural_policy,output_average,commit_actions,4.676904063671827e-05
toy5,neural_output_average,batched,batched,cuda,256,3,9,0,1,2,toy5_gpu_core_neural_output_average_batched_256_cuda_repeat00,3,neural_policy,output_average,post_step_state_policy,2.1580024622380733e-05
toy5,neural_output_average,batched,batched,cuda,256,3,9,0,1,2,toy5_gpu_core_neural_output_average_batched_256_cuda_repeat00,3,neural_policy,output_average,update_reputation_ema,2.343393862247467e-05
toy5,neural_output_average,batched,batched,cuda,256,3,9,0,1,2,toy5_gpu_core_neural_output_average_batched_256_cuda_repeat00,3,neural_policy,output_average,finalize_hook_step,8.09505581855774e-06
toy5,neural_output_average,batched,batched,cuda,256,3,9,0,1,2,toy5_gpu_core_neural_output_average_batched_256_cuda_repeat00,3,neural_policy,output_average,hooked_step_total,0.15910835901740938
toy5,neural_output_average,batched,batched,cuda,256,3,9,0,1,2,toy5_gpu_core_neural_output_average_batched_256_cuda_repeat00,3,neural_policy,output_average,aggregate_row,0.0030209459364414215
toy5,neural_output_average,batched,batched,cuda,256,3,9,0,1,2,toy5_gpu_core_neural_output_average_batched_256_cuda_repeat00,3,neural_policy,output_average,write_aggregate,6.320001557469368e-05
toy5,neural_output_average,batched,batched,cuda,256,3,9,1,1,2,toy5_gpu_core_neural_output_average_batched_256_cuda_repeat01,0,neural_policy,output_average,make_run_dir,0.00016878999304026365
toy5,neural_output_average,batched,batched,cuda,256,3,9,1,1,2,toy5_gpu_core_neural_output_average_batched_256_cuda_repeat01,0,neural_policy,output_average,write_metadata,0.0020099430112168193
toy5,neural_output_average,batched,batched,cuda,256,3,9,1,1,2,toy5_gpu_core_neural_output_average_batched_256_cuda_repeat01,0,neural_policy,output_average,initial_state,0.14502559695392847
toy5,neural_output_average,batched,batched,cuda,256,3,9,1,1,2,toy5_gpu_core_neural_output_average_batched_256_cuda_repeat01,0,neural_policy,output_average,writer_setup,0.0004755400586873293
toy5,neural_output_average,batched,batched,cuda,256,3,9,1,1,2,toy5_gpu_core_neural_output_average_batched_256_cuda_repeat01,0,neural_policy,output_average,initial_step_result,0.001239866018295288
toy5,neural_output_average,batched,batched,cuda,256,3,9,1,1,2,toy5_gpu_core_neural_output_average_batched_256_cuda_repeat01,0,neural_policy,output_average,initial_aggregate_row,0.0033308810088783503
toy5,neural_output_average,batched,batched,cuda,256,3,9,1,1,2,toy5_gpu_core_neural_output_average_batched_256_cuda_repeat01,0,neural_policy,output_average,write_initial_aggregate,4.375306889414787e-05
toy5,neural_output_average,batched,batched,cuda,256,3,9,1,1,2,toy5_gpu_core_neural_output_average_batched_256_cuda_repeat01,1,neural_policy,output_average,sample_revision_mask,2.1431013010442257e-05
toy5,neural_output_average,batched,batched,cuda,256,3,9,1,1,2,toy5_gpu_core_neural_output_average_batched_256_cuda_repeat01,1,neural_policy,output_average,build_step_context,0.0009574409341439605
toy5,neural_output_average,batched,batched,cuda,256,3,9,1,1,2,toy5_gpu_core_neural_output_average_batched_256_cuda_repeat01,1,neural_policy,output_average,build_observations,0.0016730859642848372
toy5,neural_output_average,batched,batched,cuda,256,3,9,1,1,2,toy5_gpu_core_neural_output_average_batched_256_cuda_repeat01,1,neural_policy,output_average,policy_readout,0.0013803110923618078
toy5,neural_output_average,batched,batched,cuda,256,3,9,1,1,2,toy5_gpu_core_neural_output_average_batched_256_cuda_repeat01,1,neural_policy,output_average,decision_selection,0.0004960690857842565
toy5,neural_output_average,batched,batched,cuda,256,3,9,1,1,2,toy5_gpu_core_neural_output_average_batched_256_cuda_repeat01,1,neural_policy,output_average,local_training,0.0975728400517255
toy5,neural_output_average,batched,batched,cuda,256,3,9,1,1,2,toy5_gpu_core_neural_output_average_batched_256_cuda_repeat01,1,neural_policy,output_average,cache_refresh,2.4647102691233158e-05
toy5,neural_output_average,batched,batched,cuda,256,3,9,1,1,2,toy5_gpu_core_neural_output_average_batched_256_cuda_repeat01,1,neural_policy,output_average,post_local_readout,0.0007020379416644573
toy5,neural_output_average,batched,batched,cuda,256,3,9,1,1,2,toy5_gpu_core_neural_output_average_batched_256_cuda_repeat01,1,neural_policy,output_average,local_step,0.1027758230920881
toy5,neural_output_average,batched,batched,cuda,256,3,9,1,1,2,toy5_gpu_core_neural_output_average_batched_256_cuda_repeat01,1,neural_policy,output_average,select_peers,0.0005504010478034616
toy5,neural_output_average,batched,batched,cuda,256,3,9,1,1,2,toy5_gpu_core_neural_output_average_batched_256_cuda_repeat01,1,neural_policy,output_average,social_distillation,0.08070622000377625
toy5,neural_output_average,batched,batched,cuda,256,3,9,1,1,2,toy5_gpu_core_neural_output_average_batched_256_cuda_repeat01,1,neural_policy,output_average,social_step,0.08077502006199211
toy5,neural_output_average,batched,batched,cuda,256,3,9,1,1,2,toy5_gpu_core_neural_output_average_batched_256_cuda_repeat01,1,neural_policy,output_average,sample_actions,7.5640855357050896e-06
toy5,neural_output_average,batched,batched,cuda,256,3,9,1,1,2,toy5_gpu_core_neural_output_average_batched_256_cuda_repeat01,1,neural_policy,output_average,commit_actions,5.341100040823221e-05
toy5,neural_output_average,batched,batched,cuda,256,3,9,1,1,2,toy5_gpu_core_neural_output_average_batched_256_cuda_repeat01,1,neural_policy,output_average,post_step_state_policy,2.4416018277406693e-05
toy5,neural_output_average,batched,batched,cuda,256,3,9,1,1,2,toy5_gpu_core_neural_output_average_batched_256_cuda_repeat01,1,neural_policy,output_average,update_reputation_ema,2.750195562839508e-05
toy5,neural_output_average,batched,batched,cuda,256,3,9,1,1,2,toy5_gpu_core_neural_output_average_batched_256_cuda_repeat01,1,neural_policy,output_average,finalize_hook_step,8.295988664031029e-06
toy5,neural_output_average,batched,batched,cuda,256,3,9,1,1,2,toy5_gpu_core_neural_output_average_batched_256_cuda_repeat01,1,neural_policy,output_average,hooked_step_total,0.18623963103163987
toy5,neural_output_average,batched,batched,cuda,256,3,9,1,1,2,toy5_gpu_core_neural_output_average_batched_256_cuda_repeat01,1,neural_policy,output_average,aggregate_row,0.00298813299741596
toy5,neural_output_average,batched,batched,cuda,256,3,9,1,1,2,toy5_gpu_core_neural_output_average_batched_256_cuda_repeat01,1,neural_policy,output_average,write_aggregate,6.297009531408548e-05
toy5,neural_output_average,batched,batched,cuda,256,3,9,1,1,2,toy5_gpu_core_neural_output_average_batched_256_cuda_repeat01,2,neural_policy,output_average,sample_revision_mask,1.9105966202914715e-05
toy5,neural_output_average,batched,batched,cuda,256,3,9,1,1,2,toy5_gpu_core_neural_output_average_batched_256_cuda_repeat01,2,neural_policy,output_average,build_step_context,0.0007261940045282245
toy5,neural_output_average,batched,batched,cuda,256,3,9,1,1,2,toy5_gpu_core_neural_output_average_batched_256_cuda_repeat01,2,neural_policy,output_average,build_observations,0.0011446650605648756
toy5,neural_output_average,batched,batched,cuda,256,3,9,1,1,2,toy5_gpu_core_neural_output_average_batched_256_cuda_repeat01,2,neural_policy,output_average,policy_readout,0.0002599409781396389
toy5,neural_output_average,batched,batched,cuda,256,3,9,1,1,2,toy5_gpu_core_neural_output_average_batched_256_cuda_repeat01,2,neural_policy,output_average,decision_selection,0.0002491209888830781
toy5,neural_output_average,batched,batched,cuda,256,3,9,1,1,2,toy5_gpu_core_neural_output_average_batched_256_cuda_repeat01,2,neural_policy,output_average,local_training,0.08883526991121471
toy5,neural_output_average,batched,batched,cuda,256,3,9,1,1,2,toy5_gpu_core_neural_output_average_batched_256_cuda_repeat01,2,neural_policy,output_average,cache_refresh,7.439102046191692e-05
toy5,neural_output_average,batched,batched,cuda,256,3,9,1,1,2,toy5_gpu_core_neural_output_average_batched_256_cuda_repeat01,2,neural_policy,output_average,post_local_readout,0.0037824270548298955
toy5,neural_output_average,batched,batched,cuda,256,3,9,1,1,2,toy5_gpu_core_neural_output_average_batched_256_cuda_repeat01,2,neural_policy,output_average,local_step,0.09649801696650684
toy5,neural_output_average,batched,batched,cuda,256,3,9,1,1,2,toy5_gpu_core_neural_output_average_batched_256_cuda_repeat01,2,neural_policy,output_average,select_peers,0.0014001689851284027
toy5,neural_output_average,batched,batched,cuda,256,3,9,1,1,2,toy5_gpu_core_neural_output_average_batched_256_cuda_repeat01,2,neural_policy,output_average,social_distillation,0.14192066190298647
toy5,neural_output_average,batched,batched,cuda,256,3,9,1,1,2,toy5_gpu_core_neural_output_average_batched_256_cuda_repeat01,2,neural_policy,output_average,social_step,0.1421098510036245
toy5,neural_output_average,batched,batched,cuda,256,3,9,1,1,2,toy5_gpu_core_neural_output_average_batched_256_cuda_repeat01,2,neural_policy,output_average,sample_actions,8.606002666056156e-06
toy5,neural_output_average,batched,batched,cuda,256,3,9,1,1,2,toy5_gpu_core_neural_output_average_batched_256_cuda_repeat01,2,neural_policy,output_average,commit_actions,0.00012272200547158718
toy5,neural_output_average,batched,batched,cuda,256,3,9,1,1,2,toy5_gpu_core_neural_output_average_batched_256_cuda_repeat01,2,neural_policy,output_average,post_step_state_policy,4.14079986512661e-05
toy5,neural_output_average,batched,batched,cuda,256,3,9,1,1,2,toy5_gpu_core_neural_output_average_batched_256_cuda_repeat01,2,neural_policy,output_average,update_reputation_ema,5.698809400200844e-05
toy5,neural_output_average,batched,batched,cuda,256,3,9,1,1,2,toy5_gpu_core_neural_output_average_batched_256_cuda_repeat01,2,neural_policy,output_average,finalize_hook_step,1.0650954209268093e-05
toy5,neural_output_average,batched,batched,cuda,256,3,9,1,1,2,toy5_gpu_core_neural_output_average_batched_256_cuda_repeat01,2,neural_policy,output_average,hooked_step_total,0.24481686402577907
toy5,neural_output_average,batched,batched,cuda,256,3,9,1,1,2,toy5_gpu_core_neural_output_average_batched_256_cuda_repeat01,2,neural_policy,output_average,aggregate_row,0.004313681041821837
toy5,neural_output_average,batched,batched,cuda,256,3,9,1,1,2,toy5_gpu_core_neural_output_average_batched_256_cuda_repeat01,2,neural_policy,output_average,write_aggregate,8.029199671000242e-05
toy5,neural_output_average,batched,batched,cuda,256,3,9,1,1,2,toy5_gpu_core_neural_output_average_batched_256_cuda_repeat01,3,neural_policy,output_average,sample_revision_mask,2.8442940674722195e-05
toy5,neural_output_average,batched,batched,cuda,256,3,9,1,1,2,toy5_gpu_core_neural_output_average_batched_256_cuda_repeat01,3,neural_policy,output_average,build_step_context,0.0007743850583210588
toy5,neural_output_average,batched,batched,cuda,256,3,9,1,1,2,toy5_gpu_core_neural_output_average_batched_256_cuda_repeat01,3,neural_policy,output_average,build_observations,0.001249413937330246
toy5,neural_output_average,batched,batched,cuda,256,3,9,1,1,2,toy5_gpu_core_neural_output_average_batched_256_cuda_repeat01,3,neural_policy,output_average,policy_readout,0.0004590590251609683
toy5,neural_output_average,batched,batched,cuda,256,3,9,1,1,2,toy5_gpu_core_neural_output_average_batched_256_cuda_repeat01,3,neural_policy,output_average,decision_selection,0.0002755209570750594
toy5,neural_output_average,batched,batched,cuda,256,3,9,1,1,2,toy5_gpu_core_neural_output_average_batched_256_cuda_repeat01,3,neural_policy,output_average,local_training,0.06852704798802733
toy5,neural_output_average,batched,batched,cuda,256,3,9,1,1,2,toy5_gpu_core_neural_output_average_batched_256_cuda_repeat01,3,neural_policy,output_average,cache_refresh,1.2593925930559635e-05
toy5,neural_output_average,batched,batched,cuda,256,3,9,1,1,2,toy5_gpu_core_neural_output_average_batched_256_cuda_repeat01,3,neural_policy,output_average,post_local_readout,0.0004807600053027272
toy5,neural_output_average,batched,batched,cuda,256,3,9,1,1,2,toy5_gpu_core_neural_output_average_batched_256_cuda_repeat01,3,neural_policy,output_average,local_step,0.07159971096552908
toy5,neural_output_average,batched,batched,cuda,256,3,9,1,1,2,toy5_gpu_core_neural_output_average_batched_256_cuda_repeat01,3,neural_policy,output_average,select_peers,0.0014858810463920236
toy5,neural_output_average,batched,batched,cuda,256,3,9,1,1,2,toy5_gpu_core_neural_output_average_batched_256_cuda_repeat01,3,neural_policy,output_average,social_distillation,0.06512811710126698
toy5,neural_output_average,batched,batched,cuda,256,3,9,1,1,2,toy5_gpu_core_neural_output_average_batched_256_cuda_repeat01,3,neural_policy,output_average,social_step,0.065184052917175
toy5,neural_output_average,batched,batched,cuda,256,3,9,1,1,2,toy5_gpu_core_neural_output_average_batched_256_cuda_repeat01,3,neural_policy,output_average,sample_actions,8.226023055613041e-06
toy5,neural_output_average,batched,batched,cuda,256,3,9,1,1,2,toy5_gpu_core_neural_output_average_batched_256_cuda_repeat01,3,neural_policy,output_average,commit_actions,6.041501183062792e-05
toy5,neural_output_average,batched,batched,cuda,256,3,9,1,1,2,toy5_gpu_core_neural_output_average_batched_256_cuda_repeat01,3,neural_policy,output_average,post_step_state_policy,3.569701220840216e-05
toy5,neural_output_average,batched,batched,cuda,256,3,9,1,1,2,toy5_gpu_core_neural_output_average_batched_256_cuda_repeat01,3,neural_policy,output_average,update_reputation_ema,3.163004294037819e-05
toy5,neural_output_average,batched,batched,cuda,256,3,9,1,1,2,toy5_gpu_core_neural_output_average_batched_256_cuda_repeat01,3,neural_policy,output_average,finalize_hook_step,1.1841999366879463e-05
toy5,neural_output_average,batched,batched,cuda,256,3,9,1,1,2,toy5_gpu_core_neural_output_average_batched_256_cuda_repeat01,3,neural_policy,output_average,hooked_step_total,0.1404638970270753
toy5,neural_output_average,batched,batched,cuda,256,3,9,1,1,2,toy5_gpu_core_neural_output_average_batched_256_cuda_repeat01,3,neural_policy,output_average,aggregate_row,0.004566089017316699
toy5,neural_output_average,batched,batched,cuda,256,3,9,1,1,2,toy5_gpu_core_neural_output_average_batched_256_cuda_repeat01,3,neural_policy,output_average,write_aggregate,6.17660116404295e-05
toy5,neural_output_average,batched,batched,cpu,1024,3,9,0,1,2,toy5_gpu_core_neural_output_average_batched_1024_cpu_repeat00,0,neural_policy,output_average,make_run_dir,0.00043718796223402023
toy5,neural_output_average,batched,batched,cpu,1024,3,9,0,1,2,toy5_gpu_core_neural_output_average_batched_1024_cpu_repeat00,0,neural_policy,output_average,write_metadata,0.0032838430488482118
toy5,neural_output_average,batched,batched,cpu,1024,3,9,0,1,2,toy5_gpu_core_neural_output_average_batched_1024_cpu_repeat00,0,neural_policy,output_average,initial_state,0.6029322409303859
toy5,neural_output_average,batched,batched,cpu,1024,3,9,0,1,2,toy5_gpu_core_neural_output_average_batched_1024_cpu_repeat00,0,neural_policy,output_average,writer_setup,0.0004168690647929907
toy5,neural_output_average,batched,batched,cpu,1024,3,9,0,1,2,toy5_gpu_core_neural_output_average_batched_1024_cpu_repeat00,0,neural_policy,output_average,initial_step_result,0.0019118069903925061
toy5,neural_output_average,batched,batched,cpu,1024,3,9,0,1,2,toy5_gpu_core_neural_output_average_batched_1024_cpu_repeat00,0,neural_policy,output_average,initial_aggregate_row,0.0088801309466362
toy5,neural_output_average,batched,batched,cpu,1024,3,9,0,1,2,toy5_gpu_core_neural_output_average_batched_1024_cpu_repeat00,0,neural_policy,output_average,write_initial_aggregate,3.331294283270836e-05
toy5,neural_output_average,batched,batched,cpu,1024,3,9,0,1,2,toy5_gpu_core_neural_output_average_batched_1024_cpu_repeat00,1,neural_policy,output_average,sample_revision_mask,1.1480995453894138e-05
toy5,neural_output_average,batched,batched,cpu,1024,3,9,0,1,2,toy5_gpu_core_neural_output_average_batched_1024_cpu_repeat00,1,neural_policy,output_average,build_step_context,0.002736467053182423
toy5,neural_output_average,batched,batched,cpu,1024,3,9,0,1,2,toy5_gpu_core_neural_output_average_batched_1024_cpu_repeat00,1,neural_policy,output_average,build_observations,0.0043254540069028735
toy5,neural_output_average,batched,batched,cpu,1024,3,9,0,1,2,toy5_gpu_core_neural_output_average_batched_1024_cpu_repeat00,1,neural_policy,output_average,policy_readout,0.0010918749030679464
toy5,neural_output_average,batched,batched,cpu,1024,3,9,0,1,2,toy5_gpu_core_neural_output_average_batched_1024_cpu_repeat00,1,neural_policy,output_average,decision_selection,0.0012122639454901218
toy5,neural_output_average,batched,batched,cpu,1024,3,9,0,1,2,toy5_gpu_core_neural_output_average_batched_1024_cpu_repeat00,1,neural_policy,output_average,local_training,0.14074538194108754
toy5,neural_output_average,batched,batched,cpu,1024,3,9,0,1,2,toy5_gpu_core_neural_output_average_batched_1024_cpu_repeat00,1,neural_policy,output_average,cache_refresh,2.0509003661572933e-05
toy5,neural_output_average,batched,batched,cpu,1024,3,9,0,1,2,toy5_gpu_core_neural_output_average_batched_1024_cpu_repeat00,1,neural_policy,output_average,post_local_readout,0.0006197430193424225
toy5,neural_output_average,batched,batched,cpu,1024,3,9,0,1,2,toy5_gpu_core_neural_output_average_batched_1024_cpu_repeat00,1,neural_policy,output_average,local_step,0.1483512120321393
toy5,neural_output_average,batched,batched,cpu,1024,3,9,0,1,2,toy5_gpu_core_neural_output_average_batched_1024_cpu_repeat00,1,neural_policy,output_average,select_peers,0.001211532042361796
toy5,neural_output_average,batched,batched,cpu,1024,3,9,0,1,2,toy5_gpu_core_neural_output_average_batched_1024_cpu_repeat00,1,neural_policy,output_average,social_distillation,0.14736659894697368
toy5,neural_output_average,batched,batched,cpu,1024,3,9,0,1,2,toy5_gpu_core_neural_output_average_batched_1024_cpu_repeat00,1,neural_policy,output_average,social_step,0.14761399605777115
toy5,neural_output_average,batched,batched,cpu,1024,3,9,0,1,2,toy5_gpu_core_neural_output_average_batched_1024_cpu_repeat00,1,neural_policy,output_average,sample_actions,4.59898728877306e-06
toy5,neural_output_average,batched,batched,cpu,1024,3,9,0,1,2,toy5_gpu_core_neural_output_average_batched_1024_cpu_repeat00,1,neural_policy,output_average,commit_actions,0.00014839100185781717
toy5,neural_output_average,batched,batched,cpu,1024,3,9,0,1,2,toy5_gpu_core_neural_output_average_batched_1024_cpu_repeat00,1,neural_policy,output_average,post_step_state_policy,5.606596823781729e-05
toy5,neural_output_average,batched,batched,cpu,1024,3,9,0,1,2,toy5_gpu_core_neural_output_average_batched_1024_cpu_repeat00,1,neural_policy,output_average,update_reputation_ema,0.00012853299267590046
toy5,neural_output_average,batched,batched,cpu,1024,3,9,0,1,2,toy5_gpu_core_neural_output_average_batched_1024_cpu_repeat00,1,neural_policy,output_average,finalize_hook_step,8.495990186929703e-06
toy5,neural_output_average,batched,batched,cpu,1024,3,9,0,1,2,toy5_gpu_core_neural_output_average_batched_1024_cpu_repeat00,1,neural_policy,output_average,hooked_step_total,0.303087052074261
toy5,neural_output_average,batched,batched,cpu,1024,3,9,0,1,2,toy5_gpu_core_neural_output_average_batched_1024_cpu_repeat00,1,neural_policy,output_average,aggregate_row,0.013829834992066026
toy5,neural_output_average,batched,batched,cpu,1024,3,9,0,1,2,toy5_gpu_core_neural_output_average_batched_1024_cpu_repeat00,1,neural_policy,output_average,write_aggregate,0.00015989190433174372
toy5,neural_output_average,batched,batched,cpu,1024,3,9,0,1,2,toy5_gpu_core_neural_output_average_batched_1024_cpu_repeat00,2,neural_policy,output_average,sample_revision_mask,5.059607792645693e-05
toy5,neural_output_average,batched,batched,cpu,1024,3,9,0,1,2,toy5_gpu_core_neural_output_average_batched_1024_cpu_repeat00,2,neural_policy,output_average,build_step_context,0.0030690260464325547
toy5,neural_output_average,batched,batched,cpu,1024,3,9,0,1,2,toy5_gpu_core_neural_output_average_batched_1024_cpu_repeat00,2,neural_policy,output_average,build_observations,0.004863501992076635
toy5,neural_output_average,batched,batched,cpu,1024,3,9,0,1,2,toy5_gpu_core_neural_output_average_batched_1024_cpu_repeat00,2,neural_policy,output_average,policy_readout,0.0016622650437057018
toy5,neural_output_average,batched,batched,cpu,1024,3,9,0,1,2,toy5_gpu_core_neural_output_average_batched_1024_cpu_repeat00,2,neural_policy,output_average,decision_selection,0.0006522040348500013
toy5,neural_output_average,batched,batched,cpu,1024,3,9,0,1,2,toy5_gpu_core_neural_output_average_batched_1024_cpu_repeat00,2,neural_policy,output_average,local_training,0.1149466629140079
toy5,neural_output_average,batched,batched,cpu,1024,3,9,0,1,2,toy5_gpu_core_neural_output_average_batched_1024_cpu_repeat00,2,neural_policy,output_average,cache_refresh,2.0529027096927166e-05
toy5,neural_output_average,batched,batched,cpu,1024,3,9,0,1,2,toy5_gpu_core_neural_output_average_batched_1024_cpu_repeat00,2,neural_policy,output_average,post_local_readout,0.001150747062638402
toy5,neural_output_average,batched,batched,cpu,1024,3,9,0,1,2,toy5_gpu_core_neural_output_average_batched_1024_cpu_repeat00,2,neural_policy,output_average,local_step,0.12406534503679723
toy5,neural_output_average,batched,batched,cpu,1024,3,9,0,1,2,toy5_gpu_core_neural_output_average_batched_1024_cpu_repeat00,2,neural_policy,output_average,select_peers,0.0016913500148802996
toy5,neural_output_average,batched,batched,cpu,1024,3,9,0,1,2,toy5_gpu_core_neural_output_average_batched_1024_cpu_repeat00,2,neural_policy,output_average,social_distillation,0.1089153119828552
toy5,neural_output_average,batched,batched,cpu,1024,3,9,0,1,2,toy5_gpu_core_neural_output_average_batched_1024_cpu_repeat00,2,neural_policy,output_average,social_step,0.10896847199182957
toy5,neural_output_average,batched,batched,cpu,1024,3,9,0,1,2,toy5_gpu_core_neural_output_average_batched_1024_cpu_repeat00,2,neural_policy,output_average,sample_actions,1.486798282712698e-05
toy5,neural_output_average,batched,batched,cpu,1024,3,9,0,1,2,toy5_gpu_core_neural_output_average_batched_1024_cpu_repeat00,2,neural_policy,output_average,commit_actions,4.2749918065965176e-05
toy5,neural_output_average,batched,batched,cpu,1024,3,9,0,1,2,toy5_gpu_core_neural_output_average_batched_1024_cpu_repeat00,2,neural_policy,output_average,post_step_state_policy,1.3967044651508331e-05
toy5,neural_output_average,batched,batched,cpu,1024,3,9,0,1,2,toy5_gpu_core_neural_output_average_batched_1024_cpu_repeat00,2,neural_policy,output_average,update_reputation_ema,2.7812086045742035e-05
toy5,neural_output_average,batched,batched,cpu,1024,3,9,0,1,2,toy5_gpu_core_neural_output_average_batched_1024_cpu_repeat00,2,neural_policy,output_average,finalize_hook_step,3.7780264392495155e-06
toy5,neural_output_average,batched,batched,cpu,1024,3,9,0,1,2,toy5_gpu_core_neural_output_average_batched_1024_cpu_repeat00,2,neural_policy,output_average,hooked_step_total,0.23963483702391386
toy5,neural_output_average,batched,batched,cpu,1024,3,9,0,1,2,toy5_gpu_core_neural_output_average_batched_1024_cpu_repeat00,2,neural_policy,output_average,aggregate_row,0.01169927406590432
toy5,neural_output_average,batched,batched,cpu,1024,3,9,0,1,2,toy5_gpu_core_neural_output_average_batched_1024_cpu_repeat00,2,neural_policy,output_average,write_aggregate,4.2640953324735165e-05
toy5,neural_output_average,batched,batched,cpu,1024,3,9,0,1,2,toy5_gpu_core_neural_output_average_batched_1024_cpu_repeat00,3,neural_policy,output_average,sample_revision_mask,9.40798781812191e-06
toy5,neural_output_average,batched,batched,cpu,1024,3,9,0,1,2,toy5_gpu_core_neural_output_average_batched_1024_cpu_repeat00,3,neural_policy,output_average,build_step_context,0.003063997020944953
toy5,neural_output_average,batched,batched,cpu,1024,3,9,0,1,2,toy5_gpu_core_neural_output_average_batched_1024_cpu_repeat00,3,neural_policy,output_average,build_observations,0.004845237010158598
toy5,neural_output_average,batched,batched,cpu,1024,3,9,0,1,2,toy5_gpu_core_neural_output_average_batched_1024_cpu_repeat00,3,neural_policy,output_average,policy_readout,0.0006983110215514898
toy5,neural_output_average,batched,batched,cpu,1024,3,9,0,1,2,toy5_gpu_core_neural_output_average_batched_1024_cpu_repeat00,3,neural_policy,output_average,decision_selection,0.00044837803579866886
toy5,neural_output_average,batched,batched,cpu,1024,3,9,0,1,2,toy5_gpu_core_neural_output_average_batched_1024_cpu_repeat00,3,neural_policy,output_average,local_training,0.10428820794913918
toy5,neural_output_average,batched,batched,cpu,1024,3,9,0,1,2,toy5_gpu_core_neural_output_average_batched_1024_cpu_repeat00,3,neural_policy,output_average,cache_refresh,2.594897523522377e-05
toy5,neural_output_average,batched,batched,cpu,1024,3,9,0,1,2,toy5_gpu_core_neural_output_average_batched_1024_cpu_repeat00,3,neural_policy,output_average,post_local_readout,0.0013419690076261759
toy5,neural_output_average,batched,batched,cpu,1024,3,9,0,1,2,toy5_gpu_core_neural_output_average_batched_1024_cpu_repeat00,3,neural_policy,output_average,local_step,0.11208304495085031
toy5,neural_output_average,batched,batched,cpu,1024,3,9,0,1,2,toy5_gpu_core_neural_output_average_batched_1024_cpu_repeat00,3,neural_policy,output_average,select_peers,0.0015006189933046699
toy5,neural_output_average,batched,batched,cpu,1024,3,9,0,1,2,toy5_gpu_core_neural_output_average_batched_1024_cpu_repeat00,3,neural_policy,output_average,social_distillation,0.1047235910082236
toy5,neural_output_average,batched,batched,cpu,1024,3,9,0,1,2,toy5_gpu_core_neural_output_average_batched_1024_cpu_repeat00,3,neural_policy,output_average,social_step,0.10477674205321819
toy5,neural_output_average,batched,batched,cpu,1024,3,9,0,1,2,toy5_gpu_core_neural_output_average_batched_1024_cpu_repeat00,3,neural_policy,output_average,sample_actions,1.401989720761776e-06
toy5,neural_output_average,batched,batched,cpu,1024,3,9,0,1,2,toy5_gpu_core_neural_output_average_batched_1024_cpu_repeat00,3,neural_policy,output_average,commit_actions,4.046596586704254e-05
toy5,neural_output_average,batched,batched,cpu,1024,3,9,0,1,2,toy5_gpu_core_neural_output_average_batched_1024_cpu_repeat00,3,neural_policy,output_average,post_step_state_policy,1.6681966371834278e-05
toy5,neural_output_average,batched,batched,cpu,1024,3,9,0,1,2,toy5_gpu_core_neural_output_average_batched_1024_cpu_repeat00,3,neural_policy,output_average,update_reputation_ema,2.1399930119514465e-05
toy5,neural_output_average,batched,batched,cpu,1024,3,9,0,1,2,toy5_gpu_core_neural_output_average_batched_1024_cpu_repeat00,3,neural_policy,output_average,finalize_hook_step,4.627974703907967e-06
toy5,neural_output_average,batched,batched,cpu,1024,3,9,0,1,2,toy5_gpu_core_neural_output_average_batched_1024_cpu_repeat00,3,neural_policy,output_average,hooked_step_total,0.22322250506840646
toy5,neural_output_average,batched,batched,cpu,1024,3,9,0,1,2,toy5_gpu_core_neural_output_average_batched_1024_cpu_repeat00,3,neural_policy,output_average,aggregate_row,0.011629131971858442
toy5,neural_output_average,batched,batched,cpu,1024,3,9,0,1,2,toy5_gpu_core_neural_output_average_batched_1024_cpu_repeat00,3,neural_policy,output_average,write_aggregate,6.192701403051615e-05
toy5,neural_output_average,batched,batched,cpu,1024,3,9,1,1,2,toy5_gpu_core_neural_output_average_batched_1024_cpu_repeat01,0,neural_policy,output_average,make_run_dir,0.00019535899627953768
toy5,neural_output_average,batched,batched,cpu,1024,3,9,1,1,2,toy5_gpu_core_neural_output_average_batched_1024_cpu_repeat01,0,neural_policy,output_average,write_metadata,0.001997629995457828
toy5,neural_output_average,batched,batched,cpu,1024,3,9,1,1,2,toy5_gpu_core_neural_output_average_batched_1024_cpu_repeat01,0,neural_policy,output_average,initial_state,0.5842650800477713
toy5,neural_output_average,batched,batched,cpu,1024,3,9,1,1,2,toy5_gpu_core_neural_output_average_batched_1024_cpu_repeat01,0,neural_policy,output_average,writer_setup,0.0003847479820251465
toy5,neural_output_average,batched,batched,cpu,1024,3,9,1,1,2,toy5_gpu_core_neural_output_average_batched_1024_cpu_repeat01,0,neural_policy,output_average,initial_step_result,0.0020969168981537223
toy5,neural_output_average,batched,batched,cpu,1024,3,9,1,1,2,toy5_gpu_core_neural_output_average_batched_1024_cpu_repeat01,0,neural_policy,output_average,initial_aggregate_row,0.009366140002384782
toy5,neural_output_average,batched,batched,cpu,1024,3,9,1,1,2,toy5_gpu_core_neural_output_average_batched_1024_cpu_repeat01,0,neural_policy,output_average,write_initial_aggregate,5.63568901270628e-05
toy5,neural_output_average,batched,batched,cpu,1024,3,9,1,1,2,toy5_gpu_core_neural_output_average_batched_1024_cpu_repeat01,1,neural_policy,output_average,sample_revision_mask,2.0397943444550037e-05
toy5,neural_output_average,batched,batched,cpu,1024,3,9,1,1,2,toy5_gpu_core_neural_output_average_batched_1024_cpu_repeat01,1,neural_policy,output_average,build_step_context,0.002746155019849539
toy5,neural_output_average,batched,batched,cpu,1024,3,9,1,1,2,toy5_gpu_core_neural_output_average_batched_1024_cpu_repeat01,1,neural_policy,output_average,build_observations,0.00412430299911648
toy5,neural_output_average,batched,batched,cpu,1024,3,9,1,1,2,toy5_gpu_core_neural_output_average_batched_1024_cpu_repeat01,1,neural_policy,output_average,policy_readout,0.0006685350090265274
toy5,neural_output_average,batched,batched,cpu,1024,3,9,1,1,2,toy5_gpu_core_neural_output_average_batched_1024_cpu_repeat01,1,neural_policy,output_average,decision_selection,0.0011661360040307045
toy5,neural_output_average,batched,batched,cpu,1024,3,9,1,1,2,toy5_gpu_core_neural_output_average_batched_1024_cpu_repeat01,1,neural_policy,output_average,local_training,0.13714866898953915
toy5,neural_output_average,batched,batched,cpu,1024,3,9,1,1,2,toy5_gpu_core_neural_output_average_batched_1024_cpu_repeat01,1,neural_policy,output_average,cache_refresh,1.3094977475702763e-05
toy5,neural_output_average,batched,batched,cpu,1024,3,9,1,1,2,toy5_gpu_core_neural_output_average_batched_1024_cpu_repeat01,1,neural_policy,output_average,post_local_readout,0.0006614309968426824
toy5,neural_output_average,batched,batched,cpu,1024,3,9,1,1,2,toy5_gpu_core_neural_output_average_batched_1024_cpu_repeat01,1,neural_policy,output_average,local_step,0.14407157595269382
toy5,neural_output_average,batched,batched,cpu,1024,3,9,1,1,2,toy5_gpu_core_neural_output_average_batched_1024_cpu_repeat01,1,neural_policy,output_average,select_peers,0.0014030940365046263
toy5,neural_output_average,batched,batched,cpu,1024,3,9,1,1,2,toy5_gpu_core_neural_output_average_batched_1024_cpu_repeat01,1,neural_policy,output_average,social_distillation,0.11245677305851132
toy5,neural_output_average,batched,batched,cpu,1024,3,9,1,1,2,toy5_gpu_core_neural_output_average_batched_1024_cpu_repeat01,1,neural_policy,output_average,social_step,0.11250792001374066
toy5,neural_output_average,batched,batched,cpu,1024,3,9,1,1,2,toy5_gpu_core_neural_output_average_batched_1024_cpu_repeat01,1,neural_policy,output_average,sample_actions,2.434011548757553e-06
toy5,neural_output_average,batched,batched,cpu,1024,3,9,1,1,2,toy5_gpu_core_neural_output_average_batched_1024_cpu_repeat01,1,neural_policy,output_average,commit_actions,6.154598668217659e-05
toy5,neural_output_average,batched,batched,cpu,1024,3,9,1,1,2,toy5_gpu_core_neural_output_average_batched_1024_cpu_repeat01,1,neural_policy,output_average,post_step_state_policy,2.207199577242136e-05
toy5,neural_output_average,batched,batched,cpu,1024,3,9,1,1,2,toy5_gpu_core_neural_output_average_batched_1024_cpu_repeat01,1,neural_policy,output_average,update_reputation_ema,2.8945039957761765e-05
toy5,neural_output_average,batched,batched,cpu,1024,3,9,1,1,2,toy5_gpu_core_neural_output_average_batched_1024_cpu_repeat01,1,neural_policy,output_average,finalize_hook_step,5.649984814226627e-06
toy5,neural_output_average,batched,batched,cpu,1024,3,9,1,1,2,toy5_gpu_core_neural_output_average_batched_1024_cpu_repeat01,1,neural_policy,output_average,hooked_step_total,0.2623440930619836
toy5,neural_output_average,batched,batched,cpu,1024,3,9,1,1,2,toy5_gpu_core_neural_output_average_batched_1024_cpu_repeat01,1,neural_policy,output_average,aggregate_row,0.01106152799911797
toy5,neural_output_average,batched,batched,cpu,1024,3,9,1,1,2,toy5_gpu_core_neural_output_average_batched_1024_cpu_repeat01,1,neural_policy,output_average,write_aggregate,4.720897413790226e-05
toy5,neural_output_average,batched,batched,cpu,1024,3,9,1,1,2,toy5_gpu_core_neural_output_average_batched_1024_cpu_repeat01,2,neural_policy,output_average,sample_revision_mask,1.1531985364854336e-05
toy5,neural_output_average,batched,batched,cpu,1024,3,9,1,1,2,toy5_gpu_core_neural_output_average_batched_1024_cpu_repeat01,2,neural_policy,output_average,build_step_context,0.002862354973331094
toy5,neural_output_average,batched,batched,cpu,1024,3,9,1,1,2,toy5_gpu_core_neural_output_average_batched_1024_cpu_repeat01,2,neural_policy,output_average,build_observations,0.004512968007475138
toy5,neural_output_average,batched,batched,cpu,1024,3,9,1,1,2,toy5_gpu_core_neural_output_average_batched_1024_cpu_repeat01,2,neural_policy,output_average,policy_readout,0.0005149040371179581
toy5,neural_output_average,batched,batched,cpu,1024,3,9,1,1,2,toy5_gpu_core_neural_output_average_batched_1024_cpu_repeat01,2,neural_policy,output_average,decision_selection,0.0007355520501732826
toy5,neural_output_average,batched,batched,cpu,1024,3,9,1,1,2,toy5_gpu_core_neural_output_average_batched_1024_cpu_repeat01,2,neural_policy,output_average,local_training,0.10052172199357301
toy5,neural_output_average,batched,batched,cpu,1024,3,9,1,1,2,toy5_gpu_core_neural_output_average_batched_1024_cpu_repeat01,2,neural_policy,output_average,cache_refresh,7.653958164155483e-06
toy5,neural_output_average,batched,batched,cpu,1024,3,9,1,1,2,toy5_gpu_core_neural_output_average_batched_1024_cpu_repeat01,2,neural_policy,output_average,post_local_readout,0.00039866496808826923
toy5,neural_output_average,batched,batched,cpu,1024,3,9,1,1,2,toy5_gpu_core_neural_output_average_batched_1024_cpu_repeat01,2,neural_policy,output_average,local_step,0.10699931799899787
toy5,neural_output_average,batched,batched,cpu,1024,3,9,1,1,2,toy5_gpu_core_neural_output_average_batched_1024_cpu_repeat01,2,neural_policy,output_average,select_peers,0.0012496450217440724
toy5,neural_output_average,batched,batched,cpu,1024,3,9,1,1,2,toy5_gpu_core_neural_output_average_batched_1024_cpu_repeat01,2,neural_policy,output_average,social_distillation,0.12448866700287908
toy5,neural_output_average,batched,batched,cpu,1024,3,9,1,1,2,toy5_gpu_core_neural_output_average_batched_1024_cpu_repeat01,2,neural_policy,output_average,social_step,0.12463787000160664
toy5,neural_output_average,batched,batched,cpu,1024,3,9,1,1,2,toy5_gpu_core_neural_output_average_batched_1024_cpu_repeat01,2,neural_policy,output_average,sample_actions,1.2619420886039734e-06
toy5,neural_output_average,batched,batched,cpu,1024,3,9,1,1,2,toy5_gpu_core_neural_output_average_batched_1024_cpu_repeat01,2,neural_policy,output_average,commit_actions,8.488097228109837e-05
toy5,neural_output_average,batched,batched,cpu,1024,3,9,1,1,2,toy5_gpu_core_neural_output_average_batched_1024_cpu_repeat01,2,neural_policy,output_average,post_step_state_policy,2.8103007934987545e-05
toy5,neural_output_average,batched,batched,cpu,1024,3,9,1,1,2,toy5_gpu_core_neural_output_average_batched_1024_cpu_repeat01,2,neural_policy,output_average,update_reputation_ema,4.1538034565746784e-05
toy5,neural_output_average,batched,batched,cpu,1024,3,9,1,1,2,toy5_gpu_core_neural_output_average_batched_1024_cpu_repeat01,2,neural_policy,output_average,finalize_hook_step,4.649045877158642e-06
toy5,neural_output_average,batched,batched,cpu,1024,3,9,1,1,2,toy5_gpu_core_neural_output_average_batched_1024_cpu_repeat01,2,neural_policy,output_average,hooked_step_total,0.23871599999256432
toy5,neural_output_average,batched,batched,cpu,1024,3,9,1,1,2,toy5_gpu_core_neural_output_average_batched_1024_cpu_repeat01,2,neural_policy,output_average,aggregate_row,0.013150759972631931
toy5,neural_output_average,batched,batched,cpu,1024,3,9,1,1,2,toy5_gpu_core_neural_output_average_batched_1024_cpu_repeat01,2,neural_policy,output_average,write_aggregate,7.582397665828466e-05
toy5,neural_output_average,batched,batched,cpu,1024,3,9,1,1,2,toy5_gpu_core_neural_output_average_batched_1024_cpu_repeat01,3,neural_policy,output_average,sample_revision_mask,1.8956023268401623e-05
toy5,neural_output_average,batched,batched,cpu,1024,3,9,1,1,2,toy5_gpu_core_neural_output_average_batched_1024_cpu_repeat01,3,neural_policy,output_average,build_step_context,0.002820687019266188
toy5,neural_output_average,batched,batched,cpu,1024,3,9,1,1,2,toy5_gpu_core_neural_output_average_batched_1024_cpu_repeat01,3,neural_policy,output_average,build_observations,0.0043556110467761755
toy5,neural_output_average,batched,batched,cpu,1024,3,9,1,1,2,toy5_gpu_core_neural_output_average_batched_1024_cpu_repeat01,3,neural_policy,output_average,policy_readout,0.0013137849746271968
toy5,neural_output_average,batched,batched,cpu,1024,3,9,1,1,2,toy5_gpu_core_neural_output_average_batched_1024_cpu_repeat01,3,neural_policy,output_average,decision_selection,0.00048000807873904705
toy5,neural_output_average,batched,batched,cpu,1024,3,9,1,1,2,toy5_gpu_core_neural_output_average_batched_1024_cpu_repeat01,3,neural_policy,output_average,local_training,0.10991800006013364
toy5,neural_output_average,batched,batched,cpu,1024,3,9,1,1,2,toy5_gpu_core_neural_output_average_batched_1024_cpu_repeat01,3,neural_policy,output_average,cache_refresh,1.055002212524414e-05
toy5,neural_output_average,batched,batched,cpu,1024,3,9,1,1,2,toy5_gpu_core_neural_output_average_batched_1024_cpu_repeat01,3,neural_policy,output_average,post_local_readout,0.0006960169412195683
toy5,neural_output_average,batched,batched,cpu,1024,3,9,1,1,2,toy5_gpu_core_neural_output_average_batched_1024_cpu_repeat01,3,neural_policy,output_average,local_step,0.11735597206279635
toy5,neural_output_average,batched,batched,cpu,1024,3,9,1,1,2,toy5_gpu_core_neural_output_average_batched_1024_cpu_repeat01,3,neural_policy,output_average,select_peers,0.0011119140544906259
toy5,neural_output_average,batched,batched,cpu,1024,3,9,1,1,2,toy5_gpu_core_neural_output_average_batched_1024_cpu_repeat01,3,neural_policy,output_average,social_distillation,0.1016707270173356
toy5,neural_output_average,batched,batched,cpu,1024,3,9,1,1,2,toy5_gpu_core_neural_output_average_batched_1024_cpu_repeat01,3,neural_policy,output_average,social_step,0.10175115894526243
toy5,neural_output_average,batched,batched,cpu,1024,3,9,1,1,2,toy5_gpu_core_neural_output_average_batched_1024_cpu_repeat01,3,neural_policy,output_average,sample_actions,1.3129319995641708e-06
toy5,neural_output_average,batched,batched,cpu,1024,3,9,1,1,2,toy5_gpu_core_neural_output_average_batched_1024_cpu_repeat01,3,neural_policy,output_average,commit_actions,5.549401976168156e-05
toy5,neural_output_average,batched,batched,cpu,1024,3,9,1,1,2,toy5_gpu_core_neural_output_average_batched_1024_cpu_repeat01,3,neural_policy,output_average,post_step_state_policy,1.715205144137144e-05
toy5,neural_output_average,batched,batched,cpu,1024,3,9,1,1,2,toy5_gpu_core_neural_output_average_batched_1024_cpu_repeat01,3,neural_policy,output_average,update_reputation_ema,2.430600579828024e-05
toy5,neural_output_average,batched,batched,cpu,1024,3,9,1,1,2,toy5_gpu_core_neural_output_average_batched_1024_cpu_repeat01,3,neural_policy,output_average,finalize_hook_step,4.71901148557663e-06
toy5,neural_output_average,batched,batched,cpu,1024,3,9,1,1,2,toy5_gpu_core_neural_output_average_batched_1024_cpu_repeat01,3,neural_policy,output_average,hooked_step_total,0.22478803899139166
toy5,neural_output_average,batched,batched,cpu,1024,3,9,1,1,2,toy5_gpu_core_neural_output_average_batched_1024_cpu_repeat01,3,neural_policy,output_average,aggregate_row,0.011286022025160491
toy5,neural_output_average,batched,batched,cpu,1024,3,9,1,1,2,toy5_gpu_core_neural_output_average_batched_1024_cpu_repeat01,3,neural_policy,output_average,write_aggregate,4.306109622120857e-05
toy5,neural_output_average,batched,batched,cuda,1024,3,9,0,1,2,toy5_gpu_core_neural_output_average_batched_1024_cuda_repeat00,0,neural_policy,output_average,make_run_dir,0.00037723302375525236
toy5,neural_output_average,batched,batched,cuda,1024,3,9,0,1,2,toy5_gpu_core_neural_output_average_batched_1024_cuda_repeat00,0,neural_policy,output_average,write_metadata,0.0032063459511846304
toy5,neural_output_average,batched,batched,cuda,1024,3,9,0,1,2,toy5_gpu_core_neural_output_average_batched_1024_cuda_repeat00,0,neural_policy,output_average,initial_state,0.5870967170922086
toy5,neural_output_average,batched,batched,cuda,1024,3,9,0,1,2,toy5_gpu_core_neural_output_average_batched_1024_cuda_repeat00,0,neural_policy,output_average,writer_setup,0.00037105195224285126
toy5,neural_output_average,batched,batched,cuda,1024,3,9,0,1,2,toy5_gpu_core_neural_output_average_batched_1024_cuda_repeat00,0,neural_policy,output_average,initial_step_result,0.0018055160762742162
toy5,neural_output_average,batched,batched,cuda,1024,3,9,0,1,2,toy5_gpu_core_neural_output_average_batched_1024_cuda_repeat00,0,neural_policy,output_average,initial_aggregate_row,0.009706344921141863
toy5,neural_output_average,batched,batched,cuda,1024,3,9,0,1,2,toy5_gpu_core_neural_output_average_batched_1024_cuda_repeat00,0,neural_policy,output_average,write_initial_aggregate,4.14079986512661e-05
toy5,neural_output_average,batched,batched,cuda,1024,3,9,0,1,2,toy5_gpu_core_neural_output_average_batched_1024_cuda_repeat00,1,neural_policy,output_average,sample_revision_mask,2.2492953576147556e-05
toy5,neural_output_average,batched,batched,cuda,1024,3,9,0,1,2,toy5_gpu_core_neural_output_average_batched_1024_cuda_repeat00,1,neural_policy,output_average,build_step_context,0.0027141449972987175
toy5,neural_output_average,batched,batched,cuda,1024,3,9,0,1,2,toy5_gpu_core_neural_output_average_batched_1024_cuda_repeat00,1,neural_policy,output_average,build_observations,0.004252374987117946
toy5,neural_output_average,batched,batched,cuda,1024,3,9,0,1,2,toy5_gpu_core_neural_output_average_batched_1024_cuda_repeat00,1,neural_policy,output_average,policy_readout,0.0008997219847515225
toy5,neural_output_average,batched,batched,cuda,1024,3,9,0,1,2,toy5_gpu_core_neural_output_average_batched_1024_cuda_repeat00,1,neural_policy,output_average,decision_selection,0.000935710035264492
toy5,neural_output_average,batched,batched,cuda,1024,3,9,0,1,2,toy5_gpu_core_neural_output_average_batched_1024_cuda_repeat00,1,neural_policy,output_average,local_training,0.39005051006097347
toy5,neural_output_average,batched,batched,cuda,1024,3,9,0,1,2,toy5_gpu_core_neural_output_average_batched_1024_cuda_repeat00,1,neural_policy,output_average,cache_refresh,2.948602195829153e-05
toy5,neural_output_average,batched,batched,cuda,1024,3,9,0,1,2,toy5_gpu_core_neural_output_average_batched_1024_cuda_repeat00,1,neural_policy,output_average,post_local_readout,0.0012216409668326378
toy5,neural_output_average,batched,batched,cuda,1024,3,9,0,1,2,toy5_gpu_core_neural_output_average_batched_1024_cuda_repeat00,1,neural_policy,output_average,local_step,0.3981311790412292
toy5,neural_output_average,batched,batched,cuda,1024,3,9,0,1,2,toy5_gpu_core_neural_output_average_batched_1024_cuda_repeat00,1,neural_policy,output_average,select_peers,0.0013434019638225436
toy5,neural_output_average,batched,batched,cuda,1024,3,9,0,1,2,toy5_gpu_core_neural_output_average_batched_1024_cuda_repeat00,1,neural_policy,output_average,social_distillation,0.29560590197797865
toy5,neural_output_average,batched,batched,cuda,1024,3,9,0,1,2,toy5_gpu_core_neural_output_average_batched_1024_cuda_repeat00,1,neural_policy,output_average,social_step,0.2958105599973351
toy5,neural_output_average,batched,batched,cuda,1024,3,9,0,1,2,toy5_gpu_core_neural_output_average_batched_1024_cuda_repeat00,1,neural_policy,output_average,sample_actions,1.3014068827033043e-05
toy5,neural_output_average,batched,batched,cuda,1024,3,9,0,1,2,toy5_gpu_core_neural_output_average_batched_1024_cuda_repeat00,1,neural_policy,output_average,commit_actions,0.0001175230136141181
toy5,neural_output_average,batched,batched,cuda,1024,3,9,0,1,2,toy5_gpu_core_neural_output_average_batched_1024_cuda_repeat00,1,neural_policy,output_average,post_step_state_policy,3.625894896686077e-05
toy5,neural_output_average,batched,batched,cuda,1024,3,9,0,1,2,toy5_gpu_core_neural_output_average_batched_1024_cuda_repeat00,1,neural_policy,output_average,update_reputation_ema,6.03341031819582e-05
toy5,neural_output_average,batched,batched,cuda,1024,3,9,0,1,2,toy5_gpu_core_neural_output_average_batched_1024_cuda_repeat00,1,neural_policy,output_average,finalize_hook_step,1.0740011930465698e-05
toy5,neural_output_average,batched,batched,cuda,1024,3,9,0,1,2,toy5_gpu_core_neural_output_average_batched_1024_cuda_repeat00,1,neural_policy,output_average,hooked_step_total,0.7012817159993574
toy5,neural_output_average,batched,batched,cuda,1024,3,9,0,1,2,toy5_gpu_core_neural_output_average_batched_1024_cuda_repeat00,1,neural_policy,output_average,aggregate_row,0.013405914069153368
toy5,neural_output_average,batched,batched,cuda,1024,3,9,0,1,2,toy5_gpu_core_neural_output_average_batched_1024_cuda_repeat00,1,neural_policy,output_average,write_aggregate,5.546503234654665e-05
toy5,neural_output_average,batched,batched,cuda,1024,3,9,0,1,2,toy5_gpu_core_neural_output_average_batched_1024_cuda_repeat00,2,neural_policy,output_average,sample_revision_mask,1.648103352636099e-05
toy5,neural_output_average,batched,batched,cuda,1024,3,9,0,1,2,toy5_gpu_core_neural_output_average_batched_1024_cuda_repeat00,2,neural_policy,output_average,build_step_context,0.0027269390411674976
toy5,neural_output_average,batched,batched,cuda,1024,3,9,0,1,2,toy5_gpu_core_neural_output_average_batched_1024_cuda_repeat00,2,neural_policy,output_average,build_observations,0.004211228108033538
toy5,neural_output_average,batched,batched,cuda,1024,3,9,0,1,2,toy5_gpu_core_neural_output_average_batched_1024_cuda_repeat00,2,neural_policy,output_average,policy_readout,0.0003771829651668668
toy5,neural_output_average,batched,batched,cuda,1024,3,9,0,1,2,toy5_gpu_core_neural_output_average_batched_1024_cuda_repeat00,2,neural_policy,output_average,decision_selection,0.0006268760189414024
toy5,neural_output_average,batched,batched,cuda,1024,3,9,0,1,2,toy5_gpu_core_neural_output_average_batched_1024_cuda_repeat00,2,neural_policy,output_average,local_training,0.27460875804536045
toy5,neural_output_average,batched,batched,cuda,1024,3,9,0,1,2,toy5_gpu_core_neural_output_average_batched_1024_cuda_repeat00,2,neural_policy,output_average,cache_refresh,1.952692400664091e-05
toy5,neural_output_average,batched,batched,cuda,1024,3,9,0,1,2,toy5_gpu_core_neural_output_average_batched_1024_cuda_repeat00,2,neural_policy,output_average,post_local_readout,0.0024423410650342703
toy5,neural_output_average,batched,batched,cuda,1024,3,9,0,1,2,toy5_gpu_core_neural_output_average_batched_1024_cuda_repeat00,2,neural_policy,output_average,local_step,0.2839078919496387
toy5,neural_output_average,batched,batched,cuda,1024,3,9,0,1,2,toy5_gpu_core_neural_output_average_batched_1024_cuda_repeat00,2,neural_policy,output_average,select_peers,0.0014020029921084642
toy5,neural_output_average,batched,batched,cuda,1024,3,9,0,1,2,toy5_gpu_core_neural_output_average_batched_1024_cuda_repeat00,2,neural_policy,output_average,social_distillation,0.33223513700067997
toy5,neural_output_average,batched,batched,cuda,1024,3,9,0,1,2,toy5_gpu_core_neural_output_average_batched_1024_cuda_repeat00,2,neural_policy,output_average,social_step,0.3323001299286261
toy5,neural_output_average,batched,batched,cuda,1024,3,9,0,1,2,toy5_gpu_core_neural_output_average_batched_1024_cuda_repeat00,2,neural_policy,output_average,sample_actions,7.0229871198534966e-06
toy5,neural_output_average,batched,batched,cuda,1024,3,9,0,1,2,toy5_gpu_core_neural_output_average_batched_1024_cuda_repeat00,2,neural_policy,output_average,commit_actions,5.7218014262616634e-05
toy5,neural_output_average,batched,batched,cuda,1024,3,9,0,1,2,toy5_gpu_core_neural_output_average_batched_1024_cuda_repeat00,2,neural_policy,output_average,post_step_state_policy,1.9678031094372272e-05
toy5,neural_output_average,batched,batched,cuda,1024,3,9,0,1,2,toy5_gpu_core_neural_output_average_batched_1024_cuda_repeat00,2,neural_policy,output_average,update_reputation_ema,3.2542040571570396e-05
toy5,neural_output_average,batched,batched,cuda,1024,3,9,0,1,2,toy5_gpu_core_neural_output_average_batched_1024_cuda_repeat00,2,neural_policy,output_average,finalize_hook_step,7.884926162660122e-06
toy5,neural_output_average,batched,batched,cuda,1024,3,9,0,1,2,toy5_gpu_core_neural_output_average_batched_1024_cuda_repeat00,2,neural_policy,output_average,hooked_step_total,0.6222846989985555
toy5,neural_output_average,batched,batched,cuda,1024,3,9,0,1,2,toy5_gpu_core_neural_output_average_batched_1024_cuda_repeat00,2,neural_policy,output_average,aggregate_row,0.012974087032489479
toy5,neural_output_average,batched,batched,cuda,1024,3,9,0,1,2,toy5_gpu_core_neural_output_average_batched_1024_cuda_repeat00,2,neural_policy,output_average,write_aggregate,6.702705286443233e-05
toy5,neural_output_average,batched,batched,cuda,1024,3,9,0,1,2,toy5_gpu_core_neural_output_average_batched_1024_cuda_repeat00,3,neural_policy,output_average,sample_revision_mask,2.1159998141229153e-05
toy5,neural_output_average,batched,batched,cuda,1024,3,9,0,1,2,toy5_gpu_core_neural_output_average_batched_1024_cuda_repeat00,3,neural_policy,output_average,build_step_context,0.0027690400602295995
toy5,neural_output_average,batched,batched,cuda,1024,3,9,0,1,2,toy5_gpu_core_neural_output_average_batched_1024_cuda_repeat00,3,neural_policy,output_average,build_observations,0.004281700938008726
toy5,neural_output_average,batched,batched,cuda,1024,3,9,0,1,2,toy5_gpu_core_neural_output_average_batched_1024_cuda_repeat00,3,neural_policy,output_average,policy_readout,0.000361804966814816
toy5,neural_output_average,batched,batched,cuda,1024,3,9,0,1,2,toy5_gpu_core_neural_output_average_batched_1024_cuda_repeat00,3,neural_policy,output_average,decision_selection,0.0005457729566842318
toy5,neural_output_average,batched,batched,cuda,1024,3,9,0,1,2,toy5_gpu_core_neural_output_average_batched_1024_cuda_repeat00,3,neural_policy,output_average,local_training,0.26992279302794486
toy5,neural_output_average,batched,batched,cuda,1024,3,9,0,1,2,toy5_gpu_core_neural_output_average_batched_1024_cuda_repeat00,3,neural_policy,output_average,cache_refresh,1.763296313583851e-05
toy5,neural_output_average,batched,batched,cuda,1024,3,9,0,1,2,toy5_gpu_core_neural_output_average_batched_1024_cuda_repeat00,3,neural_policy,output_average,post_local_readout,0.0014060200192034245
toy5,neural_output_average,batched,batched,cuda,1024,3,9,0,1,2,toy5_gpu_core_neural_output_average_batched_1024_cuda_repeat00,3,neural_policy,output_average,local_step,0.2772955819964409
toy5,neural_output_average,batched,batched,cuda,1024,3,9,0,1,2,toy5_gpu_core_neural_output_average_batched_1024_cuda_repeat00,3,neural_policy,output_average,select_peers,0.0018722029635682702
toy5,neural_output_average,batched,batched,cuda,1024,3,9,0,1,2,toy5_gpu_core_neural_output_average_batched_1024_cuda_repeat00,3,neural_policy,output_average,social_distillation,0.334482901962474
toy5,neural_output_average,batched,batched,cuda,1024,3,9,0,1,2,toy5_gpu_core_neural_output_average_batched_1024_cuda_repeat00,3,neural_policy,output_average,social_step,0.33459539501927793
toy5,neural_output_average,batched,batched,cuda,1024,3,9,0,1,2,toy5_gpu_core_neural_output_average_batched_1024_cuda_repeat00,3,neural_policy,output_average,sample_actions,8.767005056142807e-06
toy5,neural_output_average,batched,batched,cuda,1024,3,9,0,1,2,toy5_gpu_core_neural_output_average_batched_1024_cuda_repeat00,3,neural_policy,output_average,commit_actions,8.501100819557905e-05
toy5,neural_output_average,batched,batched,cuda,1024,3,9,0,1,2,toy5_gpu_core_neural_output_average_batched_1024_cuda_repeat00,3,neural_policy,output_average,post_step_state_policy,2.3974920623004436e-05
toy5,neural_output_average,batched,batched,cuda,1024,3,9,0,1,2,toy5_gpu_core_neural_output_average_batched_1024_cuda_repeat00,3,neural_policy,output_average,update_reputation_ema,5.686806980520487e-05
toy5,neural_output_average,batched,batched,cuda,1024,3,9,0,1,2,toy5_gpu_core_neural_output_average_batched_1024_cuda_repeat00,3,neural_policy,output_average,finalize_hook_step,1.0600080713629723e-05
toy5,neural_output_average,batched,batched,cuda,1024,3,9,0,1,2,toy5_gpu_core_neural_output_average_batched_1024_cuda_repeat00,3,neural_policy,output_average,hooked_step_total,0.6194827610161155
toy5,neural_output_average,batched,batched,cuda,1024,3,9,0,1,2,toy5_gpu_core_neural_output_average_batched_1024_cuda_repeat00,3,neural_policy,output_average,aggregate_row,0.012702623032964766
toy5,neural_output_average,batched,batched,cuda,1024,3,9,0,1,2,toy5_gpu_core_neural_output_average_batched_1024_cuda_repeat00,3,neural_policy,output_average,write_aggregate,0.00029873510356992483
toy5,neural_output_average,batched,batched,cuda,1024,3,9,1,1,2,toy5_gpu_core_neural_output_average_batched_1024_cuda_repeat01,0,neural_policy,output_average,make_run_dir,0.00025401997845619917
toy5,neural_output_average,batched,batched,cuda,1024,3,9,1,1,2,toy5_gpu_core_neural_output_average_batched_1024_cuda_repeat01,0,neural_policy,output_average,write_metadata,0.0021386659936979413
toy5,neural_output_average,batched,batched,cuda,1024,3,9,1,1,2,toy5_gpu_core_neural_output_average_batched_1024_cuda_repeat01,0,neural_policy,output_average,initial_state,0.7028235049219802
toy5,neural_output_average,batched,batched,cuda,1024,3,9,1,1,2,toy5_gpu_core_neural_output_average_batched_1024_cuda_repeat01,0,neural_policy,output_average,writer_setup,0.001259663957171142
toy5,neural_output_average,batched,batched,cuda,1024,3,9,1,1,2,toy5_gpu_core_neural_output_average_batched_1024_cuda_repeat01,0,neural_policy,output_average,initial_step_result,0.0040440610609948635
toy5,neural_output_average,batched,batched,cuda,1024,3,9,1,1,2,toy5_gpu_core_neural_output_average_batched_1024_cuda_repeat01,0,neural_policy,output_average,initial_aggregate_row,0.012648841948248446
toy5,neural_output_average,batched,batched,cuda,1024,3,9,1,1,2,toy5_gpu_core_neural_output_average_batched_1024_cuda_repeat01,0,neural_policy,output_average,write_initial_aggregate,5.3731026127934456e-05
toy5,neural_output_average,batched,batched,cuda,1024,3,9,1,1,2,toy5_gpu_core_neural_output_average_batched_1024_cuda_repeat01,1,neural_policy,output_average,sample_revision_mask,2.3644999600946903e-05
toy5,neural_output_average,batched,batched,cuda,1024,3,9,1,1,2,toy5_gpu_core_neural_output_average_batched_1024_cuda_repeat01,1,neural_policy,output_average,build_step_context,0.003616222064010799
toy5,neural_output_average,batched,batched,cuda,1024,3,9,1,1,2,toy5_gpu_core_neural_output_average_batched_1024_cuda_repeat01,1,neural_policy,output_average,build_observations,0.004472982021979988
toy5,neural_output_average,batched,batched,cuda,1024,3,9,1,1,2,toy5_gpu_core_neural_output_average_batched_1024_cuda_repeat01,1,neural_policy,output_average,policy_readout,0.0012371100019663572
toy5,neural_output_average,batched,batched,cuda,1024,3,9,1,1,2,toy5_gpu_core_neural_output_average_batched_1024_cuda_repeat01,1,neural_policy,output_average,decision_selection,0.0010199289536103606
toy5,neural_output_average,batched,batched,cuda,1024,3,9,1,1,2,toy5_gpu_core_neural_output_average_batched_1024_cuda_repeat01,1,neural_policy,output_average,local_training,0.36736440705135465
toy5,neural_output_average,batched,batched,cuda,1024,3,9,1,1,2,toy5_gpu_core_neural_output_average_batched_1024_cuda_repeat01,1,neural_policy,output_average,cache_refresh,1.811492256820202e-05
toy5,neural_output_average,batched,batched,cuda,1024,3,9,1,1,2,toy5_gpu_core_neural_output_average_batched_1024_cuda_repeat01,1,neural_policy,output_average,post_local_readout,0.0006194619927555323
toy5,neural_output_average,batched,batched,cuda,1024,3,9,1,1,2,toy5_gpu_core_neural_output_average_batched_1024_cuda_repeat01,1,neural_policy,output_average,local_step,0.3762036809930578
toy5,neural_output_average,batched,batched,cuda,1024,3,9,1,1,2,toy5_gpu_core_neural_output_average_batched_1024_cuda_repeat01,1,neural_policy,output_average,select_peers,0.0013439420145004988
toy5,neural_output_average,batched,batched,cuda,1024,3,9,1,1,2,toy5_gpu_core_neural_output_average_batched_1024_cuda_repeat01,1,neural_policy,output_average,social_distillation,0.3290831979829818
toy5,neural_output_average,batched,batched,cuda,1024,3,9,1,1,2,toy5_gpu_core_neural_output_average_batched_1024_cuda_repeat01,1,neural_policy,output_average,social_step,0.3291761949658394
toy5,neural_output_average,batched,batched,cuda,1024,3,9,1,1,2,toy5_gpu_core_neural_output_average_batched_1024_cuda_repeat01,1,neural_policy,output_average,sample_actions,9.729061275720596e-06
toy5,neural_output_average,batched,batched,cuda,1024,3,9,1,1,2,toy5_gpu_core_neural_output_average_batched_1024_cuda_repeat01,1,neural_policy,output_average,commit_actions,8.919904939830303e-05
toy5,neural_output_average,batched,batched,cuda,1024,3,9,1,1,2,toy5_gpu_core_neural_output_average_batched_1024_cuda_repeat01,1,neural_policy,output_average,post_step_state_policy,3.6779907532036304e-05
toy5,neural_output_average,batched,batched,cuda,1024,3,9,1,1,2,toy5_gpu_core_neural_output_average_batched_1024_cuda_repeat01,1,neural_policy,output_average,update_reputation_ema,4.599697422236204e-05
toy5,neural_output_average,batched,batched,cuda,1024,3,9,1,1,2,toy5_gpu_core_neural_output_average_batched_1024_cuda_repeat01,1,neural_policy,output_average,finalize_hook_step,1.465796958655119e-05
toy5,neural_output_average,batched,batched,cuda,1024,3,9,1,1,2,toy5_gpu_core_neural_output_average_batched_1024_cuda_repeat01,1,neural_policy,output_average,hooked_step_total,0.7124128330033273
toy5,neural_output_average,batched,batched,cuda,1024,3,9,1,1,2,toy5_gpu_core_neural_output_average_batched_1024_cuda_repeat01,1,neural_policy,output_average,aggregate_row,0.0135143690276891
toy5,neural_output_average,batched,batched,cuda,1024,3,9,1,1,2,toy5_gpu_core_neural_output_average_batched_1024_cuda_repeat01,1,neural_policy,output_average,write_aggregate,0.00018487998750060797
toy5,neural_output_average,batched,batched,cuda,1024,3,9,1,1,2,toy5_gpu_core_neural_output_average_batched_1024_cuda_repeat01,2,neural_policy,output_average,sample_revision_mask,6.689608562737703e-05
toy5,neural_output_average,batched,batched,cuda,1024,3,9,1,1,2,toy5_gpu_core_neural_output_average_batched_1024_cuda_repeat01,2,neural_policy,output_average,build_step_context,0.0036245579831302166
toy5,neural_output_average,batched,batched,cuda,1024,3,9,1,1,2,toy5_gpu_core_neural_output_average_batched_1024_cuda_repeat01,2,neural_policy,output_average,build_observations,0.00504942296538502
toy5,neural_output_average,batched,batched,cuda,1024,3,9,1,1,2,toy5_gpu_core_neural_output_average_batched_1024_cuda_repeat01,2,neural_policy,output_average,policy_readout,0.001270152977667749
toy5,neural_output_average,batched,batched,cuda,1024,3,9,1,1,2,toy5_gpu_core_neural_output_average_batched_1024_cuda_repeat01,2,neural_policy,output_average,decision_selection,0.0008771389257162809
toy5,neural_output_average,batched,batched,cuda,1024,3,9,1,1,2,toy5_gpu_core_neural_output_average_batched_1024_cuda_repeat01,2,neural_policy,output_average,local_training,0.35600706096738577
toy5,neural_output_average,batched,batched,cuda,1024,3,9,1,1,2,toy5_gpu_core_neural_output_average_batched_1024_cuda_repeat01,2,neural_policy,output_average,cache_refresh,1.3415003195405006e-05
toy5,neural_output_average,batched,batched,cuda,1024,3,9,1,1,2,toy5_gpu_core_neural_output_average_batched_1024_cuda_repeat01,2,neural_policy,output_average,post_local_readout,0.000598591985180974
toy5,neural_output_average,batched,batched,cuda,1024,3,9,1,1,2,toy5_gpu_core_neural_output_average_batched_1024_cuda_repeat01,2,neural_policy,output_average,local_step,0.36548727797344327
toy5,neural_output_average,batched,batched,cuda,1024,3,9,1,1,2,toy5_gpu_core_neural_output_average_batched_1024_cuda_repeat01,2,neural_policy,output_average,select_peers,0.0011797620682045817
toy5,neural_output_average,batched,batched,cuda,1024,3,9,1,1,2,toy5_gpu_core_neural_output_average_batched_1024_cuda_repeat01,2,neural_policy,output_average,social_distillation,0.28856666304636747
toy5,neural_output_average,batched,batched,cuda,1024,3,9,1,1,2,toy5_gpu_core_neural_output_average_batched_1024_cuda_repeat01,2,neural_policy,output_average,social_step,0.28867457795422524
toy5,neural_output_average,batched,batched,cuda,1024,3,9,1,1,2,toy5_gpu_core_neural_output_average_batched_1024_cuda_repeat01,2,neural_policy,output_average,sample_actions,1.0079005733132362e-05
toy5,neural_output_average,batched,batched,cuda,1024,3,9,1,1,2,toy5_gpu_core_neural_output_average_batched_1024_cuda_repeat01,2,neural_policy,output_average,commit_actions,6.481201853603125e-05
toy5,neural_output_average,batched,batched,cuda,1024,3,9,1,1,2,toy5_gpu_core_neural_output_average_batched_1024_cuda_repeat01,2,neural_policy,output_average,post_step_state_policy,3.6860001273453236e-05
toy5,neural_output_average,batched,batched,cuda,1024,3,9,1,1,2,toy5_gpu_core_neural_output_average_batched_1024_cuda_repeat01,2,neural_policy,output_average,update_reputation_ema,5.07869990542531e-05
toy5,neural_output_average,batched,batched,cuda,1024,3,9,1,1,2,toy5_gpu_core_neural_output_average_batched_1024_cuda_repeat01,2,neural_policy,output_average,finalize_hook_step,8.775969035923481e-06
toy5,neural_output_average,batched,batched,cuda,1024,3,9,1,1,2,toy5_gpu_core_neural_output_average_batched_1024_cuda_repeat01,2,neural_policy,output_average,hooked_step_total,0.661344253923744
toy5,neural_output_average,batched,batched,cuda,1024,3,9,1,1,2,toy5_gpu_core_neural_output_average_batched_1024_cuda_repeat01,2,neural_policy,output_average,aggregate_row,0.011195531929843128
toy5,neural_output_average,batched,batched,cuda,1024,3,9,1,1,2,toy5_gpu_core_neural_output_average_batched_1024_cuda_repeat01,2,neural_policy,output_average,write_aggregate,5.192798562347889e-05
toy5,neural_output_average,batched,batched,cuda,1024,3,9,1,1,2,toy5_gpu_core_neural_output_average_batched_1024_cuda_repeat01,3,neural_policy,output_average,sample_revision_mask,1.638103276491165e-05
toy5,neural_output_average,batched,batched,cuda,1024,3,9,1,1,2,toy5_gpu_core_neural_output_average_batched_1024_cuda_repeat01,3,neural_policy,output_average,build_step_context,0.002799307112582028
toy5,neural_output_average,batched,batched,cuda,1024,3,9,1,1,2,toy5_gpu_core_neural_output_average_batched_1024_cuda_repeat01,3,neural_policy,output_average,build_observations,0.0043300429824739695
toy5,neural_output_average,batched,batched,cuda,1024,3,9,1,1,2,toy5_gpu_core_neural_output_average_batched_1024_cuda_repeat01,3,neural_policy,output_average,policy_readout,0.00027098297141492367
toy5,neural_output_average,batched,batched,cuda,1024,3,9,1,1,2,toy5_gpu_core_neural_output_average_batched_1024_cuda_repeat01,3,neural_policy,output_average,decision_selection,0.0004192329943180084
toy5,neural_output_average,batched,batched,cuda,1024,3,9,1,1,2,toy5_gpu_core_neural_output_average_batched_1024_cuda_repeat01,3,neural_policy,output_average,local_training,0.31124573200941086
toy5,neural_output_average,batched,batched,cuda,1024,3,9,1,1,2,toy5_gpu_core_neural_output_average_batched_1024_cuda_repeat01,3,neural_policy,output_average,cache_refresh,2.0249048247933388e-05
toy5,neural_output_average,batched,batched,cuda,1024,3,9,1,1,2,toy5_gpu_core_neural_output_average_batched_1024_cuda_repeat01,3,neural_policy,output_average,post_local_readout,0.002642549923621118
toy5,neural_output_average,batched,batched,cuda,1024,3,9,1,1,2,toy5_gpu_core_neural_output_average_batched_1024_cuda_repeat01,3,neural_policy,output_average,local_step,0.3206752330297604
toy5,neural_output_average,batched,batched,cuda,1024,3,9,1,1,2,toy5_gpu_core_neural_output_average_batched_1024_cuda_repeat01,3,neural_policy,output_average,select_peers,0.0016963089583441615
toy5,neural_output_average,batched,batched,cuda,1024,3,9,1,1,2,toy5_gpu_core_neural_output_average_batched_1024_cuda_repeat01,3,neural_policy,output_average,social_distillation,0.2999826440354809
toy5,neural_output_average,batched,batched,cuda,1024,3,9,1,1,2,toy5_gpu_core_neural_output_average_batched_1024_cuda_repeat01,3,neural_policy,output_average,social_step,0.30006126302760094
toy5,neural_output_average,batched,batched,cuda,1024,3,9,1,1,2,toy5_gpu_core_neural_output_average_batched_1024_cuda_repeat01,3,neural_policy,output_average,sample_actions,6.221001967787743e-06
toy5,neural_output_average,batched,batched,cuda,1024,3,9,1,1,2,toy5_gpu_core_neural_output_average_batched_1024_cuda_repeat01,3,neural_policy,output_average,commit_actions,5.048501770943403e-05
toy5,neural_output_average,batched,batched,cuda,1024,3,9,1,1,2,toy5_gpu_core_neural_output_average_batched_1024_cuda_repeat01,3,neural_policy,output_average,post_step_state_policy,2.0017963834106922e-05
toy5,neural_output_average,batched,batched,cuda,1024,3,9,1,1,2,toy5_gpu_core_neural_output_average_batched_1024_cuda_repeat01,3,neural_policy,output_average,update_reputation_ema,3.187009133398533e-05
toy5,neural_output_average,batched,batched,cuda,1024,3,9,1,1,2,toy5_gpu_core_neural_output_average_batched_1024_cuda_repeat01,3,neural_policy,output_average,finalize_hook_step,7.353955879807472e-06
toy5,neural_output_average,batched,batched,cuda,1024,3,9,1,1,2,toy5_gpu_core_neural_output_average_batched_1024_cuda_repeat01,3,neural_policy,output_average,hooked_step_total,0.6273120269179344
toy5,neural_output_average,batched,batched,cuda,1024,3,9,1,1,2,toy5_gpu_core_neural_output_average_batched_1024_cuda_repeat01,3,neural_policy,output_average,aggregate_row,0.011348942993208766
toy5,neural_output_average,batched,batched,cuda,1024,3,9,1,1,2,toy5_gpu_core_neural_output_average_batched_1024_cuda_repeat01,3,neural_policy,output_average,write_aggregate,6.296904757618904e-05
