toy,scenario,training_backend,resolved_training_backend,device,agent_count,epochs,seed,repeat_index,warmup_runs,repeats,run_id,epoch,policy_rule,coordination_mixer,stage,seconds
toy4,neural_output_average,batched,batched,cpu,1024,3,9,0,1,2,toy4_gpu_core_neural_output_average_batched_1024_cpu_repeat00,0,neural_policy,output_average,make_run_dir,0.0002338510239496827
toy4,neural_output_average,batched,batched,cpu,1024,3,9,0,1,2,toy4_gpu_core_neural_output_average_batched_1024_cpu_repeat00,0,neural_policy,output_average,write_metadata,0.002272735000588
toy4,neural_output_average,batched,batched,cpu,1024,3,9,0,1,2,toy4_gpu_core_neural_output_average_batched_1024_cpu_repeat00,0,neural_policy,output_average,initial_state,0.5024198560277
toy4,neural_output_average,batched,batched,cpu,1024,3,9,0,1,2,toy4_gpu_core_neural_output_average_batched_1024_cpu_repeat00,0,neural_policy,output_average,writer_setup,0.0004217150853946805
toy4,neural_output_average,batched,batched,cpu,1024,3,9,0,1,2,toy4_gpu_core_neural_output_average_batched_1024_cpu_repeat00,0,neural_policy,output_average,initial_step_result,0.009291006019338965
toy4,neural_output_average,batched,batched,cpu,1024,3,9,0,1,2,toy4_gpu_core_neural_output_average_batched_1024_cpu_repeat00,0,neural_policy,output_average,initial_aggregate_row,0.031024308991618454
toy4,neural_output_average,batched,batched,cpu,1024,3,9,0,1,2,toy4_gpu_core_neural_output_average_batched_1024_cpu_repeat00,0,neural_policy,output_average,write_initial_aggregate,7.832807023078203e-05
toy4,neural_output_average,batched,batched,cpu,1024,3,9,0,1,2,toy4_gpu_core_neural_output_average_batched_1024_cpu_repeat00,1,neural_policy,output_average,sample_revision_mask,2.1441024728119373e-05
toy4,neural_output_average,batched,batched,cpu,1024,3,9,0,1,2,toy4_gpu_core_neural_output_average_batched_1024_cpu_repeat00,1,neural_policy,output_average,build_step_context,8.706003427505493e-06
toy4,neural_output_average,batched,batched,cpu,1024,3,9,0,1,2,toy4_gpu_core_neural_output_average_batched_1024_cpu_repeat00,1,neural_policy,output_average,build_observations,0.00784706394188106
toy4,neural_output_average,batched,batched,cpu,1024,3,9,0,1,2,toy4_gpu_core_neural_output_average_batched_1024_cpu_repeat00,1,neural_policy,output_average,policy_readout,0.0010668720351532102
toy4,neural_output_average,batched,batched,cpu,1024,3,9,0,1,2,toy4_gpu_core_neural_output_average_batched_1024_cpu_repeat00,1,neural_policy,output_average,decision_selection,0.0066746530355885625
toy4,neural_output_average,batched,batched,cpu,1024,3,9,0,1,2,toy4_gpu_core_neural_output_average_batched_1024_cpu_repeat00,1,neural_policy,output_average,local_trainable_parameters,0.00033375900238752365
toy4,neural_output_average,batched,batched,cpu,1024,3,9,0,1,2,toy4_gpu_core_neural_output_average_batched_1024_cpu_repeat00,1,neural_policy,output_average,local_loss_forward,0.0011366329854354262
toy4,neural_output_average,batched,batched,cpu,1024,3,9,0,1,2,toy4_gpu_core_neural_output_average_batched_1024_cpu_repeat00,1,neural_policy,output_average,local_optimizer_update,0.028832106036134064
toy4,neural_output_average,batched,batched,cpu,1024,3,9,0,1,2,toy4_gpu_core_neural_output_average_batched_1024_cpu_repeat00,1,neural_policy,output_average,local_loss_update,0.0893818469485268
toy4,neural_output_average,batched,batched,cpu,1024,3,9,0,1,2,toy4_gpu_core_neural_output_average_batched_1024_cpu_repeat00,1,neural_policy,output_average,local_training,0.08973856002558023
toy4,neural_output_average,batched,batched,cpu,1024,3,9,0,1,2,toy4_gpu_core_neural_output_average_batched_1024_cpu_repeat00,1,neural_policy,output_average,cache_refresh,7.744994945824146e-06
toy4,neural_output_average,batched,batched,cpu,1024,3,9,0,1,2,toy4_gpu_core_neural_output_average_batched_1024_cpu_repeat00,1,neural_policy,output_average,post_local_readout,0.00046036799903959036
toy4,neural_output_average,batched,batched,cpu,1024,3,9,0,1,2,toy4_gpu_core_neural_output_average_batched_1024_cpu_repeat00,1,neural_policy,output_average,local_step,0.10620847006794065
toy4,neural_output_average,batched,batched,cpu,1024,3,9,0,1,2,toy4_gpu_core_neural_output_average_batched_1024_cpu_repeat00,1,neural_policy,output_average,select_peers,6.651598960161209e-05
toy4,neural_output_average,batched,batched,cpu,1024,3,9,0,1,2,toy4_gpu_core_neural_output_average_batched_1024_cpu_repeat00,1,neural_policy,output_average,social_trainable_parameters,0.00025160505902022123
toy4,neural_output_average,batched,batched,cpu,1024,3,9,0,1,2,toy4_gpu_core_neural_output_average_batched_1024_cpu_repeat00,1,neural_policy,output_average,social_mix,0.0004260329296812415
toy4,neural_output_average,batched,batched,cpu,1024,3,9,0,1,2,toy4_gpu_core_neural_output_average_batched_1024_cpu_repeat00,1,neural_policy,output_average,social_loss_forward,0.00046505697537213564
toy4,neural_output_average,batched,batched,cpu,1024,3,9,0,1,2,toy4_gpu_core_neural_output_average_batched_1024_cpu_repeat00,1,neural_policy,output_average,social_optimizer_update,0.049451499013230205
toy4,neural_output_average,batched,batched,cpu,1024,3,9,0,1,2,toy4_gpu_core_neural_output_average_batched_1024_cpu_repeat00,1,neural_policy,output_average,social_loss_update,0.050443037995137274
toy4,neural_output_average,batched,batched,cpu,1024,3,9,0,1,2,toy4_gpu_core_neural_output_average_batched_1024_cpu_repeat00,1,neural_policy,output_average,social_distillation,0.051404049969278276
toy4,neural_output_average,batched,batched,cpu,1024,3,9,0,1,2,toy4_gpu_core_neural_output_average_batched_1024_cpu_repeat00,1,neural_policy,output_average,social_step,0.051422734977677464
toy4,neural_output_average,batched,batched,cpu,1024,3,9,0,1,2,toy4_gpu_core_neural_output_average_batched_1024_cpu_repeat00,1,neural_policy,output_average,sample_actions,2.0739389583468437e-06
toy4,neural_output_average,batched,batched,cpu,1024,3,9,0,1,2,toy4_gpu_core_neural_output_average_batched_1024_cpu_repeat00,1,neural_policy,output_average,commit_actions,9.43802297115326e-06
toy4,neural_output_average,batched,batched,cpu,1024,3,9,0,1,2,toy4_gpu_core_neural_output_average_batched_1024_cpu_repeat00,1,neural_policy,output_average,post_step_state_policy,3.5247066989541054e-05
toy4,neural_output_average,batched,batched,cpu,1024,3,9,0,1,2,toy4_gpu_core_neural_output_average_batched_1024_cpu_repeat00,1,neural_policy,output_average,update_payoff_ema,5.5143958888947964e-05
toy4,neural_output_average,batched,batched,cpu,1024,3,9,0,1,2,toy4_gpu_core_neural_output_average_batched_1024_cpu_repeat00,1,neural_policy,output_average,update_reputation_ema,2.6058987714350224e-05
toy4,neural_output_average,batched,batched,cpu,1024,3,9,0,1,2,toy4_gpu_core_neural_output_average_batched_1024_cpu_repeat00,1,neural_policy,output_average,mobility_swaps,3.609794657677412e-05
toy4,neural_output_average,batched,batched,cpu,1024,3,9,0,1,2,toy4_gpu_core_neural_output_average_batched_1024_cpu_repeat00,1,neural_policy,output_average,finalize_hook_step,9.989016689360142e-06
toy4,neural_output_average,batched,batched,cpu,1024,3,9,0,1,2,toy4_gpu_core_neural_output_average_batched_1024_cpu_repeat00,1,neural_policy,output_average,hooked_step_total,0.15915881493128836
toy4,neural_output_average,batched,batched,cpu,1024,3,9,0,1,2,toy4_gpu_core_neural_output_average_batched_1024_cpu_repeat00,1,neural_policy,output_average,aggregate_row,0.024367949925363064
toy4,neural_output_average,batched,batched,cpu,1024,3,9,0,1,2,toy4_gpu_core_neural_output_average_batched_1024_cpu_repeat00,1,neural_policy,output_average,write_aggregate,5.1416922360658646e-05
toy4,neural_output_average,batched,batched,cpu,1024,3,9,0,1,2,toy4_gpu_core_neural_output_average_batched_1024_cpu_repeat00,2,neural_policy,output_average,sample_revision_mask,1.287402119487524e-05
toy4,neural_output_average,batched,batched,cpu,1024,3,9,0,1,2,toy4_gpu_core_neural_output_average_batched_1024_cpu_repeat00,2,neural_policy,output_average,build_step_context,6.721937097609043e-06
toy4,neural_output_average,batched,batched,cpu,1024,3,9,0,1,2,toy4_gpu_core_neural_output_average_batched_1024_cpu_repeat00,2,neural_policy,output_average,build_observations,0.007991406018845737
toy4,neural_output_average,batched,batched,cpu,1024,3,9,0,1,2,toy4_gpu_core_neural_output_average_batched_1024_cpu_repeat00,2,neural_policy,output_average,policy_readout,0.0006674890173599124
toy4,neural_output_average,batched,batched,cpu,1024,3,9,0,1,2,toy4_gpu_core_neural_output_average_batched_1024_cpu_repeat00,2,neural_policy,output_average,decision_selection,0.006537403911352158
toy4,neural_output_average,batched,batched,cpu,1024,3,9,0,1,2,toy4_gpu_core_neural_output_average_batched_1024_cpu_repeat00,2,neural_policy,output_average,local_trainable_parameters,0.000279837055131793
toy4,neural_output_average,batched,batched,cpu,1024,3,9,0,1,2,toy4_gpu_core_neural_output_average_batched_1024_cpu_repeat00,2,neural_policy,output_average,local_loss_forward,0.0005987589247524738
toy4,neural_output_average,batched,batched,cpu,1024,3,9,0,1,2,toy4_gpu_core_neural_output_average_batched_1024_cpu_repeat00,2,neural_policy,output_average,local_optimizer_update,0.02652049798052758
toy4,neural_output_average,batched,batched,cpu,1024,3,9,0,1,2,toy4_gpu_core_neural_output_average_batched_1024_cpu_repeat00,2,neural_policy,output_average,local_loss_update,0.02727842703461647
toy4,neural_output_average,batched,batched,cpu,1024,3,9,0,1,2,toy4_gpu_core_neural_output_average_batched_1024_cpu_repeat00,2,neural_policy,output_average,local_training,0.02758142806123942
toy4,neural_output_average,batched,batched,cpu,1024,3,9,0,1,2,toy4_gpu_core_neural_output_average_batched_1024_cpu_repeat00,2,neural_policy,output_average,cache_refresh,4.778965376317501e-06
toy4,neural_output_average,batched,batched,cpu,1024,3,9,0,1,2,toy4_gpu_core_neural_output_average_batched_1024_cpu_repeat00,2,neural_policy,output_average,post_local_readout,0.00035382690839469433
toy4,neural_output_average,batched,batched,cpu,1024,3,9,0,1,2,toy4_gpu_core_neural_output_average_batched_1024_cpu_repeat00,2,neural_policy,output_average,local_step,0.043537419056519866
toy4,neural_output_average,batched,batched,cpu,1024,3,9,0,1,2,toy4_gpu_core_neural_output_average_batched_1024_cpu_repeat00,2,neural_policy,output_average,select_peers,5.895202048122883e-05
toy4,neural_output_average,batched,batched,cpu,1024,3,9,0,1,2,toy4_gpu_core_neural_output_average_batched_1024_cpu_repeat00,2,neural_policy,output_average,social_trainable_parameters,0.000114816939458251
toy4,neural_output_average,batched,batched,cpu,1024,3,9,0,1,2,toy4_gpu_core_neural_output_average_batched_1024_cpu_repeat00,2,neural_policy,output_average,social_mix,0.00040052493568509817
toy4,neural_output_average,batched,batched,cpu,1024,3,9,0,1,2,toy4_gpu_core_neural_output_average_batched_1024_cpu_repeat00,2,neural_policy,output_average,social_loss_forward,0.00033959001302719116
toy4,neural_output_average,batched,batched,cpu,1024,3,9,0,1,2,toy4_gpu_core_neural_output_average_batched_1024_cpu_repeat00,2,neural_policy,output_average,social_optimizer_update,0.049270077026449144
toy4,neural_output_average,batched,batched,cpu,1024,3,9,0,1,2,toy4_gpu_core_neural_output_average_batched_1024_cpu_repeat00,2,neural_policy,output_average,social_loss_update,0.050099020008929074
toy4,neural_output_average,batched,batched,cpu,1024,3,9,0,1,2,toy4_gpu_core_neural_output_average_batched_1024_cpu_repeat00,2,neural_policy,output_average,social_distillation,0.050845307065173984
toy4,neural_output_average,batched,batched,cpu,1024,3,9,0,1,2,toy4_gpu_core_neural_output_average_batched_1024_cpu_repeat00,2,neural_policy,output_average,social_step,0.05085826094727963
toy4,neural_output_average,batched,batched,cpu,1024,3,9,0,1,2,toy4_gpu_core_neural_output_average_batched_1024_cpu_repeat00,2,neural_policy,output_average,sample_actions,1.0320218279957771e-06
toy4,neural_output_average,batched,batched,cpu,1024,3,9,0,1,2,toy4_gpu_core_neural_output_average_batched_1024_cpu_repeat00,2,neural_policy,output_average,commit_actions,4.588044248521328e-06
toy4,neural_output_average,batched,batched,cpu,1024,3,9,0,1,2,toy4_gpu_core_neural_output_average_batched_1024_cpu_repeat00,2,neural_policy,output_average,post_step_state_policy,2.395501360297203e-05
toy4,neural_output_average,batched,batched,cpu,1024,3,9,0,1,2,toy4_gpu_core_neural_output_average_batched_1024_cpu_repeat00,2,neural_policy,output_average,update_payoff_ema,3.050698433071375e-05
toy4,neural_output_average,batched,batched,cpu,1024,3,9,0,1,2,toy4_gpu_core_neural_output_average_batched_1024_cpu_repeat00,2,neural_policy,output_average,update_reputation_ema,1.4447025023400784e-05
toy4,neural_output_average,batched,batched,cpu,1024,3,9,0,1,2,toy4_gpu_core_neural_output_average_batched_1024_cpu_repeat00,2,neural_policy,output_average,mobility_swaps,2.215104177594185e-05
toy4,neural_output_average,batched,batched,cpu,1024,3,9,0,1,2,toy4_gpu_core_neural_output_average_batched_1024_cpu_repeat00,2,neural_policy,output_average,finalize_hook_step,8.87701753526926e-06
toy4,neural_output_average,batched,batched,cpu,1024,3,9,0,1,2,toy4_gpu_core_neural_output_average_batched_1024_cpu_repeat00,2,neural_policy,output_average,hooked_step_total,0.09546609804965556
toy4,neural_output_average,batched,batched,cpu,1024,3,9,0,1,2,toy4_gpu_core_neural_output_average_batched_1024_cpu_repeat00,2,neural_policy,output_average,aggregate_row,0.03396489308215678
toy4,neural_output_average,batched,batched,cpu,1024,3,9,0,1,2,toy4_gpu_core_neural_output_average_batched_1024_cpu_repeat00,2,neural_policy,output_average,write_aggregate,8.841697126626968e-05
toy4,neural_output_average,batched,batched,cpu,1024,3,9,0,1,2,toy4_gpu_core_neural_output_average_batched_1024_cpu_repeat00,3,neural_policy,output_average,sample_revision_mask,2.032797783613205e-05
toy4,neural_output_average,batched,batched,cpu,1024,3,9,0,1,2,toy4_gpu_core_neural_output_average_batched_1024_cpu_repeat00,3,neural_policy,output_average,build_step_context,7.13299959897995e-06
toy4,neural_output_average,batched,batched,cpu,1024,3,9,0,1,2,toy4_gpu_core_neural_output_average_batched_1024_cpu_repeat00,3,neural_policy,output_average,build_observations,0.009967450983822346
toy4,neural_output_average,batched,batched,cpu,1024,3,9,0,1,2,toy4_gpu_core_neural_output_average_batched_1024_cpu_repeat00,3,neural_policy,output_average,policy_readout,0.001135341008193791
toy4,neural_output_average,batched,batched,cpu,1024,3,9,0,1,2,toy4_gpu_core_neural_output_average_batched_1024_cpu_repeat00,3,neural_policy,output_average,decision_selection,0.006642382009886205
toy4,neural_output_average,batched,batched,cpu,1024,3,9,0,1,2,toy4_gpu_core_neural_output_average_batched_1024_cpu_repeat00,3,neural_policy,output_average,local_trainable_parameters,0.0003224979154765606
toy4,neural_output_average,batched,batched,cpu,1024,3,9,0,1,2,toy4_gpu_core_neural_output_average_batched_1024_cpu_repeat00,3,neural_policy,output_average,local_loss_forward,0.0005970849888399243
toy4,neural_output_average,batched,batched,cpu,1024,3,9,0,1,2,toy4_gpu_core_neural_output_average_batched_1024_cpu_repeat00,3,neural_policy,output_average,local_optimizer_update,0.025318410946056247
toy4,neural_output_average,batched,batched,cpu,1024,3,9,0,1,2,toy4_gpu_core_neural_output_average_batched_1024_cpu_repeat00,3,neural_policy,output_average,local_loss_update,0.026156301028095186
toy4,neural_output_average,batched,batched,cpu,1024,3,9,0,1,2,toy4_gpu_core_neural_output_average_batched_1024_cpu_repeat00,3,neural_policy,output_average,local_training,0.026505360030569136
toy4,neural_output_average,batched,batched,cpu,1024,3,9,0,1,2,toy4_gpu_core_neural_output_average_batched_1024_cpu_repeat00,3,neural_policy,output_average,cache_refresh,1.2593925930559635e-05
toy4,neural_output_average,batched,batched,cpu,1024,3,9,0,1,2,toy4_gpu_core_neural_output_average_batched_1024_cpu_repeat00,3,neural_policy,output_average,post_local_readout,0.0007087459089234471
toy4,neural_output_average,batched,batched,cpu,1024,3,9,0,1,2,toy4_gpu_core_neural_output_average_batched_1024_cpu_repeat00,3,neural_policy,output_average,local_step,0.04551710095256567
toy4,neural_output_average,batched,batched,cpu,1024,3,9,0,1,2,toy4_gpu_core_neural_output_average_batched_1024_cpu_repeat00,3,neural_policy,output_average,select_peers,8.587201591581106e-05
toy4,neural_output_average,batched,batched,cpu,1024,3,9,0,1,2,toy4_gpu_core_neural_output_average_batched_1024_cpu_repeat00,3,neural_policy,output_average,social_trainable_parameters,0.00029212108347564936
toy4,neural_output_average,batched,batched,cpu,1024,3,9,0,1,2,toy4_gpu_core_neural_output_average_batched_1024_cpu_repeat00,3,neural_policy,output_average,social_mix,0.0005341880023479462
toy4,neural_output_average,batched,batched,cpu,1024,3,9,0,1,2,toy4_gpu_core_neural_output_average_batched_1024_cpu_repeat00,3,neural_policy,output_average,social_loss_forward,0.0004223970463499427
toy4,neural_output_average,batched,batched,cpu,1024,3,9,0,1,2,toy4_gpu_core_neural_output_average_batched_1024_cpu_repeat00,3,neural_policy,output_average,social_optimizer_update,0.047460085013881326
toy4,neural_output_average,batched,batched,cpu,1024,3,9,0,1,2,toy4_gpu_core_neural_output_average_batched_1024_cpu_repeat00,3,neural_policy,output_average,social_loss_update,0.04853210598230362
toy4,neural_output_average,batched,batched,cpu,1024,3,9,0,1,2,toy4_gpu_core_neural_output_average_batched_1024_cpu_repeat00,3,neural_policy,output_average,social_distillation,0.04934747295919806
toy4,neural_output_average,batched,batched,cpu,1024,3,9,0,1,2,toy4_gpu_core_neural_output_average_batched_1024_cpu_repeat00,3,neural_policy,output_average,social_step,0.049362852005288005
toy4,neural_output_average,batched,batched,cpu,1024,3,9,0,1,2,toy4_gpu_core_neural_output_average_batched_1024_cpu_repeat00,3,neural_policy,output_average,sample_actions,1.0320218279957771e-06
toy4,neural_output_average,batched,batched,cpu,1024,3,9,0,1,2,toy4_gpu_core_neural_output_average_batched_1024_cpu_repeat00,3,neural_policy,output_average,commit_actions,5.300040356814861e-06
toy4,neural_output_average,batched,batched,cpu,1024,3,9,0,1,2,toy4_gpu_core_neural_output_average_batched_1024_cpu_repeat00,3,neural_policy,output_average,post_step_state_policy,2.772302832454443e-05
toy4,neural_output_average,batched,batched,cpu,1024,3,9,0,1,2,toy4_gpu_core_neural_output_average_batched_1024_cpu_repeat00,3,neural_policy,output_average,update_payoff_ema,3.154994919896126e-05
toy4,neural_output_average,batched,batched,cpu,1024,3,9,0,1,2,toy4_gpu_core_neural_output_average_batched_1024_cpu_repeat00,3,neural_policy,output_average,update_reputation_ema,1.6731908544898033e-05
toy4,neural_output_average,batched,batched,cpu,1024,3,9,0,1,2,toy4_gpu_core_neural_output_average_batched_1024_cpu_repeat00,3,neural_policy,output_average,mobility_swaps,2.5407993234694004e-05
toy4,neural_output_average,batched,batched,cpu,1024,3,9,0,1,2,toy4_gpu_core_neural_output_average_batched_1024_cpu_repeat00,3,neural_policy,output_average,finalize_hook_step,1.0279007256031036e-05
toy4,neural_output_average,batched,batched,cpu,1024,3,9,0,1,2,toy4_gpu_core_neural_output_average_batched_1024_cpu_repeat00,3,neural_policy,output_average,hooked_step_total,0.09605685202404857
toy4,neural_output_average,batched,batched,cpu,1024,3,9,0,1,2,toy4_gpu_core_neural_output_average_batched_1024_cpu_repeat00,3,neural_policy,output_average,aggregate_row,0.0387565060518682
toy4,neural_output_average,batched,batched,cpu,1024,3,9,0,1,2,toy4_gpu_core_neural_output_average_batched_1024_cpu_repeat00,3,neural_policy,output_average,write_aggregate,8.298608008772135e-05
toy4,neural_output_average,batched,batched,cpu,1024,3,9,1,1,2,toy4_gpu_core_neural_output_average_batched_1024_cpu_repeat01,0,neural_policy,output_average,make_run_dir,0.0005355100147426128
toy4,neural_output_average,batched,batched,cpu,1024,3,9,1,1,2,toy4_gpu_core_neural_output_average_batched_1024_cpu_repeat01,0,neural_policy,output_average,write_metadata,0.0033980259904637933
toy4,neural_output_average,batched,batched,cpu,1024,3,9,1,1,2,toy4_gpu_core_neural_output_average_batched_1024_cpu_repeat01,0,neural_policy,output_average,initial_state,0.6571700749918818
toy4,neural_output_average,batched,batched,cpu,1024,3,9,1,1,2,toy4_gpu_core_neural_output_average_batched_1024_cpu_repeat01,0,neural_policy,output_average,writer_setup,0.00041467195842415094
toy4,neural_output_average,batched,batched,cpu,1024,3,9,1,1,2,toy4_gpu_core_neural_output_average_batched_1024_cpu_repeat01,0,neural_policy,output_average,initial_step_result,0.010581018985249102
toy4,neural_output_average,batched,batched,cpu,1024,3,9,1,1,2,toy4_gpu_core_neural_output_average_batched_1024_cpu_repeat01,0,neural_policy,output_average,initial_aggregate_row,0.032303011044859886
toy4,neural_output_average,batched,batched,cpu,1024,3,9,1,1,2,toy4_gpu_core_neural_output_average_batched_1024_cpu_repeat01,0,neural_policy,output_average,write_initial_aggregate,0.00012582691852003336
toy4,neural_output_average,batched,batched,cpu,1024,3,9,1,1,2,toy4_gpu_core_neural_output_average_batched_1024_cpu_repeat01,1,neural_policy,output_average,sample_revision_mask,3.528594970703125e-05
toy4,neural_output_average,batched,batched,cpu,1024,3,9,1,1,2,toy4_gpu_core_neural_output_average_batched_1024_cpu_repeat01,1,neural_policy,output_average,build_step_context,1.6230973415076733e-05
toy4,neural_output_average,batched,batched,cpu,1024,3,9,1,1,2,toy4_gpu_core_neural_output_average_batched_1024_cpu_repeat01,1,neural_policy,output_average,build_observations,0.009646096033975482
toy4,neural_output_average,batched,batched,cpu,1024,3,9,1,1,2,toy4_gpu_core_neural_output_average_batched_1024_cpu_repeat01,1,neural_policy,output_average,policy_readout,0.000891090021468699
toy4,neural_output_average,batched,batched,cpu,1024,3,9,1,1,2,toy4_gpu_core_neural_output_average_batched_1024_cpu_repeat01,1,neural_policy,output_average,decision_selection,0.006509761908091605
toy4,neural_output_average,batched,batched,cpu,1024,3,9,1,1,2,toy4_gpu_core_neural_output_average_batched_1024_cpu_repeat01,1,neural_policy,output_average,local_trainable_parameters,0.0003298519877716899
toy4,neural_output_average,batched,batched,cpu,1024,3,9,1,1,2,toy4_gpu_core_neural_output_average_batched_1024_cpu_repeat01,1,neural_policy,output_average,local_loss_forward,0.00124636001419276
toy4,neural_output_average,batched,batched,cpu,1024,3,9,1,1,2,toy4_gpu_core_neural_output_average_batched_1024_cpu_repeat01,1,neural_policy,output_average,local_optimizer_update,0.025366703979671
toy4,neural_output_average,batched,batched,cpu,1024,3,9,1,1,2,toy4_gpu_core_neural_output_average_batched_1024_cpu_repeat01,1,neural_policy,output_average,local_loss_update,0.08976125402841717
toy4,neural_output_average,batched,batched,cpu,1024,3,9,1,1,2,toy4_gpu_core_neural_output_average_batched_1024_cpu_repeat01,1,neural_policy,output_average,local_training,0.09011488198302686
toy4,neural_output_average,batched,batched,cpu,1024,3,9,1,1,2,toy4_gpu_core_neural_output_average_batched_1024_cpu_repeat01,1,neural_policy,output_average,cache_refresh,1.1741998605430126e-05
toy4,neural_output_average,batched,batched,cpu,1024,3,9,1,1,2,toy4_gpu_core_neural_output_average_batched_1024_cpu_repeat01,1,neural_policy,output_average,post_local_readout,0.0005002729594707489
toy4,neural_output_average,batched,batched,cpu,1024,3,9,1,1,2,toy4_gpu_core_neural_output_average_batched_1024_cpu_repeat01,1,neural_policy,output_average,local_step,0.10821790096815675
toy4,neural_output_average,batched,batched,cpu,1024,3,9,1,1,2,toy4_gpu_core_neural_output_average_batched_1024_cpu_repeat01,1,neural_policy,output_average,select_peers,6.073503755033016e-05
toy4,neural_output_average,batched,batched,cpu,1024,3,9,1,1,2,toy4_gpu_core_neural_output_average_batched_1024_cpu_repeat01,1,neural_policy,output_average,social_trainable_parameters,0.00016237609088420868
toy4,neural_output_average,batched,batched,cpu,1024,3,9,1,1,2,toy4_gpu_core_neural_output_average_batched_1024_cpu_repeat01,1,neural_policy,output_average,social_mix,0.0004304019967094064
toy4,neural_output_average,batched,batched,cpu,1024,3,9,1,1,2,toy4_gpu_core_neural_output_average_batched_1024_cpu_repeat01,1,neural_policy,output_average,social_loss_forward,0.0003524851053953171
toy4,neural_output_average,batched,batched,cpu,1024,3,9,1,1,2,toy4_gpu_core_neural_output_average_batched_1024_cpu_repeat01,1,neural_policy,output_average,social_optimizer_update,0.04581161797977984
toy4,neural_output_average,batched,batched,cpu,1024,3,9,1,1,2,toy4_gpu_core_neural_output_average_batched_1024_cpu_repeat01,1,neural_policy,output_average,social_loss_update,0.04666356404777616
toy4,neural_output_average,batched,batched,cpu,1024,3,9,1,1,2,toy4_gpu_core_neural_output_average_batched_1024_cpu_repeat01,1,neural_policy,output_average,social_distillation,0.04721260804217309
toy4,neural_output_average,batched,batched,cpu,1024,3,9,1,1,2,toy4_gpu_core_neural_output_average_batched_1024_cpu_repeat01,1,neural_policy,output_average,social_step,0.04722348996438086
toy4,neural_output_average,batched,batched,cpu,1024,3,9,1,1,2,toy4_gpu_core_neural_output_average_batched_1024_cpu_repeat01,1,neural_policy,output_average,sample_actions,1.1220108717679977e-06
toy4,neural_output_average,batched,batched,cpu,1024,3,9,1,1,2,toy4_gpu_core_neural_output_average_batched_1024_cpu_repeat01,1,neural_policy,output_average,commit_actions,7.8550074249506e-06
toy4,neural_output_average,batched,batched,cpu,1024,3,9,1,1,2,toy4_gpu_core_neural_output_average_batched_1024_cpu_repeat01,1,neural_policy,output_average,post_step_state_policy,2.268305979669094e-05
toy4,neural_output_average,batched,batched,cpu,1024,3,9,1,1,2,toy4_gpu_core_neural_output_average_batched_1024_cpu_repeat01,1,neural_policy,output_average,update_payoff_ema,3.491598181426525e-05
toy4,neural_output_average,batched,batched,cpu,1024,3,9,1,1,2,toy4_gpu_core_neural_output_average_batched_1024_cpu_repeat01,1,neural_policy,output_average,update_reputation_ema,1.4737946912646294e-05
toy4,neural_output_average,batched,batched,cpu,1024,3,9,1,1,2,toy4_gpu_core_neural_output_average_batched_1024_cpu_repeat01,1,neural_policy,output_average,mobility_swaps,1.85349490493536e-05
toy4,neural_output_average,batched,batched,cpu,1024,3,9,1,1,2,toy4_gpu_core_neural_output_average_batched_1024_cpu_repeat01,1,neural_policy,output_average,finalize_hook_step,1.0319054126739502e-05
toy4,neural_output_average,batched,batched,cpu,1024,3,9,1,1,2,toy4_gpu_core_neural_output_average_batched_1024_cpu_repeat01,1,neural_policy,output_average,hooked_step_total,0.15657011792063713
toy4,neural_output_average,batched,batched,cpu,1024,3,9,1,1,2,toy4_gpu_core_neural_output_average_batched_1024_cpu_repeat01,1,neural_policy,output_average,aggregate_row,0.02462895296048373
toy4,neural_output_average,batched,batched,cpu,1024,3,9,1,1,2,toy4_gpu_core_neural_output_average_batched_1024_cpu_repeat01,1,neural_policy,output_average,write_aggregate,8.305604569613934e-05
toy4,neural_output_average,batched,batched,cpu,1024,3,9,1,1,2,toy4_gpu_core_neural_output_average_batched_1024_cpu_repeat01,2,neural_policy,output_average,sample_revision_mask,2.479704562574625e-05
toy4,neural_output_average,batched,batched,cpu,1024,3,9,1,1,2,toy4_gpu_core_neural_output_average_batched_1024_cpu_repeat01,2,neural_policy,output_average,build_step_context,5.770940333604813e-06
toy4,neural_output_average,batched,batched,cpu,1024,3,9,1,1,2,toy4_gpu_core_neural_output_average_batched_1024_cpu_repeat01,2,neural_policy,output_average,build_observations,0.007874424918554723
toy4,neural_output_average,batched,batched,cpu,1024,3,9,1,1,2,toy4_gpu_core_neural_output_average_batched_1024_cpu_repeat01,2,neural_policy,output_average,policy_readout,0.0004845439689233899
toy4,neural_output_average,batched,batched,cpu,1024,3,9,1,1,2,toy4_gpu_core_neural_output_average_batched_1024_cpu_repeat01,2,neural_policy,output_average,decision_selection,0.0066337460884824395
toy4,neural_output_average,batched,batched,cpu,1024,3,9,1,1,2,toy4_gpu_core_neural_output_average_batched_1024_cpu_repeat01,2,neural_policy,output_average,local_trainable_parameters,0.000273174955509603
toy4,neural_output_average,batched,batched,cpu,1024,3,9,1,1,2,toy4_gpu_core_neural_output_average_batched_1024_cpu_repeat01,2,neural_policy,output_average,local_loss_forward,0.0005204119952395558
toy4,neural_output_average,batched,batched,cpu,1024,3,9,1,1,2,toy4_gpu_core_neural_output_average_batched_1024_cpu_repeat01,2,neural_policy,output_average,local_optimizer_update,0.022250439040362835
toy4,neural_output_average,batched,batched,cpu,1024,3,9,1,1,2,toy4_gpu_core_neural_output_average_batched_1024_cpu_repeat01,2,neural_policy,output_average,local_loss_update,0.022961417911574244
toy4,neural_output_average,batched,batched,cpu,1024,3,9,1,1,2,toy4_gpu_core_neural_output_average_batched_1024_cpu_repeat01,2,neural_policy,output_average,local_training,0.023256874992512167
toy4,neural_output_average,batched,batched,cpu,1024,3,9,1,1,2,toy4_gpu_core_neural_output_average_batched_1024_cpu_repeat01,2,neural_policy,output_average,cache_refresh,1.583993434906006e-05
toy4,neural_output_average,batched,batched,cpu,1024,3,9,1,1,2,toy4_gpu_core_neural_output_average_batched_1024_cpu_repeat01,2,neural_policy,output_average,post_local_readout,0.0007273820228874683
toy4,neural_output_average,batched,batched,cpu,1024,3,9,1,1,2,toy4_gpu_core_neural_output_average_batched_1024_cpu_repeat01,2,neural_policy,output_average,local_step,0.03951931500341743
toy4,neural_output_average,batched,batched,cpu,1024,3,9,1,1,2,toy4_gpu_core_neural_output_average_batched_1024_cpu_repeat01,2,neural_policy,output_average,select_peers,8.51210206747055e-05
toy4,neural_output_average,batched,batched,cpu,1024,3,9,1,1,2,toy4_gpu_core_neural_output_average_batched_1024_cpu_repeat01,2,neural_policy,output_average,social_trainable_parameters,0.00032948097214102745
toy4,neural_output_average,batched,batched,cpu,1024,3,9,1,1,2,toy4_gpu_core_neural_output_average_batched_1024_cpu_repeat01,2,neural_policy,output_average,social_mix,0.0008831750601530075
toy4,neural_output_average,batched,batched,cpu,1024,3,9,1,1,2,toy4_gpu_core_neural_output_average_batched_1024_cpu_repeat01,2,neural_policy,output_average,social_loss_forward,0.0007308679632842541
toy4,neural_output_average,batched,batched,cpu,1024,3,9,1,1,2,toy4_gpu_core_neural_output_average_batched_1024_cpu_repeat01,2,neural_policy,output_average,social_optimizer_update,0.05127948604058474
toy4,neural_output_average,batched,batched,cpu,1024,3,9,1,1,2,toy4_gpu_core_neural_output_average_batched_1024_cpu_repeat01,2,neural_policy,output_average,social_loss_update,0.05300364596769214
toy4,neural_output_average,batched,batched,cpu,1024,3,9,1,1,2,toy4_gpu_core_neural_output_average_batched_1024_cpu_repeat01,2,neural_policy,output_average,social_distillation,0.05413186410441995
toy4,neural_output_average,batched,batched,cpu,1024,3,9,1,1,2,toy4_gpu_core_neural_output_average_batched_1024_cpu_repeat01,2,neural_policy,output_average,social_step,0.05414868495427072
toy4,neural_output_average,batched,batched,cpu,1024,3,9,1,1,2,toy4_gpu_core_neural_output_average_batched_1024_cpu_repeat01,2,neural_policy,output_average,sample_actions,1.1320225894451141e-06
toy4,neural_output_average,batched,batched,cpu,1024,3,9,1,1,2,toy4_gpu_core_neural_output_average_batched_1024_cpu_repeat01,2,neural_policy,output_average,commit_actions,6.021000444889069e-06
toy4,neural_output_average,batched,batched,cpu,1024,3,9,1,1,2,toy4_gpu_core_neural_output_average_batched_1024_cpu_repeat01,2,neural_policy,output_average,post_step_state_policy,2.9485905542969704e-05
toy4,neural_output_average,batched,batched,cpu,1024,3,9,1,1,2,toy4_gpu_core_neural_output_average_batched_1024_cpu_repeat01,2,neural_policy,output_average,update_payoff_ema,3.449490759521723e-05
toy4,neural_output_average,batched,batched,cpu,1024,3,9,1,1,2,toy4_gpu_core_neural_output_average_batched_1024_cpu_repeat01,2,neural_policy,output_average,update_reputation_ema,1.5117926523089409e-05
toy4,neural_output_average,batched,batched,cpu,1024,3,9,1,1,2,toy4_gpu_core_neural_output_average_batched_1024_cpu_repeat01,2,neural_policy,output_average,mobility_swaps,2.566794864833355e-05
toy4,neural_output_average,batched,batched,cpu,1024,3,9,1,1,2,toy4_gpu_core_neural_output_average_batched_1024_cpu_repeat01,2,neural_policy,output_average,finalize_hook_step,1.1560972779989243e-05
toy4,neural_output_average,batched,batched,cpu,1024,3,9,1,1,2,toy4_gpu_core_neural_output_average_batched_1024_cpu_repeat01,2,neural_policy,output_average,hooked_step_total,0.09508462098892778
toy4,neural_output_average,batched,batched,cpu,1024,3,9,1,1,2,toy4_gpu_core_neural_output_average_batched_1024_cpu_repeat01,2,neural_policy,output_average,aggregate_row,0.026874025003053248
toy4,neural_output_average,batched,batched,cpu,1024,3,9,1,1,2,toy4_gpu_core_neural_output_average_batched_1024_cpu_repeat01,2,neural_policy,output_average,write_aggregate,6.883998867124319e-05
toy4,neural_output_average,batched,batched,cpu,1024,3,9,1,1,2,toy4_gpu_core_neural_output_average_batched_1024_cpu_repeat01,3,neural_policy,output_average,sample_revision_mask,1.8185004591941833e-05
toy4,neural_output_average,batched,batched,cpu,1024,3,9,1,1,2,toy4_gpu_core_neural_output_average_batched_1024_cpu_repeat01,3,neural_policy,output_average,build_step_context,6.101094186306e-06
toy4,neural_output_average,batched,batched,cpu,1024,3,9,1,1,2,toy4_gpu_core_neural_output_average_batched_1024_cpu_repeat01,3,neural_policy,output_average,build_observations,0.007856110925786197
toy4,neural_output_average,batched,batched,cpu,1024,3,9,1,1,2,toy4_gpu_core_neural_output_average_batched_1024_cpu_repeat01,3,neural_policy,output_average,policy_readout,0.0007748110219836235
toy4,neural_output_average,batched,batched,cpu,1024,3,9,1,1,2,toy4_gpu_core_neural_output_average_batched_1024_cpu_repeat01,3,neural_policy,output_average,decision_selection,0.006564134964719415
toy4,neural_output_average,batched,batched,cpu,1024,3,9,1,1,2,toy4_gpu_core_neural_output_average_batched_1024_cpu_repeat01,3,neural_policy,output_average,local_trainable_parameters,0.0006441939622163773
toy4,neural_output_average,batched,batched,cpu,1024,3,9,1,1,2,toy4_gpu_core_neural_output_average_batched_1024_cpu_repeat01,3,neural_policy,output_average,local_loss_forward,0.0007606440922245383
toy4,neural_output_average,batched,batched,cpu,1024,3,9,1,1,2,toy4_gpu_core_neural_output_average_batched_1024_cpu_repeat01,3,neural_policy,output_average,local_optimizer_update,0.031107276096008718
toy4,neural_output_average,batched,batched,cpu,1024,3,9,1,1,2,toy4_gpu_core_neural_output_average_batched_1024_cpu_repeat01,3,neural_policy,output_average,local_loss_update,0.03204289998393506
toy4,neural_output_average,batched,batched,cpu,1024,3,9,1,1,2,toy4_gpu_core_neural_output_average_batched_1024_cpu_repeat01,3,neural_policy,output_average,local_training,0.032713863998651505
toy4,neural_output_average,batched,batched,cpu,1024,3,9,1,1,2,toy4_gpu_core_neural_output_average_batched_1024_cpu_repeat01,3,neural_policy,output_average,cache_refresh,9.597977623343468e-06
toy4,neural_output_average,batched,batched,cpu,1024,3,9,1,1,2,toy4_gpu_core_neural_output_average_batched_1024_cpu_repeat01,3,neural_policy,output_average,post_local_readout,0.0004019179614260793
toy4,neural_output_average,batched,batched,cpu,1024,3,9,1,1,2,toy4_gpu_core_neural_output_average_batched_1024_cpu_repeat01,3,neural_policy,output_average,local_step,0.04866837302688509
toy4,neural_output_average,batched,batched,cpu,1024,3,9,1,1,2,toy4_gpu_core_neural_output_average_batched_1024_cpu_repeat01,3,neural_policy,output_average,select_peers,6.234808824956417e-05
toy4,neural_output_average,batched,batched,cpu,1024,3,9,1,1,2,toy4_gpu_core_neural_output_average_batched_1024_cpu_repeat01,3,neural_policy,output_average,social_trainable_parameters,0.00023603509180247784
toy4,neural_output_average,batched,batched,cpu,1024,3,9,1,1,2,toy4_gpu_core_neural_output_average_batched_1024_cpu_repeat01,3,neural_policy,output_average,social_mix,0.0004815279971808195
toy4,neural_output_average,batched,batched,cpu,1024,3,9,1,1,2,toy4_gpu_core_neural_output_average_batched_1024_cpu_repeat01,3,neural_policy,output_average,social_loss_forward,0.00036343501415103674
toy4,neural_output_average,batched,batched,cpu,1024,3,9,1,1,2,toy4_gpu_core_neural_output_average_batched_1024_cpu_repeat01,3,neural_policy,output_average,social_optimizer_update,0.048712476971559227
toy4,neural_output_average,batched,batched,cpu,1024,3,9,1,1,2,toy4_gpu_core_neural_output_average_batched_1024_cpu_repeat01,3,neural_policy,output_average,social_loss_update,0.04964975395705551
toy4,neural_output_average,batched,batched,cpu,1024,3,9,1,1,2,toy4_gpu_core_neural_output_average_batched_1024_cpu_repeat01,3,neural_policy,output_average,social_distillation,0.05050750996451825
toy4,neural_output_average,batched,batched,cpu,1024,3,9,1,1,2,toy4_gpu_core_neural_output_average_batched_1024_cpu_repeat01,3,neural_policy,output_average,social_step,0.05051901296246797
toy4,neural_output_average,batched,batched,cpu,1024,3,9,1,1,2,toy4_gpu_core_neural_output_average_batched_1024_cpu_repeat01,3,neural_policy,output_average,sample_actions,1.0719522833824158e-06
toy4,neural_output_average,batched,batched,cpu,1024,3,9,1,1,2,toy4_gpu_core_neural_output_average_batched_1024_cpu_repeat01,3,neural_policy,output_average,commit_actions,4.588044248521328e-06
toy4,neural_output_average,batched,batched,cpu,1024,3,9,1,1,2,toy4_gpu_core_neural_output_average_batched_1024_cpu_repeat01,3,neural_policy,output_average,post_step_state_policy,2.7892994694411755e-05
toy4,neural_output_average,batched,batched,cpu,1024,3,9,1,1,2,toy4_gpu_core_neural_output_average_batched_1024_cpu_repeat01,3,neural_policy,output_average,update_payoff_ema,3.427499905228615e-05
toy4,neural_output_average,batched,batched,cpu,1024,3,9,1,1,2,toy4_gpu_core_neural_output_average_batched_1024_cpu_repeat01,3,neural_policy,output_average,update_reputation_ema,1.4206045307219028e-05
toy4,neural_output_average,batched,batched,cpu,1024,3,9,1,1,2,toy4_gpu_core_neural_output_average_batched_1024_cpu_repeat01,3,neural_policy,output_average,mobility_swaps,2.35650222748518e-05
toy4,neural_output_average,batched,batched,cpu,1024,3,9,1,1,2,toy4_gpu_core_neural_output_average_batched_1024_cpu_repeat01,3,neural_policy,output_average,finalize_hook_step,1.1380994692444801e-05
toy4,neural_output_average,batched,batched,cpu,1024,3,9,1,1,2,toy4_gpu_core_neural_output_average_batched_1024_cpu_repeat01,3,neural_policy,output_average,hooked_step_total,0.10037717898376286
toy4,neural_output_average,batched,batched,cpu,1024,3,9,1,1,2,toy4_gpu_core_neural_output_average_batched_1024_cpu_repeat01,3,neural_policy,output_average,aggregate_row,0.031167107983492315
toy4,neural_output_average,batched,batched,cpu,1024,3,9,1,1,2,toy4_gpu_core_neural_output_average_batched_1024_cpu_repeat01,3,neural_policy,output_average,write_aggregate,8.468003943562508e-05
toy4,neural_output_average,batched,batched,cuda,1024,3,9,0,1,2,toy4_gpu_core_neural_output_average_batched_1024_cuda_repeat00,0,neural_policy,output_average,make_run_dir,0.00031222891993820667
toy4,neural_output_average,batched,batched,cuda,1024,3,9,0,1,2,toy4_gpu_core_neural_output_average_batched_1024_cuda_repeat00,0,neural_policy,output_average,write_metadata,0.0023054860066622496
toy4,neural_output_average,batched,batched,cuda,1024,3,9,0,1,2,toy4_gpu_core_neural_output_average_batched_1024_cuda_repeat00,0,neural_policy,output_average,initial_state,0.7201324619818479
toy4,neural_output_average,batched,batched,cuda,1024,3,9,0,1,2,toy4_gpu_core_neural_output_average_batched_1024_cuda_repeat00,0,neural_policy,output_average,writer_setup,0.0003638860071077943
toy4,neural_output_average,batched,batched,cuda,1024,3,9,0,1,2,toy4_gpu_core_neural_output_average_batched_1024_cuda_repeat00,0,neural_policy,output_average,initial_step_result,0.009070069994777441
toy4,neural_output_average,batched,batched,cuda,1024,3,9,0,1,2,toy4_gpu_core_neural_output_average_batched_1024_cuda_repeat00,0,neural_policy,output_average,initial_aggregate_row,0.0259935479843989
toy4,neural_output_average,batched,batched,cuda,1024,3,9,0,1,2,toy4_gpu_core_neural_output_average_batched_1024_cuda_repeat00,0,neural_policy,output_average,write_initial_aggregate,7.595296483486891e-05
toy4,neural_output_average,batched,batched,cuda,1024,3,9,0,1,2,toy4_gpu_core_neural_output_average_batched_1024_cuda_repeat00,1,neural_policy,output_average,sample_revision_mask,2.855400089174509e-05
toy4,neural_output_average,batched,batched,cuda,1024,3,9,0,1,2,toy4_gpu_core_neural_output_average_batched_1024_cuda_repeat00,1,neural_policy,output_average,build_step_context,1.1421972885727882e-05
toy4,neural_output_average,batched,batched,cuda,1024,3,9,0,1,2,toy4_gpu_core_neural_output_average_batched_1024_cuda_repeat00,1,neural_policy,output_average,build_observations,0.007740673027001321
toy4,neural_output_average,batched,batched,cuda,1024,3,9,0,1,2,toy4_gpu_core_neural_output_average_batched_1024_cuda_repeat00,1,neural_policy,output_average,policy_readout,0.0006169730331748724
toy4,neural_output_average,batched,batched,cuda,1024,3,9,0,1,2,toy4_gpu_core_neural_output_average_batched_1024_cuda_repeat00,1,neural_policy,output_average,decision_selection,0.004807444056496024
toy4,neural_output_average,batched,batched,cuda,1024,3,9,0,1,2,toy4_gpu_core_neural_output_average_batched_1024_cuda_repeat00,1,neural_policy,output_average,local_trainable_parameters,9.019998833537102e-05
toy4,neural_output_average,batched,batched,cuda,1024,3,9,0,1,2,toy4_gpu_core_neural_output_average_batched_1024_cuda_repeat00,1,neural_policy,output_average,local_loss_forward,0.002327539026737213
toy4,neural_output_average,batched,batched,cuda,1024,3,9,0,1,2,toy4_gpu_core_neural_output_average_batched_1024_cuda_repeat00,1,neural_policy,output_average,local_optimizer_update,0.020098132081329823
toy4,neural_output_average,batched,batched,cuda,1024,3,9,0,1,2,toy4_gpu_core_neural_output_average_batched_1024_cuda_repeat00,1,neural_policy,output_average,local_loss_update,0.18586254806723446
toy4,neural_output_average,batched,batched,cuda,1024,3,9,0,1,2,toy4_gpu_core_neural_output_average_batched_1024_cuda_repeat00,1,neural_policy,output_average,local_training,0.18599550798535347
toy4,neural_output_average,batched,batched,cuda,1024,3,9,0,1,2,toy4_gpu_core_neural_output_average_batched_1024_cuda_repeat00,1,neural_policy,output_average,cache_refresh,1.7162063159048557e-05
toy4,neural_output_average,batched,batched,cuda,1024,3,9,0,1,2,toy4_gpu_core_neural_output_average_batched_1024_cuda_repeat00,1,neural_policy,output_average,post_local_readout,0.00026377791073173285
toy4,neural_output_average,batched,batched,cuda,1024,3,9,0,1,2,toy4_gpu_core_neural_output_average_batched_1024_cuda_repeat00,1,neural_policy,output_average,local_step,0.2000450169434771
toy4,neural_output_average,batched,batched,cuda,1024,3,9,0,1,2,toy4_gpu_core_neural_output_average_batched_1024_cuda_repeat00,1,neural_policy,output_average,select_peers,0.00012215995229780674
toy4,neural_output_average,batched,batched,cuda,1024,3,9,0,1,2,toy4_gpu_core_neural_output_average_batched_1024_cuda_repeat00,1,neural_policy,output_average,social_trainable_parameters,6.297894287854433e-05
toy4,neural_output_average,batched,batched,cuda,1024,3,9,0,1,2,toy4_gpu_core_neural_output_average_batched_1024_cuda_repeat00,1,neural_policy,output_average,social_mix,0.0005486540030688047
toy4,neural_output_average,batched,batched,cuda,1024,3,9,0,1,2,toy4_gpu_core_neural_output_average_batched_1024_cuda_repeat00,1,neural_policy,output_average,social_loss_forward,0.0002201650058850646
toy4,neural_output_average,batched,batched,cuda,1024,3,9,0,1,2,toy4_gpu_core_neural_output_average_batched_1024_cuda_repeat00,1,neural_policy,output_average,social_optimizer_update,0.07551320898346603
toy4,neural_output_average,batched,batched,cuda,1024,3,9,0,1,2,toy4_gpu_core_neural_output_average_batched_1024_cuda_repeat00,1,neural_policy,output_average,social_loss_update,0.07640760601498187
toy4,neural_output_average,batched,batched,cuda,1024,3,9,0,1,2,toy4_gpu_core_neural_output_average_batched_1024_cuda_repeat00,1,neural_policy,output_average,social_distillation,0.07729581999592483
toy4,neural_output_average,batched,batched,cuda,1024,3,9,0,1,2,toy4_gpu_core_neural_output_average_batched_1024_cuda_repeat00,1,neural_policy,output_average,social_step,0.07732224010396749
toy4,neural_output_average,batched,batched,cuda,1024,3,9,0,1,2,toy4_gpu_core_neural_output_average_batched_1024_cuda_repeat00,1,neural_policy,output_average,sample_actions,7.44406133890152e-06
toy4,neural_output_average,batched,batched,cuda,1024,3,9,0,1,2,toy4_gpu_core_neural_output_average_batched_1024_cuda_repeat00,1,neural_policy,output_average,commit_actions,1.0939897038042545e-05
toy4,neural_output_average,batched,batched,cuda,1024,3,9,0,1,2,toy4_gpu_core_neural_output_average_batched_1024_cuda_repeat00,1,neural_policy,output_average,post_step_state_policy,3.1137955375015736e-05
toy4,neural_output_average,batched,batched,cuda,1024,3,9,0,1,2,toy4_gpu_core_neural_output_average_batched_1024_cuda_repeat00,1,neural_policy,output_average,update_payoff_ema,0.00010066002141684294
toy4,neural_output_average,batched,batched,cuda,1024,3,9,0,1,2,toy4_gpu_core_neural_output_average_batched_1024_cuda_repeat00,1,neural_policy,output_average,update_reputation_ema,2.6669935323297977e-05
toy4,neural_output_average,batched,batched,cuda,1024,3,9,0,1,2,toy4_gpu_core_neural_output_average_batched_1024_cuda_repeat00,1,neural_policy,output_average,mobility_swaps,3.699003718793392e-05
toy4,neural_output_average,batched,batched,cuda,1024,3,9,0,1,2,toy4_gpu_core_neural_output_average_batched_1024_cuda_repeat00,1,neural_policy,output_average,finalize_hook_step,2.056802622973919e-05
toy4,neural_output_average,batched,batched,cuda,1024,3,9,0,1,2,toy4_gpu_core_neural_output_average_batched_1024_cuda_repeat00,1,neural_policy,output_average,hooked_step_total,0.2790165760088712
toy4,neural_output_average,batched,batched,cuda,1024,3,9,0,1,2,toy4_gpu_core_neural_output_average_batched_1024_cuda_repeat00,1,neural_policy,output_average,aggregate_row,0.025779925053939223
toy4,neural_output_average,batched,batched,cuda,1024,3,9,0,1,2,toy4_gpu_core_neural_output_average_batched_1024_cuda_repeat00,1,neural_policy,output_average,write_aggregate,7.037189789116383e-05
toy4,neural_output_average,batched,batched,cuda,1024,3,9,0,1,2,toy4_gpu_core_neural_output_average_batched_1024_cuda_repeat00,2,neural_policy,output_average,sample_revision_mask,2.7421978302299976e-05
toy4,neural_output_average,batched,batched,cuda,1024,3,9,0,1,2,toy4_gpu_core_neural_output_average_batched_1024_cuda_repeat00,2,neural_policy,output_average,build_step_context,1.1241063475608826e-05
toy4,neural_output_average,batched,batched,cuda,1024,3,9,0,1,2,toy4_gpu_core_neural_output_average_batched_1024_cuda_repeat00,2,neural_policy,output_average,build_observations,0.007996656000614166
toy4,neural_output_average,batched,batched,cuda,1024,3,9,0,1,2,toy4_gpu_core_neural_output_average_batched_1024_cuda_repeat00,2,neural_policy,output_average,policy_readout,0.0008254860294982791
toy4,neural_output_average,batched,batched,cuda,1024,3,9,0,1,2,toy4_gpu_core_neural_output_average_batched_1024_cuda_repeat00,2,neural_policy,output_average,decision_selection,0.005466075032018125
toy4,neural_output_average,batched,batched,cuda,1024,3,9,0,1,2,toy4_gpu_core_neural_output_average_batched_1024_cuda_repeat00,2,neural_policy,output_average,local_trainable_parameters,0.00012330198660492897
toy4,neural_output_average,batched,batched,cuda,1024,3,9,0,1,2,toy4_gpu_core_neural_output_average_batched_1024_cuda_repeat00,2,neural_policy,output_average,local_loss_forward,0.0007277120603248477
toy4,neural_output_average,batched,batched,cuda,1024,3,9,0,1,2,toy4_gpu_core_neural_output_average_batched_1024_cuda_repeat00,2,neural_policy,output_average,local_optimizer_update,0.022137627005577087
toy4,neural_output_average,batched,batched,cuda,1024,3,9,0,1,2,toy4_gpu_core_neural_output_average_batched_1024_cuda_repeat00,2,neural_policy,output_average,local_loss_update,0.023084332002326846
toy4,neural_output_average,batched,batched,cuda,1024,3,9,0,1,2,toy4_gpu_core_neural_output_average_batched_1024_cuda_repeat00,2,neural_policy,output_average,local_training,0.023265192983672023
toy4,neural_output_average,batched,batched,cuda,1024,3,9,0,1,2,toy4_gpu_core_neural_output_average_batched_1024_cuda_repeat00,2,neural_policy,output_average,cache_refresh,1.90959544852376e-05
toy4,neural_output_average,batched,batched,cuda,1024,3,9,0,1,2,toy4_gpu_core_neural_output_average_batched_1024_cuda_repeat00,2,neural_policy,output_average,post_local_readout,0.001323856064118445
toy4,neural_output_average,batched,batched,cuda,1024,3,9,0,1,2,toy4_gpu_core_neural_output_average_batched_1024_cuda_repeat00,2,neural_policy,output_average,local_step,0.040527469012886286
toy4,neural_output_average,batched,batched,cuda,1024,3,9,0,1,2,toy4_gpu_core_neural_output_average_batched_1024_cuda_repeat00,2,neural_policy,output_average,select_peers,0.0001250560162588954
toy4,neural_output_average,batched,batched,cuda,1024,3,9,0,1,2,toy4_gpu_core_neural_output_average_batched_1024_cuda_repeat00,2,neural_policy,output_average,social_trainable_parameters,6.668490823358297e-05
toy4,neural_output_average,batched,batched,cuda,1024,3,9,0,1,2,toy4_gpu_core_neural_output_average_batched_1024_cuda_repeat00,2,neural_policy,output_average,social_mix,0.0006437739357352257
toy4,neural_output_average,batched,batched,cuda,1024,3,9,0,1,2,toy4_gpu_core_neural_output_average_batched_1024_cuda_repeat00,2,neural_policy,output_average,social_loss_forward,0.0002560130087658763
toy4,neural_output_average,batched,batched,cuda,1024,3,9,0,1,2,toy4_gpu_core_neural_output_average_batched_1024_cuda_repeat00,2,neural_policy,output_average,social_optimizer_update,0.0754732940113172
toy4,neural_output_average,batched,batched,cuda,1024,3,9,0,1,2,toy4_gpu_core_neural_output_average_batched_1024_cuda_repeat00,2,neural_policy,output_average,social_loss_update,0.07656114490237087
toy4,neural_output_average,batched,batched,cuda,1024,3,9,0,1,2,toy4_gpu_core_neural_output_average_batched_1024_cuda_repeat00,2,neural_policy,output_average,social_distillation,0.07769366004504263
toy4,neural_output_average,batched,batched,cuda,1024,3,9,0,1,2,toy4_gpu_core_neural_output_average_batched_1024_cuda_repeat00,2,neural_policy,output_average,social_step,0.07772560999728739
toy4,neural_output_average,batched,batched,cuda,1024,3,9,0,1,2,toy4_gpu_core_neural_output_average_batched_1024_cuda_repeat00,2,neural_policy,output_average,sample_actions,7.73498322814703e-06
toy4,neural_output_average,batched,batched,cuda,1024,3,9,0,1,2,toy4_gpu_core_neural_output_average_batched_1024_cuda_repeat00,2,neural_policy,output_average,commit_actions,1.179310493171215e-05
toy4,neural_output_average,batched,batched,cuda,1024,3,9,0,1,2,toy4_gpu_core_neural_output_average_batched_1024_cuda_repeat00,2,neural_policy,output_average,post_step_state_policy,3.400491550564766e-05
toy4,neural_output_average,batched,batched,cuda,1024,3,9,0,1,2,toy4_gpu_core_neural_output_average_batched_1024_cuda_repeat00,2,neural_policy,output_average,update_payoff_ema,3.863207530230284e-05
toy4,neural_output_average,batched,batched,cuda,1024,3,9,0,1,2,toy4_gpu_core_neural_output_average_batched_1024_cuda_repeat00,2,neural_policy,output_average,update_reputation_ema,2.0178034901618958e-05
toy4,neural_output_average,batched,batched,cuda,1024,3,9,0,1,2,toy4_gpu_core_neural_output_average_batched_1024_cuda_repeat00,2,neural_policy,output_average,mobility_swaps,3.8591912016272545e-05
toy4,neural_output_average,batched,batched,cuda,1024,3,9,0,1,2,toy4_gpu_core_neural_output_average_batched_1024_cuda_repeat00,2,neural_policy,output_average,finalize_hook_step,1.970701850950718e-05
toy4,neural_output_average,batched,batched,cuda,1024,3,9,0,1,2,toy4_gpu_core_neural_output_average_batched_1024_cuda_repeat00,2,neural_policy,output_average,hooked_step_total,0.11998732900246978
toy4,neural_output_average,batched,batched,cuda,1024,3,9,0,1,2,toy4_gpu_core_neural_output_average_batched_1024_cuda_repeat00,2,neural_policy,output_average,aggregate_row,0.03142764302901924
toy4,neural_output_average,batched,batched,cuda,1024,3,9,0,1,2,toy4_gpu_core_neural_output_average_batched_1024_cuda_repeat00,2,neural_policy,output_average,write_aggregate,9.387708269059658e-05
toy4,neural_output_average,batched,batched,cuda,1024,3,9,0,1,2,toy4_gpu_core_neural_output_average_batched_1024_cuda_repeat00,3,neural_policy,output_average,sample_revision_mask,3.171002026647329e-05
toy4,neural_output_average,batched,batched,cuda,1024,3,9,0,1,2,toy4_gpu_core_neural_output_average_batched_1024_cuda_repeat00,3,neural_policy,output_average,build_step_context,1.6069971024990082e-05
toy4,neural_output_average,batched,batched,cuda,1024,3,9,0,1,2,toy4_gpu_core_neural_output_average_batched_1024_cuda_repeat00,3,neural_policy,output_average,build_observations,0.00849442498292774
toy4,neural_output_average,batched,batched,cuda,1024,3,9,0,1,2,toy4_gpu_core_neural_output_average_batched_1024_cuda_repeat00,3,neural_policy,output_average,policy_readout,0.0008653610711917281
toy4,neural_output_average,batched,batched,cuda,1024,3,9,0,1,2,toy4_gpu_core_neural_output_average_batched_1024_cuda_repeat00,3,neural_policy,output_average,decision_selection,0.005139950895681977
toy4,neural_output_average,batched,batched,cuda,1024,3,9,0,1,2,toy4_gpu_core_neural_output_average_batched_1024_cuda_repeat00,3,neural_policy,output_average,local_trainable_parameters,0.00011371495202183723
toy4,neural_output_average,batched,batched,cuda,1024,3,9,0,1,2,toy4_gpu_core_neural_output_average_batched_1024_cuda_repeat00,3,neural_policy,output_average,local_loss_forward,0.0006523099727928638
toy4,neural_output_average,batched,batched,cuda,1024,3,9,0,1,2,toy4_gpu_core_neural_output_average_batched_1024_cuda_repeat00,3,neural_policy,output_average,local_optimizer_update,0.01323709695134312
toy4,neural_output_average,batched,batched,cuda,1024,3,9,0,1,2,toy4_gpu_core_neural_output_average_batched_1024_cuda_repeat00,3,neural_policy,output_average,local_loss_update,0.014019842026755214
toy4,neural_output_average,batched,batched,cuda,1024,3,9,0,1,2,toy4_gpu_core_neural_output_average_batched_1024_cuda_repeat00,3,neural_policy,output_average,local_training,0.014175496064126492
toy4,neural_output_average,batched,batched,cuda,1024,3,9,0,1,2,toy4_gpu_core_neural_output_average_batched_1024_cuda_repeat00,3,neural_policy,output_average,cache_refresh,1.5169032849371433e-05
toy4,neural_output_average,batched,batched,cuda,1024,3,9,0,1,2,toy4_gpu_core_neural_output_average_batched_1024_cuda_repeat00,3,neural_policy,output_average,post_local_readout,0.00019158096984028816
toy4,neural_output_average,batched,batched,cuda,1024,3,9,0,1,2,toy4_gpu_core_neural_output_average_batched_1024_cuda_repeat00,3,neural_policy,output_average,local_step,0.02939646295271814
toy4,neural_output_average,batched,batched,cuda,1024,3,9,0,1,2,toy4_gpu_core_neural_output_average_batched_1024_cuda_repeat00,3,neural_policy,output_average,select_peers,0.00013606692664325237
toy4,neural_output_average,batched,batched,cuda,1024,3,9,0,1,2,toy4_gpu_core_neural_output_average_batched_1024_cuda_repeat00,3,neural_policy,output_average,social_trainable_parameters,5.876098293811083e-05
toy4,neural_output_average,batched,batched,cuda,1024,3,9,0,1,2,toy4_gpu_core_neural_output_average_batched_1024_cuda_repeat00,3,neural_policy,output_average,social_mix,0.0006455680122599006
toy4,neural_output_average,batched,batched,cuda,1024,3,9,0,1,2,toy4_gpu_core_neural_output_average_batched_1024_cuda_repeat00,3,neural_policy,output_average,social_loss_forward,0.00038749107625335455
toy4,neural_output_average,batched,batched,cuda,1024,3,9,0,1,2,toy4_gpu_core_neural_output_average_batched_1024_cuda_repeat00,3,neural_policy,output_average,social_optimizer_update,0.07947002002038062
toy4,neural_output_average,batched,batched,cuda,1024,3,9,0,1,2,toy4_gpu_core_neural_output_average_batched_1024_cuda_repeat00,3,neural_policy,output_average,social_loss_update,0.08063834195490927
toy4,neural_output_average,batched,batched,cuda,1024,3,9,0,1,2,toy4_gpu_core_neural_output_average_batched_1024_cuda_repeat00,3,neural_policy,output_average,social_distillation,0.08167998597491533
toy4,neural_output_average,batched,batched,cuda,1024,3,9,0,1,2,toy4_gpu_core_neural_output_average_batched_1024_cuda_repeat00,3,neural_policy,output_average,social_step,0.0817087609320879
toy4,neural_output_average,batched,batched,cuda,1024,3,9,0,1,2,toy4_gpu_core_neural_output_average_batched_1024_cuda_repeat00,3,neural_policy,output_average,sample_actions,7.784925401210785e-06
toy4,neural_output_average,batched,batched,cuda,1024,3,9,0,1,2,toy4_gpu_core_neural_output_average_batched_1024_cuda_repeat00,3,neural_policy,output_average,commit_actions,1.0300078429281712e-05
toy4,neural_output_average,batched,batched,cuda,1024,3,9,0,1,2,toy4_gpu_core_neural_output_average_batched_1024_cuda_repeat00,3,neural_policy,output_average,post_step_state_policy,2.8003007173538208e-05
toy4,neural_output_average,batched,batched,cuda,1024,3,9,0,1,2,toy4_gpu_core_neural_output_average_batched_1024_cuda_repeat00,3,neural_policy,output_average,update_payoff_ema,3.749097231775522e-05
toy4,neural_output_average,batched,batched,cuda,1024,3,9,0,1,2,toy4_gpu_core_neural_output_average_batched_1024_cuda_repeat00,3,neural_policy,output_average,update_reputation_ema,1.9225990399718285e-05
toy4,neural_output_average,batched,batched,cuda,1024,3,9,0,1,2,toy4_gpu_core_neural_output_average_batched_1024_cuda_repeat00,3,neural_policy,output_average,mobility_swaps,2.7051079086959362e-05
toy4,neural_output_average,batched,batched,cuda,1024,3,9,0,1,2,toy4_gpu_core_neural_output_average_batched_1024_cuda_repeat00,3,neural_policy,output_average,finalize_hook_step,1.612096093595028e-05
toy4,neural_output_average,batched,batched,cuda,1024,3,9,0,1,2,toy4_gpu_core_neural_output_average_batched_1024_cuda_repeat00,3,neural_policy,output_average,hooked_step_total,0.11281994706951082
toy4,neural_output_average,batched,batched,cuda,1024,3,9,0,1,2,toy4_gpu_core_neural_output_average_batched_1024_cuda_repeat00,3,neural_policy,output_average,aggregate_row,0.021021423977799714
toy4,neural_output_average,batched,batched,cuda,1024,3,9,0,1,2,toy4_gpu_core_neural_output_average_batched_1024_cuda_repeat00,3,neural_policy,output_average,write_aggregate,7.419998291879892e-05
toy4,neural_output_average,batched,batched,cuda,1024,3,9,1,1,2,toy4_gpu_core_neural_output_average_batched_1024_cuda_repeat01,0,neural_policy,output_average,make_run_dir,0.00027390592731535435
toy4,neural_output_average,batched,batched,cuda,1024,3,9,1,1,2,toy4_gpu_core_neural_output_average_batched_1024_cuda_repeat01,0,neural_policy,output_average,write_metadata,0.002600593026727438
toy4,neural_output_average,batched,batched,cuda,1024,3,9,1,1,2,toy4_gpu_core_neural_output_average_batched_1024_cuda_repeat01,0,neural_policy,output_average,initial_state,0.7254280979977921
toy4,neural_output_average,batched,batched,cuda,1024,3,9,1,1,2,toy4_gpu_core_neural_output_average_batched_1024_cuda_repeat01,0,neural_policy,output_average,writer_setup,0.00043482996989041567
toy4,neural_output_average,batched,batched,cuda,1024,3,9,1,1,2,toy4_gpu_core_neural_output_average_batched_1024_cuda_repeat01,0,neural_policy,output_average,initial_step_result,0.010439152014441788
toy4,neural_output_average,batched,batched,cuda,1024,3,9,1,1,2,toy4_gpu_core_neural_output_average_batched_1024_cuda_repeat01,0,neural_policy,output_average,initial_aggregate_row,0.035661686095409095
toy4,neural_output_average,batched,batched,cuda,1024,3,9,1,1,2,toy4_gpu_core_neural_output_average_batched_1024_cuda_repeat01,0,neural_policy,output_average,write_initial_aggregate,0.00011325394734740257
toy4,neural_output_average,batched,batched,cuda,1024,3,9,1,1,2,toy4_gpu_core_neural_output_average_batched_1024_cuda_repeat01,1,neural_policy,output_average,sample_revision_mask,5.3149997256696224e-05
toy4,neural_output_average,batched,batched,cuda,1024,3,9,1,1,2,toy4_gpu_core_neural_output_average_batched_1024_cuda_repeat01,1,neural_policy,output_average,build_step_context,1.8554972484707832e-05
toy4,neural_output_average,batched,batched,cuda,1024,3,9,1,1,2,toy4_gpu_core_neural_output_average_batched_1024_cuda_repeat01,1,neural_policy,output_average,build_observations,0.009526500944048166
toy4,neural_output_average,batched,batched,cuda,1024,3,9,1,1,2,toy4_gpu_core_neural_output_average_batched_1024_cuda_repeat01,1,neural_policy,output_average,policy_readout,0.0012654149904847145
toy4,neural_output_average,batched,batched,cuda,1024,3,9,1,1,2,toy4_gpu_core_neural_output_average_batched_1024_cuda_repeat01,1,neural_policy,output_average,decision_selection,0.005326121929101646
toy4,neural_output_average,batched,batched,cuda,1024,3,9,1,1,2,toy4_gpu_core_neural_output_average_batched_1024_cuda_repeat01,1,neural_policy,output_average,local_trainable_parameters,0.00010916602332144976
toy4,neural_output_average,batched,batched,cuda,1024,3,9,1,1,2,toy4_gpu_core_neural_output_average_batched_1024_cuda_repeat01,1,neural_policy,output_average,local_loss_forward,0.002849471988156438
toy4,neural_output_average,batched,batched,cuda,1024,3,9,1,1,2,toy4_gpu_core_neural_output_average_batched_1024_cuda_repeat01,1,neural_policy,output_average,local_optimizer_update,0.022282512043602765
toy4,neural_output_average,batched,batched,cuda,1024,3,9,1,1,2,toy4_gpu_core_neural_output_average_batched_1024_cuda_repeat01,1,neural_policy,output_average,local_loss_update,0.190592149971053
toy4,neural_output_average,batched,batched,cuda,1024,3,9,1,1,2,toy4_gpu_core_neural_output_average_batched_1024_cuda_repeat01,1,neural_policy,output_average,local_training,0.19074998795986176
toy4,neural_output_average,batched,batched,cuda,1024,3,9,1,1,2,toy4_gpu_core_neural_output_average_batched_1024_cuda_repeat01,1,neural_policy,output_average,cache_refresh,2.5809044018387794e-05
toy4,neural_output_average,batched,batched,cuda,1024,3,9,1,1,2,toy4_gpu_core_neural_output_average_batched_1024_cuda_repeat01,1,neural_policy,output_average,post_local_readout,0.00040853105019778013
toy4,neural_output_average,batched,batched,cuda,1024,3,9,1,1,2,toy4_gpu_core_neural_output_average_batched_1024_cuda_repeat01,1,neural_policy,output_average,local_step,0.20838012802414596
toy4,neural_output_average,batched,batched,cuda,1024,3,9,1,1,2,toy4_gpu_core_neural_output_average_batched_1024_cuda_repeat01,1,neural_policy,output_average,select_peers,0.00018977699801325798
toy4,neural_output_average,batched,batched,cuda,1024,3,9,1,1,2,toy4_gpu_core_neural_output_average_batched_1024_cuda_repeat01,1,neural_policy,output_average,social_trainable_parameters,7.110403385013342e-05
toy4,neural_output_average,batched,batched,cuda,1024,3,9,1,1,2,toy4_gpu_core_neural_output_average_batched_1024_cuda_repeat01,1,neural_policy,output_average,social_mix,0.0007129739969968796
toy4,neural_output_average,batched,batched,cuda,1024,3,9,1,1,2,toy4_gpu_core_neural_output_average_batched_1024_cuda_repeat01,1,neural_policy,output_average,social_loss_forward,0.00033818697556853294
toy4,neural_output_average,batched,batched,cuda,1024,3,9,1,1,2,toy4_gpu_core_neural_output_average_batched_1024_cuda_repeat01,1,neural_policy,output_average,social_optimizer_update,0.0788697109092027
toy4,neural_output_average,batched,batched,cuda,1024,3,9,1,1,2,toy4_gpu_core_neural_output_average_batched_1024_cuda_repeat01,1,neural_policy,output_average,social_loss_update,0.0800502470228821
toy4,neural_output_average,batched,batched,cuda,1024,3,9,1,1,2,toy4_gpu_core_neural_output_average_batched_1024_cuda_repeat01,1,neural_policy,output_average,social_distillation,0.08101391396485269
toy4,neural_output_average,batched,batched,cuda,1024,3,9,1,1,2,toy4_gpu_core_neural_output_average_batched_1024_cuda_repeat01,1,neural_policy,output_average,social_step,0.08107405703049153
toy4,neural_output_average,batched,batched,cuda,1024,3,9,1,1,2,toy4_gpu_core_neural_output_average_batched_1024_cuda_repeat01,1,neural_policy,output_average,sample_actions,6.7730434238910675e-06
toy4,neural_output_average,batched,batched,cuda,1024,3,9,1,1,2,toy4_gpu_core_neural_output_average_batched_1024_cuda_repeat01,1,neural_policy,output_average,commit_actions,1.0319985449314117e-05
toy4,neural_output_average,batched,batched,cuda,1024,3,9,1,1,2,toy4_gpu_core_neural_output_average_batched_1024_cuda_repeat01,1,neural_policy,output_average,post_step_state_policy,2.682104241102934e-05
toy4,neural_output_average,batched,batched,cuda,1024,3,9,1,1,2,toy4_gpu_core_neural_output_average_batched_1024_cuda_repeat01,1,neural_policy,output_average,update_payoff_ema,3.55070224031806e-05
toy4,neural_output_average,batched,batched,cuda,1024,3,9,1,1,2,toy4_gpu_core_neural_output_average_batched_1024_cuda_repeat01,1,neural_policy,output_average,update_reputation_ema,1.937698107212782e-05
toy4,neural_output_average,batched,batched,cuda,1024,3,9,1,1,2,toy4_gpu_core_neural_output_average_batched_1024_cuda_repeat01,1,neural_policy,output_average,mobility_swaps,2.5138026103377342e-05
toy4,neural_output_average,batched,batched,cuda,1024,3,9,1,1,2,toy4_gpu_core_neural_output_average_batched_1024_cuda_repeat01,1,neural_policy,output_average,finalize_hook_step,1.4727935194969177e-05
toy4,neural_output_average,batched,batched,cuda,1024,3,9,1,1,2,toy4_gpu_core_neural_output_average_batched_1024_cuda_repeat01,1,neural_policy,output_average,hooked_step_total,0.29123736696783453
toy4,neural_output_average,batched,batched,cuda,1024,3,9,1,1,2,toy4_gpu_core_neural_output_average_batched_1024_cuda_repeat01,1,neural_policy,output_average,aggregate_row,0.024088136036880314
toy4,neural_output_average,batched,batched,cuda,1024,3,9,1,1,2,toy4_gpu_core_neural_output_average_batched_1024_cuda_repeat01,1,neural_policy,output_average,write_aggregate,9.766395669430494e-05
toy4,neural_output_average,batched,batched,cuda,1024,3,9,1,1,2,toy4_gpu_core_neural_output_average_batched_1024_cuda_repeat01,2,neural_policy,output_average,sample_revision_mask,3.0175899155437946e-05
toy4,neural_output_average,batched,batched,cuda,1024,3,9,1,1,2,toy4_gpu_core_neural_output_average_batched_1024_cuda_repeat01,2,neural_policy,output_average,build_step_context,1.0629999451339245e-05
toy4,neural_output_average,batched,batched,cuda,1024,3,9,1,1,2,toy4_gpu_core_neural_output_average_batched_1024_cuda_repeat01,2,neural_policy,output_average,build_observations,0.007999391993507743
toy4,neural_output_average,batched,batched,cuda,1024,3,9,1,1,2,toy4_gpu_core_neural_output_average_batched_1024_cuda_repeat01,2,neural_policy,output_average,policy_readout,0.0011187089839950204
toy4,neural_output_average,batched,batched,cuda,1024,3,9,1,1,2,toy4_gpu_core_neural_output_average_batched_1024_cuda_repeat01,2,neural_policy,output_average,decision_selection,0.005112178041599691
toy4,neural_output_average,batched,batched,cuda,1024,3,9,1,1,2,toy4_gpu_core_neural_output_average_batched_1024_cuda_repeat01,2,neural_policy,output_average,local_trainable_parameters,0.00028197106439620256
toy4,neural_output_average,batched,batched,cuda,1024,3,9,1,1,2,toy4_gpu_core_neural_output_average_batched_1024_cuda_repeat01,2,neural_policy,output_average,local_loss_forward,0.0028529789997264743
toy4,neural_output_average,batched,batched,cuda,1024,3,9,1,1,2,toy4_gpu_core_neural_output_average_batched_1024_cuda_repeat01,2,neural_policy,output_average,local_optimizer_update,0.016626448021270335
toy4,neural_output_average,batched,batched,cuda,1024,3,9,1,1,2,toy4_gpu_core_neural_output_average_batched_1024_cuda_repeat01,2,neural_policy,output_average,local_loss_update,0.019650770002044737
toy4,neural_output_average,batched,batched,cuda,1024,3,9,1,1,2,toy4_gpu_core_neural_output_average_batched_1024_cuda_repeat01,2,neural_policy,output_average,local_training,0.01998679293319583
toy4,neural_output_average,batched,batched,cuda,1024,3,9,1,1,2,toy4_gpu_core_neural_output_average_batched_1024_cuda_repeat01,2,neural_policy,output_average,cache_refresh,1.4005927368998528e-05
toy4,neural_output_average,batched,batched,cuda,1024,3,9,1,1,2,toy4_gpu_core_neural_output_average_batched_1024_cuda_repeat01,2,neural_policy,output_average,post_local_readout,0.00018354598432779312
toy4,neural_output_average,batched,batched,cuda,1024,3,9,1,1,2,toy4_gpu_core_neural_output_average_batched_1024_cuda_repeat01,2,neural_policy,output_average,local_step,0.034914057003334165
toy4,neural_output_average,batched,batched,cuda,1024,3,9,1,1,2,toy4_gpu_core_neural_output_average_batched_1024_cuda_repeat01,2,neural_policy,output_average,select_peers,0.00011323299258947372
toy4,neural_output_average,batched,batched,cuda,1024,3,9,1,1,2,toy4_gpu_core_neural_output_average_batched_1024_cuda_repeat01,2,neural_policy,output_average,social_trainable_parameters,5.583500023931265e-05
toy4,neural_output_average,batched,batched,cuda,1024,3,9,1,1,2,toy4_gpu_core_neural_output_average_batched_1024_cuda_repeat01,2,neural_policy,output_average,social_mix,0.0005087489262223244
toy4,neural_output_average,batched,batched,cuda,1024,3,9,1,1,2,toy4_gpu_core_neural_output_average_batched_1024_cuda_repeat01,2,neural_policy,output_average,social_loss_forward,0.00021016702521592379
toy4,neural_output_average,batched,batched,cuda,1024,3,9,1,1,2,toy4_gpu_core_neural_output_average_batched_1024_cuda_repeat01,2,neural_policy,output_average,social_optimizer_update,0.07871246396098286
toy4,neural_output_average,batched,batched,cuda,1024,3,9,1,1,2,toy4_gpu_core_neural_output_average_batched_1024_cuda_repeat01,2,neural_policy,output_average,social_loss_update,0.0795985950389877
toy4,neural_output_average,batched,batched,cuda,1024,3,9,1,1,2,toy4_gpu_core_neural_output_average_batched_1024_cuda_repeat01,2,neural_policy,output_average,social_distillation,0.08075995498802513
toy4,neural_output_average,batched,batched,cuda,1024,3,9,1,1,2,toy4_gpu_core_neural_output_average_batched_1024_cuda_repeat01,2,neural_policy,output_average,social_step,0.0807911129668355
toy4,neural_output_average,batched,batched,cuda,1024,3,9,1,1,2,toy4_gpu_core_neural_output_average_batched_1024_cuda_repeat01,2,neural_policy,output_average,sample_actions,7.854076102375984e-06
toy4,neural_output_average,batched,batched,cuda,1024,3,9,1,1,2,toy4_gpu_core_neural_output_average_batched_1024_cuda_repeat01,2,neural_policy,output_average,commit_actions,1.1020922102034092e-05
toy4,neural_output_average,batched,batched,cuda,1024,3,9,1,1,2,toy4_gpu_core_neural_output_average_batched_1024_cuda_repeat01,2,neural_policy,output_average,post_step_state_policy,2.9304996132850647e-05
toy4,neural_output_average,batched,batched,cuda,1024,3,9,1,1,2,toy4_gpu_core_neural_output_average_batched_1024_cuda_repeat01,2,neural_policy,output_average,update_payoff_ema,3.718002699315548e-05
toy4,neural_output_average,batched,batched,cuda,1024,3,9,1,1,2,toy4_gpu_core_neural_output_average_batched_1024_cuda_repeat01,2,neural_policy,output_average,update_reputation_ema,2.5067012757062912e-05
toy4,neural_output_average,batched,batched,cuda,1024,3,9,1,1,2,toy4_gpu_core_neural_output_average_batched_1024_cuda_repeat01,2,neural_policy,output_average,mobility_swaps,2.392497844994068e-05
toy4,neural_output_average,batched,batched,cuda,1024,3,9,1,1,2,toy4_gpu_core_neural_output_average_batched_1024_cuda_repeat01,2,neural_policy,output_average,finalize_hook_step,1.4086021110415459e-05
toy4,neural_output_average,batched,batched,cuda,1024,3,9,1,1,2,toy4_gpu_core_neural_output_average_batched_1024_cuda_repeat01,2,neural_policy,output_average,hooked_step_total,0.11727501102723181
toy4,neural_output_average,batched,batched,cuda,1024,3,9,1,1,2,toy4_gpu_core_neural_output_average_batched_1024_cuda_repeat01,2,neural_policy,output_average,aggregate_row,0.02524609910324216
toy4,neural_output_average,batched,batched,cuda,1024,3,9,1,1,2,toy4_gpu_core_neural_output_average_batched_1024_cuda_repeat01,2,neural_policy,output_average,write_aggregate,0.00012032606173306704
toy4,neural_output_average,batched,batched,cuda,1024,3,9,1,1,2,toy4_gpu_core_neural_output_average_batched_1024_cuda_repeat01,3,neural_policy,output_average,sample_revision_mask,6.122596096247435e-05
toy4,neural_output_average,batched,batched,cuda,1024,3,9,1,1,2,toy4_gpu_core_neural_output_average_batched_1024_cuda_repeat01,3,neural_policy,output_average,build_step_context,2.063903957605362e-05
toy4,neural_output_average,batched,batched,cuda,1024,3,9,1,1,2,toy4_gpu_core_neural_output_average_batched_1024_cuda_repeat01,3,neural_policy,output_average,build_observations,0.010101004969328642
toy4,neural_output_average,batched,batched,cuda,1024,3,9,1,1,2,toy4_gpu_core_neural_output_average_batched_1024_cuda_repeat01,3,neural_policy,output_average,policy_readout,0.0010315049439668655
toy4,neural_output_average,batched,batched,cuda,1024,3,9,1,1,2,toy4_gpu_core_neural_output_average_batched_1024_cuda_repeat01,3,neural_policy,output_average,decision_selection,0.005071913008578122
toy4,neural_output_average,batched,batched,cuda,1024,3,9,1,1,2,toy4_gpu_core_neural_output_average_batched_1024_cuda_repeat01,3,neural_policy,output_average,local_trainable_parameters,0.00010210205800831318
toy4,neural_output_average,batched,batched,cuda,1024,3,9,1,1,2,toy4_gpu_core_neural_output_average_batched_1024_cuda_repeat01,3,neural_policy,output_average,local_loss_forward,0.000704418052919209
toy4,neural_output_average,batched,batched,cuda,1024,3,9,1,1,2,toy4_gpu_core_neural_output_average_batched_1024_cuda_repeat01,3,neural_policy,output_average,local_optimizer_update,0.016957361018285155
toy4,neural_output_average,batched,batched,cuda,1024,3,9,1,1,2,toy4_gpu_core_neural_output_average_batched_1024_cuda_repeat01,3,neural_policy,output_average,local_loss_update,0.01780906703788787
toy4,neural_output_average,batched,batched,cuda,1024,3,9,1,1,2,toy4_gpu_core_neural_output_average_batched_1024_cuda_repeat01,3,neural_policy,output_average,local_training,0.01795587397646159
toy4,neural_output_average,batched,batched,cuda,1024,3,9,1,1,2,toy4_gpu_core_neural_output_average_batched_1024_cuda_repeat01,3,neural_policy,output_average,cache_refresh,1.601001713424921e-05
toy4,neural_output_average,batched,batched,cuda,1024,3,9,1,1,2,toy4_gpu_core_neural_output_average_batched_1024_cuda_repeat01,3,neural_policy,output_average,post_local_readout,0.0002057680394500494
toy4,neural_output_average,batched,batched,cuda,1024,3,9,1,1,2,toy4_gpu_core_neural_output_average_batched_1024_cuda_repeat01,3,neural_policy,output_average,local_step,0.03515612299088389
toy4,neural_output_average,batched,batched,cuda,1024,3,9,1,1,2,toy4_gpu_core_neural_output_average_batched_1024_cuda_repeat01,3,neural_policy,output_average,select_peers,0.0001154470955953002
toy4,neural_output_average,batched,batched,cuda,1024,3,9,1,1,2,toy4_gpu_core_neural_output_average_batched_1024_cuda_repeat01,3,neural_policy,output_average,social_trainable_parameters,5.4984004236757755e-05
toy4,neural_output_average,batched,batched,cuda,1024,3,9,1,1,2,toy4_gpu_core_neural_output_average_batched_1024_cuda_repeat01,3,neural_policy,output_average,social_mix,0.0006535220891237259
toy4,neural_output_average,batched,batched,cuda,1024,3,9,1,1,2,toy4_gpu_core_neural_output_average_batched_1024_cuda_repeat01,3,neural_policy,output_average,social_loss_forward,0.00023285893257707357
toy4,neural_output_average,batched,batched,cuda,1024,3,9,1,1,2,toy4_gpu_core_neural_output_average_batched_1024_cuda_repeat01,3,neural_policy,output_average,social_optimizer_update,0.07625577307771891
toy4,neural_output_average,batched,batched,cuda,1024,3,9,1,1,2,toy4_gpu_core_neural_output_average_batched_1024_cuda_repeat01,3,neural_policy,output_average,social_loss_update,0.0772656169719994
toy4,neural_output_average,batched,batched,cuda,1024,3,9,1,1,2,toy4_gpu_core_neural_output_average_batched_1024_cuda_repeat01,3,neural_policy,output_average,social_distillation,0.0780825869878754
toy4,neural_output_average,batched,batched,cuda,1024,3,9,1,1,2,toy4_gpu_core_neural_output_average_batched_1024_cuda_repeat01,3,neural_policy,output_average,social_step,0.07810715306550264
toy4,neural_output_average,batched,batched,cuda,1024,3,9,1,1,2,toy4_gpu_core_neural_output_average_batched_1024_cuda_repeat01,3,neural_policy,output_average,sample_actions,7.834983989596367e-06
toy4,neural_output_average,batched,batched,cuda,1024,3,9,1,1,2,toy4_gpu_core_neural_output_average_batched_1024_cuda_repeat01,3,neural_policy,output_average,commit_actions,1.2462958693504333e-05
toy4,neural_output_average,batched,batched,cuda,1024,3,9,1,1,2,toy4_gpu_core_neural_output_average_batched_1024_cuda_repeat01,3,neural_policy,output_average,post_step_state_policy,3.1400006264448166e-05
toy4,neural_output_average,batched,batched,cuda,1024,3,9,1,1,2,toy4_gpu_core_neural_output_average_batched_1024_cuda_repeat01,3,neural_policy,output_average,update_payoff_ema,4.19089337810874e-05
toy4,neural_output_average,batched,batched,cuda,1024,3,9,1,1,2,toy4_gpu_core_neural_output_average_batched_1024_cuda_repeat01,3,neural_policy,output_average,update_reputation_ema,2.2271997295320034e-05
toy4,neural_output_average,batched,batched,cuda,1024,3,9,1,1,2,toy4_gpu_core_neural_output_average_batched_1024_cuda_repeat01,3,neural_policy,output_average,mobility_swaps,3.022700548171997e-05
toy4,neural_output_average,batched,batched,cuda,1024,3,9,1,1,2,toy4_gpu_core_neural_output_average_batched_1024_cuda_repeat01,3,neural_policy,output_average,finalize_hook_step,1.877604518085718e-05
toy4,neural_output_average,batched,batched,cuda,1024,3,9,1,1,2,toy4_gpu_core_neural_output_average_batched_1024_cuda_repeat01,3,neural_policy,output_average,hooked_step_total,0.11481583304703236
toy4,neural_output_average,batched,batched,cuda,1024,3,9,1,1,2,toy4_gpu_core_neural_output_average_batched_1024_cuda_repeat01,3,neural_policy,output_average,aggregate_row,0.03420540096703917
toy4,neural_output_average,batched,batched,cuda,1024,3,9,1,1,2,toy4_gpu_core_neural_output_average_batched_1024_cuda_repeat01,3,neural_policy,output_average,write_aggregate,0.00015239696949720383
toy5,neural_output_average,batched,batched,cpu,1024,3,9,0,1,2,toy5_gpu_core_neural_output_average_batched_1024_cpu_repeat00,0,neural_policy,output_average,make_run_dir,0.0003134410362690687
toy5,neural_output_average,batched,batched,cpu,1024,3,9,0,1,2,toy5_gpu_core_neural_output_average_batched_1024_cpu_repeat00,0,neural_policy,output_average,write_metadata,0.002493500942364335
toy5,neural_output_average,batched,batched,cpu,1024,3,9,0,1,2,toy5_gpu_core_neural_output_average_batched_1024_cpu_repeat00,0,neural_policy,output_average,initial_state,0.42595243896357715
toy5,neural_output_average,batched,batched,cpu,1024,3,9,0,1,2,toy5_gpu_core_neural_output_average_batched_1024_cpu_repeat00,0,neural_policy,output_average,writer_setup,0.00045081996358931065
toy5,neural_output_average,batched,batched,cpu,1024,3,9,0,1,2,toy5_gpu_core_neural_output_average_batched_1024_cpu_repeat00,0,neural_policy,output_average,initial_step_result,0.11613510397728533
toy5,neural_output_average,batched,batched,cpu,1024,3,9,0,1,2,toy5_gpu_core_neural_output_average_batched_1024_cpu_repeat00,0,neural_policy,output_average,initial_aggregate_row,0.009241014020517468
toy5,neural_output_average,batched,batched,cpu,1024,3,9,0,1,2,toy5_gpu_core_neural_output_average_batched_1024_cpu_repeat00,0,neural_policy,output_average,write_initial_aggregate,5.194800905883312e-05
toy5,neural_output_average,batched,batched,cpu,1024,3,9,0,1,2,toy5_gpu_core_neural_output_average_batched_1024_cpu_repeat00,1,neural_policy,output_average,sample_revision_mask,1.3786018826067448e-05
toy5,neural_output_average,batched,batched,cpu,1024,3,9,0,1,2,toy5_gpu_core_neural_output_average_batched_1024_cpu_repeat00,1,neural_policy,output_average,build_step_context,0.00279842596501112
toy5,neural_output_average,batched,batched,cpu,1024,3,9,0,1,2,toy5_gpu_core_neural_output_average_batched_1024_cpu_repeat00,1,neural_policy,output_average,build_observations,0.004044585977680981
toy5,neural_output_average,batched,batched,cpu,1024,3,9,0,1,2,toy5_gpu_core_neural_output_average_batched_1024_cpu_repeat00,1,neural_policy,output_average,policy_readout,0.0013199489330872893
toy5,neural_output_average,batched,batched,cpu,1024,3,9,0,1,2,toy5_gpu_core_neural_output_average_batched_1024_cpu_repeat00,1,neural_policy,output_average,decision_selection,0.0011421929812058806
toy5,neural_output_average,batched,batched,cpu,1024,3,9,0,1,2,toy5_gpu_core_neural_output_average_batched_1024_cpu_repeat00,1,neural_policy,output_average,local_trainable_parameters,0.00031629600562155247
toy5,neural_output_average,batched,batched,cpu,1024,3,9,0,1,2,toy5_gpu_core_neural_output_average_batched_1024_cpu_repeat00,1,neural_policy,output_average,local_loss_forward,0.0010356419952586293
toy5,neural_output_average,batched,batched,cpu,1024,3,9,0,1,2,toy5_gpu_core_neural_output_average_batched_1024_cpu_repeat00,1,neural_policy,output_average,local_optimizer_update,0.022074509994126856
toy5,neural_output_average,batched,batched,cpu,1024,3,9,0,1,2,toy5_gpu_core_neural_output_average_batched_1024_cpu_repeat00,1,neural_policy,output_average,local_loss_update,0.08051141898613423
toy5,neural_output_average,batched,batched,cpu,1024,3,9,0,1,2,toy5_gpu_core_neural_output_average_batched_1024_cpu_repeat00,1,neural_policy,output_average,local_training,0.08086920401547104
toy5,neural_output_average,batched,batched,cpu,1024,3,9,0,1,2,toy5_gpu_core_neural_output_average_batched_1024_cpu_repeat00,1,neural_policy,output_average,cache_refresh,9.967945516109467e-06
toy5,neural_output_average,batched,batched,cpu,1024,3,9,0,1,2,toy5_gpu_core_neural_output_average_batched_1024_cpu_repeat00,1,neural_policy,output_average,post_local_readout,0.0003305029822513461
toy5,neural_output_average,batched,batched,cpu,1024,3,9,0,1,2,toy5_gpu_core_neural_output_average_batched_1024_cpu_repeat00,1,neural_policy,output_average,local_step,0.08799479901790619
toy5,neural_output_average,batched,batched,cpu,1024,3,9,0,1,2,toy5_gpu_core_neural_output_average_batched_1024_cpu_repeat00,1,neural_policy,output_average,select_peers,6.311899051070213e-05
toy5,neural_output_average,batched,batched,cpu,1024,3,9,0,1,2,toy5_gpu_core_neural_output_average_batched_1024_cpu_repeat00,1,neural_policy,output_average,social_trainable_parameters,0.00010129099246114492
toy5,neural_output_average,batched,batched,cpu,1024,3,9,0,1,2,toy5_gpu_core_neural_output_average_batched_1024_cpu_repeat00,1,neural_policy,output_average,social_mix,0.0005563789745792747
toy5,neural_output_average,batched,batched,cpu,1024,3,9,0,1,2,toy5_gpu_core_neural_output_average_batched_1024_cpu_repeat00,1,neural_policy,output_average,social_loss_forward,0.0003021300071850419
toy5,neural_output_average,batched,batched,cpu,1024,3,9,0,1,2,toy5_gpu_core_neural_output_average_batched_1024_cpu_repeat00,1,neural_policy,output_average,social_optimizer_update,0.046041138004511595
toy5,neural_output_average,batched,batched,cpu,1024,3,9,0,1,2,toy5_gpu_core_neural_output_average_batched_1024_cpu_repeat00,1,neural_policy,output_average,social_loss_update,0.04701959202066064
toy5,neural_output_average,batched,batched,cpu,1024,3,9,0,1,2,toy5_gpu_core_neural_output_average_batched_1024_cpu_repeat00,1,neural_policy,output_average,social_distillation,0.04776716197375208
toy5,neural_output_average,batched,batched,cpu,1024,3,9,0,1,2,toy5_gpu_core_neural_output_average_batched_1024_cpu_repeat00,1,neural_policy,output_average,social_step,0.047829429036937654
toy5,neural_output_average,batched,batched,cpu,1024,3,9,0,1,2,toy5_gpu_core_neural_output_average_batched_1024_cpu_repeat00,1,neural_policy,output_average,sample_actions,8.720671758055687e-07
toy5,neural_output_average,batched,batched,cpu,1024,3,9,0,1,2,toy5_gpu_core_neural_output_average_batched_1024_cpu_repeat00,1,neural_policy,output_average,commit_actions,4.6517932787537575e-05
toy5,neural_output_average,batched,batched,cpu,1024,3,9,0,1,2,toy5_gpu_core_neural_output_average_batched_1024_cpu_repeat00,1,neural_policy,output_average,post_step_state_policy,1.4306977391242981e-05
toy5,neural_output_average,batched,batched,cpu,1024,3,9,0,1,2,toy5_gpu_core_neural_output_average_batched_1024_cpu_repeat00,1,neural_policy,output_average,update_reputation_ema,3.100896719843149e-05
toy5,neural_output_average,batched,batched,cpu,1024,3,9,0,1,2,toy5_gpu_core_neural_output_average_batched_1024_cpu_repeat00,1,neural_policy,output_average,finalize_hook_step,3.1050294637680054e-06
toy5,neural_output_average,batched,batched,cpu,1024,3,9,0,1,2,toy5_gpu_core_neural_output_average_batched_1024_cpu_repeat00,1,neural_policy,output_average,hooked_step_total,0.13977232296019793
toy5,neural_output_average,batched,batched,cpu,1024,3,9,0,1,2,toy5_gpu_core_neural_output_average_batched_1024_cpu_repeat00,1,neural_policy,output_average,aggregate_row,0.011180751025676727
toy5,neural_output_average,batched,batched,cpu,1024,3,9,0,1,2,toy5_gpu_core_neural_output_average_batched_1024_cpu_repeat00,1,neural_policy,output_average,write_aggregate,4.745007026940584e-05
toy5,neural_output_average,batched,batched,cpu,1024,3,9,0,1,2,toy5_gpu_core_neural_output_average_batched_1024_cpu_repeat00,2,neural_policy,output_average,sample_revision_mask,9.49797686189413e-06
toy5,neural_output_average,batched,batched,cpu,1024,3,9,0,1,2,toy5_gpu_core_neural_output_average_batched_1024_cpu_repeat00,2,neural_policy,output_average,build_step_context,0.0026929680025205016
toy5,neural_output_average,batched,batched,cpu,1024,3,9,0,1,2,toy5_gpu_core_neural_output_average_batched_1024_cpu_repeat00,2,neural_policy,output_average,build_observations,0.004096944001503289
toy5,neural_output_average,batched,batched,cpu,1024,3,9,0,1,2,toy5_gpu_core_neural_output_average_batched_1024_cpu_repeat00,2,neural_policy,output_average,policy_readout,0.000289586023427546
toy5,neural_output_average,batched,batched,cpu,1024,3,9,0,1,2,toy5_gpu_core_neural_output_average_batched_1024_cpu_repeat00,2,neural_policy,output_average,decision_selection,0.000502787996083498
toy5,neural_output_average,batched,batched,cpu,1024,3,9,0,1,2,toy5_gpu_core_neural_output_average_batched_1024_cpu_repeat00,2,neural_policy,output_average,local_trainable_parameters,0.00016035197768360376
toy5,neural_output_average,batched,batched,cpu,1024,3,9,0,1,2,toy5_gpu_core_neural_output_average_batched_1024_cpu_repeat00,2,neural_policy,output_average,local_loss_forward,0.0004988400032743812
toy5,neural_output_average,batched,batched,cpu,1024,3,9,0,1,2,toy5_gpu_core_neural_output_average_batched_1024_cpu_repeat00,2,neural_policy,output_average,local_optimizer_update,0.013864872045814991
toy5,neural_output_average,batched,batched,cpu,1024,3,9,0,1,2,toy5_gpu_core_neural_output_average_batched_1024_cpu_repeat00,2,neural_policy,output_average,local_loss_update,0.014462869032286108
toy5,neural_output_average,batched,batched,cpu,1024,3,9,0,1,2,toy5_gpu_core_neural_output_average_batched_1024_cpu_repeat00,2,neural_policy,output_average,local_training,0.014647015952505171
toy5,neural_output_average,batched,batched,cpu,1024,3,9,0,1,2,toy5_gpu_core_neural_output_average_batched_1024_cpu_repeat00,2,neural_policy,output_average,cache_refresh,6.322050467133522e-06
toy5,neural_output_average,batched,batched,cpu,1024,3,9,0,1,2,toy5_gpu_core_neural_output_average_batched_1024_cpu_repeat00,2,neural_policy,output_average,post_local_readout,0.00018018996343016624
toy5,neural_output_average,batched,batched,cpu,1024,3,9,0,1,2,toy5_gpu_core_neural_output_average_batched_1024_cpu_repeat00,2,neural_policy,output_average,local_step,0.019916360964998603
toy5,neural_output_average,batched,batched,cpu,1024,3,9,0,1,2,toy5_gpu_core_neural_output_average_batched_1024_cpu_repeat00,2,neural_policy,output_average,select_peers,4.689802881330252e-05
toy5,neural_output_average,batched,batched,cpu,1024,3,9,0,1,2,toy5_gpu_core_neural_output_average_batched_1024_cpu_repeat00,2,neural_policy,output_average,social_trainable_parameters,4.269008059054613e-05
toy5,neural_output_average,batched,batched,cpu,1024,3,9,0,1,2,toy5_gpu_core_neural_output_average_batched_1024_cpu_repeat00,2,neural_policy,output_average,social_mix,0.0004462810466066003
toy5,neural_output_average,batched,batched,cpu,1024,3,9,0,1,2,toy5_gpu_core_neural_output_average_batched_1024_cpu_repeat00,2,neural_policy,output_average,social_loss_forward,0.00023823906667530537
toy5,neural_output_average,batched,batched,cpu,1024,3,9,0,1,2,toy5_gpu_core_neural_output_average_batched_1024_cpu_repeat00,2,neural_policy,output_average,social_optimizer_update,0.044339078944176435
toy5,neural_output_average,batched,batched,cpu,1024,3,9,0,1,2,toy5_gpu_core_neural_output_average_batched_1024_cpu_repeat00,2,neural_policy,output_average,social_loss_update,0.04521528095938265
toy5,neural_output_average,batched,batched,cpu,1024,3,9,0,1,2,toy5_gpu_core_neural_output_average_batched_1024_cpu_repeat00,2,neural_policy,output_average,social_distillation,0.04612220101989806
toy5,neural_output_average,batched,batched,cpu,1024,3,9,0,1,2,toy5_gpu_core_neural_output_average_batched_1024_cpu_repeat00,2,neural_policy,output_average,social_step,0.046144902938976884
toy5,neural_output_average,batched,batched,cpu,1024,3,9,0,1,2,toy5_gpu_core_neural_output_average_batched_1024_cpu_repeat00,2,neural_policy,output_average,sample_actions,9.620562195777893e-07
toy5,neural_output_average,batched,batched,cpu,1024,3,9,0,1,2,toy5_gpu_core_neural_output_average_batched_1024_cpu_repeat00,2,neural_policy,output_average,commit_actions,8.170399814844131e-05
toy5,neural_output_average,batched,batched,cpu,1024,3,9,0,1,2,toy5_gpu_core_neural_output_average_batched_1024_cpu_repeat00,2,neural_policy,output_average,post_step_state_policy,2.6409979909658432e-05
toy5,neural_output_average,batched,batched,cpu,1024,3,9,0,1,2,toy5_gpu_core_neural_output_average_batched_1024_cpu_repeat00,2,neural_policy,output_average,update_reputation_ema,4.409300163388252e-05
toy5,neural_output_average,batched,batched,cpu,1024,3,9,0,1,2,toy5_gpu_core_neural_output_average_batched_1024_cpu_repeat00,2,neural_policy,output_average,finalize_hook_step,5.550915375351906e-06
toy5,neural_output_average,batched,batched,cpu,1024,3,9,0,1,2,toy5_gpu_core_neural_output_average_batched_1024_cpu_repeat00,2,neural_policy,output_average,hooked_step_total,0.06989738799165934
toy5,neural_output_average,batched,batched,cpu,1024,3,9,0,1,2,toy5_gpu_core_neural_output_average_batched_1024_cpu_repeat00,2,neural_policy,output_average,aggregate_row,0.012136431992985308
toy5,neural_output_average,batched,batched,cpu,1024,3,9,0,1,2,toy5_gpu_core_neural_output_average_batched_1024_cpu_repeat00,2,neural_policy,output_average,write_aggregate,5.503406282514334e-05
toy5,neural_output_average,batched,batched,cpu,1024,3,9,0,1,2,toy5_gpu_core_neural_output_average_batched_1024_cpu_repeat00,3,neural_policy,output_average,sample_revision_mask,1.3484968803822994e-05
toy5,neural_output_average,batched,batched,cpu,1024,3,9,0,1,2,toy5_gpu_core_neural_output_average_batched_1024_cpu_repeat00,3,neural_policy,output_average,build_step_context,0.002699510077945888
toy5,neural_output_average,batched,batched,cpu,1024,3,9,0,1,2,toy5_gpu_core_neural_output_average_batched_1024_cpu_repeat00,3,neural_policy,output_average,build_observations,0.004088178044185042
toy5,neural_output_average,batched,batched,cpu,1024,3,9,0,1,2,toy5_gpu_core_neural_output_average_batched_1024_cpu_repeat00,3,neural_policy,output_average,policy_readout,0.0003024300094693899
toy5,neural_output_average,batched,batched,cpu,1024,3,9,0,1,2,toy5_gpu_core_neural_output_average_batched_1024_cpu_repeat00,3,neural_policy,output_average,decision_selection,0.0003660699585452676
toy5,neural_output_average,batched,batched,cpu,1024,3,9,0,1,2,toy5_gpu_core_neural_output_average_batched_1024_cpu_repeat00,3,neural_policy,output_average,local_trainable_parameters,0.0001552429748699069
toy5,neural_output_average,batched,batched,cpu,1024,3,9,0,1,2,toy5_gpu_core_neural_output_average_batched_1024_cpu_repeat00,3,neural_policy,output_average,local_loss_forward,0.0004883999936282635
toy5,neural_output_average,batched,batched,cpu,1024,3,9,0,1,2,toy5_gpu_core_neural_output_average_batched_1024_cpu_repeat00,3,neural_policy,output_average,local_optimizer_update,0.01610095694195479
toy5,neural_output_average,batched,batched,cpu,1024,3,9,0,1,2,toy5_gpu_core_neural_output_average_batched_1024_cpu_repeat00,3,neural_policy,output_average,local_loss_update,0.016693484038114548
toy5,neural_output_average,batched,batched,cpu,1024,3,9,0,1,2,toy5_gpu_core_neural_output_average_batched_1024_cpu_repeat00,3,neural_policy,output_average,local_training,0.016872292035259306
toy5,neural_output_average,batched,batched,cpu,1024,3,9,0,1,2,toy5_gpu_core_neural_output_average_batched_1024_cpu_repeat00,3,neural_policy,output_average,cache_refresh,5.3299590945243835e-06
toy5,neural_output_average,batched,batched,cpu,1024,3,9,0,1,2,toy5_gpu_core_neural_output_average_batched_1024_cpu_repeat00,3,neural_policy,output_average,post_local_readout,0.00018602097406983376
toy5,neural_output_average,batched,batched,cpu,1024,3,9,0,1,2,toy5_gpu_core_neural_output_average_batched_1024_cpu_repeat00,3,neural_policy,output_average,local_step,0.022029365063644946
toy5,neural_output_average,batched,batched,cpu,1024,3,9,0,1,2,toy5_gpu_core_neural_output_average_batched_1024_cpu_repeat00,3,neural_policy,output_average,select_peers,4.663702566176653e-05
toy5,neural_output_average,batched,batched,cpu,1024,3,9,0,1,2,toy5_gpu_core_neural_output_average_batched_1024_cpu_repeat00,3,neural_policy,output_average,social_trainable_parameters,0.00011359504424035549
toy5,neural_output_average,batched,batched,cpu,1024,3,9,0,1,2,toy5_gpu_core_neural_output_average_batched_1024_cpu_repeat00,3,neural_policy,output_average,social_mix,0.0004817080916836858
toy5,neural_output_average,batched,batched,cpu,1024,3,9,0,1,2,toy5_gpu_core_neural_output_average_batched_1024_cpu_repeat00,3,neural_policy,output_average,social_loss_forward,0.00022679800167679787
toy5,neural_output_average,batched,batched,cpu,1024,3,9,0,1,2,toy5_gpu_core_neural_output_average_batched_1024_cpu_repeat00,3,neural_policy,output_average,social_optimizer_update,0.04138991900254041
toy5,neural_output_average,batched,batched,cpu,1024,3,9,0,1,2,toy5_gpu_core_neural_output_average_batched_1024_cpu_repeat00,3,neural_policy,output_average,social_loss_update,0.042239699978381395
toy5,neural_output_average,batched,batched,cpu,1024,3,9,0,1,2,toy5_gpu_core_neural_output_average_batched_1024_cpu_repeat00,3,neural_policy,output_average,social_distillation,0.04303783504292369
toy5,neural_output_average,batched,batched,cpu,1024,3,9,0,1,2,toy5_gpu_core_neural_output_average_batched_1024_cpu_repeat00,3,neural_policy,output_average,social_step,0.04306290205568075
toy5,neural_output_average,batched,batched,cpu,1024,3,9,0,1,2,toy5_gpu_core_neural_output_average_batched_1024_cpu_repeat00,3,neural_policy,output_average,sample_actions,1.1119991540908813e-06
toy5,neural_output_average,batched,batched,cpu,1024,3,9,0,1,2,toy5_gpu_core_neural_output_average_batched_1024_cpu_repeat00,3,neural_policy,output_average,commit_actions,3.640900831669569e-05
toy5,neural_output_average,batched,batched,cpu,1024,3,9,0,1,2,toy5_gpu_core_neural_output_average_batched_1024_cpu_repeat00,3,neural_policy,output_average,post_step_state_policy,1.483794767409563e-05
toy5,neural_output_average,batched,batched,cpu,1024,3,9,0,1,2,toy5_gpu_core_neural_output_average_batched_1024_cpu_repeat00,3,neural_policy,output_average,update_reputation_ema,2.2552907466888428e-05
toy5,neural_output_average,batched,batched,cpu,1024,3,9,0,1,2,toy5_gpu_core_neural_output_average_batched_1024_cpu_repeat00,3,neural_policy,output_average,finalize_hook_step,2.7050264179706573e-06
toy5,neural_output_average,batched,batched,cpu,1024,3,9,0,1,2,toy5_gpu_core_neural_output_average_batched_1024_cpu_repeat00,3,neural_policy,output_average,hooked_step_total,0.06854168092831969
toy5,neural_output_average,batched,batched,cpu,1024,3,9,0,1,2,toy5_gpu_core_neural_output_average_batched_1024_cpu_repeat00,3,neural_policy,output_average,aggregate_row,0.011606924002990127
toy5,neural_output_average,batched,batched,cpu,1024,3,9,0,1,2,toy5_gpu_core_neural_output_average_batched_1024_cpu_repeat00,3,neural_policy,output_average,write_aggregate,5.1937997341156006e-05
toy5,neural_output_average,batched,batched,cpu,1024,3,9,1,1,2,toy5_gpu_core_neural_output_average_batched_1024_cpu_repeat01,0,neural_policy,output_average,make_run_dir,0.00032625498715788126
toy5,neural_output_average,batched,batched,cpu,1024,3,9,1,1,2,toy5_gpu_core_neural_output_average_batched_1024_cpu_repeat01,0,neural_policy,output_average,write_metadata,0.0024199930485337973
toy5,neural_output_average,batched,batched,cpu,1024,3,9,1,1,2,toy5_gpu_core_neural_output_average_batched_1024_cpu_repeat01,0,neural_policy,output_average,initial_state,0.4272683580638841
toy5,neural_output_average,batched,batched,cpu,1024,3,9,1,1,2,toy5_gpu_core_neural_output_average_batched_1024_cpu_repeat01,0,neural_policy,output_average,writer_setup,0.00032819900661706924
toy5,neural_output_average,batched,batched,cpu,1024,3,9,1,1,2,toy5_gpu_core_neural_output_average_batched_1024_cpu_repeat01,0,neural_policy,output_average,initial_step_result,0.0015447729965671897
toy5,neural_output_average,batched,batched,cpu,1024,3,9,1,1,2,toy5_gpu_core_neural_output_average_batched_1024_cpu_repeat01,0,neural_policy,output_average,initial_aggregate_row,0.008905961993150413
toy5,neural_output_average,batched,batched,cpu,1024,3,9,1,1,2,toy5_gpu_core_neural_output_average_batched_1024_cpu_repeat01,0,neural_policy,output_average,write_initial_aggregate,3.659899812191725e-05
toy5,neural_output_average,batched,batched,cpu,1024,3,9,1,1,2,toy5_gpu_core_neural_output_average_batched_1024_cpu_repeat01,1,neural_policy,output_average,sample_revision_mask,1.2623029761016369e-05
toy5,neural_output_average,batched,batched,cpu,1024,3,9,1,1,2,toy5_gpu_core_neural_output_average_batched_1024_cpu_repeat01,1,neural_policy,output_average,build_step_context,0.0026778789469972253
toy5,neural_output_average,batched,batched,cpu,1024,3,9,1,1,2,toy5_gpu_core_neural_output_average_batched_1024_cpu_repeat01,1,neural_policy,output_average,build_observations,0.004473414039239287
toy5,neural_output_average,batched,batched,cpu,1024,3,9,1,1,2,toy5_gpu_core_neural_output_average_batched_1024_cpu_repeat01,1,neural_policy,output_average,policy_readout,0.002226196927949786
toy5,neural_output_average,batched,batched,cpu,1024,3,9,1,1,2,toy5_gpu_core_neural_output_average_batched_1024_cpu_repeat01,1,neural_policy,output_average,decision_selection,0.0011500789551064372
toy5,neural_output_average,batched,batched,cpu,1024,3,9,1,1,2,toy5_gpu_core_neural_output_average_batched_1024_cpu_repeat01,1,neural_policy,output_average,local_trainable_parameters,0.0005375239998102188
toy5,neural_output_average,batched,batched,cpu,1024,3,9,1,1,2,toy5_gpu_core_neural_output_average_batched_1024_cpu_repeat01,1,neural_policy,output_average,local_loss_forward,0.0011552179930731654
toy5,neural_output_average,batched,batched,cpu,1024,3,9,1,1,2,toy5_gpu_core_neural_output_average_batched_1024_cpu_repeat01,1,neural_policy,output_average,local_optimizer_update,0.02319304004777223
toy5,neural_output_average,batched,batched,cpu,1024,3,9,1,1,2,toy5_gpu_core_neural_output_average_batched_1024_cpu_repeat01,1,neural_policy,output_average,local_loss_update,0.07978113298304379
toy5,neural_output_average,batched,batched,cpu,1024,3,9,1,1,2,toy5_gpu_core_neural_output_average_batched_1024_cpu_repeat01,1,neural_policy,output_average,local_training,0.08039637305773795
toy5,neural_output_average,batched,batched,cpu,1024,3,9,1,1,2,toy5_gpu_core_neural_output_average_batched_1024_cpu_repeat01,1,neural_policy,output_average,cache_refresh,1.412699930369854e-05
toy5,neural_output_average,batched,batched,cpu,1024,3,9,1,1,2,toy5_gpu_core_neural_output_average_batched_1024_cpu_repeat01,1,neural_policy,output_average,post_local_readout,0.00037404499016702175
toy5,neural_output_average,batched,batched,cpu,1024,3,9,1,1,2,toy5_gpu_core_neural_output_average_batched_1024_cpu_repeat01,1,neural_policy,output_average,local_step,0.088894905988127
toy5,neural_output_average,batched,batched,cpu,1024,3,9,1,1,2,toy5_gpu_core_neural_output_average_batched_1024_cpu_repeat01,1,neural_policy,output_average,select_peers,7.331802044063807e-05
toy5,neural_output_average,batched,batched,cpu,1024,3,9,1,1,2,toy5_gpu_core_neural_output_average_batched_1024_cpu_repeat01,1,neural_policy,output_average,social_trainable_parameters,0.00019233289640396833
toy5,neural_output_average,batched,batched,cpu,1024,3,9,1,1,2,toy5_gpu_core_neural_output_average_batched_1024_cpu_repeat01,1,neural_policy,output_average,social_mix,0.0005190980155020952
toy5,neural_output_average,batched,batched,cpu,1024,3,9,1,1,2,toy5_gpu_core_neural_output_average_batched_1024_cpu_repeat01,1,neural_policy,output_average,social_loss_forward,0.00026229501236230135
toy5,neural_output_average,batched,batched,cpu,1024,3,9,1,1,2,toy5_gpu_core_neural_output_average_batched_1024_cpu_repeat01,1,neural_policy,output_average,social_optimizer_update,0.05171562696341425
toy5,neural_output_average,batched,batched,cpu,1024,3,9,1,1,2,toy5_gpu_core_neural_output_average_batched_1024_cpu_repeat01,1,neural_policy,output_average,social_loss_update,0.05263087200000882
toy5,neural_output_average,batched,batched,cpu,1024,3,9,1,1,2,toy5_gpu_core_neural_output_average_batched_1024_cpu_repeat01,1,neural_policy,output_average,social_distillation,0.05372752994298935
toy5,neural_output_average,batched,batched,cpu,1024,3,9,1,1,2,toy5_gpu_core_neural_output_average_batched_1024_cpu_repeat01,1,neural_policy,output_average,social_step,0.05374792905058712
toy5,neural_output_average,batched,batched,cpu,1024,3,9,1,1,2,toy5_gpu_core_neural_output_average_batched_1024_cpu_repeat01,1,neural_policy,output_average,sample_actions,1.3229437172412872e-06
toy5,neural_output_average,batched,batched,cpu,1024,3,9,1,1,2,toy5_gpu_core_neural_output_average_batched_1024_cpu_repeat01,1,neural_policy,output_average,commit_actions,5.0615984946489334e-05
toy5,neural_output_average,batched,batched,cpu,1024,3,9,1,1,2,toy5_gpu_core_neural_output_average_batched_1024_cpu_repeat01,1,neural_policy,output_average,post_step_state_policy,1.505902037024498e-05
toy5,neural_output_average,batched,batched,cpu,1024,3,9,1,1,2,toy5_gpu_core_neural_output_average_batched_1024_cpu_repeat01,1,neural_policy,output_average,update_reputation_ema,3.789097536355257e-05
toy5,neural_output_average,batched,batched,cpu,1024,3,9,1,1,2,toy5_gpu_core_neural_output_average_batched_1024_cpu_repeat01,1,neural_policy,output_average,finalize_hook_step,2.974993549287319e-06
toy5,neural_output_average,batched,batched,cpu,1024,3,9,1,1,2,toy5_gpu_core_neural_output_average_batched_1024_cpu_repeat01,1,neural_policy,output_average,hooked_step_total,0.14662946201860905
toy5,neural_output_average,batched,batched,cpu,1024,3,9,1,1,2,toy5_gpu_core_neural_output_average_batched_1024_cpu_repeat01,1,neural_policy,output_average,aggregate_row,0.01036869001109153
toy5,neural_output_average,batched,batched,cpu,1024,3,9,1,1,2,toy5_gpu_core_neural_output_average_batched_1024_cpu_repeat01,1,neural_policy,output_average,write_aggregate,4.863098729401827e-05
toy5,neural_output_average,batched,batched,cpu,1024,3,9,1,1,2,toy5_gpu_core_neural_output_average_batched_1024_cpu_repeat01,2,neural_policy,output_average,sample_revision_mask,1.8224003724753857e-05
toy5,neural_output_average,batched,batched,cpu,1024,3,9,1,1,2,toy5_gpu_core_neural_output_average_batched_1024_cpu_repeat01,2,neural_policy,output_average,build_step_context,0.002687315922230482
toy5,neural_output_average,batched,batched,cpu,1024,3,9,1,1,2,toy5_gpu_core_neural_output_average_batched_1024_cpu_repeat01,2,neural_policy,output_average,build_observations,0.004113015020266175
toy5,neural_output_average,batched,batched,cpu,1024,3,9,1,1,2,toy5_gpu_core_neural_output_average_batched_1024_cpu_repeat01,2,neural_policy,output_average,policy_readout,0.00027528894133865833
toy5,neural_output_average,batched,batched,cpu,1024,3,9,1,1,2,toy5_gpu_core_neural_output_average_batched_1024_cpu_repeat01,2,neural_policy,output_average,decision_selection,0.0005013450281694531
toy5,neural_output_average,batched,batched,cpu,1024,3,9,1,1,2,toy5_gpu_core_neural_output_average_batched_1024_cpu_repeat01,2,neural_policy,output_average,local_trainable_parameters,0.00013807998038828373
toy5,neural_output_average,batched,batched,cpu,1024,3,9,1,1,2,toy5_gpu_core_neural_output_average_batched_1024_cpu_repeat01,2,neural_policy,output_average,local_loss_forward,0.0004466519458219409
toy5,neural_output_average,batched,batched,cpu,1024,3,9,1,1,2,toy5_gpu_core_neural_output_average_batched_1024_cpu_repeat01,2,neural_policy,output_average,local_optimizer_update,0.016969093936495483
toy5,neural_output_average,batched,batched,cpu,1024,3,9,1,1,2,toy5_gpu_core_neural_output_average_batched_1024_cpu_repeat01,2,neural_policy,output_average,local_loss_update,0.017522017005831003
toy5,neural_output_average,batched,batched,cpu,1024,3,9,1,1,2,toy5_gpu_core_neural_output_average_batched_1024_cpu_repeat01,2,neural_policy,output_average,local_training,0.01768248900771141
toy5,neural_output_average,batched,batched,cpu,1024,3,9,1,1,2,toy5_gpu_core_neural_output_average_batched_1024_cpu_repeat01,2,neural_policy,output_average,cache_refresh,5.6710559874773026e-06
toy5,neural_output_average,batched,batched,cpu,1024,3,9,1,1,2,toy5_gpu_core_neural_output_average_batched_1024_cpu_repeat01,2,neural_policy,output_average,post_local_readout,0.0002061980776488781
toy5,neural_output_average,batched,batched,cpu,1024,3,9,1,1,2,toy5_gpu_core_neural_output_average_batched_1024_cpu_repeat01,2,neural_policy,output_average,local_step,0.022984506096690893
toy5,neural_output_average,batched,batched,cpu,1024,3,9,1,1,2,toy5_gpu_core_neural_output_average_batched_1024_cpu_repeat01,2,neural_policy,output_average,select_peers,5.4051983170211315e-05
toy5,neural_output_average,batched,batched,cpu,1024,3,9,1,1,2,toy5_gpu_core_neural_output_average_batched_1024_cpu_repeat01,2,neural_policy,output_average,social_trainable_parameters,9.76750161498785e-05
toy5,neural_output_average,batched,batched,cpu,1024,3,9,1,1,2,toy5_gpu_core_neural_output_average_batched_1024_cpu_repeat01,2,neural_policy,output_average,social_mix,0.00048274092841893435
toy5,neural_output_average,batched,batched,cpu,1024,3,9,1,1,2,toy5_gpu_core_neural_output_average_batched_1024_cpu_repeat01,2,neural_policy,output_average,social_loss_forward,0.00024631398264318705
toy5,neural_output_average,batched,batched,cpu,1024,3,9,1,1,2,toy5_gpu_core_neural_output_average_batched_1024_cpu_repeat01,2,neural_policy,output_average,social_optimizer_update,0.04527566605247557
toy5,neural_output_average,batched,batched,cpu,1024,3,9,1,1,2,toy5_gpu_core_neural_output_average_batched_1024_cpu_repeat01,2,neural_policy,output_average,social_loss_update,0.04611416696570814
toy5,neural_output_average,batched,batched,cpu,1024,3,9,1,1,2,toy5_gpu_core_neural_output_average_batched_1024_cpu_repeat01,2,neural_policy,output_average,social_distillation,0.046835426008328795
toy5,neural_output_average,batched,batched,cpu,1024,3,9,1,1,2,toy5_gpu_core_neural_output_average_batched_1024_cpu_repeat01,2,neural_policy,output_average,social_step,0.04686673602554947
toy5,neural_output_average,batched,batched,cpu,1024,3,9,1,1,2,toy5_gpu_core_neural_output_average_batched_1024_cpu_repeat01,2,neural_policy,output_average,sample_actions,1.2629898265004158e-06
toy5,neural_output_average,batched,batched,cpu,1024,3,9,1,1,2,toy5_gpu_core_neural_output_average_batched_1024_cpu_repeat01,2,neural_policy,output_average,commit_actions,3.9684935472905636e-05
toy5,neural_output_average,batched,batched,cpu,1024,3,9,1,1,2,toy5_gpu_core_neural_output_average_batched_1024_cpu_repeat01,2,neural_policy,output_average,post_step_state_policy,1.7703045159578323e-05
toy5,neural_output_average,batched,batched,cpu,1024,3,9,1,1,2,toy5_gpu_core_neural_output_average_batched_1024_cpu_repeat01,2,neural_policy,output_average,update_reputation_ema,2.8442940674722195e-05
toy5,neural_output_average,batched,batched,cpu,1024,3,9,1,1,2,toy5_gpu_core_neural_output_average_batched_1024_cpu_repeat01,2,neural_policy,output_average,finalize_hook_step,3.144959919154644e-06
toy5,neural_output_average,batched,batched,cpu,1024,3,9,1,1,2,toy5_gpu_core_neural_output_average_batched_1024_cpu_repeat01,2,neural_policy,output_average,hooked_step_total,0.07353033893741667
toy5,neural_output_average,batched,batched,cpu,1024,3,9,1,1,2,toy5_gpu_core_neural_output_average_batched_1024_cpu_repeat01,2,neural_policy,output_average,aggregate_row,0.010756020084954798
toy5,neural_output_average,batched,batched,cpu,1024,3,9,1,1,2,toy5_gpu_core_neural_output_average_batched_1024_cpu_repeat01,2,neural_policy,output_average,write_aggregate,6.649596616625786e-05
toy5,neural_output_average,batched,batched,cpu,1024,3,9,1,1,2,toy5_gpu_core_neural_output_average_batched_1024_cpu_repeat01,3,neural_policy,output_average,sample_revision_mask,1.532898750156164e-05
toy5,neural_output_average,batched,batched,cpu,1024,3,9,1,1,2,toy5_gpu_core_neural_output_average_batched_1024_cpu_repeat01,3,neural_policy,output_average,build_step_context,0.0027178749442100525
toy5,neural_output_average,batched,batched,cpu,1024,3,9,1,1,2,toy5_gpu_core_neural_output_average_batched_1024_cpu_repeat01,3,neural_policy,output_average,build_observations,0.004102124948985875
toy5,neural_output_average,batched,batched,cpu,1024,3,9,1,1,2,toy5_gpu_core_neural_output_average_batched_1024_cpu_repeat01,3,neural_policy,output_average,policy_readout,0.0002920309780165553
toy5,neural_output_average,batched,batched,cpu,1024,3,9,1,1,2,toy5_gpu_core_neural_output_average_batched_1024_cpu_repeat01,3,neural_policy,output_average,decision_selection,0.0003791250055655837
toy5,neural_output_average,batched,batched,cpu,1024,3,9,1,1,2,toy5_gpu_core_neural_output_average_batched_1024_cpu_repeat01,3,neural_policy,output_average,local_trainable_parameters,0.00018271501176059246
toy5,neural_output_average,batched,batched,cpu,1024,3,9,1,1,2,toy5_gpu_core_neural_output_average_batched_1024_cpu_repeat01,3,neural_policy,output_average,local_loss_forward,0.0005056140944361687
toy5,neural_output_average,batched,batched,cpu,1024,3,9,1,1,2,toy5_gpu_core_neural_output_average_batched_1024_cpu_repeat01,3,neural_policy,output_average,local_optimizer_update,0.017450192011892796
toy5,neural_output_average,batched,batched,cpu,1024,3,9,1,1,2,toy5_gpu_core_neural_output_average_batched_1024_cpu_repeat01,3,neural_policy,output_average,local_loss_update,0.018067496013827622
toy5,neural_output_average,batched,batched,cpu,1024,3,9,1,1,2,toy5_gpu_core_neural_output_average_batched_1024_cpu_repeat01,3,neural_policy,output_average,local_training,0.018274356028996408
toy5,neural_output_average,batched,batched,cpu,1024,3,9,1,1,2,toy5_gpu_core_neural_output_average_batched_1024_cpu_repeat01,3,neural_policy,output_average,cache_refresh,6.671994924545288e-06
toy5,neural_output_average,batched,batched,cpu,1024,3,9,1,1,2,toy5_gpu_core_neural_output_average_batched_1024_cpu_repeat01,3,neural_policy,output_average,post_local_readout,0.00024045305326581
toy5,neural_output_average,batched,batched,cpu,1024,3,9,1,1,2,toy5_gpu_core_neural_output_average_batched_1024_cpu_repeat01,3,neural_policy,output_average,local_step,0.023508143960498273
toy5,neural_output_average,batched,batched,cpu,1024,3,9,1,1,2,toy5_gpu_core_neural_output_average_batched_1024_cpu_repeat01,3,neural_policy,output_average,select_peers,5.3641037084162235e-05
toy5,neural_output_average,batched,batched,cpu,1024,3,9,1,1,2,toy5_gpu_core_neural_output_average_batched_1024_cpu_repeat01,3,neural_policy,output_average,social_trainable_parameters,0.00016084301751106977
toy5,neural_output_average,batched,batched,cpu,1024,3,9,1,1,2,toy5_gpu_core_neural_output_average_batched_1024_cpu_repeat01,3,neural_policy,output_average,social_mix,0.0005602870369330049
toy5,neural_output_average,batched,batched,cpu,1024,3,9,1,1,2,toy5_gpu_core_neural_output_average_batched_1024_cpu_repeat01,3,neural_policy,output_average,social_loss_forward,0.0002726740203797817
toy5,neural_output_average,batched,batched,cpu,1024,3,9,1,1,2,toy5_gpu_core_neural_output_average_batched_1024_cpu_repeat01,3,neural_policy,output_average,social_optimizer_update,0.05113887996412814
toy5,neural_output_average,batched,batched,cpu,1024,3,9,1,1,2,toy5_gpu_core_neural_output_average_batched_1024_cpu_repeat01,3,neural_policy,output_average,social_loss_update,0.052134086028672755
toy5,neural_output_average,batched,batched,cpu,1024,3,9,1,1,2,toy5_gpu_core_neural_output_average_batched_1024_cpu_repeat01,3,neural_policy,output_average,social_distillation,0.05316765501629561
toy5,neural_output_average,batched,batched,cpu,1024,3,9,1,1,2,toy5_gpu_core_neural_output_average_batched_1024_cpu_repeat01,3,neural_policy,output_average,social_step,0.05318916600663215
toy5,neural_output_average,batched,batched,cpu,1024,3,9,1,1,2,toy5_gpu_core_neural_output_average_batched_1024_cpu_repeat01,3,neural_policy,output_average,sample_actions,8.919741958379745e-07
toy5,neural_output_average,batched,batched,cpu,1024,3,9,1,1,2,toy5_gpu_core_neural_output_average_batched_1024_cpu_repeat01,3,neural_policy,output_average,commit_actions,5.10259997099638e-05
toy5,neural_output_average,batched,batched,cpu,1024,3,9,1,1,2,toy5_gpu_core_neural_output_average_batched_1024_cpu_repeat01,3,neural_policy,output_average,post_step_state_policy,2.1600048057734966e-05
toy5,neural_output_average,batched,batched,cpu,1024,3,9,1,1,2,toy5_gpu_core_neural_output_average_batched_1024_cpu_repeat01,3,neural_policy,output_average,update_reputation_ema,3.676896449178457e-05
toy5,neural_output_average,batched,batched,cpu,1024,3,9,1,1,2,toy5_gpu_core_neural_output_average_batched_1024_cpu_repeat01,3,neural_policy,output_average,finalize_hook_step,5.1889801397919655e-06
toy5,neural_output_average,batched,batched,cpu,1024,3,9,1,1,2,toy5_gpu_core_neural_output_average_batched_1024_cpu_repeat01,3,neural_policy,output_average,hooked_step_total,0.0805724459933117
toy5,neural_output_average,batched,batched,cpu,1024,3,9,1,1,2,toy5_gpu_core_neural_output_average_batched_1024_cpu_repeat01,3,neural_policy,output_average,aggregate_row,0.011651678942143917
toy5,neural_output_average,batched,batched,cpu,1024,3,9,1,1,2,toy5_gpu_core_neural_output_average_batched_1024_cpu_repeat01,3,neural_policy,output_average,write_aggregate,4.789989907294512e-05
toy5,neural_output_average,batched,batched,cuda,1024,3,9,0,1,2,toy5_gpu_core_neural_output_average_batched_1024_cuda_repeat00,0,neural_policy,output_average,make_run_dir,0.00033277703914791346
toy5,neural_output_average,batched,batched,cuda,1024,3,9,0,1,2,toy5_gpu_core_neural_output_average_batched_1024_cuda_repeat00,0,neural_policy,output_average,write_metadata,0.0023045350098982453
toy5,neural_output_average,batched,batched,cuda,1024,3,9,0,1,2,toy5_gpu_core_neural_output_average_batched_1024_cuda_repeat00,0,neural_policy,output_average,initial_state,0.7203681790269911
toy5,neural_output_average,batched,batched,cuda,1024,3,9,0,1,2,toy5_gpu_core_neural_output_average_batched_1024_cuda_repeat00,0,neural_policy,output_average,writer_setup,0.0004132289905101061
toy5,neural_output_average,batched,batched,cuda,1024,3,9,0,1,2,toy5_gpu_core_neural_output_average_batched_1024_cuda_repeat00,0,neural_policy,output_average,initial_step_result,0.0021450750064104795
toy5,neural_output_average,batched,batched,cuda,1024,3,9,0,1,2,toy5_gpu_core_neural_output_average_batched_1024_cuda_repeat00,0,neural_policy,output_average,initial_aggregate_row,0.00977376801893115
toy5,neural_output_average,batched,batched,cuda,1024,3,9,0,1,2,toy5_gpu_core_neural_output_average_batched_1024_cuda_repeat00,0,neural_policy,output_average,write_initial_aggregate,3.786094021052122e-05
toy5,neural_output_average,batched,batched,cuda,1024,3,9,0,1,2,toy5_gpu_core_neural_output_average_batched_1024_cuda_repeat00,1,neural_policy,output_average,sample_revision_mask,1.6211066395044327e-05
toy5,neural_output_average,batched,batched,cuda,1024,3,9,0,1,2,toy5_gpu_core_neural_output_average_batched_1024_cuda_repeat00,1,neural_policy,output_average,build_step_context,0.002557463012635708
toy5,neural_output_average,batched,batched,cuda,1024,3,9,0,1,2,toy5_gpu_core_neural_output_average_batched_1024_cuda_repeat00,1,neural_policy,output_average,build_observations,0.004090131958946586
toy5,neural_output_average,batched,batched,cuda,1024,3,9,0,1,2,toy5_gpu_core_neural_output_average_batched_1024_cuda_repeat00,1,neural_policy,output_average,policy_readout,0.00066711800172925
toy5,neural_output_average,batched,batched,cuda,1024,3,9,0,1,2,toy5_gpu_core_neural_output_average_batched_1024_cuda_repeat00,1,neural_policy,output_average,decision_selection,0.0008141049183905125
toy5,neural_output_average,batched,batched,cuda,1024,3,9,0,1,2,toy5_gpu_core_neural_output_average_batched_1024_cuda_repeat00,1,neural_policy,output_average,local_trainable_parameters,7.402000483125448e-05
toy5,neural_output_average,batched,batched,cuda,1024,3,9,0,1,2,toy5_gpu_core_neural_output_average_batched_1024_cuda_repeat00,1,neural_policy,output_average,local_loss_forward,0.0009423169540241361
toy5,neural_output_average,batched,batched,cuda,1024,3,9,0,1,2,toy5_gpu_core_neural_output_average_batched_1024_cuda_repeat00,1,neural_policy,output_average,local_optimizer_update,0.01736129494383931
toy5,neural_output_average,batched,batched,cuda,1024,3,9,0,1,2,toy5_gpu_core_neural_output_average_batched_1024_cuda_repeat00,1,neural_policy,output_average,local_loss_update,0.1636682969983667
toy5,neural_output_average,batched,batched,cuda,1024,3,9,0,1,2,toy5_gpu_core_neural_output_average_batched_1024_cuda_repeat00,1,neural_policy,output_average,local_training,0.16380953206680715
toy5,neural_output_average,batched,batched,cuda,1024,3,9,0,1,2,toy5_gpu_core_neural_output_average_batched_1024_cuda_repeat00,1,neural_policy,output_average,cache_refresh,1.7141923308372498e-05
toy5,neural_output_average,batched,batched,cuda,1024,3,9,0,1,2,toy5_gpu_core_neural_output_average_batched_1024_cuda_repeat00,1,neural_policy,output_average,post_local_readout,0.00027046992909163237
toy5,neural_output_average,batched,batched,cuda,1024,3,9,0,1,2,toy5_gpu_core_neural_output_average_batched_1024_cuda_repeat00,1,neural_policy,output_average,local_step,0.17012335802428424
toy5,neural_output_average,batched,batched,cuda,1024,3,9,0,1,2,toy5_gpu_core_neural_output_average_batched_1024_cuda_repeat00,1,neural_policy,output_average,select_peers,0.00014101597480475903
toy5,neural_output_average,batched,batched,cuda,1024,3,9,0,1,2,toy5_gpu_core_neural_output_average_batched_1024_cuda_repeat00,1,neural_policy,output_average,social_trainable_parameters,6.948108784854412e-05
toy5,neural_output_average,batched,batched,cuda,1024,3,9,0,1,2,toy5_gpu_core_neural_output_average_batched_1024_cuda_repeat00,1,neural_policy,output_average,social_mix,0.000894776894710958
toy5,neural_output_average,batched,batched,cuda,1024,3,9,0,1,2,toy5_gpu_core_neural_output_average_batched_1024_cuda_repeat00,1,neural_policy,output_average,social_loss_forward,0.00025451998226344585
toy5,neural_output_average,batched,batched,cuda,1024,3,9,0,1,2,toy5_gpu_core_neural_output_average_batched_1024_cuda_repeat00,1,neural_policy,output_average,social_optimizer_update,0.08167996804695576
toy5,neural_output_average,batched,batched,cuda,1024,3,9,0,1,2,toy5_gpu_core_neural_output_average_batched_1024_cuda_repeat00,1,neural_policy,output_average,social_loss_update,0.08298353501595557
toy5,neural_output_average,batched,batched,cuda,1024,3,9,0,1,2,toy5_gpu_core_neural_output_average_batched_1024_cuda_repeat00,1,neural_policy,output_average,social_distillation,0.08386380597949028
toy5,neural_output_average,batched,batched,cuda,1024,3,9,0,1,2,toy5_gpu_core_neural_output_average_batched_1024_cuda_repeat00,1,neural_policy,output_average,social_step,0.08390477206557989
toy5,neural_output_average,batched,batched,cuda,1024,3,9,0,1,2,toy5_gpu_core_neural_output_average_batched_1024_cuda_repeat00,1,neural_policy,output_average,sample_actions,1.2213014997541904e-05
toy5,neural_output_average,batched,batched,cuda,1024,3,9,0,1,2,toy5_gpu_core_neural_output_average_batched_1024_cuda_repeat00,1,neural_policy,output_average,commit_actions,0.0001261279685422778
toy5,neural_output_average,batched,batched,cuda,1024,3,9,0,1,2,toy5_gpu_core_neural_output_average_batched_1024_cuda_repeat00,1,neural_policy,output_average,post_step_state_policy,4.324200563132763e-05
toy5,neural_output_average,batched,batched,cuda,1024,3,9,0,1,2,toy5_gpu_core_neural_output_average_batched_1024_cuda_repeat00,1,neural_policy,output_average,update_reputation_ema,7.092405576258898e-05
toy5,neural_output_average,batched,batched,cuda,1024,3,9,0,1,2,toy5_gpu_core_neural_output_average_batched_1024_cuda_repeat00,1,neural_policy,output_average,finalize_hook_step,1.1352007277309895e-05
toy5,neural_output_average,batched,batched,cuda,1024,3,9,0,1,2,toy5_gpu_core_neural_output_average_batched_1024_cuda_repeat00,1,neural_policy,output_average,hooked_step_total,0.25968716002535075
toy5,neural_output_average,batched,batched,cuda,1024,3,9,0,1,2,toy5_gpu_core_neural_output_average_batched_1024_cuda_repeat00,1,neural_policy,output_average,aggregate_row,0.010900383000262082
toy5,neural_output_average,batched,batched,cuda,1024,3,9,0,1,2,toy5_gpu_core_neural_output_average_batched_1024_cuda_repeat00,1,neural_policy,output_average,write_aggregate,6.586394738405943e-05
toy5,neural_output_average,batched,batched,cuda,1024,3,9,0,1,2,toy5_gpu_core_neural_output_average_batched_1024_cuda_repeat00,2,neural_policy,output_average,sample_revision_mask,1.4257035218179226e-05
toy5,neural_output_average,batched,batched,cuda,1024,3,9,0,1,2,toy5_gpu_core_neural_output_average_batched_1024_cuda_repeat00,2,neural_policy,output_average,build_step_context,0.0025311619974672794
toy5,neural_output_average,batched,batched,cuda,1024,3,9,0,1,2,toy5_gpu_core_neural_output_average_batched_1024_cuda_repeat00,2,neural_policy,output_average,build_observations,0.003954496001824737
toy5,neural_output_average,batched,batched,cuda,1024,3,9,0,1,2,toy5_gpu_core_neural_output_average_batched_1024_cuda_repeat00,2,neural_policy,output_average,policy_readout,0.00023785897064954042
toy5,neural_output_average,batched,batched,cuda,1024,3,9,0,1,2,toy5_gpu_core_neural_output_average_batched_1024_cuda_repeat00,2,neural_policy,output_average,decision_selection,0.000584883033297956
toy5,neural_output_average,batched,batched,cuda,1024,3,9,0,1,2,toy5_gpu_core_neural_output_average_batched_1024_cuda_repeat00,2,neural_policy,output_average,local_trainable_parameters,7.149402517825365e-05
toy5,neural_output_average,batched,batched,cuda,1024,3,9,0,1,2,toy5_gpu_core_neural_output_average_batched_1024_cuda_repeat00,2,neural_policy,output_average,local_loss_forward,0.0005060839466750622
toy5,neural_output_average,batched,batched,cuda,1024,3,9,0,1,2,toy5_gpu_core_neural_output_average_batched_1024_cuda_repeat00,2,neural_policy,output_average,local_optimizer_update,0.012658908031880856
toy5,neural_output_average,batched,batched,cuda,1024,3,9,0,1,2,toy5_gpu_core_neural_output_average_batched_1024_cuda_repeat00,2,neural_policy,output_average,local_loss_update,0.013289497001096606
toy5,neural_output_average,batched,batched,cuda,1024,3,9,0,1,2,toy5_gpu_core_neural_output_average_batched_1024_cuda_repeat00,2,neural_policy,output_average,local_training,0.013409062987193465
toy5,neural_output_average,batched,batched,cuda,1024,3,9,0,1,2,toy5_gpu_core_neural_output_average_batched_1024_cuda_repeat00,2,neural_policy,output_average,cache_refresh,1.3676006346940994e-05
toy5,neural_output_average,batched,batched,cuda,1024,3,9,0,1,2,toy5_gpu_core_neural_output_average_batched_1024_cuda_repeat00,2,neural_policy,output_average,post_local_readout,0.00018147204536944628
toy5,neural_output_average,batched,batched,cuda,1024,3,9,0,1,2,toy5_gpu_core_neural_output_average_batched_1024_cuda_repeat00,2,neural_policy,output_average,local_step,0.01873518491629511
toy5,neural_output_average,batched,batched,cuda,1024,3,9,0,1,2,toy5_gpu_core_neural_output_average_batched_1024_cuda_repeat00,2,neural_policy,output_average,select_peers,0.0012814770452678204
toy5,neural_output_average,batched,batched,cuda,1024,3,9,0,1,2,toy5_gpu_core_neural_output_average_batched_1024_cuda_repeat00,2,neural_policy,output_average,social_trainable_parameters,0.0009210569551214576
toy5,neural_output_average,batched,batched,cuda,1024,3,9,0,1,2,toy5_gpu_core_neural_output_average_batched_1024_cuda_repeat00,2,neural_policy,output_average,social_mix,0.0036912199575453997
toy5,neural_output_average,batched,batched,cuda,1024,3,9,0,1,2,toy5_gpu_core_neural_output_average_batched_1024_cuda_repeat00,2,neural_policy,output_average,social_loss_forward,0.0002607320202514529
toy5,neural_output_average,batched,batched,cuda,1024,3,9,0,1,2,toy5_gpu_core_neural_output_average_batched_1024_cuda_repeat00,2,neural_policy,output_average,social_optimizer_update,0.08225996093824506
toy5,neural_output_average,batched,batched,cuda,1024,3,9,0,1,2,toy5_gpu_core_neural_output_average_batched_1024_cuda_repeat00,2,neural_policy,output_average,social_loss_update,0.08638545998837799
toy5,neural_output_average,batched,batched,cuda,1024,3,9,0,1,2,toy5_gpu_core_neural_output_average_batched_1024_cuda_repeat00,2,neural_policy,output_average,social_distillation,0.08822011901065707
toy5,neural_output_average,batched,batched,cuda,1024,3,9,0,1,2,toy5_gpu_core_neural_output_average_batched_1024_cuda_repeat00,2,neural_policy,output_average,social_step,0.08825924200937152
toy5,neural_output_average,batched,batched,cuda,1024,3,9,0,1,2,toy5_gpu_core_neural_output_average_batched_1024_cuda_repeat00,2,neural_policy,output_average,sample_actions,9.919051080942154e-06
toy5,neural_output_average,batched,batched,cuda,1024,3,9,0,1,2,toy5_gpu_core_neural_output_average_batched_1024_cuda_repeat00,2,neural_policy,output_average,commit_actions,5.9142010286450386e-05
toy5,neural_output_average,batched,batched,cuda,1024,3,9,0,1,2,toy5_gpu_core_neural_output_average_batched_1024_cuda_repeat00,2,neural_policy,output_average,post_step_state_policy,2.2332998923957348e-05
toy5,neural_output_average,batched,batched,cuda,1024,3,9,0,1,2,toy5_gpu_core_neural_output_average_batched_1024_cuda_repeat00,2,neural_policy,output_average,update_reputation_ema,2.8323964215815067e-05
toy5,neural_output_average,batched,batched,cuda,1024,3,9,0,1,2,toy5_gpu_core_neural_output_average_batched_1024_cuda_repeat00,2,neural_policy,output_average,finalize_hook_step,7.5339339673519135e-06
toy5,neural_output_average,batched,batched,cuda,1024,3,9,0,1,2,toy5_gpu_core_neural_output_average_batched_1024_cuda_repeat00,2,neural_policy,output_average,hooked_step_total,0.11200033698696643
toy5,neural_output_average,batched,batched,cuda,1024,3,9,0,1,2,toy5_gpu_core_neural_output_average_batched_1024_cuda_repeat00,2,neural_policy,output_average,aggregate_row,0.010672032018192112
toy5,neural_output_average,batched,batched,cuda,1024,3,9,0,1,2,toy5_gpu_core_neural_output_average_batched_1024_cuda_repeat00,2,neural_policy,output_average,write_aggregate,6.289803422987461e-05
toy5,neural_output_average,batched,batched,cuda,1024,3,9,0,1,2,toy5_gpu_core_neural_output_average_batched_1024_cuda_repeat00,3,neural_policy,output_average,sample_revision_mask,1.983798574656248e-05
toy5,neural_output_average,batched,batched,cuda,1024,3,9,0,1,2,toy5_gpu_core_neural_output_average_batched_1024_cuda_repeat00,3,neural_policy,output_average,build_step_context,0.0026918950024992228
toy5,neural_output_average,batched,batched,cuda,1024,3,9,0,1,2,toy5_gpu_core_neural_output_average_batched_1024_cuda_repeat00,3,neural_policy,output_average,build_observations,0.004056948935613036
toy5,neural_output_average,batched,batched,cuda,1024,3,9,0,1,2,toy5_gpu_core_neural_output_average_batched_1024_cuda_repeat00,3,neural_policy,output_average,policy_readout,0.0002885939320549369
toy5,neural_output_average,batched,batched,cuda,1024,3,9,0,1,2,toy5_gpu_core_neural_output_average_batched_1024_cuda_repeat00,3,neural_policy,output_average,decision_selection,0.0004662189166992903
toy5,neural_output_average,batched,batched,cuda,1024,3,9,0,1,2,toy5_gpu_core_neural_output_average_batched_1024_cuda_repeat00,3,neural_policy,output_average,local_trainable_parameters,8.132297080010176e-05
toy5,neural_output_average,batched,batched,cuda,1024,3,9,0,1,2,toy5_gpu_core_neural_output_average_batched_1024_cuda_repeat00,3,neural_policy,output_average,local_loss_forward,0.0007640511030331254
toy5,neural_output_average,batched,batched,cuda,1024,3,9,0,1,2,toy5_gpu_core_neural_output_average_batched_1024_cuda_repeat00,3,neural_policy,output_average,local_optimizer_update,0.013923152000643313
toy5,neural_output_average,batched,batched,cuda,1024,3,9,0,1,2,toy5_gpu_core_neural_output_average_batched_1024_cuda_repeat00,3,neural_policy,output_average,local_loss_update,0.014831564971245825
toy5,neural_output_average,batched,batched,cuda,1024,3,9,0,1,2,toy5_gpu_core_neural_output_average_batched_1024_cuda_repeat00,3,neural_policy,output_average,local_training,0.014959987020120025
toy5,neural_output_average,batched,batched,cuda,1024,3,9,0,1,2,toy5_gpu_core_neural_output_average_batched_1024_cuda_repeat00,3,neural_policy,output_average,cache_refresh,1.079996582120657e-05
toy5,neural_output_average,batched,batched,cuda,1024,3,9,0,1,2,toy5_gpu_core_neural_output_average_batched_1024_cuda_repeat00,3,neural_policy,output_average,post_local_readout,0.00017543102148920298
toy5,neural_output_average,batched,batched,cuda,1024,3,9,0,1,2,toy5_gpu_core_neural_output_average_batched_1024_cuda_repeat00,3,neural_policy,output_average,local_step,0.02038445498328656
toy5,neural_output_average,batched,batched,cuda,1024,3,9,0,1,2,toy5_gpu_core_neural_output_average_batched_1024_cuda_repeat00,3,neural_policy,output_average,select_peers,0.00011783209629356861
toy5,neural_output_average,batched,batched,cuda,1024,3,9,0,1,2,toy5_gpu_core_neural_output_average_batched_1024_cuda_repeat00,3,neural_policy,output_average,social_trainable_parameters,5.627598147839308e-05
toy5,neural_output_average,batched,batched,cuda,1024,3,9,0,1,2,toy5_gpu_core_neural_output_average_batched_1024_cuda_repeat00,3,neural_policy,output_average,social_mix,0.0008217490976676345
toy5,neural_output_average,batched,batched,cuda,1024,3,9,0,1,2,toy5_gpu_core_neural_output_average_batched_1024_cuda_repeat00,3,neural_policy,output_average,social_loss_forward,0.00019717204850167036
toy5,neural_output_average,batched,batched,cuda,1024,3,9,0,1,2,toy5_gpu_core_neural_output_average_batched_1024_cuda_repeat00,3,neural_policy,output_average,social_optimizer_update,0.08134204102680087
toy5,neural_output_average,batched,batched,cuda,1024,3,9,0,1,2,toy5_gpu_core_neural_output_average_batched_1024_cuda_repeat00,3,neural_policy,output_average,social_loss_update,0.08251702599227428
toy5,neural_output_average,batched,batched,cuda,1024,3,9,0,1,2,toy5_gpu_core_neural_output_average_batched_1024_cuda_repeat00,3,neural_policy,output_average,social_distillation,0.08341315493453294
toy5,neural_output_average,batched,batched,cuda,1024,3,9,0,1,2,toy5_gpu_core_neural_output_average_batched_1024_cuda_repeat00,3,neural_policy,output_average,social_step,0.08344678906723857
toy5,neural_output_average,batched,batched,cuda,1024,3,9,0,1,2,toy5_gpu_core_neural_output_average_batched_1024_cuda_repeat00,3,neural_policy,output_average,sample_actions,7.32403714209795e-06
toy5,neural_output_average,batched,batched,cuda,1024,3,9,0,1,2,toy5_gpu_core_neural_output_average_batched_1024_cuda_repeat00,3,neural_policy,output_average,commit_actions,5.499401595443487e-05
toy5,neural_output_average,batched,batched,cuda,1024,3,9,0,1,2,toy5_gpu_core_neural_output_average_batched_1024_cuda_repeat00,3,neural_policy,output_average,post_step_state_policy,1.911597792059183e-05
toy5,neural_output_average,batched,batched,cuda,1024,3,9,0,1,2,toy5_gpu_core_neural_output_average_batched_1024_cuda_repeat00,3,neural_policy,output_average,update_reputation_ema,3.252096939831972e-05
toy5,neural_output_average,batched,batched,cuda,1024,3,9,0,1,2,toy5_gpu_core_neural_output_average_batched_1024_cuda_repeat00,3,neural_policy,output_average,finalize_hook_step,7.694005034863949e-06
toy5,neural_output_average,batched,batched,cuda,1024,3,9,0,1,2,toy5_gpu_core_neural_output_average_batched_1024_cuda_repeat00,3,neural_policy,output_average,hooked_step_total,0.1077977119712159
toy5,neural_output_average,batched,batched,cuda,1024,3,9,0,1,2,toy5_gpu_core_neural_output_average_batched_1024_cuda_repeat00,3,neural_policy,output_average,aggregate_row,0.011260212049819529
toy5,neural_output_average,batched,batched,cuda,1024,3,9,0,1,2,toy5_gpu_core_neural_output_average_batched_1024_cuda_repeat00,3,neural_policy,output_average,write_aggregate,5.966296885162592e-05
toy5,neural_output_average,batched,batched,cuda,1024,3,9,1,1,2,toy5_gpu_core_neural_output_average_batched_1024_cuda_repeat01,0,neural_policy,output_average,make_run_dir,0.0003427470801398158
toy5,neural_output_average,batched,batched,cuda,1024,3,9,1,1,2,toy5_gpu_core_neural_output_average_batched_1024_cuda_repeat01,0,neural_policy,output_average,write_metadata,0.002257797052152455
toy5,neural_output_average,batched,batched,cuda,1024,3,9,1,1,2,toy5_gpu_core_neural_output_average_batched_1024_cuda_repeat01,0,neural_policy,output_average,initial_state,0.6909234810154885
toy5,neural_output_average,batched,batched,cuda,1024,3,9,1,1,2,toy5_gpu_core_neural_output_average_batched_1024_cuda_repeat01,0,neural_policy,output_average,writer_setup,0.000435421010479331
toy5,neural_output_average,batched,batched,cuda,1024,3,9,1,1,2,toy5_gpu_core_neural_output_average_batched_1024_cuda_repeat01,0,neural_policy,output_average,initial_step_result,0.002188927959650755
toy5,neural_output_average,batched,batched,cuda,1024,3,9,1,1,2,toy5_gpu_core_neural_output_average_batched_1024_cuda_repeat01,0,neural_policy,output_average,initial_aggregate_row,0.00919808296021074
toy5,neural_output_average,batched,batched,cuda,1024,3,9,1,1,2,toy5_gpu_core_neural_output_average_batched_1024_cuda_repeat01,0,neural_policy,output_average,write_initial_aggregate,3.835198003798723e-05
toy5,neural_output_average,batched,batched,cuda,1024,3,9,1,1,2,toy5_gpu_core_neural_output_average_batched_1024_cuda_repeat01,1,neural_policy,output_average,sample_revision_mask,1.5228986740112305e-05
toy5,neural_output_average,batched,batched,cuda,1024,3,9,1,1,2,toy5_gpu_core_neural_output_average_batched_1024_cuda_repeat01,1,neural_policy,output_average,build_step_context,0.002595474012196064
toy5,neural_output_average,batched,batched,cuda,1024,3,9,1,1,2,toy5_gpu_core_neural_output_average_batched_1024_cuda_repeat01,1,neural_policy,output_average,build_observations,0.004041499923914671
toy5,neural_output_average,batched,batched,cuda,1024,3,9,1,1,2,toy5_gpu_core_neural_output_average_batched_1024_cuda_repeat01,1,neural_policy,output_average,policy_readout,0.00065834098495543
toy5,neural_output_average,batched,batched,cuda,1024,3,9,1,1,2,toy5_gpu_core_neural_output_average_batched_1024_cuda_repeat01,1,neural_policy,output_average,decision_selection,0.0008585989708080888
toy5,neural_output_average,batched,batched,cuda,1024,3,9,1,1,2,toy5_gpu_core_neural_output_average_batched_1024_cuda_repeat01,1,neural_policy,output_average,local_trainable_parameters,7.646391168236732e-05
toy5,neural_output_average,batched,batched,cuda,1024,3,9,1,1,2,toy5_gpu_core_neural_output_average_batched_1024_cuda_repeat01,1,neural_policy,output_average,local_loss_forward,0.0011740130139514804
toy5,neural_output_average,batched,batched,cuda,1024,3,9,1,1,2,toy5_gpu_core_neural_output_average_batched_1024_cuda_repeat01,1,neural_policy,output_average,local_optimizer_update,0.016465936903841794
toy5,neural_output_average,batched,batched,cuda,1024,3,9,1,1,2,toy5_gpu_core_neural_output_average_batched_1024_cuda_repeat01,1,neural_policy,output_average,local_loss_update,0.1828193289693445
toy5,neural_output_average,batched,batched,cuda,1024,3,9,1,1,2,toy5_gpu_core_neural_output_average_batched_1024_cuda_repeat01,1,neural_policy,output_average,local_training,0.18294703995343298
toy5,neural_output_average,batched,batched,cuda,1024,3,9,1,1,2,toy5_gpu_core_neural_output_average_batched_1024_cuda_repeat01,1,neural_policy,output_average,cache_refresh,1.6490928828716278e-05
toy5,neural_output_average,batched,batched,cuda,1024,3,9,1,1,2,toy5_gpu_core_neural_output_average_batched_1024_cuda_repeat01,1,neural_policy,output_average,post_local_readout,0.00024518196005374193
toy5,neural_output_average,batched,batched,cuda,1024,3,9,1,1,2,toy5_gpu_core_neural_output_average_batched_1024_cuda_repeat01,1,neural_policy,output_average,local_step,0.18913697195239365
toy5,neural_output_average,batched,batched,cuda,1024,3,9,1,1,2,toy5_gpu_core_neural_output_average_batched_1024_cuda_repeat01,1,neural_policy,output_average,select_peers,0.00012697000056505203
toy5,neural_output_average,batched,batched,cuda,1024,3,9,1,1,2,toy5_gpu_core_neural_output_average_batched_1024_cuda_repeat01,1,neural_policy,output_average,social_trainable_parameters,6.170605774968863e-05
toy5,neural_output_average,batched,batched,cuda,1024,3,9,1,1,2,toy5_gpu_core_neural_output_average_batched_1024_cuda_repeat01,1,neural_policy,output_average,social_mix,0.0008953380165621638
toy5,neural_output_average,batched,batched,cuda,1024,3,9,1,1,2,toy5_gpu_core_neural_output_average_batched_1024_cuda_repeat01,1,neural_policy,output_average,social_loss_forward,0.0003220470389351249
toy5,neural_output_average,batched,batched,cuda,1024,3,9,1,1,2,toy5_gpu_core_neural_output_average_batched_1024_cuda_repeat01,1,neural_policy,output_average,social_optimizer_update,0.08213148999493569
toy5,neural_output_average,batched,batched,cuda,1024,3,9,1,1,2,toy5_gpu_core_neural_output_average_batched_1024_cuda_repeat01,1,neural_policy,output_average,social_loss_update,0.08352483797352761
toy5,neural_output_average,batched,batched,cuda,1024,3,9,1,1,2,toy5_gpu_core_neural_output_average_batched_1024_cuda_repeat01,1,neural_policy,output_average,social_distillation,0.08450314309448004
toy5,neural_output_average,batched,batched,cuda,1024,3,9,1,1,2,toy5_gpu_core_neural_output_average_batched_1024_cuda_repeat01,1,neural_policy,output_average,social_step,0.08453790796920657
toy5,neural_output_average,batched,batched,cuda,1024,3,9,1,1,2,toy5_gpu_core_neural_output_average_batched_1024_cuda_repeat01,1,neural_policy,output_average,sample_actions,7.434049621224403e-06
toy5,neural_output_average,batched,batched,cuda,1024,3,9,1,1,2,toy5_gpu_core_neural_output_average_batched_1024_cuda_repeat01,1,neural_policy,output_average,commit_actions,6.370001938194036e-05
toy5,neural_output_average,batched,batched,cuda,1024,3,9,1,1,2,toy5_gpu_core_neural_output_average_batched_1024_cuda_repeat01,1,neural_policy,output_average,post_step_state_policy,2.3073982447385788e-05
toy5,neural_output_average,batched,batched,cuda,1024,3,9,1,1,2,toy5_gpu_core_neural_output_average_batched_1024_cuda_repeat01,1,neural_policy,output_average,update_reputation_ema,3.957503940910101e-05
toy5,neural_output_average,batched,batched,cuda,1024,3,9,1,1,2,toy5_gpu_core_neural_output_average_batched_1024_cuda_repeat01,1,neural_policy,output_average,finalize_hook_step,8.566072210669518e-06
toy5,neural_output_average,batched,batched,cuda,1024,3,9,1,1,2,toy5_gpu_core_neural_output_average_batched_1024_cuda_repeat01,1,neural_policy,output_average,hooked_step_total,0.2778366970596835
toy5,neural_output_average,batched,batched,cuda,1024,3,9,1,1,2,toy5_gpu_core_neural_output_average_batched_1024_cuda_repeat01,1,neural_policy,output_average,aggregate_row,0.010725953965447843
toy5,neural_output_average,batched,batched,cuda,1024,3,9,1,1,2,toy5_gpu_core_neural_output_average_batched_1024_cuda_repeat01,1,neural_policy,output_average,write_aggregate,6.031396333128214e-05
toy5,neural_output_average,batched,batched,cuda,1024,3,9,1,1,2,toy5_gpu_core_neural_output_average_batched_1024_cuda_repeat01,2,neural_policy,output_average,sample_revision_mask,1.5098019503057003e-05
toy5,neural_output_average,batched,batched,cuda,1024,3,9,1,1,2,toy5_gpu_core_neural_output_average_batched_1024_cuda_repeat01,2,neural_policy,output_average,build_step_context,0.00266067695338279
toy5,neural_output_average,batched,batched,cuda,1024,3,9,1,1,2,toy5_gpu_core_neural_output_average_batched_1024_cuda_repeat01,2,neural_policy,output_average,build_observations,0.004048503004014492
toy5,neural_output_average,batched,batched,cuda,1024,3,9,1,1,2,toy5_gpu_core_neural_output_average_batched_1024_cuda_repeat01,2,neural_policy,output_average,policy_readout,0.00026567094027996063
toy5,neural_output_average,batched,batched,cuda,1024,3,9,1,1,2,toy5_gpu_core_neural_output_average_batched_1024_cuda_repeat01,2,neural_policy,output_average,decision_selection,0.0005713780410587788
toy5,neural_output_average,batched,batched,cuda,1024,3,9,1,1,2,toy5_gpu_core_neural_output_average_batched_1024_cuda_repeat01,2,neural_policy,output_average,local_trainable_parameters,7.417995948344469e-05
toy5,neural_output_average,batched,batched,cuda,1024,3,9,1,1,2,toy5_gpu_core_neural_output_average_batched_1024_cuda_repeat01,2,neural_policy,output_average,local_loss_forward,0.0005231959512457252
toy5,neural_output_average,batched,batched,cuda,1024,3,9,1,1,2,toy5_gpu_core_neural_output_average_batched_1024_cuda_repeat01,2,neural_policy,output_average,local_optimizer_update,0.012750602094456553
toy5,neural_output_average,batched,batched,cuda,1024,3,9,1,1,2,toy5_gpu_core_neural_output_average_batched_1024_cuda_repeat01,2,neural_policy,output_average,local_loss_update,0.013401540112681687
toy5,neural_output_average,batched,batched,cuda,1024,3,9,1,1,2,toy5_gpu_core_neural_output_average_batched_1024_cuda_repeat01,2,neural_policy,output_average,local_training,0.013520403997972608
toy5,neural_output_average,batched,batched,cuda,1024,3,9,1,1,2,toy5_gpu_core_neural_output_average_batched_1024_cuda_repeat01,2,neural_policy,output_average,cache_refresh,1.7332960851490498e-05
toy5,neural_output_average,batched,batched,cuda,1024,3,9,1,1,2,toy5_gpu_core_neural_output_average_batched_1024_cuda_repeat01,2,neural_policy,output_average,post_local_readout,0.00017264497000724077
toy5,neural_output_average,batched,batched,cuda,1024,3,9,1,1,2,toy5_gpu_core_neural_output_average_batched_1024_cuda_repeat01,2,neural_policy,output_average,local_step,0.019105623941868544
toy5,neural_output_average,batched,batched,cuda,1024,3,9,1,1,2,toy5_gpu_core_neural_output_average_batched_1024_cuda_repeat01,2,neural_policy,output_average,select_peers,0.00012130895629525185
toy5,neural_output_average,batched,batched,cuda,1024,3,9,1,1,2,toy5_gpu_core_neural_output_average_batched_1024_cuda_repeat01,2,neural_policy,output_average,social_trainable_parameters,5.570508074015379e-05
toy5,neural_output_average,batched,batched,cuda,1024,3,9,1,1,2,toy5_gpu_core_neural_output_average_batched_1024_cuda_repeat01,2,neural_policy,output_average,social_mix,0.0008769530104473233
toy5,neural_output_average,batched,batched,cuda,1024,3,9,1,1,2,toy5_gpu_core_neural_output_average_batched_1024_cuda_repeat01,2,neural_policy,output_average,social_loss_forward,0.00022131693549454212
toy5,neural_output_average,batched,batched,cuda,1024,3,9,1,1,2,toy5_gpu_core_neural_output_average_batched_1024_cuda_repeat01,2,neural_policy,output_average,social_optimizer_update,0.0791366450721398
toy5,neural_output_average,batched,batched,cuda,1024,3,9,1,1,2,toy5_gpu_core_neural_output_average_batched_1024_cuda_repeat01,2,neural_policy,output_average,social_loss_update,0.08040853403508663
toy5,neural_output_average,batched,batched,cuda,1024,3,9,1,1,2,toy5_gpu_core_neural_output_average_batched_1024_cuda_repeat01,2,neural_policy,output_average,social_distillation,0.08163601800333709
toy5,neural_output_average,batched,batched,cuda,1024,3,9,1,1,2,toy5_gpu_core_neural_output_average_batched_1024_cuda_repeat01,2,neural_policy,output_average,social_step,0.08167886908631772
toy5,neural_output_average,batched,batched,cuda,1024,3,9,1,1,2,toy5_gpu_core_neural_output_average_batched_1024_cuda_repeat01,2,neural_policy,output_average,sample_actions,7.97503162175417e-06
toy5,neural_output_average,batched,batched,cuda,1024,3,9,1,1,2,toy5_gpu_core_neural_output_average_batched_1024_cuda_repeat01,2,neural_policy,output_average,commit_actions,5.509390030056238e-05
toy5,neural_output_average,batched,batched,cuda,1024,3,9,1,1,2,toy5_gpu_core_neural_output_average_batched_1024_cuda_repeat01,2,neural_policy,output_average,post_step_state_policy,2.0798994228243828e-05
toy5,neural_output_average,batched,batched,cuda,1024,3,9,1,1,2,toy5_gpu_core_neural_output_average_batched_1024_cuda_repeat01,2,neural_policy,output_average,update_reputation_ema,3.174995072185993e-05
toy5,neural_output_average,batched,batched,cuda,1024,3,9,1,1,2,toy5_gpu_core_neural_output_average_batched_1024_cuda_repeat01,2,neural_policy,output_average,finalize_hook_step,8.506001904606819e-06
toy5,neural_output_average,batched,batched,cuda,1024,3,9,1,1,2,toy5_gpu_core_neural_output_average_batched_1024_cuda_repeat01,2,neural_policy,output_average,hooked_step_total,0.10489897103980184
toy5,neural_output_average,batched,batched,cuda,1024,3,9,1,1,2,toy5_gpu_core_neural_output_average_batched_1024_cuda_repeat01,2,neural_policy,output_average,aggregate_row,0.011442165006883442
toy5,neural_output_average,batched,batched,cuda,1024,3,9,1,1,2,toy5_gpu_core_neural_output_average_batched_1024_cuda_repeat01,2,neural_policy,output_average,write_aggregate,5.536398384720087e-05
toy5,neural_output_average,batched,batched,cuda,1024,3,9,1,1,2,toy5_gpu_core_neural_output_average_batched_1024_cuda_repeat01,3,neural_policy,output_average,sample_revision_mask,1.790409442037344e-05
toy5,neural_output_average,batched,batched,cuda,1024,3,9,1,1,2,toy5_gpu_core_neural_output_average_batched_1024_cuda_repeat01,3,neural_policy,output_average,build_step_context,0.002715490059927106
toy5,neural_output_average,batched,batched,cuda,1024,3,9,1,1,2,toy5_gpu_core_neural_output_average_batched_1024_cuda_repeat01,3,neural_policy,output_average,build_observations,0.004076886922121048
toy5,neural_output_average,batched,batched,cuda,1024,3,9,1,1,2,toy5_gpu_core_neural_output_average_batched_1024_cuda_repeat01,3,neural_policy,output_average,policy_readout,0.00024727697018533945
toy5,neural_output_average,batched,batched,cuda,1024,3,9,1,1,2,toy5_gpu_core_neural_output_average_batched_1024_cuda_repeat01,3,neural_policy,output_average,decision_selection,0.00043171399738639593
toy5,neural_output_average,batched,batched,cuda,1024,3,9,1,1,2,toy5_gpu_core_neural_output_average_batched_1024_cuda_repeat01,3,neural_policy,output_average,local_trainable_parameters,7.684493903070688e-05
toy5,neural_output_average,batched,batched,cuda,1024,3,9,1,1,2,toy5_gpu_core_neural_output_average_batched_1024_cuda_repeat01,3,neural_policy,output_average,local_loss_forward,0.0005089499754831195
toy5,neural_output_average,batched,batched,cuda,1024,3,9,1,1,2,toy5_gpu_core_neural_output_average_batched_1024_cuda_repeat01,3,neural_policy,output_average,local_optimizer_update,0.015601416933350265
toy5,neural_output_average,batched,batched,cuda,1024,3,9,1,1,2,toy5_gpu_core_neural_output_average_batched_1024_cuda_repeat01,3,neural_policy,output_average,local_loss_update,0.016240442055277526
toy5,neural_output_average,batched,batched,cuda,1024,3,9,1,1,2,toy5_gpu_core_neural_output_average_batched_1024_cuda_repeat01,3,neural_policy,output_average,local_training,0.016360678942874074
toy5,neural_output_average,batched,batched,cuda,1024,3,9,1,1,2,toy5_gpu_core_neural_output_average_batched_1024_cuda_repeat01,3,neural_policy,output_average,cache_refresh,1.1350959539413452e-05
toy5,neural_output_average,batched,batched,cuda,1024,3,9,1,1,2,toy5_gpu_core_neural_output_average_batched_1024_cuda_repeat01,3,neural_policy,output_average,post_local_readout,0.000253638019785285
toy5,neural_output_average,batched,batched,cuda,1024,3,9,1,1,2,toy5_gpu_core_neural_output_average_batched_1024_cuda_repeat01,3,neural_policy,output_average,local_step,0.021849888958968222
toy5,neural_output_average,batched,batched,cuda,1024,3,9,1,1,2,toy5_gpu_core_neural_output_average_batched_1024_cuda_repeat01,3,neural_policy,output_average,select_peers,0.00012454495299607515
toy5,neural_output_average,batched,batched,cuda,1024,3,9,1,1,2,toy5_gpu_core_neural_output_average_batched_1024_cuda_repeat01,3,neural_policy,output_average,social_trainable_parameters,5.6465971283614635e-05
toy5,neural_output_average,batched,batched,cuda,1024,3,9,1,1,2,toy5_gpu_core_neural_output_average_batched_1024_cuda_repeat01,3,neural_policy,output_average,social_mix,0.000886601977981627
toy5,neural_output_average,batched,batched,cuda,1024,3,9,1,1,2,toy5_gpu_core_neural_output_average_batched_1024_cuda_repeat01,3,neural_policy,output_average,social_loss_forward,0.00022354093380272388
toy5,neural_output_average,batched,batched,cuda,1024,3,9,1,1,2,toy5_gpu_core_neural_output_average_batched_1024_cuda_repeat01,3,neural_policy,output_average,social_optimizer_update,0.07516244193539023
toy5,neural_output_average,batched,batched,cuda,1024,3,9,1,1,2,toy5_gpu_core_neural_output_average_batched_1024_cuda_repeat01,3,neural_policy,output_average,social_loss_update,0.07642696599941701
toy5,neural_output_average,batched,batched,cuda,1024,3,9,1,1,2,toy5_gpu_core_neural_output_average_batched_1024_cuda_repeat01,3,neural_policy,output_average,social_distillation,0.07729477295652032
toy5,neural_output_average,batched,batched,cuda,1024,3,9,1,1,2,toy5_gpu_core_neural_output_average_batched_1024_cuda_repeat01,3,neural_policy,output_average,social_step,0.07732929789926857
toy5,neural_output_average,batched,batched,cuda,1024,3,9,1,1,2,toy5_gpu_core_neural_output_average_batched_1024_cuda_repeat01,3,neural_policy,output_average,sample_actions,7.673981599509716e-06
toy5,neural_output_average,batched,batched,cuda,1024,3,9,1,1,2,toy5_gpu_core_neural_output_average_batched_1024_cuda_repeat01,3,neural_policy,output_average,commit_actions,5.357095506042242e-05
toy5,neural_output_average,batched,batched,cuda,1024,3,9,1,1,2,toy5_gpu_core_neural_output_average_batched_1024_cuda_repeat01,3,neural_policy,output_average,post_step_state_policy,2.936495002359152e-05
toy5,neural_output_average,batched,batched,cuda,1024,3,9,1,1,2,toy5_gpu_core_neural_output_average_batched_1024_cuda_repeat01,3,neural_policy,output_average,update_reputation_ema,3.22909327223897e-05
toy5,neural_output_average,batched,batched,cuda,1024,3,9,1,1,2,toy5_gpu_core_neural_output_average_batched_1024_cuda_repeat01,3,neural_policy,output_average,finalize_hook_step,7.083057425916195e-06
toy5,neural_output_average,batched,batched,cuda,1024,3,9,1,1,2,toy5_gpu_core_neural_output_average_batched_1024_cuda_repeat01,3,neural_policy,output_average,hooked_step_total,0.10323443298693746
toy5,neural_output_average,batched,batched,cuda,1024,3,9,1,1,2,toy5_gpu_core_neural_output_average_batched_1024_cuda_repeat01,3,neural_policy,output_average,aggregate_row,0.011729637044481933
toy5,neural_output_average,batched,batched,cuda,1024,3,9,1,1,2,toy5_gpu_core_neural_output_average_batched_1024_cuda_repeat01,3,neural_policy,output_average,write_aggregate,5.8540026657283306e-05
